# SCEC TPV102 free-surface time series
# problem=TPV102
# author=Tatva validation workflow
# date=2026-08-26
# code=Tatva
# code_version=TPV102-validation-1
# element_size=100 m
# time_step=5.000000000000e-03
# internal_time_step=1.000000000000e-03
# num_time_steps=3001
# location=9 km off fault (near side), 0 km along strike, 0 km depth
# Column #1 = Time (s)
# Column #2 = horizontal displacement, parallel to fault (m)
# Column #3 = horizontal velocity, parallel to fault (m/s)
# Column #4 = vertical displacement, positive downward (m)
# Column #5 = vertical velocity, positive downward (m/s)
# Column #6 = normal displacement, positive toward far side (m)
# Column #7 = normal velocity, positive toward far side (m/s)
t h-disp h-vel v-disp v-vel n-disp n-vel
  0.000000000000E+00  -0.000000E+00  -5.000000E-13  -0.000000E+00  -0.000000E+00   0.000000E+00   0.000000E+00
  5.000000000000E-03  -2.500000E-15  -5.000000E-13  -5.952798E-37  -7.656782E-34  -3.921574E-37   2.686235E-34
  1.000000000000E-02  -5.000000E-15  -5.000000E-13  -1.683815E-35  -6.925420E-33  -1.080960E-34  -3.481097E-32
  1.500000000000E-02  -7.500000E-15  -5.000000E-13  -7.866493E-35  -1.849892E-32  -3.236392E-34  -4.828723E-32
  2.000000000000E-02  -1.000000E-14  -5.000000E-13  -2.002099E-34  -2.976687E-32  -5.101023E-34  -2.014561E-32
  2.500000000000E-02  -1.250000E-14  -5.000000E-13  -3.971548E-34  -5.460111E-32  -4.212538E-34   6.397014E-32
  3.000000000000E-02  -1.500000E-14  -5.000000E-13  -8.016459E-34  -1.143193E-31   2.773792E-34   2.393597E-31
  3.500000000000E-02  -1.750000E-14  -5.000000E-13  -1.573956E-33  -1.963083E-31   2.196587E-33   5.244580E-31
  4.000000000000E-02  -2.000000E-14  -5.000000E-13  -2.761637E-33  -2.764863E-31   5.789351E-33   9.309526E-31
  4.500000000000E-02  -2.250000E-14  -5.000000E-13  -4.280600E-33  -3.187796E-31   1.158290E-32   1.410070E-30
  5.000000000000E-02  -2.500000E-14  -5.000000E-13  -5.817524E-33  -2.735695E-31   1.995183E-32   1.974310E-30
  5.500000000000E-02  -2.750000E-14  -5.000000E-13  -6.754875E-33  -6.586994E-32   3.151621E-32   2.656778E-30
  6.000000000000E-02  -3.000000E-14  -5.000000E-13  -6.171314E-33   3.339337E-31   4.665620E-32   3.404190E-30
  6.500000000000E-02  -3.250000E-14  -5.000000E-13  -3.047000E-33   9.635902E-31   6.556968E-32   4.149852E-30
  7.000000000000E-02  -3.500000E-14  -5.000000E-13   3.879601E-33   1.847224E-30   8.794811E-32   4.814857E-30
  7.500000000000E-02  -3.750000E-14  -5.000000E-13   1.570312E-32   2.898247E-30   1.133431E-31   5.343719E-30
  8.000000000000E-02  -4.000000E-14  -5.000000E-13   3.284183E-32   3.943672E-30   1.408680E-31   5.652425E-30
  8.500000000000E-02  -4.250000E-14  -5.000000E-13   5.502296E-32   4.902387E-30   1.691590E-31   5.640977E-30
  9.000000000000E-02  -4.500000E-14  -5.000000E-13   8.143707E-32   5.596241E-30   1.962566E-31   5.141129E-30
  9.500000000000E-02  -4.750000E-14  -5.000000E-13   1.103289E-31   5.883982E-30   2.208306E-31   4.654447E-30
  1.000000000000E-01  -5.000000E-14  -5.000000E-13   1.395802E-31   5.730490E-30   2.410639E-31   3.326925E-30
  1.050000000000E-01  -5.250000E-14  -5.000000E-13   1.668989E-31   5.114675E-30   2.549899E-31   2.240017E-30
  1.100000000000E-01  -5.500000E-14  -5.000000E-13   1.900833E-31   4.098423E-30   2.628636E-31   8.698209E-31
  1.150000000000E-01  -5.750000E-14  -5.000000E-13   2.075057E-31   2.850649E-30   2.633926E-31  -6.745446E-31
  1.200000000000E-01  -6.000000E-14  -5.000000E-13   2.185541E-31   1.574470E-30   2.560160E-31  -2.304633E-30
  1.250000000000E-01  -6.250000E-14  -5.000000E-13   2.233499E-31   3.635205E-31   2.386418E-31  -4.319760E-30
  1.300000000000E-01  -6.500000E-14  -5.000000E-13   2.225113E-31  -6.295881E-31   2.134766E-31  -5.649081E-30
  1.350000000000E-01  -6.750000E-14  -5.000000E-13   2.178549E-31  -1.121877E-30   1.820997E-31  -7.639534E-30
  1.400000000000E-01  -7.000000E-14  -5.000000E-13   2.123571E-31  -9.553137E-31   1.364770E-31  -9.562256E-30
  1.450000000000E-01  -7.250000E-14  -5.000000E-13   2.093981E-31  -1.026766E-31   8.847326E-32  -9.419750E-30
  1.500000000000E-01  -7.500000E-14  -5.000000E-13   2.123587E-31   1.399357E-30   4.230317E-32  -8.886858E-30
  1.550000000000E-01  -7.750000E-14  -5.000000E-13   2.243773E-31   3.490746E-30  -7.045821E-34  -8.440153E-30
  1.600000000000E-01  -8.000000E-14  -5.000000E-13   2.478596E-31   5.971738E-30  -4.251432E-32  -7.925514E-30
  1.650000000000E-01  -8.250000E-14  -5.000000E-13   2.844218E-31   8.618307E-30  -8.014755E-32  -6.979753E-30
  1.700000000000E-01  -8.500000E-14  -5.000000E-13   3.334640E-31   1.093960E-29  -1.122269E-31  -5.696523E-30
  1.750000000000E-01  -8.750000E-14  -5.000000E-13   3.930500E-31   1.276301E-29  -1.369619E-31  -4.039286E-30
  1.800000000000E-01  -9.000000E-14  -5.000000E-13   4.598701E-31   1.385450E-29  -1.526134E-31  -2.145344E-30
  1.850000000000E-01  -9.250000E-14  -5.000000E-13   5.307062E-31   1.435257E-29  -1.615967E-31  -3.582778E-30
  1.900000000000E-01  -9.500000E-14  -5.000000E-13   6.020454E-31   1.400554E-29  -1.730612E-31  -8.838670E-31
  1.950000000000E-01  -9.750000E-14  -5.000000E-13   6.688662E-31   1.246043E-29  -1.699857E-31   2.164183E-30
  2.000000000000E-01  -1.000000E-13  -5.000000E-13   7.242370E-31   9.413730E-30  -1.514916E-31   5.176345E-30
  2.050000000000E-01  -1.025000E-13  -5.000000E-13   7.605429E-31   4.855852E-30  -1.193088E-31   7.573198E-30
  2.100000000000E-01  -1.050000E-13  -5.000000E-13   7.709406E-31  -8.660377E-31  -7.685006E-32   9.343188E-30
  2.150000000000E-01  -1.075000E-13  -5.000000E-13   7.508166E-31  -7.260798E-30  -2.662586E-32   1.020668E-29
  2.200000000000E-01  -1.100000E-13  -5.000000E-13   6.981510E-31  -1.376368E-29   2.448825E-32   1.071494E-29
  2.250000000000E-01  -1.125000E-13  -5.000000E-13   6.139024E-31  -1.980074E-29   8.004212E-32   1.148667E-29
  2.300000000000E-01  -1.150000E-13  -5.000000E-13   5.019874E-31  -2.467680E-29   1.348900E-31   8.170969E-30
  2.350000000000E-01  -1.175000E-13  -5.000000E-13   3.700932E-31  -2.770988E-29   1.761846E-31   8.358094E-30
  2.400000000000E-01  -1.200000E-13  -5.000000E-13   2.282890E-31  -2.862575E-29   2.169956E-31   7.826407E-30
  2.450000000000E-01  -1.225000E-13  -5.000000E-13   8.729124E-32  -2.738057E-29   2.577017E-31   8.427766E-30
  2.500000000000E-01  -1.250000E-13  -5.000000E-13  -4.214659E-32  -2.404681E-29   2.897141E-31   4.983084E-30
  2.550000000000E-01  -1.275000E-13  -5.000000E-13  -1.506387E-31  -1.916623E-29   3.133776E-31   4.506274E-30
  2.600000000000E-01  -1.300000E-13  -5.000000E-13  -2.330274E-31  -1.378492E-29   3.319575E-31   2.727543E-30
  2.650000000000E-01  -1.325000E-13  -5.000000E-13  -2.893411E-31  -8.960962E-30   3.302514E-31  -5.153771E-30
  2.700000000000E-01  -1.350000E-13  -5.000000E-13  -3.253798E-31  -5.816360E-30   2.933066E-31  -9.710165E-30
  2.750000000000E-01  -1.375000E-13  -5.000000E-13  -3.510303E-31  -4.873897E-30   2.261959E-31  -1.676953E-29
  2.800000000000E-01  -1.400000E-13  -5.000000E-13  -3.777973E-31  -6.174588E-30   1.278316E-31  -2.246749E-29
  2.850000000000E-01  -1.425000E-13  -5.000000E-13  -4.154699E-31  -9.188976E-30   2.959187E-33  -2.710459E-29
  2.900000000000E-01  -1.450000E-13  -5.000000E-13  -4.717834E-31  -1.347137E-29  -1.403900E-31  -2.958528E-29
  2.950000000000E-01  -1.475000E-13  -5.000000E-13  -5.500835E-31  -1.767761E-29  -2.877665E-31  -2.873639E-29
  3.000000000000E-01  -1.500000E-13  -5.000000E-13  -6.459127E-31  -2.028255E-29  -4.236239E-31  -2.504253E-29
  3.050000000000E-01  -1.525000E-13  -5.000000E-13  -7.497417E-31  -2.093357E-29  -5.325719E-31  -1.819775E-29
  3.100000000000E-01  -1.550000E-13  -5.000000E-13  -8.529906E-31  -2.011327E-29  -6.128909E-31  -1.273585E-29
  3.150000000000E-01  -1.575000E-13  -5.000000E-13  -9.477511E-31  -1.738905E-29  -6.532271E-31  -3.534204E-30
  3.200000000000E-01  -1.600000E-13  -5.000000E-13  -1.024007E-30  -1.290952E-29  -6.493907E-31   4.781982E-30
  3.250000000000E-01  -1.625000E-13  -5.000000E-13  -1.075949E-30  -7.846899E-30  -6.082297E-31   1.106208E-29
  3.300000000000E-01  -1.650000E-13  -5.000000E-13  -1.103022E-30  -3.101013E-30  -5.442714E-31   1.377020E-29
  3.350000000000E-01  -1.675000E-13  -5.000000E-13  -1.108127E-30   9.288572E-31  -4.778026E-31   9.982919E-30
  3.400000000000E-01  -1.700000E-13  -5.000000E-13  -1.095682E-30   3.709923E-30  -4.514130E-31   1.745519E-30
  3.450000000000E-01  -1.725000E-13  -5.000000E-13  -1.074602E-30   4.317691E-30  -4.696725E-31  -9.060075E-30
  3.500000000000E-01  -1.750000E-13  -5.000000E-13  -1.055420E-30   3.097489E-30  -5.447713E-31  -2.127246E-29
  3.550000000000E-01  -1.775000E-13  -5.000000E-13  -1.045273E-30   8.913771E-31  -6.834988E-31  -3.419615E-29
  3.600000000000E-01  -1.800000E-13  -5.000000E-13  -1.046459E-30  -1.339290E-30  -8.874225E-31  -4.721407E-29
  3.650000000000E-01  -1.825000E-13  -5.000000E-13  -1.058162E-30  -3.239164E-30  -1.143307E-30  -5.429763E-29
  3.700000000000E-01  -1.850000E-13  -5.000000E-13  -1.077342E-30  -4.166767E-30  -1.421102E-30  -5.572544E-29
  3.750000000000E-01  -1.875000E-13  -5.000000E-13  -1.096897E-30  -3.316246E-30  -1.690280E-30  -5.081852E-29
  3.800000000000E-01  -1.900000E-13  -5.000000E-13  -1.107858E-30  -8.093912E-31  -1.919497E-30  -3.997532E-29
  3.850000000000E-01  -1.925000E-13  -5.000000E-13  -1.103377E-30   2.701113E-30  -2.120381E-30  -3.412466E-29
  3.900000000000E-01  -1.950000E-13  -5.000000E-13  -1.080279E-30   6.589281E-30  -2.246316E-30  -1.595627E-29
  3.950000000000E-01  -1.975000E-13  -5.000000E-13  -1.037212E-30   1.065844E-29  -2.278590E-30   2.944329E-30
  4.000000000000E-01  -2.000000E-13  -5.000000E-13  -9.740143E-31   1.449551E-29  -2.219190E-30   2.038169E-29
  4.050000000000E-01  -2.025000E-13  -5.000000E-13  -8.935773E-31   1.749489E-29  -2.081865E-30   3.271295E-29
  4.100000000000E-01  -2.050000E-13  -5.000000E-13  -8.010503E-31   1.926468E-29  -1.890272E-30   4.311485E-29
  4.150000000000E-01  -2.075000E-13  -5.000000E-13  -7.034861E-31   1.944081E-29  -1.658268E-30   4.886172E-29
  4.200000000000E-01  -2.100000E-13  -5.000000E-13  -6.104086E-31   1.726878E-29  -1.430609E-30   4.291121E-29
  4.250000000000E-01  -2.125000E-13  -5.000000E-13  -5.359492E-31   1.187813E-29  -1.220468E-30   4.050188E-29
  4.300000000000E-01  -2.150000E-13  -5.000000E-13  -4.973152E-31   2.944313E-30  -1.036354E-30   3.303136E-29
  4.350000000000E-01  -2.175000E-13  -5.000000E-13  -5.117744E-31  -9.235521E-30  -8.897881E-31   2.525348E-29
  4.400000000000E-01  -2.200000E-13  -5.000000E-13  -5.937609E-31  -2.395382E-29  -7.862778E-31   1.592836E-29
  4.450000000000E-01  -2.225000E-13  -5.000000E-13  -7.534359E-31  -3.995625E-29  -7.322872E-31   5.496398E-30
  4.500000000000E-01  -2.250000E-13  -5.000000E-13  -9.917918E-31  -5.504830E-29  -7.346862E-31  -7.762180E-30
  4.550000000000E-01  -2.275000E-13  -5.000000E-13  -1.299127E-30  -6.709894E-29  -8.538854E-31  -3.381559E-29
  4.600000000000E-01  -2.300000E-13  -5.000000E-13  -1.654385E-30  -7.392764E-29  -1.047299E-30  -4.302657E-29
  4.650000000000E-01  -2.325000E-13  -5.000000E-13  -2.028678E-30  -7.468070E-29  -1.278235E-30  -4.860458E-29
  4.700000000000E-01  -2.350000E-13  -5.000000E-13  -2.391225E-30  -6.927000E-29  -1.525574E-30  -4.951157E-29
  4.750000000000E-01  -2.375000E-13  -5.000000E-13  -2.712822E-30  -5.847936E-29  -1.772606E-30  -4.829676E-29
  4.800000000000E-01  -2.400000E-13  -5.000000E-13  -2.968915E-30  -4.331598E-29  -2.000122E-30  -4.232746E-29
  4.850000000000E-01  -2.425000E-13  -5.000000E-13  -3.142620E-30  -2.600848E-29  -2.193988E-30  -3.520520E-29
  4.900000000000E-01  -2.450000E-13  -5.000000E-13  -3.229399E-30  -8.952676E-30  -2.389478E-30  -4.313749E-29
  4.950000000000E-01  -2.475000E-13  -5.000000E-13  -3.235709E-30   5.952142E-30  -2.588863E-30  -3.668105E-29
  5.000000000000E-01  -2.500000E-13  -5.000000E-13  -3.174229E-30   1.810848E-29  -2.756875E-30  -3.044975E-29
  5.050000000000E-01  -2.525000E-13  -5.000000E-13  -3.060184E-30   2.683808E-29  -2.891977E-30  -2.335267E-29
  5.100000000000E-01  -2.550000E-13  -5.000000E-13  -2.911580E-30   3.199676E-29  -2.989244E-30  -1.551748E-29
  5.150000000000E-01  -2.575000E-13  -5.000000E-13  -2.745099E-30   3.414149E-29  -3.045408E-30  -6.624575E-30
  5.200000000000E-01  -2.600000E-13  -5.000000E-13  -2.572902E-30   3.455359E-29  -3.054367E-30   3.010768E-30
  5.250000000000E-01  -2.625000E-13  -5.000000E-13  -2.400587E-30   3.430478E-29  -3.015220E-30   1.265010E-29
  5.300000000000E-01  -2.650000E-13  -5.000000E-13  -2.230422E-30   3.368465E-29  -2.929621E-30   2.127892E-29
  5.350000000000E-01  -2.675000E-13  -5.000000E-13  -2.064191E-30   3.274817E-29  -2.804697E-30   2.841793E-29
  5.400000000000E-01  -2.700000E-13  -5.000000E-13  -1.904135E-30   3.106981E-29  -2.650482E-30   3.055996E-29
  5.450000000000E-01  -2.725000E-13  -5.000000E-13  -1.756049E-30   2.779653E-29  -2.514645E-30   2.585296E-29
  5.500000000000E-01  -2.750000E-13  -5.000000E-13  -1.630626E-30   2.175738E-29  -2.397138E-30   2.007516E-29
  5.550000000000E-01  -2.775000E-13  -5.000000E-13  -1.544611E-30   1.194021E-29  -2.322302E-30   8.823483E-30
  5.600000000000E-01  -2.800000E-13  -5.000000E-13  -1.517608E-30  -1.843030E-30  -2.313542E-30  -6.076327E-30
  5.650000000000E-01  -2.825000E-13  -5.000000E-13  -1.569178E-30  -1.934082E-29  -2.390644E-30  -2.540585E-29
  5.700000000000E-01  -2.850000E-13  -5.000000E-13  -1.713654E-30  -3.850419E-29  -2.556794E-30  -4.054172E-29
  5.750000000000E-01  -2.875000E-13  -5.000000E-13  -1.951949E-30  -5.616989E-29  -2.789250E-30  -5.169099E-29
  5.800000000000E-01  -2.900000E-13  -5.000000E-13  -2.266032E-30  -6.794824E-29  -3.061867E-30  -5.630199E-29
  5.850000000000E-01  -2.925000E-13  -5.000000E-13  -2.614826E-30  -6.938993E-29  -3.341533E-30  -5.435873E-29
  5.900000000000E-01  -2.950000E-13  -5.000000E-13  -2.939499E-30  -5.818915E-29  -3.597107E-30  -4.629312E-29
  5.950000000000E-01  -2.975000E-13  -5.000000E-13  -3.178044E-30  -3.541582E-29  -3.805271E-30  -4.490174E-29
  6.000000000000E-01  -3.000000E-13  -5.000000E-13  -3.281217E-30  -4.853633E-30  -4.011305E-30  -2.917015E-29
  6.050000000000E-01  -3.025000E-13  -5.000000E-13  -3.221857E-30   2.859604E-29  -4.090952E-30  -2.425823E-30
  6.100000000000E-01  -3.050000E-13  -5.000000E-13  -3.000569E-30   5.870292E-29  -4.037041E-30   2.211507E-29
  6.150000000000E-01  -3.075000E-13  -5.000000E-13  -2.650705E-30   7.897162E-29  -3.870251E-30   4.467334E-29
  6.200000000000E-01  -3.100000E-13  -5.000000E-13  -2.234185E-30   8.478475E-29  -3.598035E-30   6.278212E-29
  6.250000000000E-01  -3.125000E-13  -5.000000E-13  -1.828989E-30   7.441590E-29  -3.256808E-30   7.190873E-29
  6.300000000000E-01  -3.150000E-13  -5.000000E-13  -1.513799E-30   4.924633E-29  -2.899828E-30   6.451207E-29
  6.350000000000E-01  -3.175000E-13  -5.000000E-13  -1.354968E-30   1.265341E-29  -2.612572E-30   5.157768E-29
  6.400000000000E-01  -3.200000E-13  -5.000000E-13  -1.396906E-30  -2.991579E-29  -2.386665E-30   3.816343E-29
  6.450000000000E-01  -3.225000E-13  -5.000000E-13  -1.653663E-30  -7.219236E-29  -2.232704E-30   2.337978E-29
  6.500000000000E-01  -3.250000E-13  -5.000000E-13  -2.109548E-30  -1.087293E-28  -2.150610E-30   9.696956E-30
  6.550000000000E-01  -3.275000E-13  -5.000000E-13  -2.724941E-30  -1.353065E-28  -2.130793E-30  -1.202907E-30
  6.600000000000E-01  -3.300000E-13  -5.000000E-13  -3.441173E-30  -1.485513E-28  -2.155728E-30  -8.072741E-30
  6.650000000000E-01  -3.325000E-13  -5.000000E-13  -4.186320E-30  -1.468214E-28  -2.203177E-30  -1.378852E-29
  6.700000000000E-01  -3.350000E-13  -5.000000E-13  -4.886157E-30  -1.306217E-28  -2.330052E-30  -2.954903E-29
  6.750000000000E-01  -3.375000E-13  -5.000000E-13  -5.472098E-30  -1.016604E-28  -2.460568E-30  -2.203663E-29
  6.800000000000E-01  -3.400000E-13  -5.000000E-13  -5.886505E-30  -6.261506E-29  -2.556050E-30  -1.604752E-29
  6.850000000000E-01  -3.425000E-13  -5.000000E-13  -6.087908E-30  -1.713098E-29  -2.610537E-30  -5.947847E-30
  6.900000000000E-01  -3.450000E-13  -5.000000E-13  -6.053797E-30   3.076711E-29  -2.620007E-30   1.891355E-30
  6.950000000000E-01  -3.475000E-13  -5.000000E-13  -5.784204E-30   7.620336E-29  -2.595190E-30   7.331383E-30
  7.000000000000E-01  -3.500000E-13  -5.000000E-13  -5.302882E-30   1.146788E-28  -2.554122E-30   1.401376E-30
  7.050000000000E-01  -3.525000E-13  -5.000000E-13  -4.655053E-30   1.422595E-28  -2.612095E-30  -1.294353E-29
  7.100000000000E-01  -3.550000E-13  -5.000000E-13  -3.901706E-30   1.564484E-28  -2.676755E-30  -1.245253E-29
  7.150000000000E-01  -3.575000E-13  -5.000000E-13  -3.115109E-30   1.554031E-28  -2.747649E-30  -1.314302E-29
  7.200000000000E-01  -3.600000E-13  -5.000000E-13  -2.371569E-30   1.394452E-28  -2.801556E-30  -7.669766E-30
  7.250000000000E-01  -3.625000E-13  -5.000000E-13  -1.741823E-30   1.103503E-28  -2.819300E-30   5.635529E-31
  7.300000000000E-01  -3.650000E-13  -5.000000E-13  -1.283812E-30   7.140173E-29  -2.798652E-30   7.573562E-30
  7.350000000000E-01  -3.675000E-13  -5.000000E-13  -1.036799E-30   2.676402E-29  -2.748793E-30   1.115747E-29
  7.400000000000E-01  -3.700000E-13  -5.000000E-13  -1.017960E-30  -1.886809E-29  -2.698148E-30   8.089291E-30
  7.450000000000E-01  -3.725000E-13  -5.000000E-13  -1.216820E-30  -5.910487E-29  -2.674185E-30   7.701537E-31
  7.500000000000E-01  -3.750000E-13  -5.000000E-13  -1.590772E-30  -8.807969E-29  -2.697080E-30  -1.005847E-29
  7.550000000000E-01  -3.775000E-13  -5.000000E-13  -2.074277E-30  -1.026009E-28  -2.771565E-30  -2.653090E-29
  7.600000000000E-01  -3.800000E-13  -5.000000E-13  -2.593711E-30  -1.026347E-28  -2.974535E-30  -4.569996E-29
  7.650000000000E-01  -3.825000E-13  -5.000000E-13  -3.077871E-30  -8.862419E-29  -3.191894E-30  -3.926732E-29
  7.700000000000E-01  -3.850000E-13  -5.000000E-13  -3.461521E-30  -6.310832E-29  -3.350580E-30  -2.213558E-29
  7.750000000000E-01  -3.875000E-13  -5.000000E-13  -3.696974E-30  -3.010826E-29  -3.396731E-30   5.059518E-30
  7.800000000000E-01  -3.900000E-13  -5.000000E-13  -3.757034E-30   6.395877E-30  -3.292693E-30   3.712878E-29
  7.850000000000E-01  -3.925000E-13  -5.000000E-13  -3.633211E-30   4.280835E-29  -3.024267E-30   6.981058E-29
  7.900000000000E-01  -3.950000E-13  -5.000000E-13  -3.335593E-30   7.504513E-29  -2.604072E-30   9.695147E-29
  7.950000000000E-01  -3.975000E-13  -5.000000E-13  -2.896341E-30   9.881975E-29  -2.070810E-30   1.141847E-28
  8.000000000000E-01  -4.000000E-13  -5.000000E-13  -2.364545E-30   1.119341E-28  -1.484115E-30   1.181865E-28
  8.050000000000E-01  -4.025000E-13  -5.000000E-13  -1.795290E-30   1.137637E-28  -9.203783E-31   1.021885E-28
  8.100000000000E-01  -4.050000E-13  -5.000000E-13  -1.244285E-30   1.046738E-28  -4.510831E-31   8.412107E-29
  8.150000000000E-01  -4.075000E-13  -5.000000E-13  -7.646619E-31   8.554029E-29  -8.819995E-32   6.041371E-29
  8.200000000000E-01  -4.100000E-13  -5.000000E-13  -4.011783E-31   5.883575E-29   1.505707E-31   3.544842E-29
  8.250000000000E-01  -4.125000E-13  -5.000000E-13  -1.819813E-31   2.850468E-29   2.595776E-31   6.307518E-31
  8.300000000000E-01  -4.150000E-13  -5.000000E-13  -1.167188E-31  -2.225578E-30   1.851570E-31  -2.530808E-29
  8.350000000000E-01  -4.175000E-13  -5.000000E-13  -2.004999E-31  -3.058563E-29   5.678479E-32  -2.362798E-29
  8.400000000000E-01  -4.200000E-13  -5.000000E-13  -4.137791E-31  -5.346502E-29  -3.086750E-32  -9.539655E-30
  8.450000000000E-01  -4.225000E-13  -5.000000E-13  -7.217362E-31  -6.804088E-29  -2.454904E-32   1.321924E-29
  8.500000000000E-01  -4.250000E-13  -5.000000E-13  -1.078961E-30  -7.308298E-29   1.072045E-31   3.744371E-29
  8.550000000000E-01  -4.275000E-13  -5.000000E-13  -1.436372E-30  -6.799136E-29   3.446603E-31   5.840138E-29
  8.600000000000E-01  -4.300000E-13  -5.000000E-13  -1.742033E-30  -5.249305E-29   6.774056E-31   7.286111E-29
  8.650000000000E-01  -4.325000E-13  -5.000000E-13  -1.947238E-30  -2.825539E-29   1.055094E-30   7.594823E-29
  8.700000000000E-01  -4.350000E-13  -5.000000E-13  -2.016652E-30   9.696876E-31   1.416021E-30   6.596511E-29
  8.750000000000E-01  -4.375000E-13  -5.000000E-13  -1.936105E-30   3.104419E-29   1.696392E-30   4.463936E-29
  8.800000000000E-01  -4.400000E-13  -5.000000E-13  -1.710668E-30   5.843095E-29   1.853077E-30   1.741922E-29
  8.850000000000E-01  -4.425000E-13  -5.000000E-13  -1.360276E-30   8.049507E-29   1.871114E-30  -9.476770E-30
  8.900000000000E-01  -4.450000E-13  -5.000000E-13  -9.187939E-31   9.441696E-29   1.770144E-30  -2.916936E-29
  8.950000000000E-01  -4.475000E-13  -5.000000E-13  -4.312394E-31   9.898209E-29   1.592635E-30  -4.220740E-29
  9.000000000000E-01  -4.500000E-13  -5.000000E-13   5.735241E-32   9.510255E-29   1.322517E-30  -5.515373E-29
  9.050000000000E-01  -4.525000E-13  -5.000000E-13   5.093794E-31   8.467135E-29   1.069582E-30  -4.487023E-29
  9.100000000000E-01  -4.550000E-13  -5.000000E-13   8.957024E-31   6.902429E-29   8.787868E-31  -1.271617E-29
  9.150000000000E-01  -4.575000E-13  -5.000000E-13   1.234991E-30   4.895042E-29   1.333337E-30   1.967731E-28
  9.200000000000E-01  -4.600000E-13  -5.000000E-13   1.422558E-30   3.868078E-29   3.022783E-30   4.053869E-28
  9.250000000000E-01  -4.625000E-13  -5.000000E-13   1.095967E-30  -2.626867E-28   4.857869E-30   3.176322E-28
  9.300000000000E-01  -4.650000E-13  -5.000000E-13  -1.149805E-30  -5.079520E-28   6.546952E-30   2.716428E-28
  9.350000000000E-01  -4.675000E-13  -5.000000E-13  -3.527079E-30  -3.921842E-28   7.423447E-30   1.184833E-28
  9.400000000000E-01  -4.700000E-13  -5.000000E-13  -5.476884E-30  -4.418354E-28   7.629360E-30  -6.510317E-29
  9.450000000000E-01  -4.725000E-13  -5.000000E-13  -7.026365E-30  -1.506546E-28   6.488003E-30  -4.084990E-28
  9.500000000000E-01  -4.750000E-13  -5.000000E-13  -6.915390E-30   1.520443E-28   3.339101E-30  -8.081725E-28
  9.550000000000E-01  -4.775000E-13  -5.000000E-13  -6.003348E-30   1.915200E-28  -1.687725E-30  -1.202155E-27
  9.600000000000E-01  -4.800000E-13  -5.000000E-13  -4.893408E-30   2.797589E-28  -8.075452E-30  -1.304510E-27
  9.650000000000E-01  -4.825000E-13  -5.000000E-13  -3.060949E-30   4.469326E-28  -1.363369E-29  -9.136104E-28
  9.700000000000E-01  -4.850000E-13  -5.000000E-13  -8.221654E-31   3.217344E-28  -1.753516E-29  -6.473599E-28
  9.750000000000E-01  -4.875000E-13  -5.000000E-13   3.372050E-31   1.007798E-28  -1.969757E-29  -2.073864E-28
  9.800000000000E-01  -4.900000E-13  -5.000000E-13   2.955159E-31  -1.009247E-28  -2.002145E-29   5.084642E-29
  9.850000000000E-01  -4.925000E-13  -5.000000E-13  -7.932699E-31  -3.052868E-28  -1.919523E-29   2.903239E-28
  9.900000000000E-01  -4.950000E-13  -5.000000E-13  -2.019102E-30  -2.025994E-28  -1.667518E-29   6.864528E-28
  9.950000000000E-01  -4.975000E-13  -5.000000E-13  -2.211286E-30   1.680871E-28  -1.268811E-29   8.416231E-28
  1.000000000000E+00  -5.000000E-13  -5.000000E-13  -3.070779E-31   6.818561E-28  -8.719638E-30   8.425405E-28
  1.005000000000E+00  -5.025000E-13  -5.000000E-13   5.633621E-30   1.729195E-27  -4.385337E-30   7.423031E-28
  1.010000000000E+00  -5.050000E-13  -5.000000E-13   1.675299E-29   2.692425E-27  -2.902658E-30  -1.959595E-28
  1.015000000000E+00  -5.075000E-13  -5.000000E-13   3.174437E-29   3.159636E-27  -5.187482E-30  -6.528202E-28
  1.020000000000E+00  -5.100000E-13  -5.000000E-13   4.716267E-29   2.683921E-27  -9.003833E-30  -8.355860E-28
  1.025000000000E+00  -5.125000E-13  -5.000000E-13   5.536206E-29   4.687542E-28  -1.332602E-29  -8.604694E-28
  1.030000000000E+00  -5.150000E-13  -5.000000E-13   5.297474E-29  -1.310770E-27  -1.718123E-29  -6.876153E-28
  1.035000000000E+00  -5.175000E-13  -5.000000E-13   4.337398E-29  -2.423190E-27  -1.969236E-29  -1.953835E-28
  1.040000000000E+00  -5.200000E-13  -5.000000E-13   2.944193E-29  -3.086039E-27  -1.858659E-29   5.205148E-28
  1.045000000000E+00  -5.225000E-13  -5.000000E-13   1.337345E-29  -3.073945E-27  -1.504068E-29   9.305842E-28
  1.050000000000E+00  -5.250000E-13  -5.000000E-13   1.335511E-30  -1.572637E-27  -8.829484E-30   1.633162E-27
  1.055000000000E+00  -5.275000E-13  -5.000000E-13  -1.706183E-30   9.719991E-29   1.551094E-30   2.527661E-27
  1.060000000000E+00  -5.300000E-13  -5.000000E-13   1.286333E-30   1.211087E-27   1.467280E-29   2.588140E-27
  1.065000000000E+00  -5.325000E-13  -5.000000E-13   9.829728E-30   2.122385E-27   2.723419E-29   2.385925E-27
  1.070000000000E+00  -5.350000E-13  -5.000000E-13   2.233933E-29   2.960517E-27   3.797774E-29   1.744603E-27
  1.075000000000E+00  -5.375000E-13  -5.000000E-13   3.994502E-29   4.001011E-27   4.371143E-29   4.975238E-28
  1.080000000000E+00  -5.400000E-13  -5.000000E-13   5.960890E-29   3.536500E-27   4.290421E-29  -7.240460E-28
  1.085000000000E+00  -5.425000E-13  -5.000000E-13   7.411067E-29   1.995276E-27   3.704429E-29  -1.720524E-27
  1.090000000000E+00  -5.450000E-13  -5.000000E-13   7.844069E-29  -2.599756E-29   2.492348E-29  -3.122654E-27
  1.095000000000E+00  -5.475000E-13  -5.000000E-13   7.550603E-29  -1.044170E-27   8.134736E-30  -3.258684E-27
  1.100000000000E+00  -5.500000E-13  -5.000000E-13   6.818496E-29  -2.094713E-27  -4.560078E-30  -1.771063E-27
  1.105000000000E+00  -5.525000E-13  -5.000000E-13   5.305724E-29  -3.766246E-27  -8.852386E-30  -4.484454E-30
  1.110000000000E+00  -5.550000E-13  -5.000000E-13   3.432735E-29  -3.341590E-27  -5.927479E-30   1.071755E-27
  1.115000000000E+00  -5.575000E-13  -5.000000E-13   2.107573E-29  -2.105801E-27   9.182296E-31   1.644476E-27
  1.120000000000E+00  -5.600000E-13  -5.000000E-13   1.218854E-29  -1.327967E-27   9.266107E-30   1.464266E-27
  1.125000000000E+00  -5.625000E-13  -5.000000E-13   8.756521E-30   5.282983E-29   1.425181E-29   4.572474E-28
  1.130000000000E+00  -5.650000E-13  -5.000000E-13   1.247034E-29   1.313644E-27   1.345187E-29  -7.158530E-28
  1.135000000000E+00  -5.675000E-13  -5.000000E-13   2.036306E-29   1.711728E-27   7.111280E-30  -1.903582E-27
  1.140000000000E+00  -5.700000E-13  -5.000000E-13   2.921115E-29   1.854598E-27  -5.631344E-30  -3.056256E-27
  1.145000000000E+00  -5.725000E-13  -5.000000E-13   3.768915E-29   1.150378E-27  -2.236527E-29  -3.325890E-27
  1.150000000000E+00  -5.750000E-13  -5.000000E-13   3.747653E-29  -1.342254E-27  -3.614576E-29  -2.198451E-27
  1.155000000000E+00  -5.775000E-13  -5.000000E-13   2.379136E-29  -4.100359E-27  -4.388175E-29  -8.309163E-28
  1.160000000000E+00  -5.800000E-13  -5.000000E-13  -1.254931E-30  -5.404554E-27  -4.302376E-29   1.209617E-27
  1.165000000000E+00  -5.825000E-13  -5.000000E-13  -2.681630E-29  -4.648859E-27  -3.198769E-29   3.275965E-27
  1.170000000000E+00  -5.850000E-13  -5.000000E-13  -4.610748E-29  -3.088430E-27  -1.162294E-29   4.639417E-27
  1.175000000000E+00  -5.875000E-13  -5.000000E-13  -5.784464E-29  -1.533037E-27   1.184835E-29   4.494545E-27
  1.180000000000E+00  -5.900000E-13  -5.000000E-13  -6.218774E-29  -2.488142E-28   3.130447E-29   3.204330E-27
  1.185000000000E+00  -5.925000E-13  -5.000000E-13  -5.996195E-29   1.502973E-27   4.209360E-29   8.167696E-28
  1.190000000000E+00  -5.950000E-13  -5.000000E-13  -4.640144E-29   3.727369E-27   3.787163E-29  -2.576700E-27
  1.195000000000E+00  -5.975000E-13  -5.000000E-13  -2.691683E-29   3.824280E-27   1.761116E-29  -5.298103E-27
  1.200000000000E+00  -6.000000E-13  -5.000000E-13  -9.963966E-30   2.824485E-27  -1.105362E-29  -5.674844E-27
  1.205000000000E+00  -6.025000E-13  -5.000000E-13   1.749495E-30   1.887825E-27  -3.563082E-29  -3.834493E-27
  1.210000000000E+00  -6.050000E-13  -5.000000E-13   1.009172E-29   1.464348E-27  -4.682366E-29  -4.846645E-28
  1.215000000000E+00  -6.075000E-13  -5.000000E-13   1.270207E-29  -9.781635E-28  -4.079743E-29   2.676708E-27
  1.220000000000E+00  -6.100000E-13  -5.000000E-13   6.070438E-31  -3.475355E-27  -2.264304E-29   4.251258E-27
  1.225000000000E+00  -6.125000E-13  -5.000000E-13  -1.972733E-29  -4.190698E-27  -9.045056E-31   4.321552E-27
  1.230000000000E+00  -6.150000E-13  -5.000000E-13  -3.588427E-29  -2.073801E-27   1.908014E-29   3.474735E-27
  1.235000000000E+00  -6.175000E-13  -5.000000E-13  -4.231909E-29  -8.675897E-28   3.191217E-29   1.508750E-27
  1.240000000000E+00  -6.200000E-13  -5.000000E-13  -4.761087E-29  -1.295394E-27   3.452069E-29  -4.361400E-28
  1.245000000000E+00  -6.225000E-13  -5.000000E-13  -5.220967E-29  -2.406758E-28   2.768694E-29  -2.137438E-27
  1.250000000000E+00  -6.250000E-13  -5.000000E-13  -5.136647E-29   1.145726E-28   1.444301E-29  -2.905207E-27
  1.255000000000E+00  -6.275000E-13  -5.000000E-13  -5.289411E-29  -4.771281E-28   2.020937E-31  -2.690964E-27
  1.260000000000E+00  -6.300000E-13  -5.000000E-13  -5.267806E-29   6.494961E-28  -1.275250E-29  -2.613740E-27
  1.265000000000E+00  -6.325000E-13  -5.000000E-13  -4.704879E-29   1.417256E-27  -2.674992E-29  -2.990690E-27
  1.270000000000E+00  -6.350000E-13  -5.000000E-13  -3.927488E-29   1.661073E-27  -4.008123E-29  -1.702987E-27
  1.275000000000E+00  -6.375000E-13  -5.000000E-13  -2.781822E-29   3.265991E-27  -3.950239E-29   2.073517E-27
  1.280000000000E+00  -6.400000E-13  -5.000000E-13  -6.190678E-30   5.098703E-27  -2.152095E-29   4.504943E-27
  1.285000000000E+00  -6.425000E-13  -5.000000E-13   2.035197E-29   5.483265E-27  -3.319321E-31   3.380754E-27
  1.290000000000E+00  -6.450000E-13  -5.000000E-13   4.774806E-29   5.217553E-27   9.962812E-30   8.009371E-28
  1.295000000000E+00  -6.475000E-13  -5.000000E-13   7.064517E-29   3.846413E-27   9.336933E-30  -8.481048E-28
  1.300000000000E+00  -6.500000E-13  -5.000000E-13   8.611117E-29   2.198879E-27   2.175707E-30  -2.054837E-27
  1.305000000000E+00  -6.525000E-13  -5.000000E-13   9.151759E-29   1.112832E-28  -1.232166E-29  -3.676511E-27
  1.310000000000E+00  -6.550000E-13  -5.000000E-13   8.873681E-29  -1.378932E-27  -3.146707E-29  -3.578702E-27
  1.315000000000E+00  -6.575000E-13  -5.000000E-13   7.476007E-29  -4.710520E-27  -4.437336E-29  -1.280706E-27
  1.320000000000E+00  -6.600000E-13  -5.000000E-13   3.884536E-29  -9.500680E-27  -4.205255E-29   2.394876E-27
  1.325000000000E+00  -6.625000E-13  -5.000000E-13  -1.528071E-29  -1.140710E-26  -2.216745E-29   5.214332E-27
  1.330000000000E+00  -6.650000E-13  -5.000000E-13  -6.889182E-29  -9.290601E-27   6.317544E-30   5.707393E-27
  1.335000000000E+00  -6.675000E-13  -5.000000E-13  -1.040942E-28  -4.336350E-27   3.200158E-29   4.359576E-27
  1.340000000000E+00  -6.700000E-13  -5.000000E-13  -1.100669E-28   1.899122E-27   4.917350E-29   2.411352E-27
  1.345000000000E+00  -6.725000E-13  -5.000000E-13  -8.965169E-29   5.589902E-27   5.562103E-29   2.044116E-28
  1.350000000000E+00  -6.750000E-13  -5.000000E-13  -5.842661E-29   6.438123E-27   5.277441E-29  -1.296101E-27
  1.355000000000E+00  -6.775000E-13  -5.000000E-13  -2.795047E-29   5.446972E-27   4.224846E-29  -2.961082E-27
  1.360000000000E+00  -6.800000E-13  -5.000000E-13  -6.578980E-30   3.081540E-27   2.449226E-29  -4.062047E-27
  1.365000000000E+00  -6.825000E-13  -5.000000E-13   4.883756E-30   1.808498E-27   2.315473E-30  -4.491847E-27
  1.370000000000E+00  -6.850000E-13  -5.000000E-13   1.174134E-29   9.071047E-28  -1.769671E-29  -3.150574E-27
  1.375000000000E+00  -6.875000E-13  -5.000000E-13   1.464498E-29   2.672253E-28  -2.710784E-29  -3.794882E-28
  1.380000000000E+00  -6.900000E-13  -5.000000E-13   1.516767E-29   2.628174E-29  -2.128529E-29   2.619187E-27
  1.385000000000E+00  -6.925000E-13  -5.000000E-13   1.613731E-29   4.981685E-28  -3.075871E-30   4.217505E-27
  1.390000000000E+00  -6.950000E-13  -5.000000E-13   2.067581E-29   1.214813E-27   1.743770E-29   3.574804E-27
  1.395000000000E+00  -6.975000E-13  -5.000000E-13   2.564208E-29   4.122079E-28   2.940714E-29   1.028640E-27
  1.400000000000E+00  -7.000000E-13  -5.000000E-13   2.323682E-29  -1.524995E-27   2.713962E-29  -1.797463E-27
  1.405000000000E+00  -7.025000E-13  -5.000000E-13   9.400234E-30  -4.131080E-27   1.360871E-29  -3.189211E-27
  1.410000000000E+00  -7.050000E-13  -5.000000E-13  -1.814366E-29  -6.855525E-27  -1.186117E-30  -2.406394E-27
  1.415000000000E+00  -7.075000E-13  -5.000000E-13  -5.761570E-29  -8.698912E-27  -9.860002E-30  -1.038910E-27
  1.420000000000E+00  -7.100000E-13  -5.000000E-13  -1.027032E-28  -8.991552E-27  -1.173188E-29   1.622114E-28
  1.425000000000E+00  -7.125000E-13  -5.000000E-13  -1.441564E-28  -7.260301E-27  -1.119007E-29  -1.557818E-28
  1.430000000000E+00  -7.150000E-13  -5.000000E-13  -1.723571E-28  -3.663130E-27  -1.334157E-29  -6.023802E-28
  1.435000000000E+00  -7.175000E-13  -5.000000E-13  -1.787252E-28   1.254671E-27  -1.650207E-29  -4.617698E-28
  1.440000000000E+00  -7.200000E-13  -5.000000E-13  -1.596931E-28   6.324853E-27  -1.614492E-29   7.053661E-28
  1.445000000000E+00  -7.225000E-13  -5.000000E-13  -1.148559E-28   1.168125E-26  -8.743157E-30   2.283421E-27
  1.450000000000E+00  -7.250000E-13  -5.000000E-13  -4.226972E-29   1.715870E-26   6.513333E-30   3.706722E-27
  1.455000000000E+00  -7.275000E-13  -5.000000E-13   5.329797E-29   2.041676E-26   2.747232E-29   4.487923E-27
  1.460000000000E+00  -7.300000E-13  -5.000000E-13   1.573437E-28   2.059035E-26   4.936380E-29   4.190588E-27
  1.465000000000E+00  -7.325000E-13  -5.000000E-13   2.534398E-28   1.728275E-26   6.954202E-29   3.615270E-27
  1.470000000000E+00  -7.350000E-13  -5.000000E-13   3.244329E-28   1.063478E-26   8.462222E-29   2.422876E-27
  1.475000000000E+00  -7.375000E-13  -5.000000E-13   3.565294E-28   1.972758E-27   9.230705E-29   5.983227E-28
  1.480000000000E+00  -7.400000E-13  -5.000000E-13   3.437549E-28  -7.072364E-27   9.113801E-29  -1.096923E-27
  1.485000000000E+00  -7.425000E-13  -5.000000E-13   2.871649E-28  -1.521578E-26   8.184816E-29  -2.621492E-27
  1.490000000000E+00  -7.450000E-13  -5.000000E-13   1.968176E-28  -2.015407E-26   6.546274E-29  -3.899335E-27
  1.495000000000E+00  -7.475000E-13  -5.000000E-13   9.101451E-29  -2.158937E-26   4.372822E-29  -4.707570E-27
  1.500000000000E+00  -7.500000E-13  -5.000000E-13  -1.271355E-29  -1.931704E-26   1.929177E-29  -4.888118E-27
  1.505000000000E+00  -7.525000E-13  -5.000000E-13  -9.878247E-29  -1.478224E-26  -3.670495E-30  -4.160577E-27
  1.510000000000E+00  -7.550000E-13  -5.000000E-13  -1.582002E-28  -8.932219E-27  -2.100677E-29  -2.659832E-27
  1.515000000000E+00  -7.575000E-13  -5.000000E-13  -1.885222E-28  -3.455356E-27  -3.005769E-29  -8.058836E-28
  1.520000000000E+00  -7.600000E-13  -5.000000E-13  -1.964146E-28  -7.883224E-29  -2.993984E-29   8.319138E-28
  1.525000000000E+00  -7.625000E-13  -5.000000E-13  -1.926011E-28   1.335608E-27  -2.206498E-29   2.262346E-27
  1.530000000000E+00  -7.650000E-13  -5.000000E-13  -1.856681E-28   1.086352E-27  -8.101546E-30   3.257408E-27
  1.535000000000E+00  -7.675000E-13  -5.000000E-13  -1.843687E-28  -7.474623E-28   9.250488E-30   3.485418E-27
  1.540000000000E+00  -7.700000E-13  -5.000000E-13  -1.922202E-28  -2.287694E-27   2.520815E-29   2.724958E-27
  1.545000000000E+00  -7.725000E-13  -5.000000E-13  -2.052558E-28  -2.753236E-27   3.558925E-29   1.335864E-27
  1.550000000000E+00  -7.750000E-13  -5.000000E-13  -2.165196E-28  -1.306129E-27   3.790426E-29  -3.205612E-28
  1.555000000000E+00  -7.775000E-13  -5.000000E-13  -2.128764E-28   3.376970E-27   3.298770E-29  -1.594273E-27
  1.560000000000E+00  -7.800000E-13  -5.000000E-13  -1.795422E-28   1.009724E-26   2.207115E-29  -2.552090E-27
  1.565000000000E+00  -7.825000E-13  -5.000000E-13  -1.120408E-28   1.672752E-26   8.971659E-30  -2.411682E-27
  1.570000000000E+00  -7.850000E-13  -5.000000E-13  -1.363274E-29   2.224710E-26  -4.945421E-31  -1.176119E-27
  1.575000000000E+00  -7.875000E-13  -5.000000E-13   1.060020E-28   2.490867E-26  -1.731893E-30   7.609366E-28
  1.580000000000E+00  -7.900000E-13  -5.000000E-13   2.286077E-28   2.348549E-26   7.506410E-30   3.062858E-27
  1.585000000000E+00  -7.925000E-13  -5.000000E-13   3.341951E-28   1.779805E-26   2.873043E-29   5.256099E-27
  1.590000000000E+00  -7.950000E-13  -5.000000E-13   4.013612E-28   8.729718E-27   5.883965E-29   6.506396E-27
  1.595000000000E+00  -7.975000E-13  -5.000000E-13   4.190425E-28  -1.889114E-27   9.209521E-29   6.540002E-27
  1.600000000000E+00  -8.000000E-13  -5.000000E-13   3.826165E-28  -1.239650E-26   1.213949E-28   4.934144E-27
  1.605000000000E+00  -8.025000E-13  -5.000000E-13   2.983127E-28  -2.079785E-26   1.396068E-28   2.219458E-27
  1.610000000000E+00  -8.050000E-13  -5.000000E-13   1.794987E-28  -2.608688E-26   1.420399E-28  -1.287151E-27
  1.615000000000E+00  -8.075000E-13  -5.000000E-13   4.365092E-29  -2.761670E-26   1.262018E-28  -5.194402E-27
  1.620000000000E+00  -8.100000E-13  -5.000000E-13  -9.136397E-29  -2.580194E-26   9.027848E-29  -9.039545E-27
  1.625000000000E+00  -8.125000E-13  -5.000000E-13  -2.086951E-28  -2.048533E-26   3.746627E-29  -1.187892E-26
  1.630000000000E+00  -8.150000E-13  -5.000000E-13  -2.921861E-28  -1.251058E-26  -2.543149E-29  -1.305651E-26
  1.635000000000E+00  -8.175000E-13  -5.000000E-13  -3.323462E-28  -3.707729E-27  -9.050252E-29  -1.275413E-26
  1.640000000000E+00  -8.200000E-13  -5.000000E-13  -3.299936E-28   4.546518E-27  -1.510536E-28  -1.106258E-26
  1.645000000000E+00  -8.225000E-13  -4.999999E-13  -2.887635E-28   1.171710E-26  -1.976867E-28  -7.284300E-27
  1.650000000000E+00  -8.250000E-13  -4.999999E-13  -2.159113E-28   1.716889E-26  -2.214585E-28  -2.140034E-27
  1.655000000000E+00  -8.275000E-13  -4.999999E-13  -1.200014E-28   2.062585E-26  -2.182610E-28   3.558131E-27
  1.660000000000E+00  -8.300000E-13  -4.999999E-13  -1.276459E-29   2.197677E-26  -1.858218E-28   9.177345E-27
  1.665000000000E+00  -8.325000E-13  -4.999998E-13   9.695197E-29   2.146637E-26  -1.286578E-28   1.352592E-26
  1.670000000000E+00  -8.350000E-13  -4.999998E-13   1.983185E-28   1.877944E-26  -5.288991E-29   1.646447E-26
  1.675000000000E+00  -8.375000E-13  -4.999997E-13   2.827075E-28   1.469783E-26   3.285475E-29   1.741144E-26
  1.680000000000E+00  -8.400000E-13  -4.999996E-13   3.451414E-28   1.015571E-26   1.186304E-28   1.660170E-26
  1.685000000000E+00  -8.425000E-13  -4.999995E-13   3.823063E-28   4.725202E-27   1.964286E-28   1.424962E-26
  1.690000000000E+00  -8.450000E-13  -4.999994E-13   3.931550E-28  -3.351806E-28   2.592923E-28   1.074331E-26
  1.695000000000E+00  -8.475000E-13  -4.999992E-13   3.787804E-28  -5.567747E-27   3.038463E-28   6.981357E-27
  1.700000000000E+00  -8.500000E-13  -4.999989E-13   3.384880E-28  -1.030734E-26   3.291593E-28   3.171357E-27
  1.705000000000E+00  -8.525000E-13  -4.999987E-13   2.774650E-28  -1.391014E-26   3.347008E-28  -1.113017E-27
  1.710000000000E+00  -8.550000E-13  -4.999983E-13   2.014998E-28  -1.639453E-26   3.165293E-28  -6.236988E-27
  1.715000000000E+00  -8.575000E-13  -4.999979E-13   1.156724E-28  -1.776004E-26   2.726767E-28  -1.127621E-26
  1.720000000000E+00  -8.599999E-13  -4.999973E-13   2.545079E-29  -1.828739E-26   2.042966E-28  -1.596458E-26
  1.725000000000E+00  -8.624999E-13  -4.999966E-13  -6.543839E-29  -1.788949E-26   1.140525E-28  -1.992589E-26
  1.730000000000E+00  -8.649999E-13  -4.999957E-13  -1.518307E-28  -1.654096E-26   8.009292E-30  -2.217868E-26
  1.735000000000E+00  -8.674999E-13  -4.999946E-13  -2.291671E-28  -1.410384E-26  -1.052149E-28  -2.257171E-26
  1.740000000000E+00  -8.699999E-13  -4.999933E-13  -2.913627E-28  -1.038390E-26  -2.133820E-28  -2.028623E-26
  1.745000000000E+00  -8.724998E-13  -4.999916E-13  -3.303708E-28  -4.946849E-27  -3.041887E-28  -1.560329E-26
  1.750000000000E+00  -8.749998E-13  -4.999896E-13  -3.389991E-28   1.737577E-27  -3.655250E-28  -8.481584E-27
  1.755000000000E+00  -8.774997E-13  -4.999871E-13  -3.112160E-28   9.462419E-27  -3.866030E-28   4.460259E-28
  1.760000000000E+00  -8.799996E-13  -4.999841E-13  -2.451942E-28   1.668364E-26  -3.587853E-28   1.084433E-26
  1.765000000000E+00  -8.824996E-13  -4.999803E-13  -1.474322E-28   2.202232E-26  -2.772128E-28   2.156336E-26
  1.770000000000E+00  -8.849994E-13  -4.999757E-13  -2.781317E-29   2.543753E-26  -1.450574E-28   3.099487E-26
  1.775000000000E+00  -8.874993E-13  -4.999702E-13   1.025035E-28   2.603587E-26   2.636914E-29   3.690156E-26
  1.780000000000E+00  -8.899991E-13  -4.999634E-13   2.259173E-28   2.264627E-26   2.168418E-28   3.836874E-26
  1.785000000000E+00  -8.924989E-13  -4.999552E-13   3.226215E-28   1.558343E-26   4.010654E-28   3.425081E-26
  1.790000000000E+00  -8.949987E-13  -4.999452E-13   3.776762E-28   6.093267E-27   5.509804E-28   2.486986E-26
  1.795000000000E+00  -8.974984E-13  -4.999331E-13   3.818763E-28  -4.463449E-27   6.416962E-28   1.051191E-26
  1.800000000000E+00  -8.999980E-13  -4.999186E-13   3.343776E-28  -1.430610E-26   6.515991E-28  -6.860850E-27
  1.805000000000E+00  -9.024976E-13  -4.999010E-13   2.421331E-28  -2.204326E-26   5.724747E-28  -2.463618E-26
  1.810000000000E+00  -9.049970E-13  -4.998799E-13   1.193585E-28  -2.634815E-26   4.088447E-28  -4.002477E-26
  1.815000000000E+00  -9.074964E-13  -4.998545E-13  -1.535831E-29  -2.681538E-26   1.804860E-28  -5.017351E-26
  1.820000000000E+00  -9.099956E-13  -4.998239E-13  -1.444918E-28  -2.414121E-26  -8.113668E-29  -5.305505E-26
  1.825000000000E+00  -9.124946E-13  -4.997873E-13  -2.492004E-28  -1.722158E-26  -3.379409E-28  -4.838745E-26
  1.830000000000E+00  -9.149934E-13  -4.997434E-13  -3.156531E-28  -9.434226E-27  -5.536687E-28  -3.677305E-26
  1.835000000000E+00  -9.174920E-13  -4.996909E-13  -3.435844E-28  -1.801867E-27  -6.972506E-28  -1.991409E-26
  1.840000000000E+00  -9.199903E-13  -4.996280E-13  -3.352643E-28   4.669913E-27  -7.466268E-28   5.589916E-28
  1.845000000000E+00  -9.224883E-13  -4.995528E-13  -3.004006E-28   8.986541E-27  -6.911043E-28   2.135899E-26
  1.850000000000E+00  -9.249858E-13  -4.994628E-13  -2.482670E-28   1.158125E-26  -5.400663E-28   3.829394E-26
  1.855000000000E+00  -9.274829E-13  -4.993554E-13  -1.877223E-28   1.256401E-26  -3.175550E-28   4.945317E-26
  1.860000000000E+00  -9.299793E-13  -4.992270E-13  -1.252532E-28   1.214115E-26  -5.973762E-29   5.210497E-26
  1.865000000000E+00  -9.324751E-13  -4.990737E-13  -6.617510E-29   1.148792E-26   1.909750E-28   4.701830E-26
  1.870000000000E+00  -9.349700E-13  -4.988904E-13  -1.229958E-29   9.864451E-27   4.022490E-28   3.655436E-26
  1.875000000000E+00  -9.374639E-13  -4.986715E-13   3.325392E-29   8.534728E-27   5.504734E-28   2.231355E-26
  1.880000000000E+00  -9.399567E-13  -4.984099E-13   7.526673E-29   8.460720E-27   6.233180E-28   7.094564E-27
  1.885000000000E+00  -9.424480E-13  -4.980970E-13   1.198230E-28   9.474324E-27   6.256023E-28  -5.927276E-27
  1.890000000000E+00  -9.449375E-13  -4.977228E-13   1.708925E-28   1.117516E-26   5.692880E-28  -1.590783E-26
  1.895000000000E+00  -9.474251E-13  -4.972750E-13   2.307759E-28   1.242161E-26   4.721099E-28  -2.233025E-26
  1.900000000000E+00  -9.499102E-13  -4.967386E-13   2.926926E-28   1.185992E-26   3.525006E-28  -2.483098E-26
  1.905000000000E+00  -9.523923E-13  -4.960958E-13   3.430052E-28   7.856635E-27   2.298262E-28  -2.353750E-26
  1.910000000000E+00  -9.548709E-13  -4.953248E-13   3.654948E-28   4.715873E-28   1.200377E-28  -1.995804E-26
  1.915000000000E+00  -9.573453E-13  -4.943993E-13   3.446160E-28  -8.848323E-27   3.101241E-29  -1.576740E-26
  1.920000000000E+00  -9.598146E-13  -4.932874E-13   2.770933E-28  -1.793736E-26  -3.908501E-29  -1.246027E-26
  1.925000000000E+00  -9.622778E-13  -4.919505E-13   1.682758E-28  -2.493620E-26  -9.719468E-29  -1.104365E-26
  1.930000000000E+00  -9.647337E-13  -4.903414E-13   3.396267E-29  -2.787215E-26  -1.529825E-28  -1.176307E-26
  1.935000000000E+00  -9.671807E-13  -4.884032E-13  -1.034559E-28  -2.626065E-26  -2.144858E-28  -1.273330E-26
  1.940000000000E+00  -9.696171E-13  -4.860664E-13  -2.207901E-28  -1.989361E-26  -2.804774E-28  -1.350246E-26
  1.945000000000E+00  -9.720406E-13  -4.832467E-13  -2.955247E-28  -9.308292E-27  -3.441527E-28  -1.133298E-26
  1.950000000000E+00  -9.744486E-13  -4.798415E-13  -3.111057E-28   3.159191E-27  -3.894892E-28  -6.624727E-27
  1.955000000000E+00  -9.768379E-13  -4.757261E-13  -2.671759E-28   1.410740E-26  -4.077929E-28  -1.052199E-28
  1.960000000000E+00  -9.792045E-13  -4.707485E-13  -1.744049E-28   2.215290E-26  -3.872580E-28   8.606852E-27
  1.965000000000E+00  -9.815437E-13  -4.647241E-13  -5.385329E-29   2.525781E-26  -3.203833E-28   1.816432E-26
  1.970000000000E+00  -9.838497E-13  -4.574282E-13   7.076649E-29   2.356677E-26  -2.075589E-28   2.635812E-26
  1.975000000000E+00  -9.861155E-13  -4.485872E-13   1.740290E-28   1.724242E-26  -6.317122E-29   3.077716E-26
  1.980000000000E+00  -9.883326E-13  -4.378688E-13   2.390845E-28   8.463396E-27   9.210976E-29   3.039412E-26
  1.985000000000E+00  -9.904905E-13  -4.248685E-13   2.577331E-28  -8.917664E-28   2.321241E-28   2.471603E-26
  1.990000000000E+00  -9.925768E-13  -4.090946E-13   2.320961E-28  -8.962758E-27   3.325696E-28   1.481779E-26
  1.995000000000E+00  -9.945761E-13  -3.899496E-13   1.726486E-28  -1.416441E-26   3.773967E-28   2.978056E-27
  2.000000000000E+00  -9.964698E-13  -3.667076E-13   9.703681E-29  -1.510937E-26   3.608754E-28  -9.664797E-27
  2.005000000000E+00  -9.982352E-13  -3.384871E-13   2.779180E-29  -1.213841E-26   2.832200E-28  -2.106776E-26
  2.010000000000E+00  -9.998450E-13  -3.042182E-13  -1.836222E-29  -5.845251E-27   1.550030E-28  -2.931663E-26
  2.015000000000E+00  -1.001266E-12  -2.626028E-13  -2.998477E-29   1.152686E-27  -1.971113E-30  -3.246512E-26
  2.020000000000E+00  -1.002457E-12  -2.120673E-13  -6.211480E-30   8.257986E-27  -1.591314E-28  -2.939573E-26
  2.025000000000E+00  -1.003369E-12  -1.507047E-13   4.857194E-29   1.327122E-26  -2.891244E-28  -2.190784E-26
  2.030000000000E+00  -1.003943E-12  -7.620589E-14   1.209651E-28   1.488705E-26  -3.744992E-28  -1.195527E-26
  2.035000000000E+00  -1.004106E-12   1.422368E-14   1.919537E-28   1.275868E-26  -4.072535E-28  -1.265925E-27
  2.040000000000E+00  -1.003770E-12   1.239633E-13   2.422993E-28   6.884014E-27  -3.900763E-28   7.675047E-27
  2.045000000000E+00  -1.002829E-12   2.570965E-13   2.572964E-28  -1.206977E-27  -3.353544E-28   1.356336E-26
  2.050000000000E+00  -1.001153E-12   4.185541E-13   2.302714E-28  -9.450812E-27  -2.604057E-28   1.567752E-26
  2.055000000000E+00  -9.985883E-13   6.142853E-13   1.638841E-28  -1.685945E-26  -1.835080E-28   1.475753E-26
  2.060000000000E+00  -9.949444E-13   8.514621E-13   6.567656E-29  -2.187942E-26  -1.166040E-28   1.156810E-26
  2.065000000000E+00  -9.899937E-13   1.138723E-12  -5.008803E-29  -2.363039E-26  -6.939660E-29   6.805737E-27
  2.070000000000E+00  -9.834605E-13   1.486466E-12  -1.641276E-28  -2.148278E-26  -5.205245E-29  -5.909053E-29
  2.075000000000E+00  -9.750124E-13   1.907191E-12  -2.627224E-28  -1.771641E-26  -6.932741E-29  -6.752394E-27
  2.080000000000E+00  -9.642480E-13   2.415916E-12  -3.382017E-28  -1.222572E-26  -1.169958E-28  -1.166939E-26
  2.085000000000E+00  -9.506838E-13   3.030666E-12  -3.860022E-28  -7.103412E-27  -1.811303E-28  -1.310135E-26
  2.090000000000E+00  -9.337374E-13   3.773055E-12  -4.118373E-28  -3.509221E-27  -2.421047E-28  -1.073121E-26
  2.095000000000E+00  -9.127079E-13   4.668971E-12  -4.212737E-28  -2.957598E-28  -2.858124E-28  -6.307993E-27
  2.100000000000E+00  -8.867528E-13   5.749398E-12  -4.137372E-28   3.781815E-27  -3.023207E-28  -2.994829E-28
  2.105000000000E+00  -8.548599E-13   7.051377E-12  -3.823901E-28   8.678023E-27  -2.894726E-28   5.184062E-27
  2.110000000000E+00  -8.158143E-13   8.619145E-12  -3.287060E-28   1.269842E-26  -2.554387E-28   7.788097E-27
  2.115000000000E+00  -7.681594E-13   1.050548E-11  -2.572198E-28   1.592618E-26  -2.187124E-28   6.104051E-27
  2.120000000000E+00  -7.101499E-13   1.277328E-11  -1.705253E-28   1.844965E-26  -2.033174E-28  -9.647851E-28
  2.125000000000E+00  -6.396973E-13   1.549743E-11  -7.748439E-29   1.804683E-26  -2.369052E-28  -1.352236E-26
  2.130000000000E+00  -5.543039E-13   1.876699E-11   2.822197E-30   1.302588E-26  -3.465662E-28  -3.089299E-26
  2.135000000000E+00  -4.509866E-13   2.268775E-11   4.344975E-29   2.152344E-27  -5.503259E-28  -5.081047E-26
  2.140000000000E+00  -3.261851E-13   2.738524E-11   1.602936E-29  -1.401762E-26  -8.562926E-28  -7.131010E-26
  2.145000000000E+00  -1.756550E-13   3.300824E-11  -1.051674E-28  -3.534367E-26  -1.260142E-27  -8.962670E-26
  2.150000000000E+00   5.658131E-15   3.973293E-11  -3.429169E-28  -6.024053E-26  -1.746447E-27  -1.041386E-25
  2.155000000000E+00   2.237680E-13   4.776762E-11  -7.096726E-28  -8.663431E-26  -2.297328E-27  -1.158230E-25
  2.160000000000E+00   4.858213E-13   5.735838E-11  -1.205393E-27  -1.107827E-25  -2.901932E-27  -1.255946E-25
  2.165000000000E+00   8.003028E-13   6.879552E-11  -1.812198E-27  -1.313655E-25  -3.547869E-27  -1.327050E-25
  2.170000000000E+00   1.177274E-12   8.242117E-11  -2.507530E-27  -1.446923E-25  -4.225656E-27  -1.380690E-25
  2.175000000000E+00   1.628656E-12   9.863800E-11  -3.247395E-27  -1.502019E-25  -4.930222E-27  -1.421440E-25
  2.180000000000E+00   2.168553E-12   1.179194E-10  -3.995286E-27  -1.480396E-25  -5.660236E-27  -1.507929E-25
  2.185000000000E+00   2.813637E-12   1.408213E-10  -4.726419E-27  -1.439231E-25  -6.460106E-27  -1.717499E-25
  2.190000000000E+00   3.583594E-12   1.679954E-10  -5.445827E-27  -1.450873E-25  -7.372745E-27  -1.947029E-25
  2.195000000000E+00   4.501641E-12   2.002054E-10  -6.199664E-27  -1.591419E-25  -8.426096E-27  -2.307955E-25
  2.200000000000E+00   5.595126E-12   2.383445E-10  -7.058868E-27  -1.867103E-25  -9.683029E-27  -2.763687E-25
  2.205000000000E+00   6.896231E-12   2.834563E-10  -8.099699E-27  -2.332815E-25  -1.119610E-26  -3.307572E-25
  2.210000000000E+00   8.442781E-12   3.367587E-10  -9.419791E-27  -2.970673E-25  -1.304283E-26  -4.079322E-25
  2.215000000000E+00   1.027918E-11   3.996709E-10  -1.110663E-26  -3.805627E-25  -1.533530E-26  -5.123847E-25
  2.220000000000E+00   1.245749E-11   4.738451E-10  -1.324521E-26  -4.787780E-25  -1.824851E-26  -6.567552E-25
  2.225000000000E+00   1.503870E-11   5.612016E-10  -1.589408E-26  -5.765774E-25  -2.191683E-26  -8.137665E-25
  2.230000000000E+00   1.809415E-11   6.639699E-10  -1.899069E-26  -6.599065E-25  -2.637286E-26  -9.727738E-25
  2.235000000000E+00   2.170717E-11   7.847351E-10  -2.250412E-26  -7.439009E-25  -3.161662E-26  -1.133112E-24
  2.240000000000E+00   2.597505E-11   9.264904E-10  -2.647694E-26  -8.495176E-25  -3.770398E-26  -1.298107E-24
  2.245000000000E+00   3.101117E-11   1.092697E-09  -3.103589E-26  -9.815801E-25  -4.460434E-26  -1.480399E-24
  2.250000000000E+00   3.694751E-11   1.287353E-09  -3.632334E-26  -1.134267E-24  -5.256120E-26  -1.707933E-24
  2.255000000000E+00   4.393755E-11   1.515068E-09  -4.248301E-26  -1.338515E-24  -6.184866E-26  -2.001996E-24
  2.260000000000E+00   5.215953E-11   1.781153E-09  -4.983823E-26  -1.625260E-24  -7.270890E-26  -2.363921E-24
  2.265000000000E+00   6.182019E-11   2.091717E-09  -5.878418E-26  -1.956580E-24  -8.563956E-26  -2.807012E-24
  2.270000000000E+00   7.315903E-11   2.453774E-09  -6.946524E-26  -2.325823E-24  -1.008695E-25  -3.291352E-24
  2.275000000000E+00   8.645313E-11   2.875375E-09  -8.202378E-26  -2.699723E-24  -1.186249E-25  -3.818271E-24
  2.280000000000E+00   1.020227E-10   3.365739E-09  -9.644783E-26  -3.084933E-24  -1.392012E-25  -4.467606E-24
  2.285000000000E+00   1.202373E-10   3.935415E-09  -1.129529E-25  -3.541330E-24  -1.634873E-25  -5.313871E-24
  2.290000000000E+00   1.415229E-10   4.596451E-09  -1.319410E-25  -4.021678E-24  -1.923666E-25  -6.229326E-24
  2.295000000000E+00   1.663699E-10   5.362595E-09  -1.533427E-25  -4.609806E-24  -2.254825E-25  -7.054301E-24
  2.300000000000E+00   1.953420E-10   6.249507E-09  -1.781455E-25  -5.362928E-24  -2.629415E-25  -7.985724E-24
  2.305000000000E+00   2.290866E-10   7.275003E-09  -2.072461E-25  -6.297012E-24  -3.048501E-25  -8.826666E-24
  2.310000000000E+00   2.683460E-10   8.459320E-09  -2.413524E-25  -7.380124E-24  -3.524749E-25  -1.029033E-23
  2.315000000000E+00   3.139704E-10   9.825419E-09  -2.811032E-25  -8.564362E-24  -4.074127E-25  -1.181786E-23
  2.320000000000E+00   3.669324E-10   1.139931E-08  -3.270386E-25  -9.809807E-24  -4.715051E-25  -1.387232E-23
  2.325000000000E+00   4.283428E-10   1.321040E-08  -3.792013E-25  -1.103662E-23  -5.468172E-25  -1.617160E-23
  2.330000000000E+00   4.994689E-10   1.529193E-08  -4.376337E-25  -1.239916E-23  -6.339024E-25  -1.830057E-23
  2.335000000000E+00   5.817545E-10   1.768138E-08  -5.035123E-25  -1.398258E-23  -7.300571E-25  -2.026986E-23
  2.340000000000E+00   6.768425E-10   2.042096E-08  -5.783484E-25  -1.604768E-23  -8.378784E-25  -2.267560E-23
  2.345000000000E+00   7.865998E-10   2.355813E-08  -6.657455E-25  -1.887388E-23  -9.574091E-25  -2.506004E-23
  2.350000000000E+00   9.131449E-10   2.714621E-08  -7.676834E-25  -2.172670E-23  -1.088521E-24  -2.765738E-23
  2.355000000000E+00   1.058879E-09   3.124498E-08  -8.832892E-25  -2.470193E-23  -1.237389E-24  -3.197918E-23
  2.360000000000E+00   1.226518E-09   3.592135E-08  -1.013425E-24  -2.750685E-23  -1.410570E-24  -3.751450E-23
  2.365000000000E+00   1.419135E-09   4.125014E-08  -1.159369E-24  -3.120060E-23  -1.609511E-24  -4.287949E-23
  2.370000000000E+00   1.640197E-09   4.731488E-08  -1.328284E-24  -3.648044E-23  -1.838684E-24  -4.892576E-23
  2.375000000000E+00   1.893610E-09   5.420865E-08  -1.523279E-24  -4.161125E-23  -2.104985E-24  -5.863385E-23
  2.380000000000E+00   2.183775E-09   6.203506E-08  -1.747505E-24  -4.823234E-23  -2.422893E-24  -6.851226E-23
  2.385000000000E+00   2.515636E-09   7.090920E-08  -2.007050E-24  -5.556663E-23  -2.794195E-24  -7.936999E-23
  2.390000000000E+00   2.894747E-09   8.095881E-08  -2.303022E-24  -6.280512E-23  -3.218211E-24  -8.975935E-23
  2.395000000000E+00   3.327331E-09   9.232537E-08  -2.636507E-24  -7.072488E-23  -3.686509E-24  -9.819006E-23
  2.400000000000E+00   3.820357E-09   1.051654E-07  -3.009334E-24  -7.826142E-23  -4.196535E-24  -1.063653E-22
  2.405000000000E+00   4.381617E-09   1.196516E-07  -3.422697E-24  -8.652181E-23  -4.762765E-24  -1.200758E-22
  2.410000000000E+00   5.019811E-09   1.359746E-07  -3.873147E-24  -9.388804E-23  -5.398996E-24  -1.341270E-22
  2.415000000000E+00   5.744636E-09   1.543441E-07  -4.364260E-24  -1.034684E-22  -6.109997E-24  -1.508181E-22
  2.420000000000E+00   6.566894E-09   1.749907E-07  -4.920818E-24  -1.207130E-22  -6.928978E-24  -1.760251E-22
  2.425000000000E+00   7.498589E-09   1.981672E-07  -5.582717E-24  -1.456219E-22  -7.872973E-24  -2.012321E-22
  2.430000000000E+00   8.553055E-09   2.241508E-07  -6.382402E-24  -1.758533E-22  -8.950496E-24  -2.305266E-22
  2.435000000000E+00   9.745072E-09   2.532445E-07  -7.342271E-24  -2.048498E-22  -1.020276E-23  -2.710622E-22
  2.440000000000E+00   1.109100E-08   2.857793E-07  -8.417530E-24  -2.259691E-22  -1.161649E-23  -2.950769E-22
  2.445000000000E+00   1.260895E-08   3.221160E-07  -9.595235E-24  -2.444486E-22  -1.314672E-23  -3.155150E-22
  2.450000000000E+00   1.431887E-08   3.626471E-07  -1.085316E-23  -2.571372E-22  -1.474848E-23  -3.257340E-22
  2.455000000000E+00   1.624281E-08   4.077992E-07  -1.215877E-23  -2.662492E-22  -1.644358E-23  -3.499191E-22
  2.460000000000E+00   1.840500E-08   4.580350E-07  -1.350134E-23  -2.699962E-22  -1.826266E-23  -3.856858E-22
  2.465000000000E+00   2.083209E-08   5.138555E-07  -1.487117E-23  -2.795340E-22  -2.029294E-23  -4.282651E-22
  2.470000000000E+00   2.355335E-08   5.758021E-07  -1.633449E-23  -3.130865E-22  -2.257256E-23  -4.820854E-22
  2.475000000000E+00   2.660085E-08   6.444591E-07  -1.804785E-23  -3.741453E-22  -2.515739E-23  -5.611126E-22
  2.480000000000E+00   3.000968E-08   7.204559E-07  -2.011836E-23  -4.548757E-22  -2.817279E-23  -6.530840E-22
  2.485000000000E+00   3.381823E-08   8.044691E-07  -2.261330E-23  -5.465064E-22  -3.170867E-23  -7.668560E-22
  2.490000000000E+00   3.806836E-08   8.972251E-07  -2.556843E-23  -6.299619E-22  -3.592583E-23  -9.228667E-22
  2.495000000000E+00   4.280571E-08   9.995021E-07  -2.882776E-23  -6.732225E-22  -4.093189E-23  -1.076834E-21
  2.500000000000E+00   4.807994E-08   1.112132E-06  -3.229487E-23  -7.198895E-22  -4.661241E-23  -1.183793E-21
  2.505000000000E+00   5.394501E-08   1.236003E-06  -3.603278E-23  -7.670674E-22  -5.271532E-23  -1.249195E-21
  2.510000000000E+00   6.045947E-08   1.372062E-06  -4.003060E-23  -8.345131E-22  -5.906621E-23  -1.295521E-21
  2.515000000000E+00   6.768674E-08   1.521316E-06  -4.434010E-23  -8.941242E-22  -6.564328E-23  -1.336397E-21
  2.520000000000E+00   7.569544E-08   1.684831E-06  -4.899433E-23  -9.659981E-22  -7.228302E-23  -1.333672E-21
  2.525000000000E+00   8.455968E-08   1.863741E-06  -5.397011E-23  -1.033103E-21  -7.892005E-23  -1.320047E-21
  2.530000000000E+00   9.435939E-08   2.059241E-06  -5.940983E-23  -1.161522E-21  -8.549439E-23  -1.332310E-21
  2.535000000000E+00   1.051807E-07   2.272594E-06  -6.557716E-23  -1.297095E-21  -9.231127E-23  -1.378636E-21
  2.540000000000E+00   1.171160E-07   2.505130E-06  -7.235422E-23  -1.405417E-21  -9.937341E-23  -1.479464E-21
  2.545000000000E+00   1.302649E-07   2.758246E-06  -7.960476E-23  -1.492279E-21  -1.070841E-22  -1.612993E-21
  2.550000000000E+00   1.447338E-07   3.033408E-06  -8.731243E-23  -1.583909E-21  -1.156450E-22  -1.803748E-21
  2.555000000000E+00   1.606367E-07   3.332149E-06  -9.538662E-23  -1.632280E-21  -1.251706E-22  -2.078981E-21
  2.560000000000E+00   1.780955E-07   3.656071E-06  -1.036216E-22  -1.654080E-21  -1.363313E-22  -2.365114E-21
  2.565000000000E+00   1.972403E-07   4.006843E-06  -1.117775E-22  -1.614567E-21  -1.490561E-22  -2.746625E-21
  2.570000000000E+00   2.182097E-07   4.386202E-06  -1.200548E-22  -1.714032E-21  -1.638466E-22  -3.155387E-21
  2.575000000000E+00   2.411510E-07   4.795948E-06  -1.290092E-22  -1.897975E-21  -1.805010E-22  -3.444245E-21
  2.580000000000E+00   2.662208E-07   5.237945E-06  -1.393288E-22  -2.282211E-21  -1.983871E-22  -3.613200E-21
  2.585000000000E+00   2.935851E-07   5.714120E-06  -1.522414E-22  -2.914429E-21  -2.166439E-22  -3.705852E-21
  2.590000000000E+00   3.234198E-07   6.226456E-06  -1.683627E-22  -3.523484E-21  -2.353476E-22  -3.765804E-21
  2.595000000000E+00   3.559108E-07   6.776992E-06  -1.871506E-22  -3.947233E-21  -2.539422E-22  -3.754904E-21
  2.600000000000E+00   3.912542E-07   7.367820E-06  -2.078051E-22  -4.241542E-21  -2.728530E-22  -3.885708E-21
  2.605000000000E+00   4.296569E-07   8.001078E-06  -2.290537E-22  -4.306943E-21  -2.931917E-22  -4.305369E-21
  2.610000000000E+00   4.713364E-07   8.678948E-06  -2.506620E-22  -4.297406E-21  -3.161247E-22  -5.002989E-21
  2.615000000000E+00   5.165213E-07   9.403650E-06  -2.713737E-22  -3.944508E-21  -3.429818E-22  -5.776911E-21
  2.620000000000E+00   5.654514E-07   1.017744E-05  -2.901861E-22  -3.583435E-21  -3.740246E-22  -6.387329E-21
  2.625000000000E+00   6.183779E-07   1.100259E-05  -3.073525E-22  -3.344991E-21  -4.064845E-22  -6.747039E-21
  2.630000000000E+00   6.755632E-07   1.188142E-05  -3.244045E-22  -3.541197E-21  -4.416694E-22  -7.259354E-21
  2.635000000000E+00   7.372816E-07   1.281622E-05  -3.430642E-22  -3.936333E-21  -4.796230E-22  -7.902472E-21
  2.640000000000E+00   8.038187E-07   1.380933E-05  -3.636779E-22  -4.432297E-21  -5.204761E-22  -8.153179E-21
  2.645000000000E+00   8.754719E-07   1.486307E-05  -3.884581E-22  -5.595905E-21  -5.608278E-22  -7.956974E-21
  2.650000000000E+00   9.525501E-07   1.597976E-05  -4.202146E-22  -7.149200E-21  -5.996317E-22  -7.738967E-21
  2.655000000000E+00   1.035374E-06   1.716169E-05  -4.594705E-22  -8.585315E-21  -6.370403E-22  -7.368357E-21
  2.660000000000E+00   1.124275E-06   1.841114E-05  -5.055718E-22  -9.571794E-21  -6.729664E-22  -7.128550E-21
  2.665000000000E+00   1.219597E-06   1.973037E-05  -5.542837E-22  -9.939679E-21  -7.090234E-22  -7.215753E-21
  2.670000000000E+00   1.321694E-06   2.112158E-05  -6.037151E-22  -9.729848E-21  -7.462140E-22  -7.738967E-21
  2.675000000000E+00   1.430931E-06   2.258693E-05  -6.511081E-22  -9.247509E-21  -7.882443E-22  -9.570220E-21
  2.680000000000E+00   1.547685E-06   2.412854E-05  -6.961575E-22  -8.770621E-21  -8.429626E-22  -1.236070E-20
  2.685000000000E+00   1.672342E-06   2.574844E-05  -7.363453E-22  -7.040196E-21  -9.093660E-22  -1.419195E-20
  2.690000000000E+00   1.805298E-06   2.744862E-05  -7.666902E-22  -5.116292E-21  -9.900271E-22  -1.768005E-20
  2.695000000000E+00   1.946960E-06   2.923098E-05  -7.878244E-22  -3.622949E-21  -1.086603E-21  -2.057953E-20
  2.700000000000E+00   2.097742E-06   3.109732E-05  -8.044948E-22  -3.549372E-21  -1.197436E-21  -2.367522E-20
  2.705000000000E+00   2.258070E-06   3.304938E-05  -8.262721E-22  -5.312497E-21  -1.321262E-21  -2.550647E-20
  2.710000000000E+00   2.428376E-06   3.508879E-05  -8.627920E-22  -1.031574E-20  -1.447617E-21  -2.450365E-20
  2.715000000000E+00   2.609100E-06   3.721707E-05  -9.289390E-22  -1.600025E-20  -1.568391E-21  -2.328281E-20
  2.720000000000E+00   2.800691E-06   3.943564E-05  -1.022130E-21  -2.087814E-20  -1.676521E-21  -1.996912E-20
  2.725000000000E+00   3.003603E-06   4.174582E-05  -1.139661E-21  -2.593589E-20  -1.768082E-21  -1.674262E-20
  2.730000000000E+00   3.218298E-06   4.414878E-05  -1.278469E-21  -2.948394E-20  -1.847261E-21  -1.491137E-20
  2.735000000000E+00   3.445241E-06   4.664562E-05  -1.430685E-21  -3.114078E-20  -1.920161E-21  -1.495497E-20
  2.740000000000E+00   3.684906E-06   4.923728E-05  -1.586389E-21  -3.055217E-20  -1.997944E-21  -1.652462E-20
  2.745000000000E+00   3.937767E-06   5.192460E-05  -1.732566E-21  -2.787614E-20  -2.089855E-21  -2.088474E-20
  2.750000000000E+00   4.204306E-06   5.470829E-05  -1.863123E-21  -2.424634E-20  -2.206443E-21  -2.520127E-20
  2.755000000000E+00   4.485005E-06   5.758893E-05  -1.975356E-21  -2.072554E-20  -2.349715E-21  -3.217746E-20
  2.760000000000E+00   4.780351E-06   6.056699E-05  -2.070760E-21  -1.776610E-20  -2.525253E-21  -3.793283E-20
  2.765000000000E+00   5.090831E-06   6.364282E-05  -2.157290E-21  -1.741184E-20  -2.732881E-21  -4.464742E-20
  2.770000000000E+00   5.416936E-06   6.681665E-05  -2.241782E-21  -1.624551E-20  -2.970506E-21  -4.987957E-20
  2.775000000000E+00   5.759155E-06   7.008859E-05  -2.327506E-21  -1.857818E-20  -3.227316E-21  -5.249564E-20
  2.780000000000E+00   6.117979E-06   7.345864E-05  -2.429210E-21  -2.291650E-20  -3.495288E-21  -5.362928E-20
  2.785000000000E+00   6.493898E-06   7.692671E-05  -2.557293E-21  -2.862281E-20  -3.765702E-21  -5.450130E-20
  2.790000000000E+00   6.887402E-06   8.049260E-05  -2.719689E-21  -3.705965E-20  -4.041522E-21  -5.476291E-20
  2.795000000000E+00   7.298980E-06   8.415602E-05  -2.932184E-21  -4.940971E-20  -4.308971E-21  -5.197243E-20
  2.800000000000E+00   7.729118E-06   8.791660E-05  -3.213012E-21  -6.037542E-20  -4.560025E-21  -4.769951E-20
  2.805000000000E+00   8.178301E-06   9.177390E-05  -3.525779E-21  -6.524786E-20  -4.780908E-21  -4.107212E-20
  2.810000000000E+00   8.647011E-06   9.572741E-05  -3.860106E-21  -6.739522E-20  -4.974758E-21  -3.592717E-20
  2.815000000000E+00   9.135728E-06   9.977656E-05  -4.182748E-21  -5.981950E-20  -5.144540E-21  -3.182865E-20
  2.820000000000E+00   9.644929E-06   1.039207E-04  -4.450279E-21  -4.660833E-20  -5.304381E-21  -3.313669E-20
  2.825000000000E+00   1.017509E-05   1.081593E-04  -4.651622E-21  -3.549001E-20  -5.475907E-21  -3.706080E-20
  2.830000000000E+00   1.072667E-05   1.124917E-04  -4.807010E-21  -2.812140E-20  -5.677779E-21  -4.368819E-20
  2.835000000000E+00   1.130015E-05   1.169172E-04  -4.932378E-21  -2.225703E-20  -5.928136E-21  -5.746619E-20
  2.840000000000E+00   1.189599E-05   1.214352E-04  -5.041265E-21  -2.164661E-20  -6.244070E-21  -7.037215E-20
  2.845000000000E+00   1.251465E-05   1.260451E-04  -5.156300E-21  -2.522192E-20  -6.620696E-21  -7.909240E-20
  2.850000000000E+00   1.315659E-05   1.307463E-04  -5.286661E-21  -2.758728E-20  -7.013716E-21  -7.665073E-20
  2.855000000000E+00   1.382226E-05   1.355385E-04  -5.445014E-21  -3.623123E-20  -7.374995E-21  -6.566322E-20
  2.860000000000E+00   1.451212E-05   1.404212E-04  -5.651764E-21  -4.400315E-20  -7.659536E-21  -4.525784E-20
  2.865000000000E+00   1.522662E-05   1.453943E-04  -5.868084E-21  -3.945772E-20  -7.778740E-21   1.482696E-21
  2.870000000000E+00   1.596621E-05   1.504576E-04  -6.034024E-21  -2.554892E-20  -7.659010E-21   4.735120E-20
  2.875000000000E+00   1.673134E-05   1.556112E-04  -6.114112E-21  -6.266274E-21  -7.298601E-21   9.356852E-20
  2.880000000000E+00   1.752246E-05   1.608554E-04  -6.081448E-21   2.400389E-20  -6.758903E-21   1.216477E-19
  2.885000000000E+00   1.834004E-05   1.661908E-04  -5.877387E-21   5.799106E-20  -6.114214E-21   1.305424E-19
  2.890000000000E+00   1.918452E-05   1.716180E-04  -5.520264E-21   8.298547E-20  -5.496034E-21   1.132763E-19
  2.895000000000E+00   2.005637E-05   1.771383E-04  -5.079448E-21   8.757450E-20  -5.011100E-21   7.734886E-20
  2.900000000000E+00   2.095605E-05   1.827530E-04  -4.660782E-21   7.453773E-20  -4.769286E-21   1.857438E-20
  2.905000000000E+00   2.188405E-05   1.884638E-04  -4.362194E-21   4.349365E-20  -4.843843E-21  -4.787391E-20
  2.910000000000E+00   2.284085E-05   1.942731E-04  -4.248540E-21  -1.982452E-21  -5.233724E-21  -1.117061E-19
  2.915000000000E+00   2.382694E-05   2.001835E-04  -4.391807E-21  -5.029263E-20  -5.922884E-21  -1.561794E-19
  2.920000000000E+00   2.484285E-05   2.061980E-04  -4.717392E-21  -7.700929E-20  -6.747731E-21  -1.694342E-19
  2.925000000000E+00   2.588910E-05   2.123203E-04  -5.153812E-21  -9.277114E-20  -7.562114E-21  -1.579235E-19
  2.930000000000E+00   2.696623E-05   2.185547E-04  -5.621297E-21  -9.303275E-20  -8.254413E-21  -1.146710E-19
  2.935000000000E+00   2.807483E-05   2.249059E-04  -6.061423E-21  -7.869884E-20  -8.718591E-21  -7.246501E-20
  2.940000000000E+00   2.921549E-05   2.313794E-04  -6.389733E-21  -5.182957E-20  -8.958832E-21  -2.467805E-20
  2.945000000000E+00   3.038883E-05   2.379813E-04  -6.581158E-21  -2.748918E-20  -8.980021E-21   1.264461E-20
  2.950000000000E+00   3.159552E-05   2.447185E-04  -6.700422E-21  -2.373947E-20  -8.858198E-21   2.973630E-20
  2.955000000000E+00   3.283624E-05   2.515987E-04  -6.900392E-21  -5.870767E-20  -8.708470E-21   2.450415E-20
  2.960000000000E+00   3.411174E-05   2.586302E-04  -7.252923E-21  -8.157652E-20  -8.634085E-21  -1.307784E-21
  2.965000000000E+00   3.542280E-05   2.658222E-04  -7.739178E-21  -1.136670E-19  -8.726431E-21  -3.688640E-20
  2.970000000000E+00   3.677024E-05   2.731850E-04  -8.399490E-21  -1.539764E-19  -9.008530E-21  -7.699954E-20
  2.975000000000E+00   3.815494E-05   2.807294E-04  -9.267214E-21  -1.933701E-19  -9.520843E-21  -1.279258E-19
  2.980000000000E+00   3.957784E-05   2.884673E-04  -1.034675E-20  -2.381050E-19  -1.022849E-20  -1.446687E-19
  2.985000000000E+00   4.103995E-05   2.964118E-04  -1.158286E-20  -2.502043E-19  -1.094381E-20  -1.439711E-19
  2.990000000000E+00   4.254231E-05   3.045764E-04  -1.281304E-20  -2.322406E-19  -1.168076E-20  -1.457151E-19
  2.995000000000E+00   4.408609E-05   3.129762E-04  -1.377717E-20  -1.450381E-19  -1.240933E-20  -1.376925E-19
  3.000000000000E+00   4.567248E-05   3.216270E-04  -1.427799E-20  -5.657121E-20  -1.304443E-20  -1.167639E-19
  3.005000000000E+00   4.730278E-05   3.305455E-04  -1.432173E-20   4.525950E-20  -1.358186E-20  -9.304480E-20
  3.010000000000E+00   4.897839E-05   3.397498E-04  -1.383093E-20   1.477224E-19  -1.399092E-20  -6.444239E-20
  3.015000000000E+00   5.070077E-05   3.492589E-04  -1.286409E-20   2.324178E-19  -1.426046E-20  -4.804832E-20
  3.020000000000E+00   5.247150E-05   3.590929E-04  -1.164313E-20   2.460214E-19  -1.453419E-20  -6.618644E-20
  3.025000000000E+00   5.429225E-05   3.692732E-04  -1.046304E-20   2.150209E-19  -1.498232E-20  -1.178103E-19
  3.030000000000E+00   5.616482E-05   3.798220E-04  -9.571756E-21   1.377813E-19  -1.575903E-20  -1.875723E-19
  3.035000000000E+00   5.809110E-05   3.907632E-04  -9.185464E-21  -8.500838E-21  -1.677433E-20  -2.172211E-19
  3.040000000000E+00   6.007312E-05   4.021215E-04  -9.699799E-21  -1.977738E-19  -1.786637E-20  -2.105938E-19
  3.045000000000E+00   6.211302E-05   4.139231E-04  -1.117397E-20  -3.835805E-19  -1.873795E-20  -1.387389E-19
  3.050000000000E+00   6.421310E-05   4.261956E-04  -1.340794E-20  -4.917770E-19  -1.912400E-20  -2.014352E-20
  3.055000000000E+00   6.637578E-05   4.389679E-04  -1.594411E-20  -5.005627E-19  -1.891288E-20   1.047304E-19
  3.060000000000E+00   6.860363E-05   4.522705E-04  -1.830182E-20  -4.330026E-19  -1.810041E-20   2.156520E-19
  3.065000000000E+00   7.089938E-05   4.661355E-04  -2.013461E-20  -2.877450E-19  -1.688891E-20   2.728568E-19
  3.070000000000E+00   7.326594E-05   4.805967E-04  -2.112760E-20  -1.002161E-19  -1.531743E-20   3.433164E-19
  3.075000000000E+00   7.570636E-05   4.956895E-04  -2.106814E-20   1.230659E-19  -1.354364E-20   3.461069E-19
  3.080000000000E+00   7.822391E-05   5.114518E-04  -1.994604E-20   3.212336E-19  -1.199170E-20   2.561140E-19
  3.085000000000E+00   8.082201E-05   5.279231E-04  -1.789784E-20   4.915836E-19  -1.108575E-20   9.217328E-20
  3.090000000000E+00   8.350434E-05   5.451456E-04  -1.517138E-20   5.823178E-19  -1.114810E-20  -1.394365E-19
  3.095000000000E+00   8.627474E-05   5.631637E-04  -1.218828E-20   5.908201E-19  -1.240059E-20  -3.431415E-19
  3.100000000000E+00   8.913732E-05   5.820249E-04  -9.428602E-21   4.953333E-19  -1.461998E-20  -5.224299E-19
  3.105000000000E+00   9.209642E-05   6.017793E-04  -7.424530E-21   2.897535E-19  -1.751327E-20  -6.068419E-19
  3.110000000000E+00   9.515663E-05   6.224805E-04  -6.581994E-21   3.015166E-20  -2.059073E-20  -6.138181E-19
  3.115000000000E+00   9.832283E-05   6.441855E-04  -7.208907E-21  -2.781963E-19  -2.346588E-20  -4.966179E-19
  3.120000000000E+00   1.016002E-04   6.669551E-04  -9.361080E-21  -5.810506E-19  -2.549133E-20  -2.929129E-19
  3.125000000000E+00   1.049942E-04   6.908543E-04  -1.289995E-20  -8.196802E-19  -2.643687E-20  -9.269599E-20
  3.130000000000E+00   1.085107E-04   7.159525E-04  -1.742193E-20  -9.606866E-19  -2.640015E-20   9.496376E-20
  3.135000000000E+00   1.121558E-04   7.423239E-04  -2.212504E-20  -8.823788E-19  -2.552909E-20   2.386735E-19
  3.140000000000E+00   1.159361E-04   7.700479E-04  -2.611692E-20  -7.066222E-19  -2.412783E-20   2.972735E-19
  3.145000000000E+00   1.198585E-04   7.992096E-04  -2.895922E-20  -4.184179E-19  -2.270843E-20   2.442544E-19
  3.150000000000E+00   1.239306E-04   8.299001E-04  -3.035918E-20  -1.522759E-19  -2.196433E-20   1.543509E-20
  3.155000000000E+00   1.281601E-04   8.622167E-04  -3.075108E-20  -9.961480E-21  -2.291963E-20  -4.059273E-19
  3.160000000000E+00   1.325555E-04   8.962638E-04  -3.057303E-20   6.494546E-20  -2.593710E-20  -8.007802E-19
  3.165000000000E+00   1.371257E-04   9.321530E-04  -3.025720E-20   2.491952E-20  -3.052282E-20  -1.017042E-18
  3.170000000000E+00   1.418802E-04   9.700037E-04  -3.057480E-20  -1.589033E-19  -3.598753E-20  -1.159357E-18
  3.175000000000E+00   1.468291E-04   1.009944E-03  -3.196081E-20  -4.025471E-19  -4.201314E-20  -1.213771E-18
  3.180000000000E+00   1.519832E-04   1.052109E-03  -3.458946E-20  -6.220357E-19  -4.764528E-20  -1.001695E-18
  3.185000000000E+00   1.573540E-04   1.096645E-03  -3.807077E-20  -7.531011E-19  -5.171476E-20  -5.970752E-19
  3.190000000000E+00   1.629537E-04   1.143708E-03  -4.175230E-20  -6.742700E-19  -5.327281E-20   1.482696E-21
  3.195000000000E+00   1.687954E-04   1.193463E-03  -4.443310E-20  -3.562426E-19  -5.134275E-20   7.674694E-19
  3.200000000000E+00   1.748929E-04   1.246084E-03  -4.479151E-20   2.490299E-19  -4.565671E-20   1.494389E-18
  3.205000000000E+00   1.812611E-04   1.301760E-03  -4.195849E-20   8.563952E-19  -3.662210E-20   2.078995E-18
  3.210000000000E+00   1.879157E-04   1.360689E-03  -3.644173E-20   1.308104E-18  -2.529092E-20   2.366414E-18
  3.215000000000E+00   1.948735E-04   1.423080E-03  -2.920847E-20   1.538668E-18  -1.371697E-20   2.214333E-18
  3.220000000000E+00   2.021524E-04   1.489155E-03  -2.151200E-20   1.472568E-18  -3.884274E-21   1.589266E-18
  3.225000000000E+00   2.097713E-04   1.559149E-03  -1.502101E-20   1.079808E-18   1.483651E-21   4.828404E-19
  3.230000000000E+00   2.177506E-04   1.633308E-03  -1.102680E-20   4.662513E-19   6.455488E-22  -8.775184E-19
  3.235000000000E+00   2.261115E-04   1.711892E-03  -1.081997E-20  -3.919956E-19  -7.224562E-21  -2.303453E-18
  3.240000000000E+00   2.348770E-04   1.795170E-03  -1.500640E-20  -1.289658E-18  -2.238899E-20  -3.679160E-18
  3.245000000000E+00   2.440712E-04   1.883427E-03  -2.358226E-20  -2.136569E-18  -4.327947E-20  -4.569323E-18
  3.250000000000E+00   2.537197E-04   1.976959E-03  -3.594096E-20  -2.705652E-18  -6.701625E-20  -4.845580E-18
  3.255000000000E+00   2.638497E-04   2.076070E-03  -5.021567E-20  -2.960458E-18  -9.089255E-20  -4.639085E-18
  3.260000000000E+00   2.744898E-04   2.181078E-03  -6.465537E-20  -2.772798E-18  -1.123411E-19  -3.902398E-18
  3.265000000000E+00   2.856704E-04   2.292309E-03  -7.757670E-20  -2.345157E-18  -1.287724E-19  -2.574130E-18
  3.270000000000E+00   2.974234E-04   2.410097E-03  -8.781429E-20  -1.737007E-18  -1.380490E-19  -1.106338E-18
  3.275000000000E+00   3.097824E-04   2.534783E-03  -9.493212E-20  -1.107056E-18  -1.395344E-19   5.093500E-19
  3.280000000000E+00   3.227828E-04   2.666713E-03  -9.919285E-20  -5.890732E-19  -1.336698E-19   1.781809E-18
  3.285000000000E+00   3.364617E-04   2.806236E-03  -1.007949E-19  -4.423206E-20  -1.218112E-19   2.895210E-18
  3.290000000000E+00   3.508579E-04   2.953699E-03  -9.979771E-20   4.120114E-19  -1.053874E-19   3.570506E-18
  3.295000000000E+00   3.660120E-04   3.109449E-03  -9.695388E-20   6.781534E-19  -8.728934E-20   3.478420E-18
  3.300000000000E+00   3.819662E-04   3.273827E-03  -9.338941E-20   6.990820E-19  -7.134549E-20   2.878467E-18
  3.305000000000E+00   3.987646E-04   3.447164E-03  -9.012630E-20   5.623485E-19  -5.931390E-20   1.806923E-18
  3.310000000000E+00   4.164527E-04   3.629781E-03  -8.860934E-20   1.576325E-20  -5.404644E-20   2.163496E-19
  3.315000000000E+00   4.350777E-04   3.821979E-03  -9.042282E-20  -8.042889E-19  -5.729551E-20  -1.591881E-18
  3.320000000000E+00   4.546882E-04   4.024040E-03  -9.697174E-20  -1.840255E-18  -6.979782E-20  -3.416855E-18
  3.325000000000E+00   4.753343E-04   4.236223E-03  -1.087082E-19  -2.869593E-18  -9.111804E-20  -5.018590E-18
  3.330000000000E+00   4.970670E-04   4.458753E-03  -1.254130E-19  -3.701156E-18  -1.187336E-19  -5.950610E-18
  3.335000000000E+00   5.199387E-04   4.691826E-03  -1.449872E-19  -4.101589E-18  -1.499768E-19  -6.436154E-18
  3.340000000000E+00   5.440024E-04   4.935595E-03  -1.659148E-19  -4.237277E-18  -1.828049E-19  -6.765430E-18
  3.345000000000E+00   5.693120E-04   5.190174E-03  -1.868612E-19  -4.117983E-18  -2.164144E-19  -6.715202E-18
  3.350000000000E+00   5.959216E-04   5.455629E-03  -2.063789E-19  -3.660345E-18  -2.497002E-19  -6.553354E-18
  3.355000000000E+00   6.238857E-04   5.731976E-03  -2.233921E-19  -3.178289E-18  -2.819703E-19  -6.452897E-18
  3.360000000000E+00   6.532587E-04   6.019176E-03  -2.375227E-19  -2.531596E-18  -3.148096E-19  -6.765430E-18
  3.365000000000E+00   6.840947E-04   6.317136E-03  -2.491420E-19  -2.156276E-18  -3.502496E-19  -7.329107E-18
  3.370000000000E+00   7.164470E-04   6.625706E-03  -2.596255E-19  -1.925364E-18  -3.874868E-19  -7.524441E-18
  3.375000000000E+00   7.503684E-04   6.944677E-03  -2.686733E-19  -1.725147E-18  -4.245453E-19  -7.150517E-18
  3.380000000000E+00   7.859100E-04   7.273782E-03  -2.772327E-19  -1.678407E-18  -4.575186E-19  -6.056649E-18
  3.385000000000E+00   8.231219E-04   7.612698E-03  -2.870591E-19  -2.325798E-18  -4.830803E-19  -4.226094E-18
  3.390000000000E+00   8.620521E-04   7.961049E-03  -3.016306E-19  -3.576630E-18  -4.997125E-19  -2.507158E-18
  3.395000000000E+00   9.027468E-04   8.318409E-03  -3.232272E-19  -5.051399E-18  -5.080179E-19  -1.111919E-18
  3.400000000000E+00   9.452498E-04   8.684309E-03  -3.520511E-19  -6.542910E-18  -5.129525E-19  -1.134243E-18
  3.405000000000E+00   9.896027E-04   9.058240E-03  -3.889116E-19  -8.158598E-18  -5.224857E-19  -2.708073E-18
  3.410000000000E+00   1.035844E-03   9.439668E-03  -4.333692E-19  -9.624995E-18  -5.411047E-19  -4.828838E-18
  3.415000000000E+00   1.084011E-03   9.828035E-03  -4.849342E-19  -1.082769E-17  -5.716447E-19  -7.373755E-18
  3.420000000000E+00   1.134135E-03   1.022278E-02  -5.402914E-19  -1.126719E-17  -6.143288E-19  -9.639624E-18
  3.425000000000E+00   1.186248E-03   1.062333E-02  -5.970438E-19  -1.127138E-17  -6.680410E-19  -1.184968E-17
  3.430000000000E+00   1.240376E-03   1.102914E-02  -6.514690E-19  -1.032401E-17  -7.311961E-19  -1.307750E-17
  3.435000000000E+00   1.296547E-03   1.143969E-02  -6.993575E-19  -8.760644E-18  -7.950878E-19  -1.228500E-17
  3.440000000000E+00   1.354780E-03   1.185449E-02  -7.369602E-19  -6.087364E-18  -8.542470E-19  -1.114648E-17
  3.445000000000E+00   1.415098E-03   1.227311E-02  -7.595851E-19  -3.070856E-18  -9.031594E-19  -8.277870E-18
  3.450000000000E+00   1.477517E-03   1.269517E-02  -7.668861E-19   1.486598E-19  -9.359095E-19  -4.951619E-18
  3.455000000000E+00   1.542054E-03   1.312037E-02  -7.569502E-19   3.738612E-18  -9.520729E-19  -1.402129E-18
  3.460000000000E+00   1.608725E-03   1.354850E-02  -7.309063E-19   6.398637E-18  -9.489708E-19   2.258981E-18
  3.465000000000E+00   1.677544E-03   1.397942E-02  -6.954641E-19   7.474366E-18  -9.305546E-19   4.870870E-18
  3.470000000000E+00   1.748524E-03   1.441309E-02  -6.575286E-19   7.514131E-18  -9.034321E-19   5.607556E-18
  3.475000000000E+00   1.821679E-03   1.484956E-02  -6.228663E-19   6.064477E-18  -8.783634E-19   3.732354E-18
  3.480000000000E+00   1.897024E-03   1.528898E-02  -5.983963E-19   3.679314E-18  -8.678945E-19   1.605400E-19
  3.485000000000E+00   1.974574E-03   1.573159E-02  -5.882428E-19   2.288861E-19  -8.809102E-19  -5.331124E-18
  3.490000000000E+00   2.054346E-03   1.617770E-02  -5.975864E-19  -4.141005E-18  -9.217415E-19  -1.115765E-17
  3.495000000000E+00   2.136357E-03   1.662769E-02  -6.294701E-19  -8.722275E-18  -9.922635E-19  -1.660466E-17
  3.500000000000E+00   2.220629E-03   1.708202E-02  -6.843487E-19  -1.311100E-17  -1.086493E-18  -2.060063E-17
  3.505000000000E+00   2.307185E-03   1.754117E-02  -7.598448E-19  -1.693954E-17  -1.196528E-18  -2.287766E-17
  3.510000000000E+00   2.396050E-03   1.800566E-02  -8.510290E-19  -1.891241E-17  -1.310894E-18  -2.225259E-17
  3.515000000000E+00   2.487251E-03   1.847599E-02  -9.438986E-19  -1.770692E-17  -1.410616E-18  -1.609121E-17
  3.520000000000E+00   2.580820E-03   1.895267E-02  -1.025952E-18  -1.478948E-17  -1.467565E-18  -6.670554E-18
  3.525000000000E+00   2.676789E-03   1.943617E-02  -1.087931E-18  -9.869860E-18  -1.473973E-18   4.290450E-18
  3.530000000000E+00   2.775193E-03   1.992689E-02  -1.122580E-18  -3.836843E-18  -1.426982E-18   1.409061E-17
  3.535000000000E+00   2.876070E-03   2.042515E-02  -1.126919E-18   2.130598E-18  -1.337710E-18   2.094403E-17
  3.540000000000E+00   2.979457E-03   2.093121E-02  -1.106158E-18   6.369337E-18  -1.222453E-18   2.442655E-17
  3.545000000000E+00   3.085394E-03   2.144519E-02  -1.065511E-18   9.316083E-18  -1.104562E-18   2.183699E-17
  3.550000000000E+00   3.193922E-03   2.196711E-02  -1.012718E-18   1.149684E-17  -1.006851E-18   1.580955E-17
  3.555000000000E+00   3.305078E-03   2.249687E-02  -9.545946E-19   1.112571E-17  -9.511991E-19   5.987061E-18
  3.560000000000E+00   3.418902E-03   2.303424E-02  -9.066287E-19   7.230200E-18  -9.484542E-19  -4.259580E-18
  3.565000000000E+00   3.535432E-03   2.357888E-02  -8.890651E-19  -4.924528E-19  -9.929019E-19  -1.292123E-17
  3.570000000000E+00   3.654702E-03   2.413034E-02  -9.122397E-19  -8.872263E-18  -1.064183E-18  -1.504199E-17
  3.575000000000E+00   3.776746E-03   2.468809E-02  -9.727398E-19  -1.425789E-17  -1.137384E-18  -1.330073E-17
  3.580000000000E+00   3.901592E-03   2.525151E-02  -1.046333E-18  -1.392164E-17  -1.193261E-18  -8.076956E-18
  3.585000000000E+00   4.029269E-03   2.581994E-02  -1.100635E-18  -6.766846E-18  -1.208420E-18   3.442144E-18
  3.590000000000E+00   4.159799E-03   2.639270E-02  -1.100998E-18   6.927432E-18  -1.154911E-18   1.728292E-17
  3.595000000000E+00   4.293201E-03   2.696909E-02  -1.027663E-18   2.390750E-17  -1.041752E-18   2.692682E-17
  3.600000000000E+00   4.429494E-03   2.754845E-02  -8.513160E-19   4.788051E-17  -8.951972E-19   3.036469E-17
  3.605000000000E+00   4.568690E-03   2.813020E-02  -5.561219E-19   6.866819E-17  -7.457847E-19   2.759654E-17
  3.610000000000E+00   4.710799E-03   2.871381E-02  -1.831656E-19   7.830093E-17  -6.301259E-19   1.799729E-17
  3.615000000000E+00   4.855830E-03   2.929887E-02   2.102170E-19   7.669500E-17  -5.767059E-19   2.906372E-18
  3.620000000000E+00   5.003790E-03   2.988506E-02   5.584552E-19   6.060510E-17  -6.024016E-19  -1.227384E-17
  3.625000000000E+00   5.154682E-03   3.047222E-02   7.966593E-19   3.273239E-17  -6.919435E-19  -2.334646E-17
  3.630000000000E+00   5.308513E-03   3.106030E-02   8.651631E-19  -6.143174E-18  -8.305978E-19  -3.156163E-17
  3.635000000000E+00   5.465287E-03   3.164937E-02   7.299256E-19  -4.688557E-17  -9.925582E-19  -3.245459E-17
  3.640000000000E+00   5.625009E-03   3.223964E-02   4.083371E-19  -8.051225E-17  -1.140856E-18  -2.557884E-17
  3.645000000000E+00   5.787686E-03   3.283139E-02  -6.179696E-20  -1.046959E-16  -1.236560E-18  -1.160412E-17
  3.650000000000E+00   5.953326E-03   3.342499E-02  -6.090906E-19  -1.112480E-16  -1.241003E-18   1.018394E-17
  3.655000000000E+00   6.121939E-03   3.402085E-02  -1.161667E-18  -1.079427E-16  -1.142221E-18   2.862343E-17
  3.660000000000E+00   6.293539E-03   3.461940E-02  -1.661776E-18  -8.953247E-17  -9.640554E-19   4.170520E-17
  3.665000000000E+00   6.468138E-03   3.522105E-02  -2.045316E-18  -6.277596E-17  -7.368667E-19   4.800052E-17
  3.670000000000E+00   6.645755E-03   3.582616E-02  -2.282280E-18  -3.112634E-17  -5.003912E-19   4.500913E-17
  3.675000000000E+00   6.826406E-03   3.643501E-02  -2.350089E-18   4.129977E-18  -3.015984E-19   3.232919E-17
  3.680000000000E+00   7.010111E-03   3.704777E-02  -2.237068E-18   4.151822E-17  -1.898686E-19   1.152337E-17
  3.685000000000E+00   7.196890E-03   3.766450E-02  -1.944221E-18   7.612156E-17  -1.887757E-19  -1.022004E-17
  3.690000000000E+00   7.386762E-03   3.828508E-02  -1.488340E-18   1.031934E-16  -2.860862E-19  -2.727546E-17
  3.695000000000E+00   7.579747E-03   3.890930E-02  -9.392488E-19   1.142521E-16  -4.519756E-19  -3.678541E-17
  3.700000000000E+00   7.775860E-03   3.953676E-02  -3.648561E-19   1.125136E-16  -6.267945E-19  -3.026685E-17
  3.705000000000E+00   7.975119E-03   4.016697E-02   1.665548E-19   9.862817E-17  -7.285699E-19  -8.076956E-18
  3.710000000000E+00   8.177533E-03   4.079929E-02   6.221037E-19   8.358470E-17  -6.878298E-19   2.518556E-17
  3.715000000000E+00   8.383114E-03   4.143304E-02   9.903190E-19   6.391600E-17  -4.810897E-19   5.536739E-17
  3.720000000000E+00   8.591865E-03   4.206747E-02   1.269884E-18   4.797260E-17  -1.566584E-19   7.045830E-17
  3.725000000000E+00   8.803788E-03   4.270181E-02   1.460446E-18   2.828158E-17   2.029554E-19   7.032436E-17
  3.730000000000E+00   9.018882E-03   4.333534E-02   1.556715E-18   9.886736E-18   5.256901E-19   5.670682E-17
  3.735000000000E+00   9.237139E-03   4.396737E-02   1.553888E-18  -1.020611E-17   7.449316E-19   3.045399E-17
  3.740000000000E+00   9.458552E-03   4.459733E-02   1.459370E-18  -3.001712E-17   8.070132E-19  -6.514287E-18
  3.745000000000E+00   9.683109E-03   4.522475E-02   1.232200E-18  -6.041103E-17   6.865751E-19  -3.857132E-17
  3.750000000000E+00   9.910795E-03   4.584929E-02   8.533004E-19  -9.025800E-17   4.391591E-19  -5.500166E-17
  3.755000000000E+00   1.014160E-02   4.647078E-02   3.285455E-19  -1.181474E-16   1.703122E-19  -4.991183E-17
  3.760000000000E+00   1.037550E-02   4.708916E-02  -3.172270E-19  -1.374966E-16  -1.924050E-20  -2.151591E-17
  3.765000000000E+00   1.061248E-02   4.770451E-02  -1.027267E-18  -1.446068E-16  -3.377427E-20   1.688109E-17
  3.770000000000E+00   1.085254E-02   4.831705E-02  -1.726977E-18  -1.324473E-16   1.256393E-19   4.536631E-17
  3.775000000000E+00   1.109565E-02   4.892702E-02  -2.324675E-18  -1.044071E-16   4.048872E-19   6.331467E-17
  3.780000000000E+00   1.134181E-02   4.953477E-02  -2.747599E-18  -6.050730E-17   7.332476E-19   6.545776E-17
  3.785000000000E+00   1.159099E-02   5.014060E-02  -2.901821E-18  -1.713288E-18   1.019282E-18   4.456265E-17
  3.790000000000E+00   1.184321E-02   5.074482E-02  -2.755714E-18   6.186221E-17   1.154764E-18   7.147901E-18
  3.795000000000E+00   1.209844E-02   5.134766E-02  -2.289042E-18   1.213343E-16   1.061293E-18  -4.366115E-17
  3.800000000000E+00   1.235668E-02   5.194924E-02  -1.554289E-18   1.679716E-16   7.190458E-19  -9.152346E-17
  3.805000000000E+00   1.261793E-02   5.254958E-02  -6.497041E-19   1.929562E-16   1.557028E-19  -1.306348E-16
  3.810000000000E+00   1.288218E-02   5.314854E-02   3.378917E-19   1.971461E-16  -5.597995E-19  -1.509942E-16
  3.815000000000E+00   1.314941E-02   5.374588E-02   1.292451E-18   1.809417E-16  -1.286017E-18  -1.320635E-16
  3.820000000000E+00   1.341963E-02   5.434122E-02   2.109258E-18   1.420620E-16  -1.840788E-18  -8.446913E-17
  3.825000000000E+00   1.369282E-02   5.493406E-02   2.675913E-18   8.212249E-17  -2.077488E-18  -5.174857E-18
  3.830000000000E+00   1.396897E-02   5.552387E-02   2.930304E-18   2.120213E-17  -1.856818E-18   9.465734E-17
  3.835000000000E+00   1.424805E-02   5.611006E-02   2.895563E-18  -3.233880E-17  -1.153417E-18   1.839527E-16
  3.840000000000E+00   1.453006E-02   5.669205E-02   2.645623E-18  -5.981247E-17  -5.729564E-20   2.490490E-16
  3.845000000000E+00   1.481497E-02   5.726933E-02   2.339307E-18  -6.139328E-17   1.264922E-18   2.733373E-16
  3.850000000000E+00   1.510275E-02   5.784149E-02   2.046767E-18  -5.245537E-17   2.626429E-18   2.634255E-16
  3.855000000000E+00   1.539337E-02   5.840824E-02   1.827098E-18  -3.279784E-17   3.850779E-18   2.199387E-16
  3.860000000000E+00   1.568682E-02   5.896947E-02   1.733827E-18  -2.274174E-18   4.798849E-18   1.572534E-16
  3.865000000000E+00   1.598306E-02   5.952522E-02   1.818370E-18   3.677998E-17   5.395453E-18   8.081656E-17
  3.870000000000E+00   1.628206E-02   6.007573E-02   2.087013E-18   6.645534E-17   5.638090E-18   1.964925E-17
  3.875000000000E+00   1.658381E-02   6.062139E-02   2.477000E-18   8.941680E-17   5.653024E-18  -1.008610E-17
  3.880000000000E+00   1.688827E-02   6.116273E-02   2.990136E-18   1.175588E-16   5.589020E-18  -1.321144E-17
  3.885000000000E+00   1.719543E-02   6.170040E-02   3.633880E-18   1.377047E-16   5.575379E-18   1.402364E-17
  3.890000000000E+00   1.750527E-02   6.223507E-02   4.328288E-18   1.342668E-16   5.785155E-18   7.090478E-17
  3.895000000000E+00   1.781778E-02   6.276745E-02   4.956091E-18   1.113458E-16   6.280498E-18   1.209995E-16
  3.900000000000E+00   1.813294E-02   6.329817E-02   5.409519E-18   6.876586E-17   6.953717E-18   1.418053E-16
  3.905000000000E+00   1.845076E-02   6.382779E-02   5.634856E-18   2.227647E-17   7.635330E-18   1.279645E-16
  3.910000000000E+00   1.877122E-02   6.435672E-02   5.642405E-18  -1.934633E-17   8.206038E-18   9.546100E-17
  3.915000000000E+00   1.909432E-02   6.488521E-02   5.465584E-18  -4.678791E-17   8.560651E-18   4.108013E-17
  3.920000000000E+00   1.942007E-02   6.541333E-02   5.217198E-18  -4.779806E-17   8.595408E-18  -2.767728E-17
  3.925000000000E+00   1.974846E-02   6.594096E-02   5.025696E-18  -2.448779E-17   8.297094E-18  -9.402373E-17
  3.930000000000E+00   2.007948E-02   6.646783E-02   4.961839E-18  -2.154183E-18   7.705891E-18  -1.416181E-16
  3.935000000000E+00   2.041313E-02   6.699354E-02   4.999940E-18   1.988921E-17   6.939847E-18  -1.595665E-16
  3.940000000000E+00   2.074941E-02   6.751760E-02   5.157726E-18   4.232606E-17   6.151123E-18  -1.506370E-16
  3.945000000000E+00   2.108831E-02   6.803949E-02   5.404692E-18   5.453441E-17   5.446693E-18  -1.266165E-16
  3.950000000000E+00   2.142980E-02   6.855870E-02   5.666833E-18   4.756379E-17   4.915675E-18  -8.429054E-17
  3.955000000000E+00   2.177389E-02   6.907481E-02   5.843783E-18   2.114911E-17   4.608253E-18  -4.250031E-17
  3.960000000000E+00   2.212055E-02   6.958754E-02   5.846289E-18  -2.172242E-17   4.446382E-18  -2.642715E-17
  3.965000000000E+00   2.246976E-02   7.009674E-02   5.604352E-18  -7.653163E-17   4.283617E-18  -4.285749E-17
  3.970000000000E+00   2.282151E-02   7.060247E-02   5.115067E-18  -1.192888E-16   3.999769E-18  -7.670043E-17
  3.975000000000E+00   2.317578E-02   7.110498E-02   4.461032E-18  -1.364432E-16   3.490003E-18  -1.274202E-16
  3.980000000000E+00   2.353255E-02   7.160471E-02   3.798176E-18  -1.232010E-16   2.743248E-18  -1.695676E-16
  3.985000000000E+00   2.389182E-02   7.210222E-02   3.286983E-18  -7.737296E-17   1.828081E-18  -1.868909E-16
  3.990000000000E+00   2.425357E-02   7.259821E-02   3.025498E-18  -3.370893E-17   9.373811E-19  -1.640313E-16
  3.995000000000E+00   2.461780E-02   7.309341E-02   2.874869E-18  -2.740244E-17   1.954475E-19  -1.287596E-16
  4.000000000000E+00   2.498451E-02   7.358853E-02   2.743072E-18  -2.930136E-17  -3.232478E-19  -6.982469E-17
  4.005000000000E+00   2.535369E-02   7.408422E-02   2.516879E-18  -7.295144E-17  -4.806542E-19   4.736927E-18
  4.010000000000E+00   2.572535E-02   7.458096E-02   1.989121E-18  -1.422056E-16  -2.749856E-19   7.679827E-17
  4.015000000000E+00   2.609950E-02   7.507910E-02   1.058321E-18  -2.345914E-16   2.648261E-19   1.323400E-16
  4.020000000000E+00   2.647614E-02   7.557874E-02  -3.381187E-19  -3.199605E-16   1.025912E-18   1.646649E-16
  4.025000000000E+00   2.685529E-02   7.607978E-02  -2.048906E-18  -3.549406E-16   1.814500E-18   1.420732E-16
  4.030000000000E+00   2.723694E-02   7.658189E-02  -3.779781E-18  -3.237095E-16   2.393602E-18   8.135234E-17
  4.035000000000E+00   2.762111E-02   7.708460E-02  -5.171329E-18  -2.245624E-16   2.552301E-18  -2.669504E-17
  4.040000000000E+00   2.800779E-02   7.758726E-02  -5.946111E-18  -8.884601E-17   2.052715E-18  -1.790329E-16
  4.045000000000E+00   2.839698E-02   7.808921E-02  -6.052587E-18   4.814700E-17   7.594720E-19  -3.379786E-16
  4.050000000000E+00   2.878868E-02   7.858976E-02  -5.504374E-18   1.658062E-16  -1.285638E-18  -4.749577E-16
  4.055000000000E+00   2.918288E-02   7.908831E-02  -4.444131E-18   2.455930E-16  -3.939742E-18  -5.758614E-16
  4.060000000000E+00   2.957956E-02   7.958440E-02  -3.137952E-18   2.713672E-16  -6.929954E-18  -6.137227E-16
  4.065000000000E+00   2.997871E-02   8.007778E-02  -1.843166E-18   2.356310E-16  -9.934811E-18  -5.735397E-16
  4.070000000000E+00   3.038033E-02   8.056841E-02  -8.512511E-19   1.544503E-16  -1.250641E-17  -4.540626E-16
  4.075000000000E+00   3.078439E-02   8.105652E-02  -3.539789E-19   4.060573E-17  -1.437007E-17  -2.876160E-16
  4.080000000000E+00   3.119089E-02   8.154254E-02  -4.622938E-19  -8.536629E-17  -1.532006E-17  -8.723728E-17
  4.085000000000E+00   3.159982E-02   8.202712E-02  -1.217729E-18  -2.084362E-16  -1.522672E-17   1.267144E-16
  4.090000000000E+00   3.201116E-02   8.251104E-02  -2.463201E-18  -2.801752E-16  -1.406863E-17   3.297720E-16
  4.095000000000E+00   3.242493E-02   8.299515E-02  -3.923154E-18  -2.905726E-16  -1.200687E-17   4.869318E-16
  4.100000000000E+00   3.284112E-02   8.348028E-02  -5.281314E-18  -2.440581E-16  -9.315041E-18   5.764057E-16
  4.105000000000E+00   3.325973E-02   8.396720E-02  -6.269905E-18  -1.329175E-16  -6.341038E-18   5.930147E-16
  4.110000000000E+00   3.368079E-02   8.445647E-02  -6.451668E-18   7.045968E-17  -3.447758E-18   5.567608E-16
  4.115000000000E+00   3.410430E-02   8.494845E-02  -5.461960E-18   3.225865E-16  -8.702262E-19   4.635364E-16
  4.120000000000E+00   3.453028E-02   8.544324E-02  -3.277659E-18   5.381748E-16   1.153317E-18   3.399517E-16
  4.125000000000E+00   3.495874E-02   8.594065E-02  -1.983784E-19   6.777755E-16   2.452854E-18   1.715406E-16
  4.130000000000E+00   3.538969E-02   8.644026E-02   3.286945E-18   6.819598E-16   2.841935E-18  -1.455087E-17
  4.135000000000E+00   3.582314E-02   8.694142E-02   6.282338E-18   4.863960E-16   2.381639E-18  -1.640313E-16
  4.140000000000E+00   3.625911E-02   8.744333E-02   7.963650E-18   1.709909E-16   1.255914E-18  -2.726144E-16
  4.145000000000E+00   3.669758E-02   8.794514E-02   7.946751E-18  -1.778232E-16  -2.687831E-19  -3.302992E-16
  4.150000000000E+00   3.713856E-02   8.844600E-02   6.216018E-18  -5.065892E-16  -1.991358E-18  -3.431577E-16
  4.155000000000E+00   3.758204E-02   8.894518E-02   3.025281E-18  -7.530457E-16  -3.630353E-18  -3.010103E-16
  4.160000000000E+00   3.802800E-02   8.944216E-02  -1.138988E-18  -8.881133E-16  -4.922525E-18  -2.070716E-16
  4.165000000000E+00   3.847645E-02   8.993664E-02  -5.628468E-18  -8.796540E-16  -5.667852E-18  -9.027332E-17
  4.170000000000E+00   3.892737E-02   9.042863E-02  -9.648642E-18  -7.069428E-16  -5.784182E-18   4.795588E-17
  4.175000000000E+00   3.938074E-02   9.091843E-02  -1.253504E-17  -4.292831E-16  -5.230440E-18   1.749339E-16
  4.180000000000E+00   3.983655E-02   9.140659E-02  -1.384964E-17  -9.368052E-17  -4.073062E-18   2.845885E-16
  4.185000000000E+00   4.029480E-02   9.189391E-02  -1.339063E-17   2.814158E-16  -2.436346E-18   3.649544E-16
  4.190000000000E+00   4.075549E-02   9.238129E-02  -1.100486E-17   6.679028E-16  -4.728093E-19   4.038871E-16
  4.195000000000E+00   4.121861E-02   9.286971E-02  -6.864062E-18   9.545799E-16   1.548234E-18   3.933503E-16
  4.200000000000E+00   4.168419E-02   9.336005E-02  -1.715211E-18   1.081406E-15   3.388543E-18   3.337010E-16
  4.205000000000E+00   4.215222E-02   9.385310E-02   3.706945E-18   1.051899E-15   4.779875E-18   2.049371E-16
  4.210000000000E+00   4.262272E-02   9.434936E-02   8.609974E-18   8.856955E-16   5.420412E-18   4.527701E-17
  4.215000000000E+00   4.309572E-02   9.484907E-02   1.238740E-17   6.036366E-16   5.169781E-18  -1.397429E-16
  4.220000000000E+00   4.357122E-02   9.535214E-02   1.454754E-17   2.514739E-16   4.004052E-18  -3.338710E-16
  4.225000000000E+00   4.404925E-02   9.585817E-02   1.481734E-17  -1.497636E-16   1.865003E-18  -5.176409E-16
  4.230000000000E+00   4.452981E-02   9.636646E-02   1.302972E-17  -5.538139E-16  -1.098420E-18  -6.567630E-16
  4.235000000000E+00   4.501291E-02   9.687609E-02   9.360275E-18  -8.962266E-16  -4.576899E-18  -7.185554E-16
  4.240000000000E+00   4.549857E-02   9.738601E-02   4.336842E-18  -1.086085E-15  -8.188607E-18  -7.110546E-16
  4.245000000000E+00   4.598677E-02   9.789514E-02  -1.318126E-18  -1.139961E-15  -1.155386E-17  -6.106866E-16
  4.250000000000E+00   4.647752E-02   9.840247E-02  -6.855916E-18  -1.053105E-15  -1.418010E-17  -4.262024E-16
  4.255000000000E+00   4.697079E-02   9.890713E-02  -1.173764E-17  -9.016625E-16  -1.569266E-17  -1.808188E-16
  4.260000000000E+00   4.746658E-02   9.940851E-02  -1.579366E-17  -7.115276E-16  -1.595329E-17   7.367294E-17
  4.265000000000E+00   4.796487E-02   9.990627E-02  -1.878422E-17  -4.708264E-16  -1.492449E-17   3.383443E-16
  4.270000000000E+00   4.846564E-02   1.004004E-01  -2.042919E-17  -1.843530E-16  -1.261485E-17   5.772987E-16
  4.275000000000E+00   4.896887E-02   1.008910E-01  -2.065450E-17   9.598978E-17  -9.198298E-18   7.789276E-16
  4.280000000000E+00   4.947454E-02   1.013788E-01  -1.946205E-17   3.889985E-16  -4.974875E-18   8.932256E-16
  4.285000000000E+00   4.998265E-02   1.018641E-01  -1.667169E-17   7.334358E-16  -4.282022E-19   9.057270E-16
  4.290000000000E+00   5.049318E-02   1.023478E-01  -1.220218E-17   1.046957E-15   3.883802E-18   8.051804E-16
  4.295000000000E+00   5.100613E-02   1.028303E-01  -6.283379E-18   1.311855E-15   7.513233E-18   6.221250E-16
  4.300000000000E+00   5.152148E-02   1.033122E-01   7.951584E-19   1.506761E-15   1.001897E-17   3.774557E-16
  4.305000000000E+00   5.203925E-02   1.037936E-01   8.705292E-18   1.627556E-15   1.119242E-17   8.242388E-17
  4.310000000000E+00   5.255942E-02   1.042745E-01   1.680223E-17   1.570147E-15   1.090465E-17  -1.893912E-16
  4.315000000000E+00   5.308199E-02   1.047544E-01   2.404818E-17   1.287968E-15   9.404237E-18  -3.983423E-16
  4.320000000000E+00   5.360696E-02   1.052326E-01   2.934993E-17   7.877580E-16   7.030520E-18  -5.244273E-16
  4.325000000000E+00   5.413431E-02   1.057082E-01   3.169661E-17   1.353383E-16   4.296407E-18  -5.449652E-16
  4.330000000000E+00   5.466404E-02   1.061799E-01   3.050010E-17  -6.325849E-16   1.674806E-18  -4.858517E-16
  4.335000000000E+00   5.519611E-02   1.066466E-01   2.532805E-17  -1.429267E-15  -5.188912E-19  -3.942347E-16
  4.340000000000E+00   5.573049E-02   1.071071E-01   1.634284E-17  -2.129722E-15  -2.264683E-18  -3.061895E-16
  4.345000000000E+00   5.626716E-02   1.075603E-01   4.441024E-18  -2.569677E-15  -3.696870E-18  -2.758291E-16
  4.350000000000E+00   5.680608E-02   1.080052E-01  -8.736157E-18  -2.633406E-15  -5.035118E-18  -2.695784E-16
  4.355000000000E+00   5.734720E-02   1.084415E-01  -2.125462E-17  -2.291517E-15  -6.440159E-18  -2.949383E-16
  4.360000000000E+00   5.789048E-02   1.088687E-01  -3.099608E-17  -1.551356E-15  -8.034149E-18  -3.529802E-16
  4.365000000000E+00   5.843588E-02   1.092869E-01  -3.638038E-17  -5.697768E-16  -1.002390E-17  -4.312030E-16
  4.370000000000E+00   5.898334E-02   1.096964E-01  -3.654342E-17   5.122233E-16  -1.225403E-17  -4.547769E-16
  4.375000000000E+00   5.953283E-02   1.100976E-01  -3.131813E-17   1.542334E-15  -1.443129E-17  -3.911986E-16
  4.380000000000E+00   6.008430E-02   1.104910E-01  -2.160492E-17   2.276284E-15  -1.606672E-17  -2.568984E-16
  4.385000000000E+00   6.063772E-02   1.108769E-01  -9.243726E-18   2.593045E-15  -1.680347E-17  -1.669396E-17
  4.390000000000E+00   6.119306E-02   1.112554E-01   3.628475E-18   2.467049E-15  -1.612722E-17   3.042335E-16
  4.395000000000E+00   6.175027E-02   1.116264E-01   1.473707E-17   1.925759E-15  -1.367648E-17   6.807027E-16
  4.400000000000E+00   6.230931E-02   1.119892E-01   2.243050E-17   1.113041E-15  -9.467704E-18   9.857356E-16
  4.405000000000E+00   6.287014E-02   1.123428E-01   2.561901E-17   1.509929E-16  -4.090227E-18   1.135216E-15
  4.410000000000E+00   6.343272E-02   1.126855E-01   2.402250E-17  -7.649290E-16   1.656932E-18   1.141110E-15
  4.415000000000E+00   6.399698E-02   1.130154E-01   1.837643E-17  -1.447971E-15   7.015121E-18   9.637690E-16
  4.420000000000E+00   6.456285E-02   1.133301E-01   1.005363E-17  -1.819672E-15   1.100173E-17   5.996225E-16
  4.425000000000E+00   6.513025E-02   1.136268E-01   7.067197E-19  -1.855182E-15   1.273810E-17   7.867347E-17
  4.430000000000E+00   6.569908E-02   1.139029E-01  -7.963674E-18  -1.548493E-15   1.174918E-17  -4.728146E-16
  4.435000000000E+00   6.626924E-02   1.141556E-01  -1.431868E-17  -9.629512E-16   8.170688E-18  -9.307211E-16
  4.440000000000E+00   6.684060E-02   1.143821E-01  -1.728676E-17  -1.964664E-16   2.731997E-18  -1.225217E-15
  4.445000000000E+00   6.741302E-02   1.145801E-01  -1.611427E-17   6.766439E-16  -3.761092E-18  -1.324514E-15
  4.450000000000E+00   6.798635E-02   1.147475E-01  -1.080907E-17   1.394156E-15  -1.015953E-17  -1.195393E-15
  4.455000000000E+00   6.856044E-02   1.148824E-01  -2.685709E-18   1.800172E-15  -1.520461E-17  -7.724898E-16
  4.460000000000E+00   6.913512E-02   1.149833E-01   6.715601E-18   1.900417E-15  -1.763690E-17  -1.801044E-16
  4.465000000000E+00   6.971022E-02   1.150489E-01   1.573735E-17   1.631211E-15  -1.695136E-17   4.376408E-16
  4.470000000000E+00   7.028555E-02   1.150780E-01   2.248625E-17   1.029573E-15  -1.347087E-17   9.309083E-16
  4.475000000000E+00   7.086094E-02   1.150694E-01   2.576195E-17   2.558005E-16  -7.962310E-18   1.239870E-15
  4.480000000000E+00   7.143618E-02   1.150216E-01   2.492962E-17  -5.787119E-16  -1.540078E-18   1.284161E-15
  4.485000000000E+00   7.201109E-02   1.149333E-01   2.009166E-17  -1.334216E-15   4.453179E-18   1.073959E-15
  4.490000000000E+00   7.258545E-02   1.148022E-01   1.195062E-17  -1.859175E-15   8.891983E-18   6.790954E-16
  4.495000000000E+00   7.315904E-02   1.146259E-01   2.006371E-18  -2.039769E-15   1.113805E-17   2.179742E-16
  4.500000000000E+00   7.373163E-02   1.144015E-01  -7.621233E-18  -1.758373E-15   1.101029E-17  -2.467188E-16
  4.505000000000E+00   7.430297E-02   1.141254E-01  -1.525766E-17  -1.260916E-15   8.964465E-18  -5.569308E-16
  4.510000000000E+00   7.487279E-02   1.137938E-01  -2.003867E-17  -6.379287E-16   5.814236E-18  -6.521197E-16
  4.515000000000E+00   7.544081E-02   1.134023E-01  -2.157409E-17   1.444498E-17   2.783306E-18  -5.356785E-16
  4.520000000000E+00   7.600671E-02   1.129463E-01  -2.004339E-17   5.537798E-16   5.856792E-19  -3.263702E-16
  4.525000000000E+00   7.657016E-02   1.124212E-01  -1.641565E-17   8.487719E-16  -2.810894E-19  -7.407241E-18
  4.530000000000E+00   7.713081E-02   1.118220E-01  -1.183238E-17   9.583163E-16   4.208827E-19   2.795880E-16
  4.535000000000E+00   7.768826E-02   1.111440E-01  -7.052469E-18   9.155655E-16   2.248333E-18   4.113879E-16
  4.540000000000E+00   7.824211E-02   1.103827E-01  -2.847177E-18   7.423521E-16   4.259732E-18   3.578107E-16
  4.545000000000E+00   7.879194E-02   1.095334E-01   2.882479E-19   5.110129E-16   5.557483E-18   9.813986E-17
  4.550000000000E+00   7.933730E-02   1.085918E-01   2.288148E-18   3.114188E-16   4.966101E-18  -3.428006E-16
  4.555000000000E+00   7.987771E-02   1.075535E-01   3.587766E-18   2.208998E-16   1.983747E-18  -8.623209E-16
  4.560000000000E+00   8.041267E-02   1.064142E-01   4.612588E-18   2.262766E-16  -3.420654E-18  -1.249684E-15
  4.565000000000E+00   8.094168E-02   1.051693E-01   6.220363E-18   4.417966E-16  -1.020520E-17  -1.406487E-15
  4.570000000000E+00   8.146419E-02   1.038141E-01   9.084966E-18   7.108564E-16  -1.698118E-17  -1.242898E-15
  4.575000000000E+00   8.197964E-02   1.023435E-01   1.347334E-17   1.062102E-15  -2.208091E-17  -7.483800E-16
  4.580000000000E+00   8.248743E-02   1.007520E-01   1.974250E-17   1.419425E-15  -2.400815E-17   1.045183E-17
  4.585000000000E+00   8.298695E-02   9.903361E-02   2.735889E-17   1.583663E-15  -2.175565E-17   9.014408E-16
  4.590000000000E+00   8.347755E-02   9.718177E-02   3.515386E-17   1.474579E-15  -1.517411E-17   1.699027E-15
  4.595000000000E+00   8.395855E-02   9.518952E-02   4.146605E-17   9.879120E-16  -5.155423E-18   2.249801E-15
  4.600000000000E+00   8.442921E-02   9.304949E-02   4.445453E-17   1.411870E-16   6.719183E-18   2.433570E-15
  4.605000000000E+00   8.488879E-02   9.075399E-02   4.258728E-17  -9.170438E-16   1.836912E-17   2.158541E-15
  4.610000000000E+00   8.533649E-02   8.829516E-02   3.524004E-17  -2.001928E-15   2.775239E-17   1.524365E-15
  4.615000000000E+00   8.577147E-02   8.566509E-02   2.277994E-17  -2.924561E-15   3.321487E-17   6.215892E-16
  4.620000000000E+00   8.619286E-02   8.285595E-02   6.614842E-18  -3.458304E-15   3.371289E-17  -4.179873E-16
  4.625000000000E+00   8.659973E-02   7.986010E-02  -1.089710E-17  -3.440228E-15   2.908858E-17  -1.414166E-15
  4.630000000000E+00   8.699115E-02   7.667019E-02  -2.684664E-17  -2.837808E-15   1.987234E-17  -2.220682E-15
  4.635000000000E+00   8.736611E-02   7.327920E-02  -3.844335E-17  -1.721482E-15   7.590766E-18  -2.613045E-15
  4.640000000000E+00   8.772361E-02   6.968047E-02  -4.345570E-17  -2.360203E-16  -5.318016E-18  -2.444277E-15
  4.645000000000E+00   8.806257E-02   6.586773E-02  -4.060594E-17   1.368648E-15  -1.609943E-17  -1.809030E-15
  4.650000000000E+00   8.838193E-02   6.183499E-02  -3.002728E-17   2.810969E-15  -2.293434E-17  -8.817873E-16
  4.655000000000E+00   8.868056E-02   5.757659E-02  -1.344898E-17   3.680778E-15  -2.477157E-17   1.256428E-16
  4.660000000000E+00   8.895733E-02   5.308708E-02   5.626444E-18   3.806104E-15  -2.194687E-17   9.625188E-16
  4.665000000000E+00   8.921106E-02   4.836121E-02   2.343384E-17   3.184692E-15  -1.576288E-17   1.419711E-15
  4.670000000000E+00   8.944055E-02   4.339395E-02   3.647870E-17   1.938324E-15  -8.567703E-18   1.362562E-15
  4.675000000000E+00   8.964460E-02   3.818042E-02   4.209726E-17   2.692491E-16  -3.053783E-18   7.510674E-16
  4.680000000000E+00   8.982196E-02   3.271604E-02   3.915809E-17  -1.432899E-15  -1.654593E-18  -2.526123E-16
  4.685000000000E+00   8.997135E-02   2.699654E-02   2.820963E-17  -2.848688E-15  -5.841363E-18  -1.408808E-15
  4.690000000000E+00   9.009151E-02   2.101811E-02   1.146986E-17  -3.737707E-15  -1.564910E-17  -2.470887E-15
  4.695000000000E+00   9.018111E-02   1.477751E-02  -8.084823E-18  -3.972101E-15  -2.985016E-17  -3.118100E-15
  4.700000000000E+00   9.023886E-02   8.272304E-03  -2.724735E-17  -3.564892E-15  -4.587356E-17  -3.168820E-15
  4.705000000000E+00   9.026341E-02   1.500929E-03  -4.278359E-17  -2.543733E-15  -6.043181E-17  -2.532501E-15
  4.710000000000E+00   9.025344E-02  -5.537077E-03  -5.201419E-17  -1.112552E-15  -7.023490E-17  -1.299154E-15
  4.715000000000E+00   9.020762E-02  -1.284096E-02  -5.383468E-17   3.541578E-16  -7.260826E-17   4.031728E-16
  4.720000000000E+00   9.012461E-02  -2.040862E-02  -4.892935E-17   1.538471E-15  -6.615031E-17   2.156576E-15
  4.725000000000E+00   9.000311E-02  -2.823654E-02  -3.919494E-17   2.259084E-15  -5.144111E-17   3.638700E-15
  4.730000000000E+00   8.984184E-02  -3.631966E-02  -2.719825E-17   2.449708E-15  -3.081163E-17   4.477541E-15
  4.735000000000E+00   8.963952E-02  -4.465144E-02  -1.538090E-17   2.216691E-15  -7.851545E-18   4.573444E-15
  4.740000000000E+00   8.939494E-02  -5.322375E-02  -5.607578E-18   1.637656E-15   1.376554E-17   3.960342E-15
  4.745000000000E+00   8.910691E-02  -6.202695E-02   7.933758E-19   9.222771E-16   3.077606E-17   2.745390E-15
  4.750000000000E+00   8.877432E-02  -7.104984E-02   3.750074E-18   2.743724E-16   4.054883E-17   1.122447E-15
  4.755000000000E+00   8.839608E-02  -8.027973E-02   3.922342E-18  -1.485192E-16   4.184926E-17  -6.055075E-16
  4.760000000000E+00   8.797121E-02  -8.970242E-02   2.664970E-18  -2.918494E-16   3.484433E-17  -2.132279E-15
  4.765000000000E+00   8.749877E-02  -9.930222E-02   1.407240E-18  -1.862353E-16   2.138727E-17  -3.141853E-15
  4.770000000000E+00   8.697793E-02  -1.090620E-01   8.798124E-19  -6.215901E-18   4.462166E-18  -3.531270E-15
  4.775000000000E+00   8.640793E-02  -1.189629E-01   1.455517E-18   2.352610E-16  -1.298764E-17  -3.352500E-15
  4.780000000000E+00   8.578811E-02  -1.289849E-01   3.158308E-18   4.169324E-16  -2.829347E-17  -2.715199E-15
  4.785000000000E+00   8.511792E-02  -1.391062E-01   5.262637E-18   4.031251E-16  -3.963940E-17  -1.768624E-15
  4.790000000000E+00   8.439692E-02  -1.493034E-01   6.965874E-18   2.517137E-16  -4.578933E-17  -7.027948E-16
  4.795000000000E+00   8.362480E-02  -1.595519E-01   7.654404E-18   9.310328E-18  -4.679790E-17   2.497634E-16
  4.800000000000E+00   8.280137E-02  -1.698252E-01   7.039891E-18  -2.523920E-16  -4.391980E-17   8.510336E-16
  4.805000000000E+00   8.192656E-02  -1.800956E-01   5.212300E-18  -4.600260E-16  -3.882048E-17   1.128541E-15
  4.810000000000E+00   8.100046E-02  -1.903340E-01   2.470460E-18  -6.522901E-16  -3.314619E-17   1.095753E-15
  4.815000000000E+00   8.002332E-02  -2.005101E-01  -1.508032E-18  -9.544767E-16  -2.829961E-17   8.173260E-16
  4.820000000000E+00   7.899551E-02  -2.105924E-01  -6.887055E-18  -1.167535E-15  -2.508906E-17   4.685663E-16
  4.825000000000E+00   7.791759E-02  -2.205486E-01  -1.308023E-17  -1.297449E-15  -2.351057E-17   1.700073E-16
  4.830000000000E+00   7.679028E-02  -2.303456E-01  -1.967284E-17  -1.309973E-15  -2.323852E-17  -4.820824E-17
  4.835000000000E+00   7.561445E-02  -2.399499E-01  -2.593950E-17  -1.168071E-15  -2.389854E-17  -1.859910E-16
  4.840000000000E+00   7.439114E-02  -2.493276E-01  -3.119458E-17  -9.199417E-16  -2.487430E-17  -1.896521E-16
  4.845000000000E+00   7.312159E-02  -2.584451E-01  -3.511566E-17  -6.475239E-16  -2.563531E-17  -1.114293E-16
  4.850000000000E+00   7.180716E-02  -2.672688E-01  -3.757919E-17  -3.313849E-16  -2.603083E-17  -5.017274E-17
  4.855000000000E+00   7.044942E-02  -2.757658E-01  -3.844266E-17  -1.003328E-17  -2.621633E-17  -3.767139E-17
  4.860000000000E+00   6.905008E-02  -2.839040E-01  -3.764043E-17   3.328609E-16  -2.654613E-17  -1.193766E-16
  4.865000000000E+00   6.761101E-02  -2.916525E-01  -3.511999E-17   6.804765E-16  -2.775674E-17  -3.998533E-16
  4.870000000000E+00   6.613422E-02  -2.989817E-01  -3.089137E-17   1.010456E-15  -3.073826E-17  -8.006108E-16
  4.875000000000E+00   6.462190E-02  -3.058639E-01  -2.493611E-17   1.355516E-15  -3.585429E-17  -1.246195E-15
  4.880000000000E+00   6.307634E-02  -3.122734E-01  -1.749533E-17   1.586255E-15  -4.316895E-17  -1.655525E-15
  4.885000000000E+00   6.149996E-02  -3.181866E-01  -9.508805E-18   1.553205E-15  -5.203646E-17  -1.841795E-15
  4.890000000000E+00   5.989530E-02  -3.235826E-01  -2.469368E-18   1.197742E-15  -6.103541E-17  -1.689814E-15
  4.895000000000E+00   5.826499E-02  -3.284434E-01   1.987783E-18   5.375983E-16  -6.834346E-17  -1.176901E-15
  4.900000000000E+00   5.661175E-02  -3.327538E-01   2.575341E-18  -3.350683E-16  -7.235509E-17  -3.794940E-16
  4.905000000000E+00   5.493836E-02  -3.365022E-01  -1.511109E-18  -1.293858E-15  -7.185801E-17   5.766806E-16
  4.910000000000E+00   5.324764E-02  -3.396802E-01  -1.016347E-17  -2.129347E-15  -6.671044E-17   1.451596E-15
  4.915000000000E+00   5.154247E-02  -3.422831E-01  -2.233191E-17  -2.673580E-15  -5.772602E-17   2.076128E-15
  4.920000000000E+00   4.982573E-02  -3.443098E-01  -3.620465E-17  -2.788422E-15  -4.660244E-17   2.285972E-15
  4.925000000000E+00   4.810029E-02  -3.457631E-01  -4.933675E-17  -2.367107E-15  -3.562317E-17   2.033445E-15
  4.930000000000E+00   4.636901E-02  -3.466496E-01  -5.913485E-17  -1.488363E-15  -2.687699E-17   1.408377E-15
  4.935000000000E+00   4.463469E-02  -3.469795E-01  -6.377258E-17  -3.375985E-16  -2.191050E-17   5.504278E-16
  4.940000000000E+00   4.290008E-02  -3.467670E-01  -6.233957E-17   9.006420E-16  -2.145200E-17  -3.478834E-16
  4.945000000000E+00   4.116786E-02  -3.460300E-01  -5.498434E-17   1.996512E-15  -2.516431E-17  -1.094928E-15
  4.950000000000E+00   3.944059E-02  -3.447899E-01  -4.294373E-17   2.741897E-15  -3.189373E-17  -1.530154E-15
  4.955000000000E+00   3.772072E-02  -3.430716E-01  -2.838280E-17   2.976199E-15  -3.981257E-17  -1.561764E-15
  4.960000000000E+00   3.601059E-02  -3.409034E-01  -1.397794E-17   2.699099E-15  -4.688095E-17  -1.206012E-15
  4.965000000000E+00   3.431236E-02  -3.383164E-01  -2.087196E-18   1.996585E-15  -5.132584E-17  -5.193305E-16
  4.970000000000E+00   3.262804E-02  -3.353448E-01   5.665286E-18   1.075587E-15  -5.174101E-17   3.789807E-16
  4.975000000000E+00   3.095947E-02  -3.320250E-01   8.564019E-18   9.164149E-17  -4.751246E-17   1.288365E-15
  4.980000000000E+00   2.930829E-02  -3.283956E-01   6.797382E-18  -7.588911E-16  -3.919275E-17   1.988440E-15
  4.985000000000E+00   2.767595E-02  -3.244969E-01   1.423738E-18  -1.332201E-15  -2.815061E-17   2.360623E-15
  4.990000000000E+00   2.606368E-02  -3.203703E-01  -6.005574E-18  -1.580559E-15  -1.623195E-17   2.332049E-15
  4.995000000000E+00   2.447254E-02  -3.160579E-01  -1.387708E-17  -1.511718E-15  -5.445551E-18   1.920218E-15
  5.000000000000E+00   2.290333E-02  -3.116021E-01  -2.075092E-17  -1.199407E-15   2.575907E-18   1.255325E-15
  5.005000000000E+00   2.135668E-02  -3.070445E-01  -2.562505E-17  -7.363999E-16   6.861604E-18   4.459522E-16
  5.010000000000E+00   1.983299E-02  -3.024259E-01  -2.808563E-17  -2.521065E-16   7.056145E-18  -3.502051E-16
  5.015000000000E+00   1.833246E-02  -2.977854E-01  -2.827225E-17   1.550133E-16   3.613509E-18  -9.861666E-16
  5.020000000000E+00   1.685511E-02  -2.931600E-01  -2.675192E-17   4.270962E-16  -2.390476E-18  -1.364600E-15
  5.025000000000E+00   1.540078E-02  -2.885839E-01  -2.424196E-17   5.512279E-16  -9.568515E-18  -1.451753E-15
  5.030000000000E+00   1.396914E-02  -2.840881E-01  -2.143270E-17   5.534045E-16  -1.647724E-17  -1.276734E-15
  5.035000000000E+00   1.255972E-02  -2.797003E-01  -1.884553E-17   4.678930E-16  -2.212976E-17  -9.702720E-16
  5.040000000000E+00   1.117193E-02  -2.754440E-01  -1.682555E-17   3.332635E-16  -2.615853E-17  -6.566667E-16
  5.045000000000E+00   9.805042E-03  -2.713386E-01  -1.555048E-17   1.739216E-16  -2.889645E-17  -4.687893E-16
  5.050000000000E+00   8.458275E-03  -2.673994E-01  -1.513146E-17  -1.244898E-17  -3.117324E-17  -4.811121E-16
  5.055000000000E+00   7.130765E-03  -2.636368E-01  -1.576906E-17  -2.530944E-16  -3.405653E-17  -7.079223E-16
  5.060000000000E+00   5.821614E-03  -2.600570E-01  -1.777039E-17  -5.626758E-16  -3.847499E-17  -1.074212E-15
  5.065000000000E+00   4.529900E-03  -2.566614E-01  -2.153568E-17  -9.562115E-16  -4.479562E-17  -1.440412E-15
  5.070000000000E+00   3.254709E-03  -2.534470E-01  -2.740334E-17  -1.393056E-15  -5.258961E-17  -1.630522E-15
  5.075000000000E+00   1.995153E-03  -2.504061E-01  -3.542205E-17  -1.800265E-15  -6.061364E-17  -1.513456E-15
  5.080000000000E+00   7.503894E-04  -2.475270E-01  -4.521291E-17  -2.084185E-15  -6.708535E-17  -1.003758E-15
  5.085000000000E+00  -4.803505E-04  -2.447935E-01  -5.588752E-17  -2.133381E-15  -7.003186E-17  -1.105364E-16
  5.090000000000E+00  -1.697747E-03  -2.421859E-01  -6.602508E-17  -1.857668E-15  -6.771727E-17   1.073699E-15
  5.095000000000E+00  -2.902373E-03  -2.396804E-01  -7.387675E-17  -1.216689E-15  -5.913843E-17   2.356962E-15
  5.100000000000E+00  -4.094673E-03  -2.372505E-01  -7.764367E-17  -2.329778E-16  -4.435571E-17   3.506282E-15
  5.105000000000E+00  -5.274951E-03  -2.348664E-01  -7.580807E-17   9.984553E-16  -2.469978E-17   4.265114E-15
  5.110000000000E+00  -6.443359E-03  -2.324964E-01  -6.752215E-17   2.314552E-15  -2.635740E-18   4.446027E-15
  5.115000000000E+00  -7.599884E-03  -2.301069E-01  -5.284688E-17   3.516400E-15   1.870840E-17   3.970975E-15
  5.120000000000E+00  -8.744343E-03  -2.276637E-01  -3.283954E-17   4.416575E-15   3.605515E-17   2.863892E-15
  5.125000000000E+00  -9.876379E-03  -2.251319E-01  -9.401293E-18   4.867799E-15   4.660760E-17   1.294437E-15
  5.130000000000E+00  -1.099547E-02  -2.224776E-01   1.497208E-17   4.778986E-15   4.864966E-17  -4.885236E-16
  5.135000000000E+00  -1.210091E-02  -2.196681E-01   3.748465E-17   4.130928E-15   4.186381E-17  -2.184153E-15
  5.140000000000E+00  -1.319185E-02  -2.166728E-01   5.550210E-17   2.993966E-15   2.740587E-17  -3.512600E-15
  5.145000000000E+00  -1.426729E-02  -2.134645E-01   6.682182E-17   1.483923E-15   7.653978E-18  -4.272235E-15
  5.150000000000E+00  -1.532611E-02  -2.100194E-01   7.005874E-17  -2.027513E-16  -1.421315E-17  -4.349654E-15
  5.155000000000E+00  -1.636708E-02  -2.063182E-01   6.486657E-17  -1.845772E-15  -3.479763E-17  -3.780129E-15
  5.160000000000E+00  -1.738886E-02  -2.023466E-01   5.202469E-17  -3.227238E-15  -5.125721E-17  -2.733677E-15
  5.165000000000E+00  -1.839010E-02  -1.980958E-01   3.323652E-17  -4.208309E-15  -6.170507E-17  -1.421839E-15
  5.170000000000E+00  -1.936937E-02  -1.935626E-01   1.066246E-17  -4.735006E-15  -6.546238E-17  -1.001335E-16
  5.175000000000E+00  -2.032527E-02  -1.887498E-01  -1.334202E-17  -4.782539E-15  -6.302795E-17   1.025434E-15
  5.180000000000E+00  -2.125643E-02  -1.836663E-01  -3.648839E-17  -4.401516E-15  -5.575792E-17   1.819091E-15
  5.185000000000E+00  -2.216153E-02  -1.783269E-01  -5.680438E-17  -3.675517E-15  -4.541817E-17   2.251549E-15
  5.190000000000E+00  -2.303933E-02  -1.727523E-01  -7.294495E-17  -2.753593E-15  -3.376927E-17   2.359060E-15
  5.195000000000E+00  -2.388872E-02  -1.669689E-01  -8.419421E-17  -1.737803E-15  -2.221877E-17   2.224113E-15
  5.200000000000E+00  -2.470873E-02  -1.610081E-01  -9.031732E-17  -7.191547E-16  -1.181938E-17   1.909168E-15
  5.205000000000E+00  -2.549857E-02  -1.549066E-01  -9.152335E-17   2.216834E-16  -3.352650E-18   1.459387E-15
  5.210000000000E+00  -2.625764E-02  -1.487050E-01  -8.823827E-17   1.078316E-15   2.635016E-18   9.194743E-16
  5.215000000000E+00  -2.698553E-02  -1.424481E-01  -8.086271E-17   1.850877E-15   5.693985E-18   2.883152E-16
  5.220000000000E+00  -2.768211E-02  -1.361839E-01  -6.989148E-17   2.514665E-15   5.396771E-18  -4.219302E-16
  5.225000000000E+00  -2.834744E-02  -1.299628E-01  -5.592847E-17   3.047368E-15   1.346222E-18  -1.211176E-15
  5.230000000000E+00  -2.898189E-02  -1.238371E-01  -3.970458E-17   3.402406E-15  -6.806723E-18  -2.042772E-15
  5.235000000000E+00  -2.958605E-02  -1.178601E-01  -2.230965E-17   3.506022E-15  -1.887674E-17  -2.742133E-15
  5.240000000000E+00  -3.016081E-02  -1.120850E-01  -5.156867E-18   3.284771E-15  -3.378658E-17  -3.160415E-15
  5.245000000000E+00  -3.070731E-02  -1.065642E-01   9.957704E-18   2.691370E-15  -4.982917E-17  -3.173363E-15
  5.250000000000E+00  -3.122694E-02  -1.013484E-01   2.115677E-17   1.730139E-15  -6.468503E-17  -2.669514E-15
  5.255000000000E+00  -3.172136E-02  -9.648532E-02   2.683019E-17   4.889277E-16  -7.566600E-17  -1.639849E-15
  5.260000000000E+00  -3.219243E-02  -9.201861E-02   2.579448E-17  -9.163970E-16  -8.036406E-17  -1.833526E-16
  5.265000000000E+00  -3.264224E-02  -8.798721E-02   1.766227E-17  -2.322313E-15  -7.714315E-17   1.498972E-15
  5.270000000000E+00  -3.307305E-02  -8.442420E-02   2.903676E-18  -3.530128E-15  -6.535720E-17   3.186118E-15
  5.275000000000E+00  -3.348727E-02  -8.135599E-02  -1.703029E-17  -4.359581E-15  -4.570326E-17   4.595913E-15
  5.280000000000E+00  -3.388743E-02  -7.880164E-02  -3.980299E-17  -4.640733E-15  -2.029013E-17   5.452613E-15
  5.285000000000E+00  -3.427613E-02  -7.677231E-02  -6.237558E-17  -4.272071E-15   7.600948E-18   5.560481E-15
  5.290000000000E+00  -3.465600E-02  -7.527087E-02  -8.148808E-17  -3.260205E-15   3.400633E-17   4.858977E-15
  5.295000000000E+00  -3.502968E-02  -7.429174E-02  -9.412099E-17  -1.722567E-15   5.497595E-17   3.421679E-15
  5.300000000000E+00  -3.539973E-02  -7.382089E-02  -9.826265E-17   8.848964E-17   6.747054E-17   1.513616E-15
  5.305000000000E+00  -3.576866E-02  -7.383609E-02  -9.324055E-17   1.899825E-15   6.975278E-17  -6.001832E-16
  5.310000000000E+00  -3.613882E-02  -7.430731E-02  -7.967898E-17   3.464720E-15   6.174784E-17  -2.538160E-15
  5.315000000000E+00  -3.651241E-02  -7.519735E-02  -5.937817E-17   4.552502E-15   4.528432E-17  -3.929471E-15
  5.320000000000E+00  -3.689140E-02  -7.646258E-02  -3.517356E-17   5.009916E-15   2.357915E-17  -4.618474E-15
  5.325000000000E+00  -3.727755E-02  -7.805382E-02  -1.031473E-17   4.813629E-15   2.689883E-19  -4.573380E-15
  5.330000000000E+00  -3.767237E-02  -7.991740E-02   1.206822E-17   4.055925E-15  -2.108953E-17  -3.864821E-15
  5.335000000000E+00  -3.807707E-02  -8.199623E-02   2.959162E-17   2.903585E-15  -3.762771E-17  -2.690409E-15
  5.340000000000E+00  -3.849258E-02  -8.423095E-02   4.083408E-17   1.590039E-15  -4.763072E-17  -1.284900E-15
  5.345000000000E+00  -3.891953E-02  -8.656115E-02   4.561842E-17   3.569377E-16  -5.042528E-17   1.538267E-16
  5.350000000000E+00  -3.935825E-02  -8.892655E-02   4.487664E-17  -5.861188E-16  -4.644428E-17   1.387353E-15
  5.355000000000E+00  -3.980876E-02  -9.126824E-02   4.028230E-17  -1.206242E-15  -3.704931E-17   2.298880E-15
  5.360000000000E+00  -4.027081E-02  -9.352982E-02   3.319447E-17  -1.592458E-15  -2.400430E-17   2.863315E-15
  5.365000000000E+00  -4.074385E-02  -9.565858E-02   2.460177E-17  -1.833003E-15  -9.008717E-18   3.072981E-15
  5.370000000000E+00  -4.122710E-02  -9.760655E-02   1.489617E-17  -2.053437E-15   6.161167E-18   2.933055E-15
  5.375000000000E+00  -4.171956E-02  -9.933151E-02   3.946310E-18  -2.355244E-15   1.984875E-17   2.490775E-15
  5.380000000000E+00  -4.222000E-02  -1.007979E-01  -8.751253E-18  -2.728680E-15   3.067584E-17   1.804005E-15
  5.385000000000E+00  -4.272708E-02  -1.019776E-01  -2.343246E-17  -3.158147E-15   3.755715E-17   9.099797E-16
  5.390000000000E+00  -4.323929E-02  -1.028504E-01  -4.016998E-17  -3.486892E-15   3.954847E-17  -1.227210E-16
  5.395000000000E+00  -4.375507E-02  -1.034049E-01  -5.779489E-17  -3.498089E-15   3.630744E-17  -1.162431E-15
  5.400000000000E+00  -4.427282E-02  -1.036381E-01  -7.442314E-17  -3.063992E-15   2.809846E-17  -2.085299E-15
  5.405000000000E+00  -4.479095E-02  -1.035563E-01  -8.762853E-17  -2.124162E-15   1.583387E-17  -2.759613E-15
  5.410000000000E+00  -4.530790E-02  -1.031741E-01  -9.487772E-17  -7.031007E-16   1.161870E-18  -3.029731E-15
  5.415000000000E+00  -4.582224E-02  -1.025147E-01  -9.420927E-17   1.007184E-15  -1.367247E-17  -2.802832E-15
  5.420000000000E+00  -4.633265E-02  -1.016087E-01  -8.470316E-17   2.789574E-15  -2.601502E-17  -2.037347E-15
  5.425000000000E+00  -4.683800E-02  -1.004937E-01  -6.666437E-17   4.363452E-15  -3.333059E-17  -8.308778E-16
  5.430000000000E+00  -4.733733E-02  -9.921295E-02  -4.190542E-17   5.430796E-15  -3.386651E-17   6.422276E-16
  5.435000000000E+00  -4.782994E-02  -9.781423E-02  -1.345138E-17   5.814911E-15  -2.690492E-17   2.112431E-15
  5.440000000000E+00  -4.831536E-02  -9.634844E-02   1.495287E-17   5.403053E-15  -1.325029E-17   3.275503E-15
  5.445000000000E+00  -4.879340E-02  -9.486806E-02   3.930369E-17   4.202832E-15   4.875177E-18   3.838689E-15
  5.450000000000E+00  -4.926410E-02  -9.342562E-02   5.603085E-17   2.400796E-15   2.381270E-17   3.598216E-15
  5.455000000000E+00  -4.972780E-02  -9.207217E-02   6.284356E-17   3.130092E-16   3.964631E-17   2.599537E-15
  5.460000000000E+00  -5.018504E-02  -9.085571E-02   5.930518E-17  -1.688245E-15   4.879957E-17   9.793622E-16
  5.465000000000E+00  -5.063664E-02  -8.981985E-02   4.649731E-17  -3.352593E-15   4.895435E-17  -9.411129E-16
  5.470000000000E+00  -5.108359E-02  -8.900246E-02   2.676465E-17  -4.419242E-15   3.965525E-17  -2.716483E-15
  5.475000000000E+00  -5.152707E-02  -8.843466E-02   3.432726E-18  -4.786810E-15   2.260371E-17  -3.976083E-15
  5.480000000000E+00  -5.196838E-02  -8.813986E-02  -1.994736E-17  -4.443419E-15   1.264925E-18  -4.395861E-15
  5.485000000000E+00  -5.240893E-02  -8.813322E-02  -4.009433E-17  -3.533727E-15  -1.985777E-17  -3.889110E-15
  5.490000000000E+00  -5.285018E-02  -8.842116E-02  -5.480077E-17  -2.312159E-15  -3.635960E-17  -2.583433E-15
  5.495000000000E+00  -5.329361E-02  -8.900128E-02  -6.304379E-17  -9.764424E-16  -4.484558E-17  -7.578788E-16
  5.500000000000E+00  -5.374064E-02  -8.986249E-02  -6.478147E-17   2.416149E-16  -4.381909E-17   1.146166E-15
  5.505000000000E+00  -5.419265E-02  -9.098529E-02  -6.102703E-17   1.209424E-15  -3.394130E-17   2.716246E-15
  5.510000000000E+00  -5.465087E-02  -9.234245E-02  -5.320031E-17   1.863277E-15  -1.785248E-17   3.576696E-15
  5.515000000000E+00  -5.511640E-02  -9.389969E-02  -4.296599E-17   2.162210E-15   5.094466E-19   3.618575E-15
  5.520000000000E+00  -5.559012E-02  -9.561674E-02  -3.208260E-17   2.142307E-15   1.709904E-17   2.882960E-15
  5.525000000000E+00  -5.607275E-02  -9.744838E-02  -2.180813E-17   1.942986E-15   2.839681E-17   1.572373E-15
  5.530000000000E+00  -5.656471E-02  -9.934574E-02  -1.281542E-17   1.650702E-15   3.245058E-17   5.328011E-17
  5.535000000000E+00  -5.706623E-02  -1.012576E-01  -5.164460E-18   1.423490E-15   2.929232E-17  -1.252664E-15
  5.540000000000E+00  -5.757723E-02  -1.031319E-01   1.633519E-18   1.318711E-15   2.083386E-17  -2.009889E-15
  5.545000000000E+00  -5.809740E-02  -1.049170E-01   8.353152E-18   1.392282E-15   1.040035E-17  -2.034088E-15
  5.550000000000E+00  -5.862618E-02  -1.065633E-01   1.567761E-17   1.540802E-15   1.523623E-18  -1.418039E-15
  5.555000000000E+00  -5.916274E-02  -1.080244E-01   2.363477E-17   1.618224E-15  -3.014066E-18  -3.486383E-16
  5.560000000000E+00  -5.970606E-02  -1.092589E-01   3.160991E-17   1.525926E-15  -1.703892E-18   8.703325E-16
  5.565000000000E+00  -6.025491E-02  -1.102311E-01   3.847384E-17   1.154663E-15   5.365921E-18   1.896649E-15
  5.570000000000E+00  -6.080790E-02  -1.109124E-01   4.258962E-17   4.262554E-16   1.631615E-17   2.361877E-15
  5.575000000000E+00  -6.136353E-02  -1.112818E-01   4.223936E-17  -6.175012E-16   2.777992E-17   2.094884E-15
  5.580000000000E+00  -6.192020E-02  -1.113272E-01   3.619673E-17  -1.813030E-15   3.624497E-17   1.186438E-15
  5.585000000000E+00  -6.247628E-02  -1.110452E-01   2.417603E-17  -2.975085E-15   3.872010E-17  -2.670223E-16
  5.590000000000E+00  -6.303014E-02  -1.104417E-01   6.753935E-18  -3.939821E-15   3.319989E-17  -1.937426E-15
  5.595000000000E+00  -6.358021E-02  -1.095314E-01  -1.471106E-17  -4.579977E-15   1.962283E-17  -3.447187E-15
  5.600000000000E+00  -6.412500E-02  -1.083378E-01  -3.815975E-17  -4.691723E-15  -4.092961E-19  -4.457876E-15
  5.605000000000E+00  -6.466318E-02  -1.068920E-01  -6.063382E-17  -4.220987E-15  -2.375330E-17  -4.726968E-15
  5.610000000000E+00  -6.519358E-02  -1.052323E-01  -7.964740E-17  -3.308266E-15  -4.642607E-17  -4.208876E-15
  5.615000000000E+00  -6.571523E-02  -1.034027E-01  -9.329778E-17  -2.107832E-15  -6.472203E-17  -3.000264E-15
  5.620000000000E+00  -6.622741E-02  -1.014514E-01  -1.005293E-16  -7.759031E-16  -7.570666E-17  -1.328744E-15
  5.625000000000E+00  -6.672963E-02  -9.942993E-02  -1.010789E-16   5.420014E-16  -7.767354E-17   5.362340E-16
  5.630000000000E+00  -6.722168E-02  -9.739072E-02  -9.544079E-17   1.650090E-15  -7.051032E-17   2.272895E-15
  5.635000000000E+00  -6.770360E-02  -9.538602E-02  -8.517607E-17   2.403441E-15  -5.576254E-17   3.512760E-15
  5.640000000000E+00  -6.817568E-02  -9.346612E-02  -7.207851E-17   2.757413E-15  -3.658446E-17   4.021297E-15
  5.645000000000E+00  -6.863847E-02  -9.167773E-02  -5.827561E-17   2.708379E-15  -1.671451E-17   3.795827E-15
  5.650000000000E+00  -6.909273E-02  -9.006268E-02  -4.537327E-17   2.412867E-15   3.953124E-19   2.953593E-15
  5.655000000000E+00  -6.953943E-02  -8.865655E-02  -3.441472E-17   1.938254E-15   1.209366E-17   1.683456E-15
  5.660000000000E+00  -6.997968E-02  -8.748769E-02  -2.629166E-17   1.287573E-15   1.705557E-17   3.240236E-16
  5.665000000000E+00  -7.041472E-02  -8.657638E-02  -2.165334E-17   5.553399E-16   1.587449E-17  -7.064447E-16
  5.670000000000E+00  -7.084587E-02  -8.593430E-02  -2.067416E-17  -1.376687E-16   1.093676E-17  -1.161672E-15
  5.675000000000E+00  -7.127450E-02  -8.556423E-02  -2.264872E-17  -6.257753E-16   5.138755E-18  -1.046571E-15
  5.680000000000E+00  -7.170194E-02  -8.546005E-02  -2.667179E-17  -9.103714E-16   1.457944E-18  -3.528351E-16
  5.685000000000E+00  -7.212950E-02  -8.560698E-02  -3.123235E-17  -8.680803E-16   2.079561E-18   6.247703E-16
  5.690000000000E+00  -7.255838E-02  -8.598216E-02  -3.508490E-17  -6.239403E-16   7.658499E-18   1.573623E-15
  5.695000000000E+00  -7.298964E-02  -8.655536E-02  -3.699057E-17  -9.511588E-17   1.710660E-17   2.119485E-15
  5.700000000000E+00  -7.342419E-02  -8.729001E-02  -3.582696E-17   5.614135E-16   2.805844E-17   2.131719E-15
  5.705000000000E+00  -7.386273E-02  -8.814432E-02  -3.134687E-17   1.230963E-15   3.722277E-17   1.399050E-15
  5.710000000000E+00  -7.430575E-02  -8.907267E-02  -2.374925E-17   1.761073E-15   4.090954E-17  -2.913950E-17
  5.715000000000E+00  -7.475350E-02  -9.002703E-02  -1.405565E-17   2.056309E-15   3.631113E-17  -1.849693E-15
  5.720000000000E+00  -7.520598E-02  -9.095848E-02  -3.703165E-18   2.040936E-15   2.249780E-17  -3.635868E-15
  5.725000000000E+00  -7.566297E-02  -9.181885E-02   5.753156E-18   1.675522E-15   6.689548E-19  -4.983424E-15
  5.730000000000E+00  -7.612398E-02  -9.256222E-02   1.247413E-17   9.699181E-16  -2.612239E-17  -5.553664E-15
  5.735000000000E+00  -7.658834E-02  -9.314648E-02   1.512159E-17   4.955026E-17  -5.315072E-17  -5.049681E-15
  5.740000000000E+00  -7.705514E-02  -9.353476E-02   1.262116E-17  -1.072322E-15  -7.490598E-17  -3.462188E-15
  5.745000000000E+00  -7.752332E-02  -9.369669E-02   4.357464E-18  -2.188929E-15  -8.649353E-17  -1.076663E-15
  5.750000000000E+00  -7.799170E-02  -9.360952E-02  -8.658875E-18  -2.956710E-15  -8.522274E-17   1.604876E-15
  5.755000000000E+00  -7.845900E-02  -9.325900E-02  -2.467813E-17  -3.376213E-15  -7.075213E-17   4.106575E-15
  5.760000000000E+00  -7.892386E-02  -9.263997E-02  -4.157874E-17  -3.279572E-15  -4.515496E-17   5.977669E-15
  5.765000000000E+00  -7.938497E-02  -9.175671E-02  -5.657261E-17  -2.623702E-15  -1.281313E-17   6.741859E-15
  5.770000000000E+00  -7.984103E-02  -9.062295E-02  -6.720744E-17  -1.568149E-15   2.000321E-17   6.127953E-15
  5.775000000000E+00  -8.029084E-02  -8.926157E-02  -7.190008E-17  -2.946183E-16   4.652173E-17   4.274986E-15
  5.780000000000E+00  -8.073333E-02  -8.770395E-02  -7.029194E-17   8.896250E-16   6.134773E-17   1.538262E-15
  5.785000000000E+00  -8.116762E-02  -8.598906E-02  -6.364677E-17   1.686530E-15   6.126035E-17  -1.598327E-15
  5.790000000000E+00  -8.159304E-02  -8.416223E-02  -5.433731E-17   1.950560E-15   4.566629E-17  -4.553378E-15
  5.795000000000E+00  -8.200915E-02  -8.227370E-02  -4.498785E-17   1.692050E-15   1.694081E-17  -6.764777E-15
  5.800000000000E+00  -8.241577E-02  -8.037694E-02  -3.832068E-17   8.920108E-16  -2.007181E-17  -7.810783E-15
  5.805000000000E+00  -8.281299E-02  -7.852684E-02  -3.668659E-17  -2.873798E-16  -5.914894E-17  -7.603439E-15
  5.810000000000E+00  -8.320120E-02  -7.677785E-02  -4.130865E-17  -1.528973E-15  -9.430619E-17  -6.275885E-15
  5.815000000000E+00  -8.358102E-02  -7.518207E-02  -5.150666E-17  -2.478185E-15  -1.205587E-16  -4.120384E-15
  5.820000000000E+00  -8.395334E-02  -7.378746E-02  -6.512568E-17  -2.828223E-15  -1.347419E-16  -1.500102E-15
  5.825000000000E+00  -8.431928E-02  -7.263613E-02  -7.838691E-17  -2.338731E-15  -1.355278E-16   1.144201E-15
  5.830000000000E+00  -8.468015E-02  -7.176288E-02  -8.742293E-17  -1.159388E-15  -1.240496E-16   3.329080E-15
  5.835000000000E+00  -8.503740E-02  -7.119399E-02  -8.907202E-17   5.493846E-16  -1.035251E-16   4.733160E-15
  5.840000000000E+00  -8.539260E-02  -7.094632E-02  -8.192562E-17   2.302309E-15  -7.800048E-17   5.347423E-15
  5.845000000000E+00  -8.574738E-02  -7.102676E-02  -6.650440E-17   3.780733E-15  -5.112014E-17   5.302329E-15
  5.850000000000E+00  -8.610339E-02  -7.143204E-02  -4.499893E-17   4.694468E-15  -2.579103E-17   4.772539E-15
  5.855000000000E+00  -8.646220E-02  -7.214893E-02  -2.091696E-17   4.778676E-15  -3.651380E-18   4.052462E-15
  5.860000000000E+00  -8.682534E-02  -7.315478E-02   1.499787E-18   4.069116E-15   1.465482E-17   3.275413E-15
  5.865000000000E+00  -8.719416E-02  -7.441838E-02   1.878625E-17   2.748949E-15   2.931403E-17   2.612842E-15
  5.870000000000E+00  -8.756987E-02  -7.590117E-02   2.844716E-17   1.087293E-15   4.091129E-17   2.042155E-15
  5.875000000000E+00  -8.795346E-02  -7.755864E-02   2.974876E-17  -5.200187E-16   4.978487E-17   1.527546E-15
  5.880000000000E+00  -8.834566E-02  -7.934199E-02   2.392636E-17  -1.738525E-15   5.622551E-17   1.038297E-15
  5.885000000000E+00  -8.874700E-02  -8.119981E-02   1.309419E-17  -2.487234E-15   6.003033E-17   4.418042E-16
  5.890000000000E+00  -8.915770E-02  -8.307996E-02  -4.913799E-20  -2.666244E-15   6.037084E-17  -3.316721E-16
  5.895000000000E+00  -8.957775E-02  -8.493134E-02  -1.278021E-17  -2.359051E-15   5.646340E-17  -1.251504E-15
  5.900000000000E+00  -9.000689E-02  -8.670565E-02  -2.315523E-17  -1.775981E-15   4.767579E-17  -2.278221E-15
  5.905000000000E+00  -9.044461E-02  -8.835900E-02  -3.050138E-17  -1.161366E-15   3.363422E-17  -3.321816E-15
  5.910000000000E+00  -9.089022E-02  -8.985332E-02  -3.510545E-17  -7.547678E-16   1.461479E-17  -4.264239E-15
  5.915000000000E+00  -9.134284E-02  -9.115762E-02  -3.861155E-17  -7.154569E-16  -8.601345E-18  -4.964583E-15
  5.920000000000E+00  -9.180146E-02  -9.224887E-02  -4.281541E-17  -1.003181E-15  -3.457313E-17  -5.360072E-15
  5.925000000000E+00  -9.226496E-02  -9.311264E-02  -4.911764E-17  -1.546561E-15  -6.167683E-17  -5.411863E-15
  5.930000000000E+00  -9.273221E-02  -9.374340E-02  -5.836928E-17  -2.128960E-15  -8.806777E-17  -5.082631E-15
  5.935000000000E+00  -9.320203E-02  -9.414446E-02  -7.006697E-17  -2.504407E-15  -1.121260E-16  -4.501051E-15
  5.940000000000E+00  -9.367330E-02  -9.432760E-02  -8.276997E-17  -2.484949E-15  -1.326870E-16  -3.675783E-15
  5.945000000000E+00  -9.414499E-02  -9.431234E-02  -9.420285E-17  -2.007599E-15  -1.485732E-16  -2.665317E-15
  5.950000000000E+00  -9.461615E-02  -9.412496E-02  -1.021443E-16  -1.090263E-15  -1.590528E-16  -1.470991E-15
  5.955000000000E+00  -9.508601E-02  -9.379717E-02  -1.045608E-16   1.450896E-16  -1.629111E-16  -2.279953E-17
  5.960000000000E+00  -9.555396E-02  -9.336466E-02  -1.007700E-16   1.354891E-15  -1.587223E-16   1.739712E-15
  5.965000000000E+00  -9.601955E-02  -9.286546E-02  -9.141995E-17   2.301514E-15  -1.449884E-16   3.786094E-15
  5.970000000000E+00  -9.648257E-02  -9.233824E-02  -7.867668E-17   2.671149E-15  -1.206676E-16   5.935254E-15
  5.975000000000E+00  -9.694295E-02  -9.182056E-02  -6.575716E-17   2.380395E-15  -8.596877E-17   7.859390E-15
  5.980000000000E+00  -9.740084E-02  -9.134730E-02  -5.575116E-17   1.553481E-15  -4.304991E-17   9.186230E-15
  5.985000000000E+00  -9.785654E-02  -9.094914E-02  -5.053754E-17   4.946502E-16   4.445518E-18   9.604668E-15
  5.990000000000E+00  -9.831050E-02  -9.065132E-02  -5.096118E-17  -6.379958E-16   5.086493E-17   8.720287E-15
  5.995000000000E+00  -9.876325E-02  -9.047266E-02  -5.652235E-17  -1.508351E-15   8.961388E-17   6.576841E-15
  6.000000000000E+00  -9.921543E-02  -9.042492E-02  -6.542095E-17  -1.973078E-15   1.148921E-16   3.383104E-15
  6.005000000000E+00  -9.966771E-02  -9.051247E-02  -7.538647E-17  -1.914194E-15   1.225293E-16  -3.867674E-16
  6.010000000000E+00  -1.001208E-01  -9.073239E-02  -8.390993E-17  -1.422744E-15   1.108771E-16  -4.249238E-15
  6.015000000000E+00  -1.005752E-01  -9.107483E-02  -8.896647E-17  -5.600774E-16   8.096486E-17  -7.569060E-15
  6.020000000000E+00  -1.010317E-01  -9.152374E-02  -8.913768E-17   5.496186E-16   3.679968E-17  -9.867701E-15
  6.025000000000E+00  -1.014906E-01  -9.205789E-02  -8.335319E-17   1.739213E-15  -1.553031E-17  -1.080834E-14
  6.030000000000E+00  -1.019524E-01  -9.265209E-02  -7.206351E-17   2.737436E-15  -6.893916E-17  -1.032454E-14
  6.035000000000E+00  -1.024172E-01  -9.327858E-02  -5.654989E-17   3.402238E-15  -1.166404E-16  -8.574615E-15
  6.040000000000E+00  -1.028852E-01  -9.390854E-02  -3.874015E-17   3.659128E-15  -1.532189E-16  -5.929419E-15
  6.045000000000E+00  -1.033562E-01  -9.451359E-02  -2.050393E-17   3.569399E-15  -1.753642E-16  -2.871857E-15
  6.050000000000E+00  -1.038302E-01  -9.506729E-02  -3.566696E-18   3.130766E-15  -1.819041E-16   2.207089E-16
  6.055000000000E+00  -1.043068E-01  -9.554649E-02   1.033674E-17   2.414298E-15  -1.735152E-16   3.038870E-15
  6.060000000000E+00  -1.047855E-01  -9.593255E-02   2.047948E-17   1.651327E-15  -1.524676E-16   5.274736E-15
  6.065000000000E+00  -1.052659E-01  -9.621231E-02   2.705474E-17   9.994136E-16  -1.219971E-16   6.772487E-15
  6.070000000000E+00  -1.057475E-01  -9.637880E-02   3.064845E-17   4.527192E-16  -8.567303E-17   7.644010E-15
  6.075000000000E+00  -1.062295E-01  -9.643167E-02   3.168505E-17  -1.669115E-17  -4.627794E-17   8.048607E-15
  6.080000000000E+00  -1.067116E-01  -9.637729E-02   3.067164E-17  -3.758414E-16  -5.582000E-18   8.210767E-15
  6.085000000000E+00  -1.071932E-01  -9.622851E-02   2.808645E-17  -6.396321E-16   3.544094E-17   8.170049E-15
  6.090000000000E+00  -1.076738E-01  -9.600416E-02   2.437395E-17  -8.167006E-16   7.574970E-17   7.874481E-15
  6.095000000000E+00  -1.081531E-01  -9.572817E-02   1.988210E-17  -9.979562E-16   1.135080E-16   7.132526E-15
  6.100000000000E+00  -1.086310E-01  -9.542853E-02   1.418781E-17  -1.291321E-15   1.458807E-16   5.669779E-15
  6.105000000000E+00  -1.091074E-01  -9.513598E-02   6.840247E-18  -1.670753E-15   1.688133E-16   3.350422E-15
  6.110000000000E+00  -1.095824E-01  -9.488260E-02  -2.610344E-18  -2.133789E-15   1.779387E-16   1.448078E-16
  6.115000000000E+00  -1.100564E-01  -9.470029E-02  -1.472909E-17  -2.743256E-15   1.692852E-16  -3.671675E-15
  6.120000000000E+00  -1.105296E-01  -9.461925E-02  -3.007356E-17  -3.390141E-15   1.410266E-16  -7.597902E-15
  6.125000000000E+00  -1.110028E-01  -9.466655E-02  -4.859279E-17  -3.983087E-15   9.405788E-17  -1.103836E-14
  6.130000000000E+00  -1.114765E-01  -9.486484E-02  -6.959119E-17  -4.388700E-15   3.249154E-17  -1.332727E-14
  6.135000000000E+00  -1.119517E-01  -9.523117E-02  -9.203463E-17  -4.536823E-15  -3.666473E-17  -1.400225E-14
  6.140000000000E+00  -1.124291E-01  -9.577612E-02  -1.145449E-16  -4.382238E-15  -1.044216E-16  -1.271631E-14
  6.145000000000E+00  -1.129097E-01  -9.650316E-02  -1.350020E-16  -3.703169E-15  -1.607097E-16  -9.491142E-15
  6.150000000000E+00  -1.133944E-01  -9.740828E-02  -1.509424E-16  -2.601720E-15  -1.969354E-16  -4.756257E-15
  6.155000000000E+00  -1.138841E-01  -9.847998E-02  -1.604760E-16  -1.155315E-15  -2.067937E-16   8.902454E-16
  6.160000000000E+00  -1.143795E-01  -9.969944E-02  -1.621055E-16   5.345248E-16  -1.879796E-16   6.537105E-15
  6.165000000000E+00  -1.148813E-01  -1.010411E-01  -1.550646E-16   2.300537E-15  -1.430769E-16   1.116403E-14
  6.170000000000E+00  -1.153900E-01  -1.024733E-01  -1.390534E-16   4.075403E-15  -7.907791E-17   1.408658E-14
  6.175000000000E+00  -1.159061E-01  -1.039596E-01  -1.146055E-16   5.662969E-15  -5.678624E-18   1.487372E-14
  6.180000000000E+00  -1.164296E-01  -1.054598E-01  -8.309669E-17   6.851497E-15   6.612799E-17   1.348178E-14
  6.185000000000E+00  -1.169606E-01  -1.069315E-01  -4.674748E-17   7.614973E-15   1.261921E-16   1.027662E-14
  6.190000000000E+00  -1.174988E-01  -1.083319E-01  -7.663767E-18   7.911996E-15   1.670709E-16   5.939719E-15
  6.195000000000E+00  -1.180438E-01  -1.096193E-01   3.149522E-17   7.642383E-15   1.850730E-16   1.285556E-15
  6.200000000000E+00  -1.185948E-01  -1.107551E-01   6.777873E-17   6.753742E-15   1.803829E-16  -3.050626E-15
  6.205000000000E+00  -1.191510E-01  -1.117056E-01   9.795545E-17   5.212486E-15   1.559384E-16  -6.516982E-15
  6.210000000000E+00  -1.197115E-01  -1.124437E-01   1.189308E-16   3.086081E-15   1.171948E-16  -8.739365E-15
  6.215000000000E+00  -1.202751E-01  -1.129505E-01   1.281288E-16   5.512607E-16   7.077444E-17  -9.592314E-15
  6.220000000000E+00  -1.208406E-01  -1.132162E-01   1.243986E-16  -2.027696E-15   2.317567E-17  -9.259555E-15
  6.225000000000E+00  -1.214069E-01  -1.132414E-01   1.081412E-16  -4.442575E-15  -2.012780E-17  -7.945261E-15
  6.230000000000E+00  -1.219727E-01  -1.130368E-01   8.062869E-17  -6.460211E-15  -5.559258E-17  -6.174936E-15
  6.235000000000E+00  -1.225369E-01  -1.126239E-01   4.459035E-17  -7.788803E-15  -8.145489E-17  -4.156638E-15
  6.240000000000E+00  -1.230986E-01  -1.120334E-01   4.118616E-18  -8.245043E-15  -9.743533E-17  -2.305635E-15
  6.245000000000E+00  -1.236570E-01  -1.113047E-01  -3.621461E-17  -7.675946E-15  -1.051608E-16  -8.286454E-16
  6.250000000000E+00  -1.242115E-01  -1.104838E-01  -7.108647E-17  -6.108670E-15  -1.062629E-16   3.128170E-16
  6.255000000000E+00  -1.247618E-01  -1.096215E-01  -9.613933E-17  -3.764441E-15  -1.024431E-16   1.166123E-15
  6.260000000000E+00  -1.253078E-01  -1.087711E-01  -1.079302E-16  -9.053815E-16  -9.481921E-17   1.872494E-15
  6.265000000000E+00  -1.258496E-01  -1.079860E-01  -1.052867E-16   1.902713E-15  -8.375584E-17   2.586009E-15
  6.270000000000E+00  -1.263878E-01  -1.073174E-01  -8.962074E-17   4.242318E-15  -6.870427E-17   3.407794E-15
  6.275000000000E+00  -1.269230E-01  -1.068122E-01  -6.420555E-17   5.763467E-15  -4.975764E-17   4.172117E-15
  6.280000000000E+00  -1.274563E-01  -1.065112E-01  -3.304901E-17   6.546660E-15  -2.721893E-17   4.785934E-15
  6.285000000000E+00  -1.279885E-01  -1.064471E-01  -4.838773E-19   6.255694E-15  -2.274059E-18   5.128917E-15
  6.290000000000E+00  -1.285211E-01  -1.066440E-01   2.805236E-17   5.055552E-15   2.317961E-17   4.932199E-15
  6.295000000000E+00  -1.290554E-01  -1.071159E-01   4.926887E-17   3.376330E-15   4.583280E-17   3.996027E-15
  6.300000000000E+00  -1.295927E-01  -1.078664E-01   6.171278E-17   1.613687E-15   6.197886E-17   2.353885E-15
  6.305000000000E+00  -1.301345E-01  -1.088886E-01   6.604155E-17   2.071887E-16   6.850781E-17   1.940989E-16
  6.310000000000E+00  -1.306820E-01  -1.101649E-01   6.453138E-17  -6.919717E-16   6.359178E-17  -2.219286E-15
  6.315000000000E+00  -1.312365E-01  -1.116676E-01   6.008655E-17  -9.917885E-16   4.625584E-17  -4.660443E-15
  6.320000000000E+00  -1.317990E-01  -1.133595E-01   5.523674E-17  -9.254093E-16   1.790558E-17  -6.549620E-15
  6.325000000000E+00  -1.323704E-01  -1.151948E-01   5.097388E-17  -7.665389E-16  -1.774904E-17  -7.504946E-15
  6.330000000000E+00  -1.329511E-01  -1.171206E-01   4.708033E-17  -8.422627E-16  -5.512849E-17  -7.228800E-15
  6.335000000000E+00  -1.335416E-01  -1.190785E-01   4.167851E-17  -1.445105E-15  -8.819193E-17  -5.763508E-15
  6.340000000000E+00  -1.341419E-01  -1.210070E-01   3.203755E-17  -2.460569E-15  -1.112710E-16  -3.353918E-15
  6.345000000000E+00  -1.347515E-01  -1.228441E-01   1.664369E-17  -3.708237E-15  -1.209266E-16  -4.911983E-16
  6.350000000000E+00  -1.353701E-01  -1.245306E-01  -5.088107E-18  -4.974476E-15  -1.162456E-16   2.291825E-15
  6.355000000000E+00  -1.359965E-01  -1.260127E-01  -3.282797E-17  -6.063120E-15  -9.909959E-17   4.383212E-15
  6.360000000000E+00  -1.366298E-01  -1.272459E-01  -6.484133E-17  -6.612901E-15  -7.435572E-17   5.299828E-15
  6.365000000000E+00  -1.372685E-01  -1.281974E-01  -9.779144E-17  -6.454831E-15  -4.795275E-17   5.051319E-15
  6.370000000000E+00  -1.379113E-01  -1.288486E-01  -1.277194E-16  -5.315436E-15  -2.568103E-17   3.668179E-15
  6.375000000000E+00  -1.385565E-01  -1.291969E-01  -1.495993E-16  -3.354603E-15  -1.247734E-17   1.522144E-15
  6.380000000000E+00  -1.392028E-01  -1.292558E-01  -1.607517E-16  -1.040152E-15  -1.068962E-17  -7.885518E-16
  6.385000000000E+00  -1.398487E-01  -1.290544E-01  -1.598598E-16   1.381826E-15  -1.969779E-17  -2.697463E-15
  6.390000000000E+00  -1.404930E-01  -1.286356E-01  -1.472527E-16   3.614812E-15  -3.600148E-17  -3.595640E-15
  6.395000000000E+00  -1.411348E-01  -1.280534E-01  -1.243933E-16   5.443031E-15  -5.368246E-17  -3.256407E-15
  6.400000000000E+00  -1.417733E-01  -1.273690E-01  -9.375596E-17   6.714243E-15  -6.646568E-17  -1.658422E-15
  6.405000000000E+00  -1.424084E-01  -1.266471E-01  -5.810201E-17   7.446423E-15  -6.872161E-17   8.784138E-16
  6.410000000000E+00  -1.430399E-01  -1.259519E-01  -2.030510E-17   7.550692E-15  -5.700067E-17   3.836501E-15
  6.415000000000E+00  -1.436680E-01  -1.253436E-01   1.629622E-17   6.940718E-15  -3.071164E-17   6.577600E-15
  6.420000000000E+00  -1.442935E-01  -1.248755E-01   4.772977E-17   5.538851E-15   7.227308E-18   8.409941E-15
  6.425000000000E+00  -1.449171E-01  -1.245920E-01   7.097356E-17   3.711609E-15   5.142014E-17   9.071753E-15
  6.430000000000E+00  -1.455398E-01  -1.245278E-01   8.461395E-17   1.734861E-15   9.577496E-17   8.435613E-15
  6.435000000000E+00  -1.461628E-01  -1.247078E-01   8.850979E-17  -1.282030E-16   1.333273E-16   6.382222E-15
  6.440000000000E+00  -1.467873E-01  -1.251477E-01   8.406354E-17  -1.563175E-15   1.578511E-16   3.273538E-15
  6.445000000000E+00  -1.474147E-01  -1.258549E-01   7.364573E-17  -2.518312E-15   1.652543E-16  -3.528351E-16
  6.450000000000E+00  -1.480463E-01  -1.268291E-01   5.944519E-17  -3.133730E-15   1.546220E-16  -3.848569E-15
  6.455000000000E+00  -1.486834E-01  -1.280629E-01   4.296409E-17  -3.362814E-15   1.278359E-16  -6.685572E-15
  6.460000000000E+00  -1.493273E-01  -1.295419E-01   2.660657E-17  -3.110316E-15   8.946001E-17  -8.478801E-15
  6.465000000000E+00  -1.499792E-01  -1.312439E-01   1.247073E-17  -2.477046E-15   4.510401E-17  -9.003902E-15
  6.470000000000E+00  -1.506400E-01  -1.331381E-01   2.139207E-18  -1.633030E-15   1.451296E-18  -8.264224E-15
  6.475000000000E+00  -1.513108E-01  -1.351845E-01  -3.517196E-18  -6.215260E-16  -3.590083E-17  -6.493408E-15
  6.480000000000E+00  -1.519920E-01  -1.373331E-01  -4.516553E-18   1.914342E-16  -6.238883E-17  -4.002827E-15
  6.485000000001E+00  -1.526842E-01  -1.395246E-01  -2.090442E-18   6.814201E-16  -7.528349E-17  -1.142742E-15
  6.490000000001E+00  -1.533872E-01  -1.416923E-01   1.239122E-18   5.334745E-16  -7.412244E-17   1.492096E-15
  6.495000000001E+00  -1.541009E-01  -1.437652E-01   2.509017E-18  -1.074010E-16  -6.182340E-17   3.261394E-15
  6.500000000001E+00  -1.548246E-01  -1.456729E-01  -5.266869E-19  -1.153156E-15  -4.320458E-17   3.956536E-15
  6.505000000001E+00  -1.555573E-01  -1.473509E-01  -8.852113E-18  -2.108179E-15  -2.431572E-17   3.357141E-15
  6.510000000001E+00  -1.562977E-01  -1.487468E-01  -2.123663E-17  -2.790739E-15  -1.174326E-17   1.479148E-15
  6.515000000001E+00  -1.570443E-01  -1.498261E-01  -3.622742E-17  -3.087945E-15  -1.093417E-17  -1.282400E-15
  6.520000000001E+00  -1.577954E-01  -1.505761E-01  -5.078703E-17  -2.609588E-15  -2.509133E-17  -4.367108E-15
  6.525000000001E+00  -1.585495E-01  -1.510089E-01  -6.131629E-17  -1.485155E-15  -5.393736E-17  -6.996409E-15
  6.530000000001E+00  -1.593051E-01  -1.511604E-01  -6.481751E-17   1.251977E-16  -9.331474E-17  -8.471345E-15
  6.535000000001E+00  -1.600608E-01  -1.510878E-01  -5.975894E-17   1.875394E-15  -1.356514E-16  -8.093737E-15
  6.540000000001E+00  -1.608157E-01  -1.508640E-01  -4.654147E-17   3.302609E-15  -1.709355E-16  -5.670284E-15
  6.545000000001E+00  -1.615693E-01  -1.505697E-01  -2.787425E-17   4.007623E-15  -1.896899E-16  -1.554617E-15
  6.550000000001E+00  -1.623214E-01  -1.502858E-01  -7.794707E-18   3.901896E-15  -1.844578E-16   3.781986E-15
  6.555000000001E+00  -1.630723E-01  -1.500852E-01   1.001780E-17   3.115823E-15  -1.515405E-16   9.367656E-15
  6.560000000001E+00  -1.638225E-01  -1.500259E-01   2.267339E-17   1.913595E-15  -9.198101E-17   1.419436E-14
  6.565000000001E+00  -1.645728E-01  -1.501479E-01   2.910215E-17   7.081359E-16  -1.259969E-17   1.715338E-14
  6.570000000001E+00  -1.653243E-01  -1.504713E-01   3.061896E-17   2.358033E-18   7.535197E-17   1.746777E-14
  6.575000000001E+00  -1.660779E-01  -1.509992E-01   2.987724E-17  -1.878341E-16   1.575867E-16   1.492011E-14
  6.580000000001E+00  -1.668346E-01  -1.517218E-01   2.981373E-17   2.384284E-16   2.204919E-16   9.857731E-15
  6.585000000001E+00  -1.675954E-01  -1.526232E-01   3.271489E-17   9.676310E-16   2.533510E-16   3.098129E-15
  6.590000000001E+00  -1.683611E-01  -1.536879E-01   3.943431E-17   1.675041E-15   2.508213E-16  -4.116668E-15
  6.595000000001E+00  -1.691325E-01  -1.549064E-01   4.899184E-17   2.028927E-15   2.133234E-16  -1.061614E-14
  6.600000000001E+00  -1.699104E-01  -1.562784E-01   5.861445E-17   1.692307E-15   1.481389E-16  -1.497266E-14
  6.605000000001E+00  -1.706955E-01  -1.578128E-01   6.470335E-17   5.813380E-16   6.816040E-17  -1.651692E-14
  6.610000000001E+00  -1.714888E-01  -1.595246E-01   6.329441E-17  -1.196886E-15  -1.208287E-17  -1.503831E-14
  6.615000000001E+00  -1.722911E-01  -1.614288E-01   5.242180E-17  -3.155006E-15  -7.785969E-17  -1.086980E-14
  6.620000000001E+00  -1.731034E-01  -1.635318E-01   3.255859E-17  -4.677957E-15  -1.182143E-16  -5.119209E-15
  6.625000000001E+00  -1.739267E-01  -1.658237E-01   7.541524E-18  -5.116973E-15  -1.286766E-16   8.202853E-16
  6.630000000001E+00  -1.747619E-01  -1.682710E-01  -1.671371E-17  -4.355225E-15  -1.116674E-16   5.660814E-15
  6.635000000001E+00  -1.756096E-01  -1.708137E-01  -3.389074E-17  -2.296956E-15  -7.534333E-17   8.433113E-15
  6.640000000001E+00  -1.764701E-01  -1.733658E-01  -3.829747E-17   6.009457E-16  -3.165944E-17   8.575366E-15
  6.645000000001E+00  -1.773431E-01  -1.758210E-01  -2.755815E-17   3.652105E-15   6.909057E-18   6.511985E-15
  6.650000000001E+00  -1.782279E-01  -1.780642E-01  -2.481540E-18   6.218178E-15   3.116709E-17   3.062450E-15
  6.655000000001E+00  -1.791232E-01  -1.799843E-01   3.289534E-17   7.652530E-15   3.711681E-17  -6.408070E-16
  6.660000000001E+00  -1.800271E-01  -1.814903E-01   7.111428E-17   7.283978E-15   2.580454E-17  -3.668254E-15
  6.665000000001E+00  -1.809374E-01  -1.825256E-01   1.025763E-16   4.985509E-15   2.654353E-18  -5.322361E-15
  6.670000000001E+00  -1.818516E-01  -1.830785E-01   1.188288E-16   1.318112E-15  -2.439853E-17  -5.151361E-15
  6.675000000001E+00  -1.827674E-01  -1.831881E-01   1.147517E-16  -2.988620E-15  -4.639350E-17  -3.392198E-15
  6.680000000001E+00  -1.836829E-01  -1.829422E-01   8.912427E-17  -7.162837E-15  -5.690040E-17  -7.437646E-16
  6.685000000001E+00  -1.845965E-01  -1.824692E-01   4.481114E-17  -1.025613E-14  -5.389110E-17   1.895784E-15
  6.690000000001E+00  -1.855075E-01  -1.819235E-01  -1.026547E-17  -1.140217E-14  -3.925560E-17   3.746898E-15
  6.695000000001E+00  -1.864159E-01  -1.814662E-01  -6.627979E-17  -1.072158E-14  -1.841117E-17   4.363461E-15
  6.700000000001E+00  -1.873225E-01  -1.812451E-01  -1.151330E-16  -8.599588E-15   2.438123E-18   3.757346E-15
  6.705000000001E+00  -1.882289E-01  -1.813765E-01  -1.506217E-16  -5.475210E-15   1.777848E-17   2.320450E-15
  6.710000000001E+00  -1.891370E-01  -1.819311E-01  -1.694047E-16  -2.070161E-15   2.524387E-17   6.359825E-16
  6.715000000001E+00  -1.900489E-01  -1.829281E-01  -1.717596E-16   9.472836E-16   2.469488E-17  -7.243652E-16
  6.720000000001E+00  -1.909669E-01  -1.843361E-01  -1.614117E-16   3.024380E-15   1.922446E-17  -1.281925E-15
  6.725000000001E+00  -1.918928E-01  -1.860836E-01  -1.427165E-16   4.341065E-15   1.357487E-17  -7.780094E-16
  6.730000000001E+00  -1.928281E-01  -1.880744E-01  -1.190357E-16   5.080211E-15   1.320835E-17   8.183682E-16
  6.735000000001E+00  -1.937738E-01  -1.902078E-01  -9.230910E-17   5.584869E-15   2.239858E-17   2.835171E-15
  6.740000000001E+00  -1.947303E-01  -1.923983E-01  -6.279579E-17   6.265296E-15   4.089347E-17   4.424449E-15
  6.745000000001E+00  -1.956978E-01  -1.945924E-01  -2.919311E-17   7.221374E-15   6.507219E-17   5.022326E-15
  6.750000000001E+00  -1.966762E-01  -1.967777E-01   9.793418E-18   8.406686E-15   8.817472E-17   3.903009E-15
  6.755000000001E+00  -1.976656E-01  -1.989847E-01   5.492154E-17   9.614011E-15   1.016826E-16   1.235087E-15
  6.760000000001E+00  -1.986662E-01  -2.012779E-01   1.053535E-16   1.047097E-14   9.837009E-17  -2.743154E-15
  6.765000000001E+00  -1.996786E-01  -2.037394E-01   1.580431E-16   1.038357E-14   7.336904E-17  -7.262749E-15
  6.770000000001E+00  -2.007040E-01  -2.064476E-01   2.069298E-16   8.914279E-15   2.661475E-17  -1.120259E-14
  6.775000000001E+00  -2.017436E-01  -2.094537E-01   2.447528E-16   5.993016E-15  -3.607028E-17  -1.353543E-14
  6.780000000001E+00  -2.027990E-01  -2.127614E-01   2.646292E-16   1.743595E-15  -1.055052E-16  -1.380087E-14
  6.785000000001E+00  -2.038716E-01  -2.163142E-01   2.606690E-16  -3.443664E-15  -1.700311E-16  -1.161317E-14
  6.790000000001E+00  -2.049623E-01  -2.199929E-01   2.301347E-16  -8.691948E-15  -2.184837E-16  -7.462637E-15
  6.795000000001E+00  -2.060715E-01  -2.236252E-01   1.753229E-16  -1.297882E-14  -2.425495E-16  -2.067680E-15
  6.800000000001E+00  -2.071982E-01  -2.270067E-01   1.031110E-16  -1.556488E-14  -2.392901E-16   3.288255E-15
  6.805000000001E+00  -2.083408E-01  -2.299304E-01   2.284244E-17  -1.618929E-14  -2.113547E-16   7.630688E-15
  6.810000000001E+00  -2.094965E-01  -2.322211E-01  -5.553753E-17  -1.480273E-14  -1.658366E-16   1.027267E-14
  6.815000000001E+00  -2.106618E-01  -2.337672E-01  -1.228425E-16  -1.189919E-14  -1.119617E-16   1.091068E-14
  6.820000000001E+00  -2.118329E-01  -2.345467E-01  -1.732552E-16  -8.171833E-15  -5.995439E-17   9.590364E-15
  6.825000000001E+00  -2.130062E-01  -2.346393E-01  -2.041115E-16  -4.128492E-15  -1.806939E-17   7.029284E-15
  6.830000000001E+00  -2.141785E-01  -2.342239E-01  -2.146387E-16  -1.605247E-16   9.709631E-18   4.112898E-15
  6.835000000001E+00  -2.153480E-01  -2.335591E-01  -2.064133E-16   3.362950E-15   2.367930E-17   1.623611E-15
  6.840000000001E+00  -2.165142E-01  -2.329496E-01  -1.820402E-16   6.261407E-15   2.753842E-17   1.189847E-16
  6.845000000001E+00  -2.176781E-01  -2.327026E-01  -1.445496E-16   8.625716E-15   2.689955E-17  -1.831014E-16
  6.850000000001E+00  -2.188422E-01  -2.330812E-01  -9.705595E-17   1.024397E-14   2.701986E-17   3.984792E-16
  6.855000000001E+00  -2.200102E-01  -2.342624E-01  -4.292711E-17   1.129315E-14   3.162460E-17   1.445467E-15
  6.860000000001E+00  -2.211862E-01  -2.363070E-01   1.511303E-17   1.183199E-14   4.097663E-17   2.206531E-15
  6.865000000001E+00  -2.223745E-01  -2.391476E-01   7.437986E-17   1.172335E-14   5.268819E-17   2.285379E-15
  6.870000000001E+00  -2.235787E-01  -2.425969E-01   1.305199E-16   1.050514E-14   6.214327E-17   1.282950E-15
  6.875000000001E+00  -2.248010E-01  -2.463768E-01   1.774371E-16   8.009080E-15   6.365874E-17  -8.037934E-16
  6.880000000001E+00  -2.260425E-01  -2.501631E-01   2.084512E-16   4.186213E-15   5.356046E-17  -3.268166E-15
  6.885000000001E+00  -2.273022E-01  -2.536408E-01   2.183487E-16  -2.810026E-16   3.159982E-17  -5.364910E-15
  6.890000000001E+00  -2.285780E-01  -2.565578E-01   2.051675E-16  -4.947830E-15   1.526884E-18  -6.447170E-15
  6.895000000001E+00  -2.298666E-01  -2.587709E-01   1.703614E-16  -8.806325E-15  -3.041911E-17  -5.992389E-15
  6.900000000001E+00  -2.311645E-01  -2.602723E-01   1.191706E-16  -1.134789E-14  -5.549508E-17  -3.727234E-15
  6.905000000001E+00  -2.324684E-01  -2.611934E-01   5.963736E-17  -1.210664E-14  -6.527137E-17   1.406271E-17
  6.910000000001E+00  -2.337759E-01  -2.617833E-01   1.045553E-18  -1.099333E-14  -5.428041E-17   4.409001E-15
  6.915000000001E+00  -2.350862E-01  -2.623637E-01  -4.773945E-17  -8.242517E-15  -2.133459E-17   8.597846E-15
  6.920000000001E+00  -2.364001E-01  -2.632690E-01  -7.951828E-17  -4.328483E-15   2.923385E-17   1.130242E-14
  6.925000000001E+00  -2.377199E-01  -2.647808E-01  -9.024895E-17   3.491927E-17   8.783923E-17   1.171443E-14
  6.930000000001E+00  -2.390491E-01  -2.670682E-01  -7.999749E-17   3.922434E-15   1.424031E-16   9.667783E-15
  6.935000000001E+00  -2.403918E-01  -2.701465E-01  -5.286633E-17   6.659323E-15   1.812517E-16   5.562518E-15
  6.940000000001E+00  -2.417516E-01  -2.738612E-01  -1.594318E-17   7.769973E-15   1.960513E-16   2.367653E-16
  6.945000000001E+00  -2.431310E-01  -2.779039E-01   2.180255E-17   7.023060E-15   1.834043E-16  -5.163103E-15
  6.950000000001E+00  -2.445305E-01  -2.818575E-01   5.201875E-17   4.822718E-15   1.464526E-16  -9.312122E-15
  6.955000000001E+00  -2.459487E-01  -2.852654E-01   6.863786E-17   1.718359E-15   9.376921E-17  -1.130573E-14
  6.960000000001E+00  -2.473816E-01  -2.877127E-01   6.927173E-17  -1.390796E-15   3.767114E-17  -1.068227E-14
  6.965000000001E+00  -2.488238E-01  -2.889067E-01   5.594960E-17  -3.790955E-15  -9.593834E-18  -7.886968E-15
  6.970000000001E+00  -2.502685E-01  -2.887413E-01   3.310852E-17  -5.117340E-15  -3.900116E-17  -3.724734E-15
  6.975000000001E+00  -2.517092E-01  -2.873321E-01   6.521707E-18  -5.319242E-15  -4.647506E-17   6.418090E-16
  6.980000000001E+00  -2.531404E-01  -2.850163E-01  -1.849778E-17  -4.579893E-15  -3.442363E-17   3.911447E-15
  6.985000000001E+00  -2.545587E-01  -2.823125E-01  -3.842864E-17  -3.363361E-15  -1.048449E-17   5.243198E-15
  6.990000000001E+00  -2.559639E-01  -2.798470E-01  -5.182786E-17  -2.016631E-15   1.483908E-17   4.527764E-15
  6.995000000001E+00  -2.573586E-01  -2.782562E-01  -5.898838E-17  -9.304761E-16   3.239646E-17   2.252161E-15
  7.000000000001E+00  -2.587487E-01  -2.780825E-01  -6.179565E-17  -2.685032E-16   3.629487E-17  -7.431618E-16
  7.005000000001E+00  -2.601423E-01  -2.796785E-01  -6.214951E-17   9.253761E-17   2.541525E-17  -3.518461E-15
  7.010000000001E+00  -2.615485E-01  -2.831402E-01  -6.113666E-17   2.730468E-16   3.091181E-18  -5.109704E-15
  7.015000000001E+00  -2.629764E-01  -2.882787E-01  -5.886784E-17   7.394238E-16  -2.299615E-17  -4.966117E-15
  7.020000000001E+00  -2.644333E-01  -2.946395E-01  -5.309344E-17   1.617772E-15  -4.353681E-17  -2.984118E-15
  7.025000000001E+00  -2.659237E-01  -3.015674E-01  -4.216005E-17   2.788942E-15  -5.152969E-17  -1.330960E-16
  7.030000000001E+00  -2.674486E-01  -3.083075E-01  -2.512775E-17   4.010065E-15  -4.512065E-17   2.577375E-15
  7.035000000001E+00  -2.690053E-01  -3.141277E-01  -2.280318E-18   5.083826E-15  -2.762792E-17   4.141294E-15
  7.040000000001E+00  -2.705875E-01  -3.184412E-01   2.500883E-17   5.719630E-15  -6.834482E-18   3.782505E-15
  7.045000000001E+00  -2.721867E-01  -3.209091E-01   5.343213E-17   5.466815E-15   6.347781E-18   1.073998E-15
  7.050000000001E+00  -2.737936E-01  -3.215038E-01   7.844779E-17   4.412034E-15   9.291099E-19  -3.503638E-15
  7.055000000001E+00  -2.753992E-01  -3.205218E-01   9.650359E-17   2.648116E-15  -2.985015E-17  -8.839035E-15
  7.060000000001E+00  -2.769972E-01  -3.185400E-01   1.034546E-16   2.786646E-17  -8.611860E-17  -1.336095E-14
  7.065000000001E+00  -2.785842E-01  -3.163229E-01   9.630101E-17  -2.837995E-15  -1.595960E-16  -1.546850E-14
  7.070000000001E+00  -2.801613E-01  -3.146939E-01   7.623062E-17  -5.027991E-15  -2.358809E-16  -1.440446E-14
  7.075000000001E+00  -2.817333E-01  -3.143903E-01   4.784820E-17  -6.071748E-15  -2.982050E-16  -9.930224E-15
  7.080000000001E+00  -2.833082E-01  -3.159295E-01   1.759147E-17  -5.812695E-15  -3.308741E-16  -2.755700E-15
  7.085000000001E+00  -2.848959E-01  -3.195071E-01  -9.338993E-18  -4.851480E-15  -3.234886E-16   5.802366E-15
  7.090000000001E+00  -2.865063E-01  -3.249483E-01  -2.967781E-17  -3.174644E-15  -2.732527E-16   1.405933E-14
  7.095000000001E+00  -2.881475E-01  -3.317214E-01  -4.001488E-17  -8.910942E-16  -1.864457E-16   2.018910E-14
  7.100000000001E+00  -2.898243E-01  -3.390164E-01  -3.797313E-17   1.682938E-15  -7.736878E-17   2.271740E-14
  7.105000000001E+00  -2.915370E-01  -3.458749E-01  -2.484556E-17   3.377261E-15   3.496097E-17   2.156192E-14
  7.110000000001E+00  -2.932809E-01  -3.513541E-01  -6.142966E-18   3.864320E-15   1.324888E-16   1.699965E-14
  7.115000000001E+00  -2.950471E-01  -3.546961E-01   1.192913E-17   3.204400E-15   2.021314E-16   1.056717E-14
  7.120000000001E+00  -2.968237E-01  -3.554742E-01   2.475217E-17   1.848154E-15   2.375411E-16   3.741072E-15
  7.125000000001E+00  -2.985977E-01  -3.536888E-01   2.977760E-17   1.762384E-16   2.416045E-16  -1.768451E-15
  7.130000000001E+00  -3.003572E-01  -3.497954E-01   2.707028E-17  -1.128724E-15   2.233912E-16  -5.079880E-15
  7.135000000001E+00  -3.020936E-01  -3.446541E-01   1.981030E-17  -1.661237E-15   1.949576E-16  -5.747809E-15
  7.140000000001E+00  -3.038036E-01  -3.394073E-01   1.179163E-17  -1.354206E-15   1.695700E-16  -4.210857E-15
  7.145000000001E+00  -3.054896E-01  -3.353018E-01   7.641151E-18  -1.374896E-16   1.538505E-16  -2.094915E-15
  7.150000000001E+00  -3.071603E-01  -3.334833E-01   1.152582E-17   1.751877E-15   1.470113E-16  -9.062151E-16
  7.155000000001E+00  -3.088294E-01  -3.347973E-01   2.518959E-17   3.622059E-15   1.416116E-16  -1.665583E-15
  7.160000000001E+00  -3.105139E-01  -3.396311E-01   4.674507E-17   4.851103E-15   1.268609E-16  -4.577683E-15
  7.165000000001E+00  -3.122311E-01  -3.478257E-01   7.197509E-17   5.004591E-15   9.303448E-17  -9.150676E-15
  7.170000000001E+00  -3.139964E-01  -3.586758E-01   9.376241E-17   3.414832E-15   3.476403E-17  -1.409942E-14
  7.175000000001E+00  -3.158203E-01  -3.710227E-01   1.039759E-16   4.515214E-16  -4.681036E-17  -1.826523E-14
  7.180000000001E+00  -3.177068E-01  -3.834281E-01   9.588188E-17  -3.850215E-15  -1.437878E-16  -1.989112E-14
  7.185000000001E+00  -3.196523E-01  -3.944030E-01   6.538384E-17  -8.217055E-15  -2.398409E-16  -1.789305E-14
  7.190000000001E+00  -3.216464E-01  -4.026541E-01   1.558594E-17  -1.145108E-14  -3.167734E-16  -1.229673E-14
  7.195000000001E+00  -3.236730E-01  -4.073075E-01  -4.655692E-17  -1.296717E-14  -3.589757E-16  -4.252648E-15
  7.200000000001E+00  -3.257132E-01  -4.080690E-01  -1.104673E-16  -1.222780E-14  -3.578247E-16   4.706176E-15
  7.205000000001E+00  -3.277480E-01  -4.052921E-01  -1.647219E-16  -9.035303E-15  -3.144685E-16   1.218663E-14
  7.210000000001E+00  -3.297620E-01  -3.999382E-01  -1.983375E-16  -4.140791E-15  -2.414819E-16   1.623849E-14
  7.215000000001E+00  -3.317456E-01  -3.934314E-01  -2.040462E-16   1.916559E-15  -1.597058E-16   1.565450E-14
  7.220000000001E+00  -3.336971E-01  -3.874303E-01  -1.791004E-16   7.892723E-15  -9.146831E-17   1.093578E-14
  7.225000000001E+00  -3.356233E-01  -3.835521E-01  -1.271858E-16   1.260337E-14  -5.476208E-17   3.490331E-15
  7.230000000001E+00  -3.375381E-01  -3.830972E-01  -5.656842E-17   1.517822E-14  -5.750939E-17  -4.375518E-15
  7.235000000001E+00  -3.394610E-01  -3.868198E-01   1.995884E-17   1.492314E-14  -9.559766E-17  -1.032116E-14
  7.240000000001E+00  -3.414132E-01  -3.947877E-01   8.883238E-17   1.218506E-14  -1.542574E-16  -1.225423E-14
  7.245000000001E+00  -3.434147E-01  -4.063573E-01   1.385537E-16   7.361652E-15  -2.102605E-16  -9.304978E-15
  7.250000000001E+00  -3.454805E-01  -4.202712E-01   1.606670E-16   1.502979E-15  -2.411223E-16  -2.403162E-15
  7.255000000001E+00  -3.476185E-01  -4.348644E-01   1.538368E-16  -4.123786E-15  -2.302981E-16   6.948561E-15
  7.260000000001E+00  -3.498274E-01  -4.483472E-01   1.213799E-16  -8.558642E-15  -1.719674E-16   1.604061E-14
  7.265000000001E+00  -3.520976E-01  -4.591143E-01   7.148251E-17  -1.095998E-14  -7.524542E-17   2.190732E-14
  7.270000000001E+00  -3.544123E-01  -4.660292E-01   1.604715E-17  -1.083740E-14   3.966211E-17   2.313566E-14
  7.275000000001E+00  -3.567509E-01  -4.686324E-01  -3.309765E-17  -8.501441E-15   1.475382E-16   1.900165E-14
  7.280000000001E+00  -3.590922E-01  -4.672357E-01  -6.648620E-17  -4.666429E-15   2.223178E-16   1.030142E-14
  7.285000000001E+00  -3.614185E-01  -4.628839E-01  -7.942960E-17  -5.282031E-16   2.466855E-16  -7.326250E-16
  7.290000000001E+00  -3.637189E-01  -4.571888E-01  -7.257513E-17   3.074027E-15   2.159881E-16  -1.118768E-14
  7.295000000001E+00  -3.659913E-01  -4.520625E-01  -5.187296E-17   4.849710E-15   1.392942E-16  -1.872135E-14
  7.300000000001E+00  -3.682434E-01  -4.493944E-01  -2.721245E-17   4.692109E-15   3.634037E-17  -2.154630E-14
  7.305000000001E+00  -3.704917E-01  -4.507279E-01  -7.084906E-18   3.074030E-15  -6.749285E-17  -1.905603E-14
  7.310000000001E+00  -3.727587E-01  -4.569927E-01   2.195965E-18   6.052681E-16  -1.467548E-16  -1.196169E-14
  7.315000000001E+00  -3.750698E-01  -4.683385E-01  -6.648250E-19  -1.675000E-15  -1.832044E-16  -2.359943E-15
  7.320000000001E+00  -3.774492E-01  -4.840994E-01  -1.311197E-17  -3.100400E-15  -1.716566E-16   6.531373E-15
  7.325000000001E+00  -3.799157E-01  -5.028961E-01  -2.906361E-17  -2.918773E-15  -1.238884E-16   1.170300E-14
  7.330000000001E+00  -3.824800E-01  -5.228576E-01  -3.938105E-17  -9.510215E-16  -6.318317E-17   1.168157E-14
  7.335000000001E+00  -3.851428E-01  -5.419246E-01  -3.742530E-17   1.852183E-15  -1.485855E-17   6.854622E-15
  7.340000000001E+00  -3.878947E-01  -5.581835E-01  -2.072653E-17   4.730966E-15  -2.246974E-19  -1.476277E-15
  7.345000000001E+00  -3.907178E-01  -5.701752E-01   8.029850E-18   6.521932E-15  -3.093145E-17  -1.058083E-14
  7.350000000001E+00  -3.935884E-01  -5.771255E-01   4.156984E-17   6.403862E-15  -1.019797E-16  -1.714440E-14
  7.355000000001E+00  -3.964810E-01  -5.790620E-01   6.714977E-17   3.367798E-15  -1.946474E-16  -1.890744E-14
  7.360000000001E+00  -3.993722E-01  -5.767991E-01   7.234243E-17  -1.543759E-15  -2.814502E-16  -1.471413E-14
  7.365000000001E+00  -4.022445E-01  -5.717953E-01   5.003309E-17  -7.446561E-15  -3.329135E-16  -5.019516E-15
  7.370000000001E+00  -4.050888E-01  -5.659102E-01  -1.038376E-18  -1.275555E-14  -3.266777E-16   7.893306E-15
  7.375000000001E+00  -4.079054E-01  -5.611011E-01  -7.415101E-17  -1.598714E-14  -2.533904E-16   2.122546E-14
  7.380000000001E+00  -4.107043E-01  -5.591112E-01  -1.556702E-16  -1.605241E-14  -1.189836E-16   3.167016E-14
  7.385000000001E+00  -4.135031E-01  -5.611974E-01  -2.281838E-16  -1.221731E-14   5.309149E-17   3.584489E-14
  7.390000000001E+00  -4.163238E-01  -5.679421E-01  -2.721311E-16  -4.812025E-15   2.276940E-16   3.268527E-14
  7.395000000001E+00  -4.191897E-01  -5.791726E-01  -2.722258E-16   5.064738E-15   3.689973E-16   2.270776E-14
  7.400000000001E+00  -4.221213E-01  -5.940005E-01  -2.202957E-16   1.558097E-14   4.476051E-16   8.286205E-15
  7.405000000001E+00  -4.251331E-01  -6.109672E-01  -1.199559E-16   2.392053E-14   4.501263E-16  -7.101884E-15
  7.410000000001E+00  -4.282315E-01  -6.282722E-01   1.204198E-17   2.805546E-14   3.804124E-16  -2.008400E-14
  7.415000000001E+00  -4.314134E-01  -6.440455E-01   1.523429E-16   2.713901E-14   2.576300E-16  -2.792342E-14
  7.420000000001E+00  -4.346668E-01  -6.566208E-01   2.759113E-16   2.143341E-14   1.119594E-16  -2.914998E-14
  7.425000000001E+00  -4.379725E-01  -6.647703E-01   3.604253E-16   1.182583E-14  -2.352004E-17  -2.397585E-14
  7.430000000001E+00  -4.413064E-01  -6.678676E-01   3.915456E-16   5.068196E-16  -1.204897E-16  -1.428837E-14
  7.435000000001E+00  -4.446431E-01  -6.659571E-01   3.659632E-16  -1.039989E-14  -1.639921E-16  -3.104309E-15
  7.440000000001E+00  -4.479590E-01  -6.597248E-01   2.917649E-16  -1.871712E-14  -1.541702E-16   6.582450E-15
  7.445000000001E+00  -4.512354E-01  -6.503763E-01   1.838000E-16  -2.379095E-14  -1.048712E-16   1.210162E-14
  7.450000000001E+00  -4.544603E-01  -6.394441E-01   6.069545E-17  -2.467510E-14  -4.189496E-17   1.209733E-14
  7.455000000001E+00  -4.576299E-01  -6.285526E-01  -5.665392E-17  -2.152061E-14   7.098308E-18   6.646028E-15
  7.460000000001E+00  -4.607482E-01  -6.191754E-01  -1.488290E-16  -1.483079E-14   1.870897E-17  -2.456382E-15
  7.465000000001E+00  -4.638259E-01  -6.124192E-01  -2.028864E-16  -6.678194E-15  -1.879280E-17  -1.233816E-14
  7.470000000001E+00  -4.668776E-01  -6.088638E-01  -2.154169E-16   1.556121E-15  -1.005779E-16  -1.965395E-14
  7.475000000001E+00  -4.699196E-01  -6.084807E-01  -1.897984E-16   8.365673E-15  -2.072672E-16  -2.198349E-14
  7.480000000001E+00  -4.729665E-01  -6.106400E-01  -1.363036E-16   1.252805E-14  -3.113733E-16  -1.858241E-14
  7.485000000001E+00  -4.760283E-01  -6.142038E-01  -6.904135E-17   1.391612E-14  -3.837474E-16  -9.520002E-15
  7.490000000001E+00  -4.791084E-01  -6.176945E-01  -6.727137E-19   1.309795E-14  -4.009255E-16   3.099931E-15
  7.495000000001E+00  -4.822025E-01  -6.195118E-01   5.881509E-17   1.039288E-14  -3.511393E-16   1.663211E-14
  7.500000000001E+00  -4.852984E-01  -6.181690E-01   1.015891E-16   6.687305E-15  -2.387164E-16   2.759972E-14
  7.505000000001E+00  -4.883773E-01  -6.125149E-01   1.266333E-16   3.419731E-15  -8.346019E-17   3.351893E-14
  7.510000000001E+00  -4.914156E-01  -6.019094E-01   1.368868E-16   7.836989E-16   8.642184E-17   3.314889E-14
  7.515000000001E+00  -4.943884E-01  -5.863265E-01   1.353039E-16  -1.244031E-15   2.372675E-16   2.613885E-14
  7.520000000001E+00  -4.972719E-01  -5.663708E-01   1.263533E-16  -2.231492E-15   3.396123E-16   1.420970E-14
  7.525000000001E+00  -5.000469E-01  -5.432041E-01   1.134129E-16  -2.851280E-15   3.762756E-16   4.196422E-16
  7.530000000001E+00  -5.027013E-01  -5.183936E-01   9.813584E-17  -3.293248E-15   3.453146E-16  -1.234245E-14
  7.535000000001E+00  -5.052311E-01  -4.937029E-01   8.016123E-17  -3.897749E-15   2.597647E-16  -2.093552E-14
  7.540000000001E+00  -5.076413E-01  -4.708571E-01   6.034453E-17  -3.773470E-15   1.458633E-16  -2.358438E-14
  7.545000000001E+00  -5.099449E-01  -4.513176E-01   4.405748E-17  -2.620214E-15   3.335629E-17  -2.042189E-14
  7.550000000001E+00  -5.121614E-01  -4.360956E-01   3.669253E-17  -6.042536E-17  -5.023188E-17  -1.223458E-14
  7.555000000001E+00  -5.143136E-01  -4.256346E-01   4.470251E-17   3.300629E-15  -8.506909E-17  -1.617006E-15
  7.560000000001E+00  -5.164251E-01  -4.197722E-01   7.014772E-17   6.854277E-15  -6.677913E-17   8.679819E-15
  7.565000000001E+00  -5.185175E-01  -4.177883E-01   1.129091E-16   1.010276E-14  -2.215608E-18   1.648138E-14
  7.570000000001E+00  -5.206074E-01  -4.185259E-01   1.688891E-16   1.193657E-14   9.088528E-17   1.981031E-14
  7.575000000001E+00  -5.227049E-01  -4.205675E-01   2.280505E-16   1.123063E-14   1.881223E-16   1.817513E-14
  7.580000000001E+00  -5.248128E-01  -4.224385E-01   2.766997E-16   7.643603E-15   2.657080E-16   1.215448E-14
  7.585000000001E+00  -5.269268E-01  -4.228115E-01   2.997487E-16   1.168620E-15   3.037465E-16   2.635596E-15
  7.590000000001E+00  -5.290369E-01  -4.206829E-01   2.865100E-16  -6.671776E-15   2.893793E-16  -8.399524E-15
  7.595000000001E+00  -5.311287E-01  -4.155033E-01   2.320134E-16  -1.505167E-14   2.215593E-16  -1.838239E-14
  7.600000000001E+00  -5.331869E-01  -4.072476E-01   1.384580E-16  -2.208007E-14   1.085558E-16  -2.622788E-14
  7.605000000001E+00  -5.351971E-01  -3.964204E-01   1.533481E-17  -2.637956E-14  -3.440092E-17  -3.024152E-14
  7.610000000001E+00  -5.371486E-01  -3.839987E-01  -1.181453E-16  -2.627288E-14  -1.870123E-16  -3.000650E-14
  7.615000000001E+00  -5.390366E-01  -3.713201E-01  -2.401310E-16  -2.165894E-14  -3.264122E-16  -2.484987E-14
  7.620000000001E+00  -5.408638E-01  -3.599276E-01  -3.276168E-16  -1.253898E-14  -4.289953E-16  -1.565066E-14
  7.625000000001E+00  -5.426405E-01  -3.513873E-01  -3.609856E-16  -4.806228E-16  -4.790434E-16  -3.944400E-15
  7.630000000001E+00  -5.443845E-01  -3.470941E-01  -3.318418E-16   1.189299E-14  -4.654896E-16   9.323103E-15
  7.635000000001E+00  -5.461199E-01  -3.480839E-01  -2.457815E-16   2.199751E-14  -3.872354E-16   2.172516E-14
  7.640000000001E+00  -5.478747E-01  -3.548734E-01  -1.197679E-16   2.736066E-14  -2.522921E-16   3.160301E-14
  7.645000000001E+00  -5.496778E-01  -3.673463E-01   1.972579E-17   2.764645E-14  -7.789745E-17   3.727219E-14
  7.650000000001E+00  -5.515560E-01  -3.847065E-01   1.497744E-16   2.363251E-14   1.119103E-16   3.778153E-14
  7.655000000001E+00  -5.535304E-01  -4.055127E-01   2.498578E-16   1.582040E-14   2.925599E-16   3.353857E-14
  7.660000000001E+00  -5.556135E-01  -4.278038E-01   3.038241E-16   5.379902E-15   4.387758E-16   2.414113E-14
  7.665000000001E+00  -5.578072E-01  -4.493100E-01   3.029581E-16  -5.412651E-15   5.280620E-16   1.115223E-14
  7.670000000001E+00  -5.601017E-01  -4.677335E-01   2.548771E-16  -1.328714E-14   5.479936E-16  -3.108596E-15
  7.675000000001E+00  -5.624763E-01  -4.810658E-01   1.765638E-16  -1.715357E-14   4.994363E-16  -1.595105E-14
  7.680000000001E+00  -5.649019E-01  -4.878964E-01   9.125317E-17  -1.616513E-14   3.929028E-16  -2.601107E-14
  7.685000000001E+00  -5.673439E-01  -4.876630E-01   2.178319E-17  -1.098129E-14   2.467300E-16  -3.168668E-14
  7.690000000001E+00  -5.697678E-01  -4.807920E-01  -1.481303E-17  -3.551569E-15   8.449979E-17  -3.211244E-14
  7.695000000001E+00  -5.721434E-01  -4.686929E-01  -1.400924E-17   3.752913E-15  -6.550341E-17  -2.702403E-14
  7.700000000001E+00  -5.744499E-01  -4.535884E-01   2.023920E-17   9.431160E-15  -1.792041E-16  -1.794020E-14
  7.705000000001E+00  -5.766789E-01  -4.381927E-01   7.541308E-17   1.208869E-14  -2.412821E-16  -6.681124E-15
  7.710000000001E+00  -5.788358E-01  -4.252786E-01   1.358904E-16   1.151316E-14  -2.453096E-16   5.038712E-15
  7.715000000001E+00  -5.809394E-01  -4.171988E-01   1.848879E-16   7.547459E-15  -1.944840E-16   1.470118E-14
  7.720000000001E+00  -5.830180E-01  -4.154457E-01   2.082744E-16   1.497889E-15  -1.032726E-16   2.121546E-14
  7.725000000001E+00  -5.851046E-01  -4.203314E-01   1.996218E-16  -4.873669E-15   1.150138E-17   2.395004E-14
  7.730000000001E+00  -5.872304E-01  -4.308584E-01   1.612954E-16  -1.020489E-14   1.300457E-16   2.274419E-14
  7.735000000001E+00  -5.894187E-01  -4.448185E-01   1.022676E-16  -1.290485E-14   2.336913E-16   1.806797E-14
  7.740000000001E+00  -5.916792E-01  -4.591204E-01   3.693920E-17  -1.256085E-14   3.071022E-16   1.086291E-14
  7.745000000001E+00  -5.940049E-01  -4.702991E-01  -1.855685E-17  -9.129139E-15   3.403474E-16   2.461291E-15
  7.750000000001E+00  -5.963720E-01  -4.751255E-01  -5.005318E-17  -3.107812E-15   3.325781E-16  -5.403843E-15
  7.755000000001E+00  -5.987421E-01  -4.712105E-01  -4.761211E-17   4.101930E-15   2.889506E-16  -1.155165E-14
  7.760000000001E+00  -6.010683E-01  -4.574894E-01  -1.089473E-17   1.032401E-14   2.213692E-16  -1.488772E-14
  7.765000000001E+00  -6.033021E-01  -4.344938E-01   5.221106E-17   1.433306E-14   1.447839E-16  -1.519061E-14
  7.770000000001E+00  -6.054017E-01  -4.043502E-01   1.268291E-16   1.472901E-14   7.430073E-17  -1.259962E-14
  7.775000000001E+00  -6.073396E-01  -3.704956E-01   1.936444E-16   1.147721E-14   2.191306E-17  -8.141281E-15
  7.780000000001E+00  -6.091075E-01  -3.371518E-01   2.374231E-16   5.673293E-15  -6.291284E-18  -3.250039E-15
  7.785000000001E+00  -6.107189E-01  -3.086481E-01   2.486071E-16  -1.315351E-15  -1.197677E-17   6.918144E-16
  7.790000000001E+00  -6.122077E-01  -2.887091E-01   2.240586E-16  -8.514703E-15  -2.757791E-18   2.522726E-15
  7.795000000001E+00  -6.136238E-01  -2.798364E-01   1.666105E-16  -1.394205E-14   1.073879E-17   2.510225E-15
  7.800000000001E+00  -6.150253E-01  -2.828943E-01   8.941142E-17  -1.633036E-14   1.988991E-17   1.027565E-15
  7.805000000001E+00  -6.164704E-01  -2.969728E-01   9.731502E-18  -1.475813E-14   1.992075E-17  -8.819268E-16
  7.810000000001E+00  -6.180087E-01  -3.195535E-01  -5.220088E-17  -9.505112E-15   1.277368E-17  -1.843102E-15
  7.815000000001E+00  -6.196737E-01  -3.469433E-01  -8.151528E-17  -1.852500E-15   3.010611E-18  -1.688800E-15
  7.820000000001E+00  -6.214790E-01  -3.748992E-01  -6.971408E-17   6.501102E-15  -1.340445E-18   4.296433E-16
  7.825000000001E+00  -6.234170E-01  -3.993296E-01  -1.850762E-17   1.358763E-14   1.027522E-17   4.489724E-15
  7.830000000001E+00  -6.254613E-01  -4.169503E-01   6.046327E-17   1.716708E-14   4.425973E-17   9.156656E-15
  7.835000000001E+00  -6.275724E-01  -4.257840E-01   1.445904E-16   1.572541E-14   1.008660E-16   1.326531E-14
  7.840000000001E+00  -6.297044E-01  -4.254226E-01   2.119626E-16   1.059242E-14   1.744176E-16   1.563343E-14
  7.845000000001E+00  -6.318136E-01  -4.170204E-01   2.447244E-16   2.028040E-15   2.516261E-16   1.459760E-14
  7.850000000001E+00  -6.338656E-01  -4.030294E-01   2.297515E-16  -8.083721E-15   3.135329E-16   9.516338E-15
  7.855000000001E+00  -6.358402E-01  -3.867345E-01   1.651999E-16  -1.743602E-14   3.415996E-16   1.340813E-15
  7.860000000001E+00  -6.377349E-01  -3.716760E-01   6.018642E-17  -2.391209E-14   3.250429E-16  -7.953404E-15
  7.865000000001E+00  -6.395641E-01  -3.610577E-01  -6.613306E-17  -2.588705E-14   2.636593E-16  -1.626109E-14
  7.870000000001E+00  -6.413565E-01  -3.572369E-01  -1.905223E-16  -2.297123E-14   1.668925E-16  -2.159773E-14
  7.875000000001E+00  -6.431493E-01  -3.613695E-01  -2.865048E-16  -1.466327E-14   5.637147E-17  -2.166631E-14
  7.880000000001E+00  -6.449826E-01  -3.732553E-01  -3.314896E-16  -2.762579E-15  -4.133109E-17  -1.639503E-14
  7.885000000001E+00  -6.468919E-01  -3.913936E-01  -3.111002E-16   1.107833E-14  -9.964297E-17  -6.198215E-15
  7.890000000001E+00  -6.489025E-01  -4.132276E-01  -2.209879E-16   2.464225E-14  -9.900206E-17   6.692819E-15
  7.895000000001E+00  -6.510250E-01  -4.355330E-01  -6.971471E-17   3.501525E-14  -3.340771E-17   1.919452E-14
  7.900000000001E+00  -6.532531E-01  -4.548890E-01   1.219312E-16   4.062092E-14   8.844414E-17   2.880485E-14
  7.905000000001E+00  -6.555641E-01  -4.681661E-01   3.266003E-16   4.004987E-14   2.464706E-16   3.355750E-14
  7.910000000001E+00  -6.579211E-01  -4.729672E-01   5.130148E-16   3.356539E-14   4.147296E-16   3.258883E-14
  7.915000000001E+00  -6.602780E-01  -4.679692E-01   6.543356E-16   2.217395E-14   5.610619E-16   2.481870E-14
  7.920000000001E+00  -6.625850E-01  -4.531236E-01   7.308940E-16   8.145784E-15   6.542114E-16   1.155370E-14
  7.925000000001E+00  -6.647954E-01  -4.296937E-01   7.344212E-16  -6.782144E-15   6.716498E-16  -4.915219E-15
  7.930000000001E+00  -6.668721E-01  -4.001207E-01   6.625413E-16  -2.182095E-14   6.053121E-16  -2.123198E-14
  7.935000000001E+00  -6.687921E-01  -3.677316E-01   5.201292E-16  -3.445964E-14   4.650128E-16  -3.414087E-14
  7.940000000001E+00  -6.705509E-01  -3.363189E-01   3.253379E-16  -4.251892E-14   2.719707E-16  -4.207959E-14
  7.945000000001E+00  -6.721629E-01  -3.096388E-01   1.049894E-16  -4.469581E-14   5.379083E-17  -4.410373E-14
  7.950000000001E+00  -6.736601E-01  -2.908932E-01  -1.123114E-16  -4.100158E-14  -1.600957E-16  -4.042584E-14
  7.955000000001E+00  -6.750881E-01  -2.822625E-01  -2.962763E-16  -3.155783E-14  -3.416344E-16  -3.119663E-14
  7.960000000001E+00  -6.765003E-01  -2.845633E-01  -4.208386E-16  -1.781727E-14  -4.660013E-16  -1.795234E-14
  7.965000000001E+00  -6.779502E-01  -2.970906E-01  -4.715246E-16  -2.402125E-15  -5.169409E-16  -2.148849E-15
  7.970000000001E+00  -6.794842E-01  -3.176811E-01  -4.467911E-16   1.204459E-14  -4.881656E-16   1.340819E-14
  7.975000000001E+00  -6.811346E-01  -3.430063E-01  -3.558844E-16   2.368839E-14  -3.871760E-16   2.640887E-14
  7.980000000001E+00  -6.829154E-01  -3.690617E-01  -2.187369E-16   3.009213E-14  -2.298810E-16   3.589633E-14
  7.985000000001E+00  -6.848199E-01  -3.917867E-01  -6.409872E-17   3.065863E-14  -3.490058E-17   4.136549E-14
  7.990000000001E+00  -6.868223E-01  -4.077172E-01   7.789411E-17   2.537412E-14   1.752365E-16   4.179018E-14
  7.995000000001E+00  -6.888824E-01  -4.145626E-01   1.836502E-16   1.644727E-14   3.750832E-16   3.737934E-14
  8.000000000001E+00  -6.909522E-01  -4.116036E-01   2.378186E-16   4.894749E-15   5.423399E-16   2.888593E-14
  8.005000000001E+00  -6.929843E-01  -3.998320E-01   2.323579E-16  -6.931482E-15   6.596784E-16   1.753613E-14
  8.010000000001E+00  -6.949404E-01  -3.817983E-01   1.738287E-16  -1.551386E-14   7.148202E-16   4.395071E-15
  8.015000000001E+00  -6.967981E-01  -3.611831E-01   8.428144E-17  -1.949201E-14   7.037420E-16  -8.693127E-15
  8.020000000001E+00  -6.985548E-01  -3.421622E-01  -1.252410E-17  -1.832639E-14   6.295506E-16  -2.075050E-14
  8.025000000001E+00  -7.002286E-01  -3.286726E-01  -8.959114E-17  -1.163870E-14   4.989023E-16  -3.082623E-14
  8.030000000001E+00  -7.018553E-01  -3.237109E-01  -1.237018E-16  -1.770280E-15   3.269039E-16  -3.739194E-14
  8.035000000001E+00  -7.034819E-01  -3.287914E-01  -1.054894E-16   9.114248E-15   1.307464E-16  -4.046263E-14
  8.040000000001E+00  -7.051589E-01  -3.436618E-01  -3.391403E-17   1.907768E-14  -6.985080E-17  -3.891210E-14
  8.045000000001E+00  -7.069311E-01  -3.663292E-01   7.921060E-17   2.559360E-14  -2.508888E-16  -3.273608E-14
  8.050000000001E+00  -7.088293E-01  -3.933899E-01   2.164921E-16   2.853350E-14  -3.908709E-16  -2.267821E-14
  8.055000000001E+00  -7.108652E-01  -4.206013E-01   3.572121E-16   2.689928E-14  -4.744362E-16  -1.058762E-14
  8.060000000001E+00  -7.130285E-01  -4.435916E-01   4.800684E-16   2.166115E-14  -4.960763E-16   1.934806E-15
  8.065000000001E+00  -7.152883E-01  -4.585788E-01   5.682282E-16   1.314438E-14  -4.559097E-16   1.374037E-14
  8.070000000001E+00  -7.175973E-01  -4.629746E-01   6.083815E-16   2.781773E-15  -3.641504E-16   2.228557E-14
  8.075000000001E+00  -7.198993E-01  -4.557746E-01   5.954803E-16  -7.820129E-15  -2.394532E-16   2.671748E-14
  8.080000000001E+00  -7.221375E-01  -4.376788E-01   5.329250E-16  -1.688479E-14  -1.035248E-16   2.687250E-14
  8.085000000001E+00  -7.242622E-01  -4.109380E-01   4.298824E-16  -2.398009E-14   2.348398E-17   2.345713E-14
  8.090000000001E+00  -7.262385E-01  -3.789683E-01   2.975071E-16  -2.860713E-14   1.287090E-16   1.849159E-14
  8.095000000001E+00  -7.280500E-01  -3.458139E-01   1.489813E-16  -3.023612E-14   2.073634E-16   1.299350E-14
  8.100000000001E+00  -7.297013E-01  -3.155526E-01  -3.426682E-20  -2.883702E-14   2.594020E-16   7.991173E-15
  8.105000000001E+00  -7.312159E-01  -2.917408E-01  -1.355002E-16  -2.493831E-14   2.893360E-16   4.118255E-15
  8.110000000001E+00  -7.326332E-01  -2.769746E-01  -2.467478E-16  -1.936114E-14   3.018554E-16   1.013635E-15
  8.115000000001E+00  -7.340024E-01  -2.726142E-01  -3.293376E-16  -1.381701E-14   3.005289E-16  -1.457346E-15
  8.120000000001E+00  -7.353761E-01  -2.786890E-01  -3.832196E-16  -7.699643E-15   2.889535E-16  -3.168602E-15
  8.125000000001E+00  -7.368041E-01  -2.939728E-01  -4.049439E-16  -8.011760E-16   2.680157E-16  -5.355267E-15
  8.130000000001E+00  -7.383270E-01  -3.161976E-01  -3.897485E-16   6.841256E-15   2.345015E-16  -8.153068E-15
  8.135000000001E+00  -7.399724E-01  -3.423663E-01  -3.352368E-16   1.505099E-14   1.852070E-16  -1.168738E-14
  8.140000000001E+00  -7.417516E-01  -3.691228E-01  -2.403658E-16   2.280726E-14   1.171441E-16  -1.550029E-14
  8.145000000001E+00  -7.436592E-01  -3.931437E-01  -1.093428E-16   2.917467E-14   3.206358E-17  -1.827345E-14
  8.150000000001E+00  -7.456740E-01  -4.115182E-01   4.726740E-17   3.306182E-14  -6.123278E-17  -1.871385E-14
  8.155000000001E+00  -7.477619E-01  -4.220879E-01   2.144946E-16   3.318727E-14  -1.521082E-16  -1.708403E-14
  8.160000000001E+00  -7.498805E-01  -4.237182E-01   3.712286E-16   2.867075E-14  -2.273562E-16  -1.255247E-14
  8.165000000001E+00  -7.519848E-01  -4.164698E-01   4.936172E-16   1.943016E-14  -2.746976E-16  -6.195000E-15
  8.170000000001E+00  -7.540330E-01  -4.016413E-01   5.590888E-16   6.224269E-15  -2.874674E-16   1.080428E-15
  8.175000000001E+00  -7.559929E-01  -3.816574E-01   5.535300E-16  -8.475933E-15  -2.632561E-16   8.580165E-15
  8.180000000001E+00  -7.578465E-01  -3.597933E-01   4.756883E-16  -2.218125E-14  -2.048254E-16   1.434757E-14
  8.185000000001E+00  -7.595937E-01  -3.397461E-01   3.377157E-16  -3.231757E-14  -1.239501E-16   1.762614E-14
  8.190000000001E+00  -7.612527E-01  -3.250965E-01   1.615238E-16  -3.704402E-14  -3.274369E-17   1.830764E-14
  8.195000000001E+00  -7.628580E-01  -3.187288E-01  -2.438877E-17  -3.632983E-14   5.509234E-17   1.629850E-14
  8.200000000001E+00  -7.644560E-01  -3.223018E-01  -1.944069E-16  -3.091227E-14   1.269316E-16   1.216627E-14
  8.205000000001E+00  -7.660971E-01  -3.358706E-01  -3.263859E-16  -2.122601E-14   1.750755E-16   7.086790E-15
  8.210000000001E+00  -7.678280E-01  -3.577438E-01  -4.023813E-16  -9.080655E-15   1.990754E-16   2.768110E-15
  8.215000000001E+00  -7.696827E-01  -3.846322E-01  -4.169639E-16   3.189642E-15   2.054598E-16   1.653290E-16
  8.220000000001E+00  -7.716753E-01  -4.120926E-01  -3.725097E-16   1.426450E-14   2.045598E-16  -1.411326E-16
  8.225000000001E+00  -7.737966E-01  -4.352146E-01  -2.785573E-16   2.264099E-14   2.068909E-16   1.246874E-15
  8.230000000001E+00  -7.760132E-01  -4.494473E-01  -1.515086E-16   2.744636E-14   2.171600E-16   2.792041E-15
  8.235000000001E+00  -7.782714E-01  -4.514217E-01  -1.043609E-17   2.829937E-14   2.339598E-16   3.552837E-15
  8.240000000001E+00  -7.805052E-01  -4.396192E-01   1.260848E-16   2.586704E-14   2.499095E-16   2.574160E-15
  8.245000000001E+00  -7.826465E-01  -4.147500E-01   2.450551E-16   2.151076E-14   2.561239E-16  -6.669036E-16
  8.250000000001E+00  -7.846364E-01  -3.797554E-01   3.389108E-16   1.604932E-14   2.407331E-16  -5.713520E-15
  8.255000000001E+00  -7.864354E-01  -3.394154E-01   4.066863E-16   1.119148E-14   1.979057E-16  -1.141306E-14
  8.260000000001E+00  -7.880314E-01  -2.996167E-01   4.513497E-16   6.726399E-15   1.272618E-16  -1.658112E-14
  8.265000000001E+00  -7.894422E-01  -2.664019E-01   4.755338E-16   3.007303E-15   3.530770E-17  -1.974468E-14
  8.270000000001E+00  -7.907144E-01  -2.449683E-01   4.808662E-16  -8.401973E-16  -6.388859E-17  -1.914283E-14
  8.275000000001E+00  -7.919164E-01  -2.387929E-01   4.672069E-16  -4.691482E-15  -1.496491E-16  -1.458233E-14
  8.280000000001E+00  -7.931287E-01  -2.490429E-01   4.329094E-16  -9.331212E-15  -2.044263E-16  -6.896504E-15
  8.285000000001E+00  -7.944311E-01  -2.743766E-01   3.713704E-16  -1.544323E-14  -2.152560E-16   2.778468E-15
  8.290000000001E+00  -7.958909E-01  -3.111657E-01   2.779576E-16  -2.182598E-14  -1.775353E-16   1.205375E-14
  8.295000000001E+00  -7.975527E-01  -3.540971E-01   1.554544E-16  -2.681872E-14  -9.867242E-17   1.903808E-14
  8.300000000001E+00  -7.994319E-01  -3.970405E-01   1.238240E-17  -2.992611E-14   7.219850E-18   2.254810E-14
  8.305000000001E+00  -8.015135E-01  -4.340260E-01  -1.382467E-16  -2.975755E-14   1.192006E-16   2.141298E-14
  8.310000000001E+00  -8.037547E-01  -4.601627E-01  -2.782233E-16  -2.532265E-14   2.146082E-16   1.593739E-14
  8.315000000001E+00  -8.060926E-01  -4.723452E-01  -3.852980E-16  -1.693086E-14   2.711916E-16   6.178121E-15
  8.320000000001E+00  -8.084542E-01  -4.696442E-01  -4.446905E-16  -6.807759E-15   2.713410E-16  -6.243220E-15
  8.325000000001E+00  -8.107672E-01  -4.533330E-01  -4.538504E-16   2.883241E-15   2.090580E-16  -1.840810E-14
  8.330000000001E+00  -8.129707E-01  -4.265709E-01  -4.196115E-16   1.031583E-14   9.314917E-17  -2.717333E-14
  8.335000000001E+00  -8.150233E-01  -3.938187E-01  -3.550764E-16   1.495691E-14  -5.411016E-17  -3.052227E-14
  8.340000000001E+00  -8.169074E-01  -3.600975E-01  -2.749065E-16   1.665169E-14  -2.009380E-16  -2.702475E-14
  8.345000000001E+00  -8.186305E-01  -3.302187E-01  -1.930529E-16   1.558263E-14  -3.125964E-16  -1.642789E-14
  8.350000000001E+00  -8.202221E-01  -3.081034E-01  -1.219474E-16   1.268859E-14  -3.565374E-16  -5.283172E-16
  8.355000000001E+00  -8.217281E-01  -2.962833E-01  -6.710275E-17   9.523888E-15  -3.143934E-16   1.762507E-14
  8.360000000001E+00  -8.232029E-01  -2.956368E-01  -2.630805E-17   7.157796E-15  -1.810182E-16   3.519339E-14
  8.365000000001E+00  -8.247012E-01  -3.053760E-01   8.178732E-18   6.980277E-15   3.019256E-17   4.833553E-14
  8.370000000001E+00  -8.262698E-01  -3.232613E-01   4.694348E-17   8.921245E-15   2.910080E-16   5.440654E-14
  8.375000000001E+00  -8.279416E-01  -3.459963E-01   9.839776E-17   1.161415E-14   5.605936E-16   5.177697E-14
  8.380000000001E+00  -8.297313E-01  -3.697371E-01   1.626082E-16   1.387889E-14   7.948440E-16   4.029752E-14
  8.385000000001E+00  -8.316344E-01  -3.906450E-01   2.345348E-16   1.449594E-14   9.514010E-16   2.120760E-14
  8.390000000001E+00  -8.336279E-01  -4.054148E-01   3.025509E-16   1.209941E-14   9.984127E-16  -2.970724E-15
  8.395000000001E+00  -8.356749E-01  -4.117173E-01   3.510419E-16   6.871112E-15   9.202729E-16  -2.811379E-14
  8.400000000001E+00  -8.377298E-01  -4.085071E-01   3.674347E-16  -6.808861E-16   7.218324E-16  -5.033726E-14
  8.405000000001E+00  -8.397453E-01  -3.961629E-01   3.421005E-16  -9.423838E-15   4.292452E-16  -6.513779E-14
  8.410000000001E+00  -8.416795E-01  -3.764406E-01   2.743029E-16  -1.740311E-14   8.504534E-17  -7.078875E-14
  8.415000000001E+00  -8.435025E-01  -3.522441E-01   1.717993E-16  -2.291525E-14  -2.619770E-16  -6.629648E-14
  8.420000000001E+00  -8.452006E-01  -3.272331E-01   5.118727E-17  -2.452647E-14  -5.638094E-16  -5.297433E-14
  8.425000000001E+00  -8.467798E-01  -3.053160E-01  -6.552661E-17  -2.141289E-14  -7.823457E-16  -3.362867E-14
  8.430000000001E+00  -8.482645E-01  -2.900879E-01  -1.569026E-16  -1.477109E-14  -8.957593E-16  -1.144414E-14
  8.435000000001E+00  -8.496958E-01  -2.842913E-01  -2.113128E-16  -6.858836E-15  -8.974372E-16   1.038786E-14
  8.440000000001E+00  -8.511250E-01  -2.893789E-01  -2.250401E-16   1.297484E-15  -7.978163E-16   2.858590E-14
  8.445000000001E+00  -8.526069E-01  -3.052473E-01  -2.016910E-16   7.584669E-15  -6.200070E-16   4.123262E-14
  8.450000000001E+00  -8.541921E-01  -3.301937E-01  -1.530576E-16   1.130837E-14  -3.965870E-16   4.718540E-14
  8.455000000001E+00  -8.559185E-01  -3.611096E-01  -9.472263E-17   1.125886E-14  -1.562903E-16   4.812015E-14
  8.460000000001E+00  -8.578062E-01  -3.938941E-01  -4.705457E-17   7.368820E-15   7.775439E-17   4.477336E-14
  8.465000000001E+00  -8.598532E-01  -4.240290E-01  -2.495891E-17   1.001124E-15   2.878058E-16   3.900595E-14
  8.470000000001E+00  -8.620353E-01  -4.472309E-01  -3.745969E-17  -5.920858E-15   4.666587E-16   3.268812E-14
  8.475000000001E+00  -8.643088E-01  -4.600798E-01  -8.101306E-17  -1.100949E-14   6.153456E-16   2.669676E-14
  8.480000000001E+00  -8.666162E-01  -4.605268E-01  -1.413592E-16  -1.220600E-14   7.332663E-16   2.037037E-14
  8.485000000001E+00  -8.688936E-01  -4.482007E-01  -1.963307E-16  -8.999388E-15   8.175577E-16   1.308529E-14
  8.490000000001E+00  -8.710798E-01  -4.244684E-01  -2.248021E-16  -1.735948E-15   8.627620E-16   4.622953E-15
  8.495000000001E+00  -8.731246E-01  -3.922418E-01  -2.080284E-16   8.775588E-15   8.600868E-16  -6.076059E-15
  8.500000000001E+00  -8.749951E-01  -3.555659E-01  -1.353671E-16   2.037010E-14   7.985353E-16  -1.868385E-14
  8.505000000001E+00  -8.766805E-01  -3.190542E-01  -6.490482E-18   3.050251E-14   6.734912E-16  -3.103304E-14
  8.510000000001E+00  -8.781932E-01  -2.872583E-01   1.615150E-16   3.560784E-14   4.904809E-16  -4.173669E-14
  8.515000000001E+00  -8.795669E-01  -2.640642E-01   3.389432E-16   3.396785E-14   2.627029E-16  -4.845777E-14
  8.520000000001E+00  -8.808521E-01  -2.521975E-01   4.875173E-16   2.403741E-14   1.611141E-17  -4.890747E-14
  8.525000000001E+00  -8.821091E-01  -2.528981E-01   5.684980E-16   7.399268E-15  -2.141769E-16  -4.200779E-14
  8.530000000001E+00  -8.834007E-01  -2.657987E-01   5.557403E-16  -1.274868E-14  -3.926774E-16  -2.819880E-14
  8.535000000001E+00  -8.847837E-01  -2.890115E-01   4.408837E-16  -3.291467E-14  -4.874954E-16  -9.108886E-15
  8.540000000001E+00  -8.863023E-01  -3.194014E-01   2.318051E-16  -4.977193E-14  -4.807274E-16   1.183873E-14
  8.545000000001E+00  -8.879828E-01  -3.530043E-01  -4.425118E-17  -5.904505E-14  -3.720305E-16   3.098401E-14
  8.550000000001E+00  -8.898306E-01  -3.855357E-01  -3.442818E-16  -5.911482E-14  -1.798518E-16   4.470121E-14
  8.555000000001E+00  -8.918299E-01  -4.129306E-01  -6.189497E-16  -4.890225E-14   6.053710E-17   4.992641E-14
  8.560000000001E+00  -8.939463E-01  -4.318503E-01  -8.182548E-16  -2.924062E-14   3.040985E-16   4.589026E-14
  8.565000000001E+00  -8.961313E-01  -4.401025E-01  -9.013192E-16  -3.125099E-15   5.062390E-16   3.378646E-14
  8.570000000001E+00  -8.983289E-01  -4.369220E-01  -8.464929E-16   2.511260E-14   6.334221E-16   1.646709E-14
  8.575000000001E+00  -9.004834E-01  -4.230780E-01  -6.550006E-16   5.033693E-14   6.682853E-16  -2.536391E-15
  8.580000000001E+00  -9.025461E-01  -4.007854E-01  -3.565596E-16   6.734388E-14   6.114043E-16  -1.934106E-14
  8.585000000001E+00  -9.044831E-01  -3.734211E-01   1.932153E-18   7.384610E-14   4.847072E-16  -3.002793E-14
  8.590000000001E+00  -9.062788E-01  -3.450722E-01   3.627072E-16   6.862236E-14   3.255566E-16  -3.190742E-14
  8.595000000001E+00  -9.079390E-01  -3.199645E-01   6.719547E-16   5.358330E-14   1.788330E-16  -2.556316E-14
  8.600000000001E+00  -9.094897E-01  -3.018471E-01   8.884568E-16   3.225028E-14   7.966745E-17  -1.322969E-14
  8.605000000001E+00  -9.109731E-01  -2.934193E-01   9.913611E-16   8.830031E-15   4.939289E-17   1.297951E-15
  8.610000000001E+00  -9.124414E-01  -2.958921E-01   9.785460E-16  -1.330320E-14   9.067461E-17   1.468332E-14
  8.615000000001E+00  -9.139487E-01  -3.087610E-01   8.654867E-16  -3.081855E-14   1.891246E-16   2.354571E-14
  8.620000000001E+00  -9.155422E-01  -3.298414E-01   6.818533E-16  -4.133447E-14   3.153548E-16   2.567737E-14
  8.625000000001E+00  -9.172546E-01  -3.555750E-01   4.623828E-16  -4.547759E-14   4.346892E-16   2.081613E-14
  8.630000000001E+00  -9.190984E-01  -3.815716E-01   2.364423E-16  -4.398789E-14   5.139551E-16   1.012783E-14
  8.635000000001E+00  -9.210635E-01  -4.033077E-01   2.683558E-17  -3.949725E-14   5.317257E-16  -3.179318E-15
  8.640000000001E+00  -9.231183E-01  -4.168686E-01  -1.567630E-16  -3.394845E-14   4.816876E-16  -1.660148E-14
  8.645000000001E+00  -9.252148E-01  -4.196111E-01  -3.132116E-16  -2.866915E-14   3.701628E-16  -2.733621E-14
  8.650000000001E+00  -9.272956E-01  -4.106304E-01  -4.439917E-16  -2.386955E-14   2.171807E-16  -3.265035E-14
  8.655000000001E+00  -9.293038E-01  -3.909466E-01  -5.544864E-16  -2.041366E-14   5.317171E-17  -3.181241E-14
  8.660000000001E+00  -9.311923E-01  -3.633746E-01  -6.463494E-16  -1.608105E-14  -9.214741E-17  -2.527349E-14
  8.665000000001E+00  -9.329316E-01  -3.320944E-01  -7.135453E-16  -1.038006E-14  -1.914530E-16  -1.375653E-14
  8.670000000001E+00  -9.345152E-01  -3.019938E-01  -7.451083E-16  -1.628935E-15  -2.254751E-16   4.742909E-16
  8.675000000001E+00  -9.359612E-01  -2.778934E-01  -7.244294E-16   1.035533E-14  -1.863651E-16   1.480298E-14
  8.680000000001E+00  -9.373102E-01  -2.637831E-01  -6.381598E-16   2.424916E-14  -8.078425E-17   2.688928E-14
  8.685000000001E+00  -9.386192E-01  -2.621952E-01  -4.818364E-16   3.803712E-14   7.643284E-17   3.506052E-14
  8.690000000001E+00  -9.399534E-01  -2.738136E-01  -2.616062E-16   4.931987E-14   2.625380E-16   3.863055E-14
  8.695000000001E+00  -9.413765E-01  -2.973741E-01   1.100561E-18   5.452400E-14   4.545682E-16   3.723683E-14
  8.700000000001E+00  -9.429415E-01  -3.298630E-01   2.705821E-16   5.165601E-14   6.258496E-16   3.053146E-14
  8.705000000001E+00  -9.446826E-01  -3.669714E-01   5.046963E-16   4.051088E-14   7.525642E-16   1.925417E-14
  8.710000000001E+00  -9.466106E-01  -4.037263E-01   6.651210E-16   2.270249E-14   8.129729E-16   4.476508E-15
  8.715000000001E+00  -9.487113E-01  -4.351970E-01   7.255678E-16   1.074082E-15   7.938603E-16  -1.238531E-14
  8.720000000001E+00  -9.509473E-01  -4.571733E-01   6.759826E-16  -2.050181E-14   6.884383E-16  -2.947930E-14
  8.725000000001E+00  -9.532631E-01  -4.667212E-01   5.269950E-16  -3.812613E-14   5.037592E-16  -4.395657E-14
  8.730000000001E+00  -9.555925E-01  -4.625489E-01   3.064018E-16  -4.844196E-14   2.568049E-16  -5.372906E-14
  8.735000000001E+00  -9.578673E-01  -4.451469E-01   5.697082E-17  -4.955411E-14  -2.180434E-17  -5.640720E-14
  8.740000000001E+00  -9.600262E-01  -4.166947E-01  -1.744295E-16  -4.145882E-14  -2.949187E-16  -5.116449E-14
  8.745000000001E+00  -9.620222E-01  -3.807585E-01  -3.458977E-16  -2.605553E-14  -5.187748E-16  -3.679009E-14
  8.750000000001E+00  -9.638289E-01  -3.418237E-01  -4.281458E-16  -6.451381E-15  -6.502810E-16  -1.445911E-14
  8.755000000001E+00  -9.654434E-01  -3.047236E-01  -4.109046E-16   1.297864E-14  -6.554365E-16   1.305601E-14
  8.760000000001E+00  -9.668865E-01  -2.740312E-01  -3.039782E-16   2.895128E-14  -5.185509E-16   4.140049E-14
  8.765000000001E+00  -9.682000E-01  -2.534866E-01  -1.314017E-16   3.886646E-14  -2.488674E-16   6.496875E-14
  8.770000000001E+00  -9.694416E-01  -2.455262E-01   7.273717E-17   4.122508E-14   1.158471E-16   7.902741E-14
  8.775000000001E+00  -9.706769E-01  -2.509714E-01   2.695201E-16   3.642517E-14   5.223118E-16   8.134052E-14
  8.780000000001E+00  -9.719714E-01  -2.689184E-01   4.287706E-16   2.645889E-14   9.089529E-16   7.100976E-14
  8.785000000001E+00  -9.733821E-01  -2.968502E-01   5.287941E-16   1.312602E-14   1.212997E-15   4.863520E-14
  8.790000000001E+00  -9.749498E-01  -3.309644E-01   5.584480E-16  -1.219030E-15   1.382672E-15   1.844730E-14
  8.795000000001E+00  -9.766943E-01  -3.666807E-01   5.170940E-16  -1.494543E-14   1.393784E-15  -1.384118E-14
  8.800000000001E+00  -9.786116E-01  -3.992664E-01   4.163167E-16  -2.455861E-14   1.250897E-15  -4.210209E-14
  8.805000000001E+00  -9.806751E-01  -4.244934E-01   2.783723E-16  -2.984021E-14   9.876506E-16  -6.129237E-14
  8.810000000001E+00  -9.828397E-01  -4.392326E-01   1.247854E-16  -3.089244E-14   6.581016E-16  -6.810704E-14
  8.815000000001E+00  -9.850480E-01  -4.418946E-01  -2.563057E-17  -2.878531E-14   3.275754E-16  -6.198066E-14
  8.820000000001E+00  -9.872394E-01  -4.326444E-01  -1.601596E-16  -2.474501E-14   5.594121E-17  -4.516313E-14
  8.825000000001E+00  -9.893583E-01  -4.133530E-01  -2.700239E-16  -1.920609E-14  -1.148292E-16  -2.247283E-14
  8.830000000001E+00  -9.913621E-01  -3.872897E-01  -3.527298E-16  -1.392438E-14  -1.685928E-16   8.189710E-16
  8.835000000001E+00  -9.932270E-01  -3.586028E-01  -4.105034E-16  -9.507763E-15  -1.131745E-16   2.028250E-14
  8.840000000001E+00  -9.949510E-01  -3.316717E-01  -4.516704E-16  -7.248669E-15   2.298817E-17   3.282671E-14
  8.845000000001E+00  -9.965529E-01  -3.104369E-01  -4.822769E-16  -4.791057E-15   1.998767E-16   3.643353E-14
  8.850000000001E+00  -9.980692E-01  -2.978144E-01  -4.972160E-16  -6.751916E-16   3.749593E-16   3.251953E-14
  8.855000000001E+00  -9.995473E-01  -2.952893E-01  -4.861970E-16   5.600363E-15   5.178841E-16   2.408291E-14
  8.860000000001E+00  -1.001038E+00  -3.027465E-01  -4.389946E-16   1.331414E-14   6.124508E-16   1.382609E-14
  8.865000000001E+00  -1.002588E+00  -3.185559E-01  -3.504391E-16   2.209259E-14   6.592896E-16   5.340173E-15
  8.870000000001E+00  -1.004233E+00  -3.398878E-01  -2.205132E-16   2.942157E-14   6.730634E-16   9.582717E-16
  8.875000000001E+00  -1.005990E+00  -3.631948E-01  -5.900357E-17   3.487593E-14   6.768703E-16   1.455468E-15
  8.880000000001E+00  -1.007862E+00  -3.847746E-01   1.228937E-16   3.704573E-14   6.941502E-16   5.783078E-15
  8.885000000001E+00  -1.009830E+00  -4.013246E-01   3.048641E-16   3.498744E-14   7.362170E-16   1.071504E-14
  8.890000000001E+00  -1.011863E+00  -4.104027E-01   4.648399E-16   2.795806E-14   7.968672E-16   1.281527E-14
  8.895000000001E+00  -1.013920E+00  -4.107379E-01   5.749771E-16   1.575965E-14   8.556358E-16   9.572058E-15
  8.900000000001E+00  -1.015956E+00  -4.023584E-01   6.190282E-16   1.793901E-15   8.822453E-16  -1.668497E-16
  8.905000000001E+00  -1.017931E+00  -3.865356E-01   5.937558E-16  -1.183132E-14   8.437219E-16  -1.627430E-14
  8.910000000001E+00  -1.019813E+00  -3.655688E-01   5.012716E-16  -2.490358E-14   7.123958E-16  -3.684152E-14
  8.915000000000E+00  -1.021584E+00  -3.424504E-01   3.474802E-16  -3.610483E-14   4.764483E-16  -5.701870E-14
  8.920000000000E+00  -1.023240E+00  -3.204608E-01   1.465723E-16  -4.338171E-14   1.483430E-16  -7.302042E-14
  8.925000000000E+00  -1.024795E+00  -3.027430E-01  -7.611782E-17  -4.446698E-14  -2.381443E-16  -7.992367E-14
  8.930000000000E+00  -1.026278E+00  -2.919042E-01  -2.845944E-16  -3.758851E-14  -6.319645E-16  -7.532960E-14
  8.935000000000E+00  -1.027728E+00  -2.896824E-01  -4.452675E-16  -2.610232E-14  -9.721132E-16  -5.857208E-14
  8.940000000000E+00  -1.029190E+00  -2.967143E-01  -5.425288E-16  -1.263877E-14  -1.196439E-15  -2.904997E-14
  8.945000000000E+00  -1.030709E+00  -3.124265E-01  -5.736026E-16  -4.504338E-16  -1.251826E-15   7.647922E-15
  8.950000000000E+00  -1.032325E+00  -3.350697E-01  -5.548027E-16   7.144113E-15  -1.122325E-15   4.327569E-14
  8.955000000000E+00  -1.034067E+00  -3.618980E-01  -5.093514E-16   1.026693E-14  -8.289601E-16   7.259671E-14
  8.960000000000E+00  -1.035946E+00  -3.894859E-01  -4.566509E-16   1.054524E-14  -4.147274E-16   9.107157E-14
  8.965000000000E+00  -1.037957E+00  -4.141538E-01  -4.048016E-16   1.037153E-14   6.313068E-17   9.788159E-14
  8.970000000000E+00  -1.040077E+00  -4.324559E-01  -3.501859E-16   1.175180E-14   5.446920E-16   9.258030E-14
  8.975000000000E+00  -1.042267E+00  -4.416690E-01  -2.837615E-16   1.499262E-14   9.692730E-16   7.536273E-14
  8.980000000000E+00  -1.044476E+00  -4.402104E-01  -1.982438E-16   1.953316E-14   1.285811E-15   5.022859E-14
  8.985000000000E+00  -1.046651E+00  -4.279172E-01  -8.542181E-17   2.598299E-14   1.468104E-15   2.274205E-14
  8.990000000000E+00  -1.048740E+00  -4.061323E-01   5.981629E-17   3.172881E-14   1.515102E-15  -3.457919E-15
  8.995000000000E+00  -1.050702E+00  -3.775697E-01   2.291658E-16   3.563742E-14   1.440149E-15  -2.556745E-14
  9.000000000000E+00  -1.052511E+00  -3.459682E-01   4.108270E-16   3.632421E-14   1.268775E-15  -4.182206E-14
  9.005000000000E+00  -1.054163E+00  -3.155752E-01   5.844642E-16   3.237220E-14   1.032171E-15  -5.165883E-14
  9.010000000000E+00  -1.055675E+00  -2.905386E-01   7.272142E-16   2.384395E-14   7.622537E-16  -5.502777E-14
  9.015000000000E+00  -1.057083E+00  -2.742995E-01   8.143275E-16   1.002351E-14   4.915196E-16  -5.219532E-14
  9.020000000000E+00  -1.058436E+00  -2.690848E-01   8.214204E-16  -7.713206E-15   2.492286E-16  -4.386013E-14
  9.025000000000E+00  -1.059793E+00  -2.755802E-01   7.340780E-16  -2.708049E-14   5.920536E-17  -3.124092E-14
  9.030000000000E+00  -1.061209E+00  -2.928376E-01   5.548567E-16  -4.393672E-14  -5.977878E-17  -1.608250E-14
  9.035000000000E+00  -1.062734E+00  -3.184272E-01   3.020156E-16  -5.609462E-14  -9.894145E-17   2.821273E-16
  9.040000000000E+00  -1.064401E+00  -3.488080E-01   5.541620E-18  -6.100591E-14  -5.613742E-17   1.665854E-14
  9.045000000000E+00  -1.066224E+00  -3.798515E-01  -2.956122E-16  -5.792382E-14   6.415712E-17   3.071720E-14
  9.050000000000E+00  -1.068194E+00  -4.074355E-01  -5.604747E-16  -4.679756E-14   2.410613E-16   3.900881E-14
  9.055000000000E+00  -1.070287E+00  -4.280142E-01  -7.542778E-16  -2.979634E-14   4.432268E-16   4.048754E-14
  9.060000000000E+00  -1.072459E+00  -4.390839E-01  -8.539871E-16  -9.965987E-15   6.344955E-16   3.501837E-14
  9.065000000000E+00  -1.074660E+00  -4.394835E-01  -8.536456E-16   9.849377E-15   7.841510E-16   2.377073E-14
  9.070000000000E+00  -1.076837E+00  -4.294987E-01  -7.601907E-16   2.668409E-14   8.672708E-16   9.304886E-15
  9.075000000000E+00  -1.078941E+00  -4.107693E-01  -5.971884E-16   3.726053E-14   8.778657E-16  -4.738771E-15
  9.080000000000E+00  -1.080935E+00  -3.860243E-01  -3.993717E-16   4.046810E-14   8.240864E-16  -1.612857E-14
  9.085000000000E+00  -1.082797E+00  -3.586915E-01  -2.035399E-16   3.682322E-14   7.268039E-16  -2.180347E-14
  9.090000000000E+00  -1.084524E+00  -3.324351E-01  -4.053375E-17   2.760157E-14   6.167214E-16  -2.099838E-14
  9.095000000000E+00  -1.086129E+00  -3.106817E-01   6.716374E-17   1.505528E-14   5.255567E-16  -1.454412E-14
  9.100000000000E+00  -1.087642E+00  -2.961889E-01   1.092208E-16   2.259910E-15   4.778167E-16  -4.237289E-15
  9.105000000000E+00  -1.089105E+00  -2.907035E-01   9.528698E-17  -7.060934E-15   4.858584E-16   7.480404E-15
  9.110000000000E+00  -1.090565E+00  -2.947493E-01   4.537156E-17  -1.204832E-14   5.479931E-16   1.645709E-14
  9.115000000000E+00  -1.092067E+00  -3.075668E-01  -1.886797E-17  -1.278378E-14   6.417184E-16   2.007605E-14
  9.120000000000E+00  -1.093651E+00  -3.272161E-01  -7.581970E-17  -8.977256E-15   7.400970E-16   1.804797E-14
  9.125000000000E+00  -1.095345E+00  -3.508367E-01  -1.015203E-16  -8.414902E-16   8.119398E-16   9.734933E-15
  9.130000000000E+00  -1.097161E+00  -3.750360E-01  -8.047670E-17   9.933221E-15   8.298583E-16  -3.374339E-15
  9.135000000000E+00  -1.099091E+00  -3.963633E-01   3.083079E-18   2.344197E-14   7.767934E-16  -1.768231E-14
  9.140000000000E+00  -1.101115E+00  -4.118053E-01   1.487170E-16   3.380499E-14   6.562498E-16  -3.008222E-14
  9.145000000000E+00  -1.103196E+00  -4.192321E-01   3.307565E-16   3.741258E-14   4.803974E-16  -3.964539E-14
  9.150000000000E+00  -1.105293E+00  -4.177237E-01   5.079127E-16   3.222199E-14   2.694498E-16  -4.354796E-14
  9.155000000000E+00  -1.107360E+00  -4.077161E-01   6.401746E-16   1.882900E-14   5.669912E-17  -4.028475E-14
  9.160000000000E+00  -1.109359E+00  -3.909381E-01   6.850359E-16  -1.894617E-15  -1.248511E-16  -3.173025E-14
  9.165000000000E+00  -1.111263E+00  -3.701376E-01   6.161720E-16  -2.575987E-14  -2.557286E-16  -2.029474E-14
  9.170000000000E+00  -1.113059E+00  -3.486381E-01   4.274545E-16  -4.914134E-14  -3.268755E-16  -8.089847E-15
  9.175000000000E+00  -1.114753E+00  -3.297975E-01   1.325446E-16  -6.726302E-14  -3.383487E-16   2.887766E-15
  9.180000000000E+00  -1.116366E+00  -3.164616E-01  -2.306420E-16  -7.597302E-14  -3.018525E-16   1.133796E-14
  9.185000000000E+00  -1.117930E+00  -3.105105E-01  -6.073685E-16  -7.276279E-14  -2.295624E-16   1.712573E-14
  9.190000000000E+00  -1.119484E+00  -3.125765E-01  -9.411147E-16  -5.875080E-14  -1.324211E-16   2.161836E-14
  9.195000000000E+00  -1.121068E+00  -3.219856E-01  -1.179351E-15  -3.527365E-14  -1.388748E-17   2.552664E-14
  9.200000000000E+00  -1.122713E+00  -3.369252E-01  -1.283410E-15  -5.484478E-15   1.216408E-16   2.870412E-14
  9.205000000000E+00  -1.124442E+00  -3.548028E-01  -1.232346E-15   2.561687E-14   2.727251E-16   3.178803E-14
  9.210000000000E+00  -1.126261E+00  -3.727199E-01  -1.032646E-15   5.315017E-14   4.390325E-16   3.455404E-14
  9.215000000000E+00  -1.128164E+00  -3.879687E-01  -7.126632E-16   7.290211E-14   6.148323E-16   3.551914E-14
  9.220000000000E+00  -1.130133E+00  -3.984592E-01  -3.210961E-16   8.165559E-14   7.897306E-16   3.371109E-14
  9.225000000000E+00  -1.132139E+00  -4.030019E-01   8.248022E-17   7.721646E-14   9.442767E-16   2.745113E-14
  9.230000000000E+00  -1.134153E+00  -4.014086E-01   4.307385E-16   6.042595E-14   1.055955E-15   1.637636E-14
  9.235000000000E+00  -1.136145E+00  -3.944123E-01   6.760270E-16   3.659470E-14   1.102948E-15   1.741928E-15
  9.240000000000E+00  -1.138091E+00  -3.834422E-01   7.911225E-16   9.396530E-15   1.071421E-15  -1.409621E-14
  9.245000000000E+00  -1.139976E+00  -3.703171E-01   7.745477E-16  -1.535452E-14   9.634592E-16  -2.858063E-14
  9.250000000000E+00  -1.141794E+00  -3.569259E-01   6.460466E-16  -3.468530E-14   7.927574E-16  -3.882388E-14
  9.255000000000E+00  -1.143547E+00  -3.449569E-01   4.391684E-16  -4.655039E-14   5.846172E-16  -4.320149E-14
  9.260000000000E+00  -1.145248E+00  -3.357153E-01   1.944072E-16  -4.984423E-14   3.729595E-16  -4.016045E-14
  9.265000000000E+00  -1.146910E+00  -3.300401E-01  -4.912116E-17  -4.669356E-14   1.961670E-16  -2.937214E-14
  9.270000000000E+00  -1.148554E+00  -3.283067E-01  -2.658241E-16  -3.930059E-14   8.674600E-17  -1.350043E-14
  9.275000000000E+00  -1.150200E+00  -3.304840E-01  -4.385905E-16  -2.964633E-14   6.597174E-17   5.015138E-15
  9.280000000000E+00  -1.151865E+00  -3.362106E-01  -5.621017E-16  -1.990685E-14   1.298666E-16   1.955671E-14
  9.285000000000E+00  -1.153566E+00  -3.448615E-01  -6.409616E-16  -1.213064E-14   2.513491E-16   2.771473E-14
  9.290000000000E+00  -1.155317E+00  -3.555931E-01  -6.902411E-16  -8.367438E-15   3.930553E-16   2.735612E-14
  9.295000000000E+00  -1.157124E+00  -3.673721E-01  -7.290892E-16  -7.177923E-15   5.105859E-16   1.805583E-14
  9.300000000000E+00  -1.158990E+00  -3.790088E-01  -7.614948E-16  -5.465161E-15   5.616366E-16   1.351171E-15
  9.305000000000E+00  -1.160912E+00  -3.892173E-01  -7.807173E-16  -1.573881E-15   5.174955E-16  -1.939964E-14
  9.310000000000E+00  -1.162878E+00  -3.967224E-01  -7.701288E-16   6.414408E-15   3.685603E-16  -3.952252E-14
  9.315000000000E+00  -1.164873E+00  -4.004136E-01  -7.101456E-16   1.824576E-14   1.329943E-16  -5.334973E-14
  9.320000000000E+00  -1.166875E+00  -3.995286E-01  -5.827666E-16   3.306376E-14  -1.489782E-16  -5.752518E-14
  9.325000000000E+00  -1.168860E+00  -3.938316E-01  -3.785411E-16   4.854683E-14  -4.236112E-16  -5.005080E-14
  9.330000000000E+00  -1.170806E+00  -3.837383E-01  -1.021481E-16   6.097879E-14  -6.312528E-16  -3.093374E-14
  9.335000000000E+00  -1.172693E+00  -3.703478E-01   2.184226E-16   6.574825E-14  -7.187071E-16  -2.773559E-15
  9.340000000000E+00  -1.174507E+00  -3.553519E-01   5.407888E-16   6.147307E-14  -6.499617E-16   3.073577E-14
  9.345000000000E+00  -1.176247E+00  -3.408212E-01   8.147072E-16   4.606115E-14  -4.117252E-16   6.356074E-14
  9.350000000000E+00  -1.177919E+00  -3.288951E-01   9.883411E-16   2.231202E-14  -2.757572E-17   8.825769E-14
  9.355000000000E+00  -1.179543E+00  -3.214288E-01   1.027113E-15  -7.394397E-15   4.515868E-16   1.009262E-13
  9.360000000000E+00  -1.181143E+00  -3.196631E-01   9.151002E-16  -3.663363E-14   9.559792E-16   9.791087E-14
  9.365000000000E+00  -1.182749E+00  -3.239871E-01   6.721455E-16  -5.899908E-14   1.404840E-15   7.913385E-14
  9.370000000000E+00  -1.184392E+00  -3.338423E-01   3.417285E-16  -7.098544E-14   1.727203E-15   4.801478E-14
  9.375000000000E+00  -1.186094E+00  -3.477953E-01  -1.650355E-17  -6.989131E-14   1.873878E-15   1.002425E-14
  9.380000000000E+00  -1.187873E+00  -3.637675E-01  -3.361844E-16  -5.601382E-14   1.830527E-15  -2.633253E-14
  9.385000000000E+00  -1.189731E+00  -3.793811E-01  -5.616385E-16  -3.309004E-14   1.624418E-15  -5.407909E-14
  9.390000000000E+00  -1.191662E+00  -3.923559E-01  -6.617182E-16  -7.118637E-15   1.311411E-15  -6.839492E-14
  9.395000000000E+00  -1.193648E+00  -4.008826E-01  -6.369877E-16   1.622780E-14   9.647318E-16  -6.736981E-14
  9.400000000000E+00  -1.195662E+00  -4.039057E-01  -5.102547E-16   3.282383E-14   6.593468E-16  -5.268823E-14
  9.405000000000E+00  -1.197678E+00  -4.012655E-01  -3.270343E-16   3.817977E-14   4.516209E-16  -2.959217E-14
  9.410000000000E+00  -1.199667E+00  -3.936818E-01  -1.477711E-16   3.119531E-14   3.639852E-16  -5.868893E-15
  9.415000000000E+00  -1.201609E+00  -3.825882E-01  -3.352118E-17   1.310915E-14   3.836582E-16   1.213805E-14
  9.420000000000E+00  -1.203490E+00  -3.698574E-01  -2.616938E-17  -1.050018E-14   4.690211E-16   2.011177E-14
  9.425000000000E+00  -1.205308E+00  -3.574704E-01  -1.349836E-16  -3.211217E-14   5.634221E-16   1.546484E-14
  9.430000000000E+00  -1.207069E+00  -3.471931E-01  -3.360259E-16  -4.651775E-14   6.090436E-16   1.592626E-15
  9.435000000000E+00  -1.208786E+00  -3.403140E-01  -5.786252E-16  -4.812410E-14   5.715304E-16  -1.718940E-14
  9.440000000000E+00  -1.210478E+00  -3.374823E-01  -7.935805E-16  -3.527778E-14   4.362595E-16  -3.643433E-14
  9.445000000000E+00  -1.212167E+00  -3.386659E-01  -9.112804E-16  -9.994371E-15   2.179196E-16  -4.916214E-14
  9.450000000000E+00  -1.213870E+00  -3.432241E-01  -8.802638E-16   2.313437E-14  -3.677845E-17  -5.059800E-14
  9.455000000000E+00  -1.215603E+00  -3.500733E-01  -6.798929E-16   5.602549E-14  -2.708386E-16  -4.096554E-14
  9.460000000000E+00  -1.217373E+00  -3.579096E-01  -3.373712E-16   7.822714E-14  -4.304050E-16  -2.138771E-14
  9.465000000000E+00  -1.219181E+00  -3.654452E-01   7.466111E-17   8.346604E-14  -4.758590E-16   3.711426E-15
  9.470000000000E+00  -1.221025E+00  -3.716193E-01   4.691201E-16   7.122651E-14  -3.930735E-16   2.896915E-14
  9.475000000000E+00  -1.222894E+00  -3.757489E-01   7.600058E-16   4.272999E-14  -1.942927E-16   4.894345E-14
  9.480000000000E+00  -1.224779E+00  -3.775993E-01   8.765594E-16   2.265981E-15   7.939199E-17   5.867307E-14
  9.485000000000E+00  -1.226667E+00  -3.773676E-01   7.799258E-16  -4.044813E-14   3.755405E-16   5.779226E-14
  9.490000000000E+00  -1.228550E+00  -3.755876E-01   4.862903E-16  -7.445731E-14   6.394512E-16   4.598956E-14
  9.495000000000E+00  -1.230421E+00  -3.729789E-01   6.166901E-17  -9.212943E-14   8.248778E-16   2.725111E-14
  9.500000000000E+00  -1.232279E+00  -3.702714E-01  -4.017747E-16  -8.964735E-14   9.088263E-16   6.812475E-15
  9.505000000000E+00  -1.234125E+00  -3.680417E-01  -8.017708E-16  -6.703893E-14   8.987460E-16  -9.557863E-15
  9.510000000000E+00  -1.235961E+00  -3.665949E-01  -1.046143E-15  -2.842054E-14   8.258619E-16  -1.817093E-14
  9.515000000000E+00  -1.237792E+00  -3.659176E-01  -1.075795E-15   1.646788E-14   7.300681E-16  -1.867313E-14
  9.520000000000E+00  -1.239621E+00  -3.657111E-01  -8.864733E-16   5.748469E-14   6.516533E-16  -1.136806E-14
  9.525000000000E+00  -1.241449E+00  -3.654997E-01  -5.215119E-16   8.530791E-14   6.221538E-16   2.524813E-16
  9.530000000000E+00  -1.243275E+00  -3.647881E-01  -6.412568E-17   9.375374E-14   6.533966E-16   1.152298E-14
  9.535000000000E+00  -1.245096E+00  -3.632314E-01   3.795570E-16   7.987620E-14   7.295857E-16   1.786010E-14
  9.540000000000E+00  -1.246906E+00  -3.607738E-01   7.052995E-16   4.769833E-14   8.202092E-16   1.687070E-14
  9.545000000000E+00  -1.248703E+00  -3.577184E-01   8.386632E-16   4.685399E-15   8.866114E-16   8.461224E-15
  9.550000000000E+00  -1.250483E+00  -3.547019E-01   7.517230E-16  -3.837408E-14   8.948546E-16  -5.863893E-15
  9.555000000000E+00  -1.252251E+00  -3.525739E-01   4.702628E-16  -7.163369E-14   8.262195E-16  -2.163774E-14
  9.560000000000E+00  -1.254012E+00  -3.521992E-01   6.293829E-17  -8.774175E-14   6.808489E-16  -3.571211E-14
  9.565000000000E+00  -1.255777E+00  -3.542281E-01  -3.742850E-16  -8.330203E-14   4.793637E-16  -4.356153E-14
  9.570000000000E+00  -1.257558E+00  -3.588879E-01  -7.385141E-16  -5.931554E-14   2.603995E-16  -4.248356E-14
  9.575000000000E+00  -1.259369E+00  -3.658518E-01  -9.453890E-16  -2.167640E-14   6.864539E-17  -3.267607E-14
  9.580000000000E+00  -1.261219E+00  -3.742249E-01  -9.463241E-16   2.108723E-14  -5.564718E-17  -1.613786E-14
  9.585000000000E+00  -1.263112E+00  -3.826634E-01  -7.412094E-16   5.933401E-14  -9.124160E-17   2.049104E-15
  9.590000000000E+00  -1.265043E+00  -3.896107E-01  -3.711074E-16   8.577900E-14  -3.681203E-17   1.949813E-14
  9.595000000000E+00  -1.267003E+00  -3.936063E-01   8.566262E-17   9.338362E-14   9.734328E-17   3.280456E-14
  9.600000000000E+00  -1.268973E+00  -3.936011E-01   5.312409E-16   8.143785E-14   2.786723E-16   3.821586E-14
  9.605000000000E+00  -1.270932E+00  -3.892085E-01   8.710766E-16   5.202916E-14   4.674606E-16   3.613207E-14
  9.610000000000E+00  -1.272859E+00  -3.808302E-01   1.034162E-15   1.185456E-14   6.303333E-16   2.793904E-14
  9.615000000000E+00  -1.274736E+00  -3.696241E-01   9.835200E-16  -3.196770E-14   7.381558E-16   1.487192E-14
  9.620000000000E+00  -1.276553E+00  -3.573143E-01   7.197907E-16  -7.212797E-14   7.786438E-16   1.401891E-15
  9.625000000000E+00  -1.278310E+00  -3.458802E-01   2.798418E-16  -1.009523E-13   7.549864E-16  -1.043796E-14
  9.630000000000E+00  -1.280016E+00  -3.371901E-01  -2.633955E-16  -1.132214E-13   6.789033E-16  -1.938107E-14
  9.635000000000E+00  -1.281689E+00  -3.326554E-01  -8.251523E-16  -1.085072E-13   5.699396E-16  -2.292145E-14
  9.640000000000E+00  -1.283351E+00  -3.329797E-01  -1.322357E-15  -8.781079E-14   4.571883E-16  -2.149415E-14
  9.645000000000E+00  -1.285026E+00  -3.380513E-01  -1.684535E-15  -5.522373E-14   3.609130E-16  -1.673649E-14
  9.650000000000E+00  -1.286738E+00  -3.469970E-01  -1.862228E-15  -1.540497E-14   2.913178E-16  -1.133305E-14
  9.655000000000E+00  -1.288500E+00  -3.583789E-01  -1.836633E-15   2.556019E-14   2.468238E-16  -6.248220E-15
  9.660000000000E+00  -1.290323E+00  -3.704818E-01  -1.612281E-15   6.335316E-14   2.267439E-16  -1.823457E-15
  9.665000000000E+00  -1.292204E+00  -3.816277E-01  -1.215902E-15   9.355104E-14   2.236944E-16   1.316976E-17
  9.670000000000E+00  -1.294135E+00  -3.904475E-01  -6.939036E-16   1.129109E-13   2.227452E-16  -6.161839E-16
  9.675000000000E+00  -1.296103E+00  -3.960591E-01  -1.083645E-16   1.188688E-13   2.151166E-16  -2.430665E-15
  9.680000000000E+00  -1.298090E+00  -3.981281E-01   4.725378E-16   1.109134E-13   2.002230E-16  -3.229323E-15
  9.685000000000E+00  -1.300079E+00  -3.968160E-01   9.816089E-16   9.045077E-14   1.839092E-16  -3.150743E-15
  9.690000000000E+00  -1.302054E+00  -3.926480E-01   1.357487E-15   5.808063E-14   1.719930E-16  -9.526487E-16
  9.695000000000E+00  -1.304002E+00  -3.863486E-01   1.551634E-15   1.892001E-14   1.784889E-16   3.825724E-15
  9.700000000000E+00  -1.305915E+00  -3.786902E-01   1.541712E-15  -2.272582E-14   2.123905E-16   9.864947E-15
  9.705000000000E+00  -1.307788E+00  -3.703931E-01   1.330417E-15  -6.082070E-14   2.763711E-16   1.579702E-14
  9.710000000000E+00  -1.309619E+00  -3.620873E-01   9.466403E-16  -9.083078E-14   3.718337E-16   2.222985E-14
  9.715000000000E+00  -1.311409E+00  -3.543297E-01   4.403377E-16  -1.091198E-13   4.939720E-16   2.586167E-14
  9.720000000000E+00  -1.313164E+00  -3.476475E-01  -1.232350E-16  -1.138842E-13   6.236725E-16   2.533162E-14
  9.725000000000E+00  -1.314888E+00  -3.425736E-01  -6.742686E-16  -1.040182E-13   7.398102E-16   2.041394E-14
  9.730000000000E+00  -1.316593E+00  -3.396431E-01  -1.145680E-15  -8.281259E-14   8.215456E-16   1.151012E-14
  9.735000000000E+00  -1.318289E+00  -3.393380E-01  -1.490984E-15  -5.461353E-14   8.511639E-16  -4.440224E-16
  9.740000000000E+00  -1.319991E+00  -3.419836E-01  -1.687497E-15  -2.394311E-14   8.127177E-16  -1.489130E-14
  9.745000000000E+00  -1.321714E+00  -3.476254E-01  -1.735164E-15   4.084294E-15   7.036225E-16  -2.838989E-14
  9.750000000000E+00  -1.323472E+00  -3.559232E-01  -1.653114E-15   2.792716E-14   5.342522E-16  -3.870529E-14
  9.755000000000E+00  -1.325276E+00  -3.661042E-01  -1.464611E-15   4.657559E-14   3.233846E-16  -4.473880E-14
  9.760000000000E+00  -1.327134E+00  -3.770031E-01  -1.197984E-15   5.900283E-14   9.716818E-17  -4.437805E-14
  9.765000000000E+00  -1.329045E+00  -3.871985E-01  -8.825811E-16   6.674407E-14  -1.090347E-16  -3.698439E-14
  9.770000000000E+00  -1.331002E+00  -3.952277E-01  -5.336106E-16   7.284307E-14  -2.620089E-16  -2.312433E-14
  9.775000000000E+00  -1.332992E+00  -3.998422E-01  -1.559977E-16   7.803729E-14  -3.351345E-16  -5.781741E-15
  9.780000000000E+00  -1.334994E+00  -4.002501E-01   2.435687E-16   8.098029E-14  -3.200206E-16   1.154656E-14
  9.785000000000E+00  -1.336987E+00  -3.962928E-01   6.475371E-16   7.942049E-14  -2.248481E-16   2.581810E-14
  9.790000000000E+00  -1.338951E+00  -3.885118E-01   1.025615E-15   7.054604E-14  -6.939760E-17   3.503123E-14
  9.795000000000E+00  -1.340868E+00  -3.780877E-01   1.340644E-15   5.364165E-14   1.153075E-16   3.768795E-14
  9.800000000000E+00  -1.342730E+00  -3.666563E-01   1.546366E-15   2.684838E-14   2.989924E-16   3.486336E-14
  9.805000000000E+00  -1.344536E+00  -3.560363E-01   1.593672E-15  -9.336003E-15   4.550672E-16   2.642602E-14
  9.810000000000E+00  -1.346294E+00  -3.479181E-01   1.443410E-15  -5.124955E-14   5.572734E-16   1.370250E-14
  9.815000000000E+00  -1.348021E+00  -3.435732E-01   1.083901E-15  -9.153930E-14   5.881833E-16  -1.426271E-15
  9.820000000000E+00  -1.349737E+00  -3.436372E-01   5.418767E-16  -1.230560E-13   5.469354E-16  -1.430980E-14
  9.825000000000E+00  -1.351464E+00  -3.480049E-01  -1.228868E-16  -1.396856E-13   4.537590E-16  -2.180561E-14
  9.830000000000E+00  -1.353223E+00  -3.558538E-01  -8.245655E-16  -1.371169E-13   3.418306E-16  -2.152701E-14
  9.835000000000E+00  -1.355026E+00  -3.657876E-01  -1.460612E-15  -1.137171E-13   2.533277E-16  -1.247818E-14
  9.840000000000E+00  -1.356881E+00  -3.760741E-01  -1.934558E-15  -7.297954E-14   2.266785E-16   2.560587E-15
  9.845000000000E+00  -1.358785E+00  -3.849326E-01  -2.170284E-15  -1.995642E-14   2.840284E-16   2.084685E-14
  9.850000000000E+00  -1.360726E+00  -3.908261E-01  -2.130041E-15   3.552662E-14   4.347069E-16   3.891022E-14
  9.855000000000E+00  -1.362687E+00  -3.927096E-01  -1.826136E-15   8.375973E-14   6.642939E-16   5.158016E-14
  9.860000000000E+00  -1.364646E+00  -3.902012E-01  -1.319115E-15   1.157576E-13   9.379857E-16   5.603850E-14
  9.865000000000E+00  -1.366582E+00  -3.836491E-01  -7.016095E-16   1.274248E-13   1.205813E-15   4.930206E-14
  9.870000000000E+00  -1.368478E+00  -3.740885E-01  -7.876082E-17   1.178682E-13   1.416099E-15   3.319318E-14
  9.875000000000E+00  -1.370321E+00  -3.630928E-01   4.468748E-16   8.965404E-14   1.525706E-15   9.607776E-15
  9.880000000000E+00  -1.372109E+00  -3.525417E-01   8.020421E-16   5.178279E-14   1.508406E-15  -1.654576E-14
  9.885000000000E+00  -1.373850E+00  -3.443348E-01   9.652089E-16   1.418621E-14   1.364067E-15  -4.055264E-14
  9.890000000000E+00  -1.375559E+00  -3.400932E-01   9.581237E-16  -1.504417E-14   1.109091E-15  -6.030191E-14
  9.895000000000E+00  -1.377259E+00  -3.408898E-01   8.323987E-16  -3.297743E-14   7.720551E-16  -7.296185E-14
  9.900000000000E+00  -1.378976E+00  -3.470513E-01   6.483949E-16  -3.857101E-14   3.940395E-16  -7.675083E-14
  9.905000000000E+00  -1.380737E+00  -3.580652E-01   4.618778E-16  -3.464898E-14   1.851839E-17  -7.199960E-14
  9.910000000000E+00  -1.382563E+00  -3.726124E-01   3.090349E-16  -2.626489E-14  -3.151996E-16  -6.098270E-14
  9.915000000000E+00  -1.384466E+00  -3.887289E-01   1.978554E-16  -1.870875E-14  -5.899741E-16  -4.863494E-14
  9.920000000000E+00  -1.386449E+00  -4.040778E-01   1.107141E-16  -1.756923E-14  -8.025648E-16  -3.657506E-14
  9.925000000000E+00  -1.388502E+00  -4.162943E-01   7.385229E-18  -2.568140E-14  -9.570664E-16  -2.522812E-14
  9.930000000000E+00  -1.390603E+00  -4.233504E-01  -1.556136E-16  -4.070474E-14  -1.056016E-15  -1.443196E-14
  9.935000000000E+00  -1.392725E+00  -4.238818E-01  -4.060729E-16  -5.982326E-14  -1.099181E-15  -2.518532E-15
  9.940000000000E+00  -1.394831E+00  -4.174201E-01  -7.507214E-16  -7.708608E-14  -1.076645E-15   1.230950E-14
  9.945000000000E+00  -1.396888E+00  -4.044907E-01  -1.162496E-15  -8.561921E-14  -9.704044E-16   3.056789E-14
  9.950000000000E+00  -1.398868E+00  -3.865581E-01  -1.583675E-15  -8.007531E-14  -7.673617E-16   5.053576E-14
  9.955000000000E+00  -1.400750E+00  -3.658269E-01  -1.936548E-15  -5.811520E-14  -4.671056E-16   6.940994E-14
  9.960000000000E+00  -1.402526E+00  -3.449324E-01  -2.143321E-15  -2.215867E-14  -8.054447E-17   8.386150E-14
  9.965000000000E+00  -1.404203E+00  -3.265719E-01  -2.141885E-15   2.401995E-14   3.584952E-16   8.988072E-14
  9.970000000000E+00  -1.405800E+00  -3.131378E-01  -1.898290E-15   7.300687E-14   7.982063E-16   8.344931E-14
  9.975000000000E+00  -1.407345E+00  -3.064077E-01  -1.422669E-15   1.152638E-13   1.170572E-15   6.325071E-14
  9.980000000000E+00  -1.408876E+00  -3.073332E-01  -7.672903E-16   1.434401E-13   1.410715E-15   3.145228E-14
  9.985000000000E+00  -1.410431E+00  -3.159498E-01  -1.884564E-17   1.525530E-13   1.476155E-15  -6.156067E-15
  9.990000000000E+00  -1.412046E+00  -3.314061E-01   7.259523E-16   1.420294E-13   1.350531E-15  -4.317006E-14
  9.995000000000E+00  -1.413753E+00  -3.520945E-01   1.371796E-15   1.132979E-13   1.056604E-15  -7.234106E-14
  1.000000000000E+01  -1.415572E+00  -3.758525E-01   1.837158E-15   7.101597E-14   6.517727E-16  -8.640973E-14
  1.000500000000E+01  -1.417513E+00  -4.002021E-01   2.071737E-15   2.221692E-14   2.218886E-16  -8.193710E-14
  1.001000000000E+01  -1.419571E+00  -4.225979E-01   2.058003E-15  -2.757810E-14  -1.395767E-16  -5.979614E-14
  1.001500000000E+01  -1.421732E+00  -4.406652E-01   1.802327E-15  -7.334061E-14  -3.525503E-16  -2.357580E-14
  1.002000000000E+01  -1.423968E+00  -4.524148E-01   1.337402E-15  -1.109654E-13  -3.656237E-16   1.842301E-14
  1.002500000000E+01  -1.426243E+00  -4.564298E-01   7.121343E-16  -1.368940E-13  -1.735850E-16   5.713290E-14
  1.003000000000E+01  -1.428518E+00  -4.520172E-01  -6.547571E-18  -1.478157E-13   1.864733E-16   8.422797E-14
  1.003500000000E+01  -1.430750E+00  -4.393150E-01  -7.390037E-16  -1.422302E-13   6.402945E-16   9.381400E-14
  1.004000000000E+01  -1.432900E+00  -4.193394E-01  -1.403529E-15  -1.209573E-13   1.092583E-15   8.372649E-14
  1.004500000000E+01  -1.434935E+00  -3.939523E-01  -1.926712E-15  -8.610713E-14   1.451689E-15   5.732007E-14
  1.005000000000E+01  -1.436835E+00  -3.657317E-01  -2.248261E-15  -4.147669E-14   1.647217E-15   1.954742E-14
  1.005500000000E+01  -1.438593E+00  -3.377397E-01  -2.335796E-15   6.635416E-15   1.642736E-15  -2.122912E-14
  1.006000000000E+01  -1.440218E+00  -3.131944E-01  -2.183060E-15   5.348508E-14   1.442632E-15  -5.674795E-14
  1.006500000000E+01  -1.441735E+00  -2.950798E-01  -1.812596E-15   9.285437E-14   1.095323E-15  -7.968257E-14
  1.007000000000E+01  -1.443183E+00  -2.857421E-01  -1.275642E-15   1.192896E-13   6.700922E-16  -8.755199E-14
  1.007500000000E+01  -1.444609E+00  -2.865364E-01  -6.470940E-16   1.288248E-13   2.433141E-16  -8.093271E-14
  1.008000000000E+01  -1.446065E+00  -2.975888E-01  -1.448538E-17   1.213648E-13  -1.188913E-16  -6.218425E-14
  1.008500000000E+01  -1.447599E+00  -3.177246E-01   5.425038E-16   9.892587E-14  -3.680873E-16  -3.710869E-14
  1.009000000000E+01  -1.449253E+00  -3.445881E-01   9.596833E-16   6.647699E-14  -4.890924E-16  -1.152879E-14
  1.009500000000E+01  -1.451051E+00  -3.749470E-01   1.198108E-15   2.797782E-14  -4.891301E-16   1.059431E-14
  1.010000000000E+01  -1.453002E+00  -4.051365E-01   1.237212E-15  -1.197870E-14  -3.943533E-16   2.578738E-14
  1.010500000000E+01  -1.455096E+00  -4.315731E-01   1.088005E-15  -4.644784E-14  -2.442934E-16   3.279385E-14
  1.011000000000E+01  -1.457307E+00  -4.512519E-01   7.894281E-16  -7.078755E-14  -7.638305E-17   3.326319E-14
  1.011500000000E+01  -1.459594E+00  -4.621446E-01   4.015916E-16  -8.183597E-14   8.029469E-17   2.900701E-14
  1.012000000000E+01  -1.461913E+00  -4.634341E-01  -1.061876E-17  -8.105133E-14   2.122169E-16   2.404862E-14
  1.012500000000E+01  -1.464214E+00  -4.555539E-01  -3.892437E-16  -6.860963E-14   3.227011E-16   2.064754E-14
  1.013000000000E+01  -1.466456E+00  -4.400364E-01  -6.851000E-16  -4.915113E-14   4.238529E-16   2.053896E-14
  1.013500000000E+01  -1.468606E+00  -4.192108E-01  -8.766446E-16  -2.738365E-14   5.317325E-16   2.265347E-14
  1.014000000000E+01  -1.470644E+00  -3.958139E-01  -9.602190E-16  -6.386314E-15   6.505390E-16   2.472798E-14
  1.014500000000E+01  -1.472564E+00  -3.725862E-01  -9.477219E-16   1.013940E-14   7.734159E-16   2.398504E-14
  1.015000000000E+01  -1.474374E+00  -3.519223E-01  -8.699890E-16   1.987399E-14   8.865033E-16   2.070826E-14
  1.015500000000E+01  -1.476091E+00  -3.356236E-01  -7.554452E-16   2.492131E-14   9.746836E-16   1.432043E-14
  1.016000000000E+01  -1.477739E+00  -3.247760E-01  -6.322745E-16   2.312268E-14   1.026057E-15   5.722357E-15
  1.016500000000E+01  -1.479348E+00  -3.197494E-01  -5.324598E-16   1.595727E-14   1.028555E-15  -5.060235E-15
  1.017000000000E+01  -1.480945E+00  -3.202919E-01  -4.748565E-16   6.827426E-15   9.773764E-16  -1.545421E-14
  1.017500000000E+01  -1.482558E+00  -3.256831E-01  -4.643992E-16  -2.240913E-15   8.756849E-16  -2.499739E-14
  1.018000000000E+01  -1.484208E+00  -3.349041E-01  -4.931598E-16  -8.616930E-15   7.306044E-16  -3.292467E-14
  1.018500000000E+01  -1.485912E+00  -3.467951E-01  -5.443356E-16  -1.098885E-14   5.475112E-16  -3.976398E-14
  1.019000000000E+01  -1.487679E+00  -3.601790E-01  -5.936603E-16  -7.715873E-15   3.338475E-16  -4.576034E-14
  1.019500000000E+01  -1.489514E+00  -3.739468E-01  -6.139318E-16   4.787609E-16   9.043068E-17  -5.140381E-14
  1.020000000000E+01  -1.491417E+00  -3.871102E-01  -5.827811E-16   1.297556E-14  -1.820307E-16  -5.754518E-14
  1.020500000000E+01  -1.493383E+00  -3.988320E-01  -4.763987E-16   3.008178E-14  -4.829023E-16  -6.259930E-14
  1.021000000000E+01  -1.495402E+00  -4.084460E-01  -2.780661E-16   4.929970E-14  -8.012630E-16  -6.400445E-14
  1.021500000000E+01  -1.497463E+00  -4.154746E-01   1.453458E-17   6.732625E-14  -1.113730E-15  -5.943753E-14
  1.022000000000E+01  -1.499552E+00  -4.196434E-01   3.873298E-16   8.051940E-14  -1.380724E-15  -4.597393E-14
  1.022500000000E+01  -1.501655E+00  -4.208905E-01   8.027936E-16   8.351789E-14  -1.557432E-15  -2.311433E-14
  1.023000000000E+01  -1.503757E+00  -4.193635E-01   1.199954E-15   7.298996E-14  -1.599286E-15   7.358962E-15
  1.023500000000E+01  -1.505845E+00  -4.153985E-01   1.511636E-15   4.947525E-14  -1.479531E-15   4.059326E-14
  1.024000000000E+01  -1.507908E+00  -4.094805E-01   1.674743E-15   1.348272E-14  -1.198958E-15   7.019074E-14
  1.024500000000E+01  -1.509937E+00  -4.021870E-01   1.635013E-15  -3.026797E-14  -7.909274E-16   9.112228E-14
  1.025000000000E+01  -1.511928E+00  -3.941251E-01   1.365955E-15  -7.740857E-14  -3.071744E-16   9.996967E-14
  1.025500000000E+01  -1.513878E+00  -3.858706E-01   8.682934E-16  -1.201979E-13   1.859368E-16   9.460838E-14
  1.026000000000E+01  -1.515787E+00  -3.779203E-01   1.819955E-16  -1.521318E-13   6.147453E-16   7.491625E-14
  1.026500000000E+01  -1.517658E+00  -3.706643E-01  -6.261187E-16  -1.673111E-13   9.209335E-16   4.666035E-14
  1.027000000000E+01  -1.519496E+00  -3.643807E-01  -1.457880E-15  -1.617957E-13   1.081990E-15   1.831086E-14
  1.027500000000E+01  -1.521304E+00  -3.592498E-01  -2.212104E-15  -1.361798E-13   1.117421E-15  -2.147063E-15
  1.028000000000E+01  -1.523090E+00  -3.553829E-01  -2.789806E-15  -9.185286E-14   1.079219E-15  -1.075728E-14
  1.028500000000E+01  -1.524860E+00  -3.528567E-01  -3.107875E-15  -3.401386E-14   1.033695E-15  -5.027374E-15
  1.029000000000E+01  -1.526621E+00  -3.517453E-01  -3.122763E-15   2.819110E-14   1.048100E-15   1.239879E-14
  1.029500000000E+01  -1.528380E+00  -3.521425E-01  -2.828075E-15   8.900159E-14   1.164448E-15   3.433187E-14
  1.030000000000E+01  -1.530145E+00  -3.541693E-01  -2.249334E-15   1.403102E-13   1.385409E-15   5.252812E-14
  1.030500000000E+01  -1.531924E+00  -3.579624E-01  -1.448192E-15   1.772140E-13   1.668777E-15   5.814516E-14
  1.031000000000E+01  -1.533728E+00  -3.636441E-01  -5.060729E-16   1.962764E-13   1.938561E-15   4.625387E-14
  1.031500000000E+01  -1.535564E+00  -3.712729E-01   4.802532E-16   1.941623E-13   2.098369E-15   1.374394E-14
  1.032000000000E+01  -1.537443E+00  -3.807806E-01   1.403375E-15   1.716183E-13   2.047691E-15  -3.632289E-14
  1.032500000000E+01  -1.539374E+00  -3.919045E-01   2.168691E-15   1.316827E-13   1.723154E-15  -9.406269E-14
  1.033000000000E+01  -1.541364E+00  -4.041267E-01   2.698910E-15   7.890908E-14   1.114578E-15  -1.474120E-13
  1.033500000000E+01  -1.543416E+00  -4.166383E-01   2.946088E-15   1.900680E-14   2.749956E-16  -1.844260E-13
  1.034000000000E+01  -1.545529E+00  -4.283456E-01   2.888734E-15  -4.106997E-14  -6.856629E-16  -1.943485E-13
  1.034500000000E+01  -1.547696E+00  -4.379348E-01   2.545995E-15  -9.468152E-14  -1.614248E-15  -1.710339E-13
  1.035000000000E+01  -1.549903E+00  -4.440004E-01   1.961147E-15  -1.364121E-13  -2.344469E-15  -1.157586E-13
  1.035500000000E+01  -1.552129E+00  -4.452334E-01   1.207516E-15  -1.621188E-13  -2.732267E-15  -3.575069E-14
  1.036000000000E+01  -1.554346E+00  -4.406478E-01   3.709988E-16  -1.690981E-13  -2.683774E-15   5.566632E-14
  1.036500000000E+01  -1.556525E+00  -4.298102E-01  -4.546588E-16  -1.580149E-13  -2.183595E-15   1.418413E-13
  1.037000000000E+01  -1.558635E+00  -4.130266E-01  -1.181549E-15  -1.298309E-13  -1.302527E-15   2.054489E-13
  1.037500000000E+01  -1.560647E+00  -3.914408E-01  -1.731862E-15  -8.822968E-14  -1.867303E-16   2.335205E-13
  1.038000000000E+01  -1.562544E+00  -3.670064E-01  -2.054247E-15  -4.025314E-14   9.665349E-16   2.205327E-13
  1.038500000000E+01  -1.564317E+00  -3.423160E-01  -2.133575E-15   8.234256E-15   1.957931E-15   1.700244E-13
  1.039000000000E+01  -1.565972E+00  -3.202981E-01  -1.981241E-15   5.149356E-14   2.624461E-15   9.299534E-14
  1.039500000000E+01  -1.567529E+00  -3.038200E-01  -1.636015E-15   8.491240E-14   2.870474E-15   4.550088E-15
  1.040000000000E+01  -1.569023E+00  -2.952599E-01  -1.151913E-15   1.061060E-13   2.677520E-15  -7.955827E-14
  1.040500000000E+01  -1.570497E+00  -2.961251E-01  -5.986077E-16   1.126707E-13   2.108044E-15  -1.436030E-13
  1.041000000000E+01  -1.572000E+00  -3.067853E-01  -4.751869E-17   1.053476E-13   1.292851E-15  -1.764937E-13
  1.041500000000E+01  -1.573579E+00  -3.263784E-01   4.378615E-16   8.724024E-14   3.964207E-16  -1.757694E-13
  1.042000000000E+01  -1.575275E+00  -3.529078E-01   8.117473E-16   6.133269E-14  -4.140930E-16  -1.432901E-13
  1.042500000000E+01  -1.577115E+00  -3.835171E-01   1.046538E-15   3.199149E-14  -9.994982E-16  -8.735483E-14
  1.043000000000E+01  -1.579111E+00  -4.148930E-01   1.131501E-15   2.463127E-15  -1.265715E-15  -1.830023E-14
  1.043500000000E+01  -1.581259E+00  -4.437202E-01   1.078254E-15  -2.276808E-14  -1.184997E-15   4.903203E-14
  1.044000000000E+01  -1.583539E+00  -4.671085E-01   9.124183E-16  -4.228142E-14  -8.007542E-16   1.011162E-13
  1.044500000000E+01  -1.585918E+00  -4.829198E-01   6.669348E-16  -5.464517E-14  -2.116012E-16   1.293457E-13
  1.045000000000E+01  -1.588355E+00  -4.899490E-01   3.754093E-16  -6.080590E-14   4.461648E-16   1.285670E-13
  1.045500000000E+01  -1.590803E+00  -4.879476E-01   6.906812E-17  -6.076349E-14   1.028501E-15   9.955819E-14
  1.046000000000E+01  -1.593221E+00  -4.775134E-01  -2.262353E-16  -5.693732E-14   1.407490E-15   4.931920E-14
  1.046500000000E+01  -1.595567E+00  -4.598921E-01  -4.956029E-16  -5.014078E-14   1.505925E-15  -1.082228E-14
  1.047000000000E+01  -1.597811E+00  -4.367530E-01  -7.247284E-16  -4.117921E-14   1.303662E-15  -6.870282E-14
  1.047500000000E+01  -1.599929E+00  -4.099894E-01  -9.101517E-16  -3.308146E-14   8.407416E-16  -1.132119E-13
  1.048000000000E+01  -1.601908E+00  -3.815791E-01  -1.058222E-15  -2.609336E-14   2.094258E-16  -1.346356E-13
  1.048500000000E+01  -1.603745E+00  -3.535106E-01  -1.169996E-15  -1.850386E-14  -4.614986E-16  -1.289536E-13
  1.049000000000E+01  -1.605447E+00  -3.277547E-01  -1.238004E-15  -8.059453E-15  -1.040626E-15  -9.879963E-14
  1.049500000000E+01  -1.607029E+00  -3.062439E-01  -1.246032E-15   6.026620E-15  -1.422655E-15  -5.164097E-14
  1.050000000000E+01  -1.608519E+00  -2.908180E-01  -1.170622E-15   2.501979E-14  -1.543020E-15   4.117184E-15
  1.050500000000E+01  -1.609950E+00  -2.831061E-01  -9.926026E-16   4.592729E-14  -1.386135E-15   5.659642E-14
  1.051000000000E+01  -1.611364E+00  -2.843401E-01  -7.146535E-16   6.513305E-14  -9.995910E-16   9.472625E-14
  1.051500000000E+01  -1.612809E+00  -2.951225E-01  -3.443569E-16   8.194495E-14  -4.733391E-16   1.118374E-13
  1.052000000000E+01  -1.614330E+00  -3.151992E-01   9.072956E-17   9.021676E-14   8.387897E-17   1.068883E-13
  1.052500000000E+01  -1.615974E+00  -3.432985E-01   5.399464E-16   8.753899E-14   5.562608E-16   7.864808E-14
  1.053000000000E+01  -1.617773E+00  -3.770985E-01   9.478073E-16   7.350681E-14   8.451342E-16   3.465119E-14
  1.053500000000E+01  -1.619748E+00  -4.133630E-01   1.255904E-15   4.804022E-14   8.954262E-16  -1.419051E-14
  1.054000000000E+01  -1.621904E+00  -4.482539E-01   1.417773E-15   1.585590E-14   7.156991E-16  -5.539138E-14
  1.054500000000E+01  -1.624222E+00  -4.777875E-01   1.409067E-15  -1.943607E-14   3.705970E-16  -7.856102E-14
  1.055000000000E+01  -1.626668E+00  -4.983699E-01   1.228147E-15  -5.216574E-14  -3.164845E-17  -7.800953E-14
  1.055500000000E+01  -1.629187E+00  -5.073215E-01   8.993132E-16  -7.762359E-14  -3.711342E-16  -5.396694E-14
  1.056000000000E+01  -1.631720E+00  -5.032967E-01   4.729729E-16  -9.056335E-14  -5.434920E-16  -1.251890E-14
  1.056500000000E+01  -1.634200E+00  -4.865210E-01   1.371494E-17  -9.057110E-14  -4.843419E-16   3.675213E-14
  1.057000000000E+01  -1.636568E+00  -4.587982E-01  -4.134238E-16  -7.798318E-14  -1.774208E-16   8.473160E-14
  1.057500000000E+01  -1.638775E+00  -4.232839E-01  -7.481203E-16  -5.447595E-14   3.426761E-16   1.199240E-13
  1.058000000000E+01  -1.640794E+00  -3.840610E-01  -9.491113E-16  -2.536424E-14   9.882838E-16   1.344591E-13
  1.058500000000E+01  -1.642617E+00  -3.455897E-01  -1.003341E-15   3.146872E-15   1.644851E-15   1.234636E-13
  1.059000000000E+01  -1.644258E+00  -3.121222E-01  -9.233511E-16   2.816544E-14   2.183966E-15   8.843771E-14
  1.059500000000E+01  -1.645752E+00  -2.871739E-01  -7.296503E-16   4.784492E-14   2.502125E-15   3.674642E-14
  1.060000000000E+01  -1.647148E+00  -2.731278E-01  -4.590895E-16   5.883144E-14   2.538283E-15  -2.224280E-14
  1.060500000000E+01  -1.648503E+00  -2.710197E-01  -1.535254E-16   6.226645E-14   2.288053E-15  -7.612362E-14
  1.061000000000E+01  -1.649876E+00  -2.805184E-01   1.535215E-16   5.946039E-14   1.797589E-15  -1.169666E-13
  1.061500000000E+01  -1.651324E+00  -3.000820E-01   4.356757E-16   5.290207E-14   1.149977E-15  -1.384246E-13
  1.062000000000E+01  -1.652889E+00  -3.272451E-01   6.791473E-16   4.406404E-14   4.481437E-16  -1.386546E-13
  1.062500000000E+01  -1.654604E+00  -3.589789E-01   8.730698E-16   3.337250E-14  -2.076820E-16  -1.208227E-13
  1.063000000000E+01  -1.656481E+00  -3.920640E-01   1.010147E-15   2.077592E-14  -7.395428E-16  -9.029872E-14
  1.063500000000E+01  -1.658522E+00  -4.234246E-01   1.072958E-15   3.788397E-15  -1.101981E-15  -5.460487E-14
  1.064000000000E+01  -1.660709E+00  -4.503896E-01   1.040338E-15  -1.740311E-14  -1.285961E-15  -1.978468E-14
  1.064500000000E+01  -1.663015E+00  -4.708647E-01   8.968379E-16  -4.036336E-14  -1.311083E-15   8.162620E-15
  1.065000000000E+01  -1.665405E+00  -4.834204E-01   6.369558E-16  -6.313264E-14  -1.217088E-15   2.807334E-14
  1.065500000000E+01  -1.667835E+00  -4.873083E-01   2.716398E-16  -8.197894E-14  -1.043569E-15   3.981961E-14
  1.066000000000E+01  -1.670264E+00  -4.824311E-01  -1.714109E-16  -9.347571E-14  -8.261114E-16   4.663177E-14
  1.066500000000E+01  -1.672646E+00  -4.692872E-01  -6.414197E-16  -9.235766E-14  -5.808069E-16   5.159159E-14
  1.067000000000E+01  -1.674945E+00  -4.489061E-01  -1.074303E-15  -7.841299E-14  -3.095382E-16   5.715148E-14
  1.067500000000E+01  -1.677126E+00  -4.227833E-01  -1.407655E-15  -5.306894E-14  -8.773507E-18   6.316998E-14
  1.068000000000E+01  -1.679166E+00  -3.928115E-01  -1.591923E-15  -1.968574E-14   3.208500E-16   6.783263E-14
  1.068500000000E+01  -1.681052E+00  -3.611988E-01  -1.600520E-15   1.589966E-14   6.630349E-16   6.817409E-14
  1.069000000000E+01  -1.682780E+00  -3.303616E-01  -1.440518E-15   4.711486E-14   9.888781E-16   6.035254E-14
  1.069500000000E+01  -1.684361E+00  -3.027803E-01  -1.143373E-15   7.010328E-14   1.249338E-15   4.156694E-14
  1.070000000000E+01  -1.685816E+00  -2.808144E-01  -7.592436E-16   8.129346E-14   1.386403E-15   1.069504E-14
  1.070500000000E+01  -1.687181E+00  -2.664842E-01  -3.494526E-16   8.047521E-14   1.339667E-15  -3.029939E-14
  1.071000000000E+01  -1.688496E+00  -2.612395E-01   2.870192E-17   6.937541E-14   1.079085E-15  -7.365835E-14
  1.071500000000E+01  -1.689809E+00  -2.657484E-01   3.311868E-16   5.079725E-14   6.126846E-16  -1.112838E-13
  1.072000000000E+01  -1.691169E+00  -2.797423E-01   5.369042E-16   3.187201E-14  -1.140765E-17  -1.348714E-13
  1.072500000000E+01  -1.692620E+00  -3.019588E-01   6.548733E-16   1.640478E-14  -7.021928E-16  -1.373717E-13
  1.073000000000E+01  -1.694198E+00  -3.302075E-01   7.137283E-16   8.346769E-15  -1.347624E-15  -1.165515E-13
  1.073500000000E+01  -1.695927E+00  -3.615720E-01   7.499267E-16   7.092727E-15  -1.831220E-15  -7.338403E-14
  1.074000000000E+01  -1.697813E+00  -3.927330E-01   7.907744E-16   9.822932E-15  -2.057159E-15  -1.505631E-14
  1.074500000000E+01  -1.699848E+00  -4.203747E-01   8.509369E-16   1.412340E-14  -1.970728E-15   4.975139E-14
  1.075000000000E+01  -1.702007E+00  -4.416161E-01   9.228187E-16   1.336590E-14  -1.573204E-15   1.070547E-13
  1.075500000000E+01  -1.704251E+00  -4.543953E-01   9.750310E-16   6.296179E-15  -9.252703E-16   1.484628E-13
  1.076000000000E+01  -1.706536E+00  -4.577397E-01   9.704695E-16  -9.863666E-15  -1.264105E-16   1.661911E-13
  1.076500000000E+01  -1.708814E+00  -4.518698E-01   8.610344E-16  -3.548580E-14   6.950304E-16   1.575630E-13
  1.077000000000E+01  -1.711042E+00  -4.381139E-01   6.062728E-16  -6.723173E-14   1.407291E-15   1.234593E-13
  1.077500000000E+01  -1.713185E+00  -4.186475E-01   1.869702E-16  -1.000415E-13   1.903231E-15   7.231240E-14
  1.078000000000E+01  -1.715223E+00  -3.961042E-01  -3.814540E-16  -1.250673E-13   2.116651E-15   1.210733E-14
  1.078500000000E+01  -1.717146E+00  -3.731337E-01  -1.036695E-15  -1.334278E-13   2.028239E-15  -4.628111E-14
  1.079000000000E+01  -1.718957E+00  -3.519934E-01  -1.679253E-15  -1.191675E-13   1.669848E-15  -9.463704E-14
  1.079500000000E+01  -1.720671E+00  -3.342502E-01  -2.191924E-15  -8.207440E-14   1.106127E-15  -1.273234E-13
  1.080000000000E+01  -1.722307E+00  -3.206493E-01  -2.467529E-15  -2.520552E-14   4.281047E-16  -1.403448E-13
  1.080500000000E+01  -1.723884E+00  -3.111643E-01  -2.423259E-15   4.423574E-14  -2.671266E-16  -1.347107E-13
  1.081000000000E+01  -1.725424E+00  -3.052052E-01  -2.022852E-15   1.148580E-13  -8.946578E-16  -1.139213E-13
  1.081500000000E+01  -1.726941E+00  -3.019238E-01  -1.293506E-15   1.737887E-13  -1.388107E-15  -8.219070E-14
  1.082000000000E+01  -1.728446E+00  -3.005368E-01  -3.208331E-16   2.103870E-13  -1.712030E-15  -4.705191E-14
  1.082500000000E+01  -1.729948E+00  -3.005813E-01   7.636685E-16   2.174955E-13  -1.857272E-15  -1.117589E-14
  1.083000000000E+01  -1.731454E+00  -3.020417E-01   1.798682E-15   1.905785E-13  -1.829298E-15   2.128546E-14
  1.083500000000E+01  -1.732972E+00  -3.053155E-01   2.619123E-15   1.327283E-13  -1.652292E-15   4.839339E-14
  1.084000000000E+01  -1.734511E+00  -3.110305E-01   3.089576E-15   5.245927E-14  -1.357713E-15   6.810552E-14
  1.084500000000E+01  -1.736087E+00  -3.197633E-01   3.130116E-15  -3.599582E-14  -9.842187E-16   7.943531E-14
  1.085000000000E+01  -1.737714E+00  -3.317350E-01   2.738856E-15  -1.185929E-13  -5.748937E-16   8.268066E-14
  1.085500000000E+01  -1.739409E+00  -3.465657E-01   1.972408E-15  -1.835142E-13  -1.720908E-16   7.690718E-14
  1.086000000000E+01  -1.741183E+00  -3.631601E-01   9.511746E-16  -2.192706E-13   1.793436E-16   6.250705E-14
  1.086500000000E+01  -1.743040E+00  -3.797595E-01  -1.660765E-16  -2.217504E-13   4.448731E-16   4.277707E-14
  1.087000000000E+01  -1.744977E+00  -3.941618E-01  -1.213952E-15  -1.921543E-13   6.026667E-16   2.020392E-14
  1.087500000000E+01  -1.746975E+00  -4.040668E-01  -2.049507E-15  -1.382228E-13   6.494197E-16  -9.526487E-16
  1.088000000000E+01  -1.749007E+00  -4.074772E-01  -2.569714E-15  -6.850642E-14   6.022798E-16  -1.638003E-14
  1.088500000000E+01  -1.751037E+00  -4.030718E-01  -2.733230E-15   2.435729E-15   4.991409E-16  -2.311575E-14
  1.089000000000E+01  -1.753025E+00  -3.904737E-01  -2.558601E-15   6.498998E-14   3.849194E-16  -2.099195E-14
  1.089500000000E+01  -1.754930E+00  -3.703616E-01  -2.110415E-15   1.109465E-13   3.029786E-16  -1.043581E-14
  1.090000000000E+01  -1.756719E+00  -3.444054E-01  -1.481801E-15   1.367773E-13   2.898337E-16   5.878803E-15
  1.090500000000E+01  -1.758368E+00  -3.150438E-01  -7.765069E-16   1.419150E-13   3.625367E-16   2.265347E-14
  1.091000000000E+01  -1.759868E+00  -2.851524E-01  -8.997675E-17   1.299143E-13   5.083647E-16   3.429187E-14
  1.091500000000E+01  -1.761224E+00  -2.576665E-01   5.051614E-16   1.070403E-13   6.904738E-16   3.689143E-14
  1.092000000000E+01  -1.762453E+00  -2.352250E-01   9.748486E-16   8.097306E-14   8.608344E-16   2.903702E-14
  1.092500000000E+01  -1.763587E+00  -2.198880E-01   1.318750E-15   5.691131E-14   9.606660E-16   8.853409E-15
  1.093000000000E+01  -1.764665E+00  -2.129589E-01   1.550546E-15   3.673647E-14   9.351498E-16  -2.026330E-14
  1.093500000000E+01  -1.765731E+00  -2.149162E-01   1.693571E-15   2.075869E-14   7.535196E-16  -5.226818E-14
  1.094000000000E+01  -1.766828E+00  -2.254380E-01   1.758778E-15   5.246482E-15   4.195002E-16  -7.976615E-14
  1.094500000000E+01  -1.767998E+00  -2.434924E-01   1.745094E-15  -1.112828E-14  -2.289244E-17  -9.399947E-14
  1.095000000000E+01  -1.769273E+00  -2.674607E-01   1.640057E-15  -3.180055E-14  -4.917057E-16  -9.045016E-14
  1.095500000000E+01  -1.770678E+00  -2.952714E-01   1.419811E-15  -5.731370E-14  -8.970265E-16  -6.877925E-14
  1.096000000000E+01  -1.772228E+00  -3.245346E-01   1.058463E-15  -8.802213E-14  -1.158576E-15  -3.389977E-14
  1.096500000000E+01  -1.773922E+00  -3.526765E-01   5.406235E-16  -1.186185E-13  -1.224690E-15   7.521123E-15
  1.097000000000E+01  -1.775749E+00  -3.770875E-01  -1.193063E-16  -1.438719E-13  -1.088330E-15   4.567810E-14
  1.097500000000E+01  -1.777683E+00  -3.952931E-01  -8.784603E-16  -1.568845E-13  -7.844067E-16   7.339680E-14
  1.098000000000E+01  -1.779688E+00  -4.051543E-01  -1.657463E-15  -1.508594E-13  -3.797800E-16   8.514521E-14
  1.098500000000E+01  -1.781719E+00  -4.050889E-01  -2.352876E-15  -1.235191E-13   3.392471E-17   7.724650E-14
  1.099000000000E+01  -1.783722E+00  -3.942907E-01  -2.860607E-15  -7.651988E-14   3.687938E-16   5.446404E-14
  1.099500000000E+01  -1.785644E+00  -3.729143E-01  -3.095348E-15  -1.542029E-14   5.667239E-16   2.421578E-14
  1.100000000000E+01  -1.787436E+00  -3.421840E-01  -3.005597E-15   5.179490E-14   6.123789E-16  -5.293117E-15
  1.100500000000E+01  -1.789055E+00  -3.043914E-01  -2.582753E-15   1.157588E-13   5.278085E-16  -2.636325E-14
  1.101000000000E+01  -1.790474E+00  -2.627598E-01  -1.869940E-15   1.665269E-13   3.719290E-16  -3.306969E-14
  1.101500000000E+01  -1.791683E+00  -2.211694E-01  -9.516492E-16   1.964734E-13   2.183582E-16  -2.652684E-14
  1.102000000000E+01  -1.792692E+00  -1.837670E-01   5.145046E-17   2.001002E-13   1.191591E-16  -1.199884E-14
  1.102500000000E+01  -1.793533E+00  -1.544981E-01   1.008606E-15   1.786759E-13   1.035232E-16   5.395893E-15
  1.103000000000E+01  -1.794255E+00  -1.366235E-01   1.804522E-15   1.363591E-13   1.600123E-16   1.549913E-14
  1.103500000000E+01  -1.794921E+00  -1.322833E-01   2.350823E-15   8.061255E-14   2.358792E-16   1.191517E-14
  1.104000000000E+01  -1.795601E+00  -1.421763E-01   2.604161E-15   2.118715E-14   2.523225E-16  -8.085204E-15
  1.104500000000E+01  -1.796364E+00  -1.654016E-01   2.571514E-15  -3.275354E-14   1.345014E-16  -4.071480E-14
  1.105000000000E+01  -1.797273E+00  -1.994974E-01   2.293928E-15  -7.572427E-14  -1.630292E-16  -7.804418E-14
  1.105500000000E+01  -1.798371E+00  -2.406786E-01   1.837188E-15  -1.042242E-13  -6.363158E-16  -1.090704E-13
  1.106000000000E+01  -1.799683E+00  -2.842519E-01   1.276757E-15  -1.177201E-13  -1.226431E-15  -1.227944E-13
  1.106500000000E+01  -1.801209E+00  -3.251580E-01   6.758311E-16  -1.210580E-13  -1.821903E-15  -1.102516E-13
  1.107000000000E+01  -1.802923E+00  -3.585756E-01   7.903348E-17  -1.163436E-13  -2.281384E-15  -6.878211E-14
  1.107500000000E+01  -1.804776E+00  -3.805062E-01  -4.822564E-16  -1.073289E-13  -2.471602E-15  -3.864391E-15
  1.108000000000E+01  -1.806705E+00  -3.882636E-01  -9.862764E-16  -9.374862E-14  -2.297741E-15   7.443263E-14
  1.108500000000E+01  -1.808635E+00  -3.807997E-01  -1.413804E-15  -7.671453E-14  -1.734296E-15   1.485756E-13
  1.109000000000E+01  -1.810490E+00  -3.588237E-01  -1.747013E-15  -5.572586E-14  -8.450496E-16   2.017621E-13
  1.109500000000E+01  -1.812203E+00  -3.246952E-01  -1.964524E-15  -3.038224E-14   2.272027E-16   2.199276E-13
  1.110000000000E+01  -1.813723E+00  -2.821095E-01  -2.041130E-15   3.308979E-16   1.289434E-15   1.978131E-13
  1.110500000000E+01  -1.815018E+00  -2.356186E-01  -1.957874E-15   3.316440E-14   2.141249E-15   1.368786E-13
  1.111000000000E+01  -1.816081E+00  -1.900575E-01  -1.709366E-15   6.616113E-14   2.615071E-15   4.932206E-14
  1.111500000000E+01  -1.816927E+00  -1.499571E-01  -1.300918E-15   9.640680E-14   2.619816E-15  -4.730979E-14
  1.112000000000E+01  -1.817595E+00  -1.190251E-01  -7.593095E-16   1.181018E-13   2.157139E-15  -1.341192E-13
  1.112500000000E+01  -1.818136E+00  -9.976181E-02  -1.434765E-16   1.251214E-13   1.322480E-15  -1.937334E-13
  1.113000000000E+01  -1.818613E+00  -9.325442E-02   4.640024E-16   1.148316E-13   2.816373E-16  -2.151522E-13
  1.113500000000E+01  -1.819089E+00  -9.916334E-02   9.788478E-16   8.800226E-14  -7.630346E-16  -1.954879E-13
  1.114000000000E+01  -1.819622E+00  -1.158836E-01   1.322043E-15   4.733686E-14  -1.618125E-15  -1.411128E-13
  1.114500000000E+01  -1.820261E+00  -1.408400E-01   1.441027E-15  -1.721209E-16  -2.143031E-15  -6.637078E-14
  1.115000000000E+01  -1.821039E+00  -1.708588E-01   1.323382E-15  -4.567236E-14  -2.277209E-15   1.167836E-14
  1.115500000000E+01  -1.821972E+00  -2.025573E-01   9.994206E-16  -8.168367E-14  -2.044229E-15   7.809731E-14
  1.116000000000E+01  -1.823062E+00  -2.326986E-01   5.292947E-16  -1.033728E-13  -1.535295E-15   1.206465E-13
  1.116500000000E+01  -1.824292E+00  -2.584759E-01  -6.284371E-18  -1.074498E-13  -8.812630E-16   1.358843E-13
  1.117000000000E+01  -1.825636E+00  -2.777099E-01  -5.169932E-16  -9.376525E-14  -2.154239E-16   1.268476E-13
  1.117500000000E+01  -1.827056E+00  -2.889590E-01  -9.208101E-16  -6.585721E-14   3.605684E-16   1.012269E-13
  1.118000000000E+01  -1.828512E+00  -2.915563E-01  -1.160972E-15  -2.919302E-14   7.876131E-16   6.999000E-14
  1.118500000000E+01  -1.829958E+00  -2.855913E-01  -1.209817E-15   9.587852E-15   1.069267E-15   4.407149E-14
  1.119000000000E+01  -1.831355E+00  -2.718497E-01  -1.072035E-15   4.434306E-14   1.246070E-15   2.903916E-14
  1.119500000000E+01  -1.832667E+00  -2.517235E-01  -7.804667E-16   7.023781E-14   1.380350E-15   2.672391E-14
  1.120000000000E+01  -1.833865E+00  -2.270903E-01  -3.904357E-16   8.345596E-14   1.526913E-15   3.317246E-14
  1.120500000000E+01  -1.834934E+00  -2.001621E-01   3.598223E-17   8.511495E-14   1.716908E-15   4.246561E-14
  1.121000000000E+01  -1.835867E+00  -1.732998E-01   4.421358E-16   7.525692E-14   1.939998E-15   4.481372E-14
  1.121500000000E+01  -1.836671E+00  -1.488017E-01   7.759386E-16   5.746105E-14   2.144639E-15   3.392754E-14
  1.122000000000E+01  -1.837362E+00  -1.286771E-01   1.010190E-15   3.615659E-14   2.253257E-15   6.388858E-15
  1.122500000000E+01  -1.837967E+00  -1.144347E-01   1.139775E-15   1.577752E-14   2.185141E-15  -3.612001E-14
  1.123000000000E+01  -1.838517E+00  -1.069138E-01   1.170369E-15  -3.184419E-15   1.879474E-15  -8.675833E-14
  1.123500000000E+01  -1.839047E+00  -1.061919E-01   1.110474E-15  -2.048012E-14   1.317725E-15  -1.368452E-13
  1.124000000000E+01  -1.839589E+00  -1.115905E-01   9.646229E-16  -3.812565E-14   5.314656E-16  -1.743821E-13
  1.124500000000E+01  -1.840170E+00  -1.217850E-01   7.274293E-16  -5.708459E-14  -3.909759E-16  -1.898273E-13
  1.125000000000E+01  -1.840812E+00  -1.350075E-01   3.936084E-16  -7.634045E-14  -1.321603E-15  -1.771731E-13
  1.125500000000E+01  -1.841522E+00  -1.493087E-01  -3.425397E-17  -9.428728E-14  -2.118323E-15  -1.367759E-13
  1.126000000000E+01  -1.842303E+00  -1.628363E-01  -5.450494E-16  -1.088911E-13  -2.654918E-15  -7.491849E-14
  1.126500000000E+01  -1.843147E+00  -1.740798E-01  -1.105739E-15  -1.133081E-13  -2.845077E-15  -1.672068E-16
  1.127000000000E+01  -1.844039E+00  -1.820406E-01  -1.656243E-15  -1.039577E-13  -2.657147E-15   7.434012E-14
  1.127500000000E+01  -1.844961E+00  -1.863009E-01  -2.118507E-15  -7.792899E-14  -2.120647E-15   1.369169E-13
  1.128000000000E+01  -1.845896E+00  -1.869860E-01  -2.412311E-15  -3.726941E-14  -1.322153E-15   1.778016E-13
  1.128500000000E+01  -1.846826E+00  -1.846382E-01  -2.472576E-15   1.493180E-14  -3.856558E-16   1.917460E-13
  1.129000000000E+01  -1.847739E+00  -1.800336E-01  -2.254539E-15   7.243684E-14   5.503475E-16   1.776238E-13
  1.129500000000E+01  -1.848624E+00  -1.739868E-01  -1.755050E-15   1.258263E-13   1.352378E-15   1.390282E-13
  1.130000000000E+01  -1.849478E+00  -1.671828E-01  -1.017188E-15   1.663565E-13   1.912102E-15   8.239277E-14
  1.130500000000E+01  -1.850296E+00  -1.600688E-01  -1.223051E-16   1.871965E-13   2.159256E-15   1.551984E-14
  1.131000000000E+01  -1.851078E+00  -1.528207E-01   8.095062E-16   1.806920E-13   2.070055E-15  -4.982721E-14
  1.131500000000E+01  -1.851824E+00  -1.453817E-01   1.642547E-15   1.478611E-13   1.678839E-15  -1.036887E-13
  1.132000000000E+01  -1.852531E+00  -1.375562E-01   2.252765E-15   9.292000E-14   1.065118E-15  -1.379253E-13
  1.132500000000E+01  -1.853198E+00  -1.291313E-01   2.549397E-15   2.415175E-14   3.360903E-16  -1.493487E-13
  1.133000000000E+01  -1.853821E+00  -1.199969E-01   2.489999E-15  -4.736360E-14  -3.918832E-16  -1.382739E-13
  1.133500000000E+01  -1.854397E+00  -1.102379E-01   2.088358E-15  -1.110179E-13  -1.017573E-15  -1.090857E-13
  1.134000000000E+01  -1.854923E+00  -1.001830E-01   1.409114E-15  -1.568270E-13  -1.461637E-15  -6.708693E-14
  1.134500000000E+01  -1.855399E+00  -9.040145E-02   5.608233E-16  -1.776362E-13  -1.682556E-15  -2.127984E-14
  1.135000000000E+01  -1.855829E+00  -8.165227E-02  -3.252256E-16  -1.722389E-13  -1.678694E-15   2.183124E-14
  1.135500000000E+01  -1.856219E+00  -7.479426E-02  -1.122398E-15  -1.430283E-13  -1.483636E-15   5.397756E-14
  1.136000000000E+01  -1.856581E+00  -7.067183E-02  -1.730803E-15  -9.820835E-14  -1.161528E-15   7.211773E-14
  1.136500000000E+01  -1.856931E+00  -6.999100E-02  -2.090676E-15  -4.513985E-14  -7.836881E-16   7.720185E-14
  1.137000000000E+01  -1.857287E+00  -7.320066E-02  -2.184937E-15   6.297607E-15  -4.048943E-16   7.307534E-14
  1.137500000000E+01  -1.857670E+00  -8.039264E-02  -2.042285E-15   4.881470E-14  -5.940113E-17   6.480230E-14
  1.138000000000E+01  -1.858097E+00  -9.123355E-02  -1.719162E-15   7.759021E-14   2.477421E-16   5.924242E-14
  1.138500000000E+01  -1.858587E+00  -1.049397E-01  -1.292404E-15   9.056715E-14   5.409075E-16   5.918848E-14
  1.139000000000E+01  -1.859149E+00  -1.203049E-01  -8.357953E-16   9.004066E-14   8.530455E-16   6.733472E-14
  1.139500000000E+01  -1.859790E+00  -1.357854E-01  -4.021705E-16   8.281212E-14   1.224263E-15   8.194522E-14
  1.140000000000E+01  -1.860505E+00  -1.496422E-01  -1.113164E-17   7.377766E-14   1.674479E-15   9.728581E-14
  1.140500000000E+01  -1.861281E+00  -1.601290E-01   3.393770E-16   6.717844E-14   2.188374E-15   1.061246E-13
  1.141000000000E+01  -1.862098E+00  -1.657084E-01   6.670263E-16   6.475570E-14   2.713427E-15   1.007662E-13
  1.141500000000E+01  -1.862928E+00  -1.652666E-01   9.929737E-16   6.597190E-14   3.161241E-15   7.418617E-14
  1.142000000000E+01  -1.863740E+00  -1.582959E-01   1.324480E-15   6.592847E-14   3.420205E-15   2.585239E-14
  1.142500000000E+01  -1.864501E+00  -1.450121E-01   1.643172E-15   6.026275E-14   3.397225E-15  -3.665650E-14
  1.143000000000E+01  -1.865182E+00  -1.263824E-01   1.910987E-15   4.445964E-14   3.049306E-15  -1.022107E-13
  1.143500000000E+01  -1.865759E+00  -1.040527E-01   2.063783E-15   1.387893E-14   2.389565E-15  -1.587011E-13
  1.144000000000E+01  -1.866220E+00  -8.017684E-02   2.028576E-15  -2.993062E-14   1.498947E-15  -1.928791E-13
  1.144500000000E+01  -1.866562E+00  -5.716970E-02   1.752092E-15  -8.161106E-14   5.090784E-16  -1.968274E-13
  1.145000000000E+01  -1.866797E+00  -3.741690E-02   1.212753E-15  -1.329941E-13  -4.126566E-16  -1.657622E-13
  1.145500000000E+01  -1.866945E+00  -2.298318E-02   4.385828E-16  -1.740745E-13  -1.104285E-15  -1.068644E-13
  1.146000000000E+01  -1.867037E+00  -1.536007E-02  -4.969974E-16  -1.959098E-13  -1.453911E-15  -3.150416E-14
  1.146500000000E+01  -1.867111E+00  -1.528722E-02  -1.473981E-15  -1.889858E-13  -1.421399E-15   4.288101E-14
  1.147000000000E+01  -1.867202E+00  -2.266909E-02  -2.334962E-15  -1.496477E-13  -1.054868E-15   9.905171E-14
  1.147500000000E+01  -1.867348E+00  -3.659340E-02  -2.922915E-15  -8.064648E-14  -4.846337E-16   1.218592E-13
  1.148000000000E+01  -1.867576E+00  -5.544374E-02  -3.109801E-15   8.346523E-15   9.815711E-17   1.041573E-13
  1.148500000000E+01  -1.867907E+00  -7.708685E-02  -2.826558E-15   1.050750E-13   5.000206E-16   5.145658E-14
  1.149000000000E+01  -1.868348E+00  -9.910860E-02  -2.071754E-15   1.944457E-13   5.745202E-16  -2.398906E-14
  1.149500000000E+01  -1.868894E+00  -1.190703E-01  -9.167083E-16   2.624576E-13   2.575083E-16  -1.008566E-13
  1.150000000000E+01  -1.869531E+00  -1.347586E-01   4.979712E-16   2.968607E-13  -3.983917E-16  -1.559769E-13
  1.150500000000E+01  -1.870232E+00  -1.444072E-01   1.988371E-15   2.919199E-13  -1.239316E-15  -1.721511E-13
  1.151000000000E+01  -1.870964E+00  -1.468702E-01   3.351420E-15   2.464647E-13  -2.041550E-15  -1.404320E-13
  1.151500000000E+01  -1.871689E+00  -1.417364E-01   4.399808E-15   1.674558E-13  -2.571409E-15  -6.416233E-14
  1.152000000000E+01  -1.872370E+00  -1.293727E-01   4.985642E-15   6.372533E-14  -2.634718E-15   4.227987E-14
  1.152500000000E+01  -1.872973E+00  -1.108924E-01   5.019092E-15  -5.108477E-14  -2.139032E-15   1.548206E-13
  1.153000000000E+01  -1.873472E+00  -8.804776E-02   4.483046E-15  -1.611727E-13  -1.118574E-15   2.475234E-13
  1.153500000000E+01  -1.873850E+00  -6.305401E-02   3.438768E-15  -2.520484E-13   2.681111E-16   2.977089E-13
  1.154000000000E+01  -1.874103E+00  -3.835702E-02   2.012971E-15  -3.116535E-13   1.766399E-15   2.903052E-13
  1.154500000000E+01  -1.874238E+00  -1.636891E-02   3.859871E-16  -3.321560E-13   3.074513E-15   2.227986E-13
  1.155000000000E+01  -1.874274E+00   8.003715E-04  -1.245621E-15  -3.134758E-13   3.917273E-15   1.071015E-13
  1.155500000000E+01  -1.874240E+00   1.158210E-02  -2.693787E-15  -2.601739E-13   4.103638E-15  -3.471843E-14
  1.156000000000E+01  -1.874170E+00   1.512674E-02  -3.805831E-15  -1.809440E-13   3.573794E-15  -1.740581E-13
  1.156500000000E+01  -1.874100E+00   1.139545E-02  -4.477988E-15  -8.643226E-14   2.411027E-15  -2.835171E-13
  1.157000000000E+01  -1.874066E+00   1.151440E-03  -4.669695E-15   8.790377E-15   8.229447E-16  -3.410972E-13
  1.157500000000E+01  -1.874097E+00  -1.414808E-02  -4.407703E-15   9.294222E-14  -8.962070E-16  -3.344476E-13
  1.158000000000E+01  -1.874213E+00  -3.254388E-02  -3.773094E-15   1.570976E-13  -2.422249E-15  -2.653001E-13
  1.158500000000E+01  -1.874424E+00  -5.182264E-02  -2.872950E-15   1.983478E-13  -3.468814E-15  -1.460304E-13
  1.159000000000E+01  -1.874729E+00  -6.978567E-02  -1.828209E-15   2.156780E-13  -3.842956E-15  -1.723446E-15
  1.159500000000E+01  -1.875117E+00  -8.450208E-02  -7.477878E-16   2.130112E-13  -3.491170E-15   1.394868E-13
  1.160000000000E+01  -1.875566E+00  -9.451465E-02   2.764681E-16   1.946599E-13  -2.493112E-15   2.526411E-13
  1.160500000000E+01  -1.876053E+00  -9.897613E-02   1.183309E-15   1.667245E-13  -1.043896E-15   3.171506E-13
  1.161000000000E+01  -1.876547E+00  -9.770509E-02   1.934290E-15   1.326749E-13   5.864902E-16   3.244357E-13
  1.161500000000E+01  -1.877021E+00  -9.116180E-02   2.502508E-15   9.392803E-14   2.112612E-15   2.768309E-13
  1.162000000000E+01  -1.877452E+00  -8.035398E-02   2.866962E-15   5.110671E-14   3.286307E-15   1.865994E-13
  1.162500000000E+01  -1.877820E+00  -6.668866E-02   3.004990E-15   3.383691E-15   3.938217E-15   7.156910E-14
  1.163000000000E+01  -1.878117E+00  -5.178928E-02   2.899520E-15  -4.517882E-14   3.996928E-15  -4.642255E-14
  1.163500000000E+01  -1.878339E+00  -3.729867E-02   2.553613E-15  -9.282335E-14   3.499826E-15  -1.477724E-13
  1.164000000000E+01  -1.878493E+00  -2.468770E-02   1.978305E-15  -1.359736E-13   2.568241E-15  -2.188712E-13
  1.164500000000E+01  -1.878591E+00  -1.508862E-02   1.212275E-15  -1.680127E-13   1.371105E-15  -2.529713E-13
  1.165000000000E+01  -1.878649E+00  -9.170665E-03   3.254052E-16  -1.832820E-13   1.002159E-16  -2.486919E-13
  1.165500000000E+01  -1.878688E+00  -7.072976E-03  -5.837915E-16  -1.761021E-13  -1.061234E-15  -2.108035E-13
  1.166000000000E+01  -1.878726E+00  -8.405669E-03  -1.398357E-15  -1.455876E-13  -1.971769E-15  -1.503638E-13
  1.166500000000E+01  -1.878777E+00  -1.232304E-02  -2.005981E-15  -9.343995E-14  -2.546704E-15  -7.853745E-14
  1.167000000000E+01  -1.878851E+00  -1.766361E-02  -2.308166E-15  -2.563483E-14  -2.756327E-15  -6.286796E-15
  1.167500000000E+01  -1.878953E+00  -2.314084E-02  -2.254208E-15   4.703958E-14  -2.621417E-15   5.831446E-14
  1.168000000000E+01  -1.879081E+00  -2.755778E-02  -1.848244E-15   1.133602E-13  -2.200304E-15   1.073062E-13
  1.168500000000E+01  -1.879226E+00  -3.001154E-02  -1.146993E-15   1.631829E-13  -1.577145E-15   1.385295E-13
  1.169000000000E+01  -1.879377E+00  -3.005155E-02  -2.571457E-16   1.877743E-13  -8.452279E-16   1.508109E-13
  1.169500000000E+01  -1.879523E+00  -2.776048E-02   6.845321E-16   1.831037E-13  -9.629839E-17   1.461461E-13
  1.170000000000E+01  -1.879652E+00  -2.373898E-02   1.528768E-15   1.498137E-13   5.912552E-16   1.265765E-13
  1.170500000000E+01  -1.879759E+00  -1.899249E-02   2.144227E-15   9.305458E-14   1.152834E-15   9.642357E-14
  1.171000000000E+01  -1.879843E+00  -1.473775E-02   2.437606E-15   2.296628E-14   1.546042E-15   6.011180E-14
  1.171500000000E+01  -1.879909E+00  -1.216301E-02   2.372277E-15  -4.844558E-14   1.752220E-15   2.271776E-14
  1.172000000000E+01  -1.879968E+00  -1.218688E-02   1.966224E-15  -1.114526E-13   1.779830E-15  -1.061941E-14
  1.172500000000E+01  -1.880036E+00  -1.526164E-02   1.289665E-15  -1.545555E-13   1.653470E-15  -3.888781E-14
  1.173000000000E+01  -1.880126E+00  -2.125920E-02   4.650205E-16  -1.705194E-13   1.402988E-15  -6.026440E-14
  1.173500000000E+01  -1.880252E+00  -2.946141E-02  -3.740057E-16  -1.605690E-13   1.062791E-15  -7.479704E-14
  1.174000000000E+01  -1.880422E+00  -3.865635E-02  -1.104853E-15  -1.287414E-13   6.652235E-16  -8.293899E-14
  1.174500000000E+01  -1.880638E+00  -4.732179E-02  -1.640762E-15  -8.410811E-14   2.410757E-16  -8.569108E-14
  1.175000000000E+01  -1.880892E+00  -5.386176E-02  -1.939015E-15  -3.568740E-14  -1.824520E-16  -8.272469E-14
  1.175500000000E+01  -1.881170E+00  -5.685409E-02  -2.006911E-15   6.643839E-15  -5.782224E-16  -7.457238E-14
  1.176000000000E+01  -1.881453E+00  -5.526837E-02  -1.894830E-15   3.564371E-14  -9.206885E-16  -6.149811E-14
  1.176500000000E+01  -1.881715E+00  -4.862216E-02  -1.675106E-15   4.994222E-14  -1.184533E-15  -4.315577E-14
  1.177000000000E+01  -1.881931E+00  -3.705735E-02  -1.414160E-15   5.242364E-14  -1.346191E-15  -2.085158E-14
  1.177500000000E+01  -1.882079E+00  -2.133363E-02  -1.162660E-15   4.740123E-14  -1.390009E-15   3.831439E-15
  1.178000000000E+01  -1.882140E+00  -2.748147E-03  -9.422686E-16   4.095408E-14  -1.306445E-15   2.969780E-14
  1.178500000000E+01  -1.882105E+00   1.700105E-02  -7.452017E-16   3.919719E-14  -1.092814E-15   5.512376E-14
  1.179000000000E+01  -1.881971E+00   3.598786E-02  -5.367457E-16   4.590813E-14  -7.620935E-16   7.615067E-14
  1.179500000000E+01  -1.881749E+00   5.224882E-02  -2.715011E-16   6.133289E-14  -3.437404E-16   8.967999E-14
  1.180000000000E+01  -1.881456E+00   6.397676E-02   8.351429E-17   8.089502E-14   1.205177E-16   9.433192E-14
  1.180500000000E+01  -1.881119E+00   6.970596E-02   5.330307E-16   9.799186E-14   5.839742E-16   8.941639E-14
  1.181000000000E+01  -1.880770E+00   6.847846E-02   1.048910E-15   1.058838E-13   1.000181E-15   7.537523E-14
  1.181500000000E+01  -1.880446E+00   5.998000E-02   1.564915E-15   9.741586E-14   1.325409E-15   5.367753E-14
  1.182000000000E+01  -1.880181E+00   4.463120E-02   1.995169E-15   7.127858E-14   1.530416E-15   2.801976E-14
  1.182500000000E+01  -1.880009E+00   2.361716E-02   2.248506E-15   2.743804E-14   1.606462E-15   2.662741E-15
  1.183000000000E+01  -1.879951E+00  -1.160347E-03   2.251872E-15  -2.706313E-14   1.563088E-15  -1.936571E-14
  1.183500000000E+01  -1.880022E+00  -2.721913E-02   1.974783E-15  -8.308319E-14   1.420021E-15  -3.664257E-14
  1.184000000000E+01  -1.880221E+00  -5.172109E-02   1.432771E-15  -1.315961E-13   1.208446E-15  -4.658186E-14
  1.184500000000E+01  -1.880532E+00  -7.177078E-02   6.873260E-16  -1.626948E-13   9.691311E-16  -4.767590E-14
  1.185000000000E+01  -1.880927E+00  -8.475801E-02  -1.559966E-16  -1.699717E-13   7.444656E-16  -4.063407E-14
  1.185500000000E+01  -1.881365E+00  -8.870138E-02  -9.708312E-16  -1.517553E-13   5.713513E-16  -2.786127E-14
  1.186000000000E+01  -1.881798E+00  -8.254291E-02  -1.637833E-15  -1.118157E-13   4.698440E-16  -1.266606E-14
  1.186500000000E+01  -1.882175E+00  -6.634539E-02  -2.067188E-15  -5.831427E-14   4.433527E-16   2.073035E-15
  1.187000000000E+01  -1.882447E+00  -4.135529E-02  -2.217020E-15  -2.085431E-15   4.826407E-16   1.250737E-14
  1.187500000000E+01  -1.882578E+00  -9.912434E-03  -2.098447E-15   4.794613E-14   5.593534E-16   1.727360E-14
  1.188000000000E+01  -1.882541E+00   2.478892E-02  -1.757476E-15   8.590558E-14   6.440948E-16   1.537768E-14
  1.188500000000E+01  -1.882331E+00   5.906009E-02  -1.266476E-15   1.071685E-13   7.054501E-16   8.394788E-15
  1.189000000000E+01  -1.881957E+00   8.915240E-02  -7.125793E-16   1.116364E-13   7.196810E-16  -3.419701E-15
  1.189500000000E+01  -1.881451E+00   1.117079E-01  -1.725655E-16   1.024924E-13   6.661518E-16  -1.853490E-14
  1.190000000000E+01  -1.880857E+00   1.241665E-01   2.995239E-16   8.516068E-14   5.322761E-16  -3.475772E-14
  1.190500000000E+01  -1.880228E+00   1.250772E-01   6.711636E-16   6.315378E-14   3.225836E-16  -4.851207E-14
  1.191000000000E+01  -1.879625E+00   1.142738E-01   9.336791E-16   4.222574E-14   5.698362E-17  -5.655115E-14
  1.191500000000E+01  -1.879102E+00   9.289791E-02   1.099743E-15   2.500518E-14  -2.334462E-16  -5.848493E-14
  1.192000000000E+01  -1.878709E+00   6.326786E-02   1.191165E-15   1.248686E-14  -5.148064E-16  -5.241320E-14
  1.192500000000E+01  -1.878478E+00   2.861467E-02   1.229960E-15   3.395210E-15  -7.469313E-16  -3.910426E-14
  1.193000000000E+01  -1.878425E+00  -7.282653E-03   1.224512E-15  -5.822012E-15  -8.967923E-16  -1.967610E-14
  1.193500000000E+01  -1.878546E+00  -4.051833E-02   1.171074E-15  -1.594550E-14  -9.319653E-16   6.023461E-15
  1.194000000000E+01  -1.878820E+00  -6.749013E-02   1.059969E-15  -2.919548E-14  -8.319437E-16   3.434616E-14
  1.194500000000E+01  -1.879206E+00  -8.529166E-02   8.769707E-16  -4.425379E-14  -5.896117E-16   6.203057E-14
  1.195000000000E+01  -1.879655E+00  -9.202436E-02   6.166346E-16  -5.982823E-14  -2.204074E-16   8.429655E-14
  1.195500000000E+01  -1.880108E+00  -8.699603E-02   2.836371E-16  -7.237197E-14   2.392694E-16   9.751762E-14
  1.196000000000E+01  -1.880507E+00  -7.078444E-02  -1.008866E-16  -8.020368E-14   7.349738E-16   9.878204E-14
  1.196500000000E+01  -1.880801E+00  -4.515930E-02  -5.042289E-16  -7.926528E-14   1.208331E-15   8.818661E-14
  1.197000000000E+01  -1.880948E+00  -1.287143E-02  -8.758401E-16  -6.776408E-14   1.596213E-15   6.520377E-14
  1.197500000000E+01  -1.880924E+00   2.266646E-02  -1.166799E-15  -4.714393E-14   1.847881E-15   3.466227E-14
  1.198000000000E+01  -1.880722E+00   5.776969E-02  -1.337821E-15  -2.023275E-14   1.936835E-15   1.455468E-15
  1.198500000000E+01  -1.880353E+00   8.889571E-02  -1.365613E-15   9.269384E-15   1.868522E-15  -2.798521E-14
  1.199000000000E+01  -1.879844E+00   1.130326E-01  -1.246766E-15   3.774799E-14   1.668821E-15  -5.067444E-14
  1.199500000000E+01  -1.879237E+00   1.280159E-01  -9.914721E-16   6.409868E-14   1.376788E-15  -6.436628E-14
  1.200000000000E+01  -1.878581E+00   1.327372E-01  -6.140842E-16   8.533903E-14   1.040763E-15  -6.866853E-14
  1.200500000000E+01  -1.877926E+00   1.272246E-01  -1.509169E-16   9.858247E-14   7.052331E-16  -6.386586E-14
  1.201000000000E+01  -1.877323E+00   1.125901E-01   3.568683E-16   1.027900E-13   4.084712E-16  -5.409552E-14
  1.201500000000E+01  -1.876812E+00   9.085759E-02   8.635660E-16   9.846986E-14   1.686755E-16  -4.173883E-14
  1.202000000000E+01  -1.876421E+00   6.469992E-02   1.329031E-15   8.598128E-14  -1.197030E-17  -3.095981E-14
  1.202500000000E+01  -1.876167E+00   3.711922E-02   1.712085E-15   6.601386E-14  -1.458382E-16  -2.369403E-14
  1.203000000000E+01  -1.876048E+00   1.111119E-02   1.981428E-15   4.104539E-14  -2.587288E-16  -2.247104E-14
  1.203500000000E+01  -1.876049E+00  -1.065019E-02   2.116480E-15   1.226714E-14  -3.791595E-16  -2.649612E-14
  1.204000000000E+01  -1.876144E+00  -2.607646E-02   2.099105E-15  -1.960502E-14  -5.258502E-16  -3.246462E-14
  1.204500000000E+01  -1.876297E+00  -3.385412E-02   1.921522E-15  -5.131074E-14  -7.015505E-16  -3.703511E-14
  1.205000000000E+01  -1.876470E+00  -3.354576E-02   1.588900E-15  -8.119247E-14  -8.880841E-16  -3.651291E-14
  1.205500000000E+01  -1.876621E+00  -2.559695E-02   1.118687E-15  -1.058918E-13  -1.054813E-15  -2.893567E-14
  1.206000000000E+01  -1.876715E+00  -1.125102E-02   5.415014E-16  -1.237233E-13  -1.164184E-15  -1.328791E-14
  1.206500000000E+01  -1.876726E+00   7.619267E-03  -1.025028E-16  -1.318964E-13  -1.176478E-15   9.176301E-15
  1.207000000000E+01  -1.876635E+00   2.874670E-02  -7.609132E-16  -1.296852E-13  -1.068734E-15   3.373216E-14
  1.207500000000E+01  -1.876439E+00   4.974731E-02  -1.383325E-15  -1.177985E-13  -8.419820E-16   5.635389E-14
  1.208000000000E+01  -1.876142E+00   6.841023E-02  -1.924107E-15  -9.702061E-14  -5.143473E-16   7.325536E-14
  1.208500000000E+01  -1.875761E+00   8.296421E-02  -2.344583E-15  -7.015997E-14  -1.263617E-16   8.006859E-14
  1.209000000000E+01  -1.875321E+00   9.228430E-02  -2.620595E-15  -3.980774E-14   2.701348E-16   7.619210E-14
  1.209500000000E+01  -1.874847E+00   9.600717E-02  -2.739728E-15  -7.695742E-15   6.175695E-16   6.116655E-14
  1.210000000000E+01  -1.874369E+00   9.453395E-02  -2.693640E-15   2.653811E-14   8.690882E-16   3.839052E-14
  1.210500000000E+01  -1.873909E+00   8.891665E-02  -2.475069E-15   6.075015E-14   9.952405E-16   1.190731E-14
  1.211000000000E+01  -1.873484E+00   8.064374E-02  -2.089276E-15   9.290456E-14   9.926111E-16  -1.218565E-14
  1.211500000000E+01  -1.873104E+00   7.135986E-02  -1.552390E-15   1.211508E-13   8.830415E-16  -2.980362E-14
  1.212000000000E+01  -1.872770E+00   6.256918E-02  -8.853334E-16   1.444733E-13   7.084950E-16  -3.792164E-14
  1.212500000000E+01  -1.872476E+00   5.537750E-02  -1.172486E-16   1.615556E-13   5.230301E-16  -3.403658E-14
  1.213000000000E+01  -1.872212E+00   5.032295E-02   7.158835E-16   1.696524E-13   3.835616E-16  -2.027973E-14
  1.213500000000E+01  -1.871969E+00   4.732890E-02   1.558294E-15   1.647038E-13   3.257405E-16  -2.409949E-15
  1.214000000000E+01  -1.871737E+00   4.578848E-02   2.339980E-15   1.452505E-13   3.563796E-16   1.341390E-14
  1.214500000000E+01  -1.871510E+00   4.476302E-02   2.984916E-15   1.099818E-13   4.486376E-16   2.179266E-14
  1.215000000000E+01  -1.871290E+00   4.325182E-02   3.410721E-15   5.713137E-14   5.567979E-16   1.898129E-14
  1.215500000000E+01  -1.871080E+00   4.047511E-02   3.531568E-15  -1.102599E-14   6.194641E-16   4.327207E-15
  1.216000000000E+01  -1.870888E+00   3.610825E-02   3.283297E-15  -8.924965E-14   5.860192E-16  -1.858777E-14
  1.216500000000E+01  -1.870721E+00   3.041486E-02   2.638325E-15  -1.682178E-13   4.282659E-16  -4.441019E-14
  1.217000000000E+01  -1.870584E+00   2.424802E-02   1.618505E-15  -2.366844E-13   1.495845E-16  -6.576071E-14
  1.217500000000E+01  -1.870477E+00   1.891621E-02   3.019800E-16  -2.854481E-13  -2.113086E-16  -7.576143E-14
  1.218000000000E+01  -1.870391E+00   1.593932E-02  -1.185259E-15  -3.030101E-13  -5.824092E-16  -6.965720E-14
  1.218500000000E+01  -1.870312E+00   1.674268E-02  -2.667180E-15  -2.831198E-13  -8.800862E-16  -4.664794E-14
  1.219000000000E+01  -1.870216E+00   2.234947E-02  -3.954694E-15  -2.250266E-13  -1.027183E-15  -1.013435E-14
  1.219500000000E+01  -1.870080E+00   3.313170E-02  -4.863140E-15  -1.330903E-13  -9.715751E-16   3.227951E-14
  1.220000000000E+01  -1.869877E+00   4.866757E-02  -5.249757E-15  -1.872711E-14  -7.083794E-16   7.134265E-14
  1.220500000000E+01  -1.869587E+00   6.773199E-02  -5.038752E-15   1.026106E-13  -2.776035E-16   9.809768E-14
  1.221000000000E+01  -1.869197E+00   8.842242E-02  -4.239757E-15   2.137415E-13   2.429885E-16   1.062789E-13
  1.221500000000E+01  -1.868704E+00   1.083982E-01  -2.942279E-15   2.996734E-13   7.499969E-16   9.269174E-14
  1.222000000000E+01  -1.868118E+00   1.251940E-01  -1.303703E-15   3.480584E-13   1.143586E-15   6.212737E-14
  1.222500000000E+01  -1.867461E+00   1.365588E-01   4.670154E-16   3.520812E-13   1.352963E-15   2.076130E-14
  1.223000000000E+01  -1.866764E+00   1.407708E-01   2.143970E-15   3.110403E-13   1.350584E-15  -2.080015E-14
  1.223500000000E+01  -1.866066E+00   1.368853E-01   3.512490E-15   2.299321E-13   1.163260E-15  -5.153453E-14
  1.224000000000E+01  -1.865408E+00   1.248864E-01   4.397678E-15   1.204415E-13   8.636012E-16  -6.437003E-14
  1.224500000000E+01  -1.864829E+00   1.057261E-01   4.697519E-15  -9.158828E-16   5.517191E-16  -5.732052E-14
  1.225000000000E+01  -1.864360E+00   8.124783E-02   4.397428E-15  -1.165938E-13   3.145054E-16  -3.499632E-14
  1.225500000000E+01  -1.864021E+00   5.400614E-02   3.565184E-15  -2.115461E-13   2.171808E-16  -3.487208E-15
  1.226000000000E+01  -1.863819E+00   2.700070E-02   2.332586E-15  -2.751390E-13   2.757640E-16   2.595847E-14
  1.226500000000E+01  -1.863746E+00   3.352614E-03   8.721354E-16  -3.021149E-13   4.589239E-16   4.386933E-14
  1.227000000000E+01  -1.863776E+00  -1.404523E-02  -6.284141E-16  -2.915487E-13   6.820667E-16   4.135156E-14
  1.227500000000E+01  -1.863872E+00  -2.286800E-02  -1.990217E-15  -2.478013E-13   8.381829E-16   1.706251E-14
  1.228000000000E+01  -1.863988E+00  -2.165198E-02  -3.068094E-15  -1.799870E-13   8.230114E-16  -2.575675E-14
  1.228500000000E+01  -1.864072E+00  -1.000562E-02  -3.768420E-15  -9.875337E-14   5.681826E-16  -7.591395E-14
  1.229000000000E+01  -1.864073E+00   1.129128E-02  -4.051578E-15  -1.458292E-14   7.269500E-17  -1.196965E-13
  1.229500000000E+01  -1.863947E+00   4.032024E-02  -3.924270E-15   6.350546E-14  -5.976608E-16  -1.440913E-13
  1.230000000000E+01  -1.863662E+00   7.419451E-02  -3.440136E-15   1.269259E-13  -1.321787E-15  -1.396062E-13
  1.230500000000E+01  -1.863203E+00   1.093562E-01  -2.685795E-15   1.713853E-13  -1.939427E-15  -1.016110E-13
  1.231000000000E+01  -1.862572E+00   1.419713E-01  -1.756028E-15   1.966735E-13  -2.294454E-15  -3.615109E-14
  1.231500000000E+01  -1.861793E+00   1.683783E-01  -7.516051E-16   2.017760E-13  -2.275601E-15   4.492480E-14
  1.232000000000E+01  -1.860903E+00   1.855352E-01   2.319153E-16   1.886890E-13  -1.849320E-15   1.234365E-13
  1.232500000000E+01  -1.859956E+00   1.914070E-01   1.110273E-15   1.597381E-13  -1.074333E-15   1.818956E-13
  1.233000000000E+01  -1.859009E+00   1.852406E-01   1.808710E-15   1.177854E-13  -8.526995E-17   2.067621E-13
  1.233500000000E+01  -1.858122E+00   1.676867E-01   2.274779E-15   6.719669E-14   9.277891E-16   1.908329E-13
  1.234000000000E+01  -1.857347E+00   1.407485E-01   2.471761E-15   1.097258E-14   1.757276E-15   1.344945E-13
  1.234500000000E+01  -1.856724E+00   1.075596E-01   2.381378E-15  -4.691297E-14   2.226009E-15   4.934135E-14
  1.235000000000E+01  -1.856275E+00   7.201546E-02   2.007080E-15  -1.014714E-13   2.232623E-15  -4.679402E-14
  1.235500000000E+01  -1.856001E+00   3.830428E-02   1.383179E-15  -1.455519E-13   1.773670E-15  -1.329442E-13
  1.236000000000E+01  -1.855883E+00   1.039526E-02   5.773819E-16  -1.735794E-13   9.514384E-16  -1.890247E-13
  1.236500000000E+01  -1.855883E+00  -8.450434E-03  -3.206045E-16  -1.820370E-13  -4.632557E-17  -2.017504E-13
  1.237000000000E+01  -1.855949E+00  -1.608305E-02  -1.207791E-15  -1.689105E-13  -9.929397E-16  -1.687279E-13
  1.237500000000E+01  -1.856024E+00  -1.172921E-02  -1.974456E-15  -1.338126E-13  -1.668751E-15  -9.549463E-14
  1.238000000000E+01  -1.856048E+00   3.917560E-03  -2.514135E-15  -7.914498E-14  -1.907702E-15   2.244125E-15
  1.238500000000E+01  -1.855970E+00   2.879482E-02  -2.747206E-15  -1.290040E-14  -1.641171E-15   1.030225E-13
  1.239000000000E+01  -1.855751E+00   5.974714E-02  -2.639440E-15   5.520613E-14  -9.068492E-16   1.852607E-13
  1.239500000000E+01  -1.855369E+00   9.294559E-02  -2.208978E-15   1.146933E-13   1.550934E-16   2.318575E-13
  1.240000000000E+01  -1.854824E+00   1.243959E-01  -1.521806E-15   1.560039E-13   1.337617E-15   2.326768E-13
  1.240500000000E+01  -1.854134E+00   1.504659E-01  -6.904014E-16   1.716019E-13   2.408722E-15   1.886510E-13
  1.241000000000E+01  -1.853333E+00   1.683594E-01   1.515574E-16   1.605108E-13   3.166473E-15   1.092671E-13
  1.241500000000E+01  -1.852466E+00   1.764674E-01   8.774080E-16   1.260282E-13   3.470126E-15   1.053841E-14
  1.242000000000E+01  -1.851584E+00   1.745459E-01   1.384348E-15   7.463264E-14   3.272222E-15  -8.823742E-14
  1.242500000000E+01  -1.850735E+00   1.636947E-01   1.610365E-15   1.506544E-14   2.611886E-15  -1.712074E-13
  1.243000000000E+01  -1.849958E+00   1.461409E-01   1.540310E-15  -4.208276E-14   1.608550E-15  -2.235999E-13
  1.243500000000E+01  -1.849279E+00   1.248634E-01   1.204932E-15  -8.933832E-14   4.362658E-16  -2.381718E-13
  1.244000000000E+01  -1.848710E+00   1.031195E-01   6.737104E-16  -1.197872E-13  -7.129856E-16  -2.151599E-13
  1.244500000000E+01  -1.848244E+00   8.395109E-02   3.685275E-17  -1.317497E-13  -1.665496E-15  -1.614434E-13
  1.245000000000E+01  -1.847862E+00   6.974982E-02  -6.155209E-16  -1.262452E-13  -2.297270E-15  -8.908662E-14
  1.245500000000E+01  -1.847536E+00   6.194866E-02  -1.198813E-15  -1.044214E-13  -2.549827E-15  -1.238352E-14
  1.246000000000E+01  -1.847232E+00   6.088420E-02  -1.643056E-15  -7.186199E-14  -2.434730E-15   5.573025E-14
  1.246500000000E+01  -1.846918E+00   6.584208E-02  -1.908578E-15  -3.392973E-14  -2.021259E-15   1.059014E-13
  1.247000000000E+01  -1.846567E+00   7.526582E-02  -1.982167E-15   4.300967E-15  -1.409190E-15   1.352460E-13
  1.247500000000E+01  -1.846161E+00   8.708180E-02  -1.871739E-15   3.889678E-14  -7.044523E-16   1.429111E-13
  1.248000000000E+01  -1.845695E+00   9.907635E-02  -1.602262E-15   6.740050E-14  -8.665365E-18   1.326550E-13
  1.248500000000E+01  -1.845173E+00   1.092571E-01  -1.210800E-15   8.775289E-14   6.022967E-16   1.100518E-13
  1.249000000000E+01  -1.844608E+00   1.161403E-01  -7.409931E-16   9.826287E-14   1.082667E-15   8.133480E-14
  1.249500000000E+01  -1.844019E+00   1.189253E-01  -2.450552E-16   9.795026E-14   1.414901E-15   5.182555E-14
  1.250000000000E+01  -1.843426E+00   1.175423E-01   2.225166E-16   8.709373E-14   1.605465E-15   2.542395E-14
  1.250500000000E+01  -1.842849E+00   1.125836E-01   6.112494E-16   6.720408E-14   1.675880E-15   3.776790E-15
  1.251000000000E+01  -1.842304E+00   1.051465E-01   8.859930E-16   4.194646E-14   1.649524E-15  -1.360848E-14
  1.251500000000E+01  -1.841799E+00   9.662798E-02   1.023175E-15   1.220637E-14   1.545604E-15  -2.714547E-14
  1.252000000000E+01  -1.841337E+00   8.850816E-02   1.007872E-15  -1.826167E-14   1.383857E-15  -3.692814E-14
  1.252500000000E+01  -1.840911E+00   8.215574E-02   8.461023E-16  -4.514518E-14   1.178398E-15  -4.518331E-14
  1.253000000000E+01  -1.840511E+00   7.867444E-02   5.705575E-16  -6.322273E-14   9.302908E-16  -5.449593E-14
  1.253500000000E+01  -1.840119E+00   7.879830E-02   2.288073E-16  -7.163078E-14   6.311611E-16  -6.528852E-14
  1.254000000000E+01  -1.839716E+00   8.283402E-02  -1.292049E-16  -6.945505E-14   2.770666E-16  -7.612219E-14
  1.254500000000E+01  -1.839284E+00   9.064410E-02  -4.477292E-16  -5.600059E-14  -1.290024E-16  -8.584574E-14
  1.255000000000E+01  -1.838805E+00   1.016644E-01  -6.733797E-16  -3.249805E-14  -5.740078E-16  -9.095022E-14
  1.255500000000E+01  -1.838264E+00   1.149529E-01  -7.631405E-16  -2.816044E-15  -1.027196E-15  -8.823510E-14
  1.256000000000E+01  -1.837654E+00   1.292688E-01  -6.988353E-16   2.818477E-14  -1.436508E-15  -7.268914E-14
  1.256500000000E+01  -1.836972E+00   1.431851E-01  -4.876862E-16   5.486675E-14  -1.730683E-15  -4.278555E-14
  1.257000000000E+01  -1.836225E+00   1.552303E-01  -1.682499E-16   7.029169E-14  -1.840790E-15   1.111503E-15
  1.257500000000E+01  -1.835425E+00   1.640550E-01   1.896560E-16   6.987291E-14  -1.705341E-15   5.438832E-14
  1.258000000000E+01  -1.834591E+00   1.686052E-01   5.028756E-16   5.233971E-14  -1.292423E-15   1.103529E-13
  1.258500000000E+01  -1.833747E+00   1.682801E-01   6.880620E-16   1.894771E-14  -6.122189E-16   1.595593E-13
  1.259000000000E+01  -1.832916E+00   1.630479E-01   6.742103E-16  -2.596553E-14   2.766300E-16   1.923877E-13
  1.259500000000E+01  -1.832123E+00   1.534921E-01   4.218853E-16  -7.484966E-14   1.268980E-15   1.992963E-13
  1.260000000000E+01  -1.831386E+00   1.407731E-01  -7.009382E-17  -1.205924E-13   2.221647E-15   1.758104E-13
  1.260500000000E+01  -1.830718E+00   1.264999E-01  -7.633214E-16  -1.537271E-13   2.978090E-15   1.218299E-13
  1.261000000000E+01  -1.830121E+00   1.125253E-01  -1.570833E-15  -1.645591E-13   3.401840E-15   4.420526E-14
  1.261500000000E+01  -1.829589E+00   1.006918E-01  -2.361187E-15  -1.454830E-13   3.402531E-15  -4.457289E-14
  1.262000000000E+01  -1.829108E+00   9.256811E-02  -2.974293E-15  -9.415330E-14   2.960138E-15  -1.302764E-13
  1.262500000000E+01  -1.828656E+00   8.921844E-02  -3.261781E-15  -1.704945E-14   2.128407E-15  -1.976567E-13
  1.263000000000E+01  -1.828207E+00   9.104406E-02  -3.121190E-15   7.443036E-14   1.034223E-15  -2.335345E-13
  1.263500000000E+01  -1.827738E+00   9.772348E-02  -2.519178E-15   1.643041E-13  -1.435695E-16  -2.301461E-13
  1.264000000000E+01  -1.827224E+00   1.082618E-01  -1.510127E-15   2.342007E-13  -1.205974E-15  -1.882402E-13
  1.264500000000E+01  -1.826651E+00   1.211408E-01  -2.308169E-16   2.703763E-13  -1.976687E-15  -1.156690E-13
  1.265000000000E+01  -1.826012E+00   1.345459E-01   1.122739E-15   2.624922E-13  -2.339809E-15  -2.903318E-14
  1.265500000000E+01  -1.825308E+00   1.466316E-01   2.314968E-15   2.059535E-13  -2.277860E-15   5.112529E-14
  1.266000000000E+01  -1.824550E+00   1.557857E-01   3.118147E-15   1.087172E-13  -1.864641E-15   1.083838E-13
  1.266500000000E+01  -1.823757E+00   1.608527E-01   3.358640E-15  -1.567246E-14  -1.252836E-15   1.293995E-13
  1.267000000000E+01  -1.822949E+00   1.612830E-01   2.952885E-15  -1.455409E-13  -6.318895E-16   1.123065E-13
  1.267500000000E+01  -1.822151E+00   1.571922E-01   1.932421E-15  -2.571293E-13  -1.798492E-16   6.369522E-14
  1.268000000000E+01  -1.821383E+00   1.493233E-01   4.472136E-16  -3.274224E-13  -2.588641E-17  -3.524891E-15
  1.268500000000E+01  -1.820662E+00   1.389242E-01  -1.250138E-15  -3.409149E-13  -2.149120E-16  -7.007778E-14
  1.269000000000E+01  -1.819996E+00   1.275594E-01  -2.862337E-15  -2.931736E-13  -6.892374E-16  -1.141947E-13
  1.269500000000E+01  -1.819385E+00   1.168877E-01  -4.093310E-15  -1.901373E-13  -1.299203E-15  -1.226752E-13
  1.270000000000E+01  -1.818823E+00   1.084376E-01  -4.704183E-15  -4.963682E-14  -1.846519E-15  -8.877462E-14
  1.270500000000E+01  -1.818295E+00   1.034121E-01  -4.571842E-15   1.021557E-13  -2.127704E-15  -1.774428E-14
  1.271000000000E+01  -1.817782E+00   1.025480E-01  -3.708164E-15   2.379278E-13  -1.983438E-15   7.821143E-14
  1.271500000000E+01  -1.817263E+00   1.060477E-01  -2.259386E-15   3.320521E-13  -1.340413E-15   1.774784E-13
  1.272000000000E+01  -1.816715E+00   1.135858E-01  -4.808683E-16   3.678409E-13  -2.416397E-16   2.564528E-13
  1.272500000000E+01  -1.816122E+00   1.243864E-01   1.314451E-15   3.391426E-13   1.159980E-15   2.955106E-13
  1.273000000000E+01  -1.815468E+00   1.373513E-01   2.816107E-15   2.519519E-13   2.631972E-15   2.833025E-13
  1.273500000000E+01  -1.814747E+00   1.512168E-01   3.767295E-15   1.231476E-13   3.906678E-15   2.176729E-13
  1.274000000000E+01  -1.813956E+00   1.647111E-01   4.020407E-15  -2.230208E-14   4.739099E-15   1.091919E-13
  1.274500000000E+01  -1.813102E+00   1.766890E-01   3.559120E-15  -1.579423E-13   4.962041E-15  -2.191562E-14
  1.275000000000E+01  -1.812193E+00   1.862275E-01   2.495931E-15  -2.592967E-13   4.520121E-15  -1.524281E-13
  1.275500000000E+01  -1.811245E+00   1.926739E-01   1.047672E-15  -3.097924E-13   3.477047E-15  -2.583970E-13
  1.276000000000E+01  -1.810272E+00   1.956526E-01  -5.107993E-16  -3.036292E-13   2.004517E-15  -3.218473E-13
  1.276500000000E+01  -1.809294E+00   1.950419E-01  -1.907993E-15  -2.472859E-13   3.431302E-16  -3.333865E-13
  1.277000000000E+01  -1.808327E+00   1.909381E-01  -2.924575E-15  -1.546518E-13  -1.248873E-15  -2.949385E-13
  1.277500000000E+01  -1.807390E+00   1.836233E-01  -3.430040E-15  -4.676215E-14  -2.541732E-15  -2.160710E-13
  1.278000000000E+01  -1.806496E+00   1.735472E-01  -3.399505E-15   5.618552E-14  -3.371413E-15  -1.134978E-13
  1.278500000000E+01  -1.805658E+00   1.613232E-01  -2.903945E-15   1.367061E-13  -3.672505E-15  -7.954029E-15
  1.279000000000E+01  -1.804885E+00   1.477326E-01  -2.085939E-15   1.838264E-13  -3.470346E-15   8.535639E-14
  1.279500000000E+01  -1.804181E+00   1.337200E-01  -1.123679E-15   1.949514E-13  -2.857876E-15   1.545227E-13
  1.280000000000E+01  -1.803546E+00   1.203643E-01  -1.879687E-16   1.739430E-13  -1.971178E-15   1.947344E-13
  1.280500000000E+01  -1.802975E+00   1.088123E-01   5.780721E-16   1.295900E-13  -9.556632E-16   2.068332E-13
  1.281000000000E+01  -1.802454E+00   1.001734E-01   1.087912E-15   7.391421E-14   6.418447E-17   1.976993E-13
  1.281500000000E+01  -1.801967E+00   9.538489E-02   1.322453E-15   2.128834E-14   9.972617E-16   1.739802E-13
  1.282000000000E+01  -1.801493E+00   9.507039E-02   1.317447E-15  -2.087790E-14   1.794259E-15   1.439169E-13
  1.282500000000E+01  -1.801008E+00   9.942144E-02   1.137975E-15  -4.811911E-14   2.429995E-15   1.096793E-13
  1.283000000000E+01  -1.800491E+00   1.081318E-01   8.583550E-16  -6.131898E-14   2.885270E-15   7.133426E-14
  1.283500000000E+01  -1.799921E+00   1.204071E-01   5.451885E-16  -6.215459E-14   3.134239E-15   2.701733E-14
  1.284000000000E+01  -1.799283E+00   1.350573E-01   2.495958E-16  -5.516743E-14   3.145190E-15  -2.388030E-14
  1.284500000000E+01  -1.798569E+00   1.506612E-01  -1.599704E-18  -4.508774E-14   2.890495E-15  -7.837225E-14
  1.285000000000E+01  -1.797778E+00   1.657748E-01  -1.993271E-16  -3.440719E-14   2.363778E-15  -1.316980E-13
  1.285500000000E+01  -1.796914E+00   1.791443E-01  -3.501867E-16  -2.638186E-14   1.585762E-15  -1.774338E-13
  1.286000000000E+01  -1.795990E+00   1.898808E-01  -4.642245E-16  -1.906494E-14   6.145410E-16  -2.070149E-13
  1.286500000000E+01  -1.795020E+00   1.975607E-01  -5.396556E-16  -1.063434E-14  -4.406277E-16  -2.096927E-13
  1.287000000000E+01  -1.794020E+00   2.022325E-01  -5.672589E-16  -5.756268E-17  -1.434505E-15  -1.822397E-13
  1.287500000000E+01  -1.793002E+00   2.043311E-01  -5.374822E-16   1.187768E-14  -2.212613E-15  -1.245563E-13
  1.288000000000E+01  -1.791979E+00   2.045196E-01  -4.504769E-16   2.244715E-14  -2.647985E-15  -4.671919E-14
  1.288500000000E+01  -1.790959E+00   2.034979E-01  -3.211371E-16   2.822074E-14  -2.663536E-15   4.071077E-14
  1.289000000000E+01  -1.789945E+00   2.018214E-01  -1.824677E-16   2.525677E-14  -2.250360E-15   1.216320E-13
  1.289500000000E+01  -1.788941E+00   1.997714E-01  -8.403195E-17   1.234895E-14  -1.481082E-15   1.812153E-13
  1.290000000000E+01  -1.787948E+00   1.973056E-01  -7.491533E-17  -1.031247E-14  -4.902311E-16   2.087107E-13
  1.290500000000E+01  -1.786969E+00   1.940985E-01  -1.970939E-16  -3.926357E-14   5.487029E-16   2.003451E-13
  1.291000000000E+01  -1.786009E+00   1.896611E-01  -4.683868E-16  -6.862745E-14   1.460063E-15   1.589825E-13
  1.291500000000E+01  -1.785076E+00   1.835109E-01  -8.705315E-16  -9.008699E-14   2.099373E-15   9.380266E-14
  1.292000000000E+01  -1.784178E+00   1.753540E-01  -1.345999E-15  -9.670808E-14   2.385541E-15   2.050904E-14
  1.292500000000E+01  -1.783325E+00   1.652384E-01  -1.806557E-15  -8.392465E-14   2.315192E-15  -4.617681E-14
  1.293000000000E+01  -1.782528E+00   1.536441E-01  -2.152784E-15  -5.100719E-14   1.955568E-15  -9.330074E-14
  1.293500000000E+01  -1.781790E+00   1.414895E-01  -2.285822E-15   5.321103E-16   1.424326E-15  -1.142809E-13
  1.294000000000E+01  -1.781111E+00   1.300509E-01  -2.131268E-15   6.189783E-14   8.543959E-16  -1.098633E-13
  1.294500000000E+01  -1.780486E+00   1.208048E-01  -1.670152E-15   1.212449E-13   3.547534E-16  -8.739376E-14
  1.295000000000E+01  -1.779898E+00   1.152210E-01  -9.384813E-16   1.684643E-13  -5.197302E-18  -5.578839E-14
  1.295500000000E+01  -1.779326E+00   1.145352E-01  -2.041030E-17   1.942322E-13  -2.052271E-16  -2.519884E-14
  1.296000000000E+01  -1.778743E+00   1.195385E-01   9.567008E-16   1.906006E-13  -2.739464E-16  -4.318190E-15
  1.296500000000E+01  -1.778121E+00   1.304120E-01   1.835009E-15   1.554384E-13  -2.694949E-16   3.545515E-15
  1.297000000000E+01  -1.777430E+00   1.466332E-01   2.464888E-15   9.192117E-14  -2.592524E-16  -1.130168E-15
  1.297500000000E+01  -1.776648E+00   1.669662E-01   2.727066E-15   1.091016E-14  -2.913466E-16  -1.190597E-14
  1.298000000000E+01  -1.775757E+00   1.895447E-01   2.566989E-15  -7.413723E-14  -3.749021E-16  -2.078693E-14
  1.298500000000E+01  -1.774753E+00   2.120393E-01   2.006023E-15  -1.468563E-13  -4.858652E-16  -2.155880E-14
  1.299000000000E+01  -1.773641E+00   2.318986E-01   1.138380E-15  -1.946863E-13  -5.695448E-16  -9.354002E-15
  1.299500000000E+01  -1.772442E+00   2.466387E-01   1.129659E-16  -2.091287E-13  -5.626418E-16   1.356106E-14
  1.300000000000E+01  -1.771186E+00   2.541528E-01  -8.975228E-16  -1.892127E-13  -4.216163E-16   4.335579E-14
  1.300500000000E+01  -1.769914E+00   2.530040E-01  -1.730235E-15  -1.394320E-13  -1.312242E-16   7.164545E-14
  1.301000000000E+01  -1.768671E+00   2.426642E-01  -2.260981E-15  -7.056934E-14   2.803646E-16   9.049349E-14
  1.301500000000E+01  -1.767501E+00   2.236628E-01  -2.429376E-15   2.685166E-15   7.480148E-16   9.308495E-14
  1.302000000000E+01  -1.766446E+00   1.976166E-01  -2.249408E-15   6.624568E-14   1.178116E-15   7.538608E-14
  1.302500000000E+01  -1.765532E+00   1.671243E-01  -1.802772E-15   1.075575E-13   1.473501E-15   4.003334E-14
  1.303000000000E+01  -1.764776E+00   1.355263E-01  -1.220392E-15   1.202158E-13   1.560949E-15  -6.241568E-15
  1.303500000000E+01  -1.764173E+00   1.065484E-01  -6.455667E-16   1.051158E-13   1.408311E-15  -5.387555E-14
  1.304000000000E+01  -1.763701E+00   8.386753E-02  -2.045928E-16   6.803458E-14   1.037640E-15  -9.160337E-14
  1.304500000000E+01  -1.763319E+00   7.065005E-02   1.545907E-17   1.927196E-14   5.239185E-16  -1.098119E-13
  1.305000000000E+01  -1.762975E+00   6.912404E-02  -6.561675E-18  -2.640774E-14  -2.104097E-17  -1.036522E-13
  1.305500000000E+01  -1.762607E+00   8.024374E-02  -2.218600E-16  -5.551472E-14  -4.747138E-16  -7.446348E-14
  1.306000000000E+01  -1.762153E+00   1.034972E-01  -5.172583E-16  -5.716057E-14  -7.406792E-16  -3.000118E-14
  1.306500000000E+01  -1.761556E+00   1.368908E-01  -7.491543E-16  -3.062132E-14  -7.686021E-16   1.858816E-14
  1.307000000000E+01  -1.760773E+00   1.771216E-01  -7.836727E-16   2.018242E-14  -5.669367E-16   5.966724E-14
  1.307500000000E+01  -1.759781E+00   2.199244E-01  -5.276952E-16   8.278431E-14  -1.977696E-16   8.471423E-14
  1.308000000000E+01  -1.758578E+00   2.605560E-01   3.285551E-17   1.389572E-13   2.506671E-16   9.147103E-14
  1.308500000000E+01  -1.757186E+00   2.943612E-01   8.249223E-16   1.723765E-13   6.868444E-16   8.032125E-14
  1.309000000000E+01  -1.755651E+00   3.173489E-01   1.699971E-15   1.703651E-13   1.037750E-15   5.853596E-14
  1.309500000000E+01  -1.754035E+00   3.267070E-01   2.460680E-15   1.263430E-13   1.265737E-15   3.284229E-14
  1.310000000000E+01  -1.752408E+00   3.211864E-01   2.902050E-15   4.404499E-14   1.370824E-15   1.090225E-14
  1.310500000000E+01  -1.750846E+00   3.012990E-01   2.861145E-15  -6.294128E-14   1.394180E-15   4.878638E-16
  1.311000000000E+01  -1.749415E+00   2.692973E-01   2.270288E-15  -1.716386E-13   1.392051E-15   4.598474E-16
  1.311500000000E+01  -1.748166E+00   2.289291E-01   1.179373E-15  -2.588504E-13   1.413516E-15   9.203492E-15
  1.312000000000E+01  -1.747131E+00   1.849905E-01  -2.535458E-16  -3.055755E-13   1.485401E-15   1.899488E-14
  1.312500000000E+01  -1.746314E+00   1.427302E-01  -1.791715E-15  -2.998072E-13   1.591621E-15   2.150301E-14
  1.313000000000E+01  -1.745693E+00   1.071796E-01  -3.164007E-15  -2.398603E-13   1.679935E-15   1.101009E-14
  1.313500000000E+01  -1.745225E+00   8.249788E-02  -4.115907E-15  -1.342494E-13   1.677381E-15  -1.448846E-14
  1.314000000000E+01  -1.744846E+00   7.142550E-02  -4.462952E-15  -1.890710E-15   1.514342E-15  -5.261391E-14
  1.314500000000E+01  -1.744487E+00   7.492458E-02  -4.132845E-15   1.321398E-13   1.141559E-15  -9.670965E-14
  1.315000000000E+01  -1.744075E+00   9.206366E-02  -3.179047E-15   2.433699E-13   5.532067E-16  -1.372405E-13
  1.315500000000E+01  -1.743549E+00   1.201675E-01  -1.766670E-15   3.127098E-13  -2.096809E-16  -1.649551E-13
  1.316000000000E+01  -1.742862E+00   1.552142E-01  -1.398340E-16   3.274385E-13  -1.060913E-15  -1.710245E-13
  1.316500000000E+01  -1.741993E+00   1.924212E-01   1.419382E-15   2.869802E-13  -1.879723E-15  -1.521639E-13
  1.317000000000E+01  -1.740942E+00   2.269348E-01   2.657205E-15   2.015971E-13  -2.545855E-15  -1.106268E-13
  1.317500000000E+01  -1.739735E+00   2.545156E-01   3.392971E-15   8.946114E-14  -2.960132E-15  -5.300503E-14
  1.318000000000E+01  -1.738413E+00   2.721172E-01   3.542413E-15  -2.902973E-14  -3.070212E-15   8.918528E-15
  1.318500000000E+01  -1.737032E+00   2.782707E-01   3.121497E-15  -1.354739E-13  -2.879627E-15   6.577868E-14
  1.319000000000E+01  -1.735649E+00   2.732193E-01   2.231328E-15  -2.146115E-13  -2.432238E-15   1.098177E-13
  1.319500000000E+01  -1.734315E+00   2.587912E-01   1.033016E-15  -2.577488E-13  -1.811655E-15   1.348647E-13
  1.320000000000E+01  -1.733071E+00   2.380395E-01  -2.850545E-16  -2.630207E-13  -1.114327E-15   1.410781E-13
  1.320500000000E+01  -1.731939E+00   2.147145E-01  -1.545177E-15  -2.362947E-13  -4.218409E-16   1.338040E-13
  1.321000000000E+01  -1.730922E+00   1.926603E-01  -2.607646E-15  -1.852392E-13   2.158811E-16   1.206783E-13
  1.321500000000E+01  -1.730005E+00   1.752325E-01  -3.375051E-15  -1.195376E-13   7.845186E-16   1.074237E-13
  1.322000000000E+01  -1.729158E+00   1.648256E-01  -3.791752E-15  -4.632311E-14   1.299980E-15   9.975869E-14
  1.322500000000E+01  -1.728343E+00   1.625783E-01  -3.838445E-15   2.674496E-14   1.789769E-15   9.680997E-14
  1.323000000000E+01  -1.727519E+00   1.682876E-01  -3.532441E-15   9.419455E-14   2.268568E-15   9.440186E-14
  1.323500000000E+01  -1.726650E+00   1.805329E-01  -2.912251E-15   1.519394E-13   2.723487E-15   8.562457E-14
  1.324000000000E+01  -1.725707E+00   1.969749E-01  -2.031171E-15   1.982771E-13   3.103594E-15   6.362407E-14
  1.324500000000E+01  -1.724678E+00   2.147733E-01  -9.496193E-16   2.316445E-13   3.331568E-15   2.459281E-14
  1.325000000000E+01  -1.723562E+00   2.310524E-01   2.555743E-16   2.467566E-13   3.319831E-15  -3.241807E-14
  1.325500000000E+01  -1.722374E+00   2.433437E-01   1.483657E-15   2.400420E-13   2.987620E-15  -1.021124E-13
  1.326000000000E+01  -1.721138E+00   2.499431E-01   2.613458E-15   2.068365E-13   2.296916E-15  -1.730051E-13
  1.326500000000E+01  -1.719885E+00   2.501353E-01   3.509977E-15   1.472214E-13   1.276831E-15  -2.316746E-13
  1.327000000000E+01  -1.718646E+00   2.442621E-01   4.049451E-15   6.502022E-14   2.259003E-17  -2.641259E-13
  1.327500000000E+01  -1.717450E+00   2.336301E-01   4.136825E-15  -3.164269E-14  -1.301938E-15  -2.584055E-13
  1.328000000000E+01  -1.716314E+00   2.202776E-01   3.725616E-15  -1.321202E-13  -2.495443E-15  -2.112530E-13
  1.328500000000E+01  -1.715247E+00   2.066369E-01   2.834202E-15  -2.208741E-13  -3.351139E-15  -1.248898E-13
  1.329000000000E+01  -1.714244E+00   1.951403E-01   1.558213E-15  -2.838148E-13  -3.702252E-15  -1.220795E-14
  1.329500000000E+01  -1.713289E+00   1.878289E-01   5.531069E-17  -3.102138E-13  -3.462198E-15   1.076603E-13
  1.330000000000E+01  -1.712357E+00   1.860189E-01  -1.474356E-15  -2.938067E-13  -2.647860E-15   2.140700E-13
  1.330500000000E+01  -1.711420E+00   1.900776E-01  -2.817084E-15  -2.361718E-13  -1.373415E-15   2.885670E-13
  1.331000000000E+01  -1.710448E+00   1.993435E-01  -3.784276E-15  -1.456544E-13   1.664179E-16   3.186401E-13
  1.331500000000E+01  -1.709420E+00   2.122086E-01  -4.240465E-15  -3.496759E-14   1.736535E-15   3.002842E-13
  1.332000000000E+01  -1.708324E+00   2.263547E-01  -4.132281E-15   7.702191E-14   3.093822E-15   2.354389E-13
  1.332500000000E+01  -1.707159E+00   2.391123E-01  -3.492569E-15   1.750246E-13   4.039167E-15   1.382928E-13
  1.333000000000E+01  -1.705939E+00   2.478892E-01  -2.427935E-15   2.449442E-13   4.448421E-15   2.440268E-14
  1.333500000000E+01  -1.704690E+00   2.506029E-01  -1.102390E-15   2.783879E-13   4.287641E-15  -8.646791E-14
  1.334000000000E+01  -1.703445E+00   2.460473E-01   2.936960E-16   2.734761E-13   3.618473E-15  -1.762261E-13
  1.334500000000E+01  -1.702241E+00   2.341302E-01   1.581818E-15   2.365350E-13   2.576814E-15  -2.339320E-13
  1.335000000000E+01  -1.701114E+00   2.159399E-01   2.618805E-15   1.745109E-13   1.338671E-15  -2.546266E-13
  1.335500000000E+01  -1.700089E+00   1.936243E-01   3.302045E-15   9.708747E-14   8.901775E-17  -2.388683E-13
  1.336000000000E+01  -1.699179E+00   1.700980E-01   3.585063E-15   1.633202E-14  -1.003548E-15  -1.936774E-13
  1.336500000000E+01  -1.698384E+00   1.486199E-01   3.474441E-15  -5.856026E-14  -1.817616E-15  -1.298315E-13
  1.337000000000E+01  -1.697685E+00   1.323082E-01   3.019815E-15  -1.206773E-13  -2.296774E-15  -6.173313E-14
  1.337500000000E+01  -1.697049E+00   1.236688E-01   2.291477E-15  -1.673466E-13  -2.443437E-15   8.855225E-16
  1.338000000000E+01  -1.696433E+00   1.242112E-01   1.374540E-15  -1.966369E-13  -2.313152E-15   4.794832E-14
  1.338500000000E+01  -1.695792E+00   1.342121E-01   3.523097E-16  -2.091799E-13  -1.998463E-15   7.408418E-14
  1.339000000000E+01  -1.695078E+00   1.526628E-01  -6.877108E-16  -2.035378E-13  -1.604059E-15   8.068650E-14
  1.339500000000E+01  -1.694255E+00   1.774062E-01  -1.655924E-15  -1.811271E-13  -1.215930E-15   7.287253E-14
  1.340000000000E+01  -1.693298E+00   2.054398E-01  -2.474800E-15  -1.437156E-13  -8.889053E-16   5.698805E-14
  1.340500000000E+01  -1.692201E+00   2.333380E-01  -3.074655E-15  -9.464379E-14  -6.480737E-16   3.976396E-14
  1.341000000000E+01  -1.690971E+00   2.577271E-01  -3.409044E-15  -3.803989E-14  -4.842602E-16   2.679033E-14
  1.341500000000E+01  -1.689634E+00   2.757438E-01  -3.449573E-15   2.140980E-14  -3.681906E-16   2.154882E-14
  1.342000000000E+01  -1.688227E+00   2.854103E-01  -3.202564E-15   7.640073E-14  -2.550806E-16   2.495794E-14
  1.342500000000E+01  -1.686794E+00   2.858755E-01  -2.696625E-15   1.240726E-13  -1.043123E-16   3.579370E-14
  1.343000000000E+01  -1.685382E+00   2.774904E-01  -1.985149E-15   1.578469E-13   1.029908E-16   4.692902E-14
  1.343500000000E+01  -1.684031E+00   2.617144E-01  -1.146354E-15   1.742122E-13   3.568164E-16   5.364811E-14
  1.344000000000E+01  -1.682773E+00   2.408689E-01  -2.718451E-16   1.722136E-13   6.270244E-16   5.254391E-14
  1.344500000000E+01  -1.681626E+00   2.177815E-01   5.447162E-16   1.512088E-13   8.680799E-16   4.238268E-14
  1.345000000000E+01  -1.680594E+00   1.953739E-01   1.217030E-15   1.160495E-13   1.039173E-15   2.499108E-14
  1.345500000000E+01  -1.679667E+00   1.762568E-01   1.690152E-15   7.255274E-14   1.114638E-15   5.446984E-15
  1.346000000000E+01  -1.678823E+00   1.623911E-01   1.944297E-15   2.992196E-14   1.097249E-15  -1.118782E-14
  1.346500000000E+01  -1.678033E+00   1.548639E-01   2.002680E-15  -4.775849E-15   1.014859E-15  -1.991470E-14
  1.347000000000E+01  -1.677264E+00   1.538072E-01   1.913100E-15  -2.904085E-14   9.166886E-16  -1.735032E-14
  1.347500000000E+01  -1.676486E+00   1.584667E-01   1.731575E-15  -4.163585E-14   8.581088E-16  -4.525677E-15
  1.348000000000E+01  -1.675673E+00   1.674011E-01   1.512477E-15  -4.457558E-14   8.813052E-16   1.406651E-14
  1.348500000000E+01  -1.674808E+00   1.787734E-01   1.293259E-15  -4.323463E-14   9.994877E-16   3.217976E-14
  1.349000000000E+01  -1.673884E+00   1.906783E-01   1.076475E-15  -4.424889E-14   1.186716E-15   4.011606E-14
  1.349500000000E+01  -1.672903E+00   2.014504E-01   8.389326E-16  -5.198071E-14   1.374522E-15   3.145017E-14
  1.350000000000E+01  -1.671873E+00   2.098986E-01   5.482540E-16  -6.528087E-14   1.468805E-15   2.613844E-15
  1.350500000000E+01  -1.670809E+00   2.154311E-01   1.807822E-16  -8.229572E-14   1.370170E-15  -4.495794E-14
  1.351000000000E+01  -1.669724E+00   2.180565E-01  -2.753045E-16  -9.948709E-14   1.000087E-15  -1.042873E-13
  1.351500000000E+01  -1.668632E+00   2.182717E-01  -8.022446E-16  -1.096263E-13   3.304708E-16  -1.621378E-13
  1.352000000000E+01  -1.667544E+00   2.168662E-01  -1.352930E-15  -1.079640E-13  -5.955578E-16  -2.043103E-13
  1.352500000000E+01  -1.666464E+00   2.146913E-01  -1.853996E-15  -8.900840E-14  -1.667473E-15  -2.181673E-13
  1.353000000000E+01  -1.665397E+00   2.124427E-01  -2.215595E-15  -5.262209E-14  -2.713774E-15  -1.932532E-13
  1.353500000000E+01  -1.664340E+00   2.105013E-01  -2.358335E-15  -2.983367E-15  -3.538396E-15  -1.298831E-13
  1.354000000000E+01  -1.663291E+00   2.088631E-01  -2.237389E-15   5.154231E-14  -3.959850E-15  -3.410755E-14
  1.354500000000E+01  -1.662251E+00   2.071641E-01  -1.849301E-15   1.018539E-13  -3.853537E-15   7.823766E-14
  1.355000000000E+01  -1.661221E+00   2.047929E-01  -1.243146E-15   1.368267E-13  -3.178957E-15   1.898496E-13
  1.355500000000E+01  -1.660205E+00   2.010577E-01  -5.174512E-16   1.494994E-13  -1.990329E-15   2.799602E-13
  1.356000000000E+01  -1.659213E+00   1.953741E-01   2.129756E-16   1.382321E-13  -4.423383E-16   3.312322E-13
  1.356500000000E+01  -1.658255E+00   1.874302E-01   8.271971E-16   1.039103E-13   1.244355E-15   3.345031E-13
  1.357000000000E+01  -1.657342E+00   1.773005E-01   1.225508E-15   5.323101E-14   2.821033E-15   2.877487E-13
  1.357500000000E+01  -1.656485E+00   1.654864E-01   1.349224E-15  -3.740673E-15   4.053921E-15   1.992097E-13
  1.358000000000E+01  -1.655689E+00   1.528808E-01   1.194518E-15  -5.616416E-14   4.771326E-15   8.486691E-14
  1.358500000000E+01  -1.654955E+00   1.406661E-01   8.144873E-16  -9.192763E-14   4.894309E-15  -3.475327E-14
  1.359000000000E+01  -1.654279E+00   1.301652E-01   3.122591E-16  -1.046695E-13   4.444148E-15  -1.414786E-13
  1.359500000000E+01  -1.653649E+00   1.226697E-01  -1.964733E-16  -9.511362E-14   3.523763E-15  -2.206939E-13
  1.360000000000E+01  -1.653046E+00   1.192708E-01  -6.107785E-16  -6.815588E-14   2.299979E-15  -2.620298E-13
  1.360500000000E+01  -1.652448E+00   1.207133E-01  -8.636676E-16  -3.229597E-14   9.665570E-16  -2.647708E-13
  1.361000000000E+01  -1.651831E+00   1.272868E-01  -9.352355E-16   3.086508E-15  -2.928556E-16  -2.338481E-13
  1.361500000000E+01  -1.651168E+00   1.387649E-01  -8.458002E-16   3.046015E-14  -1.335175E-15  -1.801261E-13
  1.362000000000E+01  -1.650436E+00   1.543958E-01  -6.536661E-16   4.378485E-14  -2.075806E-15  -1.152483E-13
  1.362500000000E+01  -1.649619E+00   1.729457E-01  -4.291576E-16   4.360983E-14  -2.488946E-15  -5.064351E-14
  1.363000000000E+01  -1.648705E+00   1.927927E-01  -2.332864E-16   3.333549E-14  -2.592064E-15   7.861994E-15
  1.363500000000E+01  -1.647692E+00   2.120652E-01  -1.049394E-16   1.786002E-14  -2.426903E-15   5.635723E-14
  1.364000000000E+01  -1.646588E+00   2.288177E-01  -5.160092E-17   4.285141E-15  -2.042207E-15   9.587314E-14
  1.364500000000E+01  -1.645411E+00   2.412269E-01  -5.142217E-17  -2.805478E-15  -1.481031E-15   1.275721E-13
  1.365000000000E+01  -1.644185E+00   2.477912E-01  -6.235115E-17   1.230741E-16  -7.809855E-16   1.505541E-13
  1.365500000000E+01  -1.642944E+00   2.475106E-01  -3.639871E-17   1.152213E-14   8.783174E-18   1.628827E-13
  1.366000000000E+01  -1.641722E+00   2.400221E-01   6.063571E-17   2.818076E-14   8.262965E-16   1.614224E-13
  1.366500000000E+01  -1.640555E+00   2.256712E-01   2.468327E-16   4.544325E-14   1.598377E-15   1.445639E-13
  1.367000000000E+01  -1.639474E+00   2.055047E-01   5.005639E-16   5.392018E-14   2.245564E-15   1.112326E-13
  1.367500000000E+01  -1.638506E+00   1.811832E-01   7.679746E-16   5.040931E-14   2.687810E-15   6.290357E-14
  1.368000000000E+01  -1.637666E+00   1.548195E-01   9.821413E-16   3.292289E-14   2.856663E-15   3.072917E-15
  1.368500000000E+01  -1.636958E+00   1.287655E-01   1.075284E-15   1.780316E-15   2.714458E-15  -5.928310E-14
  1.369000000000E+01  -1.636374E+00   1.053722E-01   9.867683E-16  -3.817574E-14   2.277189E-15  -1.129915E-13
  1.369500000000E+01  -1.635896E+00   8.675435E-02   6.926000E-16  -7.852197E-14   1.614908E-15  -1.477158E-13
  1.370000000000E+01  -1.635496E+00   7.458663E-02   2.168549E-16  -1.097061E-13   8.372434E-16  -1.587641E-13
  1.370500000000E+01  -1.635138E+00   6.995178E-02  -3.820881E-16  -1.266592E-13   6.660308E-17  -1.453001E-13
  1.371000000000E+01  -1.634784E+00   7.325171E-02  -1.018905E-15  -1.243709E-13  -5.851818E-16  -1.125767E-13
  1.371500000000E+01  -1.634394E+00   8.418305E-02  -1.592027E-15  -1.012537E-13  -1.040102E-15  -6.839583E-14
  1.372000000000E+01  -1.633931E+00   1.017714E-01  -2.002195E-15  -5.996139E-14  -1.270293E-15  -2.478014E-14
  1.372500000000E+01  -1.633368E+00   1.244538E-01  -2.171148E-15  -5.891095E-15  -1.306402E-15   7.604154E-15
  1.373000000000E+01  -1.632682E+00   1.501995E-01  -2.052303E-15   5.304125E-14  -1.222522E-15   2.269935E-14
  1.373500000000E+01  -1.631864E+00   1.766591E-01  -1.651134E-15   1.054762E-13  -1.108817E-15   1.975922E-14
  1.374000000000E+01  -1.630918E+00   2.013375E-01  -1.023195E-15   1.421044E-13  -1.045725E-15   4.159943E-15
  1.374500000000E+01  -1.629858E+00   2.217839E-01  -2.670463E-16   1.561722E-13  -1.069651E-15  -1.306660E-14
  1.375000000000E+01  -1.628711E+00   2.357944E-01   5.018737E-16   1.474618E-13  -1.161613E-15  -2.109825E-14
  1.375500000000E+01  -1.627513E+00   2.416187E-01   1.173253E-15   1.175721E-13  -1.250163E-15  -1.017933E-14
  1.376000000000E+01  -1.626309E+00   2.381530E-01   1.647895E-15   6.988799E-14  -1.228338E-15   2.261653E-14
  1.376500000000E+01  -1.625147E+00   2.251021E-01   1.855156E-15   1.154461E-14  -9.988518E-16   7.104238E-14
  1.377000000000E+01  -1.624073E+00   2.030849E-01   1.758750E-15  -4.958540E-14  -5.103862E-16   1.239859E-13
  1.377500000000E+01  -1.623128E+00   1.736592E-01   1.368283E-15  -1.044590E-13   2.243608E-16   1.665329E-13
  1.378000000000E+01  -1.622344E+00   1.392509E-01   7.355604E-16  -1.460494E-13   1.112756E-15   1.827570E-13
  1.378500000000E+01  -1.621739E+00   1.029762E-01  -6.721175E-17  -1.721586E-13   1.992016E-15   1.618497E-13
  1.379000000000E+01  -1.621312E+00   6.836714E-02  -9.564977E-16  -1.802121E-13   2.667216E-15   1.015704E-13
  1.379500000000E+01  -1.621046E+00   3.901987E-02  -1.838358E-15  -1.686950E-13   2.959910E-15   1.136526E-14
  1.380000000000E+01  -1.620908E+00   1.820313E-02  -2.611935E-15  -1.374557E-13   2.760109E-15  -9.145560E-14
  1.380500000000E+01  -1.620847E+00   8.470786E-03  -3.183704E-15  -8.838724E-14   2.061934E-15  -1.840119E-13
  1.381000000000E+01  -1.620803E+00   1.132848E-02  -3.471123E-15  -2.413608E-14   9.721505E-16  -2.445808E-13
  1.381500000000E+01  -1.620713E+00   2.699969E-02  -3.409519E-15   4.955634E-14  -3.064812E-16  -2.572408E-13
  1.382000000000E+01  -1.620514E+00   5.432774E-02  -2.973850E-15   1.245235E-13  -1.513713E-15  -2.160952E-13
  1.382500000000E+01  -1.620155E+00   9.083484E-02  -2.173864E-15   1.937772E-13  -2.391778E-15  -1.276728E-13
  1.383000000000E+01  -1.619597E+00   1.329407E-01  -1.059452E-15   2.485727E-13  -2.742572E-15  -9.413246E-15
  1.383500000000E+01  -1.618823E+00   1.763239E-01   2.734323E-16   2.794871E-13  -2.479228E-15   1.132378E-13
  1.384000000000E+01  -1.617839E+00   2.163894E-01   1.683721E-15   2.783929E-13  -1.647690E-15   2.128439E-13
  1.384500000000E+01  -1.616672E+00   2.487913E-01   2.999893E-15   2.415761E-13  -4.257630E-16   2.662736E-13
  1.385000000000E+01  -1.615369E+00   2.699487E-01   4.043241E-15   1.696797E-13   9.234673E-16   2.626340E-13
  1.385500000000E+01  -1.613994E+00   2.774905E-01   4.649249E-15   6.853412E-14   2.111982E-15   2.034923E-13
  1.386000000000E+01  -1.612617E+00   2.705680E-01   4.702242E-15  -4.877326E-14   2.889662E-15   1.020932E-13
  1.386500000000E+01  -1.611310E+00   2.499897E-01   4.162398E-15  -1.658548E-13   3.103482E-15  -1.757639E-14
  1.387000000000E+01  -1.610136E+00   2.181507E-01   3.068629E-15  -2.673645E-13   2.724536E-15  -1.305397E-13
  1.387500000000E+01  -1.609141E+00   1.787589E-01   1.536067E-15  -3.389649E-13   1.848883E-15  -2.122577E-13
  1.388000000000E+01  -1.608353E+00   1.363845E-01  -2.560141E-16  -3.694065E-13   6.782658E-16  -2.468409E-13
  1.388500000000E+01  -1.607774E+00   9.588851E-02  -2.080558E-15  -3.519278E-13  -5.363669E-16  -2.298241E-13
  1.389000000000E+01  -1.607384E+00   6.180711E-02  -3.703431E-15  -2.894191E-13  -1.550556E-15  -1.695885E-13
  1.389500000000E+01  -1.607140E+00   3.777472E-02  -4.914945E-15  -1.897294E-13  -2.188521E-15  -8.259435E-14
  1.390000000000E+01  -1.606986E+00   2.607001E-02  -5.561596E-15  -6.608252E-14  -2.368629E-15   9.548072E-15
  1.390500000000E+01  -1.606858E+00   2.735012E-02  -5.563982E-15   6.508560E-14  -2.116629E-15   8.672055E-14
  1.391000000000E+01  -1.606693E+00   4.061195E-02  -4.920823E-15   1.898464E-13  -1.548518E-15   1.340107E-13
  1.391500000000E+01  -1.606437E+00   6.338465E-02  -3.700568E-15   2.932481E-13  -8.345454E-16   1.449350E-13
  1.392000000000E+01  -1.606050E+00   9.212171E-02  -2.038191E-15   3.650650E-13  -1.481502E-16   1.246341E-13
  1.392500000000E+01  -1.605513E+00   1.227302E-01  -1.137879E-16   3.970408E-13   3.748329E-16   8.175975E-14
  1.393000000000E+01  -1.604826E+00   1.511547E-01   1.858387E-15   3.839594E-13   6.576388E-16   3.129957E-14
  1.393500000000E+01  -1.604010E+00   1.739269E-01   3.656455E-15   3.275768E-13   6.990850E-16  -1.233862E-14
  1.394000000000E+01  -1.603100E+00   1.886008E-01   5.070877E-15   2.318366E-13   5.639101E-16  -3.745678E-14
  1.394500000000E+01  -1.602139E+00   1.940141E-01   5.927035E-15   1.066395E-13   3.640165E-16  -3.812185E-14
  1.395000000000E+01  -1.601174E+00   1.903472E-01   6.112621E-15  -3.414314E-14   2.208688E-16  -1.567639E-14
  1.395500000000E+01  -1.600248E+00   1.789836E-01   5.584139E-15  -1.758143E-13   2.310016E-16   2.139140E-14
  1.396000000000E+01  -1.599393E+00   1.622064E-01   4.382398E-15  -3.003335E-13   4.393714E-16   6.132643E-14
  1.396500000000E+01  -1.598630E+00   1.427865E-01   2.637270E-15  -3.901870E-13   8.285633E-16   9.187878E-14
  1.397000000000E+01  -1.597965E+00   1.235330E-01   5.554743E-16  -4.329882E-13   1.328116E-15   1.035263E-13
  1.397500000000E+01  -1.597391E+00   1.068738E-01  -1.603004E-15  -4.199723E-13   1.822841E-15   8.969168E-14
  1.398000000000E+01  -1.596889E+00   9.452564E-02  -3.552881E-15  -3.506646E-13   2.183905E-15   5.021564E-14
  1.398500000000E+01  -1.596437E+00   8.729775E-02  -5.034605E-15  -2.349808E-13   2.292373E-15  -9.845270E-15
  1.399000000000E+01  -1.596008E+00   8.504683E-02  -5.852980E-15  -8.861958E-14   2.068703E-15  -8.048228E-14
  1.399500000000E+01  -1.595580E+00   8.678320E-02  -5.905783E-15   6.678897E-14   1.491469E-15  -1.491736E-13
  1.400000000000E+01  -1.595137E+00   9.090421E-02  -5.209670E-15   2.070465E-13   5.999309E-16  -2.039110E-13
  1.400500000000E+01  -1.594670E+00   9.551578E-02  -3.889432E-15   3.128577E-13  -5.126818E-16  -2.363575E-13
  1.401000000000E+01  -1.594184E+00   9.879160E-02  -2.162697E-15   3.672940E-13  -1.718344E-15  -2.401792E-13
  1.401500000000E+01  -1.593687E+00   9.931488E-02  -3.144500E-16   3.612454E-13  -2.862162E-15  -2.116053E-13
  1.402000000000E+01  -1.593196E+00   9.634978E-02   1.357493E-15   2.982483E-13  -3.783251E-15  -1.516448E-13
  1.402500000000E+01  -1.592729E+00   8.999882E-02   2.597525E-15   1.916411E-13  -4.339409E-15  -6.723115E-14
  1.403000000000E+01  -1.592300E+00   8.121748E-02   3.239306E-15   6.320887E-14  -4.433739E-15   3.109133E-14
  1.403500000000E+01  -1.591918E+00   7.167786E-02   3.235294E-15  -6.182429E-14  -4.026460E-15   1.312985E-13
  1.404000000000E+01  -1.591581E+00   6.349620E-02   2.664740E-15  -1.597804E-13  -3.133590E-15   2.230545E-13
  1.404500000000E+01  -1.591277E+00   5.886219E-02   1.709608E-15  -2.132947E-13  -1.834032E-15   2.918605E-13
  1.405000000000E+01  -1.590984E+00   5.962683E-02   6.158765E-16  -2.149136E-13  -2.643453E-16   3.299227E-13
  1.405500000000E+01  -1.590671E+00   6.691714E-02  -3.614234E-16  -1.680215E-13   1.402747E-15   3.295996E-13
  1.406000000000E+01  -1.590304E+00   8.084684E-02  -1.008715E-15  -8.674738E-14   2.965297E-15   2.886779E-13
  1.406500000000E+01  -1.589853E+00   1.003809E-01  -1.211203E-15   5.873595E-15   4.232253E-15   2.121137E-13
  1.407000000000E+01  -1.589295E+00   1.233891E-01  -9.701196E-16   8.646707E-14   5.044461E-15   1.092456E-13
  1.407500000000E+01  -1.588618E+00   1.468937E-01  -3.988617E-16   1.344889E-13   5.301560E-15  -7.840099E-15
  1.408000000000E+01  -1.587830E+00   1.674817E-01   3.008572E-16   1.364739E-13   4.966009E-15  -1.246020E-13
  1.408500000000E+01  -1.586954E+00   1.818214E-01   8.895970E-16   9.121913E-14   4.080491E-15  -2.255426E-13
  1.409000000000E+01  -1.586026E+00   1.872031E-01   1.153802E-15   9.281471E-15   2.755470E-15  -2.983324E-13
  1.409500000000E+01  -1.585099E+00   1.820107E-01   9.551608E-16  -8.966974E-14   1.158174E-15  -3.336039E-13
  1.410000000000E+01  -1.584224E+00   1.660456E-01   2.680553E-16  -1.814591E-13  -5.133371E-16  -3.274295E-13
  1.410500000000E+01  -1.583453E+00   1.406397E-01  -8.095887E-16  -2.421229E-13  -2.052734E-15  -2.815524E-13
  1.411000000000E+01  -1.582828E+00   1.085327E-01  -2.073098E-15  -2.535280E-13  -3.275810E-15  -2.023706E-13
  1.411500000000E+01  -1.582373E+00   7.352669E-02  -3.252074E-15  -2.083327E-13  -4.039761E-15  -1.005196E-13
  1.412000000000E+01  -1.582091E+00   3.996691E-02  -4.073639E-15  -1.120818E-13  -4.271299E-15   7.697828E-15
  1.412500000000E+01  -1.581964E+00   1.212900E-02  -4.320322E-15   1.691762E-14  -3.980439E-15   1.058158E-13
  1.413000000000E+01  -1.581954E+00  -6.393784E-03  -3.891289E-15   1.537167E-13  -3.247955E-15   1.819253E-13
  1.413500000000E+01  -1.582009E+00  -1.320814E-02  -2.815122E-15   2.708992E-13  -2.214375E-15   2.245574E-13
  1.414000000000E+01  -1.582066E+00  -7.464302E-03  -1.253459E-15   3.440070E-13  -1.063711E-15   2.291393E-13
  1.414500000000E+01  -1.582065E+00   1.002531E-02   5.309321E-16   3.587751E-13   2.170007E-17   1.993452E-13
  1.415000000000E+01  -1.581951E+00   3.690787E-02   2.238113E-15   3.141056E-13   8.873089E-16   1.430857E-13
  1.415500000000E+01  -1.581686E+00   6.963070E-02   3.594191E-15   2.214366E-13   1.428267E-15   7.174911E-14
  1.416000000000E+01  -1.581252E+00   1.039463E-01   4.408874E-15   1.016382E-13   1.603240E-15  -8.790798E-16
  1.416500000000E+01  -1.580651E+00   1.355038E-01   4.605701E-15  -2.143920E-14   1.438963E-15  -6.167100E-14
  1.417000000000E+01  -1.579908E+00   1.604389E-01   4.223932E-15  -1.263765E-13   1.020851E-15  -1.009684E-13
  1.417500000000E+01  -1.579062E+00   1.758745E-01   3.400231E-15  -1.960170E-13   4.719109E-16  -1.134552E-13
  1.418000000000E+01  -1.578167E+00   1.802647E-01   2.330926E-15  -2.242352E-13  -6.943960E-17  -9.838853E-14
  1.418500000000E+01  -1.577277E+00   1.735346E-01   1.219793E-15  -2.145352E-13  -4.733343E-16  -5.966364E-14
  1.419000000000E+01  -1.576447E+00   1.570065E-01   2.254261E-16  -1.799164E-13  -6.442266E-16  -7.392818E-15
  1.419500000000E+01  -1.575719E+00   1.331323E-01  -5.646228E-16  -1.358991E-13  -5.474479E-16   4.486032E-14
  1.420000000000E+01  -1.575122E+00   1.050812E-01  -1.143153E-15  -9.756206E-14  -2.138409E-16   8.519137E-14
  1.420500000000E+01  -1.574669E+00   7.625475E-02  -1.566865E-15  -7.505579E-14   2.701190E-16   1.039375E-13
  1.421000000000E+01  -1.574356E+00   4.980673E-02  -1.923041E-15  -7.037642E-14   7.830069E-16   9.669716E-14
  1.421500000000E+01  -1.574163E+00   2.824281E-02  -2.293646E-15  -7.933632E-14   1.198067E-15   6.523761E-14
  1.422000000000E+01  -1.574063E+00   1.315670E-02  -2.717502E-15  -8.907500E-14   1.407642E-15   1.643823E-14
  1.422500000000E+01  -1.574021E+00   5.134208E-03  -3.163958E-15  -8.630497E-14   1.352689E-15  -3.868119E-14
  1.423000000000E+01  -1.574001E+00   3.825134E-03  -3.541235E-15  -5.948958E-14   1.034092E-15  -8.636062E-14
  1.423500000000E+01  -1.573973E+00   8.154071E-03  -3.713485E-15  -4.134870E-15   5.216677E-16  -1.137666E-13
  1.424000000000E+01  -1.573913E+00   1.661799E-02  -3.542152E-15   7.638617E-14  -5.696003E-17  -1.124778E-13
  1.424500000000E+01  -1.573803E+00   2.760708E-02  -2.930363E-15   1.690757E-13  -5.590581E-16  -8.352773E-14
  1.425000000000E+01  -1.573635E+00   3.968624E-02  -1.861415E-15   2.551179E-13  -8.565019E-16  -3.239864E-14
  1.425500000000E+01  -1.573406E+00   5.178842E-02  -4.276104E-16   3.113952E-13  -8.629814E-16   3.074960E-14
  1.426000000000E+01  -1.573118E+00   6.329314E-02   1.176317E-15   3.204821E-13  -5.547416E-16   9.051221E-14
  1.426500000000E+01  -1.572775E+00   7.399001E-02   2.688196E-15   2.742289E-13   1.213994E-17   1.315981E-13
  1.427000000000E+01  -1.572379E+00   8.395167E-02   3.833687E-15   1.756180E-13   7.139690E-16   1.429121E-13
  1.427500000000E+01  -1.571936E+00   9.335739E-02   4.383024E-15   3.936380E-14   1.384076E-15   1.185643E-13
  1.428000000000E+01  -1.571446E+00   1.023158E-01   4.204108E-15  -1.108305E-13   1.847739E-15   6.209896E-14
  1.428500000000E+01  -1.570914E+00   1.107306E-01   3.300630E-15  -2.449741E-13   1.970606E-15  -1.533171E-14
  1.429000000000E+01  -1.570341E+00   1.182387E-01   1.822020E-15  -3.369691E-13   1.688212E-15  -9.675710E-14
  1.429500000000E+01  -1.569734E+00   1.242324E-01   2.944253E-17  -3.678570E-13   1.026446E-15  -1.641738E-13
  1.430000000000E+01  -1.569102E+00   1.279554E-01  -1.746205E-15  -3.304896E-13   9.141724E-17  -2.034708E-13
  1.430500000000E+01  -1.568459E+00   1.286479E-01  -3.175855E-15  -2.316785E-13  -9.452052E-16  -2.036579E-13
  1.431000000000E+01  -1.567821E+00   1.257079E-01  -3.995187E-15  -9.055654E-14  -1.876756E-15  -1.617450E-13
  1.431500000000E+01  -1.567208E+00   1.188340E-01  -4.058366E-15   6.514287E-14  -2.503138E-15  -8.299955E-14
  1.432000000000E+01  -1.566639E+00   1.081245E-01  -3.370152E-15   2.042789E-13  -2.672214E-15   1.753451E-14
  1.432500000000E+01  -1.566132E+00   9.411670E-02  -2.082442E-15   3.012250E-13  -2.324109E-15   1.203856E-13
  1.433000000000E+01  -1.565702E+00   7.776539E-02  -4.555131E-16   3.375952E-13  -1.496789E-15   2.057075E-13
  1.433500000000E+01  -1.565356E+00   6.036697E-02   1.187125E-15   3.077429E-13  -3.184307E-16   2.583842E-13
  1.434000000000E+01  -1.565097E+00   4.344431E-02   2.527902E-15   2.194839E-13   1.014958E-15   2.666367E-13
  1.434500000000E+01  -1.564918E+00   2.860709E-02   3.318752E-15   9.203832E-14   2.272850E-15   2.282249E-13
  1.435000000000E+01  -1.564805E+00   1.740136E-02   3.428448E-15  -4.758651E-14   3.231312E-15   1.492456E-13
  1.435500000000E+01  -1.564736E+00   1.115900E-02   2.871763E-15  -1.696506E-13   3.726494E-15   4.595312E-14
  1.436000000000E+01  -1.564684E+00   1.085527E-02   1.796091E-15  -2.520117E-13   3.677821E-15  -6.534711E-14
  1.436500000000E+01  -1.564618E+00   1.698298E-02   4.369853E-16  -2.817262E-13   3.088875E-15  -1.666652E-13
  1.437000000000E+01  -1.564504E+00   2.945383E-02  -9.362823E-16  -2.584301E-13   2.054790E-15  -2.407264E-13
  1.437500000000E+01  -1.564314E+00   4.754052E-02  -2.077339E-15  -1.911680E-13   7.456253E-16  -2.752887E-13
  1.438000000000E+01  -1.564022E+00   6.987519E-02  -2.804030E-15  -9.658134E-14  -6.268070E-16  -2.656993E-13
  1.438500000000E+01  -1.563612E+00   9.451787E-02  -3.030948E-15   5.374747E-15  -1.845598E-15  -2.149936E-13
  1.439000000000E+01  -1.563077E+00   1.191024E-01  -2.766025E-15   9.711174E-14  -2.725011E-15  -1.320023E-13
  1.439500000000E+01  -1.562425E+00   1.410556E-01  -2.106472E-15   1.607903E-13  -3.133963E-15  -2.956789E-14
  1.440000000000E+01  -1.561675E+00   1.578729E-01  -1.211680E-15   1.906864E-13  -3.014584E-15   7.652766E-14
  1.440500000000E+01  -1.560858E+00   1.674172E-01  -2.517253E-16   1.883126E-13  -2.387987E-15   1.706344E-13
  1.441000000000E+01  -1.560014E+00   1.682018E-01   6.298705E-16   1.602881E-13  -1.346464E-15   2.407817E-13
  1.441500000000E+01  -1.559191E+00   1.596117E-01   1.327197E-15   1.171390E-13  -3.473634E-17   2.773636E-13
  1.442000000000E+01  -1.558433E+00   1.420258E-01   1.793836E-15   6.967719E-14   1.366937E-15   2.766117E-13
  1.442500000000E+01  -1.557783E+00   1.168148E-01   2.028801E-15   2.565780E-14   2.671520E-15   2.388460E-13
  1.443000000000E+01  -1.557273E+00   8.621104E-02   2.066275E-15  -8.778598E-15   3.706248E-15   1.699800E-13
  1.443500000000E+01  -1.556925E+00   5.306498E-02   1.958503E-15  -3.228578E-14   4.332729E-15   7.702629E-14
  1.444000000000E+01  -1.556742E+00   2.052460E-02   1.756977E-15  -4.734796E-14   4.455154E-15  -2.895247E-14
  1.444500000000E+01  -1.556714E+00  -8.317016E-03   1.492642E-15  -5.770220E-14   4.045844E-15  -1.334194E-13
  1.445000000000E+01  -1.556815E+00  -3.075580E-02   1.181595E-15  -6.706238E-14   3.143987E-15  -2.235197E-13
  1.445500000000E+01  -1.557008E+00  -4.474943E-02   8.182257E-16  -7.872654E-14   1.853655E-15  -2.872348E-13
  1.446000000000E+01  -1.557247E+00  -4.909879E-02   3.946009E-16  -9.068432E-14   3.279026E-16  -3.162615E-13
  1.446500000000E+01  -1.557483E+00  -4.352516E-02  -8.666156E-17  -1.009547E-13  -1.245681E-15  -3.062168E-13
  1.447000000000E+01  -1.557667E+00  -2.864732E-02  -6.055291E-16  -1.047355E-13  -2.672904E-15  -2.585747E-13
  1.447500000000E+01  -1.557756E+00  -5.876142E-03  -1.117992E-15  -9.820875E-14  -3.785090E-15  -1.816207E-13
  1.448000000000E+01  -1.557716E+00   2.274866E-02  -1.566941E-15  -7.886639E-14  -4.457923E-15  -8.552303E-14
  1.448500000000E+01  -1.557523E+00   5.475327E-02  -1.884312E-15  -4.598008E-14  -4.632330E-15   1.537678E-14
  1.449000000000E+01  -1.557168E+00   8.743444E-02  -2.011458E-15  -3.280381E-15  -4.320148E-15   1.065430E-13
  1.449500000000E+01  -1.556652E+00   1.180590E-01  -1.909875E-15   4.364669E-14  -3.602408E-15   1.763329E-13
  1.450000000000E+01  -1.555995E+00   1.440515E-01  -1.580772E-15   8.645448E-14  -2.603555E-15   2.174884E-13
  1.450500000000E+01  -1.555223E+00   1.631671E-01  -1.062083E-15   1.186921E-13  -1.479559E-15   2.264208E-13
  1.451000000000E+01  -1.554377E+00   1.736508E-01  -4.207025E-16   1.348823E-13  -3.885565E-16   2.051183E-13
  1.451500000000E+01  -1.553502E+00   1.743797E-01   2.575690E-16   1.328024E-13   5.331929E-16   1.602775E-13
  1.452000000000E+01  -1.552649E+00   1.649832E-01   8.779411E-16   1.129014E-13   1.192985E-15   1.023409E-13
  1.452500000000E+01  -1.551868E+00   1.459278E-01   1.368216E-15   8.155195E-14   1.556068E-15   4.384191E-14
  1.453000000000E+01  -1.551203E+00   1.185511E-01   1.686484E-15   4.521348E-14   1.648096E-15  -4.822005E-15
  1.453500000000E+01  -1.550692E+00   8.502762E-02   1.822676E-15   1.017650E-14   1.531400E-15  -3.880469E-14
  1.454000000000E+01  -1.550358E+00   4.825187E-02   1.800160E-15  -1.771847E-14   1.289170E-15  -5.508082E-14
  1.454500000000E+01  -1.550209E+00   1.163209E-02   1.660209E-15  -3.649645E-14   1.007163E-15  -5.521378E-14
  1.455000000000E+01  -1.550236E+00  -2.119981E-02   1.450790E-15  -4.570623E-14   7.525442E-16  -4.528119E-14
  1.455500000000E+01  -1.550410E+00  -4.674394E-02   1.213527E-15  -4.853836E-14   5.631365E-16  -3.009723E-14
  1.456000000000E+01  -1.550687E+00  -6.202041E-02   9.671284E-16  -4.979666E-14   4.483962E-16  -1.698439E-14
  1.456500000000E+01  -1.551010E+00  -6.494566E-02   7.128254E-16  -5.269249E-14   3.823718E-16  -1.093874E-14
  1.457000000000E+01  -1.551315E+00  -5.464607E-02   4.306617E-16  -6.113292E-14   3.248741E-16  -1.383619E-14
  1.457500000000E+01  -1.551536E+00  -3.165835E-02   8.906438E-17  -7.681001E-14   2.301891E-16  -2.524403E-14
  1.458000000000E+01  -1.551614E+00   2.025254E-03  -3.454083E-16  -9.755658E-14   6.830975E-17  -3.980524E-14
  1.458500000000E+01  -1.551504E+00   4.309239E-02  -8.858465E-16  -1.177361E-13  -1.666282E-16  -5.346993E-14
  1.459000000000E+01  -1.551179E+00   8.722842E-02  -1.508524E-15  -1.289757E-13  -4.555148E-16  -6.047497E-14
  1.459500000000E+01  -1.550635E+00   1.295912E-01  -2.146615E-15  -1.224544E-13  -7.577250E-16  -5.882622E-14
  1.460000000000E+01  -1.549893E+00   1.653906E-01  -2.696303E-15  -9.319675E-14  -1.027124E-15  -4.691958E-14
  1.460500000000E+01  -1.548998E+00   1.904977E-01  -3.040193E-15  -4.019844E-14  -1.213459E-15  -2.631057E-14
  1.461000000000E+01  -1.548010E+00   2.019988E-01  -3.065451E-15   3.309236E-14  -1.282614E-15  -7.560308E-16
  1.461500000000E+01  -1.547002E+00   1.986067E-01  -2.694242E-15   1.157398E-13  -1.222139E-15   2.405272E-14
  1.462000000000E+01  -1.546047E+00   1.808620E-01  -1.917758E-15   1.924491E-13  -1.052657E-15   4.201787E-14
  1.462500000000E+01  -1.545213E+00   1.510831E-01  -8.008623E-16   2.494627E-13  -8.197924E-16   4.932259E-14
  1.463000000000E+01  -1.544549E+00   1.130624E-01   5.243271E-16   2.739217E-13  -5.740649E-16   4.738175E-14
  1.463500000000E+01  -1.544087E+00   7.154968E-02   1.869299E-15   2.566402E-13  -3.542472E-16   3.980379E-14
  1.464000000000E+01  -1.543831E+00   3.159595E-02   3.025930E-15   1.990921E-13  -1.766561E-16   3.170935E-14
  1.464500000000E+01  -1.543762E+00  -2.139658E-03   3.804419E-15   1.070914E-13  -2.959573E-17   2.823674E-14
  1.465000000000E+01  -1.543837E+00  -2.601366E-02   4.055205E-15  -9.567346E-15   1.199703E-16   3.335926E-14
  1.465500000000E+01  -1.544002E+00  -3.785538E-02   3.698910E-15  -1.322116E-13   3.205981E-16   4.857376E-14
  1.466000000000E+01  -1.544195E+00  -3.718979E-02   2.756453E-15  -2.404960E-13   6.186907E-16   7.181198E-14
  1.466500000000E+01  -1.544356E+00  -2.519860E-02   1.346552E-15  -3.164291E-13   1.043523E-15   9.786336E-14
  1.467000000000E+01  -1.544433E+00  -4.436998E-03  -3.335712E-16  -3.464153E-13   1.589966E-15   1.187703E-13
  1.467500000000E+01  -1.544392E+00   2.163628E-02  -2.031968E-15  -3.237389E-13   2.207673E-15   1.247920E-13
  1.468000000000E+01  -1.544215E+00   4.922908E-02  -3.491595E-15  -2.519560E-13   2.805102E-15   1.100568E-13
  1.468500000000E+01  -1.543903E+00   7.478818E-02  -4.490275E-15  -1.421009E-13   3.273189E-15   7.356574E-14
  1.469000000000E+01  -1.543474E+00   9.548210E-02  -4.879137E-15  -1.133966E-14   3.509862E-15   1.796563E-14
  1.469500000000E+01  -1.542959E+00   1.095246E-01  -4.602986E-15   1.200907E-13   3.436297E-15  -4.865584E-14
  1.470000000000E+01  -1.542391E+00   1.163021E-01  -3.713160E-15   2.302103E-13   3.023145E-15  -1.153613E-13
  1.470500000000E+01  -1.541807E+00   1.163040E-01  -2.363403E-15   3.015641E-13   2.299467E-15  -1.715679E-13
  1.471000000000E+01  -1.541237E+00   1.108880E-01  -7.715442E-16   3.262663E-13   1.338368E-15  -2.087306E-13
  1.471500000000E+01  -1.540703E+00   1.019364E-01   8.193678E-16   3.016693E-13   2.539107E-16  -2.204740E-13
  1.472000000000E+01  -1.540220E+00   9.147089E-02   2.177819E-15   2.352758E-13  -8.251960E-16  -2.069942E-13
  1.472500000000E+01  -1.539788E+00   8.129275E-02   3.123878E-15   1.391967E-13  -1.780272E-15  -1.720136E-13
  1.473000000000E+01  -1.539404E+00   7.270439E-02   3.553023E-15   3.204958E-14  -2.526273E-15  -1.248294E-13
  1.473500000000E+01  -1.539058E+00   6.634897E-02   3.452696E-15  -6.981381E-14  -3.021441E-15  -7.340119E-14
  1.474000000000E+01  -1.538737E+00   6.218345E-02   2.884989E-15  -1.525181E-13  -3.267487E-15  -2.645166E-14
  1.474500000000E+01  -1.538433E+00   5.957872E-02   1.978352E-15  -2.040074E-13  -3.302681E-15   1.048340E-14
  1.475000000000E+01  -1.538140E+00   5.752192E-02   8.978486E-16  -2.221743E-13  -3.177244E-15   3.800422E-14
  1.475500000000E+01  -1.537859E+00   5.488284E-02  -1.964017E-16  -2.109927E-13  -2.934048E-15   5.851233E-14
  1.476000000000E+01  -1.537594E+00   5.069760E-02  -1.173173E-15  -1.759692E-13  -2.592762E-15   7.835536E-14
  1.476500000000E+01  -1.537355E+00   4.442171E-02  -1.927613E-15  -1.235538E-13  -2.143766E-15   1.026139E-13
  1.477000000000E+01  -1.537153E+00   3.610793E-02  -2.395808E-15  -6.299155E-14  -1.555419E-15   1.339274E-13
  1.477500000000E+01  -1.536996E+00   2.647513E-02  -2.557730E-15  -2.508190E-15  -7.974611E-16   1.695741E-13
  1.478000000000E+01  -1.536888E+00   1.684961E-02  -2.431700E-15   5.172116E-14   1.375934E-16   2.035958E-13
  1.478500000000E+01  -1.536825E+00   8.980076E-03  -2.055810E-15   9.646017E-14   1.221327E-15   2.268923E-13
  1.479000000000E+01  -1.536793E+00   4.749426E-03  -1.490923E-15   1.269394E-13   2.372184E-15   2.288977E-13
  1.479500000000E+01  -1.536769E+00   5.826572E-03  -8.100452E-16   1.427841E-13   3.460759E-15   2.007523E-13
  1.480000000000E+01  -1.536724E+00   1.331698E-02  -8.769303E-17   1.433005E-13   4.326126E-15   1.397750E-13
  1.480500000000E+01  -1.536625E+00   2.747677E-02   5.988093E-16   1.287630E-13   4.811718E-15   4.989211E-14
  1.481000000000E+01  -1.536440E+00   4.754985E-02   1.178760E-15   1.010200E-13   4.796392E-15  -5.759948E-14
  1.481500000000E+01  -1.536143E+00   7.177013E-02   1.591592E-15   6.265837E-14   4.236087E-15  -1.644232E-13
  1.482000000000E+01  -1.535720E+00   9.754333E-02   1.795826E-15   1.854803E-14   3.185489E-15  -2.503981E-13
  1.482500000000E+01  -1.535170E+00   1.217893E-01   1.779821E-15  -2.408184E-14   1.794894E-15  -2.972721E-13
  1.483000000000E+01  -1.534509E+00   1.413943E-01   1.566417E-15  -5.961913E-14   2.948051E-16  -2.935144E-13
  1.483500000000E+01  -1.533768E+00   1.536973E-01   1.204235E-15  -8.226602E-14  -1.058600E-15  -2.391814E-13
  1.484000000000E+01  -1.532987E+00   1.569254E-01   7.711727E-16  -8.751023E-14  -2.031809E-15  -1.441770E-13
  1.484500000000E+01  -1.532214E+00   1.504969E-01   3.592326E-16  -7.374577E-14  -2.465724E-15  -2.772858E-14
  1.485000000000E+01  -1.531496E+00   1.351366E-01   6.038558E-17  -4.315466E-14  -2.312925E-15   8.605762E-14
  1.485500000000E+01  -1.530874E+00   1.127786E-01  -5.638615E-17  -2.397808E-15  -1.648290E-15   1.729556E-13
  1.486000000000E+01  -1.530375E+00   8.627475E-02   3.795588E-17   3.898170E-14  -6.608804E-16   2.123184E-13
  1.486500000000E+01  -1.530012E+00   5.896212E-02   3.154859E-16   6.952535E-14   3.868327E-16   1.965903E-13
  1.487000000000E+01  -1.529782E+00   3.416614E-02   7.036743E-16   8.237281E-14   1.222303E-15   1.289746E-13
  1.487500000000E+01  -1.529662E+00   1.472872E-02   1.104569E-15   7.392358E-14   1.615149E-15   2.348819E-14
  1.488000000000E+01  -1.529622E+00   2.638910E-03   1.409141E-15   4.455859E-14   1.439183E-15  -9.395644E-14
  1.488500000000E+01  -1.529623E+00  -1.178650E-03   1.523699E-15  -9.398733E-16   6.984059E-16  -1.974924E-13
  1.489000000000E+01  -1.529621E+00   3.103882E-03   1.386943E-15  -5.421265E-14  -4.744663E-16  -2.626177E-13
  1.489500000000E+01  -1.529580E+00   1.435135E-02   9.872616E-16  -1.039649E-13  -1.839675E-15  -2.728861E-13
  1.490000000000E+01  -1.529469E+00   3.072351E-02   3.710416E-16  -1.392394E-13  -3.109246E-15  -2.245905E-13
  1.490500000000E+01  -1.529268E+00   4.999777E-02  -3.694292E-16  -1.525290E-13  -4.002559E-15  -1.248982E-13
  1.491000000000E+01  -1.528968E+00   6.989445E-02  -1.114514E-15  -1.410190E-13  -4.305601E-15   7.158573E-15
  1.491500000000E+01  -1.528572E+00   8.835212E-02  -1.742475E-15  -1.063073E-13  -3.921259E-15   1.457139E-13
  1.492000000000E+01  -1.528090E+00   1.037196E-01  -2.150590E-15  -5.474325E-14  -2.879679E-15   2.649114E-13
  1.492500000000E+01  -1.527541E+00   1.148542E-01  -2.277809E-15   3.830420E-15  -1.338691E-15   3.426805E-13
  1.493000000000E+01  -1.526949E+00   1.211351E-01  -2.117848E-15   5.878297E-14   4.616328E-16   3.672899E-13
  1.493500000000E+01  -1.526338E+00   1.224158E-01  -1.707534E-15   1.026801E-13   2.245861E-15   3.370184E-13
  1.494000000000E+01  -1.525733E+00   1.189428E-01  -1.120067E-15   1.289564E-13   3.759057E-15   2.614442E-13
  1.494500000000E+01  -1.525155E+00   1.112656E-01  -4.507291E-16   1.352725E-13   4.815435E-15   1.580007E-13
  1.495000000000E+01  -1.524625E+00   1.001535E-01   2.054313E-16   1.242356E-13   5.323300E-15   4.496997E-14
  1.495500000000E+01  -1.524158E+00   8.652643E-02   7.719058E-16   1.004014E-13   5.278466E-15  -6.022530E-14
  1.496000000000E+01  -1.523763E+00   7.139396E-02   1.196377E-15   6.834525E-14   4.755646E-15  -1.440692E-13
  1.496500000000E+01  -1.523445E+00   5.579922E-02   1.453547E-15   3.437100E-14   3.884448E-15  -1.990347E-13
  1.497000000000E+01  -1.523204E+00   4.075939E-02   1.540722E-15   8.932730E-16   2.808073E-15  -2.271908E-13
  1.497500000000E+01  -1.523035E+00   2.720287E-02   1.465378E-15  -3.052358E-14   1.647608E-15  -2.339512E-13
  1.498000000000E+01  -1.522928E+00   1.590780E-02   1.238107E-15  -5.996391E-14   4.918661E-16  -2.265786E-13
  1.498500000000E+01  -1.522871E+00   7.451590E-03   8.742958E-16  -8.470591E-14  -6.085954E-16  -2.128673E-13
  1.499000000000E+01  -1.522848E+00   2.182424E-03   3.974824E-16  -1.052239E-13  -1.635089E-15  -1.976758E-13
  1.499500000000E+01  -1.522844E+00   2.201898E-04  -1.689194E-16  -1.200776E-13  -2.580790E-15  -1.798859E-13
  1.500000000000E+01  -1.522841E+00   1.487671E-03  -7.911405E-16  -1.266298E-13  -3.424110E-15  -1.558447E-13
