# SCEC TPV102 on-fault time series
# problem=TPV102
# author=Gauss T. Chang, National Taiwan University
# date=2026-08-26
# code=Tatva
# code_version=TPV102-validation-1
# element_size=100 m
# time_step=5.000000000000e-03
# internal_time_step=1.000000000000e-03
# num_time_steps=3001
# location=on fault, -12 km along strike, 3 km down-dip
# Column #1 = Time (s)
# Column #2 = horizontal slip (m)
# Column #3 = horizontal slip rate (m/s)
# Column #4 = horizontal shear stress (MPa)
# Column #5 = vertical slip (m)
# Column #6 = vertical slip rate (m/s)
# Column #7 = vertical shear stress (MPa)
# Column #8 = normal stress, positive in compression (MPa)
# Column #9 = log10 of state variable (log-seconds)
t h-slip h-slip-rate h-shear-stress v-slip v-slip-rate v-shear-stress n-stress log-theta
  0.000000000000E+00   0.000000E+00   1.000000E-12   7.500000E+01   0.000000E+00   0.000000E+00   0.000000E+00   1.200000E+02   9.205810E+00
  5.000000000000E-03   5.000356E-15   1.000089E-12   7.500009E+01  -1.600511E-47  -1.391774E-43  -1.043739E-29   1.200000E+02   9.205810E+00
  1.000000000000E-02   1.000080E-14   1.000089E-12   7.500009E+01  -1.682237E-45  -3.707967E-43  -2.780731E-29   1.200000E+02   9.205810E+00
  1.500000000000E-02   1.500124E-14   1.000089E-12   7.500009E+01  -1.950377E-45  -2.409686E-43  -1.807106E-29   1.200000E+02   9.205810E+00
  2.000000000000E-02   2.000169E-14   1.000089E-12   7.500009E+01  -1.917950E-45   4.822656E-43   3.616675E-29   1.200000E+02   9.205810E+00
  2.500000000000E-02   2.500213E-14   1.000089E-12   7.500009E+01  -3.059133E-45  -1.528291E-43  -1.146118E-29   1.200000E+02   9.205810E+00
  3.000000000000E-02   3.000258E-14   1.000089E-12   7.500009E+01  -4.659394E-45  -1.194213E-42  -8.955810E-29   1.200000E+02   9.205810E+00
  3.500000000000E-02   3.500302E-14   1.000089E-12   7.500009E+01  -5.237232E-45   1.328278E-43   9.961208E-30   1.200000E+02   9.205810E+00
  4.000000000000E-02   4.000347E-14   1.000089E-12   7.500009E+01  -7.739163E-45  -5.273699E-43  -3.954927E-29   1.200000E+02   9.205810E+00
  4.500000000000E-02   4.500391E-14   1.000089E-12   7.500009E+01  -6.694057E-45  -6.875996E-43  -5.156545E-29   1.200000E+02   9.205810E+00
  5.000000000000E-02   5.000436E-14   1.000089E-12   7.500009E+01  -1.228384E-44  -6.832644E-43  -5.124033E-29   1.200000E+02   9.205810E+00
  5.500000000000E-02   5.500480E-14   1.000089E-12   7.500009E+01  -9.988083E-45   3.937649E-43   2.952977E-29   1.200000E+02   9.205810E+00
  6.000000000000E-02   6.000525E-14   1.000089E-12   7.500009E+01  -1.145351E-44   8.428372E-43   6.320725E-29   1.200000E+02   9.205810E+00
  6.500000000000E-02   6.500569E-14   1.000089E-12   7.500009E+01  -1.170610E-44  -3.993701E-44  -2.995013E-30   1.200000E+02   9.205810E+00
  7.000000000000E-02   7.000613E-14   1.000089E-12   7.500009E+01  -1.018379E-44  -1.432477E-42  -1.074264E-28   1.200000E+02   9.205810E+00
  7.500000000000E-02   7.500658E-14   1.000089E-12   7.500009E+01  -1.506927E-44   1.498163E-42   1.123524E-28   1.200000E+02   9.205810E+00
  8.000000000000E-02   8.000702E-14   1.000089E-12   7.500009E+01  -5.712338E-45   2.226488E-42   1.669720E-28   1.200000E+02   9.205810E+00
  8.500000000000E-02   8.500747E-14   1.000089E-12   7.500009E+01  -7.047707E-46   3.752852E-43   2.814392E-29   1.200000E+02   9.205810E+00
  9.000000000000E-02   9.000791E-14   1.000089E-12   7.500009E+01  -9.728432E-45   4.599762E-43   3.449519E-29   1.200000E+02   9.205810E+00
  9.500000000000E-02   9.500836E-14   1.000089E-12   7.500009E+01  -8.539080E-45  -9.143472E-43  -6.857003E-29   1.200000E+02   9.205810E+00
  1.000000000000E-01   1.000088E-13   1.000089E-12   7.500009E+01  -1.418631E-44  -5.831153E-43  -4.372981E-29   1.200000E+02   9.205810E+00
  1.050000000000E-01   1.050092E-13   1.000089E-12   7.500009E+01  -1.218622E-44  -1.477450E-42  -1.107990E-28   1.200000E+02   9.205810E+00
  1.100000000000E-01   1.100097E-13   1.000089E-12   7.500009E+01  -3.875252E-45   5.563155E-42   4.172000E-28   1.200000E+02   9.205810E+00
  1.150000000000E-01   1.150101E-13   1.000089E-12   7.500009E+01   1.484820E-44  -8.442823E-44  -6.331562E-30   1.200000E+02   9.205810E+00
  1.200000000000E-01   1.200106E-13   1.000089E-12   7.500009E+01   1.605016E-44   1.424770E-42   1.068484E-28   1.200000E+02   9.205810E+00
  1.250000000000E-01   1.250110E-13   1.000089E-12   7.500009E+01   3.296922E-44   9.153106E-43   6.864227E-29   1.200000E+02   9.205810E+00
  1.300000000000E-01   1.300115E-13   1.000089E-12   7.500009E+01   3.219220E-44  -9.752052E-43  -7.313397E-29   1.200000E+02   9.205810E+00
  1.350000000000E-01   1.350119E-13   1.000089E-12   7.500009E+01   2.269848E-44  -6.645715E-42  -4.983849E-28   1.200000E+02   9.205810E+00
  1.400000000000E-01   1.400124E-13   1.000089E-12   7.500009E+01   1.920609E-45  -8.238234E-42  -6.178133E-28   1.200000E+02   9.205810E+00
  1.450000000000E-01   1.450128E-13   1.000089E-12   7.500009E+01  -3.579884E-44  -7.699084E-42  -5.773806E-28   1.200000E+02   9.205810E+00
  1.500000000000E-01   1.500132E-13   1.000089E-12   7.500009E+01  -6.686440E-44  -4.410762E-42  -3.307781E-28   1.200000E+02   9.205810E+00
  1.550000000000E-01   1.550137E-13   1.000089E-12   7.500009E+01  -6.721613E-44   1.528554E-42   1.146315E-28   1.200000E+02   9.205810E+00
  1.600000000000E-01   1.600141E-13   1.000089E-12   7.500009E+01  -6.468714E-44  -5.380110E-42  -4.034729E-28   1.200000E+02   9.205810E+00
  1.650000000000E-01   1.650146E-13   1.000089E-12   7.500009E+01  -5.409240E-44   4.323706E-42   3.242495E-28   1.200000E+02   9.205810E+00
  1.700000000000E-01   1.700150E-13   1.000089E-12   7.500009E+01  -3.164237E-44   4.692248E-42   3.518877E-28   1.200000E+02   9.205810E+00
  1.750000000000E-01   1.750155E-13   1.000089E-12   7.500009E+01   6.321956E-45   8.708369E-42   6.530704E-28   1.200000E+02   9.205810E+00
  1.800000000000E-01   1.800159E-13   1.000089E-12   7.500009E+01   3.021129E-44   8.047307E-42   6.034950E-28   1.200000E+02   9.205810E+00
  1.850000000000E-01   1.850164E-13   1.000089E-12   7.500009E+01   7.235709E-44   1.266984E-41   9.501546E-28   1.200000E+02   9.205810E+00
  1.900000000000E-01   1.900168E-13   1.000089E-12   7.500009E+01   1.081252E-43   1.574219E-41   1.180560E-27   1.200000E+02   9.205810E+00
  1.950000000000E-01   1.950172E-13   1.000089E-12   7.500009E+01   1.563054E-43   9.323189E-42   6.991778E-28   1.200000E+02   9.205810E+00
  2.000000000000E-01   2.000177E-13   1.000089E-12   7.500009E+01   1.974188E-43   1.148469E-41   8.612763E-28   1.200000E+02   9.205810E+00
  2.050000000000E-01   2.050181E-13   1.000089E-12   7.500009E+01   2.543693E-43   5.706438E-42   4.279453E-28   1.200000E+02   9.205810E+00
  2.100000000000E-01   2.100186E-13   1.000089E-12   7.500009E+01   3.014060E-43   5.645481E-42   4.233739E-28   1.200000E+02   9.205810E+00
  2.150000000000E-01   2.150190E-13   1.000089E-12   7.500009E+01   3.376789E-43   4.331764E-43   3.248538E-29   1.200000E+02   9.205810E+00
  2.200000000000E-01   2.200195E-13   1.000089E-12   7.500009E+01   3.523681E-43   2.017782E-42   1.513204E-28   1.200000E+02   9.205810E+00
  2.250000000000E-01   2.250199E-13   1.000089E-12   7.500009E+01   3.479046E-43  -1.575059E-42  -1.181191E-28   1.200000E+02   9.205810E+00
  2.300000000000E-01   2.300204E-13   1.000089E-12   7.500009E+01   3.242107E-43  -8.625693E-42  -6.468702E-28   1.200000E+02   9.205810E+00
  2.350000000000E-01   2.350208E-13   1.000089E-12   7.500009E+01   2.717265E-43  -1.142549E-41  -8.568363E-28   1.200000E+02   9.205810E+00
  2.400000000000E-01   2.400212E-13   1.000089E-12   7.500009E+01   2.106859E-43  -1.607500E-41  -1.205519E-27   1.200000E+02   9.205810E+00
  2.450000000000E-01   2.450217E-13   1.000089E-12   7.500009E+01   1.663411E-43  -1.759330E-42  -1.319382E-28   1.200000E+02   9.205810E+00
  2.500000000000E-01   2.500221E-13   1.000089E-12   7.500009E+01   4.294559E-44  -3.384416E-41  -2.538089E-27   1.200000E+02   9.205810E+00
  2.550000000000E-01   2.550226E-13   1.000089E-12   7.500009E+01  -1.306192E-43  -3.517259E-41  -2.637713E-27   1.200000E+02   9.205810E+00
  2.600000000000E-01   2.600230E-13   1.000089E-12   7.500009E+01  -3.073342E-43  -2.743742E-41  -2.057626E-27   1.200000E+02   9.205810E+00
  2.650000000000E-01   2.650235E-13   1.000089E-12   7.500009E+01  -4.206208E-43  -2.900968E-41  -2.175535E-27   1.200000E+02   9.205810E+00
  2.700000000000E-01   2.700239E-13   1.000089E-12   7.500009E+01  -4.903495E-43  -9.472077E-42  -7.103434E-28   1.200000E+02   9.205810E+00
  2.750000000000E-01   2.750244E-13   1.000089E-12   7.500009E+01  -4.721001E-43   8.453333E-42   6.339443E-28   1.200000E+02   9.205810E+00
  2.800000000000E-01   2.800248E-13   1.000089E-12   7.500009E+01  -4.006666E-43   3.637491E-41   2.727879E-27   1.200000E+02   9.205810E+00
  2.850000000000E-01   2.850252E-13   1.000089E-12   7.500009E+01  -2.298147E-43   3.754639E-41   2.815732E-27   1.200000E+02   9.205810E+00
  2.900000000000E-01   2.900257E-13   1.000089E-12   7.500009E+01  -3.419904E-44   3.592649E-41   2.694250E-27   1.200000E+02   9.205810E+00
  2.950000000000E-01   2.950261E-13   1.000089E-12   7.500009E+01   1.117826E-43   4.056199E-41   3.041882E-27   1.200000E+02   9.205810E+00
  3.000000000000E-01   3.000266E-13   1.000089E-12   7.500009E+01   2.808072E-43   4.126824E-41   3.094846E-27   1.200000E+02   9.205810E+00
  3.050000000000E-01   3.050270E-13   1.000089E-12   7.500009E+01   4.547140E-43   1.709164E-41   1.281760E-27   1.200000E+02   9.205810E+00
  3.100000000000E-01   3.100275E-13   1.000089E-12   7.500009E+01   5.582083E-43   1.312386E-41   9.842032E-28   1.200000E+02   9.205810E+00
  3.150000000000E-01   3.150279E-13   1.000089E-12   7.500009E+01   6.123033E-43  -2.793664E-42  -2.095064E-28   1.200000E+02   9.205810E+00
  3.200000000000E-01   3.200284E-13   1.000089E-12   7.500009E+01   5.762039E-43  -2.633881E-41  -1.975237E-27   1.200000E+02   9.205810E+00
  3.250000000000E-01   3.250288E-13   1.000089E-12   7.500009E+01   4.998192E-43  -2.223580E-41  -1.667539E-27   1.200000E+02   9.205810E+00
  3.300000000000E-01   3.300292E-13   1.000089E-12   7.500009E+01   4.026980E-43  -2.395380E-41  -1.796377E-27   1.200000E+02   9.205810E+00
  3.350000000000E-01   3.350297E-13   1.000089E-12   7.500009E+01   4.373507E-43   1.151937E-41   8.638772E-28   1.200000E+02   9.205810E+00
  3.400000000000E-01   3.400301E-13   1.000089E-12   7.500009E+01   4.946105E-43   2.348576E-41   1.761278E-27   1.200000E+02   9.205810E+00
  3.450000000000E-01   3.450306E-13   1.000089E-12   7.500009E+01   6.369572E-43   3.671962E-41   2.753730E-27   1.200000E+02   9.205810E+00
  3.500000000000E-01   3.500310E-13   1.000089E-12   7.500009E+01   8.835129E-43   4.212583E-41   3.159160E-27   1.200000E+02   9.205810E+00
  3.550000000000E-01   3.550315E-13   1.000089E-12   7.500009E+01   1.083545E-42   4.171105E-41   3.128054E-27   1.200000E+02   9.205810E+00
  3.600000000000E-01   3.600319E-13   1.000089E-12   7.500009E+01   1.256003E-42   3.206451E-41   2.404627E-27   1.200000E+02   9.205810E+00
  3.650000000000E-01   3.650324E-13   1.000089E-12   7.500009E+01   1.400348E-42   1.137434E-41   8.530006E-28   1.200000E+02   9.205810E+00
  3.700000000000E-01   3.700328E-13   1.000089E-12   7.500009E+01   1.444052E-42   3.307064E-43   2.480081E-29   1.200000E+02   9.205810E+00
  3.750000000000E-01   3.750332E-13   1.000089E-12   7.500009E+01   1.368221E-42  -2.099285E-41  -1.574326E-27   1.200000E+02   9.205810E+00
  3.800000000000E-01   3.800337E-13   1.000089E-12   7.500009E+01   1.205034E-42  -2.932778E-41  -2.199390E-27   1.200000E+02   9.205810E+00
  3.850000000000E-01   3.850341E-13   1.000089E-12   7.500009E+01   8.954702E-43  -8.224501E-41  -6.167834E-27   1.200000E+02   9.205810E+00
  3.900000000000E-01   3.900346E-13   1.000089E-12   7.500009E+01   4.470883E-43  -1.003330E-40  -7.524312E-27   1.200000E+02   9.205810E+00
  3.950000000000E-01   3.950350E-13   1.000089E-12   7.500009E+01  -3.186430E-44  -7.899960E-41  -5.924450E-27   1.200000E+02   9.205810E+00
  4.000000000000E-01   4.000355E-13   1.000089E-12   7.500009E+01  -3.788370E-43  -6.198223E-41  -4.648260E-27   1.200000E+02   9.205810E+00
  4.050000000000E-01   4.050359E-13   1.000089E-12   7.500009E+01  -6.353643E-43  -2.881910E-41  -2.161243E-27   1.200000E+02   9.205810E+00
  4.100000000000E-01   4.100364E-13   1.000089E-12   7.500009E+01  -7.129885E-43   5.694176E-42   4.270257E-28   1.200000E+02   9.205810E+00
  4.150000000000E-01   4.150368E-13   1.000089E-12   7.500009E+01  -6.461249E-43   4.129066E-41   3.096528E-27   1.200000E+02   9.205810E+00
  4.200000000000E-01   4.200372E-13   1.000089E-12   7.500009E+01  -3.447336E-43   8.166767E-41   6.124538E-27   1.200000E+02   9.205810E+00
  4.250000000000E-01   4.250377E-13   1.000089E-12   7.500009E+01   1.574805E-43   1.099515E-40   8.245638E-27   1.200000E+02   9.205810E+00
  4.300000000000E-01   4.300381E-13   1.000089E-12   7.500009E+01   5.983066E-43   7.204916E-41   5.403213E-27   1.200000E+02   9.205810E+00
  4.350000000000E-01   4.350386E-13   1.000089E-12   7.500009E+01   9.672853E-43   5.216193E-41   3.911802E-27   1.200000E+02   9.205810E+00
  4.400000000000E-01   4.400390E-13   1.000089E-12   7.500009E+01   1.279562E-42   4.936494E-41   3.702046E-27   1.200000E+02   9.205810E+00
  4.450000000000E-01   4.450395E-13   1.000089E-12   7.500009E+01   1.468308E-42   1.387285E-43   1.040373E-29   1.200000E+02   9.205810E+00
  4.500000000000E-01   4.500399E-13   1.000089E-12   7.500009E+01   1.443843E-42  -3.786308E-42  -2.839482E-28   1.200000E+02   9.205810E+00
  4.550000000000E-01   4.550404E-13   1.000089E-12   7.500009E+01   1.401331E-42  -2.207606E-41  -1.655559E-27   1.200000E+02   9.205810E+00
  4.600000000000E-01   4.600408E-13   1.000089E-12   7.500009E+01   1.323841E-42  -3.013632E-41  -2.260026E-27   1.200000E+02   9.205810E+00
  4.650000000000E-01   4.650412E-13   1.000089E-12   7.500009E+01   1.180171E-42  -2.041692E-41  -1.531135E-27   1.200000E+02   9.205810E+00
  4.700000000000E-01   4.700417E-13   1.000089E-12   7.500009E+01   1.047519E-42   1.325628E-42   9.941340E-29   1.200000E+02   9.205810E+00
  4.750000000000E-01   4.750421E-13   1.000089E-12   7.500009E+01   1.064072E-42   8.871971E-44   6.653394E-30   1.200000E+02   9.205810E+00
  4.800000000000E-01   4.800426E-13   1.000089E-12   7.500009E+01   1.103234E-42   2.669193E-41   2.001719E-27   1.200000E+02   9.205810E+00
  4.850000000000E-01   4.850430E-13   1.000089E-12   7.500009E+01   1.216302E-42   3.058754E-41   2.293864E-27   1.200000E+02   9.205810E+00
  4.900000000000E-01   4.900435E-13   1.000089E-12   7.500009E+01   1.313628E-42   3.033986E-42   2.275290E-28   1.200000E+02   9.205810E+00
  4.950000000000E-01   4.950439E-13   1.000089E-12   7.500009E+01   1.292858E-42  -3.993876E-42  -2.995144E-28   1.200000E+02   9.205810E+00
  5.000000000000E-01   5.000444E-13   1.000089E-12   7.500009E+01   1.251128E-42  -1.970191E-41  -1.477513E-27   1.200000E+02   9.205810E+00
  5.050000000000E-01   5.050448E-13   1.000089E-12   7.500009E+01   1.118562E-42  -1.387846E-41  -1.040793E-27   1.200000E+02   9.205810E+00
  5.100000000000E-01   5.100453E-13   1.000089E-12   7.500009E+01   1.008214E-42   8.498175E-42   6.373072E-28   1.200000E+02   9.205810E+00
  5.150000000000E-01   5.150457E-13   1.000089E-12   7.500009E+01   1.055155E-42   2.230517E-41   1.672741E-27   1.200000E+02   9.205810E+00
  5.200000000000E-01   5.200461E-13   1.000089E-12   7.500009E+01   1.126513E-42   1.682469E-41   1.261741E-27   1.200000E+02   9.205810E+00
  5.250000000000E-01   5.250466E-13   1.000089E-12   7.500009E+01   1.241079E-42   4.402600E-41   3.301660E-27   1.200000E+02   9.205810E+00
  5.300000000000E-01   5.300470E-13   1.000089E-12   7.500009E+01   1.563036E-42   1.121151E-40   8.407894E-27   1.200000E+02   9.205810E+00
  5.350000000000E-01   5.350475E-13   1.000089E-12   7.500009E+01   1.950209E-42   6.512675E-41   4.884077E-27   1.200000E+02   9.205810E+00
  5.400000000000E-01   5.400479E-13   1.000089E-12   7.500009E+01   2.245407E-42   7.396053E-41   5.546553E-27   1.200000E+02   9.205810E+00
  5.450000000000E-01   5.450484E-13   1.000089E-12   7.500009E+01   2.521633E-42   5.124548E-41   3.843074E-27   1.200000E+02   9.205810E+00
  5.500000000000E-01   5.500488E-13   1.000089E-12   7.500009E+01   2.713303E-42   2.730010E-41   2.047328E-27   1.200000E+02   9.205810E+00
  5.550000000000E-01   5.550493E-13   1.000089E-12   7.500009E+01   2.788942E-42   2.359086E-41   1.769159E-27   1.200000E+02   9.205810E+00
  5.600000000000E-01   5.600497E-13   1.000089E-12   7.500009E+01   2.733305E-42  -5.578289E-41  -4.183350E-27   1.200000E+02   9.205810E+00
  5.650000000000E-01   5.650501E-13   1.000089E-12   7.500009E+01   2.364282E-42  -1.062072E-40  -7.964842E-27   1.200000E+02   9.205810E+00
  5.700000000000E-01   5.700506E-13   1.000089E-12   7.500009E+01   1.793224E-42  -1.195812E-40  -8.967803E-27   1.200000E+02   9.205810E+00
  5.750000000000E-01   5.750510E-13   1.000089E-12   7.500009E+01   1.177034E-42  -1.173952E-40  -8.803866E-27   1.200000E+02   9.205810E+00
  5.800000000000E-01   5.800515E-13   1.000089E-12   7.500009E+01   6.433525E-43  -9.320316E-41  -6.989624E-27   1.200000E+02   9.205810E+00
  5.850000000000E-01   5.850519E-13   1.000089E-12   7.500009E+01   2.556917E-43  -5.346794E-41  -4.009744E-27   1.200000E+02   9.205810E+00
  5.900000000000E-01   5.900524E-13   1.000089E-12   7.500009E+01   2.604029E-43   5.093440E-41   3.819745E-27   1.200000E+02   9.205810E+00
  5.950000000000E-01   5.950528E-13   1.000089E-12   7.500009E+01   5.490427E-43   1.231069E-40   9.232205E-27   1.200000E+02   9.205810E+00
  6.000000000000E-01   6.000533E-13   1.000089E-12   7.500009E+01   1.197238E-42   1.581337E-40   1.185899E-26   1.200000E+02   9.205810E+00
  6.050000000000E-01   6.050537E-13   1.000089E-12   7.500009E+01   2.076895E-42   1.931998E-40   1.448872E-26   1.200000E+02   9.205810E+00
  6.100000000000E-01   6.100541E-13   1.000089E-12   7.500009E+01   2.824606E-42   1.313073E-40   9.847181E-27   1.200000E+02   9.205810E+00
  6.150000000000E-01   6.150546E-13   1.000089E-12   7.500009E+01   3.329611E-42   9.420089E-41   7.064447E-27   1.200000E+02   9.205810E+00
  6.200000000000E-01   6.200550E-13   1.000089E-12   7.500009E+01   3.660581E-42   7.886508E-42   5.914362E-28   1.200000E+02   9.205810E+00
  6.250000000000E-01   6.250555E-13   1.000089E-12   7.500009E+01   3.529305E-42  -3.084398E-41  -2.313096E-27   1.200000E+02   9.205810E+00
  6.300000000000E-01   6.300559E-13   1.000089E-12   7.500009E+01   3.157008E-42  -8.480098E-41  -6.359515E-27   1.200000E+02   9.205810E+00
  6.350000000000E-01   6.350564E-13   1.000089E-12   7.500009E+01   2.723760E-42  -8.238514E-41  -6.178343E-27   1.200000E+02   9.205810E+00
  6.400000000000E-01   6.400568E-13   1.000089E-12   7.500009E+01   2.314222E-42  -6.637671E-41  -4.977816E-27   1.200000E+02   9.205810E+00
  6.450000000000E-01   6.450573E-13   1.000089E-12   7.500009E+01   2.024540E-42  -5.840051E-41  -4.379654E-27   1.200000E+02   9.205810E+00
  6.500000000000E-01   6.500577E-13   1.000089E-12   7.500009E+01   1.912619E-42  -1.753515E-41  -1.315021E-27   1.200000E+02   9.205810E+00
  6.550000000000E-01   6.550581E-13   1.000089E-12   7.500009E+01   2.014430E-42   4.624005E-41   3.467699E-27   1.200000E+02   9.205810E+00
  6.600000000000E-01   6.600586E-13   1.000089E-12   7.500009E+01   2.378650E-42   1.081354E-40   8.109443E-27   1.200000E+02   9.205810E+00
  6.650000000000E-01   6.650590E-13   1.000089E-12   7.500009E+01   2.833332E-42   1.007197E-40   7.553317E-27   1.200000E+02   9.205810E+00
  6.700000000000E-01   6.700595E-13   1.000089E-12   7.500009E+01   3.404277E-42   1.132025E-40   8.489442E-27   1.200000E+02   9.205810E+00
  6.750000000000E-01   6.750599E-13   1.000089E-12   7.500009E+01   3.926928E-42   9.717164E-41   7.287234E-27   1.200000E+02   9.205810E+00
  6.800000000000E-01   6.800604E-13   1.000089E-12   7.500009E+01   4.467571E-42   1.205005E-40   9.036741E-27   1.200000E+02   9.205810E+00
  6.850000000000E-01   6.850608E-13   1.000089E-12   7.500009E+01   5.088537E-42   1.217784E-40   9.132582E-27   1.200000E+02   9.205810E+00
  6.900000000000E-01   6.900613E-13   1.000089E-12   7.500009E+01   5.510014E-42   6.639352E-41   4.979077E-27   1.200000E+02   9.205810E+00
  6.950000000000E-01   6.950617E-13   1.000089E-12   7.500009E+01   5.640649E-42   1.910390E-41   1.432667E-27   1.200000E+02   9.205810E+00
  7.000000000000E-01   7.000621E-13   1.000089E-12   7.500009E+01   5.589775E-42  -4.682859E-41  -3.511836E-27   1.200000E+02   9.205810E+00
  7.050000000000E-01   7.050626E-13   1.000089E-12   7.500009E+01   5.069451E-42  -1.451297E-40  -1.088377E-26   1.200000E+02   9.205810E+00
  7.100000000000E-01   7.100630E-13   1.000089E-12   7.500009E+01   4.175736E-42  -1.855768E-40  -1.391704E-26   1.200000E+02   9.205810E+00
  7.150000000000E-01   7.150635E-13   1.000089E-12   7.500009E+01   3.133529E-42  -2.091634E-40  -1.568588E-26   1.200000E+02   9.205810E+00
  7.200000000000E-01   7.200639E-13   1.000089E-12   7.500009E+01   2.081053E-42  -2.115624E-40  -1.586579E-26   1.200000E+02   9.205810E+00
  7.250000000000E-01   7.250644E-13   1.000089E-12   7.500009E+01   9.521668E-43  -2.559556E-40  -1.919498E-26   1.200000E+02   9.205810E+00
  7.300000000000E-01   7.300648E-13   1.000089E-12   7.500009E+01   3.793726E-44  -1.413181E-40  -1.059793E-26   1.200000E+02   9.205810E+00
  7.350000000000E-01   7.350653E-13   1.000089E-12   7.500009E+01  -3.106610E-43   8.587157E-42   6.439803E-28   1.200000E+02   9.205810E+00
  7.400000000000E-01   7.400657E-13   1.000089E-12   7.500009E+01  -2.941415E-45   8.982884E-41   6.736572E-27   1.200000E+02   9.205810E+00
  7.450000000000E-01   7.450661E-13   1.000089E-12   7.500009E+01   8.196096E-43   2.094325E-40   1.570606E-26   1.200000E+02   9.205810E+00
  7.500000000000E-01   7.500666E-13   1.000089E-12   7.500009E+01   2.005758E-42   2.455075E-40   1.841145E-26   1.200000E+02   9.205810E+00
  7.550000000000E-01   7.550670E-13   1.000089E-12   7.500009E+01   3.375578E-42   2.881742E-40   2.161117E-26   1.200000E+02   9.205810E+00
  7.600000000000E-01   7.600675E-13   1.000089E-12   7.500009E+01   4.718582E-42   2.298802E-40   1.723950E-26   1.200000E+02   9.205810E+00
  7.650000000000E-01   7.650679E-13   1.000089E-12   7.500009E+01   5.692799E-42   1.164815E-40   8.735348E-27   1.200000E+02   9.205810E+00
  7.700000000000E-01   7.700684E-13   1.000089E-12   7.500009E+01   6.201459E-42   6.916249E-41   5.186731E-27   1.200000E+02   9.205810E+00
  7.750000000000E-01   7.750688E-13   1.000089E-12   7.500009E+01   6.342861E-42  -6.289728E-42  -4.716882E-28   1.200000E+02   9.205810E+00
  7.800000000000E-01   7.800693E-13   1.000089E-12   7.500009E+01   6.230705E-42  -7.082162E-41  -5.311156E-27   1.200000E+02   9.205810E+00
  7.850000000000E-01   7.850697E-13   1.000089E-12   7.500009E+01   5.866614E-42  -1.051871E-40  -7.888338E-27   1.200000E+02   9.205810E+00
  7.900000000000E-01   7.900701E-13   1.000089E-12   7.500009E+01   5.363649E-42  -6.508751E-41  -4.881135E-27   1.200000E+02   9.205810E+00
  7.950000000000E-01   7.950706E-13   1.000089E-12   7.500009E+01   5.183630E-42  -3.293051E-42  -2.469572E-28   1.200000E+02   9.205810E+00
  8.000000000000E-01   8.000710E-13   1.000089E-12   7.500009E+01   5.323216E-42   3.273854E-41   2.455175E-27   1.200000E+02   9.205810E+00
  8.050000000000E-01   8.050715E-13   1.000089E-12   7.500009E+01   5.654573E-42   6.320417E-41   4.739896E-27   1.200000E+02   9.205810E+00
  8.100000000000E-01   8.100719E-13   1.000089E-12   7.500009E+01   5.979607E-42   5.764942E-41   4.323327E-27   1.200000E+02   9.205810E+00
  8.150000000000E-01   8.150724E-13   1.000089E-12   7.500009E+01   6.338737E-42   4.492283E-41   3.368916E-27   1.200000E+02   9.205810E+00
  8.200000000000E-01   8.200728E-13   1.000089E-12   7.500009E+01   6.564708E-42   7.663088E-42   5.746812E-28   1.200000E+02   9.205810E+00
  8.250000000000E-01   8.250733E-13   1.000089E-12   7.500009E+01   6.384799E-42  -7.964980E-41  -5.973211E-27   1.200000E+02   9.205810E+00
  8.300000000000E-01   8.300737E-13   1.000089E-12   7.500009E+01   5.797577E-42  -1.355448E-40  -1.016497E-26   1.200000E+02   9.205810E+00
  8.350000000000E-01   8.350741E-13   1.000089E-12   7.500009E+01   4.959174E-42  -1.838728E-40  -1.378925E-26   1.200000E+02   9.205810E+00
  8.400000000000E-01   8.400746E-13   1.000089E-12   7.500009E+01   3.874950E-42  -2.408215E-40  -1.806003E-26   1.200000E+02   9.205810E+00
  8.450000000000E-01   8.450750E-13   1.000089E-12   7.500009E+01   2.674139E-42  -2.559780E-40  -1.919666E-26   1.200000E+02   9.205810E+00
  8.500000000000E-01   8.500755E-13   1.000089E-12   7.500009E+01   1.497900E-42  -1.820231E-40  -1.365053E-26   1.200000E+02   9.205810E+00
  8.550000000000E-01   8.550759E-13   1.000089E-12   7.500009E+01   8.258259E-43  -8.970552E-41  -6.727324E-27   1.200000E+02   9.205810E+00
  8.600000000000E-01   8.600764E-13   1.000089E-12   7.500009E+01   4.595349E-43   1.027572E-41   7.706115E-28   1.200000E+02   9.205810E+00
  8.650000000000E-01   8.650768E-13   1.000089E-12   7.500009E+01   7.427093E-43   1.229107E-40   9.217493E-27   1.200000E+02   9.205810E+00
  8.700000000000E-01   8.700773E-13   1.000089E-12   7.500009E+01   1.683014E-42   2.778382E-40   2.083604E-26   1.200000E+02   9.205810E+00
  8.750000000000E-01   8.750777E-13   1.000089E-12   7.500009E+01   3.271705E-42   4.044708E-40   3.033265E-26   1.200000E+02   9.205810E+00
  8.800000000000E-01   8.800781E-13   1.000089E-12   7.500009E+01   5.218188E-42   4.061748E-40   3.046043E-26   1.200000E+02   9.205810E+00
  8.850000000000E-01   8.850786E-13   1.000089E-12   7.500009E+01   7.132429E-42   3.438002E-40   2.578275E-26   1.200000E+02   9.205810E+00
  8.900000000000E-01   8.900790E-13   1.000089E-12   7.500009E+01   8.787037E-42   2.725245E-40   2.043755E-26   1.200000E+02   9.205810E+00
  8.950000000000E-01   8.950795E-13   1.000089E-12   7.500009E+01   9.829401E-42   1.225520E-40   9.190590E-27   1.200000E+02   9.205810E+00
  9.000000000000E-01   9.000799E-13   1.000089E-12   7.500009E+01   1.010293E-41  -6.338353E-41  -4.753348E-27   1.200000E+02   9.205810E+00
  9.050000000000E-01   9.050804E-13   1.000089E-12   7.500009E+01   9.518094E-42  -1.813617E-40  -1.360093E-26   1.200000E+02   9.205810E+00
  9.100000000000E-01   9.100808E-13   1.000089E-12   7.500009E+01   8.215806E-42  -3.518268E-40  -2.638470E-26   1.200000E+02   9.205810E+00
  9.150000000000E-01   9.150813E-13   1.000089E-12   7.500009E+01   6.324793E-42  -3.870723E-40  -2.902787E-26   1.200000E+02   9.205810E+00
  9.200000000000E-01   9.200817E-13   1.000089E-12   7.500009E+01   4.549247E-42  -3.463113E-40  -2.597107E-26   1.200000E+02   9.205810E+00
  9.250000000000E-01   9.250821E-13   1.000089E-12   7.500009E+01   3.048310E-42  -2.755738E-40  -2.066622E-26   1.200000E+02   9.205810E+00
  9.300000000000E-01   9.300826E-13   1.000089E-12   7.500009E+01   2.183990E-42  -1.099291E-40  -8.243956E-27   1.200000E+02   9.205810E+00
  9.350000000000E-01   9.350830E-13   1.000089E-12   7.500009E+01   1.899596E-42   1.656195E-41   1.242037E-27   1.200000E+02   9.205810E+00
  9.400000000000E-01   9.400835E-13   1.000089E-12   7.500009E+01   2.384372E-42   1.743327E-40   1.307381E-26   1.200000E+02   9.205810E+00
  9.450000000000E-01   9.450839E-13   1.000089E-12   7.500009E+01   3.631954E-42   2.837125E-40   2.127657E-26   1.200000E+02   9.205810E+00
  9.500000000000E-01   9.500844E-13   1.000089E-12   7.500009E+01   5.308535E-42   3.981706E-40   2.986017E-26   1.200000E+02   9.205810E+00
  9.550000000000E-01   9.550848E-13   1.000089E-12   7.500009E+01   7.331875E-42   3.497193E-40   2.622664E-26   1.200000E+02   9.205810E+00
  9.600000000000E-01   9.600853E-13   1.000089E-12   7.500009E+01   8.927383E-42   2.316066E-40   1.736897E-26   1.200000E+02   9.205810E+00
  9.650000000000E-01   9.650857E-13   1.000089E-12   7.500009E+01   9.750539E-42   8.649935E-41   6.486882E-27   1.200000E+02   9.205810E+00
  9.700000000000E-01   9.700861E-13   1.000089E-12   7.500009E+01   9.573970E-42  -1.389752E-40  -1.042222E-26   1.200000E+02   9.205810E+00
  9.750000000000E-01   9.750866E-13   1.000089E-12   7.500009E+01   8.629898E-42  -2.370997E-40  -1.778092E-26   1.200000E+02   9.205810E+00
  9.800000000000E-01   9.800870E-13   1.000089E-12   7.500009E+01   7.492963E-42  -2.345886E-40  -1.759260E-26   1.200000E+02   9.205810E+00
  9.850000000000E-01   9.850875E-13   1.000089E-12   7.500009E+01   6.145833E-42  -2.796992E-40  -2.097560E-26   1.200000E+02   9.205810E+00
  9.900000000000E-01   9.900879E-13   1.000089E-12   7.500009E+01   4.828209E-42  -2.383777E-40  -1.787676E-26   1.200000E+02   9.205810E+00
  9.950000000000E-01   9.950884E-13   1.000089E-12   7.500009E+01   4.034155E-42  -1.137742E-40  -8.532318E-27   1.200000E+02   9.205810E+00
  1.000000000000E+00   1.000089E-12   1.000089E-12   7.500009E+01   3.445609E-42  -1.141217E-40  -8.558380E-27   1.200000E+02   9.205810E+00
  1.005000000000E+00   1.005089E-12   1.000089E-12   7.500009E+01   3.393731E-42   7.798506E-41   5.848366E-27   1.200000E+02   9.205810E+00
  1.010000000000E+00   1.010090E-12   1.000089E-12   7.500009E+01   4.133235E-42   2.279072E-40   1.709154E-26   1.200000E+02   9.205810E+00
  1.015000000000E+00   1.015090E-12   1.000089E-12   7.500009E+01   5.135107E-42   2.335796E-40   1.751694E-26   1.200000E+02   9.205810E+00
  1.020000000000E+00   1.020091E-12   1.000089E-12   7.500009E+01   6.497125E-42   3.085099E-40   2.313621E-26   1.200000E+02   9.205810E+00
  1.025000000000E+00   1.025091E-12   1.000089E-12   7.500009E+01   7.987747E-42   2.602379E-40   1.951613E-26   1.200000E+02   9.205810E+00
  1.030000000000E+00   1.030091E-12   1.000089E-12   7.500009E+01   9.539758E-42   2.571215E-40   1.928242E-26   1.200000E+02   9.205810E+00
  1.035000000000E+00   1.035092E-12   1.000089E-12   7.500009E+01   1.085752E-41   2.366737E-40   1.774897E-26   1.200000E+02   9.205810E+00
  1.040000000000E+00   1.040092E-12   1.000089E-12   7.500009E+01   1.196324E-41   2.187595E-40   1.640552E-26   1.200000E+02   9.205810E+00
  1.045000000000E+00   1.045093E-12   1.000089E-12   7.500009E+01   1.282393E-41   1.421029E-40   1.065678E-26   1.200000E+02   9.205810E+00
  1.050000000000E+00   1.050093E-12   1.000089E-12   7.500009E+01   1.319188E-41   2.310881E-41   1.733009E-27   1.200000E+02   9.205810E+00
  1.055000000000E+00   1.055094E-12   1.000089E-12   7.500009E+01   1.304888E-41  -6.425794E-41  -4.818923E-27   1.200000E+02   9.205810E+00
  1.060000000000E+00   1.060094E-12   1.000089E-12   7.500009E+01   1.248342E-41  -1.388182E-40  -1.041045E-26   1.200000E+02   9.205810E+00
  1.065000000000E+00   1.065095E-12   1.000089E-12   7.500009E+01   1.149800E-41  -2.105311E-40  -1.578845E-26   1.200000E+02   9.205810E+00
  1.070000000000E+00   1.070095E-12   1.000089E-12   7.500009E+01   1.044705E-41  -2.049259E-40  -1.536809E-26   1.200000E+02   9.205810E+00
  1.075000000000E+00   1.075095E-12   1.000089E-12   7.500009E+01   9.440157E-42  -2.004193E-40  -1.503013E-26   1.200000E+02   9.205810E+00
  1.080000000000E+00   1.080096E-12   1.000089E-12   7.500009E+01   8.502004E-42  -1.281011E-40  -9.606739E-27   1.200000E+02   9.205810E+00
  1.085000000000E+00   1.085096E-12   1.000089E-12   7.500009E+01   7.867833E-42  -1.127092E-40  -8.452451E-27   1.200000E+02   9.205810E+00
  1.090000000000E+00   1.090097E-12   1.000089E-12   7.500009E+01   7.349868E-42  -7.860724E-41  -5.895026E-27   1.200000E+02   9.205810E+00
  1.095000000000E+00   1.095097E-12   1.000089E-12   7.500009E+01   7.246539E-42  -1.429675E-41  -1.072162E-27   1.200000E+02   9.205810E+00
  1.100000000000E+00   1.100098E-12   1.000089E-12   7.500009E+01   7.141034E-42  -2.325595E-41  -1.744043E-27   1.200000E+02   9.205810E+00
  1.105000000000E+00   1.105098E-12   1.000089E-12   7.500009E+01   6.875073E-42  -2.600950E-41  -1.950541E-27   1.200000E+02   9.205810E+00
  1.110000000000E+00   1.110099E-12   1.000089E-12   7.500009E+01   6.730228E-42  -5.653118E-41  -4.239467E-27   1.200000E+02   9.205810E+00
  1.115000000000E+00   1.115099E-12   1.000089E-12   7.500009E+01   6.522770E-42  -2.876305E-41  -2.157040E-27   1.200000E+02   9.205810E+00
  1.120000000000E+00   1.120099E-12   1.000089E-12   7.500009E+01   6.556029E-42   4.488359E-42   3.365974E-28   1.200000E+02   9.205810E+00
  1.125000000000E+00   1.125100E-12   1.000089E-12   7.500009E+01   6.671444E-42   3.397869E-41   2.548178E-27   1.200000E+02   9.205810E+00
  1.130000000000E+00   1.130100E-12   1.000089E-12   7.500009E+01   6.996422E-42   9.801802E-41   7.350707E-27   1.200000E+02   9.205810E+00
  1.135000000000E+00   1.135101E-12   1.000089E-12   7.500009E+01   7.688551E-42   1.619677E-40   1.214651E-26   1.200000E+02   9.205810E+00
  1.140000000000E+00   1.140101E-12   1.000089E-12   7.500009E+01   8.776138E-42   2.796095E-40   2.096887E-26   1.200000E+02   9.205810E+00
  1.145000000000E+00   1.145102E-12   1.000089E-12   7.500009E+01   1.018241E-41   3.069180E-40   2.301683E-26   1.200000E+02   9.205810E+00
  1.150000000000E+00   1.150102E-12   1.000089E-12   7.500009E+01   1.165474E-41   2.455299E-40   1.841313E-26   1.200000E+02   9.205810E+00
  1.155000000000E+00   1.155103E-12   1.000089E-12   7.500009E+01   1.286430E-41   2.022802E-40   1.516969E-26   1.200000E+02   9.205810E+00
  1.160000000000E+00   1.160103E-12   1.000089E-12   7.500009E+01   1.380680E-41   1.468785E-40   1.101492E-26   1.200000E+02   9.205810E+00
  1.165000000000E+00   1.165103E-12   1.000089E-12   7.500009E+01   1.431598E-41   5.919085E-42   4.438924E-28   1.200000E+02   9.205810E+00
  1.170000000000E+00   1.170104E-12   1.000089E-12   7.500009E+01   1.405281E-41  -1.140657E-40  -8.554176E-27   1.200000E+02   9.205810E+00
  1.175000000000E+00   1.175104E-12   1.000089E-12   7.500009E+01   1.308369E-41  -2.863133E-40  -2.147161E-26   1.200000E+02   9.205810E+00
  1.180000000000E+00   1.180105E-12   1.000089E-12   7.500009E+01   1.139908E-41  -3.750547E-40  -2.812664E-26   1.200000E+02   9.205810E+00
  1.185000000000E+00   1.185105E-12   1.000089E-12   7.500009E+01   9.544840E-42  -3.205498E-40  -2.403913E-26   1.200000E+02   9.205810E+00
  1.190000000000E+00   1.190106E-12   1.000089E-12   7.500009E+01   7.975968E-42  -2.929050E-40  -2.196595E-26   1.200000E+02   9.205810E+00
  1.195000000000E+00   1.195106E-12   1.000089E-12   7.500009E+01   7.074003E-42  -6.255396E-41  -4.691136E-27   1.200000E+02   9.205810E+00
  1.200000000000E+00   1.200107E-12   1.000089E-12   7.500009E+01   7.134534E-42   1.115434E-40   8.365018E-27   1.200000E+02   9.205810E+00
  1.205000000000E+00   1.205107E-12   1.000089E-12   7.500009E+01   8.157638E-42   3.203256E-40   2.402231E-26   1.200000E+02   9.205810E+00
  1.210000000000E+00   1.210107E-12   1.000089E-12   7.500009E+01   9.867895E-42   3.687769E-40   2.765584E-26   1.200000E+02   9.205810E+00
  1.215000000000E+00   1.215108E-12   1.000089E-12   7.500009E+01   1.196836E-41   4.649172E-40   3.486573E-26   1.200000E+02   9.205810E+00
  1.220000000000E+00   1.220108E-12   1.000089E-12   7.500009E+01   1.382054E-41   2.358666E-40   1.768844E-26   1.200000E+02   9.205810E+00
  1.225000000000E+00   1.225109E-12   1.000089E-12   7.500009E+01   1.459061E-41   1.134155E-40   8.505415E-27   1.200000E+02   9.205810E+00
  1.230000000000E+00   1.230109E-12   1.000089E-12   7.500009E+01   1.462924E-41  -1.249061E-40  -9.367138E-27   1.200000E+02   9.205810E+00
  1.235000000000E+00   1.235110E-12   1.000089E-12   7.500009E+01   1.368564E-41  -2.450815E-40  -1.837950E-26   1.200000E+02   9.205810E+00
  1.240000000000E+00   1.240110E-12   1.000089E-12   7.500009E+01   1.220757E-41  -3.231282E-40  -2.423249E-26   1.200000E+02   9.205810E+00
  1.245000000000E+00   1.245111E-12   1.000089E-12   7.500009E+01   1.041552E-41  -4.176990E-40  -3.132468E-26   1.200000E+02   9.205810E+00
  1.250000000000E+00   1.250111E-12   1.000089E-12   7.500009E+01   8.101340E-42  -4.657692E-40  -3.492962E-26   1.200000E+02   9.205810E+00
  1.255000000000E+00   1.255111E-12   1.000089E-12   7.500009E+01   6.047956E-42  -2.872774E-40  -2.154391E-26   1.200000E+02   9.205810E+00
  1.260000000000E+00   1.260112E-12   1.000089E-12   7.500009E+01   5.035971E-42  -9.328164E-41  -6.995509E-27   1.200000E+02   9.205810E+00
  1.265000000000E+00   1.265112E-12   1.000089E-12   7.500009E+01   5.428615E-42   2.079975E-40   1.559845E-26   1.200000E+02   9.205810E+00
  1.270000000000E+00   1.270113E-12   1.000089E-12   7.500009E+01   6.821259E-42   3.141151E-40   2.355656E-26   1.200000E+02   9.205810E+00
  1.275000000000E+00   1.275113E-12   1.000089E-12   7.500009E+01   8.837739E-42   5.628960E-40   4.221349E-26   1.200000E+02   9.205810E+00
  1.280000000000E+00   1.280114E-12   1.000089E-12   7.500009E+01   1.216157E-41   7.694810E-40   5.770601E-26   1.200000E+02   9.205810E+00
  1.285000000000E+00   1.285114E-12   1.000089E-12   7.500009E+01   1.582172E-41   7.243704E-40   5.432301E-26   1.200000E+02   9.205810E+00
  1.290000000000E+00   1.290115E-12   1.000089E-12   7.500009E+01   1.931111E-41   5.741064E-40   4.305420E-26   1.200000E+02   9.205810E+00
  1.295000000000E+00   1.295115E-12   1.000089E-12   7.500009E+01   2.186260E-41   4.029013E-40   3.021495E-26   1.200000E+02   9.205810E+00
  1.300000000000E+00   1.300115E-12   1.000089E-12   7.500009E+01   2.319161E-41   1.214421E-40   9.107360E-27   1.200000E+02   9.205810E+00
  1.305000000000E+00   1.305116E-12   1.000089E-12   7.500009E+01   2.287952E-41  -2.528727E-40  -1.896379E-26   1.200000E+02   9.205810E+00
  1.310000000000E+00   1.310116E-12   1.000089E-12   7.500009E+01   2.084900E-41  -5.845096E-40  -4.383437E-26   1.200000E+02   9.205810E+00
  1.315000000000E+00   1.315117E-12   1.000089E-12   7.500009E+01   1.776704E-41  -6.797979E-40  -5.098037E-26   1.200000E+02   9.205810E+00
  1.320000000000E+00   1.320117E-12   1.000089E-12   7.500009E+01   1.403354E-41  -7.339665E-40  -5.504266E-26   1.200000E+02   9.205810E+00
  1.325000000000E+00   1.325118E-12   1.000089E-12   7.500009E+01   1.045087E-41  -7.281371E-40  -5.460549E-26   1.200000E+02   9.205810E+00
  1.330000000000E+00   1.330118E-12   1.000089E-12   7.500009E+01   7.528551E-42  -4.676525E-40  -3.507086E-26   1.200000E+02   9.205810E+00
  1.335000000000E+00   1.335119E-12   1.000089E-12   7.500009E+01   5.713051E-42  -2.461577E-40  -1.846021E-26   1.200000E+02   9.205810E+00
  1.340000000000E+00   1.340119E-12   1.000089E-12   7.500009E+01   5.142039E-42  -1.628309E-41  -1.221124E-27   1.200000E+02   9.205810E+00
  1.345000000000E+00   1.345119E-12   1.000089E-12   7.500009E+01   6.016303E-42   3.012904E-40   2.259480E-26   1.200000E+02   9.205810E+00
  1.350000000000E+00   1.350120E-12   1.000089E-12   7.500009E+01   8.059822E-42   4.693565E-40   3.519865E-26   1.200000E+02   9.205810E+00
  1.355000000000E+00   1.355120E-12   1.000089E-12   7.500009E+01   1.078655E-41   6.383643E-40   4.787312E-26   1.200000E+02   9.205810E+00
  1.360000000000E+00   1.360121E-12   1.000089E-12   7.500009E+01   1.410285E-41   6.901115E-40   5.175382E-26   1.200000E+02   9.205810E+00
  1.365000000000E+00   1.365121E-12   1.000089E-12   7.500009E+01   1.736131E-41   5.719988E-40   4.289615E-26   1.200000E+02   9.205810E+00
  1.370000000000E+00   1.370122E-12   1.000089E-12   7.500009E+01   1.985817E-41   3.485534E-40   2.613921E-26   1.200000E+02   9.205810E+00
  1.375000000000E+00   1.375122E-12   1.000089E-12   7.500009E+01   2.109714E-41   1.450288E-40   1.087620E-26   1.200000E+02   9.205810E+00
  1.380000000000E+00   1.380123E-12   1.000089E-12   7.500009E+01   2.106961E-41  -1.413966E-40  -1.060382E-26   1.200000E+02   9.205810E+00
  1.385000000000E+00   1.385123E-12   1.000089E-12   7.500009E+01   1.966690E-41  -4.692668E-40  -3.519192E-26   1.200000E+02   9.205810E+00
  1.390000000000E+00   1.390123E-12   1.000089E-12   7.500009E+01   1.655642E-41  -7.333387E-40  -5.499558E-26   1.200000E+02   9.205810E+00
  1.395000000000E+00   1.395124E-12   1.000089E-12   7.500009E+01   1.259314E-41  -7.906462E-40  -5.929326E-26   1.200000E+02   9.205810E+00
  1.400000000000E+00   1.400124E-12   1.000089E-12   7.500009E+01   8.431130E-42  -8.616752E-40  -6.461997E-26   1.200000E+02   9.205810E+00
  1.405000000000E+00   1.405125E-12   1.000089E-12   7.500009E+01   4.498526E-42  -6.465703E-40  -4.848852E-26   1.200000E+02   9.205810E+00
  1.410000000000E+00   1.410125E-12   1.000089E-12   7.500009E+01   1.564992E-42  -4.050986E-40  -3.037973E-26   1.200000E+02   9.205810E+00
  1.415000000000E+00   1.415126E-12   1.000089E-12   7.500009E+01  -1.250416E-43  -2.493414E-40  -1.869897E-26   1.200000E+02   9.205810E+00
  1.420000000000E+00   1.420126E-12   1.000089E-12   7.500009E+01   8.579213E-44   3.001021E-40   2.250568E-26   1.200000E+02   9.205810E+00
  1.425000000000E+00   1.425127E-12   1.000089E-12   7.500009E+01   2.362218E-42   5.781421E-40   4.335685E-26   1.200000E+02   9.205810E+00
  1.430000000000E+00   1.430127E-12   1.000089E-12   7.500009E+01   5.990348E-42   9.201486E-40   6.900509E-26   1.200000E+02   9.205810E+00
  1.435000000000E+00   1.435127E-12   1.000089E-12   7.500009E+01   1.076974E-41   1.035033E-39   7.762064E-26   1.200000E+02   9.205810E+00
  1.440000000000E+00   1.440128E-12   1.000089E-12   7.500009E+01   1.607001E-41   1.067229E-39   8.003514E-26   1.200000E+02   9.205810E+00
  1.445000000000E+00   1.445128E-12   1.000089E-12   7.500009E+01   2.189618E-41   1.292333E-39   9.691651E-26   1.200000E+02   9.205810E+00
  1.450000000000E+00   1.450129E-12   1.000089E-12   7.500009E+01   2.882044E-41   1.568557E-39   1.176315E-25   1.200000E+02   9.205810E+00
  1.455000000000E+00   1.455129E-12   1.000089E-12   7.500009E+01   3.752436E-41   1.942177E-39   1.456505E-25   1.200000E+02   9.205810E+00
  1.460000000000E+00   1.460130E-12   1.000089E-12   7.500009E+01   4.879358E-41   2.670404E-39   2.002627E-25   1.200000E+02   9.205810E+00
  1.465000000000E+00   1.465130E-12   1.000089E-12   7.500009E+01   6.491932E-41   3.886507E-39   2.914624E-25   1.200000E+02   9.205810E+00
  1.470000000000E+00   1.470131E-12   1.000089E-12   7.500009E+01   8.825702E-41   5.619184E-39   4.214018E-25   1.200000E+02   9.205810E+00
  1.475000000000E+00   1.475131E-12   1.000089E-12   7.500009E+01   1.228646E-40   8.407253E-39   6.304886E-25   1.200000E+02   9.205810E+00
  1.480000000000E+00   1.480131E-12   1.000089E-12   7.500009E+01   1.742466E-40   1.234039E-38   9.254484E-25   1.200000E+02   9.205810E+00
  1.485000000000E+00   1.485132E-12   1.000089E-12   7.500009E+01   2.490237E-40   1.807581E-38   1.355567E-24   1.200000E+02   9.205810E+00
  1.490000000000E+00   1.490132E-12   1.000089E-12   7.500009E+01   3.586178E-40   2.627069E-38   1.970129E-24   1.200000E+02   9.205810E+00
  1.495000000000E+00   1.495133E-12   1.000089E-12   7.500009E+01   5.173096E-40   3.805720E-38   2.854040E-24   1.200000E+02   9.205810E+00
  1.500000000000E+00   1.500133E-12   1.000089E-12   7.500009E+01   7.473919E-40   5.507834E-38   4.130513E-24   1.200000E+02   9.205810E+00
  1.505000000000E+00   1.505134E-12   1.000089E-12   7.500009E+01   1.079871E-39   7.957546E-38   5.967636E-24   1.200000E+02   9.205810E+00
  1.510000000000E+00   1.510134E-12   1.000089E-12   7.500009E+01   1.560182E-39   1.148288E-37   8.611405E-24   1.200000E+02   9.205810E+00
  1.515000000000E+00   1.515135E-12   1.000089E-12   7.500009E+01   2.252185E-39   1.651202E-37   1.238293E-23   1.200000E+02   9.205810E+00
  1.520000000000E+00   1.520135E-12   1.000089E-12   7.500009E+01   3.245662E-39   2.366601E-37   1.774795E-23   1.200000E+02   9.205810E+00
  1.525000000000E+00   1.525135E-12   1.000089E-12   7.500009E+01   4.666678E-39   3.380235E-37   2.534954E-23   1.200000E+02   9.205810E+00
  1.530000000000E+00   1.530136E-12   1.000089E-12   7.500009E+01   6.692018E-39   4.809425E-37   3.606752E-23   1.200000E+02   9.205810E+00
  1.535000000000E+00   1.535136E-12   1.000089E-12   7.500009E+01   9.568582E-39   6.818326E-37   5.113296E-23   1.200000E+02   9.205810E+00
  1.540000000000E+00   1.540137E-12   1.000089E-12   7.500009E+01   1.363891E-38   9.631707E-37   7.223146E-23   1.200000E+02   9.205810E+00
  1.545000000000E+00   1.545137E-12   1.000089E-12   7.500009E+01   1.937753E-38   1.355676E-36   1.016667E-22   1.200000E+02   9.205810E+00
  1.550000000000E+00   1.550138E-12   1.000089E-12   7.500009E+01   2.743995E-38   1.901362E-36   1.425896E-22   1.200000E+02   9.205810E+00
  1.555000000000E+00   1.555138E-12   1.000089E-12   7.500009E+01   3.872727E-38   2.657719E-36   1.993115E-22   1.200000E+02   9.205810E+00
  1.560000000000E+00   1.560139E-12   1.000089E-12   7.500009E+01   5.447596E-38   3.702073E-36   2.776311E-22   1.200000E+02   9.205810E+00
  1.565000000000E+00   1.565139E-12   1.000089E-12   7.500009E+01   7.637321E-38   5.139114E-36   3.853998E-22   1.200000E+02   9.205810E+00
  1.570000000000E+00   1.570139E-12   1.000089E-12   7.500009E+01   1.067193E-37   7.110271E-36   5.332236E-22   1.200000E+02   9.205810E+00
  1.575000000000E+00   1.575140E-12   1.000089E-12   7.500009E+01   1.486316E-37   9.805092E-36   7.353174E-22   1.200000E+02   9.205810E+00
  1.580000000000E+00   1.580140E-12   1.000089E-12   7.500009E+01   2.063278E-37   1.347704E-35   1.010690E-21   1.200000E+02   9.205810E+00
  1.585000000000E+00   1.585141E-12   1.000089E-12   7.500009E+01   2.854885E-37   1.845967E-35   1.384354E-21   1.200000E+02   9.205810E+00
  1.590000000000E+00   1.590141E-12   1.000089E-12   7.500009E+01   3.937310E-37   2.520260E-35   1.890029E-21   1.200000E+02   9.205810E+00
  1.595000000000E+00   1.595142E-12   1.000089E-12   7.500009E+01   5.412614E-37   3.429211E-35   2.571682E-21   1.200000E+02   9.205810E+00
  1.600000000000E+00   1.600142E-12   1.000089E-12   7.500009E+01   7.416538E-37   4.650550E-35   3.487606E-21   1.200000E+02   9.205810E+00
  1.605000000000E+00   1.605143E-12   1.000089E-12   7.500009E+01   1.012970E-36   6.287132E-35   4.714935E-21   1.200000E+02   9.205810E+00
  1.610000000000E+00   1.610143E-12   1.000089E-12   7.500009E+01   1.379089E-36   8.470612E-35   6.352402E-21   1.200000E+02   9.205810E+00
  1.615000000000E+00   1.615143E-12   1.000089E-12   7.500009E+01   1.871551E-36   1.137526E-34   8.530695E-21   1.200000E+02   9.205810E+00
  1.620000000000E+00   1.620144E-12   1.000089E-12   7.500009E+01   2.531755E-36   1.522618E-34   1.141863E-20   1.200000E+02   9.205810E+00
  1.625000000000E+00   1.625144E-12   1.000089E-12   7.500009E+01   3.413964E-36   2.031489E-34   1.523483E-20   1.200000E+02   9.205810E+00
  1.630000000000E+00   1.630145E-12   1.000089E-12   7.500009E+01   4.589035E-36   2.701756E-34   2.026139E-20   1.200000E+02   9.205810E+00
  1.635000000000E+00   1.635145E-12   1.000089E-12   7.500009E+01   6.149151E-36   3.581261E-34   2.685710E-20   1.200000E+02   9.205810E+00
  1.640000000000E+00   1.640146E-12   1.000089E-12   7.500009E+01   8.213695E-36   4.732070E-34   3.548741E-20   1.200000E+02   9.205810E+00
  1.645000000000E+00   1.645146E-12   1.000089E-12   7.500009E+01   1.093699E-35   6.232471E-34   4.673943E-20   1.200000E+02   9.205810E+00
  1.650000000000E+00   1.650147E-12   1.000089E-12   7.500009E+01   1.451820E-35   8.183321E-34   6.136953E-20   1.200000E+02   9.205810E+00
  1.655000000000E+00   1.655147E-12   1.000089E-12   7.500009E+01   1.921209E-35   1.070922E-33   8.031213E-20   1.200000E+02   9.205810E+00
  1.660000000000E+00   1.660147E-12   1.000089E-12   7.500009E+01   2.534497E-35   1.397146E-33   1.047767E-19   1.200000E+02   9.205810E+00
  1.665000000000E+00   1.665148E-12   1.000089E-12   7.500009E+01   3.333288E-35   1.816844E-33   1.362513E-19   1.200000E+02   9.205810E+00
  1.670000000000E+00   1.670148E-12   1.000089E-12   7.500009E+01   4.370356E-35   2.355315E-33   1.766331E-19   1.200000E+02   9.205810E+00
  1.675000000000E+00   1.675149E-12   1.000089E-12   7.500009E+01   5.712639E-35   3.043872E-33   2.282704E-19   1.200000E+02   9.205810E+00
  1.680000000000E+00   1.680149E-12   1.000089E-12   7.500009E+01   7.444471E-35   3.921449E-33   2.940829E-19   1.200000E+02   9.205810E+00
  1.685000000000E+00   1.685150E-12   1.000089E-12   7.500009E+01   9.672080E-35   5.036382E-33   3.776955E-19   1.200000E+02   9.205810E+00
  1.690000000000E+00   1.690150E-12   1.000089E-12   7.500009E+01   1.252832E-34   6.448104E-33   4.835653E-19   1.200000E+02   9.205810E+00
  1.695000000000E+00   1.695151E-12   1.000089E-12   7.500009E+01   1.617947E-34   8.231094E-33   6.172778E-19   1.200000E+02   9.205810E+00
  1.700000000000E+00   1.700151E-12   1.000089E-12   7.500009E+01   2.083254E-34   1.047300E-32   7.854058E-19   1.200000E+02   9.205810E+00
  1.705000000000E+00   1.705151E-12   1.000089E-12   7.500009E+01   2.674394E-34   1.328741E-32   9.964684E-19   1.200000E+02   9.205810E+00
  1.710000000000E+00   1.710152E-12   1.000089E-12   7.500009E+01   3.423190E-34   1.680524E-32   1.260283E-18   1.200000E+02   9.205810E+00
  1.715000000000E+00   1.715152E-12   1.000089E-12   7.500009E+01   4.368792E-34   2.119125E-32   1.589204E-18   1.200000E+02   9.205810E+00
  1.720000000000E+00   1.720153E-12   1.000089E-12   7.500009E+01   5.559317E-34   2.664103E-32   1.997902E-18   1.200000E+02   9.205810E+00
  1.725000000000E+00   1.725153E-12   1.000089E-12   7.500009E+01   7.053658E-34   3.339382E-32   2.504317E-18   1.200000E+02   9.205810E+00
  1.730000000000E+00   1.730154E-12   1.000089E-12   7.500009E+01   8.924037E-34   4.173550E-32   3.129888E-18   1.200000E+02   9.205810E+00
  1.735000000000E+00   1.735154E-12   1.000089E-12   7.500009E+01   1.125802E-33   5.200613E-32   3.900117E-18   1.200000E+02   9.205810E+00
  1.740000000000E+00   1.740155E-12   1.000089E-12   7.500009E+01   1.416184E-33   6.460893E-32   4.845245E-18   1.200000E+02   9.205810E+00
  1.745000000000E+00   1.745155E-12   1.000089E-12   7.500009E+01   1.776406E-33   8.004044E-32   6.002507E-18   1.200000E+02   9.205810E+00
  1.750000000000E+00   1.750155E-12   1.000089E-12   7.500009E+01   2.222042E-33   9.887243E-32   7.414781E-18   1.200000E+02   9.205810E+00
  1.755000000000E+00   1.755156E-12   1.000089E-12   7.500009E+01   2.771702E-33   1.217910E-31   9.133523E-18   1.200000E+02   9.205810E+00
  1.760000000000E+00   1.760156E-12   1.000089E-12   7.500009E+01   3.447776E-33   1.495966E-31   1.121876E-17   1.200000E+02   9.205810E+00
  1.765000000000E+00   1.765157E-12   1.000089E-12   7.500009E+01   4.276985E-33   1.832282E-31   1.374091E-17   1.200000E+02   9.205810E+00
  1.770000000000E+00   1.770157E-12   1.000089E-12   7.500009E+01   5.291180E-33   2.238171E-31   1.678481E-17   1.200000E+02   9.205810E+00
  1.775000000000E+00   1.775158E-12   1.000089E-12   7.500009E+01   6.528204E-33   2.726154E-31   2.044436E-17   1.200000E+02   9.205810E+00
  1.780000000000E+00   1.780158E-12   1.000089E-12   7.500009E+01   8.032885E-33   3.311637E-31   2.483509E-17   1.200000E+02   9.205810E+00
  1.785000000000E+00   1.785159E-12   1.000089E-12   7.500009E+01   9.858185E-33   4.012194E-31   3.008881E-17   1.200000E+02   9.205810E+00
  1.790000000000E+00   1.790159E-12   1.000089E-12   7.500009E+01   1.206655E-32   4.848047E-31   3.635716E-17   1.200000E+02   9.205810E+00
  1.795000000000E+00   1.795159E-12   1.000089E-12   7.500009E+01   1.473127E-32   5.841827E-31   4.380986E-17   1.200000E+02   9.205810E+00
  1.800000000000E+00   1.800160E-12   1.000089E-12   7.500009E+01   1.793823E-32   7.022422E-31   5.266354E-17   1.200000E+02   9.205810E+00
  1.805000000000E+00   1.805160E-12   1.000089E-12   7.500009E+01   2.178807E-32   8.419203E-31   6.313848E-17   1.200000E+02   9.205810E+00
  1.810000000000E+00   1.810161E-12   1.000089E-12   7.500009E+01   2.639759E-32   1.006876E-30   7.550909E-17   1.200000E+02   9.205810E+00
  1.815000000000E+00   1.815161E-12   1.000089E-12   7.500009E+01   3.190363E-32   1.201203E-30   9.008228E-17   1.200000E+02   9.205810E+00
  1.820000000000E+00   1.820162E-12   1.000089E-12   7.500009E+01   3.846393E-32   1.429522E-30   1.072047E-16   1.200000E+02   9.205810E+00
  1.825000000000E+00   1.825162E-12   1.000089E-12   7.500009E+01   4.626221E-32   1.697129E-30   1.272735E-16   1.200000E+02   9.205810E+00
  1.830000000000E+00   1.830163E-12   1.000089E-12   7.500009E+01   5.550860E-32   2.010286E-30   1.507582E-16   1.200000E+02   9.205810E+00
  1.835000000000E+00   1.835163E-12   1.000089E-12   7.500009E+01   6.644904E-32   2.375827E-30   1.781714E-16   1.200000E+02   9.205810E+00
  1.840000000000E+00   1.840163E-12   1.000089E-12   7.500009E+01   7.936317E-32   2.801458E-30   2.100909E-16   1.200000E+02   9.205810E+00
  1.845000000000E+00   1.845164E-12   1.000089E-12   7.500009E+01   9.457416E-32   3.296422E-30   2.472099E-16   1.200000E+02   9.205810E+00
  1.850000000000E+00   1.850164E-12   1.000089E-12   7.500009E+01   1.124522E-31   3.870349E-30   2.902507E-16   1.200000E+02   9.205810E+00
  1.855000000000E+00   1.855165E-12   1.000089E-12   7.500009E+01   1.334217E-31   4.534795E-30   3.400798E-16   1.200000E+02   9.205810E+00
  1.860000000000E+00   1.860165E-12   1.000089E-12   7.500009E+01   1.579650E-31   5.302856E-30   3.976793E-16   1.200000E+02   9.205810E+00
  1.865000000000E+00   1.865166E-12   1.000089E-12   7.500009E+01   1.866390E-31   6.189554E-30   4.641758E-16   1.200000E+02   9.205810E+00
  1.870000000000E+00   1.870166E-12   1.000089E-12   7.500009E+01   2.200747E-31   7.210682E-30   5.407537E-16   1.200000E+02   9.205810E+00
  1.875000000000E+00   1.875167E-12   1.000089E-12   7.500009E+01   2.589893E-31   8.384729E-30   6.287995E-16   1.200000E+02   9.205810E+00
  1.880000000000E+00   1.880167E-12   1.000089E-12   7.500009E+01   3.042039E-31   9.733650E-30   7.299597E-16   1.200000E+02   9.205810E+00
  1.885000000000E+00   1.885167E-12   1.000089E-12   7.500009E+01   3.566478E-31   1.128210E-29   8.460831E-16   1.200000E+02   9.205810E+00
  1.890000000000E+00   1.890168E-12   1.000089E-12   7.500009E+01   4.173854E-31   1.305472E-29   9.790183E-16   1.200000E+02   9.205810E+00
  1.895000000000E+00   1.895168E-12   1.000089E-12   7.500009E+01   4.876187E-31   1.508696E-29   1.131423E-15   1.200000E+02   9.205810E+00
  1.900000000000E+00   1.900169E-12   1.000089E-12   7.500009E+01   5.687173E-31   1.740887E-29   1.305550E-15   1.200000E+02   9.205810E+00
  1.905000000000E+00   1.905169E-12   1.000089E-12   7.500009E+01   6.622436E-31   2.006357E-29   1.504636E-15   1.200000E+02   9.205810E+00
  1.910000000000E+00   1.910170E-12   1.000089E-12   7.500009E+01   7.699631E-31   2.309575E-29   1.732029E-15   1.200000E+02   9.205810E+00
  1.915000000000E+00   1.915170E-12   1.000089E-12   7.500009E+01   8.938882E-31   2.655626E-29   1.991545E-15   1.200000E+02   9.205810E+00
  1.920000000000E+00   1.920171E-12   1.000089E-12   7.500009E+01   1.036315E-30   3.050673E-29   2.287804E-15   1.200000E+02   9.205810E+00
  1.925000000000E+00   1.925171E-12   1.000089E-12   7.500009E+01   1.199843E-30   3.501187E-29   2.625659E-15   1.200000E+02   9.205810E+00
  1.930000000000E+00   1.930171E-12   1.000089E-12   7.500009E+01   1.387432E-30   4.014562E-29   3.010658E-15   1.200000E+02   9.205810E+00
  1.935000000000E+00   1.935172E-12   1.000089E-12   7.500009E+01   1.602470E-30   4.600661E-29   3.450193E-15   1.200000E+02   9.205810E+00
  1.940000000000E+00   1.940172E-12   1.000089E-12   7.500009E+01   1.848817E-30   5.269344E-29   3.951661E-15   1.200000E+02   9.205810E+00
  1.945000000000E+00   1.945173E-12   1.000089E-12   7.500009E+01   2.130871E-30   6.031088E-29   4.522919E-15   1.200000E+02   9.205810E+00
  1.950000000000E+00   1.950173E-12   1.000089E-12   7.500009E+01   2.453676E-30   6.901300E-29   5.175521E-15   1.200000E+02   9.205810E+00
  1.955000000000E+00   1.955174E-12   1.000089E-12   7.500009E+01   2.822974E-30   7.894772E-29   5.920559E-15   1.200000E+02   9.205810E+00
  1.960000000000E+00   1.960174E-12   1.000089E-12   7.500009E+01   3.245372E-30   9.028760E-29   6.770975E-15   1.200000E+02   9.205810E+00
  1.965000000000E+00   1.965175E-12   1.000089E-12   7.500009E+01   3.728426E-30   1.032545E-28   7.743408E-15   1.200000E+02   9.205810E+00
  1.970000000000E+00   1.970175E-12   1.000089E-12   7.500009E+01   4.280875E-30   1.180826E-28   8.855419E-15   1.200000E+02   9.205810E+00
  1.975000000000E+00   1.975175E-12   1.000089E-12   7.500009E+01   4.912654E-30   1.350555E-28   1.012827E-14   1.200000E+02   9.205810E+00
  1.980000000000E+00   1.980176E-12   1.000089E-12   7.500009E+01   5.635349E-30   1.544935E-28   1.158599E-14   1.200000E+02   9.205810E+00
  1.985000000000E+00   1.985176E-12   1.000089E-12   7.500009E+01   6.462174E-30   1.767911E-28   1.325817E-14   1.200000E+02   9.205810E+00
  1.990000000000E+00   1.990177E-12   1.000089E-12   7.500009E+01   7.408486E-30   2.023675E-28   1.517623E-14   1.200000E+02   9.205810E+00
  1.995000000000E+00   1.995177E-12   1.000089E-12   7.500009E+01   8.492036E-30   2.317772E-28   1.738176E-14   1.200000E+02   9.205810E+00
  2.000000000000E+00   2.000178E-12   1.000089E-12   7.500009E+01   9.733457E-30   2.656243E-28   1.992007E-14   1.200000E+02   9.205810E+00
  2.005000000000E+00   2.005178E-12   1.000089E-12   7.500009E+01   1.115646E-29   3.045743E-28   2.284107E-14   1.200000E+02   9.205810E+00
  2.010000000000E+00   2.010179E-12   1.000089E-12   7.500009E+01   1.278876E-29   3.494900E-28   2.620945E-14   1.200000E+02   9.205810E+00
  2.015000000000E+00   2.015179E-12   1.000089E-12   7.500009E+01   1.466236E-29   4.012837E-28   3.009364E-14   1.200000E+02   9.205810E+00
  2.020000000000E+00   2.020179E-12   1.000089E-12   7.500009E+01   1.681477E-29   4.612371E-28   3.458975E-14   1.200000E+02   9.205810E+00
  2.025000000000E+00   2.025180E-12   1.000089E-12   7.500009E+01   1.928952E-29   5.305090E-28   3.978468E-14   1.200000E+02   9.205810E+00
  2.030000000000E+00   2.030180E-12   1.000089E-12   7.500009E+01   2.213731E-29   6.107263E-28   4.580045E-14   1.200000E+02   9.205810E+00
  2.035000000000E+00   2.035181E-12   1.000089E-12   7.500009E+01   2.541749E-29   7.038118E-28   5.278126E-14   1.200000E+02   9.205810E+00
  2.040000000000E+00   2.040181E-12   1.000089E-12   7.500009E+01   2.919919E-29   8.117379E-28   6.087500E-14   1.200000E+02   9.205810E+00
  2.045000000000E+00   2.045182E-12   1.000089E-12   7.500009E+01   3.356337E-29   9.372654E-28   7.028873E-14   1.200000E+02   9.205810E+00
  2.050000000000E+00   2.050182E-12   1.000089E-12   7.500009E+01   3.860498E-29   1.083303E-27   8.124061E-14   1.200000E+02   9.205810E+00
  2.055000000000E+00   2.055183E-12   1.000089E-12   7.500009E+01   4.443486E-29   1.253303E-27   9.398946E-14   1.200000E+02   9.205810E+00
  2.060000000000E+00   2.060183E-12   1.000089E-12   7.500009E+01   5.118356E-29   1.451603E-27   1.088606E-13   1.200000E+02   9.205810E+00
  2.065000000000E+00   2.065183E-12   1.000089E-12   7.500009E+01   5.900315E-29   1.682838E-27   1.262017E-13   1.200000E+02   9.205810E+00
  2.070000000000E+00   2.070184E-12   1.000089E-12   7.500009E+01   6.807347E-29   1.952825E-27   1.464490E-13   1.200000E+02   9.205810E+00
  2.075000000000E+00   2.075184E-12   1.000089E-12   7.500009E+01   7.860437E-29   2.268567E-27   1.701276E-13   1.200000E+02   9.205810E+00
  2.080000000000E+00   2.080185E-12   1.000089E-12   7.500009E+01   9.084354E-29   2.637556E-27   1.977994E-13   1.200000E+02   9.205810E+00
  2.085000000000E+00   2.085185E-12   1.000089E-12   7.500009E+01   1.050817E-28   3.070049E-27   2.302335E-13   1.200000E+02   9.205810E+00
  2.090000000000E+00   2.090186E-12   1.000089E-12   7.500009E+01   1.216612E-28   3.576301E-27   2.681990E-13   1.200000E+02   9.205810E+00
  2.095000000000E+00   2.095186E-12   1.000089E-12   7.500009E+01   1.409843E-28   4.169919E-27   3.127165E-13   1.200000E+02   9.205810E+00
  2.100000000000E+00   2.100187E-12   1.000089E-12   7.500009E+01   1.635237E-28   4.866088E-27   3.649246E-13   1.200000E+02   9.205810E+00
  2.105000000000E+00   2.105187E-12   1.000089E-12   7.500009E+01   1.898385E-28   5.683743E-27   4.262433E-13   1.200000E+02   9.205810E+00
  2.110000000000E+00   2.110187E-12   1.000089E-12   7.500009E+01   2.205859E-28   6.643787E-27   4.982403E-13   1.200000E+02   9.205810E+00
  2.115000000000E+00   2.115188E-12   1.000089E-12   7.500009E+01   2.565406E-28   7.771069E-27   5.827790E-13   1.200000E+02   9.205810E+00
  2.120000000000E+00   2.120188E-12   1.000089E-12   7.500009E+01   2.986137E-28   9.097144E-27   6.822259E-13   1.200000E+02   9.205810E+00
  2.125000000000E+00   2.125189E-12   1.000089E-12   7.500009E+01   3.478797E-28   1.065436E-26   7.990065E-13   1.200000E+02   9.205810E+00
  2.130000000000E+00   2.130189E-12   1.000089E-12   7.500009E+01   4.056022E-28   1.248846E-26   9.365521E-13   1.200000E+02   9.205810E+00
  2.135000000000E+00   2.135190E-12   1.000089E-12   7.500009E+01   4.732802E-28   1.464441E-26   1.098235E-12   1.200000E+02   9.205810E+00
  2.140000000000E+00   2.140190E-12   1.000089E-12   7.500009E+01   5.526616E-28   1.718297E-26   1.288610E-12   1.200000E+02   9.205810E+00
  2.145000000000E+00   2.145191E-12   1.000089E-12   7.500009E+01   6.458293E-28   2.017117E-26   1.512705E-12   1.200000E+02   9.205810E+00
  2.150000000000E+00   2.150191E-12   1.000089E-12   7.500009E+01   7.552222E-28   2.368949E-26   1.776556E-12   1.200000E+02   9.205810E+00
  2.155000000000E+00   2.155191E-12   1.000089E-12   7.500009E+01   8.837182E-28   2.783101E-26   2.087143E-12   1.200000E+02   9.205810E+00
  2.160000000000E+00   2.160192E-12   1.000089E-12   7.500009E+01   1.034706E-27   3.270933E-26   2.452984E-12   1.200000E+02   9.205810E+00
  2.165000000000E+00   2.165192E-12   1.000089E-12   7.500009E+01   1.212187E-27   3.845224E-26   2.883665E-12   1.200000E+02   9.205810E+00
  2.170000000000E+00   2.170193E-12   1.000089E-12   7.500009E+01   1.420857E-27   4.521435E-26   3.390779E-12   1.200000E+02   9.205810E+00
  2.175000000000E+00   2.175193E-12   1.000089E-12   7.500009E+01   1.666256E-27   5.318185E-26   3.988288E-12   1.200000E+02   9.205810E+00
  2.180000000000E+00   2.180194E-12   1.000089E-12   7.500009E+01   1.954916E-27   6.255983E-26   4.691575E-12   1.200000E+02   9.205810E+00
  2.185000000000E+00   2.185194E-12   1.000089E-12   7.500009E+01   2.294492E-27   7.359757E-26   5.519333E-12   1.200000E+02   9.205810E+00
  2.190000000000E+00   2.190195E-12   1.000089E-12   7.500009E+01   2.694021E-27   8.659168E-26   6.493806E-12   1.200000E+02   9.205810E+00
  2.195000000000E+00   2.195195E-12   1.000089E-12   7.500009E+01   3.164107E-27   1.018893E-25   7.641025E-12   1.200000E+02   9.205810E+00
  2.200000000000E+00   2.200195E-12   1.000089E-12   7.500009E+01   3.717243E-27   1.198942E-25   8.991279E-12   1.200000E+02   9.205810E+00
  2.205000000000E+00   2.205196E-12   1.000089E-12   7.500009E+01   4.368073E-27   1.410610E-25   1.057864E-11   1.200000E+02   9.205810E+00
  2.210000000000E+00   2.210196E-12   1.000089E-12   7.500009E+01   5.133861E-27   1.659763E-25   1.244713E-11   1.200000E+02   9.205810E+00
  2.215000000000E+00   2.215197E-12   1.000089E-12   7.500009E+01   6.034854E-27   1.952715E-25   1.464408E-11   1.200000E+02   9.205810E+00
  2.220000000000E+00   2.220197E-12   1.000089E-12   7.500009E+01   7.094755E-27   2.296911E-25   1.722532E-11   1.200000E+02   9.205810E+00
  2.225000000000E+00   2.225198E-12   1.000089E-12   7.500009E+01   8.341382E-27   2.701565E-25   2.025996E-11   1.200000E+02   9.205810E+00
  2.230000000000E+00   2.230198E-12   1.000089E-12   7.500009E+01   9.807527E-27   3.176648E-25   2.382277E-11   1.200000E+02   9.205810E+00
  2.235000000000E+00   2.235199E-12   1.000089E-12   7.500009E+01   1.153141E-26   3.734783E-25   2.800841E-11   1.200000E+02   9.205810E+00
  2.240000000000E+00   2.240199E-12   1.000089E-12   7.500009E+01   1.355781E-26   4.389853E-25   3.292101E-11   1.200000E+02   9.205810E+00
  2.245000000000E+00   2.245199E-12   1.000089E-12   7.500009E+01   1.593939E-26   5.158267E-25   3.868361E-11   1.200000E+02   9.205810E+00
  2.250000000000E+00   2.250200E-12   1.000089E-12   7.500009E+01   1.873758E-26   6.059966E-25   4.544576E-11   1.200000E+02   9.205810E+00
  2.255000000000E+00   2.255200E-12   1.000089E-12   7.500009E+01   2.202419E-26   7.116661E-25   5.337028E-11   1.200000E+02   9.205810E+00
  2.260000000000E+00   2.260201E-12   1.000089E-12   7.500009E+01   2.588333E-26   8.354605E-25   6.265404E-11   1.200000E+02   9.205810E+00
  2.265000000000E+00   2.265201E-12   1.000089E-12   7.500009E+01   3.041262E-26   9.804594E-25   7.352801E-11   1.200000E+02   9.205810E+00
  2.270000000000E+00   2.270202E-12   1.000089E-12   7.500009E+01   3.572710E-26   1.150096E-24   8.624964E-11   1.200000E+02   9.205810E+00
  2.275000000000E+00   2.275202E-12   1.000089E-12   7.500009E+01   4.196003E-26   1.348611E-24   1.011370E-10   1.200000E+02   9.205810E+00
  2.280000000000E+00   2.280203E-12   1.000089E-12   7.500009E+01   4.926713E-26   1.580751E-24   1.185459E-10   1.200000E+02   9.205810E+00
  2.285000000000E+00   2.285203E-12   1.000089E-12   7.500009E+01   5.783015E-26   1.852069E-24   1.388930E-10   1.200000E+02   9.205810E+00
  2.290000000000E+00   2.290203E-12   1.000089E-12   7.500009E+01   6.785971E-26   2.168724E-24   1.626400E-10   1.200000E+02   9.205810E+00
  2.295000000000E+00   2.295204E-12   1.000089E-12   7.500009E+01   7.960180E-26   2.538289E-24   1.903550E-10   1.200000E+02   9.205810E+00
  2.300000000000E+00   2.300204E-12   1.000089E-12   7.500009E+01   9.334156E-26   2.969449E-24   2.226891E-10   1.200000E+02   9.205810E+00
  2.305000000000E+00   2.305205E-12   1.000089E-12   7.500009E+01   1.094106E-25   3.471897E-24   2.603694E-10   1.200000E+02   9.205810E+00
  2.310000000000E+00   2.310205E-12   1.000089E-12   7.500009E+01   1.281942E-25   4.057547E-24   3.042893E-10   1.200000E+02   9.205810E+00
  2.315000000000E+00   2.315206E-12   1.000089E-12   7.500009E+01   1.501387E-25   4.738921E-24   3.553879E-10   1.200000E+02   9.205810E+00
  2.320000000000E+00   2.320206E-12   1.000089E-12   7.500009E+01   1.757611E-25   5.531770E-24   4.148464E-10   1.200000E+02   9.205810E+00
  2.325000000000E+00   2.325207E-12   1.000089E-12   7.500009E+01   2.056624E-25   6.453463E-24   4.839672E-10   1.200000E+02   9.205810E+00
  2.330000000000E+00   2.330207E-12   1.000089E-12   7.500009E+01   2.405365E-25   7.524597E-24   5.642953E-10   1.200000E+02   9.205810E+00
  2.335000000000E+00   2.335207E-12   1.000089E-12   7.500009E+01   2.811830E-25   8.767791E-24   6.575266E-10   1.200000E+02   9.205810E+00
  2.340000000000E+00   2.340208E-12   1.000089E-12   7.500009E+01   3.285294E-25   1.020890E-23   7.655999E-10   1.200000E+02   9.205810E+00
  2.345000000000E+00   2.345208E-12   1.000089E-12   7.500009E+01   3.836452E-25   1.188103E-23   8.909989E-10   1.200000E+02   9.205810E+00
  2.350000000000E+00   2.350209E-12   1.000089E-12   7.500009E+01   4.477662E-25   1.381812E-23   1.036268E-09   1.200000E+02   9.205810E+00
  2.355000000000E+00   2.355209E-12   1.000089E-12   7.500009E+01   5.223127E-25   1.606055E-23   1.204436E-09   1.200000E+02   9.205810E+00
  2.360000000000E+00   2.360210E-12   1.000089E-12   7.500009E+01   6.089211E-25   1.865195E-23   1.398774E-09   1.200000E+02   9.205810E+00
  2.365000000000E+00   2.365210E-12   1.000089E-12   7.500009E+01   7.094784E-25   2.164725E-23   1.623401E-09   1.200000E+02   9.205810E+00
  2.370000000000E+00   2.370211E-12   1.000089E-12   7.500009E+01   8.261400E-25   2.510622E-23   1.882802E-09   1.200000E+02   9.205810E+00
  2.375000000000E+00   2.375211E-12   1.000089E-12   7.500009E+01   9.614066E-25   2.909996E-23   2.182305E-09   1.200000E+02   9.205810E+00
  2.380000000000E+00   2.380211E-12   1.000089E-12   7.500009E+01   1.118119E-24   3.370438E-23   2.527607E-09   1.200000E+02   9.205810E+00
  2.385000000000E+00   2.385212E-12   1.000089E-12   7.500009E+01   1.299555E-24   3.900674E-23   2.925248E-09   1.200000E+02   9.205810E+00
  2.390000000000E+00   2.390212E-12   1.000089E-12   7.500009E+01   1.509459E-24   4.511042E-23   3.382985E-09   1.200000E+02   9.205810E+00
  2.395000000000E+00   2.395213E-12   1.000089E-12   7.500009E+01   1.752120E-24   5.213177E-23   3.909539E-09   1.200000E+02   9.205810E+00
  2.400000000000E+00   2.400213E-12   1.000089E-12   7.500009E+01   2.032444E-24   6.019678E-23   4.514362E-09   1.200000E+02   9.205810E+00
  2.405000000000E+00   2.405214E-12   1.000089E-12   7.500009E+01   2.356014E-24   6.946378E-23   5.209327E-09   1.200000E+02   9.205810E+00
  2.410000000000E+00   2.410214E-12   1.000089E-12   7.500009E+01   2.729227E-24   8.008142E-23   6.005580E-09   1.200000E+02   9.205810E+00
  2.415000000000E+00   2.415215E-12   1.000089E-12   7.500009E+01   3.159361E-24   9.226941E-23   6.919599E-09   1.200000E+02   9.205810E+00
  2.420000000000E+00   2.420215E-12   1.000089E-12   7.500009E+01   3.654726E-24   1.062152E-22   7.965438E-09   1.200000E+02   9.205810E+00
  2.425000000000E+00   2.425215E-12   1.000089E-12   7.500009E+01   4.224757E-24   1.221901E-22   9.163452E-09   1.200000E+02   9.205810E+00
  2.430000000000E+00   2.430216E-12   1.000089E-12   7.500009E+01   4.880168E-24   1.404268E-22   1.053109E-08   1.200000E+02   9.205810E+00
  2.435000000000E+00   2.435216E-12   1.000089E-12   7.500009E+01   5.633187E-24   1.612744E-22   1.209452E-08   1.200000E+02   9.205810E+00
  2.440000000000E+00   2.440217E-12   1.000089E-12   7.500009E+01   6.497642E-24   1.850687E-22   1.387894E-08   1.200000E+02   9.205810E+00
  2.445000000000E+00   2.445217E-12   1.000089E-12   7.500009E+01   7.489174E-24   2.121718E-22   1.591149E-08   1.200000E+02   9.205810E+00
  2.450000000000E+00   2.450218E-12   1.000089E-12   7.500009E+01   8.625513E-24   2.430877E-22   1.822998E-08   1.200000E+02   9.205810E+00
  2.455000000000E+00   2.455218E-12   1.000089E-12   7.500009E+01   9.926875E-24   2.782687E-22   2.086832E-08   1.200000E+02   9.205810E+00
  2.460000000000E+00   2.460219E-12   1.000089E-12   7.500009E+01   1.141585E-23   3.182319E-22   2.386530E-08   1.200000E+02   9.205810E+00
  2.465000000000E+00   2.465219E-12   1.000089E-12   7.500009E+01   1.311803E-23   3.636751E-22   2.727324E-08   1.200000E+02   9.205810E+00
  2.470000000000E+00   2.470219E-12   1.000089E-12   7.500009E+01   1.506243E-23   4.152447E-22   3.114062E-08   1.200000E+02   9.205810E+00
  2.475000000000E+00   2.475220E-12   1.000089E-12   7.500009E+01   1.728144E-23   4.736643E-22   3.552170E-08   1.200000E+02   9.205810E+00
  2.480000000000E+00   2.480220E-12   1.000089E-12   7.500009E+01   1.981179E-23   5.399421E-22   4.049211E-08   1.200000E+02   9.205810E+00
  2.485000000000E+00   2.485221E-12   1.000089E-12   7.500009E+01   2.269472E-23   6.149054E-22   4.611386E-08   1.200000E+02   9.205810E+00
  2.490000000000E+00   2.490221E-12   1.000089E-12   7.500009E+01   2.597656E-23   6.996914E-22   5.247225E-08   1.200000E+02   9.205810E+00
  2.495000000000E+00   2.495222E-12   1.000089E-12   7.500009E+01   2.970890E-23   7.953859E-22   5.964870E-08   1.200000E+02   9.205810E+00
  2.500000000000E+00   2.500222E-12   1.000089E-12   7.500009E+01   3.394996E-23   9.033846E-22   6.774790E-08   1.200000E+02   9.205810E+00
  2.505000000000E+00   2.505223E-12   1.000089E-12   7.500009E+01   3.876518E-23   1.025394E-21   7.689778E-08   1.200000E+02   9.205810E+00
  2.510000000000E+00   2.510223E-12   1.000089E-12   7.500009E+01   4.422768E-23   1.162499E-21   8.717977E-08   1.200000E+02   9.205810E+00
  2.515000000000E+00   2.515223E-12   1.000089E-12   7.500009E+01   5.041830E-23   1.316975E-21   9.876445E-08   1.200000E+02   9.205810E+00
  2.520000000000E+00   2.520224E-12   1.000089E-12   7.500009E+01   5.742803E-23   1.490579E-21   1.117836E-07   1.200000E+02   9.205810E+00
  2.525000000000E+00   2.525224E-12   1.000089E-12   7.500009E+01   6.535842E-23   1.685587E-21   1.264080E-07   1.200000E+02   9.205810E+00
  2.530000000000E+00   2.530225E-12   1.000089E-12   7.500009E+01   7.432133E-23   1.904170E-21   1.428002E-07   1.200000E+02   9.205810E+00
  2.535000000000E+00   2.535225E-12   1.000089E-12   7.500009E+01   8.444354E-23   2.149636E-21   1.612085E-07   1.200000E+02   9.205810E+00
  2.540000000000E+00   2.540226E-12   1.000089E-12   7.500009E+01   9.586401E-23   2.424053E-21   1.817880E-07   1.200000E+02   9.205810E+00
  2.545000000000E+00   2.545226E-12   1.000089E-12   7.500009E+01   1.087370E-22   2.731144E-21   2.048178E-07   1.200000E+02   9.205810E+00
  2.550000000000E+00   2.550227E-12   1.000089E-12   7.500009E+01   1.232346E-22   3.074630E-21   2.305770E-07   1.200000E+02   9.205810E+00
  2.555000000000E+00   2.555227E-12   1.000089E-12   7.500009E+01   1.395470E-22   3.457615E-21   2.592984E-07   1.200000E+02   9.205810E+00
  2.560000000000E+00   2.560227E-12   1.000089E-12   7.500009E+01   1.578831E-22   3.885267E-21   2.913695E-07   1.200000E+02   9.205810E+00
  2.565000000000E+00   2.565228E-12   1.000089E-12   7.500009E+01   1.784774E-22   4.361310E-21   3.270695E-07   1.200000E+02   9.205810E+00
  2.570000000000E+00   2.570228E-12   1.000089E-12   7.500009E+01   2.015847E-22   4.891533E-21   3.668327E-07   1.200000E+02   9.205810E+00
  2.575000000000E+00   2.575229E-12   1.000089E-12   7.500009E+01   2.274879E-22   5.480899E-21   4.110313E-07   1.200000E+02   9.205810E+00
  2.580000000000E+00   2.580229E-12   1.000089E-12   7.500009E+01   2.564988E-22   6.135612E-21   4.601305E-07   1.200000E+02   9.205810E+00
  2.585000000000E+00   2.585230E-12   1.000089E-12   7.500009E+01   2.889598E-22   6.862290E-21   5.146266E-07   1.200000E+02   9.205810E+00
  2.590000000000E+00   2.590230E-12   1.000089E-12   7.500009E+01   3.252482E-22   7.667964E-21   5.750469E-07   1.200000E+02   9.205810E+00
  2.595000000000E+00   2.595231E-12   1.000089E-12   7.500009E+01   3.657751E-22   8.559665E-21   6.419185E-07   1.200000E+02   9.205810E+00
  2.600000000000E+00   2.600231E-12   1.000089E-12   7.500009E+01   4.109954E-22   9.546491E-21   7.159240E-07   1.200000E+02   9.205810E+00
  2.605000000000E+00   2.605231E-12   1.000089E-12   7.500009E+01   4.614022E-22   1.063589E-20   7.976216E-07   1.200000E+02   9.205810E+00
  2.610000000000E+00   2.610232E-12   1.000089E-12   7.500009E+01   5.175396E-22   1.183944E-20   8.878798E-07   1.200000E+02   9.205810E+00
  2.615000000000E+00   2.615232E-12   1.000089E-12   7.500009E+01   5.800000E-22   1.316789E-20   9.875049E-07   1.200000E+02   9.205810E+00
  2.620000000000E+00   2.620233E-12   1.000089E-12   7.500009E+01   6.494269E-22   1.462952E-20   1.097117E-06   1.200000E+02   9.205810E+00
  2.625000000000E+00   2.625233E-12   1.000089E-12   7.500009E+01   7.265301E-22   1.623921E-20   1.217834E-06   1.200000E+02   9.205810E+00
  2.630000000000E+00   2.630234E-12   1.000089E-12   7.500009E+01   8.120705E-22   1.800607E-20   1.350337E-06   1.200000E+02   9.205810E+00
  2.635000000000E+00   2.635234E-12   1.000089E-12   7.500009E+01   9.068819E-22   1.994994E-20   1.496114E-06   1.200000E+02   9.205810E+00
  2.640000000000E+00   2.640235E-12   1.000089E-12   7.500009E+01   1.011871E-21   2.208076E-20   1.655912E-06   1.200000E+02   9.205810E+00
  2.645000000000E+00   2.645235E-12   1.000089E-12   7.500009E+01   1.128020E-21   2.441837E-20   1.831217E-06   1.200000E+02   9.205810E+00
  2.650000000000E+00   2.650235E-12   1.000089E-12   7.500009E+01   1.256399E-21   2.697601E-20   2.023024E-06   1.200000E+02   9.205810E+00
  2.655000000000E+00   2.655236E-12   1.000089E-12   7.500009E+01   1.398158E-21   2.977188E-20   2.232695E-06   1.200000E+02   9.205810E+00
  2.660000000000E+00   2.660236E-12   1.000089E-12   7.500009E+01   1.554521E-21   3.282584E-20   2.461722E-06   1.200000E+02   9.205810E+00
  2.665000000000E+00   2.665237E-12   1.000089E-12   7.500009E+01   1.726853E-21   3.615772E-20   2.711591E-06   1.200000E+02   9.205810E+00
  2.670000000000E+00   2.670237E-12   1.000089E-12   7.500009E+01   1.916588E-21   3.979070E-20   2.984040E-06   1.200000E+02   9.205810E+00
  2.675000000000E+00   2.675238E-12   1.000089E-12   7.500009E+01   2.125289E-21   4.374793E-20   3.280807E-06   1.200000E+02   9.205810E+00
  2.680000000000E+00   2.680238E-12   1.000089E-12   7.500009E+01   2.354623E-21   4.805258E-20   3.603627E-06   1.200000E+02   9.205810E+00
  2.685000000000E+00   2.685239E-12   1.000089E-12   7.500009E+01   2.606404E-21   5.273111E-20   3.954486E-06   1.200000E+02   9.205810E+00
  2.690000000000E+00   2.690239E-12   1.000089E-12   7.500009E+01   2.882563E-21   5.781000E-20   4.335369E-06   1.200000E+02   9.205810E+00
  2.695000000000E+00   2.695239E-12   1.000089E-12   7.500009E+01   3.185152E-21   6.330910E-20   4.747765E-06   1.200000E+02   9.205810E+00
  2.700000000000E+00   2.700240E-12   1.000089E-12   7.500009E+01   3.516395E-21   6.927141E-20   5.194900E-06   1.200000E+02   9.205810E+00
  2.705000000000E+00   2.705240E-12   1.000089E-12   7.500009E+01   3.878661E-21   7.572342E-20   5.678758E-06   1.200000E+02   9.205810E+00
  2.710000000000E+00   2.710241E-12   1.000089E-12   7.500009E+01   4.274476E-21   8.269821E-20   6.201821E-06   1.200000E+02   9.205810E+00
  2.715000000000E+00   2.715241E-12   1.000089E-12   7.500009E+01   4.706516E-21   9.022224E-20   6.766074E-06   1.200000E+02   9.205810E+00
  2.720000000000E+00   2.720242E-12   1.000089E-12   7.500009E+01   5.177652E-21   9.834185E-20   7.374991E-06   1.200000E+02   9.205810E+00
  2.725000000000E+00   2.725242E-12   1.000089E-12   7.500009E+01   5.690927E-21   1.070835E-19   8.030557E-06   1.200000E+02   9.205810E+00
  2.730000000000E+00   2.730243E-12   1.000089E-12   7.500009E+01   6.249598E-21   1.164935E-19   8.736246E-06   1.200000E+02   9.205810E+00
  2.735000000000E+00   2.735243E-12   1.000089E-12   7.500009E+01   6.857080E-21   1.266182E-19   9.495531E-06   1.200000E+02   9.205810E+00
  2.740000000000E+00   2.740243E-12   1.000089E-12   7.500009E+01   7.517024E-21   1.374973E-19   1.031139E-05   1.200000E+02   9.205810E+00
  2.745000000000E+00   2.745244E-12   1.000089E-12   7.500009E+01   8.233244E-21   1.491440E-19   1.118482E-05   1.200000E+02   9.205810E+00
  2.750000000000E+00   2.750244E-12   1.000089E-12   7.500009E+01   9.009814E-21   1.616377E-19   1.212176E-05   1.200000E+02   9.205810E+00
  2.755000000000E+00   2.755245E-12   1.000089E-12   7.500009E+01   9.850997E-21   1.750049E-19   1.312422E-05   1.200000E+02   9.205810E+00
  2.760000000000E+00   2.760245E-12   1.000089E-12   7.500009E+01   1.076137E-20   1.893119E-19   1.419714E-05   1.200000E+02   9.205810E+00
  2.765000000000E+00   2.765246E-12   1.000089E-12   7.500009E+01   1.174565E-20   2.045717E-19   1.534153E-05   1.200000E+02   9.205810E+00
  2.770000000000E+00   2.770246E-12   1.000089E-12   7.500009E+01   1.280881E-20   2.208638E-19   1.656333E-05   1.200000E+02   9.205810E+00
  2.775000000000E+00   2.775247E-12   1.000089E-12   7.500009E+01   1.395617E-20   2.382545E-19   1.786752E-05   1.200000E+02   9.205810E+00
  2.780000000000E+00   2.780247E-12   1.000089E-12   7.500009E+01   1.519315E-20   2.567569E-19   1.925507E-05   1.200000E+02   9.205810E+00
  2.785000000000E+00   2.785247E-12   1.000089E-12   7.500009E+01   1.652554E-20   2.764239E-19   2.072997E-05   1.200000E+02   9.205810E+00
  2.790000000000E+00   2.790248E-12   1.000089E-12   7.500009E+01   1.795935E-20   2.973350E-19   2.229817E-05   1.200000E+02   9.205810E+00
  2.795000000000E+00   2.795248E-12   1.000089E-12   7.500009E+01   1.950085E-20   3.194902E-19   2.395967E-05   1.200000E+02   9.205810E+00
  2.800000000000E+00   2.800249E-12   1.000089E-12   7.500009E+01   2.115658E-20   3.430219E-19   2.572438E-05   1.200000E+02   9.205810E+00
  2.805000000000E+00   2.805249E-12   1.000089E-12   7.500009E+01   2.293339E-20   3.679564E-19   2.759431E-05   1.200000E+02   9.205810E+00
  2.810000000000E+00   2.810250E-12   1.000089E-12   7.500009E+01   2.483842E-20   3.943203E-19   2.957143E-05   1.200000E+02   9.205810E+00
  2.815000000000E+00   2.815250E-12   1.000089E-12   7.500009E+01   2.687903E-20   4.221665E-19   3.165971E-05   1.200000E+02   9.205810E+00
  2.820000000000E+00   2.820251E-12   1.000089E-12   7.500009E+01   2.906268E-20   4.516274E-19   3.386908E-05   1.200000E+02   9.205810E+00
  2.825000000000E+00   2.825251E-12   1.000089E-12   7.500009E+01   3.139764E-20   4.826500E-19   3.619557E-05   1.200000E+02   9.205810E+00
  2.830000000000E+00   2.830251E-12   1.000089E-12   7.500009E+01   3.389194E-20   5.153666E-19   3.864910E-05   1.200000E+02   9.205810E+00
  2.835000000000E+00   2.835252E-12   1.000089E-12   7.500009E+01   3.655395E-20   5.497773E-19   4.122968E-05   1.200000E+02   9.205810E+00
  2.840000000000E+00   2.840252E-12   1.000089E-12   7.500009E+01   3.939246E-20   5.859350E-19   4.394127E-05   1.200000E+02   9.205810E+00
  2.845000000000E+00   2.845253E-12   1.000089E-12   7.500009E+01   4.241658E-20   6.239986E-19   4.679579E-05   1.200000E+02   9.205810E+00
  2.850000000000E+00   2.850253E-12   1.000089E-12   7.500009E+01   4.563562E-20   6.639150E-19   4.978926E-05   1.200000E+02   9.205810E+00
  2.855000000000E+00   2.855254E-12   1.000089E-12   7.500009E+01   4.905901E-20   7.057902E-19   5.292962E-05   1.200000E+02   9.205810E+00
  2.860000000000E+00   2.860254E-12   1.000089E-12   7.500009E+01   5.269670E-20   7.496242E-19   5.621688E-05   1.200000E+02   9.205810E+00
  2.865000000000E+00   2.865255E-12   1.000089E-12   7.500009E+01   5.655854E-20   7.955228E-19   5.965897E-05   1.200000E+02   9.205810E+00
  2.870000000000E+00   2.870255E-12   1.000089E-12   7.500009E+01   6.065500E-20   8.434860E-19   6.325590E-05   1.200000E+02   9.205810E+00
  2.875000000000E+00   2.875256E-12   1.000089E-12   7.500009E+01   6.499679E-20   8.936198E-19   6.701560E-05   1.200000E+02   9.205810E+00
  2.880000000000E+00   2.880256E-12   1.000089E-12   7.500009E+01   6.959469E-20   9.459240E-19   7.093808E-05   1.200000E+02   9.205810E+00
  2.885000000000E+00   2.885257E-12   1.000311E-12   7.500030E+01   7.445941E-20   1.000346E-18   7.500292E-05   1.200000E+02   9.205810E+00
  2.890000000000E+00   2.890258E-12   1.000311E-12   7.500030E+01   7.960218E-20   1.057203E-18   7.926589E-05   1.200000E+02   9.205810E+00
  2.895000000000E+00   2.895260E-12   1.000311E-12   7.500030E+01   8.503462E-20   1.116284E-18   8.369557E-05   1.200000E+02   9.205810E+00
  2.900000000000E+00   2.900261E-12   1.000311E-12   7.500030E+01   9.076840E-20   1.177693E-18   8.829990E-05   1.200000E+02   9.205810E+00
  2.905000000000E+00   2.905263E-12   1.000311E-12   7.500030E+01   9.681494E-20   1.241433E-18   9.307888E-05   1.200000E+02   9.205810E+00
  2.910000000000E+00   2.910264E-12   1.000311E-12   7.500030E+01   1.031863E-19   1.307607E-18   9.804044E-05   1.200000E+02   9.205810E+00
  2.915000000000E+00   2.915266E-12   1.000311E-12   7.500030E+01   1.098950E-19   1.376323E-18   1.031925E-04   1.200000E+02   9.205810E+00
  2.920000000000E+00   2.920267E-12   1.000311E-12   7.500030E+01   1.169534E-19   1.447473E-18   1.085272E-04   1.200000E+02   9.205810E+00
  2.925000000000E+00   2.925269E-12   1.000311E-12   7.500030E+01   1.243740E-19   1.521165E-18   1.140524E-04   1.200000E+02   9.205810E+00
  2.930000000000E+00   2.930271E-12   1.000311E-12   7.500030E+01   1.321693E-19   1.597398E-18   1.197681E-04   1.200000E+02   9.205810E+00
  2.935000000000E+00   2.935272E-12   1.000311E-12   7.500030E+01   1.403518E-19   1.676066E-18   1.256664E-04   1.200000E+02   9.205810E+00
  2.940000000000E+00   2.940274E-12   1.000311E-12   7.500030E+01   1.489346E-19   1.757382E-18   1.317632E-04   1.200000E+02   9.205810E+00
  2.945000000000E+00   2.945275E-12   1.000311E-12   7.500030E+01   1.579309E-19   1.841450E-18   1.380663E-04   1.200000E+02   9.205810E+00
  2.950000000000E+00   2.950277E-12   1.000311E-12   7.500030E+01   1.673533E-19   1.928059E-18   1.445600E-04   1.200000E+02   9.205810E+00
  2.955000000000E+00   2.955278E-12   1.000311E-12   7.500030E+01   1.772153E-19   2.017421E-18   1.512601E-04   1.200000E+02   9.205810E+00
  2.960000000000E+00   2.960280E-12   1.000422E-12   7.500041E+01   1.875305E-19   2.109112E-18   1.581175E-04   1.200000E+02   9.205810E+00
  2.965000000000E+00   2.965283E-12   1.000533E-12   7.500051E+01   1.983119E-19   2.203768E-18   1.651957E-04   1.200000E+02   9.205810E+00
  2.970000000000E+00   2.970285E-12   1.000533E-12   7.500051E+01   2.095732E-19   2.301177E-18   1.724975E-04   1.200000E+02   9.205810E+00
  2.975000000000E+00   2.975288E-12   1.000533E-12   7.500051E+01   2.213284E-19   2.401338E-18   1.800057E-04   1.200000E+02   9.205810E+00
  2.980000000000E+00   2.980291E-12   1.000533E-12   7.500051E+01   2.335904E-19   2.504041E-18   1.877043E-04   1.200000E+02   9.205810E+00
  2.985000000000E+00   2.985293E-12   1.000533E-12   7.500051E+01   2.463726E-19   2.609497E-18   1.956093E-04   1.200000E+02   9.205810E+00
  2.990000000000E+00   2.990296E-12   1.000533E-12   7.500051E+01   2.596892E-19   2.717705E-18   2.037207E-04   1.200000E+02   9.205810E+00
  2.995000000000E+00   2.995299E-12   1.000533E-12   7.500051E+01   2.735543E-19   2.828878E-18   2.120543E-04   1.200000E+02   9.205810E+00
  3.000000000000E+00   3.000301E-12   1.000533E-12   7.500051E+01   2.879818E-19   2.942592E-18   2.205784E-04   1.200000E+02   9.205810E+00
  3.005000000000E+00   3.005304E-12   1.000533E-12   7.500051E+01   3.029853E-19   3.059483E-18   2.293406E-04   1.200000E+02   9.205810E+00
  3.010000000000E+00   3.010307E-12   1.000533E-12   7.500051E+01   3.185800E-19   3.178915E-18   2.382932E-04   1.200000E+02   9.205810E+00
  3.015000000000E+00   3.015310E-12   1.000755E-12   7.500072E+01   3.347800E-19   3.301311E-18   2.474139E-04   1.200000E+02   9.205810E+00
  3.020000000000E+00   3.020313E-12   1.000755E-12   7.500072E+01   3.515978E-19   3.426248E-18   2.567772E-04   1.200000E+02   9.205810E+00
  3.025000000000E+00   3.025317E-12   1.000755E-12   7.500072E+01   3.690501E-19   3.554997E-18   2.664262E-04   1.200000E+02   9.205810E+00
  3.030000000000E+00   3.030321E-12   1.000755E-12   7.500072E+01   3.871512E-19   3.685864E-18   2.762339E-04   1.200000E+02   9.205810E+00
  3.035000000000E+00   3.035325E-12   1.000755E-12   7.500072E+01   4.059146E-19   3.820119E-18   2.862955E-04   1.200000E+02   9.205810E+00
  3.040000000000E+00   3.040329E-12   1.000755E-12   7.500072E+01   4.253574E-19   3.957761E-18   2.966110E-04   1.200000E+02   9.205810E+00
  3.045000000000E+00   3.045332E-12   1.000755E-12   7.500072E+01   4.454939E-19   4.097945E-18   3.071170E-04   1.200000E+02   9.205810E+00
  3.050000000000E+00   3.050336E-12   1.000755E-12   7.500072E+01   4.663403E-19   4.241094E-18   3.178451E-04   1.200000E+02   9.205810E+00
  3.055000000000E+00   3.055340E-12   1.000866E-12   7.500083E+01   4.879117E-19   4.388054E-18   3.288229E-04   1.200000E+02   9.205810E+00
  3.060000000000E+00   3.060345E-12   1.000977E-12   7.500094E+01   5.102250E-19   4.537979E-18   3.400205E-04   1.200000E+02   9.205810E+00
  3.065000000000E+00   3.065350E-12   1.000977E-12   7.500094E+01   5.332957E-19   4.691292E-18   3.515078E-04   1.200000E+02   9.205810E+00
  3.070000000000E+00   3.070355E-12   1.000977E-12   7.500094E+01   5.571439E-19   4.847993E-18   3.632491E-04   1.200000E+02   9.205810E+00
  3.075000000000E+00   3.075359E-12   1.000977E-12   7.500094E+01   5.817841E-19   5.008506E-18   3.752760E-04   1.200000E+02   9.205810E+00
  3.080000000000E+00   3.080364E-12   1.000977E-12   7.500094E+01   6.072349E-19   5.172407E-18   3.875567E-04   1.200000E+02   9.205810E+00
  3.085000000000E+00   3.085369E-12   1.000977E-12   7.500094E+01   6.335158E-19   5.340543E-18   4.001547E-04   1.200000E+02   9.205810E+00
  3.090000000000E+00   3.090374E-12   1.000977E-12   7.500094E+01   6.606462E-19   5.512067E-18   4.130066E-04   1.200000E+02   9.205810E+00
  3.095000000000E+00   3.095380E-12   1.001199E-12   7.500115E+01   6.886466E-19   5.688673E-18   4.261460E-04   1.200000E+02   9.205810E+00
  3.100000000000E+00   3.100386E-12   1.001199E-12   7.500115E+01   7.175372E-19   5.868668E-18   4.396297E-04   1.200000E+02   9.205810E+00
  3.105000000000E+00   3.105392E-12   1.001199E-12   7.500115E+01   7.473392E-19   6.053321E-18   4.534623E-04   1.200000E+02   9.205810E+00
  3.110000000000E+00   3.110398E-12   1.001199E-12   7.500115E+01   7.780772E-19   6.242633E-18   4.676439E-04   1.200000E+02   9.205810E+00
  3.115000000000E+00   3.115404E-12   1.001199E-12   7.500115E+01   8.097740E-19   6.437027E-18   4.822062E-04   1.200000E+02   9.205810E+00
  3.120000000000E+00   3.120410E-12   1.001199E-12   7.500115E+01   8.424542E-19   6.636080E-18   4.971175E-04   1.200000E+02   9.205810E+00
  3.125000000000E+00   3.125417E-12   1.001421E-12   7.500136E+01   8.761441E-19   6.840638E-18   5.123291E-04   1.200000E+02   9.205810E+00
  3.130000000000E+00   3.130424E-12   1.001421E-12   7.500136E+01   9.108725E-19   7.051549E-18   5.281253E-04   1.200000E+02   9.205810E+00
  3.135000000000E+00   3.135431E-12   1.001421E-12   7.500136E+01   9.466664E-19   7.267543E-18   5.443021E-04   1.200000E+02   9.205810E+00
  3.140000000000E+00   3.140438E-12   1.001421E-12   7.500136E+01   9.835564E-19   7.490312E-18   5.609864E-04   1.200000E+02   9.205810E+00
  3.145000000000E+00   3.145445E-12   1.001421E-12   7.500136E+01   1.021575E-18   7.719011E-18   5.781148E-04   1.200000E+02   9.205810E+00
  3.150000000000E+00   3.150453E-12   1.001643E-12   7.500158E+01   1.060758E-18   7.955333E-18   5.956837E-04   1.200000E+02   9.205810E+00
  3.155000000000E+00   3.155461E-12   1.001643E-12   7.500158E+01   1.101138E-18   8.198432E-18   6.138866E-04   1.200000E+02   9.205810E+00
  3.160000000000E+00   3.160469E-12   1.001643E-12   7.500158E+01   1.142755E-18   8.450001E-18   6.327237E-04   1.200000E+02   9.205810E+00
  3.165000000000E+00   3.165477E-12   1.001643E-12   7.500158E+01   1.185647E-18   8.709193E-18   6.521316E-04   1.200000E+02   9.205810E+00
  3.170000000000E+00   3.170486E-12   1.001754E-12   7.500168E+01   1.229858E-18   8.976855E-18   6.721002E-04   1.200000E+02   9.205810E+00
  3.175000000000E+00   3.175495E-12   1.001865E-12   7.500179E+01   1.275432E-18   9.254682E-18   6.928254E-04   1.200000E+02   9.205810E+00
  3.180000000000E+00   3.180504E-12   1.001865E-12   7.500179E+01   1.322419E-18   9.541826E-18   7.143216E-04   1.200000E+02   9.205810E+00
  3.185000000000E+00   3.185514E-12   1.001865E-12   7.500179E+01   1.370871E-18   9.839982E-18   7.366422E-04   1.200000E+02   9.205810E+00
  3.190000000000E+00   3.190523E-12   1.001976E-12   7.500190E+01   1.420835E-18   1.014830E-17   7.596406E-04   1.200000E+02   9.205810E+00
  3.195000000000E+00   3.195533E-12   1.002087E-12   7.500200E+01   1.472374E-18   1.046933E-17   7.835849E-04   1.200000E+02   9.205810E+00
  3.200000000000E+00   3.200544E-12   1.002087E-12   7.500200E+01   1.525547E-18   1.080306E-17   8.085633E-04   1.200000E+02   9.205810E+00
  3.205000000000E+00   3.205554E-12   1.002087E-12   7.500200E+01   1.580420E-18   1.114865E-17   8.344292E-04   1.200000E+02   9.205810E+00
  3.210000000000E+00   3.210565E-12   1.002309E-12   7.500221E+01   1.637059E-18   1.150948E-17   8.612478E-04   1.200000E+02   9.205810E+00
  3.215000000000E+00   3.215577E-12   1.002309E-12   7.500221E+01   1.695540E-18   1.188557E-17   8.893899E-04   1.200000E+02   9.205810E+00
  3.220000000000E+00   3.220588E-12   1.002309E-12   7.500221E+01   1.755940E-18   1.227774E-17   9.187362E-04   1.200000E+02   9.205810E+00
  3.225000000000E+00   3.225601E-12   1.002531E-12   7.500243E+01   1.818343E-18   1.268601E-17   9.490792E-04   1.200000E+02   9.205810E+00
  3.230000000000E+00   3.230613E-12   1.002531E-12   7.500243E+01   1.882833E-18   1.311376E-17   9.810806E-04   1.200000E+02   9.205810E+00
  3.235000000000E+00   3.235626E-12   1.002531E-12   7.500243E+01   1.949509E-18   1.356100E-17   1.014540E-03   1.200000E+02   9.205810E+00
  3.240000000000E+00   3.240639E-12   1.002753E-12   7.500264E+01   2.018471E-18   1.402856E-17   1.049290E-03   1.200000E+02   9.205810E+00
  3.245000000000E+00   3.245653E-12   1.002753E-12   7.500264E+01   2.089829E-18   1.451814E-17   1.085909E-03   1.200000E+02   9.205810E+00
  3.250000000000E+00   3.250668E-12   1.002975E-12   7.500285E+01   2.163693E-18   1.503145E-17   1.124057E-03   1.200000E+02   9.205810E+00
  3.255000000000E+00   3.255683E-12   1.002975E-12   7.500285E+01   2.240191E-18   1.557185E-17   1.164469E-03   1.200000E+02   9.205810E+00
  3.260000000000E+00   3.260698E-12   1.003198E-12   7.500306E+01   2.319453E-18   1.613767E-17   1.206517E-03   1.200000E+02   9.205810E+00
  3.265000000000E+00   3.265714E-12   1.003198E-12   7.500306E+01   2.401618E-18   1.673398E-17   1.251100E-03   1.200000E+02   9.205810E+00
  3.270000000000E+00   3.270730E-12   1.003420E-12   7.500328E+01   2.486843E-18   1.736079E-17   1.297678E-03   1.200000E+02   9.205810E+00
  3.275000000000E+00   3.275747E-12   1.003420E-12   7.500328E+01   2.575287E-18   1.802147E-17   1.347063E-03   1.200000E+02   9.205810E+00
  3.280000000000E+00   3.280765E-12   1.003642E-12   7.500349E+01   2.667126E-18   1.871943E-17   1.398928E-03   1.200000E+02   9.205810E+00
  3.285000000000E+00   3.285784E-12   1.003864E-12   7.500370E+01   2.762546E-18   1.945635E-17   1.453682E-03   1.200000E+02   9.205810E+00
  3.290000000000E+00   3.290803E-12   1.003864E-12   7.500370E+01   2.861750E-18   2.023223E-17   1.511652E-03   1.200000E+02   9.205810E+00
  3.295000000000E+00   3.295823E-12   1.004086E-12   7.500391E+01   2.964949E-18   2.105724E-17   1.572949E-03   1.200000E+02   9.205810E+00
  3.300000000000E+00   3.300844E-12   1.004308E-12   7.500413E+01   3.072384E-18   2.192629E-17   1.637509E-03   1.200000E+02   9.205810E+00
  3.305000000000E+00   3.305865E-12   1.004419E-12   7.500423E+01   3.184304E-18   2.284956E-17   1.706274E-03   1.200000E+02   9.205810E+00
  3.310000000000E+00   3.310888E-12   1.004530E-12   7.500434E+01   3.300971E-18   2.382873E-17   1.779199E-03   1.200000E+02   9.205810E+00
  3.315000000000E+00   3.315912E-12   1.004752E-12   7.500455E+01   3.422686E-18   2.486719E-17   1.856332E-03   1.200000E+02   9.205810E+00
  3.320000000000E+00   3.320936E-12   1.004974E-12   7.500476E+01   3.549758E-18   2.597342E-17   1.938488E-03   1.200000E+02   9.205810E+00
  3.325000000000E+00   3.325962E-12   1.005196E-12   7.500498E+01   3.682532E-18   2.714910E-17   2.025792E-03   1.200000E+02   9.205810E+00
  3.330000000000E+00   3.330989E-12   1.005529E-12   7.500529E+01   3.821367E-18   2.839932E-17   2.118387E-03   1.200000E+02   9.205810E+00
  3.335000000000E+00   3.336017E-12   1.005751E-12   7.500551E+01   3.966671E-18   2.973424E-17   2.217479E-03   1.200000E+02   9.205810E+00
  3.340000000000E+00   3.341047E-12   1.006084E-12   7.500582E+01   4.118859E-18   3.115726E-17   2.322844E-03   1.200000E+02   9.205810E+00
  3.345000000000E+00   3.346078E-12   1.006306E-12   7.500603E+01   4.278399E-18   3.267853E-17   2.435727E-03   1.200000E+02   9.205810E+00
  3.350000000000E+00   3.351110E-12   1.006639E-12   7.500635E+01   4.445800E-18   3.430145E-17   2.555857E-03   1.200000E+02   9.205810E+00
  3.355000000000E+00   3.356144E-12   1.006972E-12   7.500667E+01   4.621604E-18   3.603956E-17   2.684490E-03   1.200000E+02   9.205810E+00
  3.360000000000E+00   3.361180E-12   1.007416E-12   7.500709E+01   4.806385E-18   3.789625E-17   2.821562E-03   1.200000E+02   9.205810E+00
  3.365000000000E+00   3.366218E-12   1.007749E-12   7.500741E+01   5.000790E-18   3.988848E-17   2.968924E-03   1.200000E+02   9.205810E+00
  3.370000000000E+00   3.371258E-12   1.008194E-12   7.500783E+01   5.205507E-18   4.202300E-17   3.126438E-03   1.200000E+02   9.205810E+00
  3.375000000000E+00   3.376300E-12   1.008638E-12   7.500826E+01   5.421277E-18   4.431338E-17   3.295405E-03   1.200000E+02   9.205810E+00
  3.380000000000E+00   3.381344E-12   1.009082E-12   7.500868E+01   5.648899E-18   4.677316E-17   3.476817E-03   1.200000E+02   9.205810E+00
  3.385000000000E+00   3.386391E-12   1.009637E-12   7.500921E+01   5.889266E-18   4.940913E-17   3.670765E-03   1.200000E+02   9.205810E+00
  3.390000000000E+00   3.391440E-12   1.010192E-12   7.500973E+01   6.143308E-18   5.224160E-17   3.879093E-03   1.200000E+02   9.205810E+00
  3.395000000000E+00   3.396493E-12   1.010747E-12   7.501026E+01   6.412035E-18   5.528753E-17   4.103037E-03   1.200000E+02   9.205810E+00
  3.400000000000E+00   3.401548E-12   1.011413E-12   7.501089E+01   6.696556E-18   5.856047E-17   4.343105E-03   1.200000E+02   9.205810E+00
  3.405000000000E+00   3.406606E-12   1.012079E-12   7.501153E+01   6.998060E-18   6.208413E-17   4.601443E-03   1.200000E+02   9.205810E+00
  3.410000000000E+00   3.411669E-12   1.012856E-12   7.501226E+01   7.317804E-18   6.586528E-17   4.877990E-03   1.200000E+02   9.205810E+00
  3.415000000000E+00   3.416735E-12   1.013523E-12   7.501289E+01   7.657173E-18   6.993104E-17   5.175740E-03   1.200000E+02   9.205810E+00
  3.420000000000E+00   3.421805E-12   1.014411E-12   7.501374E+01   8.017657E-18   7.430851E-17   5.494972E-03   1.200000E+02   9.205810E+00
  3.425000000000E+00   3.426879E-12   1.015299E-12   7.501458E+01   8.400787E-18   7.901123E-17   5.837684E-03   1.200000E+02   9.205810E+00
  3.430000000000E+00   3.431958E-12   1.016409E-12   7.501562E+01   8.808311E-18   8.405955E-17   6.203977E-03   1.200000E+02   9.205810E+00
  3.435000000000E+00   3.437043E-12   1.017297E-12   7.501646E+01   9.242019E-18   8.949411E-17   6.599380E-03   1.200000E+02   9.205810E+00
  3.440000000000E+00   3.442132E-12   1.018408E-12   7.501751E+01   9.703849E-18   9.530815E-17   7.020549E-03   1.200000E+02   9.205810E+00
  3.445000000000E+00   3.447228E-12   1.019740E-12   7.501877E+01   1.019583E-17   1.015626E-16   7.471615E-03   1.200000E+02   9.205810E+00
  3.450000000000E+00   3.452329E-12   1.021072E-12   7.502002E+01   1.072017E-17   1.082576E-16   7.953881E-03   1.200000E+02   9.205810E+00
  3.455000000000E+00   3.457438E-12   1.022404E-12   7.502127E+01   1.127915E-17   1.154269E-16   8.469712E-03   1.200000E+02   9.205810E+00
  3.460000000000E+00   3.462553E-12   1.023848E-12   7.502262E+01   1.187522E-17   1.230976E-16   9.019999E-03   1.200000E+02   9.205810E+00
  3.465000000000E+00   3.467676E-12   1.025402E-12   7.502408E+01   1.251097E-17   1.312969E-16   9.606406E-03   1.200000E+02   9.205810E+00
  3.470000000000E+00   3.472808E-12   1.027067E-12   7.502564E+01   1.318900E-17   1.400383E-16   1.022957E-02   1.200000E+02   9.205810E+00
  3.475000000000E+00   3.477947E-12   1.028844E-12   7.502730E+01   1.391222E-17   1.493624E-16   1.089209E-02   1.200000E+02   9.205810E+00
  3.480000000000E+00   3.483096E-12   1.030731E-12   7.502906E+01   1.468349E-17   1.592557E-16   1.159256E-02   1.200000E+02   9.205810E+00
  3.485000000000E+00   3.488255E-12   1.032729E-12   7.503092E+01   1.550583E-17   1.697861E-16   1.233547E-02   1.200000E+02   9.205810E+00
  3.490000000000E+00   3.493424E-12   1.034728E-12   7.503277E+01   1.638238E-17   1.809398E-16   1.312076E-02   1.200000E+02   9.205810E+00
  3.495000000000E+00   3.498603E-12   1.036948E-12   7.503483E+01   1.731634E-17   1.927576E-16   1.394817E-02   1.200000E+02   9.205810E+00
  3.500000000000E+00   3.503794E-12   1.039391E-12   7.503709E+01   1.831099E-17   2.052124E-16   1.481497E-02   1.200000E+02   9.205810E+00
  3.505000000000E+00   3.508997E-12   1.041833E-12   7.503934E+01   1.936961E-17   2.183448E-16   1.572655E-02   1.200000E+02   9.205810E+00
  3.510000000000E+00   3.514212E-12   1.044387E-12   7.504169E+01   2.049555E-17   2.321277E-16   1.667893E-02   1.200000E+02   9.205810E+00
  3.515000000000E+00   3.519441E-12   1.047051E-12   7.504414E+01   2.169213E-17   2.466289E-16   1.767636E-02   1.200000E+02   9.205810E+00
  3.520000000000E+00   3.524683E-12   1.049827E-12   7.504668E+01   2.296276E-17   2.617535E-16   1.871140E-02   1.200000E+02   9.205810E+00
  3.525000000000E+00   3.529940E-12   1.052713E-12   7.504931E+01   2.431064E-17   2.775287E-16   1.978538E-02   1.200000E+02   9.205810E+00
  3.530000000000E+00   3.535211E-12   1.055711E-12   7.505204E+01   2.573908E-17   2.939543E-16   2.089764E-02   1.200000E+02   9.205810E+00
  3.535000000000E+00   3.540497E-12   1.058820E-12   7.505487E+01   2.725116E-17   3.110034E-16   2.204560E-02   1.200000E+02   9.205810E+00
  3.540000000000E+00   3.545800E-12   1.062039E-12   7.505778E+01   2.884987E-17   3.285675E-16   2.322093E-02   1.200000E+02   9.205810E+00
  3.545000000000E+00   3.551118E-12   1.065259E-12   7.506069E+01   3.053797E-17   3.467279E-16   2.443127E-02   1.200000E+02   9.205810E+00
  3.550000000000E+00   3.556452E-12   1.068590E-12   7.506368E+01   3.231812E-17   3.654303E-16   2.566986E-02   1.200000E+02   9.205810E+00
  3.555000000000E+00   3.561804E-12   1.072142E-12   7.506687E+01   3.419287E-17   3.845394E-16   2.692382E-02   1.200000E+02   9.205810E+00
  3.560000000000E+00   3.567173E-12   1.075473E-12   7.506984E+01   3.616422E-17   4.040550E-16   2.820373E-02   1.200000E+02   9.205810E+00
  3.565000000000E+00   3.572559E-12   1.079026E-12   7.507301E+01   3.823413E-17   4.239773E-16   2.949814E-02   1.200000E+02   9.205810E+00
  3.570000000000E+00   3.577964E-12   1.082578E-12   7.507617E+01   4.040432E-17   4.441705E-16   3.080296E-02   1.200000E+02   9.205810E+00
  3.575000000000E+00   3.583385E-12   1.086131E-12   7.507931E+01   4.267610E-17   4.645806E-16   3.211435E-02   1.200000E+02   9.205810E+00
  3.580000000000E+00   3.588825E-12   1.089684E-12   7.508244E+01   4.505051E-17   4.851805E-16   3.343037E-02   1.200000E+02   9.205810E+00
  3.585000000000E+00   3.594283E-12   1.093348E-12   7.508567E+01   4.752823E-17   5.058887E-16   3.474192E-02   1.200000E+02   9.205810E+00
  3.590000000000E+00   3.599759E-12   1.097011E-12   7.508888E+01   5.010983E-17   5.267054E-16   3.605224E-02   1.200000E+02   9.205810E+00
  3.595000000000E+00   3.605252E-12   1.100564E-12   7.509198E+01   5.279550E-17   5.475221E-16   3.735768E-02   1.200000E+02   9.205810E+00
  3.600000000000E+00   3.610764E-12   1.104117E-12   7.509507E+01   5.558527E-17   5.683388E-16   3.865483E-02   1.200000E+02   9.205810E+00
  3.605000000000E+00   3.616293E-12   1.107670E-12   7.509816E+01   5.847889E-17   5.890470E-16   3.993641E-02   1.200000E+02   9.205810E+00
  3.610000000000E+00   3.621840E-12   1.111000E-12   7.510104E+01   6.147606E-17   6.097553E-16   4.121805E-02   1.200000E+02   9.205810E+00
  3.615000000000E+00   3.627404E-12   1.114553E-12   7.510410E+01   6.457612E-17   6.302467E-16   4.246915E-02   1.200000E+02   9.205810E+00
  3.620000000000E+00   3.632985E-12   1.117884E-12   7.510697E+01   6.777853E-17   6.506839E-16   4.371734E-02   1.200000E+02   9.205810E+00
  3.625000000000E+00   3.638583E-12   1.121436E-12   7.511001E+01   7.108274E-17   6.709585E-16   4.493853E-02   1.200000E+02   9.205810E+00
  3.630000000000E+00   3.644199E-12   1.124767E-12   7.511286E+01   7.448822E-17   6.912331E-16   4.616111E-02   1.200000E+02   9.205810E+00
  3.635000000000E+00   3.649831E-12   1.128098E-12   7.511570E+01   7.799475E-17   7.113993E-16   4.736935E-02   1.200000E+02   9.205810E+00
  3.640000000000E+00   3.655480E-12   1.131428E-12   7.511853E+01   8.160200E-17   7.315654E-16   4.857057E-02   1.200000E+02   9.205810E+00
  3.645000000000E+00   3.661145E-12   1.134759E-12   7.512135E+01   8.531008E-17   7.517316E-16   4.976483E-02   1.200000E+02   9.205810E+00
  3.650000000000E+00   3.666827E-12   1.138090E-12   7.512416E+01   8.911931E-17   7.720062E-16   5.095936E-02   1.200000E+02   9.205810E+00
  3.655000000000E+00   3.672526E-12   1.141420E-12   7.512696E+01   9.303025E-17   7.924434E-16   5.215771E-02   1.200000E+02   9.205810E+00
  3.660000000000E+00   3.678241E-12   1.144751E-12   7.512976E+01   9.704407E-17   8.131516E-16   5.336697E-02   1.200000E+02   9.205810E+00
  3.665000000000E+00   3.683974E-12   1.148304E-12   7.513273E+01   1.011621E-16   8.341309E-16   5.457662E-02   1.200000E+02   9.205810E+00
  3.670000000000E+00   3.689724E-12   1.151745E-12   7.513561E+01   1.053862E-16   8.555439E-16   5.581252E-02   1.200000E+02   9.205810E+00
  3.675000000000E+00   3.695491E-12   1.155298E-12   7.513856E+01   1.097187E-16   8.774990E-16   5.707100E-02   1.200000E+02   9.205810E+00
  3.680000000000E+00   3.701277E-12   1.158962E-12   7.514160E+01   1.141621E-16   8.999962E-16   5.835150E-02   1.200000E+02   9.205810E+00
  3.685000000000E+00   3.707081E-12   1.162737E-12   7.514472E+01   1.187194E-16   9.230355E-16   5.965345E-02   1.200000E+02   9.205810E+00
  3.690000000000E+00   3.712904E-12   1.166511E-12   7.514783E+01   1.233939E-16   9.468338E-16   6.099598E-02   1.200000E+02   9.205810E+00
  3.695000000000E+00   3.718746E-12   1.170397E-12   7.515102E+01   1.281889E-16   9.713367E-16   6.236939E-02   1.200000E+02   9.205810E+00
  3.700000000000E+00   3.724609E-12   1.174505E-12   7.515439E+01   1.331082E-16   9.965444E-16   6.376702E-02   1.200000E+02   9.205810E+00
  3.705000000000E+00   3.730491E-12   1.178613E-12   7.515774E+01   1.381556E-16   1.022565E-15   6.520691E-02   1.200000E+02   9.205810E+00
  3.710000000000E+00   3.736396E-12   1.182943E-12   7.516126E+01   1.433351E-16   1.049399E-15   6.667624E-02   1.200000E+02   9.205810E+00
  3.715000000000E+00   3.742321E-12   1.187273E-12   7.516476E+01   1.486503E-16   1.076830E-15   6.817276E-02   1.200000E+02   9.205810E+00
  3.720000000000E+00   3.748268E-12   1.191713E-12   7.516834E+01   1.541049E-16   1.105019E-15   6.970001E-02   1.200000E+02   9.205810E+00
  3.725000000000E+00   3.754238E-12   1.196376E-12   7.517209E+01   1.597020E-16   1.133967E-15   7.125072E-02   1.200000E+02   9.205810E+00
  3.730000000000E+00   3.760232E-12   1.201039E-12   7.517582E+01   1.654454E-16   1.163566E-15   7.283027E-02   1.200000E+02   9.205810E+00
  3.735000000000E+00   3.766248E-12   1.205702E-12   7.517954E+01   1.713383E-16   1.193707E-15   7.443158E-02   1.200000E+02   9.205810E+00
  3.740000000000E+00   3.772289E-12   1.210476E-12   7.518334E+01   1.773831E-16   1.224390E-15   7.604750E-02   1.200000E+02   9.205810E+00
  3.745000000000E+00   3.778353E-12   1.215361E-12   7.518720E+01   1.835828E-16   1.255615E-15   7.767744E-02   1.200000E+02   9.205810E+00
  3.750000000000E+00   3.784442E-12   1.220246E-12   7.519105E+01   1.899395E-16   1.287056E-15   7.930787E-02   1.200000E+02   9.205810E+00
  3.755000000000E+00   3.790555E-12   1.225131E-12   7.519488E+01   1.964547E-16   1.319040E-15   8.095875E-02   1.200000E+02   9.205810E+00
  3.760000000000E+00   3.796694E-12   1.230127E-12   7.519879E+01   2.031305E-16   1.351350E-15   8.260923E-02   1.200000E+02   9.205810E+00
  3.765000000000E+00   3.802856E-12   1.235012E-12   7.520259E+01   2.099686E-16   1.383876E-15   8.426722E-02   1.200000E+02   9.205810E+00
  3.770000000000E+00   3.809044E-12   1.240008E-12   7.520646E+01   2.169704E-16   1.416835E-15   8.593104E-02   1.200000E+02   9.205810E+00
  3.775000000000E+00   3.815257E-12   1.245115E-12   7.521041E+01   2.241376E-16   1.450120E-15   8.759363E-02   1.200000E+02   9.205810E+00
  3.780000000000E+00   3.821495E-12   1.250222E-12   7.521434E+01   2.314722E-16   1.483731E-15   8.926239E-02   1.200000E+02   9.205810E+00
  3.785000000000E+00   3.827758E-12   1.255329E-12   7.521825E+01   2.389754E-16   1.517666E-15   9.093726E-02   1.200000E+02   9.205810E+00
  3.790000000000E+00   3.834048E-12   1.260436E-12   7.522214E+01   2.466496E-16   1.552144E-15   9.263110E-02   1.200000E+02   9.205810E+00
  3.795000000000E+00   3.840363E-12   1.265654E-12   7.522611E+01   2.544972E-16   1.587055E-15   9.432906E-02   1.200000E+02   9.205810E+00
  3.800000000000E+00   3.846704E-12   1.270872E-12   7.523005E+01   2.625210E-16   1.622509E-15   9.604538E-02   1.200000E+02   9.205810E+00
  3.805000000000E+00   3.853072E-12   1.276201E-12   7.523407E+01   2.707240E-16   1.658829E-15   9.779059E-02   1.200000E+02   9.205810E+00
  3.810000000000E+00   3.859467E-12   1.281752E-12   7.523823E+01   2.791097E-16   1.695692E-15   9.953629E-02   1.200000E+02   9.205810E+00
  3.815000000000E+00   3.865890E-12   1.287304E-12   7.524238E+01   2.876818E-16   1.733314E-15   1.013115E-01   1.200000E+02   9.205810E+00
  3.820000000000E+00   3.872340E-12   1.292855E-12   7.524651E+01   2.964448E-16   1.772020E-15   1.031348E-01   1.200000E+02   9.205810E+00
  3.825000000000E+00   3.878819E-12   1.298628E-12   7.525078E+01   3.054029E-16   1.811377E-15   1.049627E-01   1.200000E+02   9.205810E+00
  3.830000000000E+00   3.885326E-12   1.304512E-12   7.525512E+01   3.145607E-16   1.851817E-15   1.068282E-01   1.200000E+02   9.205810E+00
  3.835000000000E+00   3.891864E-12   1.310396E-12   7.525944E+01   3.239230E-16   1.893342E-15   1.087395E-01   1.200000E+02   9.205810E+00
  3.840000000000E+00   3.898431E-12   1.316502E-12   7.526390E+01   3.334948E-16   1.935626E-15   1.106589E-01   1.200000E+02   9.205810E+00
  3.845000000000E+00   3.905029E-12   1.322720E-12   7.526842E+01   3.432808E-16   1.978886E-15   1.126071E-01   1.200000E+02   9.205810E+00
  3.850000000000E+00   3.911658E-12   1.328937E-12   7.527292E+01   3.532854E-16   2.023121E-15   1.145925E-01   1.200000E+02   9.205810E+00
  3.855000000000E+00   3.918319E-12   1.335376E-12   7.527756E+01   3.635133E-16   2.068224E-15   1.165895E-01   1.200000E+02   9.205810E+00
  3.860000000000E+00   3.925012E-12   1.341816E-12   7.528217E+01   3.739687E-16   2.114086E-15   1.186102E-01   1.200000E+02   9.205810E+00
  3.865000000000E+00   3.931737E-12   1.348255E-12   7.528676E+01   3.846557E-16   2.160707E-15   1.206542E-01   1.200000E+02   9.205810E+00
  3.870000000000E+00   3.938495E-12   1.354916E-12   7.529149E+01   3.955775E-16   2.208086E-15   1.227014E-01   1.200000E+02   9.205810E+00
  3.875000000000E+00   3.945286E-12   1.361578E-12   7.529620E+01   4.067383E-16   2.256333E-15   1.247768E-01   1.200000E+02   9.205810E+00
  3.880000000000E+00   3.952111E-12   1.368239E-12   7.530088E+01   4.181411E-16   2.305014E-15   1.268562E-01   1.200000E+02   9.205810E+00
  3.885000000000E+00   3.958969E-12   1.375122E-12   7.530569E+01   4.297895E-16   2.354453E-15   1.289367E-01   1.200000E+02   9.205810E+00
  3.890000000000E+00   3.965861E-12   1.381895E-12   7.531040E+01   4.416869E-16   2.404544E-15   1.310427E-01   1.200000E+02   9.205810E+00
  3.895000000000E+00   3.972788E-12   1.388778E-12   7.531517E+01   4.538360E-16   2.455284E-15   1.331531E-01   1.200000E+02   9.205810E+00
  3.900000000000E+00   3.979749E-12   1.395772E-12   7.531999E+01   4.662410E-16   2.506675E-15   1.352676E-01   1.200000E+02   9.205810E+00
  3.905000000000E+00   3.986745E-12   1.402767E-12   7.532478E+01   4.789054E-16   2.559151E-15   1.374195E-01   1.200000E+02   9.205810E+00
  3.910000000000E+00   3.993777E-12   1.409872E-12   7.532963E+01   4.918339E-16   2.612277E-15   1.395742E-01   1.200000E+02   9.205810E+00
  3.915000000000E+00   4.000844E-12   1.417089E-12   7.533453E+01   5.050308E-16   2.666487E-15   1.417544E-01   1.200000E+02   9.205810E+00
  3.920000000000E+00   4.007948E-12   1.424305E-12   7.533940E+01   5.185005E-16   2.721564E-15   1.439586E-01   1.200000E+02   9.205810E+00
  3.925000000000E+00   4.015088E-12   1.431633E-12   7.534432E+01   5.322481E-16   2.777726E-15   1.461869E-01   1.200000E+02   9.205810E+00
  3.930000000000E+00   4.022265E-12   1.439182E-12   7.534937E+01   5.462803E-16   2.835189E-15   1.484383E-01   1.200000E+02   9.205810E+00
  3.935000000000E+00   4.029480E-12   1.446732E-12   7.535439E+01   5.606031E-16   2.894169E-15   1.507455E-01   1.200000E+02   9.205810E+00
  3.940000000000E+00   4.036733E-12   1.454503E-12   7.535952E+01   5.752229E-16   2.954234E-15   1.530623E-01   1.200000E+02   9.205810E+00
  3.945000000000E+00   4.044025E-12   1.462386E-12   7.536471E+01   5.901463E-16   3.015383E-15   1.553991E-01   1.200000E+02   9.205810E+00
  3.950000000000E+00   4.051357E-12   1.470268E-12   7.536986E+01   6.053793E-16   3.078050E-15   1.577890E-01   1.200000E+02   9.205810E+00
  3.955000000000E+00   4.058729E-12   1.478373E-12   7.537514E+01   6.209276E-16   3.141584E-15   1.601743E-01   1.200000E+02   9.205810E+00
  3.960000000000E+00   4.066141E-12   1.486589E-12   7.538045E+01   6.367982E-16   3.206853E-15   1.626099E-01   1.200000E+02   9.205810E+00
  3.965000000000E+00   4.073594E-12   1.494804E-12   7.538574E+01   6.529975E-16   3.273206E-15   1.650738E-01   1.200000E+02   9.205810E+00
  3.970000000000E+00   4.081089E-12   1.503131E-12   7.539106E+01   6.695316E-16   3.340427E-15   1.675425E-01   1.200000E+02   9.205810E+00
  3.975000000000E+00   4.088626E-12   1.511569E-12   7.539643E+01   6.864048E-16   3.408948E-15   1.700370E-01   1.200000E+02   9.205810E+00
  3.980000000000E+00   4.096205E-12   1.520006E-12   7.540177E+01   7.036219E-16   3.478337E-15   1.725472E-01   1.200000E+02   9.205810E+00
  3.985000000000E+00   4.103826E-12   1.528555E-12   7.540715E+01   7.211894E-16   3.548811E-15   1.750710E-01   1.200000E+02   9.205810E+00
  3.990000000000E+00   4.111490E-12   1.537104E-12   7.541250E+01   7.391113E-16   3.620151E-15   1.776098E-01   1.200000E+02   9.205810E+00
  3.995000000000E+00   4.119197E-12   1.545652E-12   7.541782E+01   7.573927E-16   3.692576E-15   1.801737E-01   1.200000E+02   9.205810E+00
  4.000000000000E+00   4.126947E-12   1.554312E-12   7.542317E+01   7.760379E-16   3.765651E-15   1.827286E-01   1.200000E+02   9.205810E+00
  4.005000000000E+00   4.134740E-12   1.562972E-12   7.542850E+01   7.950527E-16   3.840244E-15   1.853289E-01   1.200000E+02   9.205810E+00
  4.010000000000E+00   4.142577E-12   1.571854E-12   7.543393E+01   8.144412E-16   3.915488E-15   1.879059E-01   1.200000E+02   9.205810E+00
  4.015000000000E+00   4.150459E-12   1.580736E-12   7.543934E+01   8.342102E-16   3.992249E-15   1.905269E-01   1.200000E+02   9.205810E+00
  4.020000000000E+00   4.158385E-12   1.589617E-12   7.544471E+01   8.543655E-16   4.070095E-15   1.931705E-01   1.200000E+02   9.205810E+00
  4.025000000000E+00   4.166355E-12   1.598499E-12   7.545005E+01   8.749141E-16   4.149675E-15   1.958670E-01   1.200000E+02   9.205810E+00
  4.030000000000E+00   4.174370E-12   1.607603E-12   7.545550E+01   8.958635E-16   4.230557E-15   1.985682E-01   1.200000E+02   9.205810E+00
  4.035000000000E+00   4.182431E-12   1.616818E-12   7.546098E+01   9.172210E-16   4.312956E-15   2.012966E-01   1.200000E+02   9.205810E+00
  4.040000000000E+00   4.190538E-12   1.626144E-12   7.546649E+01   9.389948E-16   4.396873E-15   2.040512E-01   1.200000E+02   9.205810E+00
  4.045000000000E+00   4.198693E-12   1.635581E-12   7.547204E+01   9.611936E-16   4.482959E-15   2.068611E-01   1.200000E+02   9.205810E+00
  4.050000000000E+00   4.206894E-12   1.645017E-12   7.547755E+01   9.838261E-16   4.570346E-15   2.096990E-01   1.200000E+02   9.205810E+00
  4.055000000000E+00   4.215144E-12   1.654787E-12   7.548323E+01   1.006901E-15   4.659684E-15   2.125518E-01   1.200000E+02   9.205810E+00
  4.060000000000E+00   4.223442E-12   1.664446E-12   7.548881E+01   1.030426E-15   4.750540E-15   2.154546E-01   1.200000E+02   9.205810E+00
  4.065000000000E+00   4.231788E-12   1.674327E-12   7.549448E+01   1.054409E-15   4.843131E-15   2.183741E-01   1.200000E+02   9.205810E+00
  4.070000000000E+00   4.240185E-12   1.684208E-12   7.550012E+01   1.078860E-15   4.937457E-15   2.213376E-01   1.200000E+02   9.205810E+00
  4.075000000000E+00   4.248630E-12   1.694200E-12   7.550579E+01   1.103785E-15   5.032866E-15   2.243009E-01   1.200000E+02   9.205810E+00
  4.080000000000E+00   4.257127E-12   1.704303E-12   7.551149E+01   1.129192E-15   5.129794E-15   2.272825E-01   1.200000E+02   9.205810E+00
  4.085000000000E+00   4.265674E-12   1.714295E-12   7.551710E+01   1.155086E-15   5.228240E-15   2.303112E-01   1.200000E+02   9.205810E+00
  4.090000000000E+00   4.274271E-12   1.724509E-12   7.552279E+01   1.181476E-15   5.327769E-15   2.333232E-01   1.200000E+02   9.205810E+00
  4.095000000000E+00   4.282919E-12   1.734723E-12   7.552845E+01   1.208367E-15   5.428600E-15   2.363568E-01   1.200000E+02   9.205810E+00
  4.100000000000E+00   4.291619E-12   1.745049E-12   7.553414E+01   1.235765E-15   5.530949E-15   2.394062E-01   1.200000E+02   9.205810E+00
  4.105000000000E+00   4.300370E-12   1.755374E-12   7.553979E+01   1.263679E-15   5.634816E-15   2.424856E-01   1.200000E+02   9.205810E+00
  4.110000000000E+00   4.309173E-12   1.765810E-12   7.554547E+01   1.292115E-15   5.739766E-15   2.455606E-01   1.200000E+02   9.205810E+00
  4.115000000000E+00   4.318028E-12   1.776357E-12   7.555118E+01   1.321079E-15   5.846452E-15   2.486586E-01   1.200000E+02   9.205810E+00
  4.120000000000E+00   4.326936E-12   1.787015E-12   7.555691E+01   1.350582E-15   5.954872E-15   2.517784E-01   1.200000E+02   9.205810E+00
  4.125000000000E+00   4.335898E-12   1.797673E-12   7.556261E+01   1.380632E-15   6.065244E-15   2.549438E-01   1.200000E+02   9.205810E+00
  4.130000000000E+00   4.344914E-12   1.808553E-12   7.556839E+01   1.411237E-15   6.177350E-15   2.581137E-01   1.200000E+02   9.205810E+00
  4.135000000000E+00   4.353984E-12   1.819433E-12   7.557414E+01   1.442407E-15   6.291408E-15   2.613274E-01   1.200000E+02   9.205810E+00
  4.140000000000E+00   4.363109E-12   1.830647E-12   7.558003E+01   1.474154E-15   6.407635E-15   2.645454E-01   1.200000E+02   9.205810E+00
  4.145000000000E+00   4.372290E-12   1.841860E-12   7.558588E+01   1.506486E-15   6.526030E-15   2.678139E-01   1.200000E+02   9.205810E+00
  4.150000000000E+00   4.381528E-12   1.853295E-12   7.559181E+01   1.539416E-15   6.646593E-15   2.710998E-01   1.200000E+02   9.205810E+00
  4.155000000000E+00   4.390824E-12   1.864842E-12   7.559776E+01   1.572955E-15   6.768891E-15   2.744002E-01   1.200000E+02   9.205810E+00
  4.160000000000E+00   4.400177E-12   1.876499E-12   7.560373E+01   1.607110E-15   6.893357E-15   2.777318E-01   1.200000E+02   9.205810E+00
  4.165000000000E+00   4.409589E-12   1.888378E-12   7.560977E+01   1.641893E-15   7.019992E-15   2.810772E-01   1.200000E+02   9.205810E+00
  4.170000000000E+00   4.419061E-12   1.900147E-12   7.561573E+01   1.677313E-15   7.148362E-15   2.844668E-01   1.200000E+02   9.205810E+00
  4.175000000000E+00   4.428592E-12   1.912137E-12   7.562175E+01   1.713378E-15   7.278032E-15   2.878337E-01   1.200000E+02   9.205810E+00
  4.180000000000E+00   4.438183E-12   1.924350E-12   7.562785E+01   1.750098E-15   7.410305E-15   2.912285E-01   1.200000E+02   9.205810E+00
  4.185000000000E+00   4.447835E-12   1.936562E-12   7.563391E+01   1.787482E-15   7.543445E-15   2.946150E-01   1.200000E+02   9.205810E+00
  4.190000000000E+00   4.457548E-12   1.948774E-12   7.563993E+01   1.825536E-15   7.678320E-15   2.980271E-01   1.200000E+02   9.205810E+00
  4.195000000000E+00   4.467323E-12   1.961098E-12   7.564597E+01   1.864269E-15   7.814929E-15   3.014474E-01   1.200000E+02   9.205810E+00
  4.200000000000E+00   4.477160E-12   1.973643E-12   7.565208E+01   1.903690E-15   7.953707E-15   3.048750E-01   1.200000E+02   9.205810E+00
  4.205000000000E+00   4.487059E-12   1.986078E-12   7.565810E+01   1.943809E-15   8.094220E-15   3.083430E-01   1.200000E+02   9.205810E+00
  4.210000000000E+00   4.497021E-12   1.998846E-12   7.566423E+01   1.984636E-15   8.236901E-15   3.117994E-01   1.200000E+02   9.205810E+00
  4.215000000000E+00   4.507047E-12   2.011724E-12   7.567038E+01   2.026182E-15   8.381750E-15   3.152770E-01   1.200000E+02   9.205810E+00
  4.220000000000E+00   4.517138E-12   2.024603E-12   7.567650E+01   2.068457E-15   8.529202E-15   3.188083E-01   1.200000E+02   9.205810E+00
  4.225000000000E+00   4.527294E-12   2.037703E-12   7.568267E+01   2.111477E-15   8.679255E-15   3.223576E-01   1.200000E+02   9.205810E+00
  4.230000000000E+00   4.537516E-12   2.051137E-12   7.568897E+01   2.155255E-15   8.832345E-15   3.259222E-01   1.200000E+02   9.205810E+00
  4.235000000000E+00   4.547806E-12   2.064571E-12   7.569522E+01   2.199803E-15   8.988036E-15   3.295365E-01   1.200000E+02   9.205810E+00
  4.240000000000E+00   4.558163E-12   2.078338E-12   7.570158E+01   2.245139E-15   9.146763E-15   3.331627E-01   1.200000E+02   9.205810E+00
  4.245000000000E+00   4.568589E-12   2.092215E-12   7.570795E+01   2.291277E-15   9.308526E-15   3.368341E-01   1.200000E+02   9.205810E+00
  4.250000000000E+00   4.579085E-12   2.106204E-12   7.571434E+01   2.338231E-15   9.473325E-15   3.405494E-01   1.200000E+02   9.205810E+00
  4.255000000000E+00   4.589652E-12   2.120415E-12   7.572077E+01   2.386016E-15   9.641159E-15   3.442892E-01   1.200000E+02   9.205810E+00
  4.260000000000E+00   4.600290E-12   2.134848E-12   7.572727E+01   2.434647E-15   9.811596E-15   3.480367E-01   1.200000E+02   9.205810E+00
  4.265000000000E+00   4.611001E-12   2.149392E-12   7.573377E+01   2.484136E-15   9.984635E-15   3.518084E-01   1.200000E+02   9.205810E+00
  4.270000000000E+00   4.621784E-12   2.164047E-12   7.574028E+01   2.534497E-15   1.016028E-14   3.556033E-01   1.200000E+02   9.205810E+00
  4.275000000000E+00   4.632641E-12   2.178813E-12   7.574679E+01   2.585743E-15   1.033852E-14   3.594203E-01   1.200000E+02   9.205810E+00
  4.280000000000E+00   4.643572E-12   2.193690E-12   7.575330E+01   2.637886E-15   1.051936E-14   3.632585E-01   1.200000E+02   9.205810E+00
  4.285000000000E+00   4.654578E-12   2.208678E-12   7.575982E+01   2.690938E-15   1.070194E-14   3.670872E-01   1.200000E+02   9.205810E+00
  4.290000000000E+00   4.665659E-12   2.223777E-12   7.576634E+01   2.744911E-15   1.088756E-14   3.709502E-01   1.200000E+02   9.205810E+00
  4.295000000000E+00   4.676817E-12   2.239098E-12   7.577291E+01   2.799819E-15   1.107621E-14   3.748281E-01   1.200000E+02   9.205810E+00
  4.300000000000E+00   4.688051E-12   2.254641E-12   7.577954E+01   2.855677E-15   1.126746E-14   3.787047E-01   1.200000E+02   9.205810E+00
  4.305000000000E+00   4.699363E-12   2.270295E-12   7.578616E+01   2.912499E-15   1.146175E-14   3.826120E-01   1.200000E+02   9.205810E+00
  4.310000000000E+00   4.710754E-12   2.286171E-12   7.579283E+01   2.970301E-15   1.165994E-14   3.865590E-01   1.200000E+02   9.205810E+00
  4.315000000000E+00   4.722225E-12   2.302269E-12   7.579955E+01   3.029103E-15   1.186161E-14   3.905296E-01   1.200000E+02   9.205810E+00
  4.320000000000E+00   4.733778E-12   2.318701E-12   7.580635E+01   3.088923E-15   1.206674E-14   3.945034E-01   1.200000E+02   9.205810E+00
  4.325000000000E+00   4.745413E-12   2.335354E-12   7.581320E+01   3.149778E-15   1.227620E-14   3.985256E-01   1.200000E+02   9.205810E+00
  4.330000000000E+00   4.757131E-12   2.352230E-12   7.582009E+01   3.211692E-15   1.249001E-14   4.025941E-01   1.200000E+02   9.205810E+00
  4.335000000000E+00   4.768935E-12   2.369438E-12   7.582707E+01   3.274685E-15   1.270815E-14   4.066879E-01   1.200000E+02   9.205810E+00
  4.340000000000E+00   4.780826E-12   2.386868E-12   7.583408E+01   3.338780E-15   1.293020E-14   4.108100E-01   1.200000E+02   9.205810E+00
  4.345000000000E+00   4.792804E-12   2.404521E-12   7.584114E+01   3.403994E-15   1.315614E-14   4.149587E-01   1.200000E+02   9.205810E+00
  4.350000000000E+00   4.804872E-12   2.422618E-12   7.584831E+01   3.470348E-15   1.338643E-14   4.191078E-01   1.200000E+02   9.205810E+00
  4.355000000000E+00   4.817030E-12   2.440825E-12   7.585548E+01   3.537863E-15   1.362018E-14   4.232852E-01   1.200000E+02   9.205810E+00
  4.360000000000E+00   4.829281E-12   2.459366E-12   7.586272E+01   3.606555E-15   1.385784E-14   4.274652E-01   1.200000E+02   9.205810E+00
  4.365000000000E+00   4.841624E-12   2.478129E-12   7.586999E+01   3.676446E-15   1.409897E-14   4.316516E-01   1.200000E+02   9.205810E+00
  4.370000000000E+00   4.854062E-12   2.497003E-12   7.587725E+01   3.747550E-15   1.434356E-14   4.358626E-01   1.200000E+02   9.205810E+00
  4.375000000000E+00   4.866595E-12   2.516209E-12   7.588458E+01   3.819887E-15   1.459163E-14   4.400586E-01   1.200000E+02   9.205810E+00
  4.380000000000E+00   4.879224E-12   2.535638E-12   7.589194E+01   3.893473E-15   1.484360E-14   4.442705E-01   1.200000E+02   9.205810E+00
  4.385000000000E+00   4.891952E-12   2.555289E-12   7.589933E+01   3.968331E-15   1.509947E-14   4.484969E-01   1.200000E+02   9.205810E+00
  4.390000000000E+00   4.904778E-12   2.575273E-12   7.590678E+01   4.044477E-15   1.535968E-14   4.527300E-01   1.200000E+02   9.205810E+00
  4.395000000000E+00   4.917705E-12   2.595590E-12   7.591430E+01   4.121933E-15   1.562379E-14   4.569553E-01   1.200000E+02   9.205810E+00
  4.400000000000E+00   4.930734E-12   2.616241E-12   7.592189E+01   4.200724E-15   1.589310E-14   4.612092E-01   1.200000E+02   9.205810E+00
  4.405000000000E+00   4.943868E-12   2.637224E-12   7.592953E+01   4.280875E-15   1.616762E-14   4.654895E-01   1.200000E+02   9.205810E+00
  4.410000000000E+00   4.957107E-12   2.658651E-12   7.593727E+01   4.362413E-15   1.644821E-14   4.697993E-01   1.200000E+02   9.205810E+00
  4.415000000000E+00   4.970455E-12   2.680522E-12   7.594511E+01   4.445366E-15   1.673444E-14   4.741237E-01   1.200000E+02   9.205810E+00
  4.420000000000E+00   4.983913E-12   2.702727E-12   7.595300E+01   4.529765E-15   1.702631E-14   4.784795E-01   1.200000E+02   9.205810E+00
  4.425000000000E+00   4.997483E-12   2.725487E-12   7.596103E+01   4.615639E-15   1.732468E-14   4.828498E-01   1.200000E+02   9.205810E+00
  4.430000000000E+00   5.011169E-12   2.748801E-12   7.596918E+01   4.703021E-15   1.762913E-14   4.872198E-01   1.200000E+02   9.205810E+00
  4.435000000000E+00   5.024972E-12   2.772449E-12   7.597737E+01   4.791941E-15   1.793964E-14   4.916256E-01   1.200000E+02   9.205810E+00
  4.440000000000E+00   5.038894E-12   2.796652E-12   7.598569E+01   4.882428E-15   1.825623E-14   4.960261E-01   1.200000E+02   9.205810E+00
  4.445000000000E+00   5.052939E-12   2.821077E-12   7.599401E+01   4.974512E-15   1.857845E-14   5.004654E-01   1.200000E+02   9.205810E+00
  4.450000000000E+00   5.067107E-12   2.846168E-12   7.600248E+01   5.068221E-15   1.890632E-14   5.048638E-01   1.200000E+02   9.205810E+00
  4.455000000000E+00   5.081401E-12   2.871592E-12   7.601099E+01   5.163584E-15   1.923938E-14   5.092662E-01   1.200000E+02   9.205810E+00
  4.460000000000E+00   5.095823E-12   2.897460E-12   7.601957E+01   5.260626E-15   1.957809E-14   5.136629E-01   1.200000E+02   9.205810E+00
  4.465000000000E+00   5.110376E-12   2.923661E-12   7.602818E+01   5.359374E-15   1.992243E-14   5.180717E-01   1.200000E+02   9.205810E+00
  4.470000000000E+00   5.125061E-12   2.950418E-12   7.603690E+01   5.459855E-15   2.027111E-14   5.224184E-01   1.200000E+02   9.205810E+00
  4.475000000000E+00   5.139880E-12   2.977618E-12   7.604568E+01   5.562100E-15   2.062673E-14   5.267880E-01   1.200000E+02   9.205810E+00
  4.480000000000E+00   5.154837E-12   3.005263E-12   7.605452E+01   5.666133E-15   2.098842E-14   5.311563E-01   1.200000E+02   9.205810E+00
  4.485000000000E+00   5.169934E-12   3.033573E-12   7.606349E+01   5.771989E-15   2.135531E-14   5.354608E-01   1.200000E+02   9.205810E+00
  4.490000000000E+00   5.185173E-12   3.062217E-12   7.607248E+01   5.879700E-15   2.173001E-14   5.398233E-01   1.200000E+02   9.205810E+00
  4.495000000000E+00   5.200558E-12   3.091638E-12   7.608163E+01   5.989300E-15   2.211165E-14   5.441422E-01   1.200000E+02   9.205810E+00
  4.500000000000E+00   5.216091E-12   3.121614E-12   7.609086E+01   6.100828E-15   2.250197E-14   5.484964E-01   1.200000E+02   9.205810E+00
  4.505000000000E+00   5.231776E-12   3.152367E-12   7.610024E+01   6.214328E-15   2.290008E-14   5.528233E-01   1.200000E+02   9.205810E+00
  4.510000000000E+00   5.247615E-12   3.183565E-12   7.610967E+01   6.329840E-15   2.330688E-14   5.571989E-01   1.200000E+02   9.205810E+00
  4.515000000000E+00   5.263613E-12   3.215539E-12   7.611923E+01   6.447411E-15   2.372234E-14   5.615626E-01   1.200000E+02   9.205810E+00
  4.520000000000E+00   5.279772E-12   3.248291E-12   7.612893E+01   6.567080E-15   2.414735E-14   5.659321E-01   1.200000E+02   9.205810E+00
  4.525000000000E+00   5.296097E-12   3.281708E-12   7.613872E+01   6.688896E-15   2.458103E-14   5.703031E-01   1.200000E+02   9.205810E+00
  4.530000000000E+00   5.312590E-12   3.315681E-12   7.614858E+01   6.812903E-15   2.502339E-14   5.746919E-01   1.200000E+02   9.205810E+00
  4.535000000000E+00   5.329255E-12   3.350431E-12   7.615855E+01   6.939142E-15   2.547441E-14   5.790582E-01   1.200000E+02   9.205810E+00
  4.540000000000E+00   5.346095E-12   3.385736E-12   7.616858E+01   7.067659E-15   2.593412E-14   5.834373E-01   1.200000E+02   9.205810E+00
  4.545000000000E+00   5.363113E-12   3.421485E-12   7.617863E+01   7.198494E-15   2.640162E-14   5.878265E-01   1.200000E+02   9.205810E+00
  4.550000000000E+00   5.380311E-12   3.458012E-12   7.618879E+01   7.331688E-15   2.687694E-14   5.921673E-01   1.200000E+02   9.205810E+00
  4.555000000000E+00   5.397694E-12   3.494982E-12   7.619897E+01   7.467282E-15   2.736179E-14   5.965525E-01   1.200000E+02   9.205810E+00
  4.560000000000E+00   5.415262E-12   3.532508E-12   7.620919E+01   7.605316E-15   2.785359E-14   6.009044E-01   1.200000E+02   9.205810E+00
  4.565000000000E+00   5.433020E-12   3.570699E-12   7.621948E+01   7.745832E-15   2.835406E-14   6.052404E-01   1.200000E+02   9.205810E+00
  4.570000000000E+00   5.450970E-12   3.609224E-12   7.622975E+01   7.888870E-15   2.886320E-14   6.096142E-01   1.200000E+02   9.205810E+00
  4.575000000000E+00   5.469114E-12   3.648526E-12   7.624011E+01   8.034476E-15   2.938101E-14   6.139497E-01   1.200000E+02   9.205810E+00
  4.580000000000E+00   5.487456E-12   3.688383E-12   7.625051E+01   8.182694E-15   2.990837E-14   6.183003E-01   1.200000E+02   9.205810E+00
  4.585000000000E+00   5.505998E-12   3.728684E-12   7.626090E+01   8.333574E-15   3.044526E-14   6.226817E-01   1.200000E+02   9.205810E+00
  4.590000000000E+00   5.524744E-12   3.769651E-12   7.627136E+01   8.487161E-15   3.099170E-14   6.270551E-01   1.200000E+02   9.205810E+00
  4.595000000000E+00   5.543696E-12   3.811174E-12   7.628184E+01   8.643506E-15   3.154855E-14   6.314541E-01   1.200000E+02   9.205810E+00
  4.600000000000E+00   5.562856E-12   3.853140E-12   7.629232E+01   8.802662E-15   3.211494E-14   6.358769E-01   1.200000E+02   9.205810E+00
  4.605000000000E+00   5.582228E-12   3.895773E-12   7.630284E+01   8.964680E-15   3.269347E-14   6.403362E-01   1.200000E+02   9.205810E+00
  4.610000000000E+00   5.601814E-12   3.938738E-12   7.631334E+01   9.129611E-15   3.328067E-14   6.448154E-01   1.200000E+02   9.205810E+00
  4.615000000000E+00   5.621617E-12   3.982259E-12   7.632385E+01   9.297499E-15   3.387655E-14   6.492768E-01   1.200000E+02   9.205810E+00
  4.620000000000E+00   5.641638E-12   4.026113E-12   7.633432E+01   9.468390E-15   3.448197E-14   6.537715E-01   1.200000E+02   9.205810E+00
  4.625000000000E+00   5.661878E-12   4.070078E-12   7.634471E+01   9.642329E-15   3.509432E-14   6.582838E-01   1.200000E+02   9.205810E+00
  4.630000000000E+00   5.682339E-12   4.114487E-12   7.635509E+01   9.819350E-15   3.571449E-14   6.627760E-01   1.200000E+02   9.205810E+00
  4.635000000000E+00   5.703023E-12   4.158895E-12   7.636536E+01   9.999488E-15   3.634072E-14   6.672859E-01   1.200000E+02   9.205810E+00
  4.640000000000E+00   5.723928E-12   4.203082E-12   7.637547E+01   1.018277E-14   3.697129E-14   6.718165E-01   1.200000E+02   9.205810E+00
  4.645000000000E+00   5.745054E-12   4.247491E-12   7.638552E+01   1.036921E-14   3.760620E-14   6.762979E-01   1.200000E+02   9.205810E+00
  4.650000000000E+00   5.766402E-12   4.291567E-12   7.639539E+01   1.055883E-14   3.824285E-14   6.807716E-01   1.200000E+02   9.205810E+00
  4.655000000000E+00   5.787970E-12   4.335532E-12   7.640514E+01   1.075164E-14   3.888122E-14   6.852043E-01   1.200000E+02   9.205810E+00
  4.660000000000E+00   5.809756E-12   4.379053E-12   7.641469E+01   1.094764E-14   3.951874E-14   6.896039E-01   1.200000E+02   9.205810E+00
  4.665000000000E+00   5.831759E-12   4.422018E-12   7.642402E+01   1.114683E-14   4.015451E-14   6.939748E-01   1.200000E+02   9.205810E+00
  4.670000000000E+00   5.853975E-12   4.464429E-12   7.643315E+01   1.134918E-14   4.078769E-14   6.983046E-01   1.200000E+02   9.205810E+00
  4.675000000000E+00   5.876402E-12   4.506173E-12   7.644204E+01   1.155469E-14   4.141479E-14   7.025542E-01   1.200000E+02   9.205810E+00
  4.680000000000E+00   5.899036E-12   4.547140E-12   7.645069E+01   1.176332E-14   4.203495E-14   7.067301E-01   1.200000E+02   9.205810E+00
  4.685000000000E+00   5.921872E-12   4.587108E-12   7.645906E+01   1.197503E-14   4.264471E-14   7.108125E-01   1.200000E+02   9.205810E+00
  4.690000000000E+00   5.944905E-12   4.625966E-12   7.646712E+01   1.218975E-14   4.324319E-14   7.148089E-01   1.200000E+02   9.205810E+00
  4.695000000000E+00   5.968130E-12   4.663492E-12   7.647484E+01   1.240743E-14   4.382605E-14   7.186869E-01   1.200000E+02   9.205810E+00
  4.700000000000E+00   5.991538E-12   4.699574E-12   7.648220E+01   1.262798E-14   4.438984E-14   7.224129E-01   1.200000E+02   9.205810E+00
  4.705000000000E+00   6.015123E-12   4.733769E-12   7.648913E+01   1.285130E-14   4.493194E-14   7.260188E-01   1.200000E+02   9.205810E+00
  4.710000000000E+00   6.038873E-12   4.765965E-12   7.649561E+01   1.307726E-14   4.544715E-14   7.294446E-01   1.200000E+02   9.205810E+00
  4.715000000000E+00   6.062779E-12   4.795941E-12   7.650159E+01   1.330572E-14   4.593201E-14   7.326761E-01   1.200000E+02   9.205810E+00
  4.720000000000E+00   6.086829E-12   4.823475E-12   7.650706E+01   1.353652E-14   4.637957E-14   7.356448E-01   1.200000E+02   9.205810E+00
  4.725000000000E+00   6.111009E-12   4.848011E-12   7.651191E+01   1.376945E-14   4.678723E-14   7.384018E-01   1.200000E+02   9.205810E+00
  4.730000000000E+00   6.135304E-12   4.869438E-12   7.651612E+01   1.400432E-14   4.714892E-14   7.408764E-01   1.200000E+02   9.205810E+00
  4.735000000000E+00   6.159698E-12   4.887313E-12   7.651961E+01   1.424086E-14   4.745943E-14   7.430622E-01   1.200000E+02   9.205810E+00
  4.740000000000E+00   6.184171E-12   4.901302E-12   7.652234E+01   1.447882E-14   4.771357E-14   7.449356E-01   1.200000E+02   9.205810E+00
  4.745000000000E+00   6.208704E-12   4.911072E-12   7.652424E+01   1.471790E-14   4.790439E-14   7.464454E-01   1.200000E+02   9.205810E+00
  4.750000000000E+00   6.233275E-12   4.916290E-12   7.652525E+01   1.495776E-14   4.802755E-14   7.475801E-01   1.200000E+02   9.205810E+00
  4.755000000000E+00   6.257859E-12   4.916512E-12   7.652528E+01   1.519805E-14   4.807526E-14   7.482892E-01   1.200000E+02   9.205810E+00
  4.760000000000E+00   6.282432E-12   4.911516E-12   7.652430E+01   1.543839E-14   4.804490E-14   7.485678E-01   1.200000E+02   9.205810E+00
  4.765000000000E+00   6.306965E-12   4.900746E-12   7.652220E+01   1.567836E-14   4.792954E-14   7.483909E-01   1.200000E+02   9.205810E+00
  4.770000000000E+00   6.331430E-12   4.883871E-12   7.651889E+01   1.591754E-14   4.772311E-14   7.477101E-01   1.200000E+02   9.205810E+00
  4.775000000000E+00   6.355794E-12   4.860778E-12   7.651436E+01   1.615544E-14   4.742214E-14   7.464800E-01   1.200000E+02   9.205810E+00
  4.780000000000E+00   6.380026E-12   4.830802E-12   7.650843E+01   1.639160E-14   4.702315E-14   7.447350E-01   1.200000E+02   9.205810E+00
  4.785000000000E+00   6.404091E-12   4.793832E-12   7.650108E+01   1.662550E-14   4.651834E-14   7.423505E-01   1.200000E+02   9.205810E+00
  4.790000000000E+00   6.427953E-12   4.749645E-12   7.649222E+01   1.685662E-14   4.590946E-14   7.393639E-01   1.200000E+02   9.205810E+00
  4.795000000000E+00   6.451576E-12   4.698020E-12   7.648176E+01   1.708442E-14   4.519215E-14   7.357089E-01   1.200000E+02   9.205810E+00
  4.800000000000E+00   6.474921E-12   4.638623E-12   7.646959E+01   1.730837E-14   4.436555E-14   7.313842E-01   1.200000E+02   9.205810E+00
  4.805000000000E+00   6.497950E-12   4.571676E-12   7.645568E+01   1.752790E-14   4.342880E-14   7.262934E-01   1.200000E+02   9.205810E+00
  4.810000000000E+00   6.520625E-12   4.496736E-12   7.643986E+01   1.774249E-14   4.238450E-14   7.204926E-01   1.200000E+02   9.205810E+00
  4.815000000000E+00   6.542906E-12   4.414247E-12   7.642215E+01   1.795158E-14   4.123438E-14   7.138749E-01   1.200000E+02   9.205810E+00
  4.820000000000E+00   6.564755E-12   4.323986E-12   7.640239E+01   1.815467E-14   3.998191E-14   7.064577E-01   1.200000E+02   9.205810E+00
  4.825000000000E+00   6.586134E-12   4.226397E-12   7.638054E+01   1.835125E-14   3.863316E-14   6.981885E-01   1.200000E+02   9.205810E+00
  4.830000000000E+00   6.607007E-12   4.121703E-12   7.635655E+01   1.854086E-14   3.719507E-14   6.890568E-01   1.200000E+02   9.205810E+00
  4.835000000000E+00   6.627340E-12   4.010126E-12   7.633029E+01   1.872307E-14   3.567372E-14   6.790275E-01   1.200000E+02   9.205810E+00
  4.840000000000E+00   6.647099E-12   3.892331E-12   7.630176E+01   1.889748E-14   3.407951E-14   6.680641E-01   1.200000E+02   9.205810E+00
  4.845000000000E+00   6.666254E-12   3.768763E-12   7.627089E+01   1.906376E-14   3.242198E-14   6.561446E-01   1.200000E+02   9.205810E+00
  4.850000000000E+00   6.684778E-12   3.639977E-12   7.623762E+01   1.922162E-14   3.071415E-14   6.432934E-01   1.200000E+02   9.205810E+00
  4.855000000000E+00   6.702646E-12   3.506750E-12   7.620194E+01   1.937084E-14   2.896728E-14   6.294610E-01   1.200000E+02   9.205810E+00
  4.860000000000E+00   6.719839E-12   3.369860E-12   7.616383E+01   1.951125E-14   2.719353E-14   6.146140E-01   1.200000E+02   9.205810E+00
  4.865000000000E+00   6.736340E-12   3.230194E-12   7.612332E+01   1.964276E-14   2.540763E-14   5.987606E-01   1.200000E+02   9.205810E+00
  4.870000000000E+00   6.752137E-12   3.088196E-12   7.608029E+01   1.976533E-14   2.362173E-14   5.819410E-01   1.200000E+02   9.205810E+00
  4.875000000000E+00   6.767221E-12   2.945089E-12   7.603487E+01   1.987900E-14   2.184971E-14   5.641052E-01   1.200000E+02   9.205810E+00
  4.880000000000E+00   6.781588E-12   2.801870E-12   7.598714E+01   1.998387E-14   2.010458E-14   5.452393E-01   1.200000E+02   9.205810E+00
  4.885000000000E+00   6.795240E-12   2.658984E-12   7.593703E+01   2.008011E-14   1.839848E-14   5.254359E-01   1.200000E+02   9.205810E+00
  4.890000000000E+00   6.808180E-12   2.517431E-12   7.588465E+01   2.016795E-14   1.674398E-14   5.047255E-01   1.200000E+02   9.205810E+00
  4.895000000000E+00   6.820417E-12   2.378098E-12   7.583013E+01   2.024765E-14   1.514847E-14   4.830376E-01   1.200000E+02   9.205810E+00
  4.900000000000E+00   6.831965E-12   2.241651E-12   7.577354E+01   2.031954E-14   1.362235E-14   4.604702E-01   1.200000E+02   9.205810E+00
  4.905000000000E+00   6.842840E-12   2.108869E-12   7.571506E+01   2.038400E-14   1.217386E-14   4.370800E-01   1.200000E+02   9.205810E+00
  4.910000000000E+00   6.853061E-12   1.980194E-12   7.565475E+01   2.044141E-14   1.080689E-14   4.128853E-01   1.200000E+02   9.205810E+00
  4.915000000000E+00   6.862650E-12   1.856404E-12   7.559291E+01   2.049221E-14   9.527535E-15   3.879620E-01   1.200000E+02   9.205810E+00
  4.920000000000E+00   6.871632E-12   1.737610E-12   7.552955E+01   2.053683E-14   8.337948E-15   3.624297E-01   1.200000E+02   9.205810E+00
  4.925000000000E+00   6.880035E-12   1.624478E-12   7.546504E+01   2.057573E-14   7.238567E-15   3.362672E-01   1.200000E+02   9.205810E+00
  4.930000000000E+00   6.887887E-12   1.517231E-12   7.539958E+01   2.060936E-14   6.231127E-15   3.096591E-01   1.200000E+02   9.205810E+00
  4.935000000000E+00   6.895216E-12   1.415756E-12   7.533323E+01   2.063818E-14   5.312157E-15   2.826630E-01   1.200000E+02   9.205810E+00
  4.940000000000E+00   6.902054E-12   1.320610E-12   7.526654E+01   2.066263E-14   4.480791E-15   2.553771E-01   1.200000E+02   9.205810E+00
  4.945000000000E+00   6.908432E-12   1.231459E-12   7.519953E+01   2.068312E-14   3.733125E-15   2.279647E-01   1.200000E+02   9.205810E+00
  4.950000000000E+00   6.914379E-12   1.148637E-12   7.513277E+01   2.070008E-14   3.064823E-15   2.004712E-01   1.200000E+02   9.205810E+00
  4.955000000000E+00   6.919927E-12   1.071698E-12   7.506628E+01   2.071389E-14   2.471330E-15   1.731024E-01   1.200000E+02   9.205810E+00
  4.960000000000E+00   6.925106E-12   1.000866E-12   7.500069E+01   2.072491E-14   1.947661E-15   1.459495E-01   1.200000E+02   9.205810E+00
  4.965000000000E+00   6.929945E-12   9.356960E-13   7.493610E+01   2.073347E-14   1.488176E-15   1.191820E-01   1.200000E+02   9.205810E+00
  4.970000000000E+00   6.934472E-12   8.761880E-13   7.487306E+01   2.073989E-14   1.087346E-15   9.291721E-02   1.200000E+02   9.205810E+00
  4.975000000000E+00   6.938715E-12   8.220091E-13   7.481181E+01   2.074443E-14   7.398596E-16   6.733530E-02   1.200000E+02   9.205810E+00
  4.980000000000E+00   6.942701E-12   7.729373E-13   7.475273E+01   2.074736E-14   4.401861E-16   4.257152E-02   1.200000E+02   9.205810E+00
  4.985000000000E+00   6.946453E-12   7.288614E-13   7.469638E+01   2.074890E-14   1.833657E-16   1.879199E-02   1.200000E+02   9.205810E+00
  4.990000000000E+00   6.949997E-12   6.894485E-13   7.464301E+01   2.074925E-14  -3.552626E-17  -3.846243E-03   1.200000E+02   9.205810E+00
  4.995000000000E+00   6.953354E-12   6.543655E-13   7.459287E+01   2.074860E-14  -2.210146E-16  -2.519405E-02   1.200000E+02   9.205810E+00
  5.000000000000E+00   6.956547E-12   6.235013E-13   7.454648E+01   2.074709E-14  -3.771939E-16  -4.509771E-02   1.200000E+02   9.205810E+00
  5.005000000000E+00   6.959595E-12   5.965228E-13   7.450400E+01   2.074487E-14  -5.077861E-16  -6.342103E-02   1.200000E+02   9.205810E+00
  5.010000000000E+00   6.962519E-12   5.734302E-13   7.446608E+01   2.074205E-14  -6.161521E-16  -8.001398E-02   1.200000E+02   9.205810E+00
  5.015000000000E+00   6.965336E-12   5.540013E-13   7.443298E+01   2.073874E-14  -7.051651E-16  -9.474262E-02   1.200000E+02   9.205810E+00
  5.020000000000E+00   6.968064E-12   5.379031E-13   7.440465E+01   2.073502E-14  -7.772645E-16  -1.075140E-01   1.200000E+02   9.205810E+00
  5.025000000000E+00   6.970720E-12   5.251355E-13   7.438157E+01   2.073099E-14  -8.346188E-16  -1.182176E-01   1.200000E+02   9.205810E+00
  5.030000000000E+00   6.973320E-12   5.156986E-13   7.436415E+01   2.072670E-14  -8.787459E-16  -1.267159E-01   1.200000E+02   9.205810E+00
  5.035000000000E+00   6.975881E-12   5.092593E-13   7.435208E+01   2.072222E-14  -9.111635E-16  -1.330303E-01   1.200000E+02   9.205810E+00
  5.040000000000E+00   6.978418E-12   5.060397E-13   7.434598E+01   2.071761E-14  -9.324139E-16  -1.369877E-01   1.200000E+02   9.205810E+00
  5.045000000000E+00   6.980947E-12   5.060397E-13   7.434598E+01   2.071291E-14  -9.430390E-16  -1.385487E-01   1.200000E+02   9.205810E+00
  5.050000000000E+00   6.983484E-12   5.091483E-13   7.435186E+01   2.070819E-14  -9.434727E-16  -1.377771E-01   1.200000E+02   9.205810E+00
  5.055000000000E+00   6.986044E-12   5.154766E-13   7.436372E+01   2.070350E-14  -9.330644E-16  -1.346058E-01   1.200000E+02   9.205810E+00
  5.060000000000E+00   6.988644E-12   5.251355E-13   7.438155E+01   2.069888E-14  -9.111635E-16  -1.290596E-01   1.200000E+02   9.205810E+00
  5.065000000000E+00   6.991300E-12   5.382361E-13   7.440522E+01   2.069440E-14  -8.765775E-16  -1.211772E-01   1.200000E+02   9.205810E+00
  5.070000000000E+00   6.994032E-12   5.550005E-13   7.443468E+01   2.069014E-14  -8.276799E-16  -1.110055E-01   1.200000E+02   9.205810E+00
  5.075000000000E+00   6.996856E-12   5.755396E-13   7.446959E+01   2.068615E-14  -7.624110E-16  -9.864904E-02   1.200000E+02   9.205810E+00
  5.080000000000E+00   6.999794E-12   6.001866E-13   7.450986E+01   2.068254E-14  -6.781685E-16  -8.419088E-02   1.200000E+02   9.205810E+00
  5.085000000000E+00   7.002865E-12   6.290524E-13   7.455497E+01   2.067941E-14  -5.716998E-16  -6.775757E-02   1.200000E+02   9.205810E+00
  5.090000000000E+00   7.006092E-12   6.625811E-13   7.460484E+01   2.067687E-14  -4.396440E-16  -4.950272E-02   1.200000E+02   9.205810E+00
  5.095000000000E+00   7.009498E-12   7.007728E-13   7.465865E+01   2.067506E-14  -2.777997E-16  -2.959611E-02   1.200000E+02   9.205810E+00
  5.100000000000E+00   7.013108E-12   7.441825E-13   7.471635E+01   2.067414E-14  -8.178273E-17  -8.211033E-03   1.200000E+02   9.205810E+00
  5.105000000000E+00   7.016948E-12   7.929213E-13   7.477725E+01   2.067430E-14   1.530893E-16   1.443725E-02   1.200000E+02   9.205810E+00
  5.110000000000E+00   7.021046E-12   8.472112E-13   7.484082E+01   2.067574E-14   4.316751E-16   3.813325E-02   1.200000E+02   9.205810E+00
  5.115000000000E+00   7.025429E-12   9.071632E-13   7.490644E+01   2.067870E-14   7.586163E-16   6.264059E-02   1.200000E+02   9.205810E+00
  5.120000000000E+00   7.030127E-12   9.728884E-13   7.497356E+01   2.068341E-14   1.138304E-15   8.772095E-02   1.200000E+02   9.205810E+00
  5.125000000000E+00   7.035167E-12   1.044387E-12   7.504161E+01   2.069017E-14   1.574153E-15   1.131065E-01   1.200000E+02   9.205810E+00
  5.130000000000E+00   7.040579E-12   1.121436E-12   7.510990E+01   2.069925E-14   2.068658E-15   1.385515E-01   1.200000E+02   9.205810E+00
  5.135000000000E+00   7.046390E-12   1.203704E-12   7.517781E+01   2.071095E-14   2.622251E-15   1.637738E-01   1.200000E+02   9.205810E+00
  5.140000000000E+00   7.052624E-12   1.290523E-12   7.524461E+01   2.072556E-14   3.233308E-15   1.885196E-01   1.200000E+02   9.205810E+00
  5.145000000000E+00   7.059302E-12   1.381339E-12   7.530984E+01   2.074337E-14   3.898357E-15   2.125362E-01   1.200000E+02   9.205810E+00
  5.150000000000E+00   7.066442E-12   1.475042E-12   7.537278E+01   2.076462E-14   4.609811E-15   2.355554E-01   1.200000E+02   9.205810E+00
  5.155000000000E+00   7.074056E-12   1.570521E-12   7.543292E+01   2.078953E-14   5.357693E-15   2.573326E-01   1.200000E+02   9.205810E+00
  5.160000000000E+00   7.082148E-12   1.666223E-12   7.548963E+01   2.081824E-14   6.128778E-15   2.776695E-01   1.200000E+02   9.205810E+00
  5.165000000000E+00   7.090717E-12   1.760814E-12   7.554257E+01   2.085083E-14   6.906368E-15   2.962975E-01   1.200000E+02   9.205810E+00
  5.170000000000E+00   7.099752E-12   1.852407E-12   7.559119E+01   2.088728E-14   7.672682E-15   3.130992E-01   1.200000E+02   9.205810E+00
  5.175000000000E+00   7.109233E-12   1.939227E-12   7.563510E+01   2.092750E-14   8.406036E-15   3.278582E-01   1.200000E+02   9.205810E+00
  5.180000000000E+00   7.119134E-12   2.019607E-12   7.567403E+01   2.097126E-14   9.086048E-15   3.404514E-01   1.200000E+02   9.205810E+00
  5.185000000000E+00   7.129416E-12   2.091771E-12   7.570769E+01   2.101824E-14   9.691900E-15   3.507799E-01   1.200000E+02   9.205810E+00
  5.190000000000E+00   7.140036E-12   2.154388E-12   7.573597E+01   2.106803E-14   1.020451E-14   3.587323E-01   1.200000E+02   9.205810E+00
  5.195000000000E+00   7.150942E-12   2.206124E-12   7.575872E+01   2.112011E-14   1.060870E-14   3.643048E-01   1.200000E+02   9.205810E+00
  5.200000000000E+00   7.162079E-12   2.246092E-12   7.577594E+01   2.117392E-14   1.089276E-14   3.674869E-01   1.200000E+02   9.205810E+00
  5.205000000000E+00   7.173385E-12   2.273959E-12   7.578778E+01   2.122883E-14   1.104975E-14   3.682724E-01   1.200000E+02   9.205810E+00
  5.210000000000E+00   7.184799E-12   2.289502E-12   7.579432E+01   2.128421E-14   1.107794E-14   3.667371E-01   1.200000E+02   9.205810E+00
  5.215000000000E+00   7.196261E-12   2.293055E-12   7.579583E+01   2.133941E-14   1.098080E-14   3.629651E-01   1.200000E+02   9.205810E+00
  5.220000000000E+00   7.207711E-12   2.285172E-12   7.579255E+01   2.139383E-14   1.076743E-14   3.571245E-01   1.200000E+02   9.205810E+00
  5.225000000000E+00   7.219096E-12   2.267075E-12   7.578496E+01   2.144692E-14   1.045084E-14   3.493561E-01   1.200000E+02   9.205810E+00
  5.230000000000E+00   7.230368E-12   2.239986E-12   7.577346E+01   2.149820E-14   1.004578E-14   3.398252E-01   1.200000E+02   9.205810E+00
  5.235000000000E+00   7.241484E-12   2.205347E-12   7.575855E+01   2.154727E-14   9.570469E-15   3.287668E-01   1.200000E+02   9.205810E+00
  5.240000000000E+00   7.252412E-12   2.164935E-12   7.574084E+01   2.159382E-14   9.044415E-15   3.164213E-01   1.200000E+02   9.205810E+00
  5.245000000000E+00   7.263127E-12   2.120415E-12   7.572095E+01   2.163766E-14   8.485834E-15   3.030328E-01   1.200000E+02   9.205810E+00
  5.250000000000E+00   7.273612E-12   2.073341E-12   7.569945E+01   2.167866E-14   7.912941E-15   2.889082E-01   1.200000E+02   9.205810E+00
  5.255000000000E+00   7.283859E-12   2.025380E-12   7.567704E+01   2.171679E-14   7.341783E-15   2.743211E-01   1.200000E+02   9.205810E+00
  5.260000000000E+00   7.293867E-12   1.978195E-12   7.565446E+01   2.175210E-14   6.785805E-15   2.595175E-01   1.200000E+02   9.205810E+00
  5.265000000000E+00   7.303643E-12   1.932787E-12   7.563221E+01   2.178470E-14   6.258015E-15   2.448834E-01   1.200000E+02   9.205810E+00
  5.270000000000E+00   7.313200E-12   1.890710E-12   7.561113E+01   2.181474E-14   5.766871E-15   2.306222E-01   1.200000E+02   9.205810E+00
  5.275000000000E+00   7.322558E-12   1.852962E-12   7.559181E+01   2.184244E-14   5.320397E-15   2.170462E-01   1.200000E+02   9.205810E+00
  5.280000000000E+00   7.331739E-12   1.820433E-12   7.557484E+01   2.186802E-14   4.923796E-15   2.044102E-01   1.200000E+02   9.205810E+00
  5.285000000000E+00   7.340772E-12   1.794009E-12   7.556083E+01   2.189176E-14   4.581622E-15   1.929706E-01   1.200000E+02   9.205810E+00
  5.290000000000E+00   7.349689E-12   1.774136E-12   7.555016E+01   2.191393E-14   4.296043E-15   1.829435E-01   1.200000E+02   9.205810E+00
  5.295000000000E+00   7.358526E-12   1.761702E-12   7.554343E+01   2.193482E-14   4.070095E-15   1.745295E-01   1.200000E+02   9.205810E+00
  5.300000000000E+00   7.367318E-12   1.756928E-12   7.554084E+01   2.195473E-14   3.905296E-15   1.679120E-01   1.200000E+02   9.205810E+00
  5.305000000000E+00   7.376108E-12   1.760259E-12   7.554267E+01   2.197397E-14   3.802731E-15   1.631967E-01   1.200000E+02   9.205810E+00
  5.310000000000E+00   7.384936E-12   1.772471E-12   7.554931E+01   2.199286E-14   3.765000E-15   1.604783E-01   1.200000E+02   9.205810E+00
  5.315000000000E+00   7.393847E-12   1.793565E-12   7.556067E+01   2.201173E-14   3.794057E-15   1.598389E-01   1.200000E+02   9.205810E+00
  5.320000000000E+00   7.402886E-12   1.823985E-12   7.557681E+01   2.203091E-14   3.892069E-15   1.612678E-01   1.200000E+02   9.205810E+00
  5.325000000000E+00   7.412102E-12   1.864064E-12   7.559767E+01   2.205076E-14   4.062722E-15   1.647649E-01   1.200000E+02   9.205810E+00
  5.330000000000E+00   7.421543E-12   1.914024E-12   7.562305E+01   2.207166E-14   4.309487E-15   1.702677E-01   1.200000E+02   9.205810E+00
  5.335000000000E+00   7.431258E-12   1.974088E-12   7.565270E+01   2.209399E-14   4.636482E-15   1.776833E-01   1.200000E+02   9.205810E+00
  5.340000000000E+00   7.441300E-12   2.044365E-12   7.568626E+01   2.211816E-14   5.047612E-15   1.868722E-01   1.200000E+02   9.205810E+00
  5.345000000000E+00   7.451719E-12   2.125078E-12   7.572340E+01   2.214461E-14   5.547212E-15   1.976651E-01   1.200000E+02   9.205810E+00
  5.350000000000E+00   7.462567E-12   2.216005E-12   7.576359E+01   2.217378E-14   6.138753E-15   2.098795E-01   1.200000E+02   9.205810E+00
  5.355000000000E+00   7.473894E-12   2.316813E-12   7.580626E+01   2.220615E-14   6.825053E-15   2.233161E-01   1.200000E+02   9.205810E+00
  5.360000000000E+00   7.485750E-12   2.427281E-12   7.585093E+01   2.224218E-14   7.606762E-15   2.377064E-01   1.200000E+02   9.205810E+00
  5.365000000000E+00   7.498182E-12   2.546741E-12   7.589701E+01   2.228236E-14   8.483015E-15   2.528076E-01   1.200000E+02   9.205810E+00
  5.370000000000E+00   7.511230E-12   2.674083E-12   7.594379E+01   2.232716E-14   9.450340E-15   2.683891E-01   1.200000E+02   9.205810E+00
  5.375000000000E+00   7.524933E-12   2.808420E-12   7.599079E+01   2.237700E-14   1.050158E-14   2.841539E-01   1.200000E+02   9.205810E+00
  5.380000000000E+00   7.539323E-12   2.948086E-12   7.603733E+01   2.243229E-14   1.162568E-14   2.998507E-01   1.200000E+02   9.205810E+00
  5.385000000000E+00   7.554421E-12   3.091638E-12   7.608291E+01   2.249335E-14   1.280963E-14   3.152355E-01   1.200000E+02   9.205810E+00
  5.390000000000E+00   7.570242E-12   3.237077E-12   7.612698E+01   2.256045E-14   1.403478E-14   3.300587E-01   1.200000E+02   9.205810E+00
  5.395000000000E+00   7.586791E-12   3.382183E-12   7.616901E+01   2.263373E-14   1.528031E-14   3.441228E-01   1.200000E+02   9.205810E+00
  5.400000000000E+00   7.604061E-12   3.525069E-12   7.620868E+01   2.271325E-14   1.652237E-14   3.571982E-01   1.200000E+02   9.205810E+00
  5.405000000000E+00   7.622034E-12   3.663292E-12   7.624555E+01   2.279891E-14   1.773625E-14   3.691515E-01   1.200000E+02   9.205810E+00
  5.410000000000E+00   7.640684E-12   3.795075E-12   7.627942E+01   2.289052E-14   1.889808E-14   3.798434E-01   1.200000E+02   9.205810E+00
  5.415000000000E+00   7.659972E-12   3.918532E-12   7.631011E+01   2.298777E-14   1.998271E-14   3.891465E-01   1.200000E+02   9.205810E+00
  5.420000000000E+00   7.679853E-12   4.031997E-12   7.633747E+01   2.309020E-14   2.097064E-14   3.970354E-01   1.200000E+02   9.205810E+00
  5.425000000000E+00   7.700275E-12   4.134582E-12   7.636156E+01   2.319729E-14   2.184537E-14   4.034620E-01   1.200000E+02   9.205810E+00
  5.430000000000E+00   7.721180E-12   4.225398E-12   7.638239E+01   2.330845E-14   2.259564E-14   4.084607E-01   1.200000E+02   9.205810E+00
  5.435000000000E+00   7.742510E-12   4.304557E-12   7.640019E+01   2.342304E-14   2.321667E-14   4.120652E-01   1.200000E+02   9.205810E+00
  5.440000000000E+00   7.764206E-12   4.372058E-12   7.641512E+01   2.354042E-14   2.370977E-14   4.144008E-01   1.200000E+02   9.205810E+00
  5.445000000000E+00   7.786214E-12   4.429235E-12   7.642758E+01   2.365995E-14   2.408143E-14   4.155313E-01   1.200000E+02   9.205810E+00
  5.450000000000E+00   7.808483E-12   4.477085E-12   7.643790E+01   2.378106E-14   2.434511E-14   4.156474E-01   1.200000E+02   9.205810E+00
  5.455000000000E+00   7.830973E-12   4.517386E-12   7.644650E+01   2.390326E-14   2.451902E-14   4.149286E-01   1.200000E+02   9.205810E+00
  5.460000000000E+00   7.853648E-12   4.552136E-12   7.645387E+01   2.402614E-14   2.462440E-14   4.135708E-01   1.200000E+02   9.205810E+00
  5.465000000000E+00   7.876489E-12   4.583667E-12   7.646050E+01   2.414943E-14   2.468468E-14   4.117671E-01   1.200000E+02   9.205810E+00
  5.470000000000E+00   7.899483E-12   4.614309E-12   7.646691E+01   2.427296E-14   2.472675E-14   4.097641E-01   1.200000E+02   9.205810E+00
  5.475000000000E+00   7.922634E-12   4.646394E-12   7.647357E+01   2.439671E-14   2.477619E-14   4.077836E-01   1.200000E+02   9.205810E+00
  5.480000000000E+00   7.945954E-12   4.682588E-12   7.648103E+01   2.452078E-14   2.486032E-14   4.060454E-01   1.200000E+02   9.205810E+00
  5.485000000000E+00   7.969470E-12   4.725109E-12   7.648972E+01   2.464541E-14   2.500430E-14   4.047678E-01   1.200000E+02   9.205810E+00
  5.490000000000E+00   7.993219E-12   4.776290E-12   7.650006E+01   2.477096E-14   2.523416E-14   4.041661E-01   1.200000E+02   9.205810E+00
  5.495000000000E+00   8.017250E-12   4.838352E-12   7.651246E+01   2.489792E-14   2.557243E-14   4.043958E-01   1.200000E+02   9.205810E+00
  5.500000000000E+00   8.041622E-12   4.913181E-12   7.652718E+01   2.502690E-14   2.604297E-14   4.056425E-01   1.200000E+02   9.205810E+00
  5.505000000000E+00   8.066406E-12   5.002887E-12   7.654454E+01   2.515860E-14   2.666660E-14   4.080010E-01   1.200000E+02   9.205810E+00
  5.510000000000E+00   8.091678E-12   5.109024E-12   7.656468E+01   2.529384E-14   2.746371E-14   4.115756E-01   1.200000E+02   9.205810E+00
  5.515000000000E+00   8.117524E-12   5.232925E-12   7.658765E+01   2.543354E-14   2.845380E-14   4.164420E-01   1.200000E+02   9.205810E+00
  5.520000000000E+00   8.144038E-12   5.376033E-12   7.661352E+01   2.557871E-14   2.965423E-14   4.226007E-01   1.200000E+02   9.205810E+00
  5.525000000000E+00   8.171317E-12   5.539125E-12   7.664217E+01   2.573045E-14   3.108191E-14   4.300652E-01   1.200000E+02   9.205810E+00
  5.530000000000E+00   8.199463E-12   5.722867E-12   7.667345E+01   2.588991E-14   3.274941E-14   4.387679E-01   1.200000E+02   9.205810E+00
  5.535000000000E+00   8.228580E-12   5.927703E-12   7.670716E+01   2.605834E-14   3.466888E-14   4.486310E-01   1.200000E+02   9.205810E+00
  5.540000000000E+00   8.258774E-12   6.153522E-12   7.674298E+01   2.623702E-14   3.684770E-14   4.595420E-01   1.200000E+02   9.205810E+00
  5.545000000000E+00   8.290148E-12   6.399659E-12   7.678057E+01   2.642724E-14   3.928845E-14   4.713673E-01   1.200000E+02   9.205810E+00
  5.550000000000E+00   8.322802E-12   6.665224E-12   7.681952E+01   2.663032E-14   4.198811E-14   4.839308E-01   1.200000E+02   9.205810E+00
  5.555000000000E+00   8.356829E-12   6.948553E-12   7.685940E+01   2.684752E-14   4.493758E-14   4.970640E-01   1.200000E+02   9.205810E+00
  5.560000000000E+00   8.392312E-12   7.247536E-12   7.689976E+01   2.708007E-14   4.811993E-14   5.105750E-01   1.200000E+02   9.205810E+00
  5.565000000000E+00   8.429325E-12   7.559509E-12   7.694013E+01   2.732905E-14   5.151001E-14   5.242652E-01   1.200000E+02   9.205810E+00
  5.570000000000E+00   8.467924E-12   7.881584E-12   7.698009E+01   2.759545E-14   5.507487E-14   5.379208E-01   1.200000E+02   9.205810E+00
  5.575000000000E+00   8.508150E-12   8.209766E-12   7.701916E+01   2.788002E-14   5.877417E-14   5.513844E-01   1.200000E+02   9.205810E+00
  5.580000000000E+00   8.550025E-12   8.540169E-12   7.705695E+01   2.818332E-14   6.255933E-14   5.644656E-01   1.200000E+02   9.205810E+00
  5.585000000000E+00   8.593549E-12   8.868906E-12   7.709312E+01   2.850566E-14   6.637919E-14   5.770023E-01   1.200000E+02   9.205810E+00
  5.590000000000E+00   8.638704E-12   9.191647E-12   7.712734E+01   2.884708E-14   7.017824E-14   5.888674E-01   1.200000E+02   9.205810E+00
  5.595000000000E+00   8.685450E-12   9.504619E-12   7.715940E+01   2.920733E-14   7.390356E-14   5.999561E-01   1.200000E+02   9.205810E+00
  5.600000000000E+00   8.733729E-12   9.804269E-12   7.718912E+01   2.958592E-14   7.750571E-14   6.102034E-01   1.200000E+02   9.205810E+00
  5.605000000000E+00   8.783467E-12   1.008782E-11   7.721642E+01   2.998211E-14   8.093960E-14   6.195458E-01   1.200000E+02   9.205810E+00
  5.610000000000E+00   8.834577E-12   1.035305E-11   7.724127E+01   3.039499E-14   8.417399E-14   6.279989E-01   1.200000E+02   9.205810E+00
  5.615000000000E+00   8.886966E-12   1.059874E-11   7.726372E+01   3.082350E-14   8.718807E-14   6.355918E-01   1.200000E+02   9.205810E+00
  5.620000000000E+00   8.940533E-12   1.082479E-11   7.728393E+01   3.126651E-14   8.997664E-14   6.423913E-01   1.200000E+02   9.205810E+00
  5.625000000000E+00   8.995183E-12   1.103184E-11   7.730207E+01   3.172291E-14   9.254663E-14   6.484906E-01   1.200000E+02   9.205810E+00
  5.630000000000E+00   9.050824E-12   1.122169E-11   7.731840E+01   3.219167E-14   9.492233E-14   6.540230E-01   1.200000E+02   9.205810E+00
  5.635000000000E+00   9.107376E-12   1.139688E-11   7.733323E+01   3.267189E-14   9.714105E-14   6.591478E-01   1.200000E+02   9.205810E+00
  5.640000000000E+00   9.164775E-12   1.156097E-11   7.734691E+01   3.316291E-14   9.925307E-14   6.640374E-01   1.200000E+02   9.205810E+00
  5.645000000000E+00   9.222975E-12   1.171796E-11   7.735982E+01   3.366434E-14   1.013165E-13   6.688731E-01   1.200000E+02   9.205810E+00
  5.650000000000E+00   9.281950E-12   1.187217E-11   7.737233E+01   3.417611E-14   1.034017E-13   6.738808E-01   1.200000E+02   9.205810E+00
  5.655000000000E+00   9.341699E-12   1.202805E-11   7.738481E+01   3.469851E-14   1.055805E-13   6.792729E-01   1.200000E+02   9.205810E+00
  5.660000000000E+00   9.402242E-12   1.219069E-11   7.739765E+01   3.523219E-14   1.079293E-13   6.852337E-01   1.200000E+02   9.205810E+00
  5.665000000000E+00   9.463624E-12   1.236466E-11   7.741119E+01   3.577819E-14   1.105253E-13   6.919634E-01   1.200000E+02   9.205810E+00
  5.670000000000E+00   9.525913E-12   1.255429E-11   7.742574E+01   3.633797E-14   1.134492E-13   6.996721E-01   1.200000E+02   9.205810E+00
  5.675000000000E+00   9.589198E-12   1.276368E-11   7.744154E+01   3.691333E-14   1.167738E-13   7.085058E-01   1.200000E+02   9.205810E+00
  5.680000000000E+00   9.653587E-12   1.299649E-11   7.745880E+01   3.750647E-14   1.205737E-13   7.186164E-01   1.200000E+02   9.205810E+00
  5.685000000000E+00   9.719205E-12   1.325584E-11   7.747766E+01   3.811993E-14   1.249174E-13   7.301167E-01   1.200000E+02   9.205810E+00
  5.690000000000E+00   9.786192E-12   1.354417E-11   7.749820E+01   3.875661E-14   1.298666E-13   7.430822E-01   1.200000E+02   9.205810E+00
  5.695000000000E+00   9.854696E-12   1.386291E-11   7.752039E+01   3.941966E-14   1.354758E-13   7.575710E-01   1.200000E+02   9.205810E+00
  5.700000000000E+00   9.924872E-12   1.421319E-11   7.754419E+01   4.011251E-14   1.417954E-13   7.736064E-01   1.200000E+02   9.205810E+00
  5.705000000000E+00   9.996878E-12   1.459477E-11   7.756945E+01   4.083880E-14   1.488584E-13   7.911643E-01   1.200000E+02   9.205810E+00
  5.710000000000E+00   1.007087E-11   1.500666E-11   7.759598E+01   4.160232E-14   1.566906E-13   8.102110E-01   1.200000E+02   9.205810E+00
  5.715000000000E+00   1.014699E-11   1.544675E-11   7.762351E+01   4.240694E-14   1.653001E-13   8.306710E-01   1.200000E+02   9.205810E+00
  5.720000000000E+00   1.022538E-11   1.591227E-11   7.765179E+01   4.325655E-14   1.746788E-13   8.524317E-01   1.200000E+02   9.205810E+00
  5.725000000000E+00   1.030615E-11   1.639877E-11   7.768045E+01   4.415493E-14   1.848036E-13   8.754085E-01   1.200000E+02   9.205810E+00
  5.730000000000E+00   1.038939E-11   1.690137E-11   7.770916E+01   4.510571E-14   1.956265E-13   8.994520E-01   1.200000E+02   9.205810E+00
  5.735000000000E+00   1.047518E-11   1.741418E-11   7.773757E+01   4.611221E-14   2.070843E-13   9.244324E-01   1.200000E+02   9.205810E+00
  5.740000000000E+00   1.056354E-11   1.793066E-11   7.776532E+01   4.717743E-14   2.190921E-13   9.502032E-01   1.200000E+02   9.205810E+00
  5.745000000000E+00   1.065448E-11   1.844369E-11   7.779208E+01   4.830385E-14   2.315492E-13   9.766315E-01   1.200000E+02   9.205810E+00
  5.750000000000E+00   1.074796E-11   1.894618E-11   7.781755E+01   4.949347E-14   2.443462E-13   1.003602E+00   1.200000E+02   9.205810E+00
  5.755000000000E+00   1.084391E-11   1.943101E-11   7.784145E+01   5.074766E-14   2.573584E-13   1.030988E+00   1.200000E+02   9.205810E+00
  5.760000000000E+00   1.094223E-11   1.989153E-11   7.786357E+01   5.206721E-14   2.704677E-13   1.058721E+00   1.200000E+02   9.205810E+00
  5.765000000000E+00   1.104278E-11   2.032230E-11   7.788376E+01   5.345231E-14   2.835579E-13   1.086715E+00   1.200000E+02   9.205810E+00
  5.770000000000E+00   1.114540E-11   2.071832E-11   7.790190E+01   5.490261E-14   2.965284E-13   1.114962E+00   1.200000E+02   9.205810E+00
  5.775000000000E+00   1.124990E-11   2.107681E-11   7.791796E+01   5.641728E-14   3.092960E-13   1.143423E+00   1.200000E+02   9.205810E+00
  5.780000000000E+00   1.135610E-11   2.139600E-11   7.793197E+01   5.799516E-14   3.218068E-13   1.172137E+00   1.200000E+02   9.205810E+00
  5.785000000000E+00   1.146380E-11   2.167588E-11   7.794401E+01   5.963488E-14   3.340314E-13   1.201139E+00   1.200000E+02   9.205810E+00
  5.790000000000E+00   1.157280E-11   2.191824E-11   7.795423E+01   6.133503E-14   3.459819E-13   1.230516E+00   1.200000E+02   9.205810E+00
  5.795000000000E+00   1.168292E-11   2.212619E-11   7.796283E+01   6.309433E-14   3.577000E-13   1.260375E+00   1.200000E+02   9.205810E+00
  5.800000000000E+00   1.179401E-11   2.230449E-11   7.797004E+01   6.491177E-14   3.692567E-13   1.290815E+00   1.200000E+02   9.205810E+00
  5.805000000000E+00   1.190593E-11   2.245892E-11   7.797615E+01   6.678681E-14   3.807614E-13   1.321983E+00   1.200000E+02   9.205810E+00
  5.810000000000E+00   1.201857E-11   2.259559E-11   7.798143E+01   6.871950E-14   3.923372E-13   1.354026E+00   1.200000E+02   9.205810E+00
  5.815000000000E+00   1.213187E-11   2.272194E-11   7.798622E+01   7.071055E-14   4.041351E-13   1.387072E+00   1.200000E+02   9.205810E+00
  5.820000000000E+00   1.224579E-11   2.284462E-11   7.799078E+01   7.276147E-14   4.163163E-13   1.421290E+00   1.200000E+02   9.205810E+00
  5.825000000000E+00   1.236032E-11   2.297096E-11   7.799543E+01   7.487459E-14   4.290474E-13   1.456784E+00   1.200000E+02   9.205810E+00
  5.830000000000E+00   1.247551E-11   2.310740E-11   7.800042E+01   7.705310E-14   4.424985E-13   1.493680E+00   1.200000E+02   9.205810E+00
  5.835000000000E+00   1.259142E-11   2.325984E-11   7.800600E+01   7.930099E-14   4.568308E-13   1.532063E+00   1.200000E+02   9.205810E+00
  5.840000000000E+00   1.270814E-11   2.343326E-11   7.801235E+01   8.162307E-14   4.721987E-13   1.572011E+00   1.200000E+02   9.205810E+00
  5.845000000000E+00   1.282579E-11   2.363187E-11   7.801961E+01   8.402484E-14   4.887323E-13   1.613529E+00   1.200000E+02   9.205810E+00
  5.850000000000E+00   1.294451E-11   2.385858E-11   7.802789E+01   8.651246E-14   5.065497E-13   1.656637E+00   1.200000E+02   9.205810E+00
  5.855000000000E+00   1.306443E-11   2.411527E-11   7.803722E+01   8.909253E-14   5.257322E-13   1.701274E+00   1.200000E+02   9.205810E+00
  5.860000000000E+00   1.318571E-11   2.440226E-11   7.804757E+01   9.177205E-14   5.463321E-13   1.747375E+00   1.200000E+02   9.205810E+00
  5.865000000000E+00   1.330850E-11   2.471889E-11   7.805889E+01   9.455815E-14   5.683665E-13   1.794824E+00   1.200000E+02   9.205810E+00
  5.870000000000E+00   1.343294E-11   2.506351E-11   7.807106E+01   9.745798E-14   5.918165E-13   1.843467E+00   1.200000E+02   9.205810E+00
  5.875000000000E+00   1.355917E-11   2.543288E-11   7.808394E+01   1.004785E-13   6.166161E-13   1.893133E+00   1.200000E+02   9.205810E+00
  5.880000000000E+00   1.368730E-11   2.582323E-11   7.809734E+01   1.036261E-13   6.426613E-13   1.943604E+00   1.200000E+02   9.205810E+00
  5.885000000000E+00   1.381743E-11   2.622969E-11   7.811107E+01   1.069069E-13   6.698080E-13   1.994664E+00   1.200000E+02   9.205810E+00
  5.890000000000E+00   1.394962E-11   2.664735E-11   7.812492E+01   1.103257E-13   6.978775E-13   2.046043E+00   1.200000E+02   9.205810E+00
  5.895000000000E+00   1.408391E-11   2.707035E-11   7.813870E+01   1.138868E-13   7.266583E-13   2.097503E+00   1.200000E+02   9.205810E+00
  5.900000000000E+00   1.422032E-11   2.749334E-11   7.815221E+01   1.175931E-13   7.559231E-13   2.148777E+00   1.200000E+02   9.205810E+00
  5.905000000000E+00   1.435884E-11   2.791134E-11   7.816531E+01   1.214464E-13   7.854412E-13   2.199617E+00   1.200000E+02   9.205810E+00
  5.910000000000E+00   1.449942E-11   2.832035E-11   7.817787E+01   1.254475E-13   8.149800E-13   2.249740E+00   1.200000E+02   9.205810E+00
  5.915000000000E+00   1.464202E-11   2.871725E-11   7.818982E+01   1.295959E-13   8.443454E-13   2.298939E+00   1.200000E+02   9.205810E+00
  5.920000000000E+00   1.478657E-11   2.910039E-11   7.820114E+01   1.338904E-13   8.733569E-13   2.346962E+00   1.200000E+02   9.205810E+00
  5.925000000000E+00   1.493301E-11   2.947009E-11   7.821187E+01   1.383288E-13   9.019174E-13   2.393635E+00   1.200000E+02   9.205810E+00
  5.930000000000E+00   1.508126E-11   2.982847E-11   7.822210E+01   1.429087E-13   9.299714E-13   2.438754E+00   1.200000E+02   9.205810E+00
  5.935000000000E+00   1.523128E-11   3.017953E-11   7.823199E+01   1.476277E-13   9.575500E-13   2.482181E+00   1.200000E+02   9.205810E+00
  5.940000000000E+00   1.538305E-11   3.052925E-11   7.824174E+01   1.524836E-13   9.847644E-13   2.523799E+00   1.200000E+02   9.205810E+00
  5.945000000000E+00   1.553658E-11   3.088585E-11   7.825162E+01   1.574751E-13   1.011805E-12   2.563485E+00   1.200000E+02   9.205810E+00
  5.950000000000E+00   1.569193E-11   3.125911E-11   7.826193E+01   1.626019E-13   1.038947E-12   2.601161E+00   1.200000E+02   9.205810E+00
  5.955000000000E+00   1.584922E-11   3.166034E-11   7.827301E+01   1.678653E-13   1.066536E-12   2.636768E+00   1.200000E+02   9.205810E+00
  5.960000000000E+00   1.600860E-11   3.210232E-11   7.828520E+01   1.732686E-13   1.094996E-12   2.670273E+00   1.200000E+02   9.205810E+00
  5.965000000000E+00   1.617033E-11   3.259881E-11   7.829888E+01   1.788174E-13   1.124798E-12   2.701646E+00   1.200000E+02   9.205810E+00
  5.970000000000E+00   1.633470E-11   3.316458E-11   7.831441E+01   1.845196E-13   1.156474E-12   2.730883E+00   1.200000E+02   9.205810E+00
  5.975000000000E+00   1.650211E-11   3.381528E-11   7.833213E+01   1.903860E-13   1.190582E-12   2.757950E+00   1.200000E+02   9.205810E+00
  5.980000000000E+00   1.667302E-11   3.456690E-11   7.835238E+01   1.964303E-13   1.227719E-12   2.782856E+00   1.200000E+02   9.205810E+00
  5.985000000000E+00   1.684797E-11   3.543599E-11   7.837543E+01   2.026690E-13   1.268489E-12   2.805576E+00   1.200000E+02   9.205810E+00
  5.990000000000E+00   1.702759E-11   3.643919E-11   7.840152E+01   2.091220E-13   1.313508E-12   2.826107E+00   1.200000E+02   9.205810E+00
  5.995000000000E+00   1.721260E-11   3.759382E-11   7.843084E+01   2.158119E-13   1.363385E-12   2.844389E+00   1.200000E+02   9.205810E+00
  6.000000000000E+00   1.740380E-11   3.891687E-11   7.846349E+01   2.227646E-13   1.418723E-12   2.860403E+00   1.200000E+02   9.205810E+00
  6.005000000000E+00   1.760207E-11   4.042544E-11   7.849953E+01   2.300088E-13   1.480090E-12   2.874091E+00   1.200000E+02   9.205810E+00
  6.010000000000E+00   1.780838E-11   4.213696E-11   7.853895E+01   2.375760E-13   1.548033E-12   2.885373E+00   1.200000E+02   9.205810E+00
  6.015000000000E+00   1.802379E-11   4.406808E-11   7.858168E+01   2.455004E-13   1.623045E-12   2.894195E+00   1.200000E+02   9.205810E+00
  6.020000000000E+00   1.824944E-11   4.623568E-11   7.862758E+01   2.538185E-13   1.705559E-12   2.900444E+00   1.200000E+02   9.205810E+00
  6.025000000000E+00   1.848655E-11   4.865608E-11   7.867646E+01   2.625686E-13   1.795952E-12   2.904039E+00   1.200000E+02   9.205810E+00
  6.030000000000E+00   1.873643E-11   5.134504E-11   7.872810E+01   2.717911E-13   1.894516E-12   2.904889E+00   1.200000E+02   9.205810E+00
  6.035000000000E+00   1.900045E-11   5.431788E-11   7.878225E+01   2.815272E-13   2.001455E-12   2.902895E+00   1.200000E+02   9.205810E+00
  6.040000000000E+00   1.928008E-11   5.758927E-11   7.883861E+01   2.918192E-13   2.116897E-12   2.897991E+00   1.200000E+02   9.205810E+00
  6.045000000000E+00   1.957685E-11   6.117362E-11   7.889689E+01   3.027098E-13   2.240878E-12   2.890107E+00   1.200000E+02   9.205810E+00
  6.050000000000E+00   1.989234E-11   6.508538E-11   7.895683E+01   3.142417E-13   2.373383E-12   2.879215E+00   1.200000E+02   9.205810E+00
  6.055000000000E+00   2.022825E-11   6.933942E-11   7.901815E+01   3.264572E-13   2.514336E-12   2.865299E+00   1.200000E+02   9.205810E+00
  6.060000000000E+00   2.058631E-11   7.395196E-11   7.908062E+01   3.393984E-13   2.663675E-12   2.848404E+00   1.200000E+02   9.205810E+00
  6.065000000000E+00   2.096837E-11   7.894185E-11   7.914405E+01   3.531073E-13   2.821368E-12   2.828594E+00   1.200000E+02   9.205810E+00
  6.070000000000E+00   2.137637E-11   8.433154E-11   7.920828E+01   3.676256E-13   2.987492E-12   2.805998E+00   1.200000E+02   9.205810E+00
  6.075000000000E+00   2.181237E-11   9.014989E-11   7.927325E+01   3.829961E-13   3.162307E-12   2.780773E+00   1.200000E+02   9.205810E+00
  6.080000000000E+00   2.227861E-11   9.643331E-11   7.933892E+01   3.992634E-13   3.346341E-12   2.753147E+00   1.200000E+02   9.205810E+00
  6.085000000000E+00   2.277752E-11   1.032291E-10   7.940535E+01   4.164756E-13   3.540484E-12   2.723393E+00   1.200000E+02   9.205810E+00
  6.090000000000E+00   2.331182E-11   1.105982E-10   7.947264E+01   4.346865E-13   3.746097E-12   2.691836E+00   1.200000E+02   9.205810E+00
  6.095000000000E+00   2.388455E-11   1.186193E-10   7.954099E+01   4.539580E-13   3.965116E-12   2.658835E+00   1.200000E+02   9.205810E+00
  6.100000000000E+00   2.449921E-11   1.273920E-10   7.961064E+01   4.743633E-13   4.200189E-12   2.624810E+00   1.200000E+02   9.205810E+00
  6.105000000000E+00   2.515987E-11   1.370423E-10   7.968190E+01   4.959911E-13   4.454808E-12   2.590205E+00   1.200000E+02   9.205810E+00
  6.110000000000E+00   2.587129E-11   1.477277E-10   7.975512E+01   5.189498E-13   4.733460E-12   2.555497E+00   1.200000E+02   9.205810E+00
  6.115000000000E+00   2.663911E-11   1.596443E-10   7.983071E+01   5.433732E-13   5.041828E-12   2.521184E+00   1.200000E+02   9.205810E+00
  6.120000000000E+00   2.747008E-11   1.730340E-10   7.990910E+01   5.694269E-13   5.387003E-12   2.487780E+00   1.200000E+02   9.205810E+00
  6.125000000000E+00   2.837228E-11   1.881956E-10   7.999075E+01   5.973161E-13   5.777798E-12   2.455799E+00   1.200000E+02   9.205810E+00
  6.130000000000E+00   2.935546E-11   2.054960E-10   8.007612E+01   6.272951E-13   6.225090E-12   2.425746E+00   1.200000E+02   9.205810E+00
  6.135000000000E+00   3.043138E-11   2.253869E-10   8.016567E+01   6.596788E-13   6.742353E-12   2.398122E+00   1.200000E+02   9.205810E+00
  6.140000000000E+00   3.161435E-11   2.484246E-10   8.025987E+01   6.948570E-13   7.346259E-12   2.373395E+00   1.200000E+02   9.205810E+00
  6.145000000000E+00   3.292175E-11   2.752958E-10   8.035913E+01   7.333129E-13   8.057530E-12   2.352002E+00   1.200000E+02   9.205810E+00
  6.150000000000E+00   3.437479E-11   3.068499E-10   8.046385E+01   7.756451E-13   8.902039E-12   2.334341E+00   1.200000E+02   9.205810E+00
  6.155000000000E+00   3.599942E-11   3.441423E-10   8.057440E+01   8.225978E-13   9.912245E-12   2.320764E+00   1.200000E+02   9.205810E+00
  6.160000000000E+00   3.782748E-11   3.884884E-10   8.069106E+01   8.750975E-13   1.112909E-11   2.311570E+00   1.200000E+02   9.205810E+00
  6.165000000000E+00   3.989819E-11   4.415337E-10   8.081411E+01   9.343015E-13   1.260446E-11   2.306999E+00   1.200000E+02   9.205810E+00
  6.170000000000E+00   4.226001E-11   5.053440E-10   8.094374E+01   1.001660E-12   1.440441E-11   2.307234E+00   1.200000E+02   9.205810E+00
  6.175000000000E+00   4.497298E-11   5.825220E-10   8.108009E+01   1.078999E-12   1.661345E-11   2.312394E+00   1.200000E+02   9.205810E+00
  6.180000000000E+00   4.811183E-11   6.763575E-10   8.122325E+01   1.168621E-12   1.934008E-11   2.322535E+00   1.200000E+02   9.205810E+00
  6.185000000000E+00   5.176981E-11   7.910217E-10   8.137322E+01   1.273449E-12   2.272408E-11   2.337649E+00   1.200000E+02   9.205810E+00
  6.190000000000E+00   5.606377E-11   9.318202E-10   8.152997E+01   1.397200E-12   2.694617E-11   2.357666E+00   1.200000E+02   9.205810E+00
  6.195000000000E+00   6.114054E-11   1.105520E-09   8.169342E+01   1.544622E-12   3.224067E-11   2.382454E+00   1.200000E+02   9.205810E+00
  6.200000000000E+00   6.718532E-11   1.320779E-09   8.186343E+01   1.721804E-12   3.891219E-11   2.411822E+00   1.200000E+02   9.205810E+00
  6.205000000000E+00   7.443242E-11   1.588709E-09   8.203983E+01   1.936575E-12   4.735779E-11   2.445524E+00   1.200000E+02   9.205810E+00
  6.210000000000E+00   8.317931E-11   1.923613E-09   8.222243E+01   2.199041E-12   5.809642E-11   2.483258E+00   1.200000E+02   9.205810E+00
  6.215000000000E+00   9.380496E-11   2.343983E-09   8.241101E+01   2.522284E-12   7.180822E-11   2.524672E+00   1.200000E+02   9.205810E+00
  6.220000000000E+00   1.067939E-10   2.873823E-09   8.260538E+01   2.923294E-12   8.938760E-11   2.569364E+00   1.200000E+02   9.205810E+00
  6.225000000000E+00   1.227679E-10   3.544470E-09   8.280536E+01   3.424214E-12   1.120156E-10   2.616891E+00   1.200000E+02   9.205810E+00
  6.230000000000E+00   1.425289E-10   4.397109E-09   8.301082E+01   4.054005E-12   1.412599E-10   2.666775E+00   1.200000E+02   9.205810E+00
  6.235000000000E+00   1.671164E-10   5.486329E-09   8.322174E+01   4.850707E-12   1.792152E-10   2.718503E+00   1.200000E+02   9.205810E+00
  6.240000000000E+00   1.978862E-10   6.885226E-09   8.343816E+01   5.864550E-12   2.287043E-10   2.771537E+00   1.200000E+02   9.205810E+00
  6.245000000000E+00   2.366204E-10   8.692869E-09   8.366030E+01   7.162264E-12   2.935691E-10   2.825313E+00   1.200000E+02   9.205810E+00
  6.250000000000E+00   2.856835E-10   1.104544E-08   8.388855E+01   8.833186E-12   3.791035E-10   2.879237E+00   1.200000E+02   9.205810E+00
  6.255000000000E+00   3.482465E-10   1.413329E-08   8.412352E+01   1.099803E-11   4.927105E-10   2.932688E+00   1.200000E+02   9.205810E+00
  6.260000000000E+00   4.286198E-10   1.822783E-08   8.436609E+01   1.382179E-11   6.449355E-10   2.985033E+00   1.200000E+02   9.205810E+00
  6.265000000000E+00   5.327572E-10   2.372485E-08   8.461749E+01   1.753329E-11   8.511284E-10   3.035650E+00   1.200000E+02   9.205810E+00
  6.270000000000E+00   6.690400E-10   3.121584E-08   8.487936E+01   2.245532E-11   1.134166E-09   3.083925E+00   1.200000E+02   9.205810E+00
  6.275000000000E+00   8.495270E-10   4.160816E-08   8.515378E+01   2.905267E-11   1.529012E-09   3.129222E+00   1.200000E+02   9.205810E+00
  6.280000000000E+00   1.092001E-09   5.633280E-08   8.544332E+01   3.801012E-11   2.090510E-09   3.170801E+00   1.200000E+02   9.205810E+00
  6.285000000000E+00   1.423409E-09   7.771024E-08   8.575101E+01   5.036226E-11   2.906909E-09   3.207691E+00   1.200000E+02   9.205810E+00
  6.290000000000E+00   1.885779E-09   1.096109E-07   8.608028E+01   6.771413E-11   4.123832E-09   3.238550E+00   1.200000E+02   9.205810E+00
  6.295000000000E+00   2.546748E-09   1.587316E-07   8.643513E+01   9.262769E-11   5.990059E-09   3.261806E+00   1.200000E+02   9.205810E+00
  6.300000000000E+00   3.520040E-09   2.377061E-07   8.682247E+01   1.293717E-10   8.974080E-09   3.277795E+00   1.200000E+02   9.205810E+00
  6.305000000000E+00   5.013773E-09   3.742699E-07   8.725796E+01   1.857544E-10   1.412841E-08   3.293924E+00   1.200000E+02   9.205810E+00
  6.310000000000E+00   7.458022E-09   6.367179E-07   8.776723E+01   2.781545E-10   2.412540E-08   3.325522E+00   1.200000E+02   9.205810E+00
  6.315000000000E+00   1.186308E-08   1.213584E-06   8.838439E+01   4.460427E-10   4.656465E-08   3.391268E+00   1.200000E+02   9.205810E+00
  6.320000000000E+00   2.101033E-08   2.730950E-06   8.915911E+01   8.015305E-10   1.074517E-07   3.508046E+00   1.200000E+02   9.205810E+00
  6.325000000000E+00   4.438677E-08   7.796786E-06   9.015990E+01   1.740793E-09   3.188394E-07   3.686971E+00   1.200000E+02   9.205809E+00
  6.330000000000E+00   1.241101E-07   3.056661E-05   9.146246E+01   5.095985E-09   1.313609E-06   3.930627E+00   1.200000E+02   9.205807E+00
  6.335000000000E+00   5.169742E-07   1.763991E-04   9.313369E+01   2.256256E-08   8.010862E-06   4.229507E+00   1.200000E+02   9.205799E+00
  6.340000000000E+00   3.459517E-06   1.531850E-03   9.519550E+01   1.609005E-07   7.336163E-05   4.558994E+00   1.200000E+02   9.205735E+00
  6.345000000000E+00   3.307729E-05   1.540273E-02   9.739653E+01   1.621668E-06   7.704946E-04   4.872090E+00   1.200000E+02   9.205091E+00
  6.350000000000E+00   2.560862E-04   9.184260E-02   9.908520E+01   1.299388E-05   4.728239E-03   5.101103E+00   1.200000E+02   9.200242E+00
  6.355000000000E+00   1.166506E-03   3.013512E-01   1.001558E+02   6.025111E-05   1.569205E-02   5.215342E+00   1.200000E+02   9.180446E+00
  6.360000000000E+00   3.554042E-03   6.873680E-01   1.007761E+02   1.843315E-04   3.556691E-02   5.214521E+00   1.200000E+02   9.128531E+00
  6.365000000000E+00   8.340924E-03   1.260306E+00   1.010187E+02   4.293098E-04   6.373018E-02   5.108234E+00   1.200000E+02   9.024450E+00
  6.370000000000E+00   1.643035E-02   2.003214E+00   1.008900E+02   8.306532E-04   9.748030E-02   4.909503E+00   1.200000E+02   8.848574E+00
  6.375000000000E+00   2.858489E-02   2.877969E+00   1.003742E+02   1.406647E-03   1.327978E-01   4.631556E+00   1.200000E+02   8.584345E+00
  6.380000000000E+00   4.533781E-02   3.832348E+00   9.945601E+01   2.153970E-03   1.652169E-01   4.287663E+00   1.200000E+02   8.220198E+00
  6.385000000000E+00   6.694263E-02   4.808263E+00   9.813205E+01   3.047574E-03   1.906488E-01   3.890960E+00   1.200000E+02   7.750654E+00
  6.390000000000E+00   9.336603E-02   5.750582E+00   9.641514E+01   4.044265E-03   2.060130E-01   3.454046E+00   1.200000E+02   7.176469E+00
  6.395000000000E+00   1.243220E-01   6.614459E+00   9.433377E+01   5.088755E-03   2.095891E-01   2.989108E+00   1.200000E+02   6.503885E+00
  6.400000000000E+00   1.593357E-01   7.369629E+00   9.192849E+01   6.120713E-03   2.010560E-01   2.507966E+00   1.200000E+02   5.743241E+00
  6.405000000000E+00   1.978198E-01   8.001267E+00   8.924692E+01   7.081181E-03   1.812217E-01   2.021365E+00   1.200000E+02   4.907309E+00
  6.410000000000E+00   2.391482E-01   8.508131E+00   8.633869E+01   7.917509E-03   1.517825E-01   1.540256E+00   1.200000E+02   4.009691E+00
  6.415000000000E+00   2.827149E-01   8.898716E+00   8.325128E+01   8.587662E-03   1.152812E-01   1.078504E+00   1.200000E+02   3.063540E+00
  6.420000000000E+00   3.279690E-01   9.185259E+00   8.002752E+01   9.064236E-03   7.499709E-02   6.534200E-01   1.200000E+02   2.080810E+00
  6.425000000000E+00   3.744174E-01   9.377851E+00   7.670544E+01   9.337662E-03   3.474479E-02   2.841925E-01   1.200000E+02   1.072248E+00
  6.430000000000E+00   4.216060E-01   9.481803E+00   7.332143E+01   9.418415E-03  -1.284631E-03  -9.933866E-03   1.200000E+02   4.830497E-02
  6.435000000000E+00   4.690947E-01   9.497547E+00   6.992972E+01   9.338932E-03  -2.847583E-02  -2.096654E-01   1.200000E+02  -9.750008E-01
  6.440000000000E+00   5.164300E-01   9.417491E+00   6.676721E+01   9.155635E-03  -4.195970E-02  -2.974817E-01   1.200000E+02  -1.926239E+00
  6.445000000000E+00   5.630493E-01   9.196237E+00   6.481177E+01   8.947924E-03  -3.767148E-02  -2.654950E-01   1.200000E+02  -2.509138E+00
  6.450000000000E+00   6.080039E-01   8.736354E+00   6.435582E+01   8.809743E-03  -1.434925E-02  -1.057029E-01   1.200000E+02  -2.631932E+00
  6.455000000000E+00   6.499856E-01   8.012775E+00   6.431578E+01   8.828400E-03   2.372615E-02   1.904416E-01   1.200000E+02  -2.618918E+00
  6.460000000000E+00   6.878082E-01   7.088212E+00   6.433408E+01   9.054903E-03   6.663294E-02   6.047744E-01   1.200000E+02  -2.577142E+00
  6.465000000000E+00   7.207017E-01   6.060274E+00   6.436368E+01   9.482460E-03   1.019804E-01   1.083092E+00   1.200000E+02  -2.520988E+00
  6.470000000000E+00   7.484190E-01   5.037123E+00   6.439808E+01   1.004676E-02   1.201594E-01   1.536201E+00   1.200000E+02  -2.454337E+00
  6.475000000000E+00   7.712443E-01   4.120257E+00   6.443922E+01   1.065239E-02   1.188728E-01   1.859125E+00   1.200000E+02  -2.381235E+00
  6.480000000000E+00   7.899211E-01   3.389277E+00   6.449389E+01   1.121306E-02   1.037157E-01   1.973586E+00   1.200000E+02  -2.307200E+00
  6.485000000001E+00   8.055101E-01   2.889859E+00   6.456968E+01   1.168221E-02   8.385460E-02   1.873609E+00   1.200000E+02  -2.239081E+00
  6.490000000001E+00   8.192029E-01   2.628576E+00   6.466799E+01   1.205496E-02   6.586530E-02   1.620412E+00   1.200000E+02  -2.184039E+00
  6.495000000001E+00   8.321329E-01   2.577022E+00   6.477636E+01   1.234619E-02   5.106474E-02   1.283570E+00   1.200000E+02  -2.147872E+00
  6.500000000001E+00   8.452249E-01   2.682416E+00   6.486966E+01   1.256716E-02   3.721176E-02   8.999030E-01   1.200000E+02  -2.133264E+00
  6.505000000001E+00   8.591060E-01   2.881031E+00   6.492462E+01   1.271504E-02   2.137206E-02   4.816239E-01   1.200000E+02  -2.138691E+00
  6.510000000001E+00   8.740859E-01   3.111902E+00   6.493396E+01   1.277487E-02   1.850619E-03   3.861562E-02   1.200000E+02  -2.158721E+00
  6.515000000001E+00   8.902003E-01   3.328168E+00   6.490721E+01   1.272787E-02  -2.115226E-02  -4.125194E-01   1.200000E+02  -2.185856E+00
  6.520000000001E+00   9.073018E-01   3.504208E+00   6.486193E+01   1.256069E-02  -4.577939E-02  -8.473639E-01   1.200000E+02  -2.213179E+00
  6.525000000001E+00   9.251728E-01   3.637473E+00   6.481445E+01   1.227188E-02  -6.928331E-02  -1.234527E+00   1.200000E+02  -2.236458E+00
  6.530000000001E+00   9.436344E-01   3.744850E+00   6.477522E+01   1.187404E-02  -8.895377E-02  -1.538646E+00   1.200000E+02  -2.254778E+00
  6.535000000001E+00   9.626249E-01   3.854524E+00   6.474831E+01   1.139171E-02  -1.028069E-01  -1.726950E+00   1.200000E+02  -2.269837E+00
  6.540000000001E+00   9.822302E-01   3.995431E+00   6.473239E+01   1.085706E-02  -1.097510E-01  -1.778142E+00   1.200000E+02  -2.284621E+00
  6.545000000001E+00   1.002661E+00   4.186942E+00   6.472206E+01   1.030610E-02  -1.092598E-01  -1.688946E+00   1.200000E+02  -2.302001E+00
  6.550000000001E+00   1.024186E+00   4.431340E+00   6.471019E+01   9.776982E-03  -1.009428E-01  -1.474052E+00   1.200000E+02  -2.323565E+00
  6.555000000001E+00   1.047032E+00   4.710818E+00   6.469120E+01   9.309739E-03  -8.447623E-02  -1.160068E+00   1.200000E+02  -2.348895E+00
  6.560000000001E+00   1.071293E+00   4.989632E+00   6.466367E+01   8.945046E-03  -6.003938E-02  -7.780868E-01   1.200000E+02  -2.375546E+00
  6.565000000001E+00   1.096852E+00   5.220934E+00   6.463046E+01   8.720031E-03  -2.898861E-02  -3.588528E-01   1.200000E+02  -2.399778E+00
  6.570000000001E+00   1.123349E+00   5.356685E+00   6.459673E+01   8.661054E-03   5.685279E-03   6.855928E-02   1.200000E+02  -2.417667E+00
  6.575000000001E+00   1.150203E+00   5.358365E+00   6.456764E+01   8.775528E-03   3.948327E-02   4.757685E-01   1.200000E+02  -2.426022E+00
  6.580000000001E+00   1.176685E+00   5.205924E+00   6.454700E+01   9.046160E-03   6.722783E-02   8.335416E-01   1.200000E+02  -2.422812E+00
  6.585000000001E+00   1.202020E+00   4.902882E+00   6.453715E+01   9.430789E-03   8.441970E-02   1.111226E+00   1.200000E+02  -2.407174E+00
  6.590000000001E+00   1.225515E+00   4.476452E+00   6.453917E+01   9.869472E-03   8.867916E-02   1.278530E+00   1.200000E+02  -2.379301E+00
  6.595000000001E+00   1.246661E+00   3.972793E+00   6.455303E+01   1.029776E-02   8.066874E-02   1.310768E+00   1.200000E+02  -2.340370E+00
  6.600000000001E+00   1.265210E+00   3.448578E+00   6.457788E+01   1.066212E-02   6.394394E-02   1.197410E+00   1.200000E+02  -2.292561E+00
  6.605000000001E+00   1.281205E+00   2.960834E+00   6.461284E+01   1.093138E-02   4.355471E-02   9.504732E-01   1.200000E+02  -2.239088E+00
  6.610000000001E+00   1.294954E+00   2.557249E+00   6.465850E+01   1.109905E-02   2.393870E-02   6.052755E-01   1.200000E+02  -2.184125E+00
  6.615000000001E+00   1.306963E+00   2.268957E+00   6.471731E+01   1.117570E-02   7.307527E-03   2.084322E-01   1.200000E+02  -2.132497E+00
  6.620000000001E+00   1.317847E+00   2.107323E+00   6.479037E+01   1.117673E-02  -6.492266E-03  -1.996069E-01   1.200000E+02  -2.089076E+00
  6.625000000001E+00   1.328229E+00   2.065353E+00   6.487188E+01   1.111303E-02  -1.887693E-02  -5.929165E-01   1.200000E+02  -2.057954E+00
  6.630000000001E+00   1.338661E+00   2.122931E+00   6.494806E+01   1.098791E-02  -3.126404E-02  -9.564788E-01   1.200000E+02  -2.041652E+00
  6.635000000001E+00   1.349576E+00   2.253902E+00   6.500344E+01   1.079920E-02  -4.436437E-02  -1.279486E+00   1.200000E+02  -2.040634E+00
  6.640000000001E+00   1.361276E+00   2.432794E+00   6.502883E+01   1.054331E-02  -5.804060E-02  -1.551431E+00   1.200000E+02  -2.053335E+00
  6.645000000001E+00   1.373948E+00   2.639644E+00   6.502435E+01   1.021914E-02  -7.148694E-02  -1.760992E+00   1.200000E+02  -2.076726E+00
  6.650000000001E+00   1.387697E+00   2.862149E+00   6.499720E+01   9.830698E-03  -8.351691E-02  -1.896604E+00   1.200000E+02  -2.107210E+00
  6.655000000001E+00   1.402586E+00   3.095005E+00   6.495702E+01   9.388326E-03  -9.282574E-02  -1.948198E+00   1.200000E+02  -2.141514E+00
  6.660000000001E+00   1.418662E+00   3.336898E+00   6.491200E+01   8.908800E-03  -9.816624E-02  -1.909608E+00   1.200000E+02  -2.177215E+00
  6.665000000001E+00   1.435967E+00   3.586161E+00   6.486698E+01   8.414770E-03  -9.844950E-02  -1.780768E+00   1.200000E+02  -2.212734E+00
  6.670000000001E+00   1.454525E+00   3.836455E+00   6.482374E+01   7.933757E-03  -9.284034E-02  -1.568703E+00   1.200000E+02  -2.246931E+00
  6.675000000001E+00   1.474311E+00   4.073862E+00   6.478248E+01   7.496496E-03  -8.092640E-02  -1.286890E+00   1.200000E+02  -2.278600E+00
  6.680000000001E+00   1.495209E+00   4.276457E+00   6.474335E+01   7.134203E-03  -6.298109E-02  -9.535012E-01   1.200000E+02  -2.306163E+00
  6.685000000001E+00   1.516976E+00   4.416764E+00   6.470726E+01   6.874427E-03  -4.024028E-02  -5.895353E-01   1.200000E+02  -2.327682E+00
  6.690000000001E+00   1.539231E+00   4.466736E+00   6.467579E+01   6.735805E-03  -1.503272E-02  -2.176652E-01   1.200000E+02  -2.341121E+00
  6.695000000001E+00   1.561463E+00   4.404115E+00   6.465069E+01   6.722890E-03   9.404635E-03   1.380564E-01   1.200000E+02  -2.344669E+00
  6.700000000001E+00   1.583075E+00   4.218608E+00   6.463340E+01   6.822887E-03   2.951103E-02   4.521392E-01   1.200000E+02  -2.336997E+00
  6.705000000001E+00   1.603461E+00   3.916207E+00   6.462475E+01   7.006210E-03   4.230856E-02   6.981705E-01   1.200000E+02  -2.317420E+00
  6.710000000001E+00   1.622086E+00   3.520405E+00   6.462480E+01   7.231840E-03   4.635743E-02   8.509928E-01   1.200000E+02  -2.286011E+00
  6.715000000001E+00   1.638576E+00   3.069755E+00   6.463295E+01   7.456752E-03   4.233909E-02   8.914391E-01   1.200000E+02  -2.243733E+00
  6.720000000001E+00   1.652773E+00   2.612114E+00   6.464855E+01   7.646444E-03   3.286321E-02   8.133485E-01   1.200000E+02  -2.192593E+00
  6.725000000001E+00   1.664765E+00   2.196648E+00   6.467268E+01   7.782229E-03   2.138777E-02   6.296886E-01   1.200000E+02  -2.135772E+00
  6.730000000001E+00   1.674875E+00   1.865252E+00   6.471049E+01   7.861713E-03   1.071276E-02   3.716538E-01   1.200000E+02  -2.077613E+00
  6.735000000001E+00   1.683597E+00   1.645252E+00   6.477105E+01   7.892554E-03   1.973932E-03   7.771069E-02   1.200000E+02  -2.023314E+00
  6.740000000001E+00   1.691521E+00   1.545377E+00   6.486006E+01   7.883931E-03  -5.239578E-03  -2.199071E-01   1.200000E+02  -1.978240E+00
  6.745000000001E+00   1.699229E+00   1.556286E+00   6.496902E+01   7.840885E-03  -1.198897E-02  -5.004936E-01   1.200000E+02  -1.946954E+00
  6.750000000001E+00   1.707225E+00   1.655220E+00   6.507462E+01   7.763380E-03  -1.912620E-02  -7.519423E-01   1.200000E+02  -1.932231E+00
  6.755000000001E+00   1.715875E+00   1.812712E+00   6.515190E+01   7.648587E-03  -2.688577E-02  -9.663194E-01   1.200000E+02  -1.934403E+00
  6.760000000001E+00   1.725398E+00   1.999326E+00   6.518729E+01   7.494127E-03  -3.487687E-02  -1.137148E+00   1.200000E+02  -1.951280E+00
  6.765000000001E+00   1.735876E+00   2.191220E+00   6.518198E+01   7.300724E-03  -4.229749E-02  -1.258219E+00   1.200000E+02  -1.978755E+00
  6.770000000001E+00   1.747295E+00   2.373722E+00   6.514739E+01   7.073553E-03  -4.822270E-02  -1.323484E+00   1.200000E+02  -2.011966E+00
  6.775000000001E+00   1.759591E+00   2.542351E+00   6.509826E+01   6.822174E-03  -5.186146E-02  -1.327941E+00   1.200000E+02  -2.046622E+00
  6.780000000001E+00   1.772702E+00   2.701082E+00   6.504696E+01   6.559423E-03  -5.270979E-02  -1.269347E+00   1.200000E+02  -2.079973E+00
  6.785000000001E+00   1.786599E+00   2.858336E+00   6.500048E+01   6.299865E-03  -5.057396E-02  -1.150086E+00   1.200000E+02  -2.111031E+00
  6.790000000001E+00   1.801295E+00   3.021729E+00   6.496031E+01   6.058394E-03  -4.549942E-02  -9.781342E-01   1.200000E+02  -2.140075E+00
  6.795000000001E+00   1.816830E+00   3.193022E+00   6.492426E+01   5.849253E-03  -3.769137E-02  -7.663851E-01   1.200000E+02  -2.167756E+00
  6.800000000001E+00   1.833227E+00   3.364689E+00   6.488908E+01   5.685294E-03  -2.750861E-02  -5.305121E-01   1.200000E+02  -2.194230E+00
  6.805000000001E+00   1.850450E+00   3.519180E+00   6.485273E+01   5.577039E-03  -1.554400E-02  -2.864505E-01   1.200000E+02  -2.218646E+00
  6.810000000001E+00   1.868351E+00   3.631277E+00   6.481555E+01   5.531247E-03  -2.722936E-03  -4.860236E-02   1.200000E+02  -2.239121E+00
  6.815000000001E+00   1.886650E+00   3.673130E+00   6.477985E+01   5.549161E-03   9.684090E-03   1.707900E-01   1.200000E+02  -2.253144E+00
  6.820000000001E+00   1.904931E+00   3.620865E+00   6.474867E+01   5.625070E-03   2.020897E-02   3.613788E-01   1.200000E+02  -2.258166E+00
  6.825000000001E+00   1.922685E+00   3.461126E+00   6.472440E+01   5.746039E-03   2.749654E-02   5.141959E-01   1.200000E+02  -2.252115E+00
  6.830000000001E+00   1.939373E+00   3.195888E+00   6.470794E+01   5.893444E-03   3.069686E-02   6.215270E-01   1.200000E+02  -2.233714E+00
  6.835000000001E+00   1.954505E+00   2.844212E+00   6.469853E+01   6.046374E-03   2.978718E-02   6.775819E-01   1.200000E+02  -2.202632E+00
  6.840000000001E+00   1.967731E+00   2.440349E+00   6.469419E+01   6.186113E-03   2.565175E-02   6.800337E-01   1.200000E+02  -2.159592E+00
  6.845000000001E+00   1.978896E+00   2.028483E+00   6.469328E+01   6.300163E-03   1.981437E-02   6.319286E-01   1.200000E+02  -2.106492E+00
  6.850000000001E+00   1.988077E+00   1.655160E+00   6.469763E+01   6.384136E-03   1.388046E-02   5.425655E-01   1.200000E+02  -2.046535E+00
  6.855000000001E+00   1.995575E+00   1.360901E+00   6.471714E+01   6.440623E-03   8.948636E-03   4.255491E-01   1.200000E+02  -1.984234E+00
  6.860000000001E+00   2.001857E+00   1.172845E+00   6.477101E+01   6.475759E-03   5.326499E-03   2.941589E-01   1.200000E+02  -1.925146E+00
  6.865000000001E+00   2.007489E+00   1.100558E+00   6.487603E+01   6.495452E-03   2.671382E-03   1.574734E-01   1.200000E+02  -1.875198E+00
  6.870000000001E+00   2.013037E+00   1.136788E+00   6.502490E+01   6.503008E-03   3.525431E-04   2.016566E-02   1.200000E+02  -1.839733E+00
  6.875000000001E+00   2.019001E+00   1.262499E+00   6.518246E+01   6.498542E-03  -2.229816E-03  -1.151248E-01   1.200000E+02  -1.822553E+00
  6.880000000001E+00   2.025766E+00   1.453112E+00   6.530821E+01   6.479657E-03  -5.457913E-03  -2.452987E-01   1.200000E+02  -1.825234E+00
  6.885000000001E+00   2.033595E+00   1.683643E+00   6.537738E+01   6.442790E-03  -9.405941E-03  -3.652411E-01   1.200000E+02  -1.846840E+00
  6.890000000001E+00   2.042631E+00   1.932296E+00   6.538549E+01   6.384850E-03  -1.380901E-02  -4.672723E-01   1.200000E+02  -1.884082E+00
  6.895000000001E+00   2.052920E+00   2.182427E+00   6.534306E+01   6.304885E-03  -1.808737E-02  -5.415457E-01   1.200000E+02  -1.931951E+00
  6.900000000001E+00   2.064440E+00   2.422695E+00   6.526803E+01   6.205469E-03  -2.142894E-02  -5.773011E-01   1.200000E+02  -1.984728E+00
  6.905000000001E+00   2.077119E+00   2.645549E+00   6.517893E+01   6.093558E-03  -2.292160E-02  -5.647241E-01   1.200000E+02  -2.037110E+00
  6.910000000001E+00   2.090857E+00   2.844672E+00   6.509022E+01   5.980581E-03  -2.171912E-02  -4.969649E-01   1.200000E+02  -2.085039E+00
  6.915000000001E+00   2.105516E+00   3.012342E+00   6.501038E+01   5.881658E-03  -1.722614E-02  -3.717632E-01   1.200000E+02  -2.125947E+00
  6.920000000001E+00   2.120913E+00   3.137698E+00   6.494262E+01   5.813870E-03  -9.287369E-03  -1.922257E-01   1.200000E+02  -2.158419E+00
  6.925000000001E+00   2.136803E+00   3.206649E+00   6.488685E+01   5.793623E-03   1.648525E-03   3.335806E-02   1.200000E+02  -2.181613E+00
  6.930000000001E+00   2.152865E+00   3.203769E+00   6.484169E+01   5.833371E-03   1.444477E-02   2.923505E-01   1.200000E+02  -2.194779E+00
  6.935000000001E+00   2.168704E+00   3.115901E+00   6.480556E+01   5.938259E-03   2.734520E-02   5.687348E-01   1.200000E+02  -2.197079E+00
  6.940000000001E+00   2.183877E+00   2.936664E+00   6.477695E+01   6.103636E-03   3.825953E-02   8.439288E-01   1.200000E+02  -2.187662E+00
  6.945000000001E+00   2.197931E+00   2.670577E+00   6.475419E+01   6.314554E-03   4.526630E-02   1.097584E+00   1.200000E+02  -2.165897E+00
  6.950000000001E+00   2.210471E+00   2.335481E+00   6.473511E+01   6.548135E-03   4.722045E-02   1.308862E+00   1.200000E+02  -2.131667E+00
  6.955000000001E+00   2.221224E+00   1.962242E+00   6.471722E+01   6.778769E-03   4.423429E-02   1.458903E+00   1.200000E+02  -2.085692E+00
  6.960000000001E+00   2.230097E+00   1.591348E+00   6.469943E+01   6.984833E-03   3.775417E-02   1.534972E+00   1.200000E+02  -2.029873E+00
  6.965000000001E+00   2.237212E+00   1.266658E+00   6.468686E+01   7.154377E-03   3.006158E-02   1.535212E+00   1.200000E+02  -1.967592E+00
  6.970000000001E+00   2.242901E+00   1.027211E+00   6.469865E+01   7.287071E-03   2.334411E-02   1.470323E+00   1.200000E+02  -1.903818E+00
  6.975000000001E+00   2.247663E+00   8.988429E-01   6.476856E+01   7.391463E-03   1.885722E-02   1.358808E+00   1.200000E+02  -1.844811E+00
  6.980000000001E+00   2.252080E+00   8.888779E-01   6.491827E+01   7.479402E-03   1.668818E-02   1.218804E+00   1.200000E+02  -1.797268E+00
  6.985000000001E+00   2.256725E+00   9.867995E-01   6.512132E+01   7.560913E-03   1.611522E-02   1.063483E+00   1.200000E+02  -1.767107E+00
  6.990000000001E+00   2.262084E+00   1.169205E+00   6.531587E+01   7.641511E-03   1.614667E-02   9.020095E-01   1.200000E+02  -1.758268E+00
  6.995000000001E+00   2.268503E+00   1.404975E+00   6.544948E+01   7.721970E-03   1.593800E-02   7.424572E-01   1.200000E+02  -1.771758E+00
  7.000000000001E+00   2.276164E+00   1.659914E+00   6.550048E+01   7.799769E-03   1.504904E-02   5.938377E-01   1.200000E+02  -1.805105E+00
  7.005000000001E+00   2.285080E+00   1.901686E+00   6.547485E+01   7.871477E-03   1.356471E-02   4.670315E-01   1.200000E+02  -1.852509E+00
  7.010000000001E+00   2.295118E+00   2.104637E+00   6.539552E+01   7.935374E-03   1.206641E-02   3.749288E-01   1.200000E+02  -1.905968E+00
  7.015000000001E+00   2.306039E+00   2.253372E+00   6.529120E+01   7.993549E-03   1.144878E-02   3.317272E-01   1.200000E+02  -1.957271E+00
  7.020000000001E+00   2.317558E+00   2.344211E+00   6.518692E+01   8.052753E-03   1.262646E-02   3.511119E-01   1.200000E+02  -2.000134E+00
  7.025000000001E+00   2.329399E+00   2.384171E+00   6.509862E+01   8.123728E-03   1.623248E-02   4.432200E-01   1.200000E+02  -2.031490E+00
  7.030000000001E+00   2.341342E+00   2.387649E+00   6.503261E+01   8.219259E-03   2.243395E-02   6.110356E-01   1.200000E+02  -2.051415E+00
  7.035000000001E+00   2.353245E+00   2.371572E+00   6.498816E+01   8.351773E-03   3.093975E-02   8.478415E-01   1.200000E+02  -2.062075E+00
  7.040000000001E+00   2.365049E+00   2.350287E+00   6.496069E+01   8.531397E-03   4.115326E-02   1.137454E+00   1.200000E+02  -2.066436E+00
  7.045000000001E+00   2.376752E+00   2.331597E+00   6.494410E+01   8.764844E-03   5.232441E-02   1.457439E+00   1.200000E+02  -2.067227E+00
  7.050000000001E+00   2.388369E+00   2.314990E+00   6.493235E+01   9.054802E-03   6.358970E-02   1.783606E+00   1.200000E+02  -2.066281E+00
  7.055000000001E+00   2.399893E+00   2.292455E+00   6.492066E+01   9.399271E-03   7.392980E-02   2.093638E+00   1.200000E+02  -2.064225E+00
  7.060000000001E+00   2.411264E+00   2.251545E+00   6.490635E+01   9.790749E-03   8.217509E-02   2.368901E+00   1.200000E+02  -2.060513E+00
  7.065000000001E+00   2.422359E+00   2.179782E+00   6.488915E+01   1.021580E-02   8.716565E-02   2.594803E+00   1.200000E+02  -2.053754E+00
  7.070000000001E+00   2.433000E+00   2.069178E+00   6.487057E+01   1.065581E-02   8.805904E-02   2.760729E+00   1.200000E+02  -2.042243E+00
  7.075000000001E+00   2.442988E+00   1.919655E+00   6.485298E+01   1.108947E-02   8.466503E-02   2.860294E+00   1.200000E+02  -2.024548E+00
  7.080000000001E+00   2.452148E+00   1.740414E+00   6.483888E+01   1.149659E-02   7.763437E-02   2.892258E+00   1.200000E+02  -1.999994E+00
  7.085000000001E+00   2.460372E+00   1.548858E+00   6.483111E+01   1.186222E-02   6.836881E-02   2.861738E+00   1.200000E+02  -1.968976E+00
  7.090000000001E+00   2.467653E+00   1.367292E+00   6.483394E+01   1.217956E-02   5.864444E-02   2.780789E+00   1.200000E+02  -1.933069E+00
  7.095000000001E+00   2.474097E+00   1.218219E+00   6.485426E+01   1.245058E-02   5.010004E-02   2.667173E+00   1.200000E+02  -1.894940E+00
  7.100000000001E+00   2.479916E+00   1.119512E+00   6.490045E+01   1.268424E-02   4.383372E-02   2.541133E+00   1.200000E+02  -1.858056E+00
  7.105000000001E+00   2.485389E+00   1.080931E+00   6.497698E+01   1.289330E-02   4.028370E-02   2.421536E+00   1.200000E+02  -1.826195E+00
  7.110000000001E+00   2.490823E+00   1.103074E+00   6.507744E+01   1.309133E-02   3.938246E-02   2.323426E+00   1.200000E+02  -1.802849E+00
  7.115000000001E+00   2.496506E+00   1.178792E+00   6.518399E+01   1.329088E-02   4.082875E-02   2.257719E+00   1.200000E+02  -1.790643E+00
  7.120000000001E+00   2.502677E+00   1.296095E+00   6.527507E+01   1.350289E-02   4.432242E-02   2.232205E+00   1.200000E+02  -1.790917E+00
  7.125000000001E+00   2.509511E+00   1.441390E+00   6.533453E+01   1.373710E-02   4.969549E-02   2.252570E+00   1.200000E+02  -1.803551E+00
  7.130000000001E+00   2.517116E+00   1.602271E+00   6.535567E+01   1.400284E-02   5.694600E-02   2.322794E+00   1.200000E+02  -1.827084E+00
  7.135000000001E+00   2.525544E+00   1.769344E+00   6.534045E+01   1.430977E-02   6.620495E-02   2.444896E+00   1.200000E+02  -1.859066E+00
  7.140000000001E+00   2.534810E+00   1.936726E+00   6.529620E+01   1.466841E-02   7.766105E-02   2.618321E+00   1.200000E+02  -1.896577E+00
  7.145000000001E+00   2.544906E+00   2.101155E+00   6.523211E+01   1.509013E-02   9.145682E-02   2.839353E+00   1.200000E+02  -1.936739E+00
  7.150000000001E+00   2.555813E+00   2.260038E+00   6.515663E+01   1.558668E-02   1.075595E-01   3.100929E+00   1.200000E+02  -1.977048E+00
  7.155000000001E+00   2.567491E+00   2.409133E+00   6.507614E+01   1.616888E-02   1.256117E-01   3.393059E+00   1.200000E+02  -2.015467E+00
  7.160000000001E+00   2.579876E+00   2.540684E+00   6.499493E+01   1.684463E-02   1.447826E-01   3.703779E+00   1.200000E+02  -2.050289E+00
  7.165000000001E+00   2.592851E+00   2.642800E+00   6.491589E+01   1.761628E-02   1.636693E-01   4.020259E+00   1.200000E+02  -2.079913E+00
  7.170000000001E+00   2.606233E+00   2.700510E+00   6.484134E+01   1.847776E-02   1.803194E-01   4.329610E+00   1.200000E+02  -2.102703E+00
  7.175000000001E+00   2.619761E+00   2.698502E+00   6.477343E+01   1.941222E-02   1.924380E-01   4.619180E+00   1.200000E+02  -2.116995E+00
  7.180000000001E+00   2.633103E+00   2.625012E+00   6.471410E+01   2.039130E-02   1.978055E-01   4.876474E+00   1.200000E+02  -2.121255E+00
  7.185000000001E+00   2.645889E+00   2.475908E+00   6.466473E+01   2.137690E-02   1.948591E-01   5.089249E+00   1.200000E+02  -2.114316E+00
  7.190000000001E+00   2.657751E+00   2.257855E+00   6.462580E+01   2.232600E-02   1.832927E-01   5.246322E+00   1.200000E+02  -2.095611E+00
  7.195000000001E+00   2.668386E+00   1.989510E+00   6.459690E+01   2.319808E-02   1.644492E-01   5.339460E+00   1.200000E+02  -2.065404E+00
  7.200000000001E+00   2.677612E+00   1.700143E+00   6.457771E+01   2.396350E-02   1.412781E-01   5.366264E+00   1.200000E+02  -2.025008E+00
  7.205000000001E+00   2.685412E+00   1.425633E+00   6.457054E+01   2.461028E-02   1.177469E-01   5.333057E+00   1.200000E+02  -1.976994E+00
  7.210000000001E+00   2.691951E+00   1.202373E+00   6.458471E+01   2.514684E-02   9.784408E-02   5.255632E+00   1.200000E+02  -1.925301E+00
  7.215000000001E+00   2.697566E+00   1.060275E+00   6.463841E+01   2.559943E-02   8.457172E-02   5.155815E+00   1.200000E+02  -1.875124E+00
  7.220000000001E+00   2.702713E+00   1.016873E+00   6.474806E+01   2.600558E-02   7.938397E-02   5.054669E+00   1.200000E+02  -1.832416E+00
  7.225000000001E+00   2.707898E+00   1.074887E+00   6.490590E+01   2.640622E-02   8.224943E-02   4.966545E+00   1.200000E+02  -1.803031E+00
  7.230000000001E+00   2.713607E+00   1.223678E+00   6.507357E+01   2.683929E-02   9.210338E-02   4.897934E+00   1.200000E+02  -1.791684E+00
  7.235000000001E+00   2.720247E+00   1.442575E+00   6.520473E+01   2.733583E-02   1.073103E-01   4.850451E+00   1.200000E+02  -1.800936E+00
  7.240000000001E+00   2.728102E+00   1.704422E+00   6.526930E+01   2.791793E-02   1.259740E-01   4.824062E+00   1.200000E+02  -1.830384E+00
  7.245000000001E+00   2.737312E+00   1.979388E+00   6.526099E+01   2.859798E-02   1.461489E-01   4.818571E+00   1.200000E+02  -1.876307E+00
  7.250000000001E+00   2.747871E+00   2.239046E+00   6.519308E+01   2.937891E-02   1.660148E-01   4.833762E+00   1.200000E+02  -1.932091E+00
  7.255000000001E+00   2.759641E+00   2.460154E+00   6.508975E+01   3.025514E-02   1.840243E-01   4.868840E+00   1.200000E+02  -1.989661E+00
  7.260000000001E+00   2.772386E+00   2.627387E+00   6.497658E+01   3.121428E-02   1.990072E-01   4.921546E+00   1.200000E+02  -2.041564E+00
  7.265000000001E+00   2.785818E+00   2.734500E+00   6.487298E+01   3.223915E-02   2.102212E-01   4.987266E+00   1.200000E+02  -2.082804E+00
  7.270000000001E+00   2.799638E+00   2.783684E+00   6.478928E+01   3.330993E-02   2.173436E-01   5.058595E+00   1.200000E+02  -2.111499E+00
  7.275000000001E+00   2.813575E+00   2.783294E+00   6.472817E+01   3.440607E-02   2.204030E-01   5.125684E+00   1.200000E+02  -2.128272E+00
  7.280000000001E+00   2.827409E+00   2.744547E+00   6.468796E+01   3.550787E-02   2.196644E-01   5.177408E+00   1.200000E+02  -2.135083E+00
  7.285000000001E+00   2.840977E+00   2.678200E+00   6.466529E+01   3.659722E-02   2.154892E-01   5.203000E+00   1.200000E+02  -2.134206E+00
  7.290000000001E+00   2.854160E+00   2.592133E+00   6.465652E+01   3.765781E-02   2.082137E-01   5.193552E+00   1.200000E+02  -2.127611E+00
  7.295000000001E+00   2.866873E+00   2.490460E+00   6.465832E+01   3.867481E-02   1.980896E-01   5.142881E+00   1.200000E+02  -2.116684E+00
  7.300000000001E+00   2.879041E+00   2.374227E+00   6.466788E+01   3.963447E-02   1.853222E-01   5.047704E+00   1.200000E+02  -2.102192E+00
  7.305000000001E+00   2.890592E+00   2.243277E+00   6.468305E+01   4.052424E-02   1.701943E-01   4.907413E+00   1.200000E+02  -2.084404E+00
  7.310000000001E+00   2.901452E+00   2.098558E+00   6.470240E+01   4.133343E-02   1.532148E-01   4.723893E+00   1.200000E+02  -2.063321E+00
  7.315000000001E+00   2.911561E+00   1.944036E+00   6.472536E+01   4.205472E-02   1.352055E-01   4.501574E+00   1.200000E+02  -2.038967E+00
  7.320000000001E+00   2.920889E+00   1.787547E+00   6.475224E+01   4.268558E-02   1.172586E-01   4.247582E+00   1.200000E+02  -2.011669E+00
  7.325000000001E+00   2.929452E+00   1.640276E+00   6.478447E+01   4.322931E-02   1.005572E-01   3.971616E+00   1.200000E+02  -1.982265E+00
  7.330000000001E+00   2.937327E+00   1.514974E+00   6.482458E+01   4.369481E-02   8.612304E-02   3.685140E+00   1.200000E+02  -1.952200E+00
  7.335000000001E+00   2.944655E+00   1.423446E+00   6.487546E+01   4.409522E-02   7.459778E-02   3.399894E+00   1.200000E+02  -1.923459E+00
  7.340000000001E+00   2.951629E+00   1.374121E+00   6.493845E+01   4.444574E-02   6.615179E-02   3.126213E+00   1.200000E+02  -1.898356E+00
  7.345000000001E+00   2.958470E+00   1.370464E+00   6.501107E+01   4.476129E-02   6.054172E-02   2.871934E+00   1.200000E+02  -1.879190E+00
  7.350000000001E+00   2.965404E+00   1.410687E+00   6.508602E+01   4.505490E-02   5.727066E-02   2.642343E+00   1.200000E+02  -1.867870E+00
  7.355000000001E+00   2.972638E+00   1.488695E+00   6.515310E+01   4.533683E-02   5.577400E-02   2.440963E+00   1.200000E+02  -1.865570E+00
  7.360000000001E+00   2.980338E+00   1.595823E+00   6.520283E+01   4.561470E-02   5.557232E-02   2.270599E+00   1.200000E+02  -1.872530E+00
  7.365000000001E+00   2.988627E+00   1.722787E+00   6.522947E+01   4.589413E-02   5.636402E-02   2.134097E+00   1.200000E+02  -1.888033E+00
  7.370000000001E+00   2.997584E+00   1.861311E+00   6.523211E+01   4.617977E-02   5.805365E-02   2.034567E+00   1.200000E+02  -1.910575E+00
  7.375000000001E+00   3.007249E+00   2.005000E+00   6.521376E+01   4.647623E-02   6.072315E-02   1.975054E+00   1.200000E+02  -1.938181E+00
  7.380000000001E+00   3.017635E+00   2.149283E+00   6.517962E+01   4.678886E-02   6.455973E-02   1.957852E+00   1.200000E+02  -1.968745E+00
  7.385000000001E+00   3.028737E+00   2.290472E+00   6.513525E+01   4.712401E-02   6.975773E-02   1.983734E+00   1.200000E+02  -2.000310E+00
  7.390000000001E+00   3.040528E+00   2.424343E+00   6.508533E+01   4.748878E-02   7.641226E-02   2.051408E+00   1.200000E+02  -2.031181E+00
  7.395000000001E+00   3.052959E+00   2.544787E+00   6.503326E+01   4.789032E-02   8.442041E-02   2.157404E+00   1.200000E+02  -2.059896E+00
  7.400000000001E+00   3.065941E+00   2.643132E+00   6.498137E+01   4.833457E-02   9.340629E-02   2.296392E+00   1.200000E+02  -2.085102E+00
  7.405000000001E+00   3.079338E+00   2.708601E+00   6.493137E+01   4.882487E-02   1.026899E-01   2.461712E+00   1.200000E+02  -2.105459E+00
  7.410000000001E+00   3.092956E+00   2.730021E+00   6.488474E+01   4.936044E-02   1.113237E-01   2.645844E+00   1.200000E+02  -2.119641E+00
  7.415000000001E+00   3.106553E+00   2.698534E+00   6.484289E+01   4.993532E-02   1.182163E-01   2.840612E+00   1.200000E+02  -2.126448E+00
  7.420000000001E+00   3.119851E+00   2.610666E+00   6.480710E+01   5.053816E-02   1.223468E-01   3.037133E+00   1.200000E+02  -2.125000E+00
  7.425000000001E+00   3.132576E+00   2.470910E+00   6.477859E+01   5.115325E-02   1.230403E-01   3.225686E+00   1.200000E+02  -2.114957E+00
  7.430000000001E+00   3.144498E+00   2.292968E+00   6.475870E+01   5.176293E-02   1.202391E-01   3.395830E+00   1.200000E+02  -2.096726E+00
  7.435000000001E+00   3.155480E+00   2.099070E+00   6.474962E+01   5.235116E-02   1.146672E-01   3.537116E+00   1.200000E+02  -2.071638E+00
  7.440000000001E+00   3.165508E+00   1.917230E+00   6.475503E+01   5.290748E-02   1.077886E-01   3.640593E+00   1.200000E+02  -2.042072E+00
  7.445000000001E+00   3.174718E+00   1.776840E+00   6.478021E+01   5.343000E-02   1.015053E-01   3.700690E+00   1.200000E+02  -2.011462E+00
  7.450000000001E+00   3.183385E+00   1.703574E+00   6.482964E+01   5.392647E-02   9.765939E-02   3.716435E+00   1.200000E+02  -1.984117E+00
  7.455000000001E+00   3.191890E+00   1.714870E+00   6.490169E+01   5.441259E-02   9.752690E-02   3.691045E+00   1.200000E+02  -1.964766E+00
  7.460000000001E+00   3.200679E+00   1.817117E+00   6.498381E+01   5.490838E-02   1.015117E-01   3.630264E+00   1.200000E+02  -1.957821E+00
  7.465000000001E+00   3.210199E+00   2.004976E+00   6.505466E+01   5.543357E-02   1.091291E-01   3.540868E+00   1.200000E+02  -1.966431E+00
  7.470000000001E+00   3.220841E+00   2.262500E+00   6.509333E+01   5.600365E-02   1.192228E-01   3.430103E+00   1.200000E+02  -1.991531E+00
  7.475000000001E+00   3.232897E+00   2.565634E+00   6.508890E+01   5.662737E-02   1.303001E-01   3.305652E+00   1.200000E+02  -2.031180E+00
  7.480000000001E+00   3.246525E+00   2.885731E+00   6.504421E+01   5.730585E-02   1.408841E-01   3.175521E+00   1.200000E+02  -2.080608E+00
  7.485000000001E+00   3.261735E+00   3.193675E+00   6.497296E+01   5.803351E-02   1.498001E-01   3.047573E+00   1.200000E+02  -2.133247E+00
  7.490000000001E+00   3.278401E+00   3.464018E+00   6.489276E+01   5.880002E-02   1.563416E-01   2.928807E+00   1.200000E+02  -2.182558E+00
  7.495000000001E+00   3.296285E+00   3.678360E+00   6.481821E+01   5.959275E-02   1.602895E-01   2.824541E+00   1.200000E+02  -2.223776E+00
  7.500000000001E+00   3.315079E+00   3.827251E+00   6.475746E+01   6.039900E-02   1.617985E-01   2.737647E+00   1.200000E+02  -2.254678E+00
  7.505000000001E+00   3.334451E+00   3.910182E+00   6.471277E+01   6.120738E-02   1.612065E-01   2.667937E+00   1.200000E+02  -2.275213E+00
  7.510000000001E+00   3.354086E+00   3.933795E+00   6.468301E+01   6.200824E-02   1.588412E-01   2.611810E+00   1.200000E+02  -2.286607E+00
  7.515000000001E+00   3.373712E+00   3.908980E+00   6.466573E+01   6.279327E-02   1.548929E-01   2.562372E+00   1.200000E+02  -2.290569E+00
  7.520000000001E+00   3.393118E+00   3.847803E+00   6.465844E+01   6.355467E-02   1.493809E-01   2.510196E+00   1.200000E+02  -2.288805E+00
  7.525000000001E+00   3.412149E+00   3.761115E+00   6.465899E+01   6.428441E-02   1.422009E-01   2.444638E+00   1.200000E+02  -2.282787E+00
  7.530000000001E+00   3.430701E+00   3.657341E+00   6.466565E+01   6.497379E-02   1.332176E-01   2.355428E+00   1.200000E+02  -2.273664E+00
  7.535000000001E+00   3.448705E+00   3.542515E+00   6.467705E+01   6.561359E-02   1.223681E-01   2.234122E+00   1.200000E+02  -2.262271E+00
  7.540000000001E+00   3.466116E+00   3.421206E+00   6.469216E+01   6.619462E-02   1.097456E-01   2.075198E+00   1.200000E+02  -2.249198E+00
  7.545000000001E+00   3.482914E+00   3.297716E+00   6.471020E+01   6.670866E-02   9.563999E-02   1.876718E+00   1.200000E+02  -2.234917E+00
  7.550000000001E+00   3.499098E+00   3.176924E+00   6.473051E+01   6.714939E-02   8.051888E-02   1.640590E+00   1.200000E+02  -2.219894E+00
  7.555000000001E+00   3.514696E+00   3.064322E+00   6.475245E+01   6.751313E-02   6.494732E-02   1.372407E+00   1.200000E+02  -2.204687E+00
  7.560000000001E+00   3.529763E+00   2.965138E+00   6.477519E+01   6.779903E-02   4.947383E-02   1.080785E+00   1.200000E+02  -2.189944E+00
  7.565000000001E+00   3.544374E+00   2.882813E+00   6.479762E+01   6.800873E-02   3.453339E-02   7.762147E-01   1.200000E+02  -2.176324E+00
  7.570000000001E+00   3.558618E+00   2.817410E+00   6.481827E+01   6.814569E-02   2.041672E-02   4.697139E-01   1.200000E+02  -2.164325E+00
  7.575000000001E+00   3.572569E+00   2.764591E+00   6.483553E+01   6.821453E-02   7.322802E-03   1.717353E-01   1.200000E+02  -2.154080E+00
  7.580000000001E+00   3.586270E+00   2.715703E+00   6.484800E+01   6.822089E-02  -4.534511E-03  -1.082791E-01   1.200000E+02  -2.145195E+00
  7.585000000001E+00   3.599714E+00   2.659177E+00   6.485504E+01   6.817168E-02  -1.482725E-02  -3.616238E-01   1.200000E+02  -2.136708E+00
  7.590000000001E+00   3.612831E+00   2.583048E+00   6.485710E+01   6.807587E-02  -2.308416E-02  -5.796144E-01   1.200000E+02  -2.127208E+00
  7.595000000001E+00   3.625498E+00   2.478018E+00   6.485565E+01   6.794496E-02  -2.876713E-02  -7.529044E-01   1.200000E+02  -2.115097E+00
  7.600000000001E+00   3.637558E+00   2.340250E+00   6.485283E+01   6.779303E-02  -3.144302E-02  -8.713468E-01   1.200000E+02  -2.098945E+00
  7.605000000001E+00   3.648853E+00   2.173051E+00   6.485099E+01   6.763557E-02  -3.098986E-02  -9.248394E-01   1.200000E+02  -2.077818E+00
  7.610000000001E+00   3.659258E+00   1.986856E+00   6.485243E+01   6.748763E-02  -2.773636E-02  -9.053350E-01   1.200000E+02  -2.051528E+00
  7.615000000001E+00   3.668716E+00   1.797325E+00   6.485950E+01   6.736149E-02  -2.243618E-02  -8.096473E-01   1.200000E+02  -2.020747E+00
  7.620000000001E+00   3.677254E+00   1.621935E+00   6.487478E+01   6.726501E-02  -1.604787E-02  -6.418890E-01   1.200000E+02  -1.986967E+00
  7.625000000001E+00   3.684982E+00   1.475895E+00   6.490098E+01   6.720138E-02  -9.414178E-03  -4.139790E-01   1.200000E+02  -1.952298E+00
  7.630000000001E+00   3.692075E+00   1.368497E+00   6.493963E+01   6.717045E-02  -3.023455E-03  -1.434728E-01   1.200000E+02  -1.919114E+00
  7.635000000001E+00   3.698732E+00   1.300960E+00   6.498899E+01   6.717056E-02   3.007418E-03   1.502344E-01   1.200000E+02  -1.889570E+00
  7.640000000001E+00   3.705138E+00   1.266371E+00   6.504285E+01   6.720006E-02   8.747803E-03   4.493012E-01   1.200000E+02  -1.865115E+00
  7.645000000001E+00   3.711427E+00   1.251659E+00   6.509202E+01   6.725762E-02   1.421438E-02   7.392131E-01   1.200000E+02  -1.846115E+00
  7.650000000001E+00   3.717661E+00   1.240969E+00   6.512791E+01   6.734149E-02   1.922739E-02   1.009082E+00   1.200000E+02  -1.831730E+00
  7.655000000001E+00   3.723820E+00   1.219531E+00   6.514562E+01   6.744858E-02   2.342196E-02   1.251168E+00   1.200000E+02  -1.820097E+00
  7.660000000001E+00   3.729822E+00   1.177157E+00   6.514485E+01   6.757374E-02   2.638589E-02   1.460217E+00   1.200000E+02  -1.808799E+00
  7.665000000001E+00   3.735552E+00   1.110639E+00   6.512908E+01   6.771002E-02   2.784829E-02   1.633054E+00   1.200000E+02  -1.795492E+00
  7.670000000001E+00   3.740897E+00   1.024548E+00   6.510443E+01   6.784983E-02   2.783382E-02   1.768688E+00   1.200000E+02  -1.778514E+00
  7.675000000001E+00   3.745784E+00   9.303313E-01   6.507930E+01   6.798657E-02   2.671496E-02   1.868787E+00   1.200000E+02  -1.757329E+00
  7.680000000001E+00   3.750212E+00   8.439071E-01   6.506523E+01   6.811624E-02   2.513772E-02   1.938118E+00   1.200000E+02  -1.732738E+00
  7.685000000001E+00   3.754263E+00   7.823455E-01   6.507706E+01   6.823843E-02   2.385541E-02   1.984341E+00   1.200000E+02  -1.706827E+00
  7.690000000001E+00   3.758100E+00   7.605524E-01   6.512895E+01   6.835638E-02   2.355166E-02   2.016817E+00   1.200000E+02  -1.682710E+00
  7.695000000001E+00   3.761949E+00   7.889759E-01   6.522502E+01   6.847633E-02   2.473332E-02   2.044716E+00   1.200000E+02  -1.664112E+00
  7.700000000001E+00   3.766079E+00   8.728639E-01   6.535174E+01   6.860660E-02   2.771793E-02   2.075254E+00   1.200000E+02  -1.654884E+00
  7.705000000001E+00   3.770768E+00   1.012587E+00   6.548113E+01   6.875667E-02   3.267212E-02   2.112814E+00   1.200000E+02  -1.658514E+00
  7.710000000001E+00   3.776288E+00   1.204108E+00   6.558265E+01   6.893655E-02   3.963871E-02   2.158953E+00   1.200000E+02  -1.677618E+00
  7.715000000001E+00   3.782879E+00   1.439226E+00   6.563349E+01   6.915614E-02   4.852368E-02   2.212841E+00   1.200000E+02  -1.713403E+00
  7.720000000001E+00   3.790730E+00   1.705759E+00   6.562316E+01   6.942443E-02   5.904940E-02   2.271721E+00   1.200000E+02  -1.765112E+00
  7.725000000001E+00   3.799962E+00   1.987936E+00   6.555413E+01   6.974844E-02   7.069356E-02   2.331189E+00   1.200000E+02  -1.829621E+00
  7.730000000001E+00   3.810605E+00   2.267141E+00   6.544010E+01   7.013186E-02   8.263855E-02   2.385328E+00   1.200000E+02  -1.901465E+00
  7.735000000001E+00   3.822596E+00   2.523122E+00   6.530208E+01   7.057353E-02   9.376552E-02   2.426788E+00   1.200000E+02  -1.973583E+00
  7.740000000001E+00   3.835767E+00   2.735745E+00   6.516254E+01   7.106606E-02   1.027299E-01   2.446917E+00   1.200000E+02  -2.038839E+00
  7.745000000001E+00   3.849855E+00   2.887256E+00   6.503924E+01   7.159513E-02   1.081418E-01   2.436037E+00   1.200000E+02  -2.091728E+00
  7.750000000001E+00   3.864520E+00   2.964757E+00   6.494175E+01   7.213991E-02   1.088403E-01   2.384102E+00   1.200000E+02  -2.129352E+00
  7.755000000001E+00   3.879374E+00   2.962351E+00   6.487197E+01   7.267495E-02   1.042037E-01   2.281937E+00   1.200000E+02  -2.151240E+00
  7.760000000001E+00   3.894019E+00   2.882418E+00   6.482707E+01   7.317362E-02   9.440119E-02   2.123132E+00   1.200000E+02  -2.158457E+00
  7.765000000001E+00   3.908091E+00   2.735715E+00   6.480238E+01   7.361233E-02   8.048047E-02   1.906385E+00   1.200000E+02  -2.152776E+00
  7.770000000001E+00   3.921298E+00   2.540255E+00   6.479323E+01   7.397465E-02   6.421017E-02   1.637782E+00   1.200000E+02  -2.136254E+00
  7.775000000001E+00   3.933453E+00   2.319077E+00   6.479592E+01   7.425402E-02   4.767513E-02   1.332061E+00   1.200000E+02  -2.111149E+00
  7.780000000001E+00   3.944488E+00   2.097186E+00   6.480844E+01   7.445400E-02   3.273804E-02   1.011690E+00   1.200000E+02  -2.079974E+00
  7.785000000001E+00   3.954461E+00   1.898051E+00   6.483086E+01   7.458591E-02   2.058496E-02   7.031111E-01   1.200000E+02  -2.045542E+00
  7.790000000001E+00   3.963535E+00   1.740216E+00   6.486475E+01   7.466490E-02   1.156662E-02   4.311336E-01   1.200000E+02  -2.010891E+00
  7.795000000001E+00   3.971947E+00   1.634653E+00   6.491127E+01   7.470614E-02   5.388685E-03   2.139820E-01   1.200000E+02  -1.979063E+00
  7.800000000001E+00   3.979969E+00   1.583396E+00   6.496831E+01   7.472244E-02   1.493676E-03   6.128699E-02   1.200000E+02  -1.952733E+00
  7.805000000001E+00   3.987858E+00   1.579739E+00   6.502899E+01   7.472393E-02  -6.043010E-04  -2.487568E-02   1.200000E+02  -1.933769E+00
  7.810000000001E+00   3.995821E+00   1.609850E+00   6.508333E+01   7.471883E-02  -1.175092E-03  -4.750684E-02   1.200000E+02  -1.922844E+00
  7.815000000001E+00   4.003981E+00   1.655382E+00   6.512213E+01   7.471447E-02  -3.131980E-04  -1.232109E-02   1.200000E+02  -1.919221E+00
  7.820000000001E+00   4.012368E+00   1.696618E+00   6.514039E+01   7.471790E-02   1.923567E-03   7.385392E-02   1.200000E+02  -1.920827E+00
  7.825000000001E+00   4.020912E+00   1.715706E+00   6.513826E+01   7.473566E-02   5.370074E-03   2.038795E-01   1.200000E+02  -1.924625E+00
  7.830000000001E+00   4.029468E+00   1.699551E+00   6.511984E+01   7.477298E-02   9.668276E-03   3.704487E-01   1.200000E+02  -1.927224E+00
  7.835000000001E+00   4.037840E+00   1.641897E+00   6.509085E+01   7.483283E-02   1.427081E-02   5.657474E-01   1.200000E+02  -1.925558E+00
  7.840000000001E+00   4.045822E+00   1.544224E+00   6.505677E+01   7.491514E-02   1.853553E-02   7.808854E-01   1.200000E+02  -1.917417E+00
  7.845000000001E+00   4.053232E+00   1.415252E+00   6.502194E+01   7.501671E-02   2.188493E-02   1.005475E+00   1.200000E+02  -1.901752E+00
  7.850000000001E+00   4.059947E+00   1.269133E+00   6.498995E+01   7.513196E-02   2.397699E-02   1.227817E+00   1.200000E+02  -1.878713E+00
  7.855000000001E+00   4.065923E+00   1.122686E+00   6.496482E+01   7.525445E-02   2.481616E-02   1.436000E+00   1.200000E+02  -1.849526E+00
  7.860000000001E+00   4.071200E+00   9.922677E-01   6.495233E+01   7.537865E-02   2.474427E-02   1.619722E+00   1.200000E+02  -1.816253E+00
  7.865000000001E+00   4.075893E+00   8.909668E-01   6.496026E+01   7.550130E-02   2.430431E-02   1.772023E+00   1.200000E+02  -1.781504E+00
  7.870000000001E+00   4.080169E+00   8.267778E-01   6.499596E+01   7.562199E-02   2.404206E-02   1.890032E+00   1.200000E+02  -1.748105E+00
  7.875000000001E+00   4.084224E+00   8.021708E-01   6.506184E+01   7.574264E-02   2.434424E-02   1.974494E+00   1.200000E+02  -1.718751E+00
  7.880000000001E+00   4.088251E+00   8.150251E-01   6.515187E+01   7.586661E-02   2.537725E-02   2.028619E+00   1.200000E+02  -1.695720E+00
  7.885000000001E+00   4.092426E+00   8.603323E-01   6.525285E+01   7.599756E-02   2.712014E-02   2.056957E+00   1.200000E+02  -1.680678E+00
  7.890000000001E+00   4.096896E+00   9.318815E-01   6.534950E+01   7.613874E-02   2.944088E-02   2.064583E+00   1.200000E+02  -1.674601E+00
  7.895000000001E+00   4.101777E+00   1.023426E+00   6.542920E+01   7.629262E-02   3.216732E-02   2.056506E+00   1.200000E+02  -1.677783E+00
  7.900000000001E+00   4.107153E+00   1.129242E+00   6.548412E+01   7.646079E-02   3.513017E-02   2.037179E+00   1.200000E+02  -1.689892E+00
  7.905000000001E+00   4.113084E+00   1.244218E+00   6.551122E+01   7.664405E-02   3.817726E-02   2.010128E+00   1.200000E+02  -1.710046E+00
  7.910000000001E+00   4.119603E+00   1.363703E+00   6.551121E+01   7.684247E-02   4.116957E-02   1.977754E+00   1.200000E+02  -1.736891E+00
  7.915000000001E+00   4.126721E+00   1.483328E+00   6.548755E+01   7.705544E-02   4.397230E-02   1.941336E+00   1.200000E+02  -1.768692E+00
  7.920000000001E+00   4.134430E+00   1.599000E+00   6.544548E+01   7.728168E-02   4.645183E-02   1.901227E+00   1.200000E+02  -1.803464E+00
  7.925000000001E+00   4.142699E+00   1.707131E+00   6.539120E+01   7.751924E-02   4.848378E-02   1.857158E+00   1.200000E+02  -1.839150E+00
  7.930000000001E+00   4.151485E+00   1.805086E+00   6.533104E+01   7.776564E-02   4.997037E-02   1.808565E+00   1.200000E+02  -1.873845E+00
  7.935000000001E+00   4.160732E+00   1.891662E+00   6.527072E+01   7.801799E-02   5.085949E-02   1.754877E+00   1.200000E+02  -1.906030E+00
  7.940000000001E+00   4.170384E+00   1.967373E+00   6.521470E+01   7.827328E-02   5.115519E-02   1.695698E+00   1.200000E+02  -1.934745E+00
  7.945000000001E+00   4.180391E+00   2.034276E+00   6.516581E+01   7.852867E-02   5.091081E-02   1.630872E+00   1.200000E+02  -1.959659E+00
  7.950000000001E+00   4.190717E+00   2.095245E+00   6.512514E+01   7.878165E-02   5.020295E-02   1.560425E+00   1.200000E+02  -1.980984E+00
  7.955000000001E+00   4.201338E+00   2.152711E+00   6.509220E+01   7.903006E-02   4.909269E-02   1.484431E+00   1.200000E+02  -1.999278E+00
  7.960000000001E+00   4.212240E+00   2.207154E+00   6.506531E+01   7.927195E-02   4.758876E-02   1.402882E+00   1.200000E+02  -2.015156E+00
  7.965000000001E+00   4.223401E+00   2.255758E+00   6.504213E+01   7.950523E-02   4.562995E-02   1.315686E+00   1.200000E+02  -2.028993E+00
  7.970000000001E+00   4.234777E+00   2.291699E+00   6.502036E+01   7.972734E-02   4.310088E-02   1.222863E+00   1.200000E+02  -2.040673E+00
  7.975000000001E+00   4.246281E+00   2.304439E+00   6.499830E+01   7.993513E-02   3.988437E-02   1.124966E+00   1.200000E+02  -2.049454E+00
  7.980000000001E+00   4.257764E+00   2.281212E+00   6.497516E+01   8.012501E-02   3.593869E-02   1.023632E+00   1.200000E+02  -2.053996E+00
  7.985000000001E+00   4.269015E+00   2.209576E+00   6.495084E+01   8.029351E-02   3.137154E-02   9.221718E-01   1.200000E+02  -2.052543E+00
  7.990000000001E+00   4.279768E+00   2.080579E+00   6.492532E+01   8.043818E-02   2.647243E-02   8.260830E-01   1.200000E+02  -2.043207E+00
  7.995000000001E+00   4.289725E+00   1.891896E+00   6.489773E+01   8.055839E-02   2.166920E-02   7.433185E-01   1.200000E+02  -2.024302E+00
  8.000000000001E+00   4.298601E+00   1.650107E+00   6.486543E+01   8.065574E-02   1.740056E-02   6.840130E-01   1.200000E+02  -1.994645E+00
  8.005000000001E+00   4.306166E+00   1.371446E+00   6.482343E+01   8.073372E-02   1.394716E-02   6.592334E-01   1.200000E+02  -1.953833E+00
  8.010000000001E+00   4.312296E+00   1.080606E+00   6.476469E+01   8.079655E-02   1.132228E-02   6.785859E-01   1.200000E+02  -1.902481E+00
  8.015000000001E+00   4.317001E+00   8.076029E-01   6.468341E+01   8.084795E-02   9.331146E-03   7.473603E-01   1.200000E+02  -1.842455E+00
  8.020000000001E+00   4.320449E+00   5.828590E-01   6.458584E+01   8.089058E-02   7.800540E-03   8.643675E-01   1.200000E+02  -1.777023E+00
  8.025000000001E+00   4.322947E+00   4.306707E-01   6.451268E+01   8.092682E-02   6.819301E-03   1.021503E+00   1.200000E+02  -1.710789E+00
  8.030000000001E+00   4.324891E+00   3.621696E-01   6.454762E+01   8.096026E-02   6.766184E-03   1.205902E+00   1.200000E+02  -1.649154E+00
  8.035000000001E+00   4.326696E+00   3.730007E-01   6.474394E+01   8.099668E-02   8.078957E-03   1.402312E+00   1.200000E+02  -1.597312E+00
  8.040000000001E+00   4.328727E+00   4.501641E-01   6.504588E+01   8.104368E-02   1.102991E-02   1.593752E+00   1.200000E+02  -1.559401E+00
  8.045000000001E+00   4.331281E+00   5.797727E-01   6.535457E+01   8.110966E-02   1.564588E-02   1.763674E+00   1.200000E+02  -1.538288E+00
  8.050000000001E+00   4.334588E+00   7.486589E-01   6.560525E+01   8.120242E-02   2.167296E-02   1.899209E+00   1.200000E+02  -1.535607E+00
  8.055000000001E+00   4.338809E+00   9.435428E-01   6.577148E+01   8.132783E-02   2.859423E-02   1.993216E+00   1.200000E+02  -1.551650E+00
  8.060000000001E+00   4.344043E+00   1.150802E+00   6.584941E+01   8.148871E-02   3.573697E-02   2.044886E+00   1.200000E+02  -1.585179E+00
  8.065000000001E+00   4.350315E+00   1.356806E+00   6.584751E+01   8.168446E-02   4.242812E-02   2.059090E+00   1.200000E+02  -1.633300E+00
  8.070000000001E+00   4.357588E+00   1.548349E+00   6.578161E+01   8.191139E-02   4.812624E-02   2.044643E+00   1.200000E+02  -1.691534E+00
  8.075000000001E+00   4.365756E+00   1.713198E+00   6.567192E+01   8.216357E-02   5.248423E-02   2.011875E+00   1.200000E+02  -1.754193E+00
  8.080000000001E+00   4.374660E+00   1.840965E+00   6.554009E+01   8.243383E-02   5.534704E-02   1.970407E+00   1.200000E+02  -1.815132E+00
  8.085000000001E+00   4.384094E+00   1.924339E+00   6.540589E+01   8.271465E-02   5.671979E-02   1.927834E+00   1.200000E+02  -1.868791E+00
  8.090000000001E+00   4.393828E+00   1.960431E+00   6.528418E+01   8.299885E-02   5.673261E-02   1.889249E+00   1.200000E+02  -1.911195E+00
  8.095000000001E+00   4.403627E+00   1.951794E+00   6.518363E+01   8.328015E-02   5.560799E-02   1.857127E+00   1.200000E+02  -1.940505E+00
  8.100000000001E+00   4.413287E+00   1.906631E+00   6.510738E+01   8.355356E-02   5.363044E-02   1.831365E+00   1.200000E+02  -1.956931E+00
  8.105000000001E+00   4.422655E+00   1.837815E+00   6.505511E+01   8.381560E-02   5.111720E-02   1.809450E+00   1.200000E+02  -1.962228E+00
  8.110000000001E+00   4.431652E+00   1.760750E+00   6.502506E+01   8.406439E-02   4.838427E-02   1.786847E+00   1.200000E+02  -1.959071E+00
  8.115000000001E+00   4.440274E+00   1.690424E+00   6.501499E+01   8.429952E-02   4.569871E-02   1.757607E+00   1.200000E+02  -1.950542E+00
  8.120000000001E+00   4.448586E+00   1.638361E+00   6.502203E+01   8.452171E-02   4.321616E-02   1.715130E+00   1.200000E+02  -1.939698E+00
  8.125000000001E+00   4.456696E+00   1.610211E+00   6.504180E+01   8.473200E-02   4.092152E-02   1.652957E+00   1.200000E+02  -1.929199E+00
  8.130000000001E+00   4.464724E+00   1.604631E+00   6.506797E+01   8.493090E-02   3.860735E-02   1.565532E+00   1.200000E+02  -1.920946E+00
  8.135000000001E+00   4.472766E+00   1.613720E+00   6.509316E+01   8.511748E-02   3.592158E-02   1.448981E+00   1.200000E+02  -1.915788E+00
  8.140000000001E+00   4.480865E+00   1.624917E+00   6.511082E+01   8.528892E-02   3.249085E-02   1.301917E+00   1.200000E+02  -1.913387E+00
  8.145000000001E+00   4.488996E+00   1.623932E+00   6.511701E+01   8.544081E-02   2.808874E-02   1.126312E+00   1.200000E+02  -1.912319E+00
  8.150000000001E+00   4.497064E+00   1.598096E+00   6.511098E+01   8.556834E-02   2.278698E-02   9.284068E-01   1.200000E+02  -1.910420E+00
  8.155000000001E+00   4.504924E+00   1.539397E+00   6.509457E+01   8.566792E-02   1.701583E-02   7.195274E-01   1.200000E+02  -1.905321E+00
  8.160000000001E+00   4.512403E+00   1.446545E+00   6.507096E+01   8.573887E-02   1.148104E-02   5.164597E-01   1.200000E+02  -1.895002E+00
  8.165000000001E+00   4.519344E+00   1.325578E+00   6.504379E+01   8.578434E-02   6.944036E-03   3.407316E-01   1.200000E+02  -1.878254E+00
  8.170000000001E+00   4.525633E+00   1.188841E+00   6.501716E+01   8.581081E-02   3.952228E-03   2.161455E-01   1.200000E+02  -1.854925E+00
  8.175000000001E+00   4.531233E+00   1.052573E+00   6.499641E+01   8.582661E-02   2.663492E-03   1.644706E-01   1.200000E+02  -1.825981E+00
  8.180000000001E+00   4.536187E+00   9.336319E-01   6.498930E+01   8.583986E-02   2.879097E-03   2.004114E-01   1.200000E+02  -1.793377E+00
  8.185000000001E+00   4.540620E+00   8.461365E-01   6.500564E+01   8.585727E-02   4.268577E-03   3.279395E-01   1.200000E+02  -1.759804E+00
  8.190000000001E+00   4.544713E+00   7.989103E-01   6.505356E+01   8.588408E-02   6.626475E-03   5.395797E-01   1.200000E+02  -1.728305E+00
  8.195000000001E+00   4.548678E+00   7.944190E-01   6.513303E+01   8.592512E-02   9.981593E-03   8.183735E-01   1.200000E+02  -1.701842E+00
  8.200000000001E+00   4.552721E+00   8.293086E-01   6.523242E+01   8.598577E-02   1.450498E-02   1.140945E+00   1.200000E+02  -1.682874E+00
  8.205000000001E+00   4.557022E+00   8.959083E-01   6.533253E+01   8.607222E-02   2.030216E-02   1.480499E+00   1.200000E+02  -1.673026E+00
  8.210000000001E+00   4.561714E+00   9.838971E-01   6.541484E+01   8.619060E-02   2.721728E-02   1.809553E+00   1.200000E+02  -1.672875E+00
  8.215000000001E+00   4.566876E+00   1.081759E+00   6.546742E+01   8.634539E-02   3.474041E-02   2.102470E+00   1.200000E+02  -1.681875E+00
  8.220000000001E+00   4.572529E+00   1.178039E+00   6.548658E+01   8.653768E-02   4.205271E-02   2.337688E+00   1.200000E+02  -1.698419E+00
  8.225000000001E+00   4.578638E+00   1.262500E+00   6.547545E+01   8.676403E-02   4.819334E-02   2.499390E+00   1.200000E+02  -1.720047E+00
  8.230000000001E+00   4.585122E+00   1.327215E+00   6.544157E+01   8.701633E-02   5.229462E-02   2.578514E+00   1.200000E+02  -1.743821E+00
  8.235000000001E+00   4.591871E+00   1.367572E+00   6.539432E+01   8.728282E-02   5.381288E-02   2.573215E+00   1.200000E+02  -1.766793E+00
  8.240000000001E+00   4.598758E+00   1.383078E+00   6.534297E+01   8.755019E-02   5.268188E-02   2.488935E+00   1.200000E+02  -1.786504E+00
  8.245000000001E+00   4.605668E+00   1.377743E+00   6.529534E+01   8.780606E-02   4.933272E-02   2.338025E+00   1.200000E+02  -1.801396E+00
  8.250000000001E+00   4.612515E+00   1.359808E+00   6.525747E+01   8.804124E-02   4.456518E-02   2.138692E+00   1.200000E+02  -1.811045E+00
  8.255000000001E+00   4.619264E+00   1.340639E+00   6.523368E+01   8.825095E-02   3.931425E-02   1.912978E+00   1.200000E+02  -1.816189E+00
  8.260000000001E+00   4.625939E+00   1.332797E+00   6.522641E+01   8.843494E-02   3.440514E-02   1.683770E+00   1.200000E+02  -1.818558E+00
  8.265000000001E+00   4.632628E+00   1.347569E+00   6.523546E+01   8.859646E-02   3.039401E-02   1.471365E+00   1.200000E+02  -1.820547E+00
  8.270000000001E+00   4.639464E+00   1.392431E+00   6.525672E+01   8.874075E-02   2.753793E-02   1.290574E+00   1.200000E+02  -1.824756E+00
  8.275000000001E+00   4.646604E+00   1.468997E+00   6.528187E+01   8.887373E-02   2.586177E-02   1.149291E+00   1.200000E+02  -1.833456E+00
  8.280000000001E+00   4.654196E+00   1.571925E+00   6.530024E+01   8.900107E-02   2.524785E-02   1.048836E+00   1.200000E+02  -1.848024E+00
  8.285000000001E+00   4.662346E+00   1.689036E+00   6.530241E+01   8.912759E-02   2.549210E-02   9.855890E-01   1.200000E+02  -1.868468E+00
  8.290000000001E+00   4.671081E+00   1.802769E+00   6.528345E+01   8.925693E-02   2.631904E-02   9.530884E-01   1.200000E+02  -1.893196E+00
  8.295000000001E+00   4.680336E+00   1.892846E+00   6.524432E+01   8.939116E-02   2.738348E-02   9.438784E-01   1.200000E+02  -1.919154E+00
  8.300000000001E+00   4.689941E+00   1.939798E+00   6.519068E+01   8.953051E-02   2.829213E-02   9.508121E-01   1.200000E+02  -1.942392E+00
  8.305000000001E+00   4.699640E+00   1.928680E+00   6.513020E+01   8.967321E-02   2.866023E-02   9.678364E-01   1.200000E+02  -1.958893E+00
  8.310000000001E+00   4.709122E+00   1.852192E+00   6.506952E+01   8.981577E-02   2.819196E-02   9.904142E-01   1.200000E+02  -1.965376E+00
  8.315000000001E+00   4.718060E+00   1.712485E+00   6.501231E+01   8.995357E-02   2.675502E-02   1.015720E+00   1.200000E+02  -1.959804E+00
  8.320000000001E+00   4.726164E+00   1.521173E+00   6.495881E+01   9.008186E-02   2.441666E-02   1.042668E+00   1.200000E+02  -1.941512E+00
  8.325000000001E+00   4.733220E+00   1.297511E+00   6.490653E+01   9.019668E-02   2.142519E-02   1.071771E+00   1.200000E+02  -1.911092E+00
  8.330000000001E+00   4.739125E+00   1.065130E+00   6.485213E+01   9.029565E-02   1.814669E-02   1.104890E+00   1.200000E+02  -1.870192E+00
  8.335000000001E+00   4.743896E+00   8.480908E-01   6.479469E+01   9.037834E-02   1.498522E-02   1.144880E+00   1.200000E+02  -1.821333E+00
  8.340000000001E+00   4.747664E+00   6.670419E-01   6.474101E+01   9.044629E-02   1.231322E-02   1.195083E+00   1.200000E+02  -1.767725E+00
  8.345000000001E+00   4.750647E+00   5.360545E-01   6.471129E+01   9.050273E-02   1.042577E-02   1.258576E+00   1.200000E+02  -1.713034E+00
  8.350000000001E+00   4.753114E+00   4.607177E-01   6.473682E+01   9.055212E-02   9.517192E-03   1.337289E+00   1.200000E+02  -1.661018E+00
  8.355000000001E+00   4.755340E+00   4.385354E-01   6.483978E+01   9.059962E-02   9.678492E-03   1.431016E+00   1.200000E+02  -1.615089E+00
  8.360000000001E+00   4.757573E+00   4.620374E-01   6.501067E+01   9.065064E-02   1.092048E-02   1.536558E+00   1.200000E+02  -1.577963E+00
  8.365000000001E+00   4.760019E+00   5.225915E-01   6.521383E+01   9.071050E-02   1.320348E-02   1.647653E+00   1.200000E+02  -1.551558E+00
  8.370000000001E+00   4.762845E+00   6.123348E-01   6.541131E+01   9.078420E-02   1.643671E-02   1.755816E+00   1.200000E+02  -1.537066E+00
  8.375000000001E+00   4.766178E+00   7.240470E-01   6.557642E+01   9.087611E-02   2.044499E-02   1.851689E+00   1.200000E+02  -1.535024E+00
  8.380000000001E+00   4.770109E+00   8.502430E-01   6.569462E+01   9.098943E-02   2.493617E-02   1.926711E+00   1.200000E+02  -1.545265E+00
  8.385000000001E+00   4.774690E+00   9.824865E-01   6.576061E+01   9.112560E-02   2.950307E-02   1.974724E+00   1.200000E+02  -1.566804E+00
  8.390000000001E+00   4.779928E+00   1.111403E+00   6.577593E+01   9.128382E-02   3.367245E-02   1.992830E+00   1.200000E+02  -1.597720E+00
  8.395000000001E+00   4.785784E+00   1.227548E+00   6.574747E+01   9.146095E-02   3.699087E-02   1.981231E+00   1.200000E+02  -1.635183E+00
  8.400000000001E+00   4.792171E+00   1.322962E+00   6.568610E+01   9.165182E-02   3.912445E-02   1.942560E+00   1.200000E+02  -1.675697E+00
  8.405000000001E+00   4.798972E+00   1.392940E+00   6.560496E+01   9.185008E-02   3.994119E-02   1.881157E+00   1.200000E+02  -1.715615E+00
  8.410000000001E+00   4.806059E+00   1.437395E+00   6.551730E+01   9.204928E-02   3.954472E-02   1.802471E+00   1.200000E+02  -1.751794E+00
  8.415000000001E+00   4.813313E+00   1.461215E+00   6.543460E+01   9.224407E-02   3.824236E-02   1.712529E+00   1.200000E+02  -1.782203E+00
  8.420000000001E+00   4.820652E+00   1.473302E+00   6.536516E+01   9.243093E-02   3.645493E-02   1.617376E+00   1.200000E+02  -1.806243E+00
  8.425000000001E+00   4.828044E+00   1.484336E+00   6.531340E+01   9.260851E-02   3.459899E-02   1.522417E+00   1.200000E+02  -1.824687E+00
  8.430000000001E+00   4.835509E+00   1.503773E+00   6.527959E+01   9.277731E-02   3.298176E-02   1.431756E+00   1.200000E+02  -1.839258E+00
  8.435000000001E+00   4.843104E+00   1.536874E+00   6.526001E+01   9.293894E-02   3.173963E-02   1.347755E+00   1.200000E+02  -1.851998E+00
  8.440000000001E+00   4.850899E+00   1.582602E+00   6.524791E+01   9.309525E-02   3.083028E-02   1.271079E+00   1.200000E+02  -1.864591E+00
  8.445000000001E+00   4.858938E+00   1.633026E+00   6.523556E+01   9.324749E-02   3.007024E-02   1.201235E+00   1.200000E+02  -1.877791E+00
  8.450000000001E+00   4.867215E+00   1.674460E+00   6.521663E+01   9.339578E-02   2.920325E-02   1.137404E+00   1.200000E+02  -1.891093E+00
  8.455000000001E+00   4.875642E+00   1.690172E+00   6.518794E+01   9.353895E-02   2.798289E-02   1.079267E+00   1.200000E+02  -1.902742E+00
  8.460000000001E+00   4.884049E+00   1.664125E+00   6.514948E+01   9.367478E-02   2.624898E-02   1.027632E+00   1.200000E+02  -1.910089E+00
  8.465000000001E+00   4.892197E+00   1.584926E+00   6.510296E+01   9.380057E-02   2.397372E-02   9.847527E-01   1.200000E+02  -1.910199E+00
  8.470000000001E+00   4.899807E+00   1.449088E+00   6.504956E+01   9.391381E-02   2.125845E-02   9.542918E-01   1.200000E+02  -1.900495E+00
  8.475000000001E+00   4.906607E+00   1.262805E+00   6.498803E+01   9.401273E-02   1.828195E-02   9.408482E-01   1.200000E+02  -1.879268E+00
  8.480000000001E+00   4.912379E+00   1.041773E+00   6.491353E+01   9.409651E-02   1.523000E-02   9.489909E-01   1.200000E+02  -1.845991E+00
  8.485000000001E+00   4.917006E+00   8.090674E-01   6.481808E+01   9.416516E-02   1.225569E-02   9.818590E-01   1.200000E+02  -1.801438E+00
  8.490000000001E+00   4.920494E+00   5.915195E-01   6.469460E+01   9.421942E-02   9.506535E-03   1.039732E+00   1.200000E+02  -1.747727E+00
  8.495000000001E+00   4.922987E+00   4.150259E-01   6.455022E+01   9.426092E-02   7.197504E-03   1.119449E+00   1.200000E+02  -1.688275E+00
  8.500000000001E+00   4.924742E+00   2.987215E-01   6.443414E+01   9.429259E-02   5.635293E-03   1.215531E+00   1.200000E+02  -1.627554E+00
  8.505000000001E+00   4.926081E+00   2.488717E-01   6.444617E+01   9.431894E-02   5.105638E-03   1.322122E+00   1.200000E+02  -1.570445E+00
  8.510000000001E+00   4.927326E+00   2.584487E-01   6.464323E+01   9.434550E-02   5.727918E-03   1.432668E+00   1.200000E+02  -1.521255E+00
  8.515000000001E+00   4.928743E+00   3.162045E-01   6.496088E+01   9.437804E-02   7.488923E-03   1.538520E+00   1.200000E+02  -1.483155E+00
  8.520000000001E+00   4.930552E+00   4.141732E-01   6.529991E+01   9.442214E-02   1.034283E-02   1.630685E+00   1.200000E+02  -1.458413E+00
  8.525000000001E+00   4.932941E+00   5.473605E-01   6.559783E+01   9.448308E-02   1.420286E-02   1.702127E+00   1.200000E+02  -1.448776E+00
  8.530000000001E+00   4.936074E+00   7.108563E-01   6.582524E+01   9.456549E-02   1.888482E-02   1.748733E+00   1.200000E+02  -1.455522E+00
  8.535000000001E+00   4.940087E+00   8.975298E-01   6.597015E+01   9.467275E-02   2.407474E-02   1.769540E+00   1.200000E+02  -1.479179E+00
  8.540000000001E+00   4.945069E+00   1.096600E+00   6.603035E+01   9.480636E-02   2.933632E-02   1.766449E+00   1.200000E+02  -1.519055E+00
  8.545000000001E+00   4.951049E+00   1.293227E+00   6.601128E+01   9.496541E-02   3.415489E-02   1.743397E+00   1.200000E+02  -1.572736E+00
  8.550000000001E+00   4.957969E+00   1.469507E+00   6.592588E+01   9.514636E-02   3.800906E-02   1.705185E+00   1.200000E+02  -1.635779E+00
  8.555000000001E+00   4.965682E+00   1.606880E+00   6.579365E+01   9.534323E-02   4.045409E-02   1.656392E+00   1.200000E+02  -1.701891E+00
  8.560000000001E+00   4.973950E+00   1.689466E+00   6.563773E+01   9.554817E-02   4.119920E-02   1.600638E+00   1.200000E+02  -1.763823E+00
  8.565000000001E+00   4.982472E+00   1.707515E+00   6.548021E+01   9.575237E-02   4.016592E-02   1.540293E+00   1.200000E+02  -1.814823E+00
  8.570000000001E+00   4.990920E+00   1.660047E+00   6.533749E+01   9.594723E-02   3.751730E-02   1.476637E+00   1.200000E+02  -1.850128E+00
  8.575000000001E+00   4.998982E+00   1.555810E+00   6.521815E+01   9.612557E-02   3.364619E-02   1.410418E+00   1.200000E+02  -1.867771E+00
  8.580000000001E+00   5.006414E+00   1.412027E+00   6.512417E+01   9.628263E-02   2.911135E-02   1.342646E+00   1.200000E+02  -1.868457E+00
  8.585000000001E+00   5.013074E+00   1.251039E+00   6.505445E+01   9.641661E-02   2.452349E-02   1.275230E+00   1.200000E+02  -1.854836E+00
  8.590000000001E+00   5.018934E+00   1.095618E+00   6.500844E+01   9.652863E-02   2.041001E-02   1.211028E+00   1.200000E+02  -1.830665E+00
  8.595000000001E+00   5.024069E+00   9.642375E-01   6.498813E+01   9.662202E-02   1.710989E-02   1.153180E+00   1.200000E+02  -1.800119E+00
  8.600000000001E+00   5.028632E+00   8.676237E-01   6.499668E+01   9.670123E-02   1.474005E-02   1.104228E+00   1.200000E+02  -1.767227E+00
  8.605000000001E+00   5.032805E+00   8.076110E-01   6.503404E+01   9.677081E-02   1.323363E-02   1.065658E+00   1.200000E+02  -1.735398E+00
  8.610000000001E+00   5.036758E+00   7.785258E-01   6.509326E+01   9.683467E-02   1.241575E-02   1.038092E+00   1.200000E+02  -1.707053E+00
  8.615000000001E+00   5.040623E+00   7.703370E-01   6.516166E+01   9.689574E-02   1.208016E-02   1.021842E+00   1.200000E+02  -1.683440E+00
  8.620000000001E+00   5.044478E+00   7.722526E-01   6.522626E+01   9.695595E-02   1.204559E-02   1.017398E+00   1.200000E+02  -1.664701E+00
  8.625000000001E+00   5.048348E+00   7.756165E-01   6.527855E+01   9.701647E-02   1.218580E-02   1.025599E+00   1.200000E+02  -1.650153E+00
  8.630000000001E+00   5.052228E+00   7.754819E-01   6.531603E+01   9.707798E-02   1.243544E-02   1.047392E+00   1.200000E+02  -1.638698E+00
  8.635000000001E+00   5.056095E+00   7.707366E-01   6.534094E+01   9.714097E-02   1.277814E-02   1.083296E+00   1.200000E+02  -1.629234E+00
  8.640000000001E+00   5.059930E+00   7.630538E-01   6.535796E+01   9.720593E-02   1.322576E-02   1.132828E+00   1.200000E+02  -1.620952E+00
  8.645000000001E+00   5.063726E+00   7.552530E-01   6.537190E+01   9.727343E-02   1.379744E-02   1.194256E+00   1.200000E+02  -1.613447E+00
  8.650000000001E+00   5.067487E+00   7.497705E-01   6.538607E+01   9.734412E-02   1.450313E-02   1.264791E+00   1.200000E+02  -1.606673E+00
  8.655000000001E+00   5.071229E+00   7.478004E-01   6.540160E+01   9.741866E-02   1.533312E-02   1.341014E+00   1.200000E+02  -1.600775E+00
  8.660000000001E+00   5.074970E+00   7.493213E-01   6.541799E+01   9.749760E-02   1.625630E-02   1.419223E+00   1.200000E+02  -1.595933E+00
  8.665000000001E+00   5.078727E+00   7.538454E-01   6.543425E+01   9.758130E-02   1.722994E-02   1.495570E+00   1.200000E+02  -1.592265E+00
  8.670000000001E+00   5.082514E+00   7.614443E-01   6.545028E+01   9.766992E-02   1.821916E-02   1.566035E+00   1.200000E+02  -1.589848E+00
  8.675000000001E+00   5.086349E+00   7.735171E-01   6.546735E+01   9.776351E-02   1.921695E-02   1.626445E+00   1.200000E+02  -1.588819E+00
  8.680000000001E+00   5.090261E+00   7.928871E-01   6.548767E+01   9.786215E-02   2.025186E-02   1.672681E+00   1.200000E+02  -1.589506E+00
  8.685000000001E+00   5.094295E+00   8.230979E-01   6.551291E+01   9.796616E-02   2.137307E-02   1.701149E+00   1.200000E+02  -1.592504E+00
  8.690000000001E+00   5.098514E+00   8.671033E-01   6.554240E+01   9.807608E-02   2.261423E-02   1.709359E+00   1.200000E+02  -1.598632E+00
  8.695000000001E+00   5.102990E+00   9.257861E-01   6.557209E+01   9.819246E-02   2.395044E-02   1.696375E+00   1.200000E+02  -1.608738E+00
  8.700000000001E+00   5.107792E+00   9.968196E-01   6.559526E+01   9.831556E-02   2.527061E-02   1.662921E+00   1.200000E+02  -1.623410E+00
  8.705000000001E+00   5.112968E+00   1.074301E+00   6.560464E+01   9.844484E-02   2.638278E-02   1.611125E+00   1.200000E+02  -1.642641E+00
  8.710000000001E+00   5.118531E+00   1.149390E+00   6.559501E+01   9.857868E-02   2.705570E-02   1.544053E+00   1.200000E+02  -1.665586E+00
  8.715000000001E+00   5.124442E+00   1.211906E+00   6.556498E+01   9.871436E-02   2.708436E-02   1.465284E+00   1.200000E+02  -1.690509E+00
  8.720000000001E+00   5.130615E+00   1.252521E+00   6.551727E+01   9.884831E-02   2.635659E-02   1.378669E+00   1.200000E+02  -1.714999E+00
  8.725000000001E+00   5.136922E+00   1.264976E+00   6.545757E+01   9.897675E-02   2.489731E-02   1.288339E+00   1.200000E+02  -1.736410E+00
  8.730000000001E+00   5.143216E+00   1.247638E+00   6.539291E+01   9.909637E-02   2.287345E-02   1.198875E+00   1.200000E+02  -1.752417E+00
  8.735000000001E+00   5.149356E+00   1.203911E+00   6.533001E+01   9.920501E-02   2.055526E-02   1.115427E+00   1.200000E+02  -1.761496E+00
  8.740000000001E+00   5.155225E+00   1.141307E+00   6.527436E+01   9.930194E-02   1.824539E-02   1.043502E+00   1.200000E+02  -1.763169E+00
  8.745000000001E+00   5.160754E+00   1.069426E+00   6.522997E+01   9.938789E-02   1.620287E-02   9.882988E-01   1.200000E+02  -1.757975E+00
  8.750000000001E+00   5.165919E+00   9.974532E-01   6.519930E+01   9.946467E-02   1.459264E-02   9.538592E-01   1.200000E+02  -1.747205E+00
  8.755000000001E+00   5.170739E+00   9.319536E-01   6.518298E+01   9.953461E-02   1.347503E-02   9.424748E-01   1.200000E+02  -1.732511E+00
  8.760000000001E+00   5.175254E+00   8.756644E-01   6.517938E+01   9.960017E-02   1.282545E-02   9.546523E-01   1.200000E+02  -1.715506E+00
  8.765000000001E+00   5.179509E+00   8.276146E-01   6.518461E+01   9.966349E-02   1.256371E-02   9.895431E-01   1.200000E+02  -1.697434E+00
  8.770000000001E+00   5.183538E+00   7.844293E-01   6.519341E+01   9.972625E-02   1.257993E-02   1.045510E+00   1.200000E+02  -1.679003E+00
  8.775000000001E+00   5.187355E+00   7.422676E-01   6.520085E+01   9.978955E-02   1.275598E-02   1.120486E+00   1.200000E+02  -1.660394E+00
  8.780000000001E+00   5.190958E+00   6.986906E-01   6.520402E+01   9.985390E-02   1.298613E-02   1.211907E+00   1.200000E+02  -1.641436E+00
  8.785000000001E+00   5.194340E+00   6.538363E-01   6.520319E+01   9.991937E-02   1.319808E-02   1.316166E+00   1.200000E+02  -1.621876E+00
  8.790000000001E+00   5.197499E+00   6.105469E-01   6.520215E+01   9.998581E-02   1.337121E-02   1.427952E+00   1.200000E+02  -1.601658E+00
  8.795000000001E+00   5.200455E+00   5.734851E-01   6.520764E+01   1.000531E-01   1.354571E-02   1.540204E+00   1.200000E+02  -1.581110E+00
  8.800000000001E+00   5.203252E+00   5.476607E-01   6.522759E+01   1.001214E-01   1.381223E-02   1.645067E+00   1.200000E+02  -1.560995E+00
  8.805000000001E+00   5.205956E+00   5.369980E-01   6.526804E+01   1.001915E-01   1.427720E-02   1.735286E+00   1.200000E+02  -1.542413E+00
  8.810000000001E+00   5.208649E+00   5.434851E-01   6.533010E+01   1.002646E-01   1.501756E-02   1.805198E+00   1.200000E+02  -1.526616E+00
  8.815000000001E+00   5.211418E+00   5.671212E-01   6.540890E+01   1.003422E-01   1.604937E-02   1.851053E+00   1.200000E+02  -1.514805E+00
  8.820000000001E+00   5.214346E+00   6.064819E-01   6.549544E+01   1.004255E-01   1.732426E-02   1.870888E+00   1.200000E+02  -1.507975E+00
  8.825000000001E+00   5.217505E+00   6.595123E-01   6.557991E+01   1.005157E-01   1.874838E-02   1.864282E+00   1.200000E+02  -1.506834E+00
  8.830000000001E+00   5.220959E+00   7.241649E-01   6.565415E+01   1.006131E-01   2.020891E-02   1.832177E+00   1.200000E+02  -1.511798E+00
  8.835000000001E+00   5.224762E+00   7.986429E-01   6.571246E+01   1.007176E-01   2.159490E-02   1.776832E+00   1.200000E+02  -1.523013E+00
  8.840000000001E+00   5.228959E+00   8.811621E-01   6.575125E+01   1.008287E-01   2.280789E-02   1.701898E+00   1.200000E+02  -1.540376E+00
  8.845000000001E+00   5.233583E+00   9.693131E-01   6.576834E+01   1.009453E-01   2.376534E-02   1.612489E+00   1.200000E+02  -1.563500E+00
  8.850000000001E+00   5.238655E+00   1.059271E+00   6.576259E+01   1.010659E-01   2.440305E-02   1.515011E+00   1.200000E+02  -1.591619E+00
  8.855000000001E+00   5.244170E+00   1.145217E+00   6.573406E+01   1.011887E-01   2.467964E-02   1.416581E+00   1.200000E+02  -1.623458E+00
  8.860000000001E+00   5.250088E+00   1.219319E+00   6.568447E+01   1.013121E-01   2.458189E-02   1.324221E+00   1.200000E+02  -1.657138E+00
  8.865000000001E+00   5.256329E+00   1.272498E+00   6.561739E+01   1.014340E-01   2.412697E-02   1.244127E+00   1.200000E+02  -1.690190E+00
  8.870000000001E+00   5.262765E+00   1.295925E+00   6.553799E+01   1.015528E-01   2.335719E-02   1.181228E+00   1.200000E+02  -1.719761E+00
  8.875000000001E+00   5.269230E+00   1.282973E+00   6.545205E+01   1.016671E-01   2.232687E-02   1.139026E+00   1.200000E+02  -1.742989E+00
  8.880000000001E+00   5.275533E+00   1.231103E+00   6.536475E+01   1.017758E-01   2.108666E-02   1.119585E+00   1.200000E+02  -1.757464E+00
  8.885000000001E+00   5.281483E+00   1.143133E+00   6.527972E+01   1.018777E-01   1.967475E-02   1.123546E+00   1.200000E+02  -1.761621E+00
  8.890000000001E+00   5.286919E+00   1.027401E+00   6.519882E+01   1.019723E-01   1.812290E-02   1.150078E+00   1.200000E+02  -1.754974E+00
  8.895000000001E+00   5.291733E+00   8.966331E-01   6.512306E+01   1.020588E-01   1.647831E-02   1.196830E+00   1.200000E+02  -1.738152E+00
  8.900000000001E+00   5.295885E+00   7.656690E-01   6.505446E+01   1.021371E-01   1.483031E-02   1.260046E+00   1.200000E+02  -1.712766E+00
  8.905000000001E+00   5.299412E+00   6.485385E-01   6.499835E+01   1.022073E-01   1.332029E-02   1.334997E+00   1.200000E+02  -1.681171E+00
  8.910000000001E+00   5.302410E+00   5.556236E-01   6.496437E+01   1.022708E-01   1.211626E-02   1.416651E+00   1.200000E+02  -1.646133E+00
  8.915000000000E+00   5.305015E+00   4.917747E-01   6.496368E+01   1.023292E-01   1.135668E-02   1.500224E+00   1.200000E+02  -1.610442E+00
  8.920000000000E+00   5.307373E+00   4.561044E-01   6.500197E+01   1.023851E-01   1.109584E-02   1.581330E+00   1.200000E+02  -1.576524E+00
  8.925000000000E+00   5.309613E+00   4.435521E-01   6.507409E+01   1.024409E-01   1.128617E-02   1.655808E+00   1.200000E+02  -1.546149E+00
  8.930000000000E+00   5.311835E+00   4.473965E-01   6.516638E+01   1.024985E-01   1.180564E-02   1.719574E+00   1.200000E+02  -1.520332E+00
  8.935000000000E+00   5.314103E+00   4.615645E-01   6.526436E+01   1.025593E-01   1.250887E-02   1.768731E+00   1.200000E+02  -1.499428E+00
  8.940000000000E+00   5.316460E+00   4.820514E-01   6.535853E+01   1.026237E-01   1.327561E-02   1.799962E+00   1.200000E+02  -1.483358E+00
  8.945000000000E+00   5.318932E+00   5.073374E-01   6.544541E+01   1.026920E-01   1.403998E-02   1.811127E+00   1.200000E+02  -1.471877E+00
  8.950000000000E+00   5.321542E+00   5.379691E-01   6.552544E+01   1.027641E-01   1.479391E-02   1.801920E+00   1.200000E+02  -1.464797E+00
  8.955000000000E+00   5.324322E+00   5.755967E-01   6.559999E+01   1.028400E-01   1.556834E-02   1.774303E+00   1.200000E+02  -1.462119E+00
  8.960000000000E+00   5.327312E+00   6.218284E-01   6.566891E+01   1.029199E-01   1.640469E-02   1.732437E+00   1.200000E+02  -1.464041E+00
  8.965000000000E+00   5.330556E+00   6.772472E-01   6.572961E+01   1.030042E-01   1.733132E-02   1.682075E+00   1.200000E+02  -1.470848E+00
  8.970000000000E+00   5.334098E+00   7.408324E-01   6.577761E+01   1.030933E-01   1.835337E-02   1.629573E+00   1.200000E+02  -1.482749E+00
  8.975000000000E+00   5.337973E+00   8.098741E-01   6.580819E+01   1.031878E-01   1.945448E-02   1.580819E+00   1.200000E+02  -1.499683E+00
  8.980000000000E+00   5.342199E+00   8.803337E-01   6.581794E+01   1.032880E-01   2.060245E-02   1.540338E+00   1.200000E+02  -1.521181E+00
  8.985000000000E+00   5.346771E+00   9.474889E-01   6.580589E+01   1.033939E-01   2.175214E-02   1.510750E+00   1.200000E+02  -1.546303E+00
  8.990000000000E+00   5.351661E+00   1.006647E+00   6.577366E+01   1.035054E-01   2.284405E-02   1.492616E+00   1.200000E+02  -1.573679E+00
  8.995000000000E+00   5.356818E+00   1.053715E+00   6.572497E+01   1.036221E-01   2.380184E-02   1.484629E+00   1.200000E+02  -1.601645E+00
  9.000000000000E+00   5.362173E+00   1.085508E+00   6.566471E+01   1.037430E-01   2.453278E-02   1.484040E+00   1.200000E+02  -1.628423E+00
  9.005000000000E+00   5.367645E+00   1.099786E+00   6.559795E+01   1.038669E-01   2.493420E-02   1.487228E+00   1.200000E+02  -1.652317E+00
  9.010000000000E+00   5.373141E+00   1.095126E+00   6.552900E+01   1.039917E-01   2.490660E-02   1.490334E+00   1.200000E+02  -1.671855E+00
  9.015000000000E+00   5.378565E+00   1.070811E+00   6.546094E+01   1.041151E-01   2.437210E-02   1.489918E+00   1.200000E+02  -1.685877E+00
  9.020000000000E+00   5.383817E+00   1.026860E+00   6.539538E+01   1.042345E-01   2.329522E-02   1.483552E+00   1.200000E+02  -1.693553E+00
  9.025000000000E+00   5.388803E+00   9.642822E-01   6.533256E+01   1.043473E-01   2.170083E-02   1.470286E+00   1.200000E+02  -1.694378E+00
  9.030000000000E+00   5.393434E+00   8.854766E-01   6.527175E+01   1.044509E-01   1.968301E-02   1.450907E+00   1.200000E+02  -1.688159E+00
  9.035000000000E+00   5.397639E+00   7.946005E-01   6.521180E+01   1.045437E-01   1.739922E-02   1.427931E+00   1.200000E+02  -1.675033E+00
  9.040000000000E+00   5.401370E+00   6.976697E-01   6.515214E+01   1.046248E-01   1.504840E-02   1.405300E+00   1.200000E+02  -1.655504E+00
  9.045000000000E+00   5.404618E+00   6.021843E-01   6.509413E+01   1.046944E-01   1.283841E-02   1.387790E+00   1.200000E+02  -1.630491E+00
  9.050000000000E+00   5.407407E+00   5.161937E-01   6.504301E+01   1.047537E-01   1.095353E-02   1.380199E+00   1.200000E+02  -1.601344E+00
  9.055000000000E+00   5.409806E+00   4.469145E-01   6.500915E+01   1.048046E-01   9.531885E-03   1.386529E+00   1.200000E+02  -1.569789E+00
  9.060000000000E+00   5.411911E+00   3.992796E-01   6.500659E+01   1.048499E-01   8.656169E-03   1.409308E+00   1.200000E+02  -1.537783E+00
  9.065000000000E+00   5.413837E+00   3.750396E-01   6.504670E+01   1.048921E-01   8.355434E-03   1.449163E+00   1.200000E+02  -1.507296E+00
  9.070000000000E+00   5.415697E+00   3.729155E-01   6.513029E+01   1.049343E-01   8.614897E-03   1.504606E+00   1.200000E+02  -1.480072E+00
  9.075000000000E+00   5.417596E+00   3.896564E-01   6.524586E+01   1.049791E-01   9.388748E-03   1.572095E+00   1.200000E+02  -1.457468E+00
  9.080000000000E+00   5.419618E+00   4.213018E-01   6.537568E+01   1.050289E-01   1.060951E-02   1.646335E+00   1.200000E+02  -1.440392E+00
  9.085000000000E+00   5.421827E+00   4.641047E-01   6.550336E+01   1.050858E-01   1.219188E-02   1.720752E+00   1.200000E+02  -1.429343E+00
  9.090000000000E+00   5.424272E+00   5.150271E-01   6.561768E+01   1.051513E-01   1.403470E-02   1.788109E+00   1.200000E+02  -1.424483E+00
  9.095000000000E+00   5.426987E+00   5.718950E-01   6.571267E+01   1.052264E-01   1.602466E-02   1.841287E+00   1.200000E+02  -1.425733E+00
  9.100000000000E+00   5.429998E+00   6.332643E-01   6.578602E+01   1.053115E-01   1.804136E-02   1.874208E+00   1.200000E+02  -1.432855E+00
  9.105000000000E+00   5.433325E+00   6.980305E-01   6.583739E+01   1.054066E-01   1.996159E-02   1.882753E+00   1.200000E+02  -1.445490E+00
  9.110000000000E+00   5.436982E+00   7.648752E-01   6.586708E+01   1.055108E-01   2.166237E-02   1.865451E+00   1.200000E+02  -1.463162E+00
  9.115000000000E+00   5.440974E+00   8.317096E-01   6.587553E+01   1.056227E-01   2.302552E-02   1.823736E+00   1.200000E+02  -1.485217E+00
  9.120000000000E+00   5.445294E+00   8.953076E-01   6.586332E+01   1.057404E-01   2.394732E-02   1.761685E+00   1.200000E+02  -1.510733E+00
  9.125000000000E+00   5.449915E+00   9.512897E-01   6.583161E+01   1.058613E-01   2.435374E-02   1.685339E+00   1.200000E+02  -1.538448E+00
  9.130000000000E+00   5.454786E+00   9.945364E-01   6.578254E+01   1.059830E-01   2.421677E-02   1.601792E+00   1.200000E+02  -1.566734E+00
  9.135000000000E+00   5.459831E+00   1.019985E+00   6.571940E+01   1.061027E-01   2.356390E-02   1.518264E+00   1.200000E+02  -1.593675E+00
  9.140000000000E+00   5.464951E+00   1.023638E+00   6.564637E+01   1.062180E-01   2.247484E-02   1.441322E+00   1.200000E+02  -1.617246E+00
  9.145000000000E+00   5.470030E+00   1.003534E+00   6.556791E+01   1.063269E-01   2.106515E-02   1.376334E+00   1.200000E+02  -1.635573E+00
  9.150000000000E+00   5.474949E+00   9.603975E-01   6.548817E+01   1.064283E-01   1.946294E-02   1.327151E+00   1.200000E+02  -1.647201E+00
  9.155000000000E+00   5.479602E+00   8.977677E-01   6.541046E+01   1.065214E-01   1.778789E-02   1.296008E+00   1.200000E+02  -1.651293E+00
  9.160000000000E+00   5.483905E+00   8.215295E-01   6.533732E+01   1.066062E-01   1.613955E-02   1.283600E+00   1.200000E+02  -1.647725E+00
  9.165000000000E+00   5.487807E+00   7.389426E-01   6.527088E+01   1.066830E-01   1.459661E-02   1.289320E+00   1.200000E+02  -1.637051E+00
  9.170000000000E+00   5.491296E+00   6.574022E-01   6.521348E+01   1.067525E-01   1.322243E-02   1.311649E+00   1.200000E+02  -1.620375E+00
  9.175000000000E+00   5.494393E+00   5.832472E-01   6.516817E+01   1.068156E-01   1.206984E-02   1.348604E+00   1.200000E+02  -1.599161E+00
  9.180000000000E+00   5.497148E+00   5.209196E-01   6.513866E+01   1.068736E-01   1.118069E-02   1.398095E+00   1.200000E+02  -1.575029E+00
  9.185000000000E+00   5.499625E+00   4.726812E-01   6.512851E+01   1.069279E-01   1.058205E-02   1.458051E+00   1.200000E+02  -1.549562E+00
  9.190000000000E+00   5.501898E+00   4.389112E-01   6.514000E+01   1.069799E-01   1.028387E-02   1.526257E+00   1.200000E+02  -1.524173E+00
  9.195000000000E+00   5.504036E+00   4.188118E-01   6.517332E+01   1.070312E-01   1.028192E-02   1.600020E+00   1.200000E+02  -1.500029E+00
  9.200000000000E+00   5.506106E+00   4.112043E-01   6.522672E+01   1.070832E-01   1.056480E-02   1.675827E+00   1.200000E+02  -1.478055E+00
  9.205000000000E+00   5.508167E+00   4.151061E-01   6.529714E+01   1.071373E-01   1.112012E-02   1.749220E+00   1.200000E+02  -1.458987E+00
  9.210000000000E+00   5.510274E+00   4.299203E-01   6.538061E+01   1.071948E-01   1.193496E-02   1.815022E+00   1.200000E+02  -1.443442E+00
  9.215000000000E+00   5.512483E+00   4.552514E-01   6.547218E+01   1.072570E-01   1.298811E-02   1.867890E+00   1.200000E+02  -1.431968E+00
  9.220000000000E+00   5.514843E+00   4.904861E-01   6.556575E+01   1.073250E-01   1.423655E-02   1.903071E+00   1.200000E+02  -1.425044E+00
  9.225000000000E+00   5.517401E+00   5.343322E-01   6.565425E+01   1.073995E-01   1.560257E-02   1.917113E+00   1.200000E+02  -1.423031E+00
  9.230000000000E+00   5.520196E+00   5.845007E-01   6.573056E+01   1.074810E-01   1.696992E-02   1.908368E+00   1.200000E+02  -1.426083E+00
  9.235000000000E+00   5.523251E+00   6.376669E-01   6.578865E+01   1.075690E-01   1.819508E-02   1.877203E+00   1.200000E+02  -1.434043E+00
  9.240000000000E+00   5.526571E+00   6.897644E-01   6.582461E+01   1.076625E-01   1.913353E-02   1.825924E+00   1.200000E+02  -1.446370E+00
  9.245000000000E+00   5.530140E+00   7.365584E-01   6.583719E+01   1.077597E-01   1.967359E-02   1.758522E+00   1.200000E+02  -1.462127E+00
  9.250000000000E+00   5.533922E+00   7.743486E-01   6.582781E+01   1.078585E-01   1.976570E-02   1.680294E+00   1.200000E+02  -1.480046E+00
  9.255000000000E+00   5.537865E+00   8.005992E-01   6.580006E+01   1.079567E-01   1.943581E-02   1.597400E+00   1.200000E+02  -1.498679E+00
  9.260000000000E+00   5.541908E+00   8.143049E-01   6.575887E+01   1.080523E-01   1.877735E-02   1.516357E+00   1.200000E+02  -1.516584E+00
  9.265000000000E+00   5.545989E+00   8.159845E-01   6.570961E+01   1.081441E-01   1.792484E-02   1.443452E+00   1.200000E+02  -1.532520E+00
  9.270000000000E+00   5.550051E+00   8.073087E-01   6.565730E+01   1.082315E-01   1.701891E-02   1.384125E+00   1.200000E+02  -1.545577E+00
  9.275000000000E+00   5.554049E+00   7.904912E-01   6.560592E+01   1.083144E-01   1.617487E-02   1.342415E+00   1.200000E+02  -1.555232E+00
  9.280000000000E+00   5.557947E+00   7.676457E-01   6.555806E+01   1.083935E-01   1.546314E-02   1.320574E+00   1.200000E+02  -1.561305E+00
  9.285000000000E+00   5.561718E+00   7.403239E-01   6.551482E+01   1.084693E-01   1.490406E-02   1.318932E+00   1.200000E+02  -1.563861E+00
  9.290000000000E+00   5.565344E+00   7.093795E-01   6.547604E+01   1.085427E-01   1.447467E-02   1.336019E+00   1.200000E+02  -1.563088E+00
  9.295000000000E+00   5.568807E+00   6.751870E-01   6.544082E+01   1.086142E-01   1.412351E-02   1.368886E+00   1.200000E+02  -1.559205E+00
  9.300000000000E+00   5.572091E+00   6.381090E-01   6.540816E+01   1.086840E-01   1.379028E-02   1.413547E+00   1.200000E+02  -1.552416E+00
  9.305000000000E+00   5.575185E+00   5.990134E-01   6.537778E+01   1.087520E-01   1.342702E-02   1.465458E+00   1.200000E+02  -1.542932E+00
  9.310000000000E+00   5.578081E+00   5.596124E-01   6.535068E+01   1.088182E-01   1.301621E-02   1.520013E+00   1.200000E+02  -1.531035E+00
  9.315000000000E+00   5.580784E+00   5.224536E-01   6.532952E+01   1.088822E-01   1.257963E-02   1.573004E+00   1.200000E+02  -1.517148E+00
  9.320000000000E+00   5.583314E+00   4.905225E-01   6.531843E+01   1.089440E-01   1.217321E-02   1.620996E+00   1.200000E+02  -1.501885E+00
  9.325000000000E+00   5.585703E+00   4.665726E-01   6.532189E+01   1.090041E-01   1.186797E-02   1.661559E+00   1.200000E+02  -1.486045E+00
  9.330000000000E+00   5.587995E+00   4.524290E-01   6.534296E+01   1.090630E-01   1.172414E-02   1.693282E+00   1.200000E+02  -1.470538E+00
  9.335000000000E+00   5.590243E+00   4.485253E-01   6.538140E+01   1.091216E-01   1.176905E-02   1.715570E+00   1.200000E+02  -1.456266E+00
  9.340000000000E+00   5.592495E+00   4.538300E-01   6.543306E+01   1.091809E-01   1.198746E-02   1.728348E+00   1.200000E+02  -1.443994E+00
  9.345000000000E+00   5.594793E+00   4.661496E-01   6.549104E+01   1.092417E-01   1.232624E-02   1.731759E+00   1.200000E+02  -1.434242E+00
  9.350000000000E+00   5.597164E+00   4.826900E-01   6.554795E+01   1.093043E-01   1.271001E-02   1.725983E+00   1.200000E+02  -1.427227E+00
  9.355000000000E+00   5.599622E+00   5.007192E-01   6.559799E+01   1.093687E-01   1.306179E-02   1.711193E+00   1.200000E+02  -1.422872E+00
  9.360000000000E+00   5.602170E+00   5.181748E-01   6.563812E+01   1.094347E-01   1.332280E-02   1.687623E+00   1.200000E+02  -1.420876E+00
  9.365000000000E+00   5.604801E+00   5.340685E-01   6.566810E+01   1.095018E-01   1.346589E-02   1.655741E+00   1.200000E+02  -1.420825E+00
  9.370000000000E+00   5.607508E+00   5.485761E-01   6.568985E+01   1.095692E-01   1.349889E-02   1.616439E+00   1.200000E+02  -1.422318E+00
  9.375000000000E+00   5.610287E+00   5.627810E-01   6.570635E+01   1.096366E-01   1.345737E-02   1.571187E+00   1.200000E+02  -1.425072E+00
  9.380000000000E+00   5.613138E+00   5.781391E-01   6.572040E+01   1.097037E-01   1.338973E-02   1.522088E+00   1.200000E+02  -1.428973E+00
  9.385000000000E+00   5.616072E+00   5.958282E-01   6.573361E+01   1.097705E-01   1.334061E-02   1.471777E+00   1.200000E+02  -1.434057E+00
  9.390000000000E+00   5.619101E+00   6.161783E-01   6.574578E+01   1.098372E-01   1.333841E-02   1.423198E+00   1.200000E+02  -1.440429E+00
  9.395000000000E+00   5.622236E+00   6.383572E-01   6.575504E+01   1.099040E-01   1.339036E-02   1.379296E+00   1.200000E+02  -1.448152E+00
  9.400000000000E+00   5.625484E+00   6.604040E-01   6.575863E+01   1.099712E-01   1.348441E-02   1.342688E+00   1.200000E+02  -1.457124E+00
  9.405000000000E+00   5.628836E+00   6.796040E-01   6.575392E+01   1.100389E-01   1.359513E-02   1.315374E+00   1.200000E+02  -1.467007E+00
  9.410000000000E+00   5.632271E+00   6.931038E-01   6.573930E+01   1.101071E-01   1.369041E-02   1.298504E+00   1.200000E+02  -1.477211E+00
  9.415000000000E+00   5.635754E+00   6.985944E-01   6.571467E+01   1.101757E-01   1.373748E-02   1.292244E+00   1.200000E+02  -1.486957E+00
  9.420000000000E+00   5.639242E+00   6.948730E-01   6.568148E+01   1.102444E-01   1.370820E-02   1.295740E+00   1.200000E+02  -1.495400E+00
  9.425000000000E+00   5.642688E+00   6.821189E-01   6.564233E+01   1.103126E-01   1.358407E-02   1.307235E+00   1.200000E+02  -1.501774E+00
  9.430000000000E+00   5.646051E+00   6.618101E-01   6.560053E+01   1.103801E-01   1.336050E-02   1.324331E+00   1.200000E+02  -1.505526E+00
  9.435000000000E+00   5.649298E+00   6.363125E-01   6.555952E+01   1.104461E-01   1.304842E-02   1.344384E+00   1.200000E+02  -1.506395E+00
  9.440000000000E+00   5.652410E+00   6.082789E-01   6.552238E+01   1.105104E-01   1.267138E-02   1.364932E+00   1.200000E+02  -1.504423E+00
  9.445000000000E+00   5.655381E+00   5.800513E-01   6.549135E+01   1.105728E-01   1.225850E-02   1.384060E+00   1.200000E+02  -1.499900E+00
  9.450000000000E+00   5.658213E+00   5.532524E-01   6.546759E+01   1.106330E-01   1.183595E-02   1.400575E+00   1.200000E+02  -1.493265E+00
  9.455000000000E+00   5.660917E+00   5.286736E-01   6.545108E+01   1.106911E-01   1.142117E-02   1.413968E+00   1.200000E+02  -1.485001E+00
  9.460000000000E+00   5.663504E+00   5.064605E-01   6.544098E+01   1.107472E-01   1.102211E-02   1.424193E+00   1.200000E+02  -1.475554E+00
  9.465000000000E+00   5.665985E+00   4.864885E-01   6.543622E+01   1.108014E-01   1.064167E-02   1.431381E+00   1.200000E+02  -1.465293E+00
  9.470000000000E+00   5.668372E+00   4.687694E-01   6.543622E+01   1.108537E-01   1.028436E-02   1.435609E+00   1.200000E+02  -1.454523E+00
  9.475000000000E+00   5.670677E+00   4.537336E-01   6.544138E+01   1.109043E-01   9.961932E-03   1.436796E+00   1.200000E+02  -1.443520E+00
  9.480000000000E+00   5.672915E+00   4.422904E-01   6.545313E+01   1.109534E-01   9.695044E-03   1.434738E+00   1.200000E+02  -1.432595E+00
  9.485000000000E+00   5.675108E+00   4.356596E-01   6.547346E+01   1.110014E-01   9.509937E-03   1.429209E+00   1.200000E+02  -1.422129E+00
  9.490000000000E+00   5.677281E+00   4.350494E-01   6.550395E+01   1.110487E-01   9.431421E-03   1.420058E+00   1.200000E+02  -1.412586E+00
  9.495000000000E+00   5.679469E+00   4.413048E-01   6.554478E+01   1.110959E-01   9.474939E-03   1.407265E+00   1.200000E+02  -1.404492E+00
  9.500000000000E+00   5.681706E+00   4.546401E-01   6.559401E+01   1.111436E-01   9.640723E-03   1.390932E+00   1.200000E+02  -1.398370E+00
  9.505000000000E+00   5.684026E+00   4.745237E-01   6.564776E+01   1.111925E-01   9.911849E-03   1.371250E+00   1.200000E+02  -1.394680E+00
  9.510000000000E+00   5.686460E+00   4.997189E-01   6.570101E+01   1.112429E-01   1.025640E-02   1.348470E+00   1.200000E+02  -1.393741E+00
  9.515000000000E+00   5.689029E+00   5.284475E-01   6.574874E+01   1.112951E-01   1.063276E-02   1.322915E+00   1.200000E+02  -1.395687E+00
  9.520000000000E+00   5.691746E+00   5.586196E-01   6.578686E+01   1.113492E-01   1.099661E-02   1.295036E+00   1.200000E+02  -1.400433E+00
  9.525000000000E+00   5.694614E+00   5.880693E-01   6.581274E+01   1.114050E-01   1.130773E-02   1.265485E+00   1.200000E+02  -1.407678E+00
  9.530000000000E+00   5.697623E+00   6.147418E-01   6.582522E+01   1.114621E-01   1.153538E-02   1.235184E+00   1.200000E+02  -1.416927E+00
  9.535000000000E+00   5.700754E+00   6.368044E-01   6.582445E+01   1.115201E-01   1.166092E-02   1.205352E+00   1.200000E+02  -1.427533E+00
  9.540000000000E+00   5.703981E+00   6.526839E-01   6.581142E+01   1.115785E-01   1.167777E-02   1.177492E+00   1.200000E+02  -1.438744E+00
  9.545000000000E+00   5.707269E+00   6.610700E-01   6.578760E+01   1.116368E-01   1.158920E-02   1.153320E+00   1.200000E+02  -1.449750E+00
  9.550000000000E+00   5.710578E+00   6.609369E-01   6.575465E+01   1.116943E-01   1.140496E-02   1.134646E+00   1.200000E+02  -1.459725E+00
  9.555000000000E+00   5.713863E+00   6.516301E-01   6.571419E+01   1.117507E-01   1.113778E-02   1.123199E+00   1.200000E+02  -1.467878E+00
  9.560000000000E+00   5.717079E+00   6.330289E-01   6.566779E+01   1.118055E-01   1.080057E-02   1.120406E+00   1.200000E+02  -1.473497E+00
  9.565000000000E+00   5.720180E+00   6.057489E-01   6.561707E+01   1.118586E-01   1.040536E-02   1.127149E+00   1.200000E+02  -1.476006E+00
  9.570000000000E+00   5.723125E+00   5.713048E-01   6.556383E+01   1.119095E-01   9.964286E-03   1.143517E+00   1.200000E+02  -1.475026E+00
  9.575000000000E+00   5.725885E+00   5.321360E-01   6.551041E+01   1.119582E-01   9.492760E-03   1.168639E+00   1.200000E+02  -1.470438E+00
  9.580000000000E+00   5.728444E+00   4.914187E-01   6.546002E+01   1.120044E-01   9.013316E-03   1.200630E+00   1.200000E+02  -1.462413E+00
  9.585000000000E+00   5.730802E+00   4.526487E-01   6.541690E+01   1.120483E-01   8.557414E-03   1.236720E+00   1.200000E+02  -1.451422E+00
  9.590000000000E+00   5.732979E+00   4.190668E-01   6.538606E+01   1.120901E-01   8.162351E-03   1.273553E+00   1.200000E+02  -1.438194E+00
  9.595000000000E+00   5.735005E+00   3.930852E-01   6.537224E+01   1.121301E-01   7.862684E-03   1.307608E+00   1.200000E+02  -1.423630E+00
  9.600000000000E+00   5.736924E+00   3.758996E-01   6.537833E+01   1.121689E-01   7.679312E-03   1.335624E+00   1.200000E+02  -1.408683E+00
  9.605000000000E+00   5.738778E+00   3.674177E-01   6.540392E+01   1.122071E-01   7.611753E-03   1.354966E+00   1.200000E+02  -1.394241E+00
  9.610000000000E+00   5.740610E+00   3.665002E-01   6.544516E+01   1.122452E-01   7.637740E-03   1.363855E+00   1.200000E+02  -1.381026E+00
  9.615000000000E+00   5.742453E+00   3.713930E-01   6.549605E+01   1.122836E-01   7.720276E-03   1.361489E+00   1.200000E+02  -1.369535E+00
  9.620000000000E+00   5.744330E+00   3.801983E-01   6.555032E+01   1.123224E-01   7.818779E-03   1.348042E+00   1.200000E+02  -1.360037E+00
  9.625000000000E+00   5.746258E+00   3.912656E-01   6.560300E+01   1.123617E-01   7.899990E-03   1.324581E+00   1.200000E+02  -1.352603E+00
  9.630000000000E+00   5.748245E+00   4.034365E-01   6.565108E+01   1.124014E-01   7.945157E-03   1.292913E+00   1.200000E+02  -1.347164E+00
  9.635000000000E+00   5.750293E+00   4.161106E-01   6.569339E+01   1.124411E-01   7.951876E-03   1.255401E+00   1.200000E+02  -1.343577E+00
  9.640000000000E+00   5.752406E+00   4.291365E-01   6.573001E+01   1.124808E-01   7.930957E-03   1.214769E+00   1.200000E+02  -1.341687E+00
  9.645000000000E+00   5.754585E+00   4.425665E-01   6.576143E+01   1.125204E-01   7.900218E-03   1.173902E+00   1.200000E+02  -1.341352E+00
  9.650000000000E+00   5.756833E+00   4.563534E-01   6.578790E+01   1.125599E-01   7.877775E-03   1.135660E+00   1.200000E+02  -1.342454E+00
  9.655000000000E+00   5.759149E+00   4.700838E-01   6.580893E+01   1.125992E-01   7.876865E-03   1.102714E+00   1.200000E+02  -1.344861E+00
  9.660000000000E+00   5.761532E+00   4.828346E-01   6.582335E+01   1.126387E-01   7.903083E-03   1.077403E+00   1.200000E+02  -1.348386E+00
  9.665000000000E+00   5.763973E+00   4.932095E-01   6.582958E+01   1.126783E-01   7.953749E-03   1.061602E+00   1.200000E+02  -1.352740E+00
  9.670000000000E+00   5.766458E+00   4.995601E-01   6.582615E+01   1.127182E-01   8.018590E-03   1.056596E+00   1.200000E+02  -1.357500E+00
  9.675000000000E+00   5.768960E+00   5.003428E-01   6.581223E+01   1.127585E-01   8.081182E-03   1.062952E+00   1.200000E+02  -1.362121E+00
  9.680000000000E+00   5.771450E+00   4.945186E-01   6.578791E+01   1.127990E-01   8.121202E-03   1.080398E+00   1.200000E+02  -1.365981E+00
  9.685000000000E+00   5.773894E+00   4.818791E-01   6.575437E+01   1.128396E-01   8.117970E-03   1.107730E+00   1.200000E+02  -1.368463E+00
  9.690000000000E+00   5.776259E+00   4.631947E-01   6.571387E+01   1.128801E-01   8.055322E-03   1.142816E+00   1.200000E+02  -1.369049E+00
  9.695000000000E+00   5.778519E+00   4.401250E-01   6.566956E+01   1.129201E-01   7.926731E-03   1.182720E+00   1.200000E+02  -1.367409E+00
  9.700000000000E+00   5.780657E+00   4.149023E-01   6.562527E+01   1.129593E-01   7.738353E-03   1.223979E+00   1.200000E+02  -1.363450E+00
  9.705000000000E+00   5.782669E+00   3.898696E-01   6.558511E+01   1.129974E-01   7.507842E-03   1.262993E+00   1.200000E+02  -1.357326E+00
  9.710000000000E+00   5.784559E+00   3.670112E-01   6.555277E+01   1.130343E-01   7.258567E-03   1.296470E+00   1.200000E+02  -1.349388E+00
  9.715000000000E+00   5.786344E+00   3.476146E-01   6.553089E+01   1.130700E-01   7.011666E-03   1.321811E+00   1.200000E+02  -1.340114E+00
  9.720000000000E+00   5.788042E+00   3.321601E-01   6.552042E+01   1.131044E-01   6.779875E-03   1.337368E+00   1.200000E+02  -1.330010E+00
  9.725000000000E+00   5.789672E+00   3.204462E-01   6.552057E+01   1.131378E-01   6.566128E-03   1.342554E+00   1.200000E+02  -1.319539E+00
  9.730000000000E+00   5.791251E+00   3.118737E-01   6.552935E+01   1.131701E-01   6.367007E-03   1.337804E+00   1.200000E+02  -1.309069E+00
  9.735000000000E+00   5.792795E+00   3.057717E-01   6.554450E+01   1.132015E-01   6.178576E-03   1.324425E+00   1.200000E+02  -1.298863E+00
  9.740000000000E+00   5.794312E+00   3.016542E-01   6.556425E+01   1.132319E-01   6.001318E-03   1.304381E+00   1.200000E+02  -1.289100E+00
  9.745000000000E+00   5.795814E+00   2.993408E-01   6.558781E+01   1.132615E-01   5.842061E-03   1.280039E+00   1.200000E+02  -1.279911E+00
  9.750000000000E+00   5.797309E+00   2.989300E-01   6.561516E+01   1.132904E-01   5.712574E-03   1.253910E+00   1.200000E+02  -1.271416E+00
  9.755000000000E+00   5.798807E+00   3.006593E-01   6.564661E+01   1.133187E-01   5.626058E-03   1.228406E+00   1.200000E+02  -1.263745E+00
  9.760000000000E+00   5.800319E+00   3.047162E-01   6.568210E+01   1.133467E-01   5.593282E-03   1.205642E+00   1.200000E+02  -1.257049E+00
  9.765000000000E+00   5.801858E+00   3.110703E-01   6.572073E+01   1.133748E-01   5.619738E-03   1.187299E+00   1.200000E+02  -1.251475E+00
  9.770000000000E+00   5.803433E+00   3.193771E-01   6.576062E+01   1.134030E-01   5.704365E-03   1.174545E+00   1.200000E+02  -1.247145E+00
  9.775000000000E+00   5.805053E+00   3.289775E-01   6.579920E+01   1.134319E-01   5.839740E-03   1.168014E+00   1.200000E+02  -1.244119E+00
  9.780000000000E+00   5.806723E+00   3.389856E-01   6.583376E+01   1.134615E-01   6.013285E-03   1.167829E+00   1.200000E+02  -1.242377E+00
  9.785000000000E+00   5.808442E+00   3.484358E-01   6.586197E+01   1.134920E-01   6.209068E-03   1.173649E+00   1.200000E+02  -1.241801E+00
  9.790000000000E+00   5.810205E+00   3.564479E-01   6.588232E+01   1.135236E-01   6.409836E-03   1.184731E+00   1.200000E+02  -1.242187E+00
  9.795000000000E+00   5.812003E+00   3.623628E-01   6.589426E+01   1.135561E-01   6.598980E-03   1.199999E+00   1.200000E+02  -1.243268E+00
  9.800000000000E+00   5.813825E+00   3.658144E-01   6.589814E+01   1.135895E-01   6.762085E-03   1.218128E+00   1.200000E+02  -1.244746E+00
  9.805000000000E+00   5.815658E+00   3.667229E-01   6.589493E+01   1.136237E-01   6.887805E-03   1.237641E+00   1.200000E+02  -1.246324E+00
  9.810000000000E+00   5.817488E+00   3.652202E-01   6.588594E+01   1.136583E-01   6.967931E-03   1.257019E+00   1.200000E+02  -1.247735E+00
  9.815000000000E+00   5.819306E+00   3.615430E-01   6.587251E+01   1.136933E-01   6.996875E-03   1.274819E+00   1.200000E+02  -1.248753E+00
  9.820000000000E+00   5.821101E+00   3.559367E-01   6.585574E+01   1.137282E-01   6.971053E-03   1.289791E+00   1.200000E+02  -1.249200E+00
  9.825000000000E+00   5.822863E+00   3.486066E-01   6.583643E+01   1.137629E-01   6.888748E-03   1.300981E+00   1.200000E+02  -1.248933E+00
  9.830000000000E+00   5.824584E+00   3.397325E-01   6.581515E+01   1.137970E-01   6.750766E-03   1.307801E+00   1.200000E+02  -1.247844E+00
  9.835000000000E+00   5.826258E+00   3.295346E-01   6.579244E+01   1.138303E-01   6.561727E-03   1.310066E+00   1.200000E+02  -1.245853E+00
  9.840000000000E+00   5.827878E+00   3.183564E-01   6.576909E+01   1.138626E-01   6.331337E-03   1.307988E+00   1.200000E+02  -1.242914E+00
  9.845000000000E+00   5.829441E+00   3.067220E-01   6.574635E+01   1.138936E-01   6.074811E-03   1.302145E+00   1.200000E+02  -1.239029E+00
  9.850000000000E+00   5.830946E+00   2.953328E-01   6.572599E+01   1.139233E-01   5.811873E-03   1.293426E+00   1.200000E+02  -1.234261E+00
  9.855000000000E+00   5.832396E+00   2.849940E-01   6.571027E+01   1.139517E-01   5.564342E-03   1.282955E+00   1.200000E+02  -1.228748E+00
  9.860000000000E+00   5.833799E+00   2.764882E-01   6.570146E+01   1.139790E-01   5.352941E-03   1.272011E+00   1.200000E+02  -1.222695E+00
  9.865000000000E+00   5.835165E+00   2.704391E-01   6.570140E+01   1.140054E-01   5.194320E-03   1.261926E+00   1.200000E+02  -1.216365E+00
  9.870000000000E+00   5.836508E+00   2.672096E-01   6.571095E+01   1.140311E-01   5.099156E-03   1.253961E+00   1.200000E+02  -1.210052E+00
  9.875000000000E+00   5.837841E+00   2.668643E-01   6.572971E+01   1.140565E-01   5.071691E-03   1.249177E+00   1.200000E+02  -1.204047E+00
  9.880000000000E+00   5.839180E+00   2.692015E-01   6.575612E+01   1.140819E-01   5.110446E-03   1.248296E+00   1.200000E+02  -1.198612E+00
  9.885000000000E+00   5.840537E+00   2.738314E-01   6.578786E+01   1.141077E-01   5.209528E-03   1.251587E+00   1.200000E+02  -1.193960E+00
  9.890000000000E+00   5.841922E+00   2.802727E-01   6.582238E+01   1.141341E-01   5.359951E-03   1.258791E+00   1.200000E+02  -1.190242E+00
  9.895000000000E+00   5.843342E+00   2.880333E-01   6.585735E+01   1.141613E-01   5.550610E-03   1.269119E+00   1.200000E+02  -1.187548E+00
  9.900000000000E+00   5.844803E+00   2.966573E-01   6.589086E+01   1.141896E-01   5.768802E-03   1.281314E+00   1.200000E+02  -1.185915E+00
  9.905000000000E+00   5.846309E+00   3.057269E-01   6.592147E+01   1.142190E-01   6.000320E-03   1.293801E+00   1.200000E+02  -1.185332E+00
  9.910000000000E+00   5.847861E+00   3.148265E-01   6.594804E+01   1.142496E-01   6.229337E-03   1.304886E+00   1.200000E+02  -1.185746E+00
  9.915000000000E+00   5.849457E+00   3.234885E-01   6.596958E+01   1.142813E-01   6.438381E-03   1.312990E+00   1.200000E+02  -1.187062E+00
  9.920000000000E+00   5.851094E+00   3.311495E-01   6.598509E+01   1.143139E-01   6.608875E-03   1.316889E+00   1.200000E+02  -1.189139E+00
  9.925000000000E+00   5.852766E+00   3.371451E-01   6.599358E+01   1.143473E-01   6.722629E-03   1.315903E+00   1.200000E+02  -1.191780E+00
  9.930000000000E+00   5.854462E+00   3.407604E-01   6.599415E+01   1.143810E-01   6.764360E-03   1.310035E+00   1.200000E+02  -1.194731E+00
  9.935000000000E+00   5.856168E+00   3.413383E-01   6.598618E+01   1.144148E-01   6.724814E-03   1.300015E+00   1.200000E+02  -1.197682E+00
  9.940000000000E+00   5.857869E+00   3.384250E-01   6.596956E+01   1.144482E-01   6.603572E-03   1.287241E+00   1.200000E+02  -1.200288E+00
  9.945000000000E+00   5.859547E+00   3.319138E-01   6.594482E+01   1.144807E-01   6.410465E-03   1.273635E+00   1.200000E+02  -1.202200E+00
  9.950000000000E+00   5.861183E+00   3.221423E-01   6.591335E+01   1.145122E-01   6.164895E-03   1.261396E+00   1.200000E+02  -1.203109E+00
  9.955000000000E+00   5.862764E+00   3.099024E-01   6.587739E+01   1.145423E-01   5.893061E-03   1.252715E+00   1.200000E+02  -1.202787E+00
  9.960000000000E+00   5.864280E+00   2.963461E-01   6.583999E+01   1.145711E-01   5.623839E-03   1.249463E+00   1.200000E+02  -1.201131E+00
  9.965000000000E+00   5.865728E+00   2.827996E-01   6.580481E+01   1.145986E-01   5.384419E-03   1.252904E+00   1.200000E+02  -1.198174E+00
  9.970000000000E+00   5.867110E+00   2.705317E-01   6.577559E+01   1.146250E-01   5.196650E-03   1.263485E+00   1.200000E+02  -1.194084E+00
  9.975000000000E+00   5.868437E+00   2.605441E-01   6.575556E+01   1.146507E-01   5.074636E-03   1.280726E+00   1.200000E+02  -1.189132E+00
  9.980000000000E+00   5.869720E+00   2.534405E-01   6.574675E+01   1.146759E-01   5.023708E-03   1.303235E+00   1.200000E+02  -1.183654E+00
  9.985000000000E+00   5.870976E+00   2.494047E-01   6.574959E+01   1.147010E-01   5.040654E-03   1.328848E+00   1.200000E+02  -1.177999E+00
  9.990000000000E+00   5.872219E+00   2.482750E-01   6.576298E+01   1.147264E-01   5.115060E-03   1.354875E+00   1.200000E+02  -1.172488E+00
  9.995000000000E+00   5.873463E+00   2.496699E-01   6.578478E+01   1.147523E-01   5.231471E-03   1.378425E+00   1.200000E+02  -1.167392E+00
  1.000000000000E+01   5.874719E+00   2.531179E-01   6.581241E+01   1.147788E-01   5.372019E-03   1.396762E+00   1.200000E+02  -1.162917E+00
  1.000500000000E+01   5.875997E+00   2.581518E-01   6.584340E+01   1.148060E-01   5.519018E-03   1.407664E+00   1.200000E+02  -1.159206E+00
  1.001000000000E+01   5.877302E+00   2.643516E-01   6.587563E+01   1.148339E-01   5.657014E-03   1.409711E+00   1.200000E+02  -1.156346E+00
  1.001500000000E+01   5.878641E+00   2.713341E-01   6.590734E+01   1.148625E-01   5.773970E-03   1.402504E+00   1.200000E+02  -1.154379E+00
  1.002000000000E+01   5.880016E+00   2.787064E-01   6.593697E+01   1.148916E-01   5.861559E-03   1.386740E+00   1.200000E+02  -1.153303E+00
  1.002500000000E+01   5.881428E+00   2.860072E-01   6.596302E+01   1.149211E-01   5.914851E-03   1.364167E+00   1.200000E+02  -1.153075E+00
  1.003000000000E+01   5.882875E+00   2.926651E-01   6.598392E+01   1.149507E-01   5.931806E-03   1.337378E+00   1.200000E+02  -1.153600E+00
  1.003500000000E+01   5.884353E+00   2.980021E-01   6.599810E+01   1.149803E-01   5.912832E-03   1.309507E+00   1.200000E+02  -1.154723E+00
  1.004000000000E+01   5.885852E+00   3.012935E-01   6.600416E+01   1.150098E-01   5.860389E-03   1.283831E+00   1.200000E+02  -1.156226E+00
  1.004500000000E+01   5.887361E+00   3.018852E-01   6.600110E+01   1.150389E-01   5.778535E-03   1.263360E+00   1.200000E+02  -1.157832E+00
  1.005000000000E+01   5.888866E+00   2.993427E-01   6.598860E+01   1.150675E-01   5.672383E-03   1.250449E+00   1.200000E+02  -1.159225E+00
  1.005500000000E+01   5.890350E+00   2.935944E-01   6.596721E+01   1.150956E-01   5.547716E-03   1.246507E+00   1.200000E+02  -1.160084E+00
  1.006000000000E+01   5.891797E+00   2.850223E-01   6.593853E+01   1.151230E-01   5.411104E-03   1.251833E+00   1.200000E+02  -1.160124E+00
  1.006500000000E+01   5.893197E+00   2.744604E-01   6.590525E+01   1.151497E-01   5.270560E-03   1.265602E+00   1.200000E+02  -1.159149E+00
  1.007000000000E+01   5.894541E+00   2.630841E-01   6.587107E+01   1.151757E-01   5.136205E-03   1.286005E+00   1.200000E+02  -1.157080E+00
  1.007500000000E+01   5.895828E+00   2.522071E-01   6.584035E+01   1.152011E-01   5.020052E-03   1.310518E+00   1.200000E+02  -1.153977E+00
  1.008000000000E+01   5.897066E+00   2.430375E-01   6.581737E+01   1.152260E-01   4.934253E-03   1.336253E+00   1.200000E+02  -1.150027E+00
  1.008500000000E+01   5.898263E+00   2.364629E-01   6.580551E+01   1.152505E-01   4.888138E-03   1.360325E+00   1.200000E+02  -1.145516E+00
  1.009000000000E+01   5.899435E+00   2.329239E-01   6.580634E+01   1.152749E-01   4.885258E-03   1.380197E+00   1.200000E+02  -1.140780E+00
  1.009500000000E+01   5.900597E+00   2.324007E-01   6.581924E+01   1.152994E-01   4.921843E-03   1.393937E+00   1.200000E+02  -1.136151E+00
  1.010000000000E+01   5.901763E+00   2.344910E-01   6.584175E+01   1.153242E-01   4.987411E-03   1.400394E+00   1.200000E+02  -1.131917E+00
  1.010500000000E+01   5.902945E+00   2.385422E-01   6.587024E+01   1.153493E-01   5.067291E-03   1.399265E+00   1.200000E+02  -1.128291E+00
  1.011000000000E+01   5.904151E+00   2.437968E-01   6.590093E+01   1.153748E-01   5.146162E-03   1.391064E+00   1.200000E+02  -1.125397E+00
  1.011500000000E+01   5.905384E+00   2.495252E-01   6.593057E+01   1.154008E-01   5.211549E-03   1.377017E+00   1.200000E+02  -1.123274E+00
  1.012000000000E+01   5.906646E+00   2.551299E-01   6.595686E+01   1.154269E-01   5.256364E-03   1.358889E+00   1.200000E+02  -1.121887E+00
  1.012500000000E+01   5.907934E+00   2.602087E-01   6.597863E+01   1.154533E-01   5.279942E-03   1.338784E+00   1.200000E+02  -1.121153E+00
  1.013000000000E+01   5.909247E+00   2.645719E-01   6.599563E+01   1.154797E-01   5.287456E-03   1.318919E+00   1.200000E+02  -1.120962E+00
  1.013500000000E+01   5.910579E+00   2.682132E-01   6.600830E+01   1.155061E-01   5.288060E-03   1.301412E+00   1.200000E+02  -1.121202E+00
  1.014000000000E+01   5.911928E+00   2.712450E-01   6.601744E+01   1.155326E-01   5.292316E-03   1.288080E+00   1.200000E+02  -1.121776E+00
  1.014500000000E+01   5.913291E+00   2.738175E-01   6.602390E+01   1.155591E-01   5.309594E-03   1.280269E+00   1.200000E+02  -1.122606E+00
  1.015000000000E+01   5.914665E+00   2.760414E-01   6.602829E+01   1.155857E-01   5.345922E-03   1.278729E+00   1.200000E+02  -1.123634E+00
  1.015500000000E+01   5.916050E+00   2.779365E-01   6.603086E+01   1.156126E-01   5.402618E-03   1.283529E+00   1.200000E+02  -1.124812E+00
  1.016000000000E+01   5.917444E+00   2.794146E-01   6.603151E+01   1.156398E-01   5.475845E-03   1.294057E+00   1.200000E+02  -1.126093E+00
  1.016500000000E+01   5.918844E+00   2.803020E-01   6.602987E+01   1.156674E-01   5.557139E-03   1.309078E+00   1.200000E+02  -1.127416E+00
  1.017000000000E+01   5.920246E+00   2.803909E-01   6.602554E+01   1.156953E-01   5.634878E-03   1.326883E+00   1.200000E+02  -1.128707E+00
  1.017500000000E+01   5.921646E+00   2.795061E-01   6.601827E+01   1.157237E-01   5.696531E-03   1.345499E+00   1.200000E+02  -1.129873E+00
  1.018000000000E+01   5.923039E+00   2.775690E-01   6.600812E+01   1.157523E-01   5.731299E-03   1.362949E+00   1.200000E+02  -1.130814E+00
  1.018500000000E+01   5.924420E+00   2.746401E-01   6.599557E+01   1.157809E-01   5.732554E-03   1.377523E+00   1.200000E+02  -1.131437E+00
  1.019000000000E+01   5.925784E+00   2.709299E-01   6.598153E+01   1.158095E-01   5.699424E-03   1.388022E+00   1.200000E+02  -1.131667E+00
  1.019500000000E+01   5.927129E+00   2.667725E-01   6.596722E+01   1.158379E-01   5.637043E-03   1.393922E+00   1.200000E+02  -1.131466E+00
  1.020000000000E+01   5.928452E+00   2.625716E-01   6.595405E+01   1.158659E-01   5.555404E-03   1.395434E+00   1.200000E+02  -1.130835E+00
  1.020500000000E+01   5.929755E+00   2.587307E-01   6.594331E+01   1.158934E-01   5.467218E-03   1.393443E+00   1.200000E+02  -1.129819E+00
  1.021000000000E+01   5.931040E+00   2.555870E-01   6.593602E+01   1.159205E-01   5.385447E-03   1.389331E+00   1.200000E+02  -1.128501E+00
  1.021500000000E+01   5.932312E+00   2.533654E-01   6.593276E+01   1.159473E-01   5.321175E-03   1.384718E+00   1.200000E+02  -1.126986E+00
  1.022000000000E+01   5.933576E+00   2.521596E-01   6.593355E+01   1.159738E-01   5.282211E-03   1.381169E+00   1.200000E+02  -1.125389E+00
  1.022500000000E+01   5.934836E+00   2.519410E-01   6.593794E+01   1.160002E-01   5.272493E-03   1.379916E+00   1.200000E+02  -1.123821E+00
  1.023000000000E+01   5.936096E+00   2.525871E-01   6.594515E+01   1.160266E-01   5.292115E-03   1.381659E+00   1.200000E+02  -1.122379E+00
  1.023500000000E+01   5.937362E+00   2.539166E-01   6.595422E+01   1.160531E-01   5.337757E-03   1.386470E+00   1.200000E+02  -1.121135E+00
  1.024000000000E+01   5.938636E+00   2.557201E-01   6.596417E+01   1.160800E-01   5.403310E-03   1.393809E+00   1.200000E+02  -1.120138E+00
  1.024500000000E+01   5.939920E+00   2.577788E-01   6.597410E+01   1.161072E-01   5.480564E-03   1.402657E+00   1.200000E+02  -1.119410E+00
  1.025000000000E+01   5.941214E+00   2.598674E-01   6.598318E+01   1.161348E-01   5.559911E-03   1.411723E+00   1.200000E+02  -1.118948E+00
  1.025500000000E+01   5.942518E+00   2.617459E-01   6.599067E+01   1.161628E-01   5.631027E-03   1.419679E+00   1.200000E+02  -1.118727E+00
  1.026000000000E+01   5.943831E+00   2.631493E-01   6.599579E+01   1.161911E-01   5.683591E-03   1.425400E+00   1.200000E+02  -1.118695E+00
  1.026500000000E+01   5.945149E+00   2.637854E-01   6.599778E+01   1.162196E-01   5.708122E-03   1.428144E+00   1.200000E+02  -1.118774E+00
  1.027000000000E+01   5.946467E+00   2.633512E-01   6.599592E+01   1.162481E-01   5.696975E-03   1.427664E+00   1.200000E+02  -1.118861E+00
  1.027500000000E+01   5.947780E+00   2.615724E-01   6.598960E+01   1.162765E-01   5.645481E-03   1.424244E+00   1.200000E+02  -1.118828E+00
  1.028000000000E+01   5.949080E+00   2.582617E-01   6.597848E+01   1.163045E-01   5.553052E-03   1.418646E+00   1.200000E+02  -1.118530E+00
  1.028500000000E+01   5.950360E+00   2.533844E-01   6.596267E+01   1.163319E-01   5.423966E-03   1.412002E+00   1.200000E+02  -1.117819E+00
  1.029000000000E+01   5.951612E+00   2.471128E-01   6.594290E+01   1.163587E-01   5.267548E-03   1.405663E+00   1.200000E+02  -1.116563E+00
  1.029500000000E+01   5.952830E+00   2.398479E-01   6.592062E+01   1.163846E-01   5.097523E-03   1.401021E+00   1.200000E+02  -1.114670E+00
  1.030000000000E+01   5.954010E+00   2.321932E-01   6.589802E+01   1.164097E-01   4.930557E-03   1.399326E+00   1.200000E+02  -1.112105E+00
  1.030500000000E+01   5.955152E+00   2.248768E-01   6.587784E+01   1.164339E-01   4.784142E-03   1.401518E+00   1.200000E+02  -1.108907E+00
  1.031000000000E+01   5.956260E+00   2.186338E-01   6.586300E+01   1.164576E-01   4.674181E-03   1.408088E+00   1.200000E+02  -1.105189E+00
  1.031500000000E+01   5.957341E+00   2.140762E-01   6.585600E+01   1.164808E-01   4.612657E-03   1.418986E+00   1.200000E+02  -1.101128E+00
  1.032000000000E+01   5.958404E+00   2.115825E-01   6.585832E+01   1.165038E-01   4.605704E-03   1.433597E+00   1.200000E+02  -1.096943E+00
  1.032500000000E+01   5.959460E+00   2.112317E-01   6.586988E+01   1.165269E-01   4.652350E-03   1.450776E+00   1.200000E+02  -1.092864E+00
  1.033000000000E+01   5.960520E+00   2.127902E-01   6.588903E+01   1.165504E-01   4.744063E-03   1.468967E+00   1.200000E+02  -1.089099E+00
  1.033500000000E+01   5.961591E+00   2.157481E-01   6.591284E+01   1.165744E-01   4.865241E-03   1.486372E+00   1.200000E+02  -1.085802E+00
  1.034000000000E+01   5.962678E+00   2.193945E-01   6.593771E+01   1.165990E-01   4.994825E-03   1.501165E+00   1.200000E+02  -1.083056E+00
  1.034500000000E+01   5.963784E+00   2.229231E-01   6.596009E+01   1.166243E-01   5.109134E-03   1.511727E+00   1.200000E+02  -1.080857E+00
  1.035000000000E+01   5.964906E+00   2.255580E-01   6.597702E+01   1.166501E-01   5.185761E-03   1.516865E+00   1.200000E+02  -1.079118E+00
  1.035500000000E+01   5.966038E+00   2.266838E-01   6.598658E+01   1.166761E-01   5.207905E-03   1.515996E+00   1.200000E+02  -1.077683E+00
  1.036000000000E+01   5.967170E+00   2.259569E-01   6.598806E+01   1.167020E-01   5.168064E-03   1.509273E+00   1.200000E+02  -1.076352E+00
  1.036500000000E+01   5.968294E+00   2.233733E-01   6.598203E+01   1.167277E-01   5.069952E-03   1.497608E+00   1.200000E+02  -1.074921E+00
  1.037000000000E+01   5.969401E+00   2.192709E-01   6.597022E+01   1.167527E-01   4.927872E-03   1.482608E+00   1.200000E+02  -1.073215E+00
  1.037500000000E+01   5.970485E+00   2.142588E-01   6.595532E+01   1.167769E-01   4.763624E-03   1.466387E+00   1.200000E+02  -1.071119E+00
  1.038000000000E+01   5.971544E+00   2.090886E-01   6.594056E+01   1.168003E-01   4.601849E-03   1.451292E+00   1.200000E+02  -1.068598E+00
  1.038500000000E+01   5.972577E+00   2.044975E-01   6.592911E+01   1.168230E-01   4.465219E-03   1.439567E+00   1.200000E+02  -1.065700E+00
  1.039000000000E+01   5.973590E+00   2.010656E-01   6.592348E+01   1.168450E-01   4.370713E-03   1.433028E+00   1.200000E+02  -1.062538E+00
  1.039500000000E+01   5.974590E+00   1.991208E-01   6.592499E+01   1.168668E-01   4.327603E-03   1.432785E+00   1.200000E+02  -1.059269E+00
  1.040000000000E+01   5.975584E+00   1.987060E-01   6.593350E+01   1.168884E-01   4.337032E-03   1.439090E+00   1.200000E+02  -1.056059E+00
  1.040500000000E+01   5.976579E+00   1.996034E-01   6.594753E+01   1.169102E-01   4.392704E-03   1.451318E+00   1.200000E+02  -1.053056E+00
  1.041000000000E+01   5.977582E+00   2.013966E-01   6.596467E+01   1.169324E-01   4.482209E-03   1.468086E+00   1.200000E+02  -1.050365E+00
  1.041500000000E+01   5.978594E+00   2.035498E-01   6.598218E+01   1.169551E-01   4.588761E-03   1.487481E+00   1.200000E+02  -1.048035E+00
  1.042000000000E+01   5.979617E+00   2.054918E-01   6.599743E+01   1.169783E-01   4.693357E-03   1.507357E+00   1.200000E+02  -1.046054E+00
  1.042500000000E+01   5.980648E+00   2.066948E-01   6.600827E+01   1.170020E-01   4.777319E-03   1.525643E+00   1.200000E+02  -1.044350E+00
  1.043000000000E+01   5.981682E+00   2.067443E-01   6.601328E+01   1.170260E-01   4.825023E-03   1.540626E+00   1.200000E+02  -1.042807E+00
  1.043500000000E+01   5.982713E+00   2.053939E-01   6.601181E+01   1.170501E-01   4.826397E-03   1.551162E+00   1.200000E+02  -1.041279E+00
  1.044000000000E+01   5.983733E+00   2.026010E-01   6.600406E+01   1.170742E-01   4.778644E-03   1.556804E+00   1.200000E+02  -1.039612E+00
  1.044500000000E+01   5.984737E+00   1.985373E-01   6.599102E+01   1.170978E-01   4.686760E-03   1.557813E+00   1.200000E+02  -1.037669E+00
  1.045000000000E+01   5.985717E+00   1.935688E-01   6.597445E+01   1.171210E-01   4.562614E-03   1.555085E+00   1.200000E+02  -1.035347E+00
  1.045500000000E+01   5.986672E+00   1.882047E-01   6.595671E+01   1.171434E-01   4.422775E-03   1.549971E+00   1.200000E+02  -1.032595E+00
  1.046000000000E+01   5.987600E+00   1.830186E-01   6.594053E+01   1.171652E-01   4.285533E-03   1.544052E+00   1.200000E+02  -1.029425E+00
  1.046500000000E+01   5.988503E+00   1.785567E-01   6.592862E+01   1.171863E-01   4.167794E-03   1.538878E+00   1.200000E+02  -1.025906E+00
  1.047000000000E+01   5.989387E+00   1.752465E-01   6.592316E+01   1.172069E-01   4.082469E-03   1.535718E+00   1.200000E+02  -1.022154E+00
  1.047500000000E+01   5.990258E+00   1.733274E-01   6.592532E+01   1.172272E-01   4.036727E-03   1.535375E+00   1.200000E+02  -1.018318E+00
  1.048000000000E+01   5.991123E+00   1.728119E-01   6.593490E+01   1.172474E-01   4.031210E-03   1.538073E+00   1.200000E+02  -1.014549E+00
  1.048500000000E+01   5.991988E+00   1.734828E-01   6.595033E+01   1.172676E-01   4.060101E-03   1.543467E+00   1.200000E+02  -1.010982E+00
  1.049000000000E+01   5.992859E+00   1.749231E-01   6.596895E+01   1.172880E-01   4.111926E-03   1.550735E+00   1.200000E+02  -1.007710E+00
  1.049500000000E+01   5.993738E+00   1.765768E-01   6.598755E+01   1.173087E-01   4.171107E-03   1.558761E+00   1.200000E+02  -1.004770E+00
  1.050000000000E+01   5.994624E+00   1.778345E-01   6.600293E+01   1.173297E-01   4.220304E-03   1.566358E+00   1.200000E+02  -1.002136E+00
  1.050500000000E+01   5.995514E+00   1.781377E-01   6.601244E+01   1.173509E-01   4.243449E-03   1.572494E+00   1.200000E+02  -9.997168E-01
  1.051000000000E+01   5.996403E+00   1.770869E-01   6.601442E+01   1.173721E-01   4.229002E-03   1.576487E+00   1.200000E+02  -9.973785E-01
  1.051500000000E+01   5.997283E+00   1.745285E-01   6.600842E+01   1.173931E-01   4.172644E-03   1.578135E+00   1.200000E+02  -9.949619E-01
  1.052000000000E+01   5.998146E+00   1.705969E-01   6.599533E+01   1.174137E-01   4.078508E-03   1.577769E+00   1.200000E+02  -9.923148E-01
  1.052500000000E+01   5.998987E+00   1.656913E-01   6.597728E+01   1.174338E-01   3.958370E-03   1.576199E+00   1.200000E+02  -9.893210E-01
  1.053000000000E+01   5.999802E+00   1.603868E-01   6.595734E+01   1.174533E-01   3.828870E-03   1.574581E+00   1.200000E+02  -9.859224E-01
  1.053500000000E+01   6.000591E+00   1.553009E-01   6.593899E+01   1.174721E-01   3.707573E-03   1.574194E+00   1.200000E+02  -9.821280E-01
  1.054000000000E+01   6.001357E+00   1.509535E-01   6.592535E+01   1.174904E-01   3.609087E-03   1.576183E+00   1.200000E+02  -9.780074E-01
  1.054500000000E+01   6.002103E+00   1.476631E-01   6.591845E+01   1.175083E-01   3.542307E-03   1.581325E+00   1.200000E+02  -9.736715E-01
  1.055000000000E+01   6.002835E+00   1.455037E-01   6.591877E+01   1.175259E-01   3.509304E-03   1.589850E+00   1.200000E+02  -9.692468E-01
  1.055500000000E+01   6.003559E+00   1.443230E-01   6.592526E+01   1.175434E-01   3.505738E-03   1.601385E+00   1.200000E+02  -9.648491E-01
  1.056000000000E+01   6.004279E+00   1.438052E-01   6.593569E+01   1.175610E-01   3.522321E-03   1.615009E+00   1.200000E+02  -9.605633E-01
  1.056500000000E+01   6.004998E+00   1.435532E-01   6.594736E+01   1.175787E-01   3.546877E-03   1.629412E+00   1.200000E+02  -9.564321E-01
  1.057000000000E+01   6.005715E+00   1.431709E-01   6.595766E+01   1.175965E-01   3.566620E-03   1.643112E+00   1.200000E+02  -9.524535E-01
  1.057500000000E+01   6.006429E+00   1.423313E-01   6.596455E+01   1.176143E-01   3.570333E-03   1.654699E+00   1.200000E+02  -9.485868E-01
  1.058000000000E+01   6.007137E+00   1.408203E-01   6.596678E+01   1.176321E-01   3.550125E-03   1.663044E+00   1.200000E+02  -9.447646E-01
  1.058500000000E+01   6.007836E+00   1.385539E-01   6.596388E+01   1.176498E-01   3.502427E-03   1.667464E+00   1.200000E+02  -9.409062E-01
  1.059000000000E+01   6.008521E+00   1.355686E-01   6.595614E+01   1.176671E-01   3.428088E-03   1.667816E+00   1.200000E+02  -9.369325E-01
  1.059500000000E+01   6.009190E+00   1.319934E-01   6.594434E+01   1.176840E-01   3.331650E-03   1.664503E+00   1.200000E+02  -9.327764E-01
  1.060000000000E+01   6.009841E+00   1.280148E-01   6.592965E+01   1.177004E-01   3.220104E-03   1.658405E+00   1.200000E+02  -9.283908E-01
  1.060500000000E+01   6.010470E+00   1.238439E-01   6.591341E+01   1.177162E-01   3.101560E-03   1.650742E+00   1.200000E+02  -9.237518E-01
  1.061000000000E+01   6.011079E+00   1.196942E-01   6.589711E+01   1.177314E-01   2.984139E-03   1.642904E+00   1.200000E+02  -9.188589E-01
  1.061500000000E+01   6.011668E+00   1.157688E-01   6.588225E+01   1.177461E-01   2.875249E-03   1.636261E+00   1.200000E+02  -9.137333E-01
  1.062000000000E+01   6.012237E+00   1.122529E-01   6.587037E+01   1.177602E-01   2.781164E-03   1.631996E+00   1.200000E+02  -9.084161E-01
  1.062500000000E+01   6.012791E+00   1.093049E-01   6.586292E+01   1.177739E-01   2.706742E-03   1.630978E+00   1.200000E+02  -9.029647E-01
  1.063000000000E+01   6.013332E+00   1.070405E-01   6.586105E+01   1.177873E-01   2.655122E-03   1.633673E+00   1.200000E+02  -8.974490E-01
  1.063500000000E+01   6.013863E+00   1.055096E-01   6.586531E+01   1.178005E-01   2.627312E-03   1.640124E+00   1.200000E+02  -8.919448E-01
  1.064000000000E+01   6.014388E+00   1.046727E-01   6.587539E+01   1.178136E-01   2.621707E-03   1.649962E+00   1.200000E+02  -8.865262E-01
  1.064500000000E+01   6.014910E+00   1.043823E-01   6.588990E+01   1.178267E-01   2.633668E-03   1.662467E+00   1.200000E+02  -8.812543E-01
  1.065000000000E+01   6.015432E+00   1.043791E-01   6.590639E+01   1.178400E-01   2.655370E-03   1.676637E+00   1.200000E+02  -8.761668E-01
  1.065500000000E+01   6.015954E+00   1.043096E-01   6.592164E+01   1.178533E-01   2.676169E-03   1.691287E+00   1.200000E+02  -8.712669E-01
  1.066000000000E+01   6.016474E+00   1.037717E-01   6.593207E+01   1.178667E-01   2.683759E-03   1.705144E+00   1.200000E+02  -8.665172E-01
  1.066500000000E+01   6.016990E+00   1.023860E-01   6.593438E+01   1.178801E-01   2.666190E-03   1.716969E+00   1.200000E+02  -8.618395E-01
  1.067000000000E+01   6.017496E+00   9.988378E-02   6.592603E+01   1.178933E-01   2.614560E-03   1.725681E+00   1.200000E+02  -8.571230E-01
  1.067500000000E+01   6.017987E+00   9.619003E-02   6.590591E+01   1.179062E-01   2.525686E-03   1.730509E+00   1.200000E+02  -8.522420E-01
  1.068000000000E+01   6.018457E+00   9.147160E-02   6.587472E+01   1.179185E-01   2.403780E-03   1.731120E+00   1.200000E+02  -8.470796E-01
  1.068500000000E+01   6.018901E+00   8.612309E-02   6.583528E+01   1.179302E-01   2.260152E-03   1.727733E+00   1.200000E+02  -8.415535E-01
  1.069000000000E+01   6.019318E+00   8.068188E-02   6.579240E+01   1.179411E-01   2.110654E-03   1.721142E+00   1.200000E+02  -8.356345E-01
  1.069500000000E+01   6.019708E+00   7.569533E-02   6.575219E+01   1.179513E-01   1.971632E-03   1.712644E+00   1.200000E+02  -8.293533E-01
  1.070000000000E+01   6.020076E+00   7.159083E-02   6.572064E+01   1.179609E-01   1.856041E-03   1.703852E+00   1.200000E+02  -8.227921E-01
  1.070500000000E+01   6.020426E+00   6.859818E-02   6.570213E+01   1.179699E-01   1.771215E-03   1.696439E+00   1.200000E+02  -8.160654E-01
  1.071000000000E+01   6.020764E+00   6.674075E-02   6.569834E+01   1.179786E-01   1.718691E-03   1.691847E+00   1.200000E+02  -8.092972E-01
  1.071500000000E+01   6.021095E+00   6.587346E-02   6.570801E+01   1.179871E-01   1.695306E-03   1.691048E+00   1.200000E+02  -8.026004E-01
  1.072000000000E+01   6.021424E+00   6.573498E-02   6.572759E+01   1.179956E-01   1.694569E-03   1.694379E+00   1.200000E+02  -7.960622E-01
  1.072500000000E+01   6.021753E+00   6.599655E-02   6.575221E+01   1.180041E-01   1.707813E-03   1.701490E+00   1.200000E+02  -7.897352E-01
  1.073000000000E+01   6.022084E+00   6.630754E-02   6.577671E+01   1.180127E-01   1.725208E-03   1.711397E+00   1.200000E+02  -7.836343E-01
  1.073500000000E+01   6.022416E+00   6.634283E-02   6.579649E+01   1.180213E-01   1.736944E-03   1.722640E+00   1.200000E+02  -7.777373E-01
  1.074000000000E+01   6.022746E+00   6.585123E-02   6.580812E+01   1.180300E-01   1.734654E-03   1.733518E+00   1.200000E+02  -7.719918E-01
  1.074500000000E+01   6.023073E+00   6.469549E-02   6.580968E+01   1.180387E-01   1.712876E-03   1.742376E+00   1.200000E+02  -7.663262E-01
  1.075000000000E+01   6.023392E+00   6.287098E-02   6.580084E+01   1.180471E-01   1.670061E-03   1.747888E+00   1.200000E+02  -7.606633E-01
  1.075500000000E+01   6.023701E+00   6.049396E-02   6.578280E+01   1.180553E-01   1.608664E-03   1.749306E+00   1.200000E+02  -7.549347E-01
  1.076000000000E+01   6.023997E+00   5.776141E-02   6.575786E+01   1.180632E-01   1.534198E-03   1.746591E+00   1.200000E+02  -7.490908E-01
  1.076500000000E+01   6.024278E+00   5.489599E-02   6.572901E+01   1.180707E-01   1.453578E-03   1.740422E+00   1.200000E+02  -7.431068E-01
  1.077000000000E+01   6.024546E+00   5.209555E-02   6.569926E+01   1.180777E-01   1.373416E-03   1.732056E+00   1.200000E+02  -7.369808E-01
  1.077500000000E+01   6.024800E+00   4.950229E-02   6.567119E+01   1.180844E-01   1.298838E-03   1.723076E+00   1.200000E+02  -7.307298E-01
  1.078000000000E+01   6.025041E+00   4.719546E-02   6.564663E+01   1.180907E-01   1.233032E-03   1.715089E+00   1.200000E+02  -7.243817E-01
  1.078500000000E+01   6.025272E+00   4.520127E-02   6.562658E+01   1.180968E-01   1.177390E-03   1.709423E+00   1.200000E+02  -7.179692E-01
  1.079000000000E+01   6.025494E+00   4.350937E-02   6.561139E+01   1.181025E-01   1.131912E-03   1.706904E+00   1.200000E+02  -7.115246E-01
  1.079500000000E+01   6.025708E+00   4.208784E-02   6.560085E+01   1.181081E-01   1.095629E-03   1.707718E+00   1.200000E+02  -7.050774E-01
  1.080000000000E+01   6.025915E+00   4.089288E-02   6.559441E+01   1.181135E-01   1.066933E-03   1.711418E+00   1.200000E+02  -6.986517E-01
  1.080500000000E+01   6.026117E+00   3.987364E-02   6.559121E+01   1.181188E-01   1.043801E-03   1.717028E+00   1.200000E+02  -6.922663E-01
  1.081000000000E+01   6.026314E+00   3.897433E-02   6.559014E+01   1.181239E-01   1.023970E-03   1.723245E+00   1.200000E+02  -6.859340E-01
  1.081500000000E+01   6.026507E+00   3.813639E-02   6.558994E+01   1.181290E-01   1.005123E-03   1.728688E+00   1.200000E+02  -6.796608E-01
  1.082000000000E+01   6.026695E+00   3.730248E-02   6.558922E+01   1.181340E-01   9.851231E-04   1.732149E+00   1.200000E+02  -6.734466E-01
  1.082500000000E+01   6.026880E+00   3.642316E-02   6.558673E+01   1.181389E-01   9.622987E-04   1.732799E+00   1.200000E+02  -6.672857E-01
  1.083000000000E+01   6.027059E+00   3.546510E-02   6.558149E+01   1.181436E-01   9.357183E-04   1.730315E+00   1.200000E+02  -6.611679E-01
  1.083500000000E+01   6.027234E+00   3.441829E-02   6.557305E+01   1.181482E-01   9.053784E-04   1.724909E+00   1.200000E+02  -6.550810E-01
  1.084000000000E+01   6.027404E+00   3.329904E-02   6.556162E+01   1.181527E-01   8.722065E-04   1.717265E+00   1.200000E+02  -6.490135E-01
  1.084500000000E+01   6.027567E+00   3.214662E-02   6.554812E+01   1.181569E-01   8.378419E-04   1.708390E+00   1.200000E+02  -6.429572E-01
  1.085000000000E+01   6.027725E+00   3.101339E-02   6.553394E+01   1.181610E-01   8.042377E-04   1.699423E+00   1.200000E+02  -6.369092E-01
  1.085500000000E+01   6.027877E+00   2.995123E-02   6.552070E+01   1.181650E-01   7.731955E-04   1.691427E+00   1.200000E+02  -6.308725E-01
  1.086000000000E+01   6.028025E+00   2.899818E-02   6.550977E+01   1.181688E-01   7.459655E-04   1.685210E+00   1.200000E+02  -6.248550E-01
  1.086500000000E+01   6.028168E+00   2.816916E-02   6.550187E+01   1.181724E-01   7.230039E-04   1.681204E+00   1.200000E+02  -6.188671E-01
  1.087000000000E+01   6.028307E+00   2.745271E-02   6.549691E+01   1.181760E-01   7.039193E-04   1.679416E+00   1.200000E+02  -6.129197E-01
  1.087500000000E+01   6.028442E+00   2.681403E-02   6.549387E+01   1.181795E-01   6.875919E-04   1.679459E+00   1.200000E+02  -6.070206E-01
  1.088000000000E+01   6.028575E+00   2.620343E-02   6.549111E+01   1.181829E-01   6.724367E-04   1.680644E+00   1.200000E+02  -6.011730E-01
  1.088500000000E+01   6.028704E+00   2.556867E-02   6.548676E+01   1.181862E-01   6.567686E-04   1.682123E+00   1.200000E+02  -5.953744E-01
  1.089000000000E+01   6.028830E+00   2.486855E-02   6.547917E+01   1.181894E-01   6.392097E-04   1.683046E+00   1.200000E+02  -5.896175E-01
  1.089500000000E+01   6.028953E+00   2.408451E-02   6.546740E+01   1.181926E-01   6.190428E-04   1.682705E+00   1.200000E+02  -5.838916E-01
  1.090000000000E+01   6.029071E+00   2.322630E-02   6.545154E+01   1.181956E-01   5.964014E-04   1.680655E+00   1.200000E+02  -5.781858E-01
  1.090500000000E+01   6.029185E+00   2.232982E-02   6.543272E+01   1.181986E-01   5.722226E-04   1.676775E+00   1.200000E+02  -5.724923E-01
  1.091000000000E+01   6.029294E+00   2.144749E-02   6.541300E+01   1.182014E-01   5.479775E-04   1.671284E+00   1.200000E+02  -5.668078E-01
  1.091500000000E+01   6.029400E+00   2.063499E-02   6.539489E+01   1.182040E-01   5.252833E-04   1.664689E+00   1.200000E+02  -5.611356E-01
  1.092000000000E+01   6.029501E+00   1.993884E-02   6.538085E+01   1.182066E-01   5.055371E-04   1.657691E+00   1.200000E+02  -5.554841E-01
  1.092500000000E+01   6.029599E+00   1.938819E-02   6.537276E+01   1.182091E-01   4.896708E-04   1.651064E+00   1.200000E+02  -5.498659E-01
  1.093000000000E+01   6.029695E+00   1.899162E-02   6.537152E+01   1.182115E-01   4.780522E-04   1.645515E+00   1.200000E+02  -5.442956E-01
  1.093500000000E+01   6.029789E+00   1.873800E-02   6.537698E+01   1.182139E-01   4.704979E-04   1.641570E+00   1.200000E+02  -5.387872E-01
  1.094000000000E+01   6.029883E+00   1.859967E-02   6.538794E+01   1.182162E-01   4.663506E-04   1.639476E+00   1.200000E+02  -5.333524E-01
  1.094500000000E+01   6.029975E+00   1.853709E-02   6.540247E+01   1.182186E-01   4.645874E-04   1.639155E+00   1.200000E+02  -5.279992E-01
  1.095000000000E+01   6.030068E+00   1.850417E-02   6.541821E+01   1.182209E-01   4.639484E-04   1.640208E+00   1.200000E+02  -5.227309E-01
  1.095500000000E+01   6.030160E+00   1.845410E-02   6.543276E+01   1.182232E-01   4.630853E-04   1.641963E+00   1.200000E+02  -5.175457E-01
  1.096000000000E+01   6.030252E+00   1.834515E-02   6.544398E+01   1.182255E-01   4.607252E-04   1.643578E+00   1.200000E+02  -5.124368E-01
  1.096500000000E+01   6.030344E+00   1.814577E-02   6.545020E+01   1.182278E-01   4.558365E-04   1.644162E+00   1.200000E+02  -5.073941E-01
  1.097000000000E+01   6.030434E+00   1.783826E-02   6.545037E+01   1.182301E-01   4.477709E-04   1.642916E+00   1.200000E+02  -5.024046E-01
  1.097500000000E+01   6.030522E+00   1.742049E-02   6.544412E+01   1.182323E-01   4.363540E-04   1.639265E+00   1.200000E+02  -4.974546E-01
  1.098000000000E+01   6.030608E+00   1.690558E-02   6.543179E+01   1.182344E-01   4.219066E-04   1.632958E+00   1.200000E+02  -4.925314E-01
  1.098500000000E+01   6.030691E+00   1.631964E-02   6.541441E+01   1.182365E-01   4.051894E-04   1.624130E+00   1.200000E+02  -4.876245E-01
  1.099000000000E+01   6.030771E+00   1.569799E-02   6.539362E+01   1.182385E-01   3.872808E-04   1.613308E+00   1.200000E+02  -4.827269E-01
  1.099500000000E+01   6.030848E+00   1.508048E-02   6.537159E+01   1.182404E-01   3.694138E-04   1.601353E+00   1.200000E+02  -4.778361E-01
  1.100000000000E+01   6.030922E+00   1.450635E-02   6.535080E+01   1.182422E-01   3.528020E-04   1.589365E+00   1.200000E+02  -4.729535E-01
  1.100500000000E+01   6.030993E+00   1.400959E-02   6.533375E+01   1.182439E-01   3.384881E-04   1.578540E+00   1.200000E+02  -4.680850E-01
  1.101000000000E+01   6.031062E+00   1.361505E-02   6.532259E+01   1.182456E-01   3.272335E-04   1.570008E+00   1.200000E+02  -4.632392E-01
  1.101500000000E+01   6.031129E+00   1.333586E-02   6.531878E+01   1.182472E-01   3.194541E-04   1.564680E+00   1.200000E+02  -4.584269E-01
  1.102000000000E+01   6.031196E+00   1.317191E-02   6.532275E+01   1.182488E-01   3.151913E-04   1.563111E+00   1.200000E+02  -4.536595E-01
  1.102500000000E+01   6.031261E+00   1.310952E-02   6.533377E+01   1.182503E-01   3.141062E-04   1.565407E+00   1.200000E+02  -4.489474E-01
  1.103000000000E+01   6.031327E+00   1.312223E-02   6.534998E+01   1.182519E-01   3.154943E-04   1.571193E+00   1.200000E+02  -4.442987E-01
  1.103500000000E+01   6.031393E+00   1.317341E-02   6.536871E+01   1.182535E-01   3.183356E-04   1.579635E+00   1.200000E+02  -4.397180E-01
  1.104000000000E+01   6.031459E+00   1.322115E-02   6.538691E+01   1.182551E-01   3.214014E-04   1.589532E+00   1.200000E+02  -4.352057E-01
  1.104500000000E+01   6.031525E+00   1.322530E-02   6.540173E+01   1.182567E-01   3.234355E-04   1.599453E+00   1.200000E+02  -4.307576E-01
  1.105000000000E+01   6.031591E+00   1.315560E-02   6.541102E+01   1.182583E-01   3.233862E-04   1.607910E+00   1.200000E+02  -4.263658E-01
  1.105500000000E+01   6.031656E+00   1.299841E-02   6.541375E+01   1.182599E-01   3.206296E-04   1.613550E+00   1.200000E+02  -4.220200E-01
  1.106000000000E+01   6.031721E+00   1.275932E-02   6.541018E+01   1.182615E-01   3.150972E-04   1.615334E+00   1.200000E+02  -4.177096E-01
  1.106500000000E+01   6.031784E+00   1.246049E-02   6.540169E+01   1.182631E-01   3.072514E-04   1.612678E+00   1.200000E+02  -4.134260E-01
  1.107000000000E+01   6.031845E+00   1.213342E-02   6.539046E+01   1.182646E-01   2.979147E-04   1.605547E+00   1.200000E+02  -4.091635E-01
  1.107500000000E+01   6.031905E+00   1.181011E-02   6.537886E+01   1.182660E-01   2.880265E-04   1.594469E+00   1.200000E+02  -4.049199E-01
  1.108000000000E+01   6.031963E+00   1.151554E-02   6.536895E+01   1.182675E-01   2.784208E-04   1.580479E+00   1.200000E+02  -4.006963E-01
  1.108500000000E+01   6.032020E+00   1.126348E-02   6.536200E+01   1.182688E-01   2.696884E-04   1.565002E+00   1.200000E+02  -3.964959E-01
  1.109000000000E+01   6.032076E+00   1.105591E-02   6.535834E+01   1.182702E-01   2.621399E-04   1.549671E+00   1.200000E+02  -3.923228E-01
  1.109500000000E+01   6.032131E+00   1.088541E-02   6.535747E+01   1.182715E-01   2.558457E-04   1.536132E+00   1.200000E+02  -3.881805E-01
  1.110000000000E+01   6.032185E+00   1.073941E-02   6.535836E+01   1.182727E-01   2.507194E-04   1.525839E+00   1.200000E+02  -3.840716E-01
  1.110500000000E+01   6.032238E+00   1.060508E-02   6.535993E+01   1.182740E-01   2.466100E-04   1.519876E+00   1.200000E+02  -3.799971E-01
  1.111000000000E+01   6.032291E+00   1.047356E-02   6.536137E+01   1.182752E-01   2.433799E-04   1.518839E+00   1.200000E+02  -3.759570E-01
  1.111500000000E+01   6.032343E+00   1.034241E-02   6.536247E+01   1.182764E-01   2.409486E-04   1.522759E+00   1.200000E+02  -3.719503E-01
  1.112000000000E+01   6.032394E+00   1.021557E-02   6.536360E+01   1.182776E-01   2.392963E-04   1.531121E+00   1.200000E+02  -3.679766E-01
  1.112500000000E+01   6.032445E+00   1.010095E-02   6.536557E+01   1.182788E-01   2.384279E-04   1.542922E+00   1.200000E+02  -3.640358E-01
  1.113000000000E+01   6.032495E+00   1.000661E-02   6.536919E+01   1.182800E-01   2.383132E-04   1.556804E+00   1.200000E+02  -3.601290E-01
  1.113500000000E+01   6.032545E+00   9.936841E-03   6.537497E+01   1.182812E-01   2.388205E-04   1.571212E+00   1.200000E+02  -3.562579E-01
  1.114000000000E+01   6.032595E+00   9.889390E-03   6.538277E+01   1.182824E-01   2.396716E-04   1.584566E+00   1.200000E+02  -3.524242E-01
  1.114500000000E+01   6.032644E+00   9.854678E-03   6.539172E+01   1.182836E-01   2.404356E-04   1.595435E+00   1.200000E+02  -3.486291E-01
  1.115000000000E+01   6.032693E+00   9.817243E-03   6.540035E+01   1.182848E-01   2.405775E-04   1.602675E+00   1.200000E+02  -3.448724E-01
  1.115500000000E+01   6.032742E+00   9.759268E-03   6.540693E+01   1.182860E-01   2.395608E-04   1.605544E+00   1.200000E+02  -3.411520E-01
  1.116000000000E+01   6.032791E+00   9.665364E-03   6.540992E+01   1.182872E-01   2.369811E-04   1.603759E+00   1.200000E+02  -3.374642E-01
  1.116500000000E+01   6.032839E+00   9.527201E-03   6.540839E+01   1.182883E-01   2.326895E-04   1.597515E+00   1.200000E+02  -3.338037E-01
  1.117000000000E+01   6.032886E+00   9.346348E-03   6.540229E+01   1.182895E-01   2.268562E-04   1.587456E+00   1.200000E+02  -3.301652E-01
  1.117500000000E+01   6.032932E+00   9.134168E-03   6.539256E+01   1.182906E-01   2.199444E-04   1.574607E+00   1.200000E+02  -3.265440E-01
  1.118000000000E+01   6.032977E+00   8.908754E-03   6.538086E+01   1.182917E-01   2.126014E-04   1.560271E+00   1.200000E+02  -3.229371E-01
  1.118500000000E+01   6.033021E+00   8.690121E-03   6.536926E+01   1.182927E-01   2.055096E-04   1.545895E+00   1.200000E+02  -3.193438E-01
  1.119000000000E+01   6.033064E+00   8.495372E-03   6.535966E+01   1.182938E-01   1.992481E-04   1.532928E+00   1.200000E+02  -3.157654E-01
  1.119500000000E+01   6.033106E+00   8.335240E-03   6.535344E+01   1.182947E-01   1.942023E-04   1.522666E+00   1.200000E+02  -3.122045E-01
  1.120000000000E+01   6.033148E+00   8.212634E-03   6.535110E+01   1.182957E-01   1.905293E-04   1.516115E+00   1.200000E+02  -3.086647E-01
  1.120500000000E+01   6.033189E+00   8.123125E-03   6.535228E+01   1.182966E-01   1.881707E-04   1.513874E+00   1.200000E+02  -3.051494E-01
  1.121000000000E+01   6.033229E+00   8.056933E-03   6.535595E+01   1.182976E-01   1.868968E-04   1.516063E+00   1.200000E+02  -3.016611E-01
  1.121500000000E+01   6.033269E+00   8.001871E-03   6.536069E+01   1.182985E-01   1.863706E-04   1.522308E+00   1.200000E+02  -2.982011E-01
  1.122000000000E+01   6.033309E+00   7.946560E-03   6.536520E+01   1.182994E-01   1.862206E-04   1.531775E+00   1.200000E+02  -2.947694E-01
  1.122500000000E+01   6.033349E+00   7.883125E-03   6.536853E+01   1.183004E-01   1.861115E-04   1.543275E+00   1.200000E+02  -2.913651E-01
  1.123000000000E+01   6.033388E+00   7.808632E-03   6.537033E+01   1.183013E-01   1.857969E-04   1.555408E+00   1.200000E+02  -2.879864E-01
  1.123500000000E+01   6.033427E+00   7.724880E-03   6.537083E+01   1.183022E-01   1.851419E-04   1.566741E+00   1.200000E+02  -2.846318E-01
  1.124000000000E+01   6.033465E+00   7.636704E-03   6.537064E+01   1.183032E-01   1.841098E-04   1.575991E+00   1.200000E+02  -2.813000E-01
  1.124500000000E+01   6.033503E+00   7.549492E-03   6.537044E+01   1.183041E-01   1.827232E-04   1.582185E+00   1.200000E+02  -2.779903E-01
  1.125000000000E+01   6.033541E+00   7.466817E-03   6.537071E+01   1.183050E-01   1.810173E-04   1.584775E+00   1.200000E+02  -2.747027E-01
  1.125500000000E+01   6.033578E+00   7.388951E-03   6.537150E+01   1.183059E-01   1.790041E-04   1.583684E+00   1.200000E+02  -2.714372E-01
  1.126000000000E+01   6.033614E+00   7.312662E-03   6.537240E+01   1.183068E-01   1.766619E-04   1.579290E+00   1.200000E+02  -2.681938E-01
  1.126500000000E+01   6.033651E+00   7.232317E-03   6.537264E+01   1.183076E-01   1.739515E-04   1.572341E+00   1.200000E+02  -2.649720E-01
  1.127000000000E+01   6.033687E+00   7.141948E-03   6.537138E+01   1.183085E-01   1.708514E-04   1.563830E+00   1.200000E+02  -2.617704E-01
  1.127500000000E+01   6.033722E+00   7.037620E-03   6.536802E+01   1.183094E-01   1.673964E-04   1.554840E+00   1.200000E+02  -2.585875E-01
  1.128000000000E+01   6.033757E+00   6.919341E-03   6.536244E+01   1.183102E-01   1.637035E-04   1.546399E+00   1.200000E+02  -2.554213E-01
  1.128500000000E+01   6.033791E+00   6.791806E-03   6.535519E+01   1.183110E-01   1.599719E-04   1.539354E+00   1.200000E+02  -2.522700E-01
  1.129000000000E+01   6.033825E+00   6.663704E-03   6.534743E+01   1.183118E-01   1.564569E-04   1.534291E+00   1.200000E+02  -2.491329E-01
  1.129500000000E+01   6.033858E+00   6.545804E-03   6.534071E+01   1.183126E-01   1.534248E-04   1.531498E+00   1.200000E+02  -2.460101E-01
  1.130000000000E+01   6.033891E+00   6.448466E-03   6.533664E+01   1.183133E-01   1.511017E-04   1.530981E+00   1.200000E+02  -2.429030E-01
  1.130500000000E+01   6.033923E+00   6.379269E-03   6.533649E+01   1.183141E-01   1.496289E-04   1.532499E+00   1.200000E+02  -2.398138E-01
  1.131000000000E+01   6.033954E+00   6.341263E-03   6.534086E+01   1.183148E-01   1.490323E-04   1.535641E+00   1.200000E+02  -2.367456E-01
  1.131500000000E+01   6.033986E+00   6.332100E-03   6.534947E+01   1.183156E-01   1.492086E-04   1.539884E+00   1.200000E+02  -2.337013E-01
  1.132000000000E+01   6.034018E+00   6.344092E-03   6.536118E+01   1.183163E-01   1.499290E-04   1.544671E+00   1.200000E+02  -2.306831E-01
  1.132500000000E+01   6.034050E+00   6.365238E-03   6.537419E+01   1.183171E-01   1.508644E-04   1.549453E+00   1.200000E+02  -2.276924E-01
  1.133000000000E+01   6.034081E+00   6.381190E-03   6.538632E+01   1.183178E-01   1.516326E-04   1.553738E+00   1.200000E+02  -2.247291E-01
  1.133500000000E+01   6.034113E+00   6.377953E-03   6.539549E+01   1.183186E-01   1.518639E-04   1.557117E+00   1.200000E+02  -2.217913E-01
  1.134000000000E+01   6.034145E+00   6.344836E-03   6.540011E+01   1.183193E-01   1.512759E-04   1.559293E+00   1.200000E+02  -2.188760E-01
  1.134500000000E+01   6.034177E+00   6.276892E-03   6.539936E+01   1.183201E-01   1.497355E-04   1.560105E+00   1.200000E+02  -2.159792E-01
  1.135000000000E+01   6.034208E+00   6.176052E-03   6.539338E+01   1.183208E-01   1.472906E-04   1.559545E+00   1.200000E+02  -2.130971E-01
  1.135500000000E+01   6.034238E+00   6.050589E-03   6.538324E+01   1.183216E-01   1.441572E-04   1.557777E+00   1.200000E+02  -2.102260E-01
  1.136000000000E+01   6.034268E+00   5.913073E-03   6.537072E+01   1.183223E-01   1.406678E-04   1.555123E+00   1.200000E+02  -2.073637E-01
  1.136500000000E+01   6.034298E+00   5.777543E-03   6.535799E+01   1.183230E-01   1.371980E-04   1.552041E+00   1.200000E+02  -2.045095E-01
  1.137000000000E+01   6.034326E+00   5.656753E-03   6.534721E+01   1.183236E-01   1.340943E-04   1.549067E+00   1.200000E+02  -2.016641E-01
  1.137500000000E+01   6.034354E+00   5.560097E-03   6.534011E+01   1.183243E-01   1.316185E-04   1.546730E+00   1.200000E+02  -1.988295E-01
  1.138000000000E+01   6.034382E+00   5.492457E-03   6.533775E+01   1.183250E-01   1.299152E-04   1.545459E+00   1.200000E+02  -1.960082E-01
  1.138500000000E+01   6.034409E+00   5.453918E-03   6.534029E+01   1.183256E-01   1.290014E-04   1.545492E+00   1.200000E+02  -1.932033E-01
  1.139000000000E+01   6.034436E+00   5.440158E-03   6.534707E+01   1.183263E-01   1.287719E-04   1.546806E+00   1.200000E+02  -1.904174E-01
  1.139500000000E+01   6.034464E+00   5.443398E-03   6.535676E+01   1.183269E-01   1.290201E-04   1.549095E+00   1.200000E+02  -1.876525E-01
  1.140000000000E+01   6.034491E+00   5.453819E-03   6.536763E+01   1.183275E-01   1.294712E-04   1.551798E+00   1.200000E+02  -1.849097E-01
  1.140500000000E+01   6.034518E+00   5.461341E-03   6.537792E+01   1.183282E-01   1.298289E-04   1.554187E+00   1.200000E+02  -1.821889E-01
  1.141000000000E+01   6.034545E+00   5.457505E-03   6.538617E+01   1.183288E-01   1.298306E-04   1.555495E+00   1.200000E+02  -1.794889E-01
  1.141500000000E+01   6.034573E+00   5.437083E-03   6.539147E+01   1.183295E-01   1.292988E-04   1.555069E+00   1.200000E+02  -1.768080E-01
  1.142000000000E+01   6.034600E+00   5.398951E-03   6.539361E+01   1.183301E-01   1.281766E-04   1.552511E+00   1.200000E+02  -1.741440E-01
  1.142500000000E+01   6.034627E+00   5.345976E-03   6.539304E+01   1.183308E-01   1.265337E-04   1.547785E+00   1.200000E+02  -1.714949E-01
  1.143000000000E+01   6.034653E+00   5.283919E-03   6.539072E+01   1.183314E-01   1.245416E-04   1.541254E+00   1.200000E+02  -1.688590E-01
  1.143500000000E+01   6.034679E+00   5.219706E-03   6.538786E+01   1.183320E-01   1.224264E-04   1.533649E+00   1.200000E+02  -1.662356E-01
  1.144000000000E+01   6.034705E+00   5.159571E-03   6.538557E+01   1.183326E-01   1.204130E-04   1.525955E+00   1.200000E+02  -1.636246E-01
  1.144500000000E+01   6.034731E+00   5.107537E-03   6.538460E+01   1.183332E-01   1.186764E-04   1.519246E+00   1.200000E+02  -1.610264E-01
  1.145000000000E+01   6.034756E+00   5.064523E-03   6.538516E+01   1.183338E-01   1.173079E-04   1.514495E+00   1.200000E+02  -1.584419E-01
  1.145500000000E+01   6.034782E+00   5.028206E-03   6.538682E+01   1.183344E-01   1.163021E-04   1.512393E+00   1.200000E+02  -1.558717E-01
  1.146000000000E+01   6.034807E+00   4.993619E-03   6.538865E+01   1.183350E-01   1.155616E-04   1.513215E+00   1.200000E+02  -1.533160E-01
  1.146500000000E+01   6.034832E+00   4.954369E-03   6.538943E+01   1.183356E-01   1.149205E-04   1.516759E+00   1.200000E+02  -1.507745E-01
  1.147000000000E+01   6.034856E+00   4.904246E-03   6.538792E+01   1.183361E-01   1.141813E-04   1.522370E+00   1.200000E+02  -1.482461E-01
  1.147500000000E+01   6.034881E+00   4.838880E-03   6.538323E+01   1.183367E-01   1.131614E-04   1.529043E+00   1.200000E+02  -1.457293E-01
  1.148000000000E+01   6.034905E+00   4.757010E-03   6.537501E+01   1.183373E-01   1.117367E-04   1.535583E+00   1.200000E+02  -1.432220E-01
  1.148500000000E+01   6.034928E+00   4.661004E-03   6.536360E+01   1.183378E-01   1.098728E-04   1.540802E+00   1.200000E+02  -1.407224E-01
  1.149000000000E+01   6.034951E+00   4.556480E-03   6.535002E+01   1.183384E-01   1.076333E-04   1.543700E+00   1.200000E+02  -1.382291E-01
  1.149500000000E+01   6.034974E+00   4.451188E-03   6.533582E+01   1.183389E-01   1.051634E-04   1.543619E+00   1.200000E+02  -1.357415E-01
  1.150000000000E+01   6.034996E+00   4.353517E-03   6.532282E+01   1.183394E-01   1.026568E-04   1.540325E+00   1.200000E+02  -1.332597E-01
  1.150500000000E+01   6.035017E+00   4.271066E-03   6.531282E+01   1.183399E-01   1.003165E-04   1.534032E+00   1.200000E+02  -1.307850E-01
  1.151000000000E+01   6.035039E+00   4.209565E-03   6.530727E+01   1.183404E-01   9.832036E-05   1.525344E+00   1.200000E+02  -1.283191E-01
  1.151500000000E+01   6.035059E+00   4.172255E-03   6.530709E+01   1.183409E-01   9.679812E-05   1.515153E+00   1.200000E+02  -1.258643E-01
  1.152000000000E+01   6.035080E+00   4.159653E-03   6.531253E+01   1.183414E-01   9.581957E-05   1.504505E+00   1.200000E+02  -1.234231E-01
  1.152500000000E+01   6.035101E+00   4.169598E-03   6.532309E+01   1.183419E-01   9.539166E-05   1.494455E+00   1.200000E+02  -1.209981E-01
  1.153000000000E+01   6.035122E+00   4.197460E-03   6.533766E+01   1.183423E-01   9.546085E-05   1.485944E+00   1.200000E+02  -1.185911E-01
  1.153500000000E+01   6.035143E+00   4.236490E-03   6.535461E+01   1.183428E-01   9.591838E-05   1.479694E+00   1.200000E+02  -1.162035E-01
  1.154000000000E+01   6.035164E+00   4.278314E-03   6.537197E+01   1.183433E-01   9.660809E-05   1.476157E+00   1.200000E+02  -1.138360E-01
  1.154500000000E+01   6.035186E+00   4.313642E-03   6.538767E+01   1.183438E-01   9.733819E-05   1.475486E+00   1.200000E+02  -1.114881E-01
  1.155000000000E+01   6.035207E+00   4.333220E-03   6.539970E+01   1.183443E-01   9.789859E-05   1.477548E+00   1.200000E+02  -1.091583E-01
  1.155500000000E+01   6.035229E+00   4.328995E-03   6.540634E+01   1.183448E-01   9.808498E-05   1.481956E+00   1.200000E+02  -1.068444E-01
  1.156000000000E+01   6.035251E+00   4.295367E-03   6.540634E+01   1.183452E-01   9.772804E-05   1.488123E+00   1.200000E+02  -1.045432E-01
  1.156500000000E+01   6.035272E+00   4.230278E-03   6.539912E+01   1.183457E-01   9.672324E-05   1.495319E+00   1.200000E+02  -1.022513E-01
  1.157000000000E+01   6.035293E+00   4.135830E-03   6.538485E+01   1.183462E-01   9.505396E-05   1.502743E+00   1.200000E+02  -9.996511E-02
  1.157500000000E+01   6.035313E+00   4.018212E-03   6.536457E+01   1.183467E-01   9.280032E-05   1.509590E+00   1.200000E+02  -9.768175E-02
  1.158000000000E+01   6.035333E+00   3.886840E-03   6.534009E+01   1.183471E-01   9.012931E-05   1.515127E+00   1.200000E+02  -9.539905E-02
  1.158500000000E+01   6.035352E+00   3.752928E-03   6.531391E+01   1.183476E-01   8.726770E-05   1.518760E+00   1.200000E+02  -9.311605E-02
  1.159000000000E+01   6.035371E+00   3.627817E-03   6.528890E+01   1.183480E-01   8.446475E-05   1.520091E+00   1.200000E+02  -9.083303E-02
  1.159500000000E+01   6.035389E+00   3.521464E-03   6.526792E+01   1.183484E-01   8.195430E-05   1.518967E+00   1.200000E+02  -8.855141E-02
  1.160000000000E+01   6.035406E+00   3.441339E-03   6.525345E+01   1.183488E-01   7.992423E-05   1.515495E+00   1.200000E+02  -8.627360E-02
  1.160500000000E+01   6.035423E+00   3.391784E-03   6.524718E+01   1.183492E-01   7.849690E-05   1.510032E+00   1.200000E+02  -8.400258E-02
  1.161000000000E+01   6.035440E+00   3.373728E-03   6.524971E+01   1.183496E-01   7.771973E-05   1.503142E+00   1.200000E+02  -8.174165E-02
  1.161500000000E+01   6.035457E+00   3.384641E-03   6.526044E+01   1.183500E-01   7.756332E-05   1.495525E+00   1.200000E+02  -7.949398E-02
  1.162000000000E+01   6.035474E+00   3.418687E-03   6.527762E+01   1.183504E-01   7.792512E-05   1.487930E+00   1.200000E+02  -7.726228E-02
  1.162500000000E+01   6.035491E+00   3.467141E-03   6.529863E+01   1.183508E-01   7.863899E-05   1.481053E+00   1.200000E+02  -7.504842E-02
  1.163000000000E+01   6.035508E+00   3.519253E-03   6.532036E+01   1.183512E-01   7.949284E-05   1.475455E+00   1.200000E+02  -7.285324E-02
  1.163500000000E+01   6.035526E+00   3.563644E-03   6.533971E+01   1.183516E-01   8.025615E-05   1.471503E+00   1.200000E+02  -7.067634E-02
  1.164000000000E+01   6.035544E+00   3.590125E-03   6.535403E+01   1.183520E-01   8.071582E-05   1.469337E+00   1.200000E+02  -6.851613E-02
  1.164500000000E+01   6.035562E+00   3.591555E-03   6.536154E+01   1.183524E-01   8.071374E-05   1.468883E+00   1.200000E+02  -6.637008E-02
  1.165000000000E+01   6.035580E+00   3.565160E-03   6.536151E+01   1.183528E-01   8.017572E-05   1.469894E+00   1.200000E+02  -6.423516E-02
  1.165500000000E+01   6.035598E+00   3.512856E-03   6.535433E+01   1.183532E-01   7.912204E-05   1.472012E+00   1.200000E+02  -6.210827E-02
  1.166000000000E+01   6.035615E+00   3.440466E-03   6.534131E+01   1.183536E-01   7.765606E-05   1.474843E+00   1.200000E+02  -5.998680E-02
  1.166500000000E+01   6.035632E+00   3.356150E-03   6.532444E+01   1.183540E-01   7.593536E-05   1.478014E+00   1.200000E+02  -5.786889E-02
  1.167000000000E+01   6.035649E+00   3.268603E-03   6.530600E+01   1.183543E-01   7.413567E-05   1.481215E+00   1.200000E+02  -5.575367E-02
  1.167500000000E+01   6.035665E+00   3.185555E-03   6.528822E+01   1.183547E-01   7.241835E-05   1.484220E+00   1.200000E+02  -5.364113E-02
  1.168000000000E+01   6.035680E+00   3.112836E-03   6.527299E+01   1.183551E-01   7.090825E-05   1.486873E+00   1.200000E+02  -5.153203E-02
  1.168500000000E+01   6.035696E+00   3.054042E-03   6.526161E+01   1.183554E-01   6.968365E-05   1.489065E+00   1.200000E+02  -4.942762E-02
  1.169000000000E+01   6.035711E+00   3.010637E-03   6.525478E+01   1.183558E-01   6.877587E-05   1.490699E+00   1.200000E+02  -4.732944E-02
  1.169500000000E+01   6.035726E+00   2.982298E-03   6.525261E+01   1.183561E-01   6.817521E-05   1.491672E+00   1.200000E+02  -4.523904E-02
  1.170000000000E+01   6.035741E+00   2.967355E-03   6.525469E+01   1.183564E-01   6.783989E-05   1.491858E+00   1.200000E+02  -4.315790E-02
  1.170500000000E+01   6.035756E+00   2.963208E-03   6.526023E+01   1.183568E-01   6.770602E-05   1.491124E+00   1.200000E+02  -4.108721E-02
  1.171000000000E+01   6.035771E+00   2.966705E-03   6.526823E+01   1.183571E-01   6.769746E-05   1.489361E+00   1.200000E+02  -3.902786E-02
  1.171500000000E+01   6.035785E+00   2.974470E-03   6.527759E+01   1.183575E-01   6.773531E-05   1.486516E+00   1.200000E+02  -3.698040E-02
  1.172000000000E+01   6.035800E+00   2.983194E-03   6.528724E+01   1.183578E-01   6.774680E-05   1.482640E+00   1.200000E+02  -3.494497E-02
  1.172500000000E+01   6.035815E+00   2.989921E-03   6.529622E+01   1.183581E-01   6.767333E-05   1.477903E+00   1.200000E+02  -3.292141E-02
  1.173000000000E+01   6.035830E+00   2.992321E-03   6.530379E+01   1.183585E-01   6.747702E-05   1.472604E+00   1.200000E+02  -3.090924E-02
  1.173500000000E+01   6.035845E+00   2.988936E-03   6.530946E+01   1.183588E-01   6.714506E-05   1.467146E+00   1.200000E+02  -2.890781E-02
  1.174000000000E+01   6.035860E+00   2.979343E-03   6.531309E+01   1.183591E-01   6.669061E-05   1.461990E+00   1.200000E+02  -2.691634E-02
  1.174500000000E+01   6.035875E+00   2.964180E-03   6.531486E+01   1.183595E-01   6.614984E-05   1.457593E+00   1.200000E+02  -2.493408E-02
  1.175000000000E+01   6.035890E+00   2.944992E-03   6.531524E+01   1.183598E-01   6.557485E-05   1.454346E+00   1.200000E+02  -2.296041E-02
  1.175500000000E+01   6.035904E+00   2.923890E-03   6.531490E+01   1.183601E-01   6.502345E-05   1.452517E+00   1.200000E+02  -2.099491E-02
  1.176000000000E+01   6.035919E+00   2.903070E-03   6.531453E+01   1.183605E-01   6.454738E-05   1.452215E+00   1.200000E+02  -1.903741E-02
  1.176500000000E+01   6.035933E+00   2.884289E-03   6.531474E+01   1.183608E-01   6.418099E-05   1.453379E+00   1.200000E+02  -1.708795E-02
  1.177000000000E+01   6.035948E+00   2.868407E-03   6.531582E+01   1.183611E-01   6.393240E-05   1.455790E+00   1.200000E+02  -1.514672E-02
  1.177500000000E+01   6.035962E+00   2.855097E-03   6.531770E+01   1.183614E-01   6.377884E-05   1.459105E+00   1.200000E+02  -1.321395E-02
  1.178000000000E+01   6.035976E+00   2.842820E-03   6.531986E+01   1.183617E-01   6.366777E-05   1.462903E+00   1.200000E+02  -1.128974E-02
  1.178500000000E+01   6.035990E+00   2.829100E-03   6.532148E+01   1.183621E-01   6.352467E-05   1.466730E+00   1.200000E+02  -9.374010E-03
  1.179000000000E+01   6.036005E+00   2.811097E-03   6.532160E+01   1.183624E-01   6.326734E-05   1.470146E+00   1.200000E+02  -7.466348E-03
  1.179500000000E+01   6.036019E+00   2.786386E-03   6.531937E+01   1.183627E-01   6.282481E-05   1.472759E+00   1.200000E+02  -5.566071E-03
  1.180000000000E+01   6.036032E+00   2.753748E-03   6.531430E+01   1.183630E-01   6.215658E-05   1.474250E+00   1.200000E+02  -3.672292E-03
  1.180500000000E+01   6.036046E+00   2.713743E-03   6.530651E+01   1.183633E-01   6.126661E-05   1.474387E+00   1.200000E+02  -1.784087E-03
  1.181000000000E+01   6.036060E+00   2.668857E-03   6.529677E+01   1.183636E-01   6.020715E-05   1.473040E+00   1.200000E+02   9.929202E-05
  1.181500000000E+01   6.036073E+00   2.623137E-03   6.528647E+01   1.183639E-01   5.907039E-05   1.470185E+00   1.200000E+02   1.978233E-03
  1.182000000000E+01   6.036086E+00   2.581414E-03   6.527739E+01   1.183642E-01   5.797004E-05   1.465915E+00   1.200000E+02   3.852630E-03
  1.182500000000E+01   6.036099E+00   2.548317E-03   6.527131E+01   1.183645E-01   5.701813E-05   1.460434E+00   1.200000E+02   5.721854E-03
  1.183000000000E+01   6.036111E+00   2.527310E-03   6.526969E+01   1.183648E-01   5.630259E-05   1.454057E+00   1.200000E+02   7.584833E-03
  1.183500000000E+01   6.036124E+00   2.519930E-03   6.527318E+01   1.183651E-01   5.586994E-05   1.447186E+00   1.200000E+02   9.440223E-03
  1.184000000000E+01   6.036137E+00   2.525306E-03   6.528150E+01   1.183653E-01   5.571489E-05   1.440282E+00   1.200000E+02   1.128665E-02
  1.184500000000E+01   6.036149E+00   2.540026E-03   6.529331E+01   1.183656E-01   5.577772E-05   1.433809E+00   1.200000E+02   1.312296E-02
  1.185000000000E+01   6.036162E+00   2.558434E-03   6.530642E+01   1.183659E-01   5.595032E-05   1.428184E+00   1.200000E+02   1.494853E-02
  1.185500000000E+01   6.036175E+00   2.573423E-03   6.531815E+01   1.183662E-01   5.609198E-05   1.423716E+00   1.200000E+02   1.676342E-02
  1.186000000000E+01   6.036188E+00   2.577740E-03   6.532581E+01   1.183665E-01   5.605494E-05   1.420560E+00   1.200000E+02   1.856849E-02
  1.186500000000E+01   6.036201E+00   2.565596E-03   6.532728E+01   1.183667E-01   5.571615E-05   1.418690E+00   1.200000E+02   2.036531E-02
  1.187000000000E+01   6.036213E+00   2.534141E-03   6.532139E+01   1.183670E-01   5.500746E-05   1.417902E+00   1.200000E+02   2.215594E-02
  1.187500000000E+01   6.036226E+00   2.484292E-03   6.530823E+01   1.183673E-01   5.393426E-05   1.417849E+00   1.200000E+02   2.394251E-02
  1.188000000000E+01   6.036238E+00   2.420544E-03   6.528919E+01   1.183675E-01   5.257494E-05   1.418100E+00   1.200000E+02   2.572686E-02
  1.188500000000E+01   6.036250E+00   2.349852E-03   6.526664E+01   1.183678E-01   5.106124E-05   1.418215E+00   1.200000E+02   2.751017E-02
  1.189000000000E+01   6.036262E+00   2.279980E-03   6.524357E+01   1.183681E-01   4.954659E-05   1.417818E+00   1.200000E+02   2.929283E-02
  1.189500000000E+01   6.036273E+00   2.217902E-03   6.522300E+01   1.183683E-01   4.817348E-05   1.416663E+00   1.200000E+02   3.107438E-02
  1.190000000000E+01   6.036284E+00   2.168661E-03   6.520738E+01   1.183685E-01   4.704851E-05   1.414657E+00   1.200000E+02   3.285373E-02
  1.190500000000E+01   6.036295E+00   2.134792E-03   6.519822E+01   1.183688E-01   4.622875E-05   1.411862E+00   1.200000E+02   3.462936E-02
  1.191000000000E+01   6.036305E+00   2.116257E-03   6.519579E+01   1.183690E-01   4.571857E-05   1.408458E+00   1.200000E+02   3.639963E-02
  1.191500000000E+01   6.036316E+00   2.110735E-03   6.519921E+01   1.183692E-01   4.547436E-05   1.404673E+00   1.200000E+02   3.816306E-02
  1.192000000000E+01   6.036326E+00   2.114177E-03   6.520668E+01   1.183695E-01   4.541510E-05   1.400719E+00   1.200000E+02   3.991850E-02
  1.192500000000E+01   6.036337E+00   2.121582E-03   6.521591E+01   1.183697E-01   4.543773E-05   1.396723E+00   1.200000E+02   4.166531E-02
  1.193000000000E+01   6.036348E+00   2.127922E-03   6.522463E+01   1.183699E-01   4.543593E-05   1.392693E+00   1.200000E+02   4.340341E-02
  1.193500000000E+01   6.036358E+00   2.129084E-03   6.523098E+01   1.183701E-01   4.531971E-05   1.388507E+00   1.200000E+02   4.513323E-02
  1.194000000000E+01   6.036369E+00   2.122590E-03   6.523385E+01   1.183704E-01   4.503145E-05   1.383958E+00   1.200000E+02   4.685555E-02
  1.194500000000E+01   6.036379E+00   2.107902E-03   6.523298E+01   1.183706E-01   4.455395E-05   1.378806E+00   1.200000E+02   4.857130E-02
  1.195000000000E+01   6.036390E+00   2.086199E-03   6.522884E+01   1.183708E-01   4.390807E-05   1.372867E+00   1.200000E+02   5.028139E-02
  1.195500000000E+01   6.036400E+00   2.059752E-03   6.522238E+01   1.183710E-01   4.314156E-05   1.366085E+00   1.200000E+02   5.198652E-02
  1.196000000000E+01   6.036410E+00   2.031117E-03   6.521474E+01   1.183712E-01   4.231323E-05   1.358585E+00   1.200000E+02   5.368711E-02
  1.196500000000E+01   6.036421E+00   2.002414E-03   6.520686E+01   1.183715E-01   4.147782E-05   1.350689E+00   1.200000E+02   5.538332E-02
  1.197000000000E+01   6.036430E+00   1.974880E-03   6.519933E+01   1.183717E-01   4.067566E-05   1.342880E+00   1.200000E+02   5.707514E-02
  1.197500000000E+01   6.036440E+00   1.948759E-03   6.519229E+01   1.183719E-01   3.992832E-05   1.335731E+00   1.200000E+02   5.876246E-02
  1.198000000000E+01   6.036450E+00   1.923504E-03   6.518546E+01   1.183721E-01   3.924009E-05   1.329804E+00   1.200000E+02   6.044521E-02
  1.198500000000E+01   6.036460E+00   1.898175E-03   6.517839E+01   1.183723E-01   3.860309E-05   1.325530E+00   1.200000E+02   6.212338E-02
  1.199000000000E+01   6.036469E+00   1.871907E-03   6.517060E+01   1.183724E-01   3.800407E-05   1.323115E+00   1.200000E+02   6.379709E-02
  1.199500000000E+01   6.036478E+00   1.844310E-03   6.516189E+01   1.183726E-01   3.743059E-05   1.322472E+00   1.200000E+02   6.546650E-02
  1.200000000000E+01   6.036487E+00   1.815670E-03   6.515237E+01   1.183728E-01   3.687524E-05   1.323208E+00   1.200000E+02   6.713180E-02
  1.200500000000E+01   6.036496E+00   1.786926E-03   6.514253E+01   1.183730E-01   3.633696E-05   1.324667E+00   1.200000E+02   6.879311E-02
  1.201000000000E+01   6.036505E+00   1.759438E-03   6.513311E+01   1.183732E-01   3.581971E-05   1.326020E+00   1.200000E+02   7.045040E-02
  1.201500000000E+01   6.036514E+00   1.734651E-03   6.512497E+01   1.183734E-01   3.532954E-05   1.326396E+00   1.200000E+02   7.210351E-02
  1.202000000000E+01   6.036523E+00   1.713762E-03   6.511883E+01   1.183735E-01   3.487130E-05   1.325025E+00   1.200000E+02   7.375211E-02
  1.202500000000E+01   6.036531E+00   1.697477E-03   6.511518E+01   1.183737E-01   3.444649E-05   1.321367E+00   1.200000E+02   7.539579E-02
  1.203000000000E+01   6.036540E+00   1.685914E-03   6.511418E+01   1.183739E-01   3.405292E-05   1.315208E+00   1.200000E+02   7.703409E-02
  1.203500000000E+01   6.036548E+00   1.678648E-03   6.511561E+01   1.183740E-01   3.368625E-05   1.306707E+00   1.200000E+02   7.866655E-02
  1.204000000000E+01   6.036556E+00   1.674858E-03   6.511904E+01   1.183742E-01   3.334260E-05   1.296371E+00   1.200000E+02   8.029281E-02
  1.204500000000E+01   6.036565E+00   1.673523E-03   6.512387E+01   1.183744E-01   3.302111E-05   1.284991E+00   1.200000E+02   8.191259E-02
  1.205000000000E+01   6.036573E+00   1.673608E-03   6.512949E+01   1.183745E-01   3.272500E-05   1.273514E+00   1.200000E+02   8.352574E-02
  1.205500000000E+01   6.036581E+00   1.674181E-03   6.513535E+01   1.183747E-01   3.246056E-05   1.262904E+00   1.200000E+02   8.513220E-02
  1.206000000000E+01   6.036590E+00   1.674449E-03   6.514098E+01   1.183749E-01   3.223404E-05   1.253999E+00   1.200000E+02   8.673202E-02
  1.206500000000E+01   6.036598E+00   1.673703E-03   6.514596E+01   1.183750E-01   3.204734E-05   1.247387E+00   1.200000E+02   8.832532E-02
  1.207000000000E+01   6.036607E+00   1.671237E-03   6.514988E+01   1.183752E-01   3.189407E-05   1.243328E+00   1.200000E+02   8.991231E-02
  1.207500000000E+01   6.036615E+00   1.666289E-03   6.515231E+01   1.183753E-01   3.175751E-05   1.241726E+00   1.200000E+02   9.149325E-02
  1.208000000000E+01   6.036623E+00   1.658073E-03   6.515278E+01   1.183755E-01   3.161163E-05   1.242156E+00   1.200000E+02   9.306850E-02
  1.208500000000E+01   6.036632E+00   1.645907E-03   6.515088E+01   1.183757E-01   3.142551E-05   1.243934E+00   1.200000E+02   9.463851E-02
  1.209000000000E+01   6.036640E+00   1.629439E-03   6.514637E+01   1.183758E-01   3.117051E-05   1.246224E+00   1.200000E+02   9.620377E-02
  1.209500000000E+01   6.036648E+00   1.608872E-03   6.513932E+01   1.183760E-01   3.082823E-05   1.248160E+00   1.200000E+02   9.776479E-02
  1.210000000000E+01   6.036656E+00   1.585123E-03   6.513018E+01   1.183761E-01   3.039688E-05   1.248960E+00   1.200000E+02   9.932199E-02
  1.210500000000E+01   6.036664E+00   1.559812E-03   6.511990E+01   1.183763E-01   2.989379E-05   1.248023E+00   1.200000E+02   1.008757E-01
  1.211000000000E+01   6.036671E+00   1.535080E-03   6.510975E+01   1.183764E-01   2.935300E-05   1.244994E+00   1.200000E+02   1.024260E-01
  1.211500000000E+01   6.036679E+00   1.513253E-03   6.510123E+01   1.183766E-01   2.881848E-05   1.239792E+00   1.200000E+02   1.039727E-01
  1.212000000000E+01   6.036687E+00   1.496441E-03   6.509575E+01   1.183767E-01   2.833527E-05   1.232595E+00   1.200000E+02   1.055155E-01
  1.212500000000E+01   6.036694E+00   1.486164E-03   6.509440E+01   1.183769E-01   2.794061E-05   1.223806E+00   1.200000E+02   1.070537E-01
  1.213000000000E+01   6.036701E+00   1.483069E-03   6.509766E+01   1.183770E-01   2.765724E-05   1.213984E+00   1.200000E+02   1.085866E-01
  1.213500000000E+01   6.036709E+00   1.486766E-03   6.510530E+01   1.183771E-01   2.748965E-05   1.203769E+00   1.200000E+02   1.101135E-01
  1.214000000000E+01   6.036716E+00   1.495821E-03   6.511636E+01   1.183773E-01   2.742357E-05   1.193808E+00   1.200000E+02   1.116339E-01
  1.214500000000E+01   6.036724E+00   1.507905E-03   6.512927E+01   1.183774E-01   2.742838E-05   1.184683E+00   1.200000E+02   1.131471E-01
  1.215000000000E+01   6.036731E+00   1.520110E-03   6.514214E+01   1.183775E-01   2.746218E-05   1.176852E+00   1.200000E+02   1.146532E-01
  1.215500000000E+01   6.036739E+00   1.529396E-03   6.515307E+01   1.183777E-01   2.747885E-05   1.170613E+00   1.200000E+02   1.161524E-01
  1.216000000000E+01   6.036747E+00   1.533110E-03   6.516043E+01   1.183778E-01   2.743576E-05   1.166078E+00   1.200000E+02   1.176451E-01
  1.216500000000E+01   6.036754E+00   1.529445E-03   6.516311E+01   1.183780E-01   2.730093E-05   1.163176E+00   1.200000E+02   1.191321E-01
  1.217000000000E+01   6.036762E+00   1.517733E-03   6.516067E+01   1.183781E-01   2.705760E-05   1.161661E+00   1.200000E+02   1.206142E-01
  1.217500000000E+01   6.036769E+00   1.498476E-03   6.515332E+01   1.183782E-01   2.670560E-05   1.161152E+00   1.200000E+02   1.220925E-01
  1.218000000000E+01   6.036777E+00   1.473142E-03   6.514185E+01   1.183784E-01   2.625916E-05   1.161171E+00   1.200000E+02   1.235676E-01
  1.218500000000E+01   6.036784E+00   1.443807E-03   6.512742E+01   1.183785E-01   2.574260E-05   1.161200E+00   1.200000E+02   1.250402E-01
  1.219000000000E+01   6.036791E+00   1.412761E-03   6.511143E+01   1.183786E-01   2.518528E-05   1.160741E+00   1.200000E+02   1.265106E-01
  1.219500000000E+01   6.036798E+00   1.382185E-03   6.509531E+01   1.183787E-01   2.461731E-05   1.159376E+00   1.200000E+02   1.279788E-01
  1.220000000000E+01   6.036805E+00   1.353953E-03   6.508040E+01   1.183789E-01   2.406675E-05   1.156815E+00   1.200000E+02   1.294448E-01
  1.220500000000E+01   6.036812E+00   1.329544E-03   6.506786E+01   1.183790E-01   2.355825E-05   1.152941E+00   1.200000E+02   1.309082E-01
  1.221000000000E+01   6.036818E+00   1.310035E-03   6.505860E+01   1.183791E-01   2.311275E-05   1.147819E+00   1.200000E+02   1.323687E-01
  1.221500000000E+01   6.036825E+00   1.296121E-03   6.505328E+01   1.183792E-01   2.274731E-05   1.141704E+00   1.200000E+02   1.338255E-01
  1.222000000000E+01   6.036831E+00   1.288132E-03   6.505228E+01   1.183793E-01   2.247474E-05   1.135003E+00   1.200000E+02   1.352782E-01
  1.222500000000E+01   6.036838E+00   1.286008E-03   6.505561E+01   1.183794E-01   2.230265E-05   1.128230E+00   1.200000E+02   1.367261E-01
  1.223000000000E+01   6.036844E+00   1.289263E-03   6.506293E+01   1.183795E-01   2.223198E-05   1.121942E+00   1.200000E+02   1.381687E-01
  1.223500000000E+01   6.036851E+00   1.296932E-03   6.507348E+01   1.183797E-01   2.225538E-05   1.116662E+00   1.200000E+02   1.396055E-01
  1.224000000000E+01   6.036857E+00   1.307554E-03   6.508612E+01   1.183798E-01   2.235599E-05   1.112814E+00   1.200000E+02   1.410360E-01
  1.224500000000E+01   6.036864E+00   1.319225E-03   6.509941E+01   1.183799E-01   2.250721E-05   1.110657E+00   1.200000E+02   1.424602E-01
  1.225000000000E+01   6.036870E+00   1.329756E-03   6.511175E+01   1.183800E-01   2.267422E-05   1.110247E+00   1.200000E+02   1.438780E-01
  1.225500000000E+01   6.036877E+00   1.336944E-03   6.512159E+01   1.183801E-01   2.281753E-05   1.111425E+00   1.200000E+02   1.452897E-01
  1.226000000000E+01   6.036884E+00   1.338917E-03   6.512763E+01   1.183802E-01   2.289847E-05   1.113828E+00   1.200000E+02   1.466959E-01
  1.226500000000E+01   6.036891E+00   1.334473E-03   6.512903E+01   1.183803E-01   2.288550E-05   1.116928E+00   1.200000E+02   1.480972E-01
  1.227000000000E+01   6.036897E+00   1.323325E-03   6.512556E+01   1.183805E-01   2.275994E-05   1.120099E+00   1.200000E+02   1.494944E-01
  1.227500000000E+01   6.036904E+00   1.306143E-03   6.511759E+01   1.183806E-01   2.251915E-05   1.122689E+00   1.200000E+02   1.508882E-01
  1.228000000000E+01   6.036910E+00   1.284400E-03   6.510606E+01   1.183807E-01   2.217624E-05   1.124110E+00   1.200000E+02   1.522792E-01
  1.228500000000E+01   6.036917E+00   1.260038E-03   6.509228E+01   1.183808E-01   2.175637E-05   1.123911E+00   1.200000E+02   1.536678E-01
  1.229000000000E+01   6.036923E+00   1.235077E-03   6.507770E+01   1.183809E-01   2.129098E-05   1.121848E+00   1.200000E+02   1.550543E-01
  1.229500000000E+01   6.036929E+00   1.211256E-03   6.506366E+01   1.183810E-01   2.081169E-05   1.117918E+00   1.200000E+02   1.564385E-01
  1.230000000000E+01   6.036935E+00   1.189791E-03   6.505117E+01   1.183811E-01   2.034547E-05   1.112378E+00   1.200000E+02   1.578205E-01
  1.230500000000E+01   6.036941E+00   1.171269E-03   6.504079E+01   1.183812E-01   1.991202E-05   1.105718E+00   1.200000E+02   1.591998E-01
  1.231000000000E+01   6.036947E+00   1.155686E-03   6.503261E+01   1.183813E-01   1.952331E-05   1.098613E+00   1.200000E+02   1.605761E-01
  1.231500000000E+01   6.036952E+00   1.142584E-03   6.502633E+01   1.183814E-01   1.918485E-05   1.091841E+00   1.200000E+02   1.619493E-01
  1.232000000000E+01   6.036958E+00   1.131261E-03   6.502141E+01   1.183815E-01   1.889781E-05   1.086188E+00   1.200000E+02   1.633191E-01
  1.232500000000E+01   6.036964E+00   1.120996E-03   6.501725E+01   1.183816E-01   1.866140E-05   1.082352E+00   1.200000E+02   1.646853E-01
  1.233000000000E+01   6.036969E+00   1.111256E-03   6.501341E+01   1.183817E-01   1.847464E-05   1.080849E+00   1.200000E+02   1.660479E-01
  1.233500000000E+01   6.036975E+00   1.101825E-03   6.500972E+01   1.183818E-01   1.833745E-05   1.081944E+00   1.200000E+02   1.674070E-01
  1.234000000000E+01   6.036980E+00   1.092841E-03   6.500629E+01   1.183819E-01   1.825066E-05   1.085618E+00   1.200000E+02   1.687624E-01
  1.234500000000E+01   6.036986E+00   1.084723E-03   6.500352E+01   1.183820E-01   1.821518E-05   1.091569E+00   1.200000E+02   1.701142E-01
  1.235000000000E+01   6.036991E+00   1.078029E-03   6.500192E+01   1.183820E-01   1.823058E-05   1.099250E+00   1.200000E+02   1.714622E-01
  1.235500000000E+01   6.036997E+00   1.073259E-03   6.500197E+01   1.183821E-01   1.829343E-05   1.107942E+00   1.200000E+02   1.728063E-01
  1.236000000000E+01   6.037002E+00   1.070680E-03   6.500395E+01   1.183822E-01   1.839567E-05   1.116852E+00   1.200000E+02   1.741463E-01
  1.236500000000E+01   6.037007E+00   1.070191E-03   6.500780E+01   1.183823E-01   1.852376E-05   1.125209E+00   1.200000E+02   1.754820E-01
  1.237000000000E+01   6.037013E+00   1.071268E-03   6.501306E+01   1.183824E-01   1.865872E-05   1.132360E+00   1.200000E+02   1.768132E-01
  1.237500000000E+01   6.037018E+00   1.073003E-03   6.501892E+01   1.183825E-01   1.877772E-05   1.137841E+00   1.200000E+02   1.781398E-01
  1.238000000000E+01   6.037023E+00   1.074246E-03   6.502435E+01   1.183826E-01   1.885704E-05   1.141421E+00   1.200000E+02   1.794619E-01
  1.238500000000E+01   6.037029E+00   1.073822E-03   6.502831E+01   1.183827E-01   1.887629E-05   1.143107E+00   1.200000E+02   1.807795E-01
  1.239000000000E+01   6.037034E+00   1.070788E-03   6.502995E+01   1.183828E-01   1.882275E-05   1.143123E+00   1.200000E+02   1.820930E-01
  1.239500000000E+01   6.037039E+00   1.064669E-03   6.502882E+01   1.183829E-01   1.869478E-05   1.141857E+00   1.200000E+02   1.834026E-01
  1.240000000000E+01   6.037045E+00   1.055587E-03   6.502496E+01   1.183830E-01   1.850300E-05   1.139799E+00   1.200000E+02   1.847088E-01
  1.240500000000E+01   6.037050E+00   1.044252E-03   6.501895E+01   1.183831E-01   1.826865E-05   1.137473E+00   1.200000E+02   1.860119E-01
  1.241000000000E+01   6.037055E+00   1.031803E-03   6.501179E+01   1.183832E-01   1.801944E-05   1.135368E+00   1.200000E+02   1.873120E-01
  1.241500000000E+01   6.037060E+00   1.019531E-03   6.500463E+01   1.183833E-01   1.778394E-05   1.133892E+00   1.200000E+02   1.886092E-01
  1.242000000000E+01   6.037065E+00   1.008569E-03   6.499855E+01   1.183833E-01   1.758574E-05   1.133336E+00   1.200000E+02   1.899036E-01
  1.242500000000E+01   6.037070E+00   9.996079E-04   6.499425E+01   1.183834E-01   1.743861E-05   1.133854E+00   1.200000E+02   1.911948E-01
  1.243000000000E+01   6.037075E+00   9.927092E-04   6.499185E+01   1.183835E-01   1.734354E-05   1.135467E+00   1.200000E+02   1.924827E-01
  1.243500000000E+01   6.037080E+00   9.872391E-04   6.499076E+01   1.183836E-01   1.728779E-05   1.138070E+00   1.200000E+02   1.937672E-01
  1.244000000000E+01   6.037085E+00   9.819535E-04   6.498979E+01   1.183837E-01   1.724664E-05   1.141455E+00   1.200000E+02   1.950482E-01
  1.244500000000E+01   6.037090E+00   9.752359E-04   6.498737E+01   1.183838E-01   1.718764E-05   1.145343E+00   1.200000E+02   1.963257E-01
  1.245000000000E+01   6.037095E+00   9.654622E-04   6.498185E+01   1.183839E-01   1.707737E-05   1.149418E+00   1.200000E+02   1.976000E-01
  1.245500000000E+01   6.037100E+00   9.514238E-04   6.497194E+01   1.183839E-01   1.688937E-05   1.153361E+00   1.200000E+02   1.988715E-01
  1.246000000000E+01   6.037104E+00   9.326935E-04   6.495699E+01   1.183840E-01   1.661145E-05   1.156896E+00   1.200000E+02   2.001408E-01
  1.246500000000E+01   6.037109E+00   9.098143E-04   6.493730E+01   1.183841E-01   1.624985E-05   1.159821E+00   1.200000E+02   2.014084E-01
  1.247000000000E+01   6.037114E+00   8.842374E-04   6.491408E+01   1.183842E-01   1.582884E-05   1.162035E+00   1.200000E+02   2.026747E-01
  1.247500000000E+01   6.037118E+00   8.580305E-04   6.488936E+01   1.183843E-01   1.538568E-05   1.163557E+00   1.200000E+02   2.039398E-01
  1.248000000000E+01   6.037122E+00   8.334572E-04   6.486564E+01   1.183843E-01   1.496291E-05   1.164522E+00   1.200000E+02   2.052038E-01
  1.248500000000E+01   6.037126E+00   8.125601E-04   6.484543E+01   1.183844E-01   1.460030E-05   1.165160E+00   1.200000E+02   2.064663E-01
  1.249000000000E+01   6.037130E+00   7.968461E-04   6.483085E+01   1.183845E-01   1.432856E-05   1.165762E+00   1.200000E+02   2.077268E-01
  1.249500000000E+01   6.037134E+00   7.871103E-04   6.482321E+01   1.183846E-01   1.416564E-05   1.166624E+00   1.200000E+02   2.089849E-01
  1.250000000000E+01   6.037138E+00   7.833857E-04   6.482279E+01   1.183846E-01   1.411529E-05   1.167998E+00   1.200000E+02   2.102398E-01
  1.250500000000E+01   6.037142E+00   7.849867E-04   6.482886E+01   1.183847E-01   1.416755E-05   1.170041E+00   1.200000E+02   2.114909E-01
  1.251000000000E+01   6.037146E+00   7.906258E-04   6.483982E+01   1.183848E-01   1.430039E-05   1.172786E+00   1.200000E+02   2.127378E-01
  1.251500000000E+01   6.037150E+00   7.985961E-04   6.485351E+01   1.183848E-01   1.448278E-05   1.176138E+00   1.200000E+02   2.139802E-01
  1.252000000000E+01   6.037154E+00   8.070116E-04   6.486761E+01   1.183849E-01   1.467888E-05   1.179888E+00   1.200000E+02   2.152178E-01
  1.252500000000E+01   6.037158E+00   8.140815E-04   6.488001E+01   1.183850E-01   1.485331E-05   1.183767E+00   1.200000E+02   2.164508E-01
  1.253000000000E+01   6.037162E+00   8.183668E-04   6.488906E+01   1.183851E-01   1.497645E-05   1.187497E+00   1.200000E+02   2.176794E-01
  1.253500000000E+01   6.037166E+00   8.189595E-04   6.489375E+01   1.183851E-01   1.502867E-05   1.190860E+00   1.200000E+02   2.189041E-01
  1.254000000000E+01   6.037170E+00   8.155401E-04   6.489373E+01   1.183852E-01   1.500225E-05   1.193751E+00   1.200000E+02   2.201252E-01
  1.254500000000E+01   6.037174E+00   8.083112E-04   6.488918E+01   1.183853E-01   1.490084E-05   1.196201E+00   1.200000E+02   2.213432E-01
  1.255000000000E+01   6.037178E+00   7.978456E-04   6.488066E+01   1.183854E-01   1.473667E-05   1.198383E+00   1.200000E+02   2.225586E-01
  1.255500000000E+01   6.037182E+00   7.849107E-04   6.486894E+01   1.183854E-01   1.452684E-05   1.200571E+00   1.200000E+02   2.237716E-01
  1.256000000000E+01   6.037186E+00   7.703220E-04   6.485490E+01   1.183855E-01   1.428976E-05   1.203083E+00   1.200000E+02   2.249824E-01
  1.256500000000E+01   6.037190E+00   7.548538E-04   6.483938E+01   1.183856E-01   1.404251E-05   1.206204E+00   1.200000E+02   2.261913E-01
  1.257000000000E+01   6.037194E+00   7.392039E-04   6.482319E+01   1.183857E-01   1.379934E-05   1.210109E+00   1.200000E+02   2.273983E-01
  1.257500000000E+01   6.037197E+00   7.239910E-04   6.480714E+01   1.183857E-01   1.357111E-05   1.214801E+00   1.200000E+02   2.286035E-01
  1.258000000000E+01   6.037201E+00   7.097579E-04   6.479196E+01   1.183858E-01   1.336521E-05   1.220076E+00   1.200000E+02   2.298066E-01
  1.258500000000E+01   6.037205E+00   6.969609E-04   6.477838E+01   1.183859E-01   1.318566E-05   1.225528E+00   1.200000E+02   2.310077E-01
  1.259000000000E+01   6.037208E+00   6.859421E-04   6.476696E+01   1.183859E-01   1.303311E-05   1.230592E+00   1.200000E+02   2.322066E-01
  1.259500000000E+01   6.037211E+00   6.768910E-04   6.475809E+01   1.183860E-01   1.290491E-05   1.234611E+00   1.200000E+02   2.334030E-01
  1.260000000000E+01   6.037215E+00   6.698140E-04   6.475192E+01   1.183860E-01   1.279528E-05   1.236939E+00   1.200000E+02   2.345969E-01
  1.260500000000E+01   6.037218E+00   6.645281E-04   6.474826E+01   1.183861E-01   1.269604E-05   1.237038E+00   1.200000E+02   2.357879E-01
  1.261000000000E+01   6.037221E+00   6.606938E-04   6.474669E+01   1.183862E-01   1.259800E-05   1.234579E+00   1.200000E+02   2.369760E-01
  1.261500000000E+01   6.037225E+00   6.578898E-04   6.474663E+01   1.183862E-01   1.249303E-05   1.229510E+00   1.200000E+02   2.381609E-01
  1.262000000000E+01   6.037228E+00   6.557176E-04   6.474751E+01   1.183863E-01   1.237653E-05   1.222096E+00   1.200000E+02   2.393428E-01
  1.262500000000E+01   6.037231E+00   6.539135E-04   6.474895E+01   1.183864E-01   1.224952E-05   1.212918E+00   1.200000E+02   2.405214E-01
  1.263000000000E+01   6.037235E+00   6.524310E-04   6.475085E+01   1.183864E-01   1.211973E-05   1.202829E+00   1.200000E+02   2.416968E-01
  1.263500000000E+01   6.037238E+00   6.514628E-04   6.475349E+01   1.183865E-01   1.200102E-05   1.192866E+00   1.200000E+02   2.428691E-01
  1.264000000000E+01   6.037241E+00   6.513831E-04   6.475741E+01   1.183865E-01   1.191109E-05   1.184144E+00   1.200000E+02   2.440380E-01
  1.264500000000E+01   6.037244E+00   6.526152E-04   6.476320E+01   1.183866E-01   1.186785E-05   1.177723E+00   1.200000E+02   2.452035E-01
  1.265000000000E+01   6.037248E+00   6.554472E-04   6.477127E+01   1.183867E-01   1.188509E-05   1.174485E+00   1.200000E+02   2.463655E-01
  1.265500000000E+01   6.037251E+00   6.598353E-04   6.478151E+01   1.183867E-01   1.196814E-05   1.175011E+00   1.200000E+02   2.475239E-01
  1.266000000000E+01   6.037254E+00   6.652360E-04   6.479309E+01   1.183868E-01   1.211016E-05   1.179513E+00   1.200000E+02   2.486784E-01
  1.266500000000E+01   6.037258E+00   6.705167E-04   6.480435E+01   1.183868E-01   1.228980E-05   1.187789E+00   1.200000E+02   2.498291E-01
  1.267000000000E+01   6.037261E+00   6.739929E-04   6.481291E+01   1.183869E-01   1.247097E-05   1.199241E+00   1.200000E+02   2.509760E-01
  1.267500000000E+01   6.037264E+00   6.736374E-04   6.481594E+01   1.183870E-01   1.260618E-05   1.212940E+00   1.200000E+02   2.521196E-01
  1.268000000000E+01   6.037268E+00   6.674656E-04   6.481061E+01   1.183870E-01   1.264411E-05   1.227738E+00   1.200000E+02   2.532602E-01
  1.268500000000E+01   6.037271E+00   6.540347E-04   6.479459E+01   1.183871E-01   1.254077E-05   1.242402E+00   1.200000E+02   2.543988E-01
  1.269000000000E+01   6.037274E+00   6.329112E-04   6.476659E+01   1.183872E-01   1.227157E-05   1.255765E+00   1.200000E+02   2.555361E-01
  1.269500000000E+01   6.037277E+00   6.049282E-04   6.472673E+01   1.183872E-01   1.183983E-05   1.266850E+00   1.200000E+02   2.566729E-01
  1.270000000000E+01   6.037280E+00   5.721089E-04   6.467678E+01   1.183873E-01   1.127799E-05   1.274974E+00   1.200000E+02   2.578098E-01
  1.270500000000E+01   6.037283E+00   5.372748E-04   6.462014E+01   1.183873E-01   1.064066E-05   1.279794E+00   1.200000E+02   2.589474E-01
  1.271000000000E+01   6.037286E+00   5.034938E-04   6.456153E+01   1.183874E-01   9.992447E-06   1.281302E+00   1.200000E+02   2.600855E-01
  1.271500000000E+01   6.037288E+00   4.735780E-04   6.450652E+01   1.183874E-01   9.395468E-06   1.279766E+00   1.200000E+02   2.612240E-01
  1.272000000000E+01   6.037290E+00   4.497757E-04   6.446087E+01   1.183875E-01   8.900769E-06   1.275639E+00   1.200000E+02   2.623624E-01
  1.272500000000E+01   6.037293E+00   4.336920E-04   6.442979E+01   1.183875E-01   8.544935E-06   1.269446E+00   1.200000E+02   2.634998E-01
  1.273000000000E+01   6.037295E+00   4.263661E-04   6.441735E+01   1.183876E-01   8.350848E-06   1.261684E+00   1.200000E+02   2.646353E-01
  1.273500000000E+01   6.037297E+00   4.284012E-04   6.442585E+01   1.183876E-01   8.330184E-06   1.252749E+00   1.200000E+02   2.657681E-01
  1.274000000000E+01   6.037299E+00   4.400450E-04   6.445553E+01   1.183876E-01   8.485419E-06   1.242901E+00   1.200000E+02   2.668971E-01
  1.274500000000E+01   6.037301E+00   4.611593E-04   6.450446E+01   1.183877E-01   8.809931E-06   1.232285E+00   1.200000E+02   2.680213E-01
  1.275000000000E+01   6.037304E+00   4.910566E-04   6.456870E+01   1.183877E-01   9.285879E-06   1.220994E+00   1.200000E+02   2.691396E-01
  1.275500000000E+01   6.037306E+00   5.282341E-04   6.464267E+01   1.183878E-01   9.880675E-06   1.209148E+00   1.200000E+02   2.702513E-01
  1.276000000000E+01   6.037309E+00   5.701015E-04   6.471980E+01   1.183878E-01   1.054402E-05   1.196991E+00   1.200000E+02   2.713557E-01
  1.276500000000E+01   6.037312E+00   6.128615E-04   6.479309E+01   1.183879E-01   1.120824E-05   1.184961E+00   1.200000E+02   2.724525E-01
  1.277000000000E+01   6.037315E+00   6.517258E-04   6.485594E+01   1.183879E-01   1.179450E-05   1.173720E+00   1.200000E+02   2.735419E-01
  1.277500000000E+01   6.037318E+00   6.815670E-04   6.490269E+01   1.183880E-01   1.222507E-05   1.164140E+00   1.200000E+02   2.746246E-01
  1.278000000000E+01   6.037322E+00   6.979205E-04   6.492915E+01   1.183881E-01   1.243907E-05   1.157235E+00   1.200000E+02   2.757019E-01
  1.278500000000E+01   6.037325E+00   6.980258E-04   6.493291E+01   1.183881E-01   1.240592E-05   1.154044E+00   1.200000E+02   2.767755E-01
  1.279000000000E+01   6.037329E+00   6.814977E-04   6.491343E+01   1.183882E-01   1.213106E-05   1.155497E+00   1.200000E+02   2.778471E-01
  1.279500000000E+01   6.037332E+00   6.503428E-04   6.487194E+01   1.183882E-01   1.165179E-05   1.162271E+00   1.200000E+02   2.789185E-01
  1.280000000000E+01   6.037335E+00   6.083361E-04   6.481116E+01   1.183883E-01   1.102571E-05   1.174662E+00   1.200000E+02   2.799911E-01
  1.280500000000E+01   6.037338E+00   5.600473E-04   6.473499E+01   1.183884E-01   1.031679E-05   1.192502E+00   1.200000E+02   2.810659E-01
  1.281000000000E+01   6.037341E+00   5.099004E-04   6.464808E+01   1.183884E-01   9.583986E-06   1.215112E+00   1.200000E+02   2.821432E-01
  1.281500000000E+01   6.037343E+00   4.615394E-04   6.455550E+01   1.183885E-01   8.874842E-06   1.241324E+00   1.200000E+02   2.832231E-01
  1.282000000000E+01   6.037345E+00   4.175749E-04   6.446243E+01   1.183885E-01   8.223822E-06   1.269539E+00   1.200000E+02   2.843052E-01
  1.282500000000E+01   6.037347E+00   3.796377E-04   6.437401E+01   1.183885E-01   7.653867E-06   1.297843E+00   1.200000E+02   2.853889E-01
  1.283000000000E+01   6.037349E+00   3.486007E-04   6.429518E+01   1.183886E-01   7.179365E-06   1.324147E+00   1.200000E+02   2.864736E-01
  1.283500000000E+01   6.037351E+00   3.248511E-04   6.423058E+01   1.183886E-01   6.809273E-06   1.346351E+00   1.200000E+02   2.875584E-01
  1.284000000000E+01   6.037353E+00   3.085401E-04   6.418437E+01   1.183886E-01   6.549709E-06   1.362510E+00   1.200000E+02   2.886426E-01
  1.284500000000E+01   6.037354E+00   2.997787E-04   6.416012E+01   1.183887E-01   6.405802E-06   1.371002E+00   1.200000E+02   2.897254E-01
  1.285000000000E+01   6.037356E+00   2.987746E-04   6.416049E+01   1.183887E-01   6.382769E-06   1.370671E+00   1.200000E+02   2.908060E-01
  1.285500000000E+01   6.037357E+00   3.059100E-04   6.418693E+01   1.183887E-01   6.486193E-06   1.360952E+00   1.200000E+02   2.918835E-01
  1.286000000000E+01   6.037359E+00   3.217531E-04   6.423937E+01   1.183888E-01   6.721373E-06   1.341951E+00   1.200000E+02   2.929570E-01
  1.286500000000E+01   6.037360E+00   3.469795E-04   6.431595E+01   1.183888E-01   7.091506E-06   1.314478E+00   1.200000E+02   2.940255E-01
  1.287000000000E+01   6.037362E+00   3.821634E-04   6.441289E+01   1.183888E-01   7.594473E-06   1.280034E+00   1.200000E+02   2.950880E-01
  1.287500000000E+01   6.037364E+00   4.273946E-04   6.452456E+01   1.183889E-01   8.218279E-06   1.240729E+00   1.200000E+02   2.961435E-01
  1.288000000000E+01   6.037366E+00   4.817109E-04   6.464367E+01   1.183889E-01   8.935839E-06   1.199154E+00   1.200000E+02   2.971909E-01
  1.288500000000E+01   6.037369E+00   5.424244E-04   6.476183E+01   1.183890E-01   9.700719E-06   1.158201E+00   1.200000E+02   2.982294E-01
  1.289000000000E+01   6.037372E+00   6.045830E-04   6.487005E+01   1.183890E-01   1.044623E-05   1.120851E+00   1.200000E+02   2.992586E-01
  1.289500000000E+01   6.037375E+00   6.609573E-04   6.495955E+01   1.183891E-01   1.109013E-05   1.089949E+00   1.200000E+02   3.002787E-01
  1.290000000000E+01   6.037378E+00   7.029451E-04   6.502240E+01   1.183891E-01   1.154575E-05   1.067982E+00   1.200000E+02   3.012908E-01
  1.290500000000E+01   6.037382E+00   7.224775E-04   6.505223E+01   1.183892E-01   1.173782E-05   1.056879E+00   1.200000E+02   3.022970E-01
  1.291000000000E+01   6.037386E+00   7.144209E-04   6.504478E+01   1.183892E-01   1.161905E-05   1.057862E+00   1.200000E+02   3.033000E-01
  1.291500000000E+01   6.037389E+00   6.784496E-04   6.499828E+01   1.183893E-01   1.118264E-05   1.071343E+00   1.200000E+02   3.043030E-01
  1.292000000000E+01   6.037392E+00   6.193905E-04   6.491375E+01   1.183894E-01   1.046618E-05   1.096883E+00   1.200000E+02   3.053087E-01
  1.292500000000E+01   6.037395E+00   5.457683E-04   6.479499E+01   1.183894E-01   9.545068E-06   1.133215E+00   1.200000E+02   3.063191E-01
  1.293000000000E+01   6.037398E+00   4.672547E-04   6.464844E+01   1.183895E-01   8.516405E-06   1.178313E+00   1.200000E+02   3.073355E-01
  1.293500000000E+01   6.037400E+00   3.922254E-04   6.448282E+01   1.183895E-01   7.478722E-06   1.229521E+00   1.200000E+02   3.083577E-01
  1.294000000000E+01   6.037402E+00   3.263449E-04   6.430863E+01   1.183895E-01   6.514369E-06   1.283703E+00   1.200000E+02   3.093851E-01
  1.294500000000E+01   6.037403E+00   2.723827E-04   6.413742E+01   1.183896E-01   5.679915E-06   1.337439E+00   1.200000E+02   3.104165E-01
  1.295000000000E+01   6.037404E+00   2.308700E-04   6.398103E+01   1.183896E-01   5.005661E-06   1.387220E+00   1.200000E+02   3.114506E-01
  1.295500000000E+01   6.037406E+00   2.010497E-04   6.385074E+01   1.183896E-01   4.501690E-06   1.429677E+00   1.200000E+02   3.124859E-01
  1.296000000000E+01   6.037406E+00   1.817217E-04   6.375640E+01   1.183896E-01   4.166501E-06   1.461802E+00   1.200000E+02   3.135215E-01
  1.296500000000E+01   6.037407E+00   1.718332E-04   6.370567E+01   1.183897E-01   3.995130E-06   1.481159E+00   1.200000E+02   3.145561E-01
  1.297000000000E+01   6.037408E+00   1.708308E-04   6.370336E+01   1.183897E-01   3.985181E-06   1.486087E+00   1.200000E+02   3.155887E-01
  1.297500000000E+01   6.037409E+00   1.788533E-04   6.375108E+01   1.183897E-01   4.140487E-06   1.475849E+00   1.200000E+02   3.166185E-01
  1.298000000000E+01   6.037410E+00   1.968327E-04   6.384703E+01   1.183897E-01   4.472462E-06   1.450742E+00   1.200000E+02   3.176444E-01
  1.298500000000E+01   6.037411E+00   2.265180E-04   6.398615E+01   1.183897E-01   4.999045E-06   1.412115E+00   1.200000E+02   3.186653E-01
  1.299000000000E+01   6.037412E+00   2.703633E-04   6.416048E+01   1.183898E-01   5.740623E-06   1.362319E+00   1.200000E+02   3.196798E-01
  1.299500000000E+01   6.037414E+00   3.311389E-04   6.435970E+01   1.183898E-01   6.712109E-06   1.304556E+00   1.200000E+02   3.206862E-01
  1.300000000000E+01   6.037416E+00   4.110695E-04   6.457182E+01   1.183898E-01   7.910864E-06   1.242658E+00   1.200000E+02   3.216826E-01
  1.300500000000E+01   6.037418E+00   5.103462E-04   6.478394E+01   1.183899E-01   9.301970E-06   1.180803E+00   1.200000E+02   3.226669E-01
  1.301000000000E+01   6.037421E+00   6.251289E-04   6.498295E+01   1.183899E-01   1.080504E-05   1.123198E+00   1.200000E+02   3.236372E-01
  1.301500000000E+01   6.037424E+00   7.456966E-04   6.515627E+01   1.183900E-01   1.228899E-05   1.073768E+00   1.200000E+02   3.245923E-01
  1.302000000000E+01   6.037428E+00   8.560203E-04   6.529246E+01   1.183900E-01   1.358082E-05   1.035869E+00   1.200000E+02   3.255324E-01
  1.302500000000E+01   6.037433E+00   9.361478E-04   6.538181E+01   1.183901E-01   1.449094E-05   1.012067E+00   1.200000E+02   3.264598E-01
  1.303000000000E+01   6.037438E+00   9.677463E-04   6.541686E+01   1.183902E-01   1.485227E-05   1.003970E+00   1.200000E+02   3.273788E-01
  1.303500000000E+01   6.037442E+00   9.410160E-04   6.539288E+01   1.183903E-01   1.456520E-05   1.012162E+00   1.200000E+02   3.282953E-01
  1.304000000000E+01   6.037447E+00   8.593682E-04   6.530842E+01   1.183903E-01   1.363479E-05   1.036187E+00   1.200000E+02   3.292157E-01
  1.304500000000E+01   6.037451E+00   7.387317E-04   6.516566E+01   1.183904E-01   1.218217E-05   1.074625E+00   1.200000E+02   3.301451E-01
  1.305000000000E+01   6.037454E+00   6.015099E-04   6.497064E+01   1.183905E-01   1.041730E-05   1.125199E+00   1.200000E+02   3.310865E-01
  1.305500000000E+01   6.037457E+00   4.686829E-04   6.473318E+01   1.183905E-01   8.579220E-06   1.184938E+00   1.200000E+02   3.320405E-01
  1.306000000000E+01   6.037459E+00   3.542808E-04   6.446648E+01   1.183905E-01   6.871411E-06   1.250352E+00   1.200000E+02   3.330059E-01
  1.306500000000E+01   6.037460E+00   2.641120E-04   6.418636E+01   1.183906E-01   5.421740E-06   1.317630E+00   1.200000E+02   3.339801E-01
  1.307000000000E+01   6.037462E+00   1.977304E-04   6.391031E+01   1.183906E-01   4.278346E-06   1.382844E+00   1.200000E+02   3.349605E-01
  1.307500000000E+01   6.037462E+00   1.514483E-04   6.365622E+01   1.183906E-01   3.431137E-06   1.442164E+00   1.200000E+02   3.359447E-01
  1.308000000000E+01   6.037463E+00   1.207848E-04   6.344112E+01   1.183906E-01   2.840727E-06   1.492065E+00   1.200000E+02   3.369308E-01
  1.308500000000E+01   6.037464E+00   1.018520E-04   6.327980E+01   1.183906E-01   2.461880E-06   1.529545E+00   1.200000E+02   3.379172E-01
  1.309000000000E+01   6.037464E+00   9.188799E-05   6.318366E+01   1.183907E-01   2.257534E-06   1.552317E+00   1.200000E+02   3.389030E-01
  1.309500000000E+01   6.037465E+00   8.934366E-05   6.315980E+01   1.183907E-01   2.205273E-06   1.558976E+00   1.200000E+02   3.398872E-01
  1.310000000000E+01   6.037465E+00   9.383730E-05   6.321041E+01   1.183907E-01   2.299708E-06   1.549123E+00   1.200000E+02   3.408690E-01
  1.310500000000E+01   6.037466E+00   1.061493E-04   6.333266E+01   1.183907E-01   2.553335E-06   1.523415E+00   1.200000E+02   3.418477E-01
  1.311000000000E+01   6.037466E+00   1.283061E-04   6.351886E+01   1.183907E-01   2.996715E-06   1.483545E+00   1.200000E+02   3.428223E-01
  1.311500000000E+01   6.037467E+00   1.636908E-04   6.375712E+01   1.183907E-01   3.676867E-06   1.432129E+00   1.200000E+02   3.437916E-01
  1.312000000000E+01   6.037468E+00   2.169719E-04   6.403218E+01   1.183907E-01   4.650784E-06   1.372527E+00   1.200000E+02   3.447539E-01
  1.312500000000E+01   6.037469E+00   2.934489E-04   6.432657E+01   1.183908E-01   5.969626E-06   1.308594E+00   1.200000E+02   3.457072E-01
  1.313000000000E+01   6.037471E+00   3.972874E-04   6.462184E+01   1.183908E-01   7.650440E-06   1.244403E+00   1.200000E+02   3.466485E-01
  1.313500000000E+01   6.037473E+00   5.283582E-04   6.489978E+01   1.183908E-01   9.638775E-06   1.183959E+00   1.200000E+02   3.475749E-01
  1.314000000000E+01   6.037476E+00   6.783698E-04   6.514369E+01   1.183909E-01   1.177695E-05   1.130938E+00   1.200000E+02   3.484838E-01
  1.314500000000E+01   6.037480E+00   8.285163E-04   6.533932E+01   1.183910E-01   1.380195E-05   1.088464E+00   1.200000E+02   3.493743E-01
  1.315000000000E+01   6.037484E+00   9.516822E-04   6.547577E+01   1.183910E-01   1.539150E-05   1.058936E+00   1.200000E+02   3.502476E-01
  1.315500000000E+01   6.037489E+00   1.020517E-03   6.554591E+01   1.183911E-01   1.625329E-05   1.043919E+00   1.200000E+02   3.511083E-01
  1.316000000000E+01   6.037494E+00   1.018420E-03   6.554676E+01   1.183912E-01   1.622217E-05   1.044079E+00   1.200000E+02   3.519634E-01
  1.316500000000E+01   6.037499E+00   9.470139E-04   6.547957E+01   1.183913E-01   1.531857E-05   1.059175E+00   1.200000E+02   3.528207E-01
  1.317000000000E+01   6.037504E+00   8.250640E-04   6.534962E+01   1.183914E-01   1.373749E-05   1.088085E+00   1.200000E+02   3.536869E-01
  1.317500000000E+01   6.037508E+00   6.797282E-04   6.516581E+01   1.183914E-01   1.177507E-05   1.128880E+00   1.200000E+02   3.545659E-01
  1.318000000000E+01   6.037511E+00   5.360748E-04   6.493994E+01   1.183915E-01   9.731944E-06   1.178925E+00   1.200000E+02   3.554588E-01
  1.318500000000E+01   6.037513E+00   4.105709E-04   6.468582E+01   1.183915E-01   7.838856E-06   1.235019E+00   1.200000E+02   3.563645E-01
  1.319000000000E+01   6.037515E+00   3.101153E-04   6.441829E+01   1.183915E-01   6.227397E-06   1.293578E+00   1.200000E+02   3.572804E-01
  1.319500000000E+01   6.037516E+00   2.346270E-04   6.415235E+01   1.183916E-01   4.940514E-06   1.350849E+00   1.200000E+02   3.582039E-01
  1.320000000000E+01   6.037517E+00   1.804524E-04   6.390224E+01   1.183916E-01   3.962340E-06   1.403153E+00   1.200000E+02   3.591324E-01
  1.320500000000E+01   6.037518E+00   1.429591E-04   6.368071E+01   1.183916E-01   3.248749E-06   1.447146E+00   1.200000E+02   3.600637E-01
  1.321000000000E+01   6.037519E+00   1.179510E-04   6.349841E+01   1.183916E-01   2.749285E-06   1.480066E+00   1.200000E+02   3.609964E-01
  1.321500000000E+01   6.037519E+00   1.021961E-04   6.336337E+01   1.183916E-01   2.419219E-06   1.499958E+00   1.200000E+02   3.619292E-01
  1.322000000000E+01   6.037520E+00   9.347506E-05   6.328067E+01   1.183917E-01   2.224354E-06   1.505842E+00   1.200000E+02   3.628613E-01
  1.322500000000E+01   6.037520E+00   9.044750E-05   6.325233E+01   1.183917E-01   2.141766E-06   1.497793E+00   1.200000E+02   3.637920E-01
  1.323000000000E+01   6.037521E+00   9.249080E-05   6.327734E+01   1.183917E-01   2.158801E-06   1.476938E+00   1.200000E+02   3.647208E-01
  1.323500000000E+01   6.037521E+00   9.956808E-05   6.335193E+01   1.183917E-01   2.271587E-06   1.445337E+00   1.200000E+02   3.656470E-01
  1.324000000000E+01   6.037522E+00   1.121276E-04   6.346994E+01   1.183917E-01   2.483500E-06   1.405788E+00   1.200000E+02   3.665702E-01
  1.324500000000E+01   6.037522E+00   1.310047E-04   6.362335E+01   1.183917E-01   2.803537E-06   1.361558E+00   1.200000E+02   3.674897E-01
  1.325000000000E+01   6.037523E+00   1.572799E-04   6.380284E+01   1.183917E-01   3.244260E-06   1.316080E+00   1.200000E+02   3.684049E-01
  1.325500000000E+01   6.037524E+00   1.920367E-04   6.399844E+01   1.183917E-01   3.818790E-06   1.272656E+00   1.200000E+02   3.693147E-01
  1.326000000000E+01   6.037525E+00   2.359717E-04   6.420000E+01   1.183918E-01   4.536344E-06   1.234187E+00   1.200000E+02   3.702184E-01
  1.326500000000E+01   6.037526E+00   2.888554E-04   6.439771E+01   1.183918E-01   5.395943E-06   1.202977E+00   1.200000E+02   3.711148E-01
  1.327000000000E+01   6.037528E+00   3.489278E-04   6.458248E+01   1.183918E-01   6.378552E-06   1.180596E+00   1.200000E+02   3.720033E-01
  1.327500000000E+01   6.037530E+00   4.124313E-04   6.474617E+01   1.183919E-01   7.439094E-06   1.167838E+00   1.200000E+02   3.728830E-01
  1.328000000000E+01   6.037532E+00   4.735771E-04   6.488185E+01   1.183919E-01   8.501502E-06   1.164738E+00   1.200000E+02   3.737541E-01
  1.328500000000E+01   6.037534E+00   5.252085E-04   6.498396E+01   1.183919E-01   9.461354E-06   1.170652E+00   1.200000E+02   3.746172E-01
  1.329000000000E+01   6.037537E+00   5.602085E-04   6.504850E+01   1.183920E-01   1.020001E-05   1.184373E+00   1.200000E+02   3.754737E-01
  1.329500000000E+01   6.037540E+00   5.733223E-04   6.507318E+01   1.183920E-01   1.061009E-05   1.204266E+00   1.200000E+02   3.763257E-01
  1.330000000000E+01   6.037543E+00   5.627212E-04   6.505764E+01   1.183921E-01   1.062529E-05   1.228417E+00   1.200000E+02   3.771758E-01
  1.330500000000E+01   6.037545E+00   5.306012E-04   6.500353E+01   1.183921E-01   1.024225E-05   1.254770E+00   1.200000E+02   3.780265E-01
  1.331000000000E+01   6.037548E+00   4.824949E-04   6.491459E+01   1.183922E-01   9.523360E-06   1.281268E+00   1.200000E+02   3.788798E-01
  1.331500000000E+01   6.037550E+00   4.256067E-04   6.479649E+01   1.183922E-01   8.578106E-06   1.305974E+00   1.200000E+02   3.797371E-01
  1.332000000000E+01   6.037552E+00   3.669261E-04   6.465647E+01   1.183923E-01   7.531817E-06   1.327190E+00   1.200000E+02   3.805990E-01
  1.332500000000E+01   6.037554E+00   3.118522E-04   6.450286E+01   1.183923E-01   6.495683E-06   1.343554E+00   1.200000E+02   3.814652E-01
  1.333000000000E+01   6.037555E+00   2.636590E-04   6.434433E+01   1.183923E-01   5.548664E-06   1.354117E+00   1.200000E+02   3.823353E-01
  1.333500000000E+01   6.037557E+00   2.236833E-04   6.418926E+01   1.183924E-01   4.733689E-06   1.358403E+00   1.200000E+02   3.832084E-01
  1.334000000000E+01   6.037558E+00   1.918848E-04   6.404496E+01   1.183924E-01   4.063982E-06   1.356426E+00   1.200000E+02   3.840836E-01
  1.334500000000E+01   6.037559E+00   1.674544E-04   6.391727E+01   1.183924E-01   3.533357E-06   1.348681E+00   1.200000E+02   3.849600E-01
  1.335000000000E+01   6.037559E+00   1.492875E-04   6.381017E+01   1.183924E-01   3.125864E-06   1.336093E+00   1.200000E+02   3.858369E-01
  1.335500000000E+01   6.037560E+00   1.362805E-04   6.372588E+01   1.183924E-01   2.822736E-06   1.319935E+00   1.200000E+02   3.867136E-01
  1.336000000000E+01   6.037561E+00   1.274794E-04   6.366505E+01   1.183925E-01   2.606509E-06   1.301728E+00   1.200000E+02   3.875898E-01
  1.336500000000E+01   6.037561E+00   1.221365E-04   6.362721E+01   1.183925E-01   2.463028E-06   1.283119E+00   1.200000E+02   3.884649E-01
  1.337000000000E+01   6.037562E+00   1.197176E-04   6.361125E+01   1.183925E-01   2.382182E-06   1.265758E+00   1.200000E+02   3.893387E-01
  1.337500000000E+01   6.037563E+00   1.198884E-04   6.361579E+01   1.183925E-01   2.357957E-06   1.251191E+00   1.200000E+02   3.902108E-01
  1.338000000000E+01   6.037563E+00   1.224923E-04   6.363951E+01   1.183925E-01   2.388176E-06   1.240750E+00   1.200000E+02   3.910809E-01
  1.338500000000E+01   6.037564E+00   1.275222E-04   6.368113E+01   1.183925E-01   2.474057E-06   1.235476E+00   1.200000E+02   3.919489E-01
  1.339000000000E+01   6.037564E+00   1.350828E-04   6.373929E+01   1.183925E-01   2.619564E-06   1.236051E+00   1.200000E+02   3.928144E-01
  1.339500000000E+01   6.037565E+00   1.453362E-04   6.381227E+01   1.183925E-01   2.830412E-06   1.242740E+00   1.200000E+02   3.936773E-01
  1.340000000000E+01   6.037566E+00   1.584242E-04   6.389767E+01   1.183926E-01   3.112477E-06   1.255364E+00   1.200000E+02   3.945371E-01
  1.340500000000E+01   6.037567E+00   1.743613E-04   6.399220E+01   1.183926E-01   3.469331E-06   1.273276E+00   1.200000E+02   3.953936E-01
  1.341000000000E+01   6.037568E+00   1.929028E-04   6.409163E+01   1.183926E-01   3.898814E-06   1.295374E+00   1.200000E+02   3.962465E-01
  1.341500000000E+01   6.037569E+00   2.134135E-04   6.419097E+01   1.183926E-01   4.389002E-06   1.320133E+00   1.200000E+02   3.970956E-01
  1.342000000000E+01   6.037570E+00   2.347836E-04   6.428488E+01   1.183926E-01   4.914768E-06   1.345687E+00   1.200000E+02   3.979407E-01
  1.342500000000E+01   6.037571E+00   2.554577E-04   6.436820E+01   1.183927E-01   5.436896E-06   1.369946E+00   1.200000E+02   3.987818E-01
  1.343000000000E+01   6.037572E+00   2.736240E-04   6.443651E+01   1.183927E-01   5.905706E-06   1.390752E+00   1.200000E+02   3.996191E-01
  1.343500000000E+01   6.037574E+00   2.875496E-04   6.448661E+01   1.183927E-01   6.269739E-06   1.406068E+00   1.200000E+02   4.004530E-01
  1.344000000000E+01   6.037575E+00   2.959674E-04   6.451690E+01   1.183928E-01   6.487435E-06   1.414173E+00   1.200000E+02   4.012840E-01
  1.344500000000E+01   6.037577E+00   2.983678E-04   6.452741E+01   1.183928E-01   6.537470E-06   1.413846E+00   1.200000E+02   4.021128E-01
  1.345000000000E+01   6.037578E+00   2.950771E-04   6.451970E+01   1.183928E-01   6.423434E-06   1.404508E+00   1.200000E+02   4.029400E-01
  1.345500000000E+01   6.037580E+00   2.871052E-04   6.449653E+01   1.183929E-01   6.171119E-06   1.386306E+00   1.200000E+02   4.037662E-01
  1.346000000000E+01   6.037581E+00   2.758436E-04   6.446140E+01   1.183929E-01   5.820255E-06   1.360125E+00   1.200000E+02   4.045918E-01
  1.346500000000E+01   6.037582E+00   2.627437E-04   6.441809E+01   1.183929E-01   5.414571E-06   1.327515E+00   1.200000E+02   4.054171E-01
  1.347000000000E+01   6.037584E+00   2.490772E-04   6.437027E+01   1.183929E-01   4.993748E-06   1.290560E+00   1.200000E+02   4.062423E-01
  1.347500000000E+01   6.037585E+00   2.358140E-04   6.432123E+01   1.183930E-01   4.588953E-06   1.251695E+00   1.200000E+02   4.070673E-01
  1.348000000000E+01   6.037586E+00   2.236050E-04   6.427364E+01   1.183930E-01   4.221739E-06   1.213508E+00   1.200000E+02   4.078921E-01
  1.348500000000E+01   6.037587E+00   2.128262E-04   6.422958E+01   1.183930E-01   3.905147E-06   1.178548E+00   1.200000E+02   4.087165E-01
  1.349000000000E+01   6.037588E+00   2.036445E-04   6.419049E+01   1.183930E-01   3.645698E-06   1.149155E+00   1.200000E+02   4.095404E-01
  1.349500000000E+01   6.037589E+00   1.960784E-04   6.415725E+01   1.183930E-01   3.445385E-06   1.127337E+00   1.200000E+02   4.103636E-01
  1.350000000000E+01   6.037590E+00   1.900399E-04   6.413016E+01   1.183931E-01   3.303187E-06   1.114681E+00   1.200000E+02   4.111859E-01
  1.350500000000E+01   6.037591E+00   1.853578E-04   6.410897E+01   1.183931E-01   3.215980E-06   1.112298E+00   1.200000E+02   4.120073E-01
  1.351000000000E+01   6.037592E+00   1.817847E-04   6.409286E+01   1.183931E-01   3.178851E-06   1.120786E+00   1.200000E+02   4.128274E-01
  1.351500000000E+01   6.037593E+00   1.789998E-04   6.408041E+01   1.183931E-01   3.184963E-06   1.140190E+00   1.200000E+02   4.136464E-01
  1.352000000000E+01   6.037594E+00   1.766150E-04   6.406972E+01   1.183931E-01   3.225169E-06   1.169978E+00   1.200000E+02   4.144640E-01
  1.352500000000E+01   6.037595E+00   1.741957E-04   6.405847E+01   1.183931E-01   3.287668E-06   1.209002E+00   1.200000E+02   4.152804E-01
  1.353000000000E+01   6.037595E+00   1.713022E-04   6.404421E+01   1.183932E-01   3.358117E-06   1.255489E+00   1.200000E+02   4.160954E-01
  1.353500000000E+01   6.037596E+00   1.675512E-04   6.402463E+01   1.183932E-01   3.420546E-06   1.307059E+00   1.200000E+02   4.169092E-01
  1.354000000000E+01   6.037597E+00   1.626867E-04   6.399793E+01   1.183932E-01   3.459245E-06   1.360803E+00   1.200000E+02   4.177220E-01
  1.354500000000E+01   6.037598E+00   1.566394E-04   6.396313E+01   1.183932E-01   3.461361E-06   1.413434E+00   1.200000E+02   4.185338E-01
  1.355000000000E+01   6.037599E+00   1.495536E-04   6.392030E+01   1.183932E-01   3.419461E-06   1.461503E+00   1.200000E+02   4.193447E-01
  1.355500000000E+01   6.037599E+00   1.417687E-04   6.387074E+01   1.183932E-01   3.333145E-06   1.501675E+00   1.200000E+02   4.201550E-01
  1.356000000000E+01   6.037600E+00   1.337592E-04   6.381689E+01   1.183933E-01   3.209022E-06   1.531034E+00   1.200000E+02   4.209645E-01
  1.356500000000E+01   6.037601E+00   1.260536E-04   6.376221E+01   1.183933E-01   3.059057E-06   1.547375E+00   1.200000E+02   4.217734E-01
  1.357000000000E+01   6.037601E+00   1.191596E-04   6.371083E+01   1.183933E-01   2.897937E-06   1.549434E+00   1.200000E+02   4.225815E-01
  1.357500000000E+01   6.037602E+00   1.135144E-04   6.366720E+01   1.183933E-01   2.740417E-06   1.537026E+00   1.200000E+02   4.233888E-01
  1.358000000000E+01   6.037603E+00   1.094692E-04   6.363564E+01   1.183933E-01   2.599413E-06   1.511067E+00   1.200000E+02   4.241951E-01
  1.358500000000E+01   6.037603E+00   1.073012E-04   6.361997E+01   1.183933E-01   2.485137E-06   1.473463E+00   1.200000E+02   4.250002E-01
  1.359000000000E+01   6.037604E+00   1.072420E-04   6.362315E+01   1.183933E-01   2.405171E-06   1.426909E+00   1.200000E+02   4.258040E-01
  1.359500000000E+01   6.037604E+00   1.095095E-04   6.364704E+01   1.183934E-01   2.365110E-06   1.374604E+00   1.200000E+02   4.266061E-01
  1.360000000000E+01   6.037605E+00   1.143316E-04   6.369221E+01   1.183934E-01   2.369405E-06   1.319956E+00   1.200000E+02   4.274063E-01
  1.360500000000E+01   6.037605E+00   1.219534E-04   6.375789E+01   1.183934E-01   2.422114E-06   1.266295E+00   1.200000E+02   4.282044E-01
  1.361000000000E+01   6.037606E+00   1.326193E-04   6.384199E+01   1.183934E-01   2.527364E-06   1.216655E+00   1.200000E+02   4.290000E-01
  1.361500000000E+01   6.037607E+00   1.465206E-04   6.394112E+01   1.183934E-01   2.689355E-06   1.173626E+00   1.200000E+02   4.297927E-01
  1.362000000000E+01   6.037607E+00   1.637021E-04   6.405082E+01   1.183934E-01   2.911792E-06   1.139280E+00   1.200000E+02   4.305824E-01
  1.362500000000E+01   6.037608E+00   1.839276E-04   6.416569E+01   1.183934E-01   3.196561E-06   1.115165E+00   1.200000E+02   4.313685E-01
  1.363000000000E+01   6.037609E+00   2.065231E-04   6.427976E+01   1.183934E-01   3.541604E-06   1.102314E+00   1.200000E+02   4.321508E-01
  1.363500000000E+01   6.037610E+00   2.302442E-04   6.438675E+01   1.183935E-01   3.938119E-06   1.101277E+00   1.200000E+02   4.329292E-01
  1.364000000000E+01   6.037612E+00   2.532408E-04   6.448054E+01   1.183935E-01   4.367709E-06   1.112112E+00   1.200000E+02   4.337035E-01
  1.364500000000E+01   6.037613E+00   2.732012E-04   6.455556E+01   1.183935E-01   4.800672E-06   1.134366E+00   1.200000E+02   4.344741E-01
  1.365000000000E+01   6.037614E+00   2.877123E-04   6.460722E+01   1.183935E-01   5.197059E-06   1.167025E+00   1.200000E+02   4.352414E-01
  1.365500000000E+01   6.037616E+00   2.947812E-04   6.463231E+01   1.183936E-01   5.511757E-06   1.208481E+00   1.200000E+02   4.360061E-01
  1.366000000000E+01   6.037617E+00   2.933526E-04   6.462927E+01   1.183936E-01   5.703354E-06   1.256521E+00   1.200000E+02   4.367691E-01
  1.366500000000E+01   6.037619E+00   2.836132E-04   6.459837E+01   1.183936E-01   5.744344E-06   1.308385E+00   1.200000E+02   4.375313E-01
  1.367000000000E+01   6.037620E+00   2.669419E-04   6.454165E+01   1.183936E-01   5.628668E-06   1.360909E+00   1.200000E+02   4.382936E-01
  1.367500000000E+01   6.037621E+00   2.455258E-04   6.446283E+01   1.183937E-01   5.373213E-06   1.410738E+00   1.200000E+02   4.390565E-01
  1.368000000000E+01   6.037622E+00   2.218093E-04   6.436686E+01   1.183937E-01   5.012606E-06   1.454609E+00   1.200000E+02   4.398206E-01
  1.368500000000E+01   6.037624E+00   1.979907E-04   6.425952E+01   1.183937E-01   4.589798E-06   1.489657E+00   1.200000E+02   4.405858E-01
  1.369000000000E+01   6.037624E+00   1.757134E-04   6.414689E+01   1.183937E-01   4.146385E-06   1.513702E+00   1.200000E+02   4.413522E-01
  1.369500000000E+01   6.037625E+00   1.559800E-04   6.403477E+01   1.183938E-01   3.715830E-06   1.525467E+00   1.200000E+02   4.421195E-01
  1.370000000000E+01   6.037626E+00   1.392307E-04   6.392825E+01   1.183938E-01   3.320671E-06   1.524698E+00   1.200000E+02   4.428874E-01
  1.370500000000E+01   6.037627E+00   1.254972E-04   6.383137E+01   1.183938E-01   2.973024E-06   1.512162E+00   1.200000E+02   4.436555E-01
  1.371000000000E+01   6.037627E+00   1.145627E-04   6.374690E+01   1.183938E-01   2.676909E-06   1.489531E+00   1.200000E+02   4.444236E-01
  1.371500000000E+01   6.037628E+00   1.060880E-04   6.367634E+01   1.183938E-01   2.431035E-06   1.459161E+00   1.200000E+02   4.451914E-01
  1.372000000000E+01   6.037628E+00   9.969737E-05   6.362002E+01   1.183938E-01   2.231246E-06   1.423828E+00   1.200000E+02   4.459586E-01
  1.372500000000E+01   6.037629E+00   9.502779E-05   6.357731E+01   1.183938E-01   2.072289E-06   1.386442E+00   1.200000E+02   4.467250E-01
  1.373000000000E+01   6.037629E+00   9.175432E-05   6.354697E+01   1.183939E-01   1.948936E-06   1.349789E+00   1.200000E+02   4.474905E-01
  1.373500000000E+01   6.037630E+00   8.960130E-05   6.352739E+01   1.183939E-01   1.856596E-06   1.316328E+00   1.200000E+02   4.482549E-01
  1.374000000000E+01   6.037630E+00   8.834669E-05   6.351695E+01   1.183939E-01   1.791581E-06   1.288059E+00   1.200000E+02   4.490182E-01
  1.374500000000E+01   6.037631E+00   8.782353E-05   6.351421E+01   1.183939E-01   1.751175E-06   1.266454E+00   1.200000E+02   4.497801E-01
  1.375000000000E+01   6.037631E+00   8.792046E-05   6.351806E+01   1.183939E-01   1.733608E-06   1.252443E+00   1.200000E+02   4.505408E-01
  1.375500000000E+01   6.037632E+00   8.858196E-05   6.352789E+01   1.183939E-01   1.737993E-06   1.246428E+00   1.200000E+02   4.513000E-01
  1.376000000000E+01   6.037632E+00   8.980819E-05   6.354357E+01   1.183939E-01   1.764281E-06   1.248313E+00   1.200000E+02   4.520579E-01
  1.376500000000E+01   6.037632E+00   9.165490E-05   6.356544E+01   1.183939E-01   1.813243E-06   1.257539E+00   1.200000E+02   4.528142E-01
  1.377000000000E+01   6.037633E+00   9.423299E-05   6.359428E+01   1.183939E-01   1.886479E-06   1.273113E+00   1.200000E+02   4.535689E-01
  1.377500000000E+01   6.037633E+00   9.770788E-05   6.363114E+01   1.183939E-01   1.986457E-06   1.293657E+00   1.200000E+02   4.543220E-01
  1.378000000000E+01   6.037634E+00   1.022977E-04   6.367722E+01   1.183939E-01   2.116517E-06   1.317467E+00   1.200000E+02   4.550733E-01
  1.378500000000E+01   6.037634E+00   1.082689E-04   6.373367E+01   1.183940E-01   2.280798E-06   1.342616E+00   1.200000E+02   4.558228E-01
  1.379000000000E+01   6.037635E+00   1.159252E-04   6.380124E+01   1.183940E-01   2.483976E-06   1.367095E+00   1.200000E+02   4.565702E-01
  1.379500000000E+01   6.037636E+00   1.255847E-04   6.388010E+01   1.183940E-01   2.730675E-06   1.388990E+00   1.200000E+02   4.573153E-01
  1.380000000000E+01   6.037636E+00   1.375364E-04   6.396947E+01   1.183940E-01   3.024395E-06   1.406675E+00   1.200000E+02   4.580580E-01
  1.380500000000E+01   6.037637E+00   1.519660E-04   6.406746E+01   1.183940E-01   3.365816E-06   1.418997E+00   1.200000E+02   4.587980E-01
  1.381000000000E+01   6.037638E+00   1.688435E-04   6.417089E+01   1.183940E-01   3.750485E-06   1.425414E+00   1.200000E+02   4.595350E-01
  1.381500000000E+01   6.037639E+00   1.877775E-04   6.427537E+01   1.183941E-01   4.166172E-06   1.426061E+00   1.200000E+02   4.602687E-01
  1.382000000000E+01   6.037640E+00   2.078653E-04   6.437547E+01   1.183941E-01   4.590665E-06   1.421720E+00   1.200000E+02   4.609991E-01
  1.382500000000E+01   6.037641E+00   2.276023E-04   6.446516E+01   1.183941E-01   4.991218E-06   1.413693E+00   1.200000E+02   4.617260E-01
  1.383000000000E+01   6.037642E+00   2.449396E-04   6.453827E+01   1.183941E-01   5.327017E-06   1.403597E+00   1.200000E+02   4.624496E-01
  1.383500000000E+01   6.037643E+00   2.575646E-04   6.458914E+01   1.183942E-01   5.555344E-06   1.393107E+00   1.200000E+02   4.631703E-01
  1.384000000000E+01   6.037644E+00   2.633935E-04   6.461321E+01   1.183942E-01   5.640573E-06   1.383692E+00   1.200000E+02   4.638888E-01
  1.384500000000E+01   6.037646E+00   2.611413E-04   6.460750E+01   1.183942E-01   5.563358E-06   1.376399E+00   1.200000E+02   4.646058E-01
  1.385000000000E+01   6.037647E+00   2.507358E-04   6.457093E+01   1.183942E-01   5.326475E-06   1.371705E+00   1.200000E+02   4.653223E-01
  1.385500000000E+01   6.037648E+00   2.333744E-04   6.450445E+01   1.183943E-01   4.954723E-06   1.369481E+00   1.200000E+02   4.660391E-01
  1.386000000000E+01   6.037649E+00   2.111869E-04   6.441092E+01   1.183943E-01   4.488809E-06   1.369063E+00   1.200000E+02   4.667569E-01
  1.386500000000E+01   6.037650E+00   1.866625E-04   6.429476E+01   1.183943E-01   3.975721E-06   1.369413E+00   1.200000E+02   4.674760E-01
  1.387000000000E+01   6.037651E+00   1.620863E-04   6.416160E+01   1.183943E-01   3.459249E-06   1.369338E+00   1.200000E+02   4.681965E-01
  1.387500000000E+01   6.037652E+00   1.391777E-04   6.401771E+01   1.183943E-01   2.973505E-06   1.367726E+00   1.200000E+02   4.689184E-01
  1.388000000000E+01   6.037653E+00   1.189802E-04   6.386964E+01   1.183944E-01   2.540491E-06   1.363758E+00   1.200000E+02   4.696414E-01
  1.388500000000E+01   6.037653E+00   1.019442E-04   6.372380E+01   1.183944E-01   2.170981E-06   1.357048E+00   1.200000E+02   4.703652E-01
  1.389000000000E+01   6.037654E+00   8.810021E-05   6.358625E+01   1.183944E-01   1.867267E-06   1.347698E+00   1.200000E+02   4.710895E-01
  1.389500000000E+01   6.037654E+00   7.723822E-05   6.346255E+01   1.183944E-01   1.626329E-06   1.336268E+00   1.200000E+02   4.718139E-01
  1.390000000000E+01   6.037654E+00   6.904992E-05   6.335760E+01   1.183944E-01   1.442589E-06   1.323666E+00   1.200000E+02   4.725381E-01
  1.390500000000E+01   6.037655E+00   6.322268E-05   6.327561E+01   1.183944E-01   1.309895E-06   1.310992E+00   1.200000E+02   4.732618E-01
  1.391000000000E+01   6.037655E+00   5.949225E-05   6.321984E+01   1.183944E-01   1.222760E-06   1.299374E+00   1.200000E+02   4.739849E-01
  1.391500000000E+01   6.037655E+00   5.766627E-05   6.319250E+01   1.183944E-01   1.177028E-06   1.289824E+00   1.200000E+02   4.747070E-01
  1.392000000000E+01   6.037656E+00   5.762830E-05   6.319439E+01   1.183944E-01   1.170119E-06   1.283136E+00   1.200000E+02   4.754280E-01
  1.392500000000E+01   6.037656E+00   5.932770E-05   6.322475E+01   1.183944E-01   1.200955E-06   1.279842E+00   1.200000E+02   4.761477E-01
  1.393000000000E+01   6.037656E+00   6.275647E-05   6.328107E+01   1.183944E-01   1.269609E-06   1.280222E+00   1.200000E+02   4.768660E-01
  1.393500000000E+01   6.037657E+00   6.791181E-05   6.335917E+01   1.183944E-01   1.376627E-06   1.284342E+00   1.200000E+02   4.775825E-01
  1.394000000000E+01   6.037657E+00   7.474492E-05   6.345344E+01   1.183944E-01   1.522039E-06   1.292109E+00   1.200000E+02   4.782973E-01
  1.394500000000E+01   6.037657E+00   8.310305E-05   6.355736E+01   1.183945E-01   1.704124E-06   1.303317E+00   1.200000E+02   4.790100E-01
  1.395000000000E+01   6.037658E+00   9.268257E-05   6.366418E+01   1.183945E-01   1.918249E-06   1.317656E+00   1.200000E+02   4.797205E-01
  1.395500000000E+01   6.037658E+00   1.030198E-04   6.376771E+01   1.183945E-01   2.156280E-06   1.334705E+00   1.200000E+02   4.804288E-01
  1.396000000000E+01   6.037659E+00   1.135425E-04   6.386304E+01   1.183945E-01   2.407088E-06   1.353889E+00   1.200000E+02   4.811348E-01
  1.396500000000E+01   6.037659E+00   1.236824E-04   6.394708E+01   1.183945E-01   2.658347E-06   1.374436E+00   1.200000E+02   4.818385E-01
  1.397000000000E+01   6.037660E+00   1.330136E-04   6.401880E+01   1.183945E-01   2.899161E-06   1.395353E+00   1.200000E+02   4.825400E-01
  1.397500000000E+01   6.037661E+00   1.413603E-04   6.407913E+01   1.183945E-01   3.122481E-06   1.415432E+00   1.200000E+02   4.832394E-01
  1.398000000000E+01   6.037661E+00   1.488242E-04   6.413046E+01   1.183945E-01   3.326220E-06   1.433315E+00   1.200000E+02   4.839367E-01
  1.398500000000E+01   6.037662E+00   1.557191E-04   6.417593E+01   1.183946E-01   3.512524E-06   1.447604E+00   1.200000E+02   4.846322E-01
  1.399000000000E+01   6.037663E+00   1.624382E-04   6.421859E+01   1.183946E-01   3.685441E-06   1.457008E+00   1.200000E+02   4.853257E-01
  1.399500000000E+01   6.037664E+00   1.692972E-04   6.426052E+01   1.183946E-01   3.847778E-06   1.460509E+00   1.200000E+02   4.860174E-01
  1.400000000000E+01   6.037665E+00   1.763872E-04   6.430227E+01   1.183946E-01   3.998062E-06   1.457501E+00   1.200000E+02   4.867073E-01
  1.400500000000E+01   6.037666E+00   1.834632E-04   6.434253E+01   1.183946E-01   4.128432E-06   1.447885E+00   1.200000E+02   4.873952E-01
  1.401000000000E+01   6.037667E+00   1.898911E-04   6.437822E+01   1.183947E-01   4.224157E-06   1.432103E+00   1.200000E+02   4.880812E-01
  1.401500000000E+01   6.037667E+00   1.946826E-04   6.440488E+01   1.183947E-01   4.265406E-06   1.411081E+00   1.200000E+02   4.887656E-01
  1.402000000000E+01   6.037668E+00   1.966482E-04   6.441732E+01   1.183947E-01   4.231437E-06   1.386119E+00   1.200000E+02   4.894484E-01
  1.402500000000E+01   6.037669E+00   1.946693E-04   6.441045E+01   1.183947E-01   4.106520E-06   1.358729E+00   1.200000E+02   4.901301E-01
  1.403000000000E+01   6.037670E+00   1.880279E-04   6.437996E+01   1.183947E-01   3.885743E-06   1.330462E+00   1.200000E+02   4.908112E-01
  1.403500000000E+01   6.037671E+00   1.766765E-04   6.432298E+01   1.183948E-01   3.578292E-06   1.302756E+00   1.200000E+02   4.914922E-01
  1.404000000000E+01   6.037672E+00   1.613248E-04   6.423847E+01   1.183948E-01   3.206535E-06   1.276821E+00   1.200000E+02   4.921735E-01
  1.404500000000E+01   6.037673E+00   1.432888E-04   6.412735E+01   1.183948E-01   2.801070E-06   1.253589E+00   1.200000E+02   4.928556E-01
  1.405000000000E+01   6.037674E+00   1.241666E-04   6.399246E+01   1.183948E-01   2.393815E-06   1.233714E+00   1.200000E+02   4.935386E-01
  1.405500000000E+01   6.037674E+00   1.054774E-04   6.383840E+01   1.183948E-01   2.011824E-06   1.217622E+00   1.200000E+02   4.942225E-01
  1.406000000000E+01   6.037675E+00   8.839568E-05   6.367126E+01   1.183948E-01   1.673712E-06   1.205572E+00   1.200000E+02   4.949073E-01
  1.406500000000E+01   6.037675E+00   7.364320E-05   6.349836E+01   1.183948E-01   1.389071E-06   1.197717E+00   1.200000E+02   4.955928E-01
  1.407000000000E+01   6.037675E+00   6.151998E-05   6.332800E+01   1.183948E-01   1.160050E-06   1.194143E+00   1.200000E+02   4.962786E-01
  1.407500000000E+01   6.037676E+00   5.201730E-05   6.316916E+01   1.183948E-01   9.839246E-07   1.194866E+00   1.200000E+02   4.969645E-01
  1.408000000000E+01   6.037676E+00   4.495229E-05   6.303118E+01   1.183948E-01   8.556745E-07   1.199809E+00   1.200000E+02   4.976502E-01
  1.408500000000E+01   6.037676E+00   4.008670E-05   6.292329E+01   1.183948E-01   7.700680E-07   1.208760E+00   1.200000E+02   4.983355E-01
  1.409000000000E+01   6.037676E+00   3.721642E-05   6.285399E+01   1.183949E-01   7.231643E-07   1.221336E+00   1.200000E+02   4.990201E-01
  1.409500000000E+01   6.037677E+00   3.623471E-05   6.283028E+01   1.183949E-01   7.133764E-07   1.236981E+00   1.200000E+02   4.997038E-01
  1.410000000000E+01   6.037677E+00   3.717917E-05   6.285690E+01   1.183949E-01   7.423194E-07   1.255001E+00   1.200000E+02   5.003865E-01
  1.410500000000E+01   6.037677E+00   4.027149E-05   6.293549E+01   1.183949E-01   8.156315E-07   1.274653E+00   1.200000E+02   5.010678E-01
  1.411000000000E+01   6.037677E+00   4.595233E-05   6.306404E+01   1.183949E-01   9.438006E-07   1.295253E+00   1.200000E+02   5.017476E-01
  1.411500000000E+01   6.037677E+00   5.489833E-05   6.323666E+01   1.183949E-01   1.142733E-06   1.316299E+00   1.200000E+02   5.024256E-01
  1.412000000000E+01   6.037678E+00   6.798440E-05   6.344374E+01   1.183949E-01   1.433295E-06   1.337565E+00   1.200000E+02   5.031013E-01
  1.412500000000E+01   6.037678E+00   8.612601E-05   6.367265E+01   1.183949E-01   1.838422E-06   1.359138E+00   1.200000E+02   5.037742E-01
  1.413000000000E+01   6.037679E+00   1.099271E-04   6.390870E+01   1.183949E-01   2.376063E-06   1.381380E+00   1.200000E+02   5.044438E-01
  1.413500000000E+01   6.037679E+00   1.391167E-04   6.413653E+01   1.183949E-01   3.047135E-06   1.404811E+00   1.200000E+02   5.051095E-01
  1.414000000000E+01   6.037680E+00   1.719241E-04   6.434149E+01   1.183949E-01   3.820857E-06   1.429931E+00   1.200000E+02   5.057708E-01
  1.414500000000E+01   6.037681E+00   2.047634E-04   6.451093E+01   1.183950E-01   4.624664E-06   1.457005E+00   1.200000E+02   5.064274E-01
  1.415000000000E+01   6.037682E+00   2.326714E-04   6.463513E+01   1.183950E-01   5.348739E-06   1.485857E+00   1.200000E+02   5.070797E-01
  1.415500000000E+01   6.037683E+00   2.506318E-04   6.470800E+01   1.183950E-01   5.870778E-06   1.515715E+00   1.200000E+02   5.077284E-01
  1.416000000000E+01   6.037684E+00   2.553003E-04   6.472718E+01   1.183950E-01   6.094409E-06   1.545137E+00   1.200000E+02   5.083748E-01
  1.416500000000E+01   6.037686E+00   2.462154E-04   6.469389E+01   1.183951E-01   5.983008E-06   1.572054E+00   1.200000E+02   5.090205E-01
  1.417000000000E+01   6.037687E+00   2.258182E-04   6.461247E+01   1.183951E-01   5.570675E-06   1.593915E+00   1.200000E+02   5.096669E-01
  1.417500000000E+01   6.037688E+00   1.983566E-04   6.448976E+01   1.183951E-01   4.945638E-06   1.607927E+00   1.200000E+02   5.103149E-01
  1.418000000000E+01   6.037689E+00   1.683802E-04   6.433450E+01   1.183951E-01   4.217349E-06   1.611360E+00   1.200000E+02   5.109650E-01
  1.418500000000E+01   6.037690E+00   1.395682E-04   6.415667E+01   1.183952E-01   3.484750E-06   1.601869E+00   1.200000E+02   5.116174E-01
  1.419000000000E+01   6.037690E+00   1.142295E-04   6.396705E+01   1.183952E-01   2.817574E-06   1.577805E+00   1.200000E+02   5.122717E-01
  1.419500000000E+01   6.037691E+00   9.338005E-05   6.377664E+01   1.183952E-01   2.252567E-06   1.538457E+00   1.200000E+02   5.129275E-01
  1.420000000000E+01   6.037691E+00   7.711434E-05   6.359630E+01   1.183952E-01   1.799702E-06   1.484217E+00   1.200000E+02   5.135843E-01
  1.420500000000E+01   6.037692E+00   6.501897E-05   6.343618E+01   1.183952E-01   1.451997E-06   1.416650E+00   1.200000E+02   5.142417E-01
  1.421000000000E+01   6.037692E+00   5.649523E-05   6.330510E+01   1.183952E-01   1.194476E-06   1.338457E+00   1.200000E+02   5.148991E-01
  1.421500000000E+01   6.037692E+00   5.095860E-05   6.320996E+01   1.183952E-01   1.010424E-06   1.253348E+00   1.200000E+02   5.155563E-01
  1.422000000000E+01   6.037692E+00   4.793563E-05   6.315507E+01   1.183952E-01   8.848888E-07   1.165839E+00   1.200000E+02   5.162130E-01
  1.422500000000E+01   6.037693E+00   4.709170E-05   6.314167E+01   1.183952E-01   8.062008E-07   1.080973E+00   1.200000E+02   5.168689E-01
  1.423000000000E+01   6.037693E+00   4.821570E-05   6.316774E+01   1.183952E-01   7.663580E-07   1.004011E+00   1.200000E+02   5.175237E-01
  1.423500000000E+01   6.037693E+00   5.117633E-05   6.322809E+01   1.183952E-01   7.608937E-07   9.400803E-01   1.200000E+02   5.181774E-01
  1.424000000000E+01   6.037693E+00   5.585651E-05   6.331493E+01   1.183952E-01   7.885337E-07   8.938253E-01   1.200000E+02   5.188296E-01
  1.424500000000E+01   6.037694E+00   6.207337E-05   6.341875E+01   1.183952E-01   8.506338E-07   8.690705E-01   1.200000E+02   5.194803E-01
  1.425000000000E+01   6.037694E+00   6.950172E-05   6.352943E+01   1.183952E-01   9.501681E-07   8.685201E-01   1.200000E+02   5.201292E-01
  1.425500000000E+01   6.037694E+00   7.763269E-05   6.363746E+01   1.183953E-01   1.090025E-06   8.935206E-01   1.200000E+02   5.207763E-01
  1.426000000000E+01   6.037695E+00   8.580233E-05   6.373495E+01   1.183953E-01   1.270721E-06   9.439057E-01   1.200000E+02   5.214216E-01
  1.426500000000E+01   6.037695E+00   9.330170E-05   6.381641E+01   1.183953E-01   1.488264E-06   1.017942E+00   1.200000E+02   5.220650E-01
  1.427000000000E+01   6.037696E+00   9.953627E-05   6.387909E+01   1.183953E-01   1.733311E-06   1.112382E+00   1.200000E+02   5.227067E-01
  1.427500000000E+01   6.037696E+00   1.041660E-04   6.392288E+01   1.183953E-01   1.992348E-06   1.222632E+00   1.200000E+02   5.233468E-01
  1.428000000000E+01   6.037697E+00   1.071621E-04   6.394985E+01   1.183953E-01   2.250523E-06   1.343018E+00   1.200000E+02   5.239856E-01
  1.428500000000E+01   6.037697E+00   1.087626E-04   6.396351E+01   1.183953E-01   2.494687E-06   1.467131E+00   1.200000E+02   5.246232E-01
  1.429000000000E+01   6.037698E+00   1.093596E-04   6.396803E+01   1.183953E-01   2.715229E-06   1.588226E+00   1.200000E+02   5.252597E-01
  1.429500000000E+01   6.037698E+00   1.093734E-04   6.396744E+01   1.183953E-01   2.906114E-06   1.699651E+00   1.200000E+02   5.258952E-01
  1.430000000000E+01   6.037699E+00   1.091561E-04   6.396506E+01   1.183953E-01   3.063595E-06   1.795255E+00   1.200000E+02   5.265298E-01
  1.430500000000E+01   6.037699E+00   1.089397E-04   6.396316E+01   1.183954E-01   3.184529E-06   1.869773E+00   1.200000E+02   5.271635E-01
  1.431000000000E+01   6.037700E+00   1.088227E-04   6.396278E+01   1.183954E-01   3.265119E-06   1.919142E+00   1.200000E+02   5.277962E-01
  1.431500000000E+01   6.037701E+00   1.087787E-04   6.396385E+01   1.183954E-01   3.300492E-06   1.940749E+00   1.200000E+02   5.284280E-01
  1.432000000000E+01   6.037701E+00   1.086759E-04   6.396525E+01   1.183954E-01   3.285139E-06   1.933590E+00   1.200000E+02   5.290589E-01
  1.432500000000E+01   6.037702E+00   1.082981E-04   6.396503E+01   1.183954E-01   3.214038E-06   1.898335E+00   1.200000E+02   5.296889E-01
  1.433000000000E+01   6.037702E+00   1.073675E-04   6.396059E+01   1.183954E-01   3.084176E-06   1.837294E+00   1.200000E+02   5.303180E-01
  1.433500000000E+01   6.037703E+00   1.055744E-04   6.394879E+01   1.183955E-01   2.896181E-06   1.754282E+00   1.200000E+02   5.309464E-01
  1.434000000000E+01   6.037703E+00   1.026193E-04   6.392623E+01   1.183955E-01   2.655743E-06   1.654384E+00   1.200000E+02   5.315740E-01
  1.434500000000E+01   6.037704E+00   9.827320E-05   6.388949E+01   1.183955E-01   2.374361E-06   1.543622E+00   1.200000E+02   5.322012E-01
  1.435000000000E+01   6.037704E+00   9.244887E-05   6.383553E+01   1.183955E-01   2.068883E-06   1.428555E+00   1.200000E+02   5.328280E-01
  1.435500000000E+01   6.037705E+00   8.526275E-05   6.376230E+01   1.183955E-01   1.759507E-06   1.315817E+00   1.200000E+02   5.334545E-01
  1.436000000000E+01   6.037705E+00   7.705744E-05   6.366926E+01   1.183955E-01   1.466439E-06   1.211656E+00   1.200000E+02   5.340810E-01
  1.436500000000E+01   6.037705E+00   6.836121E-05   6.355799E+01   1.183955E-01   1.206245E-06   1.121491E+00   1.200000E+02   5.347075E-01
  1.437000000000E+01   6.037706E+00   5.978829E-05   6.343262E+01   1.183955E-01   9.892586E-07   1.049558E+00   1.200000E+02   5.353340E-01
  1.437500000000E+01   6.037706E+00   5.191552E-05   6.329995E+01   1.183955E-01   8.190491E-07   9.986564E-01   1.200000E+02   5.359606E-01
  1.438000000000E+01   6.037706E+00   4.518554E-05   6.316916E+01   1.183955E-01   6.938843E-07   9.700469E-01   1.200000E+02   5.365870E-01
  1.438500000000E+01   6.037706E+00   3.987089E-05   6.305120E+01   1.183955E-01   6.092671E-07   9.634853E-01   1.200000E+02   5.372131E-01
  1.439000000000E+01   6.037707E+00   3.610141E-05   6.295771E+01   1.183955E-01   5.604607E-07   9.773947E-01   1.200000E+02   5.378388E-01
  1.439500000000E+01   6.037707E+00   3.393253E-05   6.289980E+01   1.183955E-01   5.443998E-07   1.009139E+00   1.200000E+02   5.384640E-01
  1.440000000000E+01   6.037707E+00   3.342754E-05   6.288673E+01   1.183955E-01   5.609759E-07   1.055356E+00   1.200000E+02   5.390884E-01
  1.440500000000E+01   6.037707E+00   3.473682E-05   6.292472E+01   1.183956E-01   6.140317E-07   1.112300E+00   1.200000E+02   5.397118E-01
  1.441000000000E+01   6.037707E+00   3.816977E-05   6.301613E+01   1.183956E-01   7.124169E-07   1.176160E+00   1.200000E+02   5.403341E-01
  1.441500000000E+01   6.037708E+00   4.425871E-05   6.315903E+01   1.183956E-01   8.712431E-07   1.243301E+00   1.200000E+02   5.409550E-01
  1.442000000000E+01   6.037708E+00   5.380517E-05   6.334729E+01   1.183956E-01   1.113044E-06   1.310437E+00   1.200000E+02   5.415741E-01
  1.442500000000E+01   6.037708E+00   6.787533E-05   6.357106E+01   1.183956E-01   1.467808E-06   1.374728E+00   1.200000E+02   5.421911E-01
  1.443000000000E+01   6.037709E+00   8.767569E-05   6.381761E+01   1.183956E-01   1.969826E-06   1.433802E+00   1.200000E+02   5.428054E-01
  1.443500000000E+01   6.037709E+00   1.142113E-04   6.407236E+01   1.183956E-01   2.648422E-06   1.485760E+00   1.200000E+02   5.434163E-01
  1.444000000000E+01   6.037710E+00   1.476531E-04   6.431997E+01   1.183956E-01   3.510335E-06   1.529156E+00   1.200000E+02   5.440231E-01
  1.444500000000E+01   6.037710E+00   1.864831E-04   6.454537E+01   1.183956E-01   4.515731E-06   1.562981E+00   1.200000E+02   5.446250E-01
  1.445000000000E+01   6.037712E+00   2.267677E-04   6.473460E+01   1.183956E-01   5.558137E-06   1.586662E+00   1.200000E+02   5.452218E-01
  1.445500000000E+01   6.037713E+00   2.621823E-04   6.487559E+01   1.183957E-01   6.466344E-06   1.600061E+00   1.200000E+02   5.458135E-01
  1.446000000000E+01   6.037714E+00   2.853424E-04   6.495874E+01   1.183957E-01   7.043525E-06   1.603472E+00   1.200000E+02   5.464011E-01
  1.446500000000E+01   6.037716E+00   2.903242E-04   6.497744E+01   1.183957E-01   7.138127E-06   1.597584E+00   1.200000E+02   5.469863E-01
  1.447000000000E+01   6.037717E+00   2.752437E-04   6.492850E+01   1.183958E-01   6.712426E-06   1.583425E+00   1.200000E+02   5.475713E-01
  1.447500000000E+01   6.037718E+00   2.433012E-04   6.481250E+01   1.183958E-01   5.864609E-06   1.562261E+00   1.200000E+02   5.481580E-01
  1.448000000000E+01   6.037719E+00   2.014893E-04   6.463402E+01   1.183958E-01   4.786655E-06   1.535470E+00   1.200000E+02   5.487480E-01
  1.448500000000E+01   6.037720E+00   1.577401E-04   6.440165E+01   1.183959E-01   3.684775E-06   1.504408E+00   1.200000E+02   5.493418E-01
  1.449000000000E+01   6.037721E+00   1.182480E-04   6.412770E+01   1.183959E-01   2.711150E-06   1.470298E+00   1.200000E+02   5.499394E-01
  1.449500000000E+01   6.037722E+00   8.625319E-05   6.382754E+01   1.183959E-01   1.938033E-06   1.434148E+00   1.200000E+02   5.505401E-01
  1.450000000000E+01   6.037722E+00   6.234539E-05   6.351867E+01   1.183959E-01   1.370943E-06   1.396743E+00   1.200000E+02   5.511429E-01
  1.450500000000E+01   6.037722E+00   4.551835E-05   6.321943E+01   1.183959E-01   9.782630E-07   1.358688E+00   1.200000E+02   5.517471E-01
  1.451000000000E+01   6.037722E+00   3.419602E-05   6.294761E+01   1.183959E-01   7.173659E-07   1.320518E+00   1.200000E+02   5.523519E-01
  1.451500000000E+01   6.037722E+00   2.687377E-05   6.271902E+01   1.183959E-01   5.496654E-07   1.282830E+00   1.200000E+02   5.529569E-01
  1.452000000000E+01   6.037723E+00   2.238370E-05   6.254621E+01   1.183959E-01   4.460597E-07   1.246413E+00   1.200000E+02   5.535617E-01
  1.452500000000E+01   6.037723E+00   1.993286E-05   6.243753E+01   1.183959E-01   3.870369E-07   1.212351E+00   1.200000E+02   5.541660E-01
  1.453000000000E+01   6.037723E+00   1.904972E-05   6.239659E+01   1.183959E-01   3.608809E-07   1.182051E+00   1.200000E+02   5.547696E-01
  1.453500000000E+01   6.037723E+00   1.951555E-05   6.242224E+01   1.183959E-01   3.617840E-07   1.157198E+00   1.200000E+02   5.553724E-01
  1.454000000000E+01   6.037723E+00   2.130933E-05   6.250899E+01   1.183959E-01   3.885022E-07   1.139636E+00   1.200000E+02   5.559743E-01
  1.454500000000E+01   6.037723E+00   2.456747E-05   6.264774E+01   1.183959E-01   4.435922E-07   1.131172E+00   1.200000E+02   5.565751E-01
  1.455000000000E+01   6.037723E+00   2.954557E-05   6.282684E+01   1.183959E-01   5.329859E-07   1.133362E+00   1.200000E+02   5.571745E-01
  1.455500000000E+01   6.037723E+00   3.656200E-05   6.303316E+01   1.183959E-01   6.654727E-07   1.147280E+00   1.200000E+02   5.577725E-01
  1.456000000000E+01   6.037724E+00   4.590213E-05   6.325311E+01   1.183959E-01   8.514752E-07   1.173332E+00   1.200000E+02   5.583688E-01
  1.456500000000E+01   6.037724E+00   5.767197E-05   6.347355E+01   1.183959E-01   1.100428E-06   1.211126E+00   1.200000E+02   5.589631E-01
  1.457000000000E+01   6.037724E+00   7.161807E-05   6.368254E+01   1.183959E-01   1.416353E-06   1.259416E+00   1.200000E+02   5.595552E-01
  1.457500000000E+01   6.037725E+00   8.697242E-05   6.386988E+01   1.183960E-01   1.792194E-06   1.316132E+00   1.200000E+02   5.601449E-01
  1.458000000000E+01   6.037725E+00   1.024164E-04   6.402748E+01   1.183960E-01   2.204982E-06   1.378485E+00   1.200000E+02   5.607321E-01
  1.458500000000E+01   6.037726E+00   1.162469E-04   6.414965E+01   1.183960E-01   2.615134E-06   1.443134E+00   1.200000E+02   5.613168E-01
  1.459000000000E+01   6.037726E+00   1.267500E-04   6.423321E+01   1.183960E-01   2.972548E-06   1.506401E+00   1.200000E+02   5.618995E-01
  1.459500000000E+01   6.037727E+00   1.326646E-04   6.427757E+01   1.183960E-01   3.229030E-06   1.564503E+00   1.200000E+02   5.624804E-01
  1.460000000000E+01   6.037728E+00   1.335404E-04   6.428461E+01   1.183960E-01   3.352399E-06   1.613801E+00   1.200000E+02   5.630601E-01
  1.460500000000E+01   6.037728E+00   1.298245E-04   6.425850E+01   1.183960E-01   3.335667E-06   1.651036E+00   1.200000E+02   5.636393E-01
  1.461000000000E+01   6.037729E+00   1.226523E-04   6.420527E+01   1.183961E-01   3.196997E-06   1.673544E+00   1.200000E+02   5.642182E-01
  1.461500000000E+01   6.037729E+00   1.134653E-04   6.413227E+01   1.183961E-01   2.971337E-06   1.679444E+00   1.200000E+02   5.647973E-01
  1.462000000000E+01   6.037730E+00   1.036350E-04   6.404746E+01   1.183961E-01   2.698629E-06   1.667780E+00   1.200000E+02   5.653766E-01
  1.462500000000E+01   6.037730E+00   9.422114E-05   6.395868E+01   1.183961E-01   2.413939E-06   1.638617E+00   1.200000E+02   5.659562E-01
  1.463000000000E+01   6.037731E+00   8.589263E-05   6.387286E+01   1.183961E-01   2.142276E-06   1.593074E+00   1.200000E+02   5.665360E-01
  1.463500000000E+01   6.037731E+00   7.896701E-05   6.379550E+01   1.183961E-01   1.897929E-06   1.533290E+00   1.200000E+02   5.671158E-01
  1.464000000000E+01   6.037732E+00   7.350250E-05   6.373020E+01   1.183961E-01   1.686555E-06   1.462325E+00   1.200000E+02   5.676955E-01
  1.464500000000E+01   6.037732E+00   6.939255E-05   6.367860E+01   1.183961E-01   1.508173E-06   1.383987E+00   1.200000E+02   5.682749E-01
  1.465000000000E+01   6.037732E+00   6.643916E-05   6.364045E+01   1.183961E-01   1.359887E-06   1.302602E+00   1.200000E+02   5.688539E-01
  1.465500000000E+01   6.037733E+00   6.440204E-05   6.361402E+01   1.183961E-01   1.237886E-06   1.222739E+00   1.200000E+02   5.694324E-01
  1.466000000000E+01   6.037733E+00   6.302996E-05   6.359662E+01   1.183962E-01   1.138667E-06   1.148904E+00   1.200000E+02   5.700104E-01
  1.466500000000E+01   6.037733E+00   6.208258E-05   6.358509E+01   1.183962E-01   1.059586E-06   1.085230E+00   1.200000E+02   5.705876E-01
  1.467000000000E+01   6.037734E+00   6.134795E-05   6.357640E+01   1.183962E-01   9.989131E-07   1.035198E+00   1.200000E+02   5.711642E-01
  1.467500000000E+01   6.037734E+00   6.065710E-05   6.356797E+01   1.183962E-01   9.555305E-07   1.001385E+00   1.200000E+02   5.717401E-01
  1.468000000000E+01   6.037734E+00   5.989385E-05   6.355797E+01   1.183962E-01   9.284851E-07   9.852869E-01   1.200000E+02   5.723153E-01
  1.468500000000E+01   6.037735E+00   5.899796E-05   6.354537E+01   1.183962E-01   9.165662E-07   9.872128E-01   1.200000E+02   5.728898E-01
  1.469000000000E+01   6.037735E+00   5.796083E-05   6.352995E+01   1.183962E-01   9.180611E-07   1.006272E+00   1.200000E+02   5.734636E-01
  1.469500000000E+01   6.037735E+00   5.681552E-05   6.351215E+01   1.183962E-01   9.307461E-07   1.040450E+00   1.200000E+02   5.740369E-01
  1.470000000000E+01   6.037735E+00   5.562429E-05   6.349294E+01   1.183962E-01   9.520836E-07   1.086766E+00   1.200000E+02   5.746094E-01
  1.470500000000E+01   6.037736E+00   5.446663E-05   6.347370E+01   1.183962E-01   9.795352E-07   1.141519E+00   1.200000E+02   5.751813E-01
  1.471000000000E+01   6.037736E+00   5.342980E-05   6.345606E+01   1.183962E-01   1.010888E-06   1.200584E+00   1.200000E+02   5.757526E-01
  1.471500000000E+01   6.037736E+00   5.260209E-05   6.344183E+01   1.183962E-01   1.044502E-06   1.259744E+00   1.200000E+02   5.763233E-01
  1.472000000000E+01   6.037737E+00   5.206816E-05   6.343282E+01   1.183962E-01   1.079431E-06   1.315033E+00   1.200000E+02   5.768932E-01
  1.472500000000E+01   6.037737E+00   5.190514E-05   6.343070E+01   1.183962E-01   1.115382E-06   1.363053E+00   1.200000E+02   5.774625E-01
  1.473000000000E+01   6.037737E+00   5.217848E-05   6.343681E+01   1.183962E-01   1.152551E-06   1.401232E+00   1.200000E+02   5.780309E-01
  1.473500000000E+01   6.037737E+00   5.293658E-05   6.345196E+01   1.183962E-01   1.191352E-06   1.428003E+00   1.200000E+02   5.785986E-01
  1.474000000000E+01   6.037738E+00   5.420380E-05   6.347622E+01   1.183962E-01   1.232106E-06   1.442877E+00   1.200000E+02   5.791654E-01
  1.474500000000E+01   6.037738E+00   5.597175E-05   6.350884E+01   1.183962E-01   1.274748E-06   1.446404E+00   1.200000E+02   5.797313E-01
  1.475000000000E+01   6.037738E+00   5.818986E-05   6.354817E+01   1.183962E-01   1.318615E-06   1.440037E+00   1.200000E+02   5.802963E-01
  1.475500000000E+01   6.037738E+00   6.075736E-05   6.359182E+01   1.183963E-01   1.362345E-06   1.425901E+00   1.200000E+02   5.808602E-01
  1.476000000000E+01   6.037739E+00   6.352047E-05   6.363682E+01   1.183963E-01   1.403941E-06   1.406513E+00   1.200000E+02   5.814231E-01
  1.476500000000E+01   6.037739E+00   6.627863E-05   6.367997E+01   1.183963E-01   1.440983E-06   1.384485E+00   1.200000E+02   5.819850E-01
  1.477000000000E+01   6.037739E+00   6.880253E-05   6.371819E+01   1.183963E-01   1.470944E-06   1.362244E+00   1.200000E+02   5.825458E-01
  1.477500000000E+01   6.037740E+00   7.086281E-05   6.374880E+01   1.183963E-01   1.491552E-06   1.341814E+00   1.200000E+02   5.831057E-01
  1.478000000000E+01   6.037740E+00   7.226345E-05   6.376980E+01   1.183963E-01   1.501098E-06   1.324663E+00   1.200000E+02   5.836646E-01
  1.478500000000E+01   6.037740E+00   7.287118E-05   6.377996E+01   1.183963E-01   1.498614E-06   1.311651E+00   1.200000E+02   5.842227E-01
  1.479000000000E+01   6.037741E+00   7.263234E-05   6.377883E+01   1.183963E-01   1.483931E-06   1.303047E+00   1.200000E+02   5.847801E-01
  1.479500000000E+01   6.037741E+00   7.157378E-05   6.376667E+01   1.183963E-01   1.457607E-06   1.298614E+00   1.200000E+02   5.853368E-01
  1.480000000000E+01   6.037742E+00   6.979012E-05   6.374430E+01   1.183963E-01   1.420810E-06   1.297727E+00   1.200000E+02   5.858929E-01
  1.480500000000E+01   6.037742E+00   6.742367E-05   6.371298E+01   1.183963E-01   1.375191E-06   1.299507E+00   1.200000E+02   5.864486E-01
  1.481000000000E+01   6.037742E+00   6.464382E-05   6.367433E+01   1.183963E-01   1.322774E-06   1.302935E+00   1.200000E+02   5.870038E-01
  1.481500000000E+01   6.037743E+00   6.163011E-05   6.363025E+01   1.183963E-01   1.265866E-06   1.306948E+00   1.200000E+02   5.875586E-01
  1.482000000000E+01   6.037743E+00   5.855977E-05   6.358294E+01   1.183963E-01   1.206959E-06   1.310490E+00   1.200000E+02   5.881130E-01
  1.482500000000E+01   6.037743E+00   5.559871E-05   6.353492E+01   1.183964E-01   1.148599E-06   1.312550E+00   1.200000E+02   5.886670E-01
  1.483000000000E+01   6.037743E+00   5.289436E-05   6.348888E+01   1.183964E-01   1.093215E-06   1.312181E+00   1.200000E+02   5.892207E-01
  1.483500000000E+01   6.037744E+00   5.056980E-05   6.344764E+01   1.183964E-01   1.042935E-06   1.308523E+00   1.200000E+02   5.897739E-01
  1.484000000000E+01   6.037744E+00   4.871903E-05   6.341382E+01   1.183964E-01   9.994036E-07   1.300847E+00   1.200000E+02   5.903266E-01
  1.484500000000E+01   6.037744E+00   4.740388E-05   6.338963E+01   1.183964E-01   9.636485E-07   1.288614E+00   1.200000E+02   5.908787E-01
  1.485000000000E+01   6.037744E+00   4.665217E-05   6.337645E+01   1.183964E-01   9.360108E-07   1.271560E+00   1.200000E+02   5.914303E-01
  1.485500000000E+01   6.037745E+00   4.645658E-05   6.337467E+01   1.183964E-01   9.161487E-07   1.249783E+00   1.200000E+02   5.919812E-01
  1.486000000000E+01   6.037745E+00   4.677403E-05   6.338353E+01   1.183964E-01   9.031187E-07   1.223817E+00   1.200000E+02   5.925314E-01
  1.486500000000E+01   6.037745E+00   4.752623E-05   6.340122E+01   1.183964E-01   8.955454E-07   1.194681E+00   1.200000E+02   5.930809E-01
  1.487000000000E+01   6.037745E+00   4.860350E-05   6.342512E+01   1.183964E-01   8.918847E-07   1.163865E+00   1.200000E+02   5.936295E-01
  1.487500000000E+01   6.037746E+00   4.987460E-05   6.345227E+01   1.183964E-01   8.907672E-07   1.133266E+00   1.200000E+02   5.941773E-01
  1.488000000000E+01   6.037746E+00   5.120393E-05   6.347983E+01   1.183964E-01   8.913639E-07   1.105064E+00   1.200000E+02   5.947243E-01
  1.488500000000E+01   6.037746E+00   5.247449E-05   6.350557E+01   1.183964E-01   8.936758E-07   1.081542E+00   1.200000E+02   5.952704E-01
  1.489000000000E+01   6.037746E+00   5.361068E-05   6.352823E+01   1.183964E-01   8.986479E-07   1.064891E+00   1.200000E+02   5.958157E-01
  1.489500000000E+01   6.037747E+00   5.459346E-05   6.354760E+01   1.183964E-01   9.080624E-07   1.056998E+00   1.200000E+02   5.963602E-01
  1.490000000000E+01   6.037747E+00   5.546197E-05   6.356452E+01   1.183964E-01   9.242501E-07   1.059276E+00   1.200000E+02   5.969040E-01
  1.490500000000E+01   6.037747E+00   5.630095E-05   6.358052E+01   1.183964E-01   9.497201E-07   1.072517E+00   1.200000E+02   5.974469E-01
  1.491000000000E+01   6.037747E+00   5.721851E-05   6.359743E+01   1.183964E-01   9.868065E-07   1.096819E+00   1.200000E+02   5.979891E-01
  1.491500000000E+01   6.037748E+00   5.832142E-05   6.361696E+01   1.183964E-01   1.037378E-06   1.131572E+00   1.200000E+02   5.985304E-01
  1.492000000000E+01   6.037748E+00   5.969410E-05   6.364030E+01   1.183964E-01   1.102603E-06   1.175493E+00   1.200000E+02   5.990710E-01
  1.492500000000E+01   6.037748E+00   6.138468E-05   6.366796E+01   1.183965E-01   1.182735E-06   1.226728E+00   1.200000E+02   5.996107E-01
  1.493000000000E+01   6.037749E+00   6.339907E-05   6.369965E+01   1.183965E-01   1.276915E-06   1.282969E+00   1.200000E+02   6.001495E-01
  1.493500000000E+01   6.037749E+00   6.570235E-05   6.373451E+01   1.183965E-01   1.383028E-06   1.341606E+00   1.200000E+02   6.006874E-01
  1.494000000000E+01   6.037749E+00   6.822577E-05   6.377125E+01   1.183965E-01   1.497662E-06   1.399878E+00   1.200000E+02   6.012244E-01
  1.494500000000E+01   6.037750E+00   7.087707E-05   6.380842E+01   1.183965E-01   1.616218E-06   1.455031E+00   1.200000E+02   6.017604E-01
  1.495000000000E+01   6.037750E+00   7.355065E-05   6.384462E+01   1.183965E-01   1.733174E-06   1.504458E+00   1.200000E+02   6.022955E-01
  1.495500000000E+01   6.037750E+00   7.613382E-05   6.387857E+01   1.183965E-01   1.842415E-06   1.545842E+00   1.200000E+02   6.028296E-01
  1.496000000000E+01   6.037751E+00   7.850674E-05   6.390905E+01   1.183965E-01   1.937547E-06   1.577276E+00   1.200000E+02   6.033628E-01
  1.496500000000E+01   6.037751E+00   8.053627E-05   6.393483E+01   1.183965E-01   2.012147E-06   1.597371E+00   1.200000E+02   6.038951E-01
  1.497000000000E+01   6.037752E+00   8.206808E-05   6.395449E+01   1.183965E-01   2.060007E-06   1.605334E+00   1.200000E+02   6.044265E-01
  1.497500000000E+01   6.037752E+00   8.292415E-05   6.396632E+01   1.183965E-01   2.075522E-06   1.601024E+00   1.200000E+02   6.049571E-01
  1.498000000000E+01   6.037752E+00   8.291318E-05   6.396835E+01   1.183965E-01   2.054354E-06   1.584954E+00   1.200000E+02   6.054870E-01
  1.498500000000E+01   6.037753E+00   8.185815E-05   6.395845E+01   1.183966E-01   1.994371E-06   1.558268E+00   1.200000E+02   6.060163E-01
  1.499000000000E+01   6.037753E+00   7.963794E-05   6.393465E+01   1.183966E-01   1.896635E-06   1.522650E+00   1.200000E+02   6.065452E-01
  1.499500000000E+01   6.037754E+00   7.623132E-05   6.389540E+01   1.183966E-01   1.765985E-06   1.480210E+00   1.200000E+02   6.070737E-01
  1.500000000000E+01   6.037754E+00   7.174576E-05   6.383997E+01   1.183966E-01   1.610825E-06   1.433325E+00   1.200000E+02   6.076019E-01
