# SCEC TPV102 on-fault time series
# problem=TPV102
# author=Gauss T. Chang, National Taiwan University
# date=2026-08-26
# code=Tatva
# code_version=TPV102-validation-1
# element_size=100 m
# time_step=5.000000000000e-03
# internal_time_step=1.000000000000e-03
# num_time_steps=3001
# location=on fault, 0 km along strike, 12 km down-dip
# Column #1 = Time (s)
# Column #2 = horizontal slip (m)
# Column #3 = horizontal slip rate (m/s)
# Column #4 = horizontal shear stress (MPa)
# Column #5 = vertical slip (m)
# Column #6 = vertical slip rate (m/s)
# Column #7 = vertical shear stress (MPa)
# Column #8 = normal stress, positive in compression (MPa)
# Column #9 = log10 of state variable (log-seconds)
t h-slip h-slip-rate h-shear-stress v-slip v-slip-rate v-shear-stress n-stress log-theta
  0.000000000000E+00   0.000000E+00   1.000000E-12   7.500000E+01   0.000000E+00   0.000000E+00   0.000000E+00   1.200000E+02   9.205810E+00
  5.000000000000E-03   5.000356E-15   1.000089E-12   7.500009E+01  -1.247165E-49  -1.061088E-47  -7.957459E-34   1.200000E+02   9.205810E+00
  1.000000000000E-02   1.000080E-14   1.000089E-12   7.500009E+01   6.201589E-48   2.877349E-45   2.157822E-31   1.200000E+02   9.205810E+00
  1.500000000000E-02   1.500124E-14   1.000089E-12   7.500009E+01   2.284953E-47  -2.511294E-43  -1.883305E-29   1.200000E+02   9.205810E+00
  2.000000000000E-02   2.000169E-14   1.000089E-12   7.500009E+01  -3.368555E-45  -1.289632E-42  -9.671395E-29   1.200000E+02   9.205810E+00
  2.500000000000E-02   2.500213E-14   1.000089E-12   7.500009E+01  -1.127538E-44  -1.779299E-42  -1.334357E-28   1.200000E+02   9.205810E+00
  3.000000000000E-02   3.000258E-14   1.000089E-12   7.500009E+01  -2.065795E-44  -9.809089E-43  -7.356171E-29   1.200000E+02   9.205810E+00
  3.500000000000E-02   3.500302E-14   1.000089E-12   7.500009E+01  -2.457502E-44  -8.565437E-43  -6.423514E-29   1.200000E+02   9.205810E+00
  4.000000000000E-02   4.000347E-14   1.000089E-12   7.500009E+01  -2.831631E-44  -4.688219E-43  -3.515856E-29   1.200000E+02   9.205810E+00
  4.500000000000E-02   4.500391E-14   1.000089E-12   7.500009E+01  -2.996395E-44   4.353550E-43   3.264876E-29   1.200000E+02   9.205810E+00
  5.000000000000E-02   5.000436E-14   1.000089E-12   7.500009E+01  -2.455126E-44   1.178317E-42   8.836601E-29   1.200000E+02   9.205810E+00
  5.500000000000E-02   5.500480E-14   1.000089E-12   7.500009E+01  -1.832372E-44   1.289983E-42   9.674022E-29   1.200000E+02   9.205810E+00
  6.000000000000E-02   6.000525E-14   1.000089E-12   7.500009E+01  -1.182449E-44   1.300230E-42   9.750868E-29   1.200000E+02   9.205810E+00
  6.500000000000E-02   6.500569E-14   1.000089E-12   7.500009E+01  -2.638632E-45   3.620605E-42   2.715215E-28   1.200000E+02   9.205810E+00
  7.000000000000E-02   7.000613E-14   1.000089E-12   7.500009E+01   1.365742E-44   3.046773E-42   2.284879E-28   1.200000E+02   9.205810E+00
  7.500000000000E-02   7.500658E-14   1.000089E-12   7.500009E+01   2.875571E-44   3.109481E-42   2.331906E-28   1.200000E+02   9.205810E+00
  8.000000000000E-02   8.000702E-14   1.000089E-12   7.500009E+01   4.653538E-44   3.005435E-42   2.253878E-28   1.200000E+02   9.205810E+00
  8.500000000000E-02   8.500747E-14   1.000089E-12   7.500009E+01   5.971442E-44   2.171575E-42   1.628538E-28   1.200000E+02   9.205810E+00
  9.000000000000E-02   9.000791E-14   1.000089E-12   7.500009E+01   7.440423E-44   1.657999E-42   1.243390E-28   1.200000E+02   9.205810E+00
  9.500000000000E-02   9.500836E-14   1.000089E-12   7.500009E+01   8.074449E-44   1.466634E-42   1.099879E-28   1.200000E+02   9.205810E+00
  1.000000000000E-01   1.000088E-13   1.000089E-12   7.500009E+01   8.633865E-44   9.906961E-43   7.429569E-29   1.200000E+02   9.205810E+00
  1.050000000000E-01   1.050092E-13   1.000089E-12   7.500009E+01   9.130704E-44  -6.621135E-44  -4.965416E-30   1.200000E+02   9.205810E+00
  1.100000000000E-01   1.100097E-13   1.000089E-12   7.500009E+01   9.428423E-44   1.785605E-42   1.339086E-28   1.200000E+02   9.205810E+00
  1.150000000000E-01   1.150101E-13   1.000089E-12   7.500009E+01   1.038823E-43  -1.046332E-42  -7.846802E-29   1.200000E+02   9.205810E+00
  1.200000000000E-01   1.200106E-13   1.000089E-12   7.500009E+01   9.870489E-44  -2.522731E-42  -1.891882E-28   1.200000E+02   9.205810E+00
  1.250000000000E-01   1.250110E-13   1.000089E-12   7.500009E+01   7.387301E-44  -2.872749E-42  -2.154373E-28   1.200000E+02   9.205810E+00
  1.300000000000E-01   1.300115E-13   1.000089E-12   7.500009E+01   4.150792E-44  -9.506409E-42  -7.129181E-28   1.200000E+02   9.205810E+00
  1.350000000000E-01   1.350119E-13   1.000089E-12   7.500009E+01  -5.958265E-45  -6.338774E-42  -4.753663E-28   1.200000E+02   9.205810E+00
  1.400000000000E-01   1.400124E-13   1.000089E-12   7.500009E+01  -4.401753E-44  -6.981269E-42  -5.235492E-28   1.200000E+02   9.205810E+00
  1.450000000000E-01   1.450128E-13   1.000089E-12   7.500009E+01  -7.208834E-44  -7.766697E-42  -5.824511E-28   1.200000E+02   9.205810E+00
  1.500000000000E-01   1.500132E-13   1.000089E-12   7.500009E+01  -9.970618E-44  -3.818319E-42  -2.863488E-28   1.200000E+02   9.205810E+00
  1.550000000000E-01   1.550137E-13   1.000089E-12   7.500009E+01  -1.078548E-43  -2.566653E-42  -1.924821E-28   1.200000E+02   9.205810E+00
  1.600000000000E-01   1.600141E-13   1.000089E-12   7.500009E+01  -1.153991E-43  -1.898935E-42  -1.424076E-28   1.200000E+02   9.205810E+00
  1.650000000000E-01   1.650146E-13   1.000089E-12   7.500009E+01  -1.159627E-43   1.108777E-43   8.315101E-30   1.200000E+02   9.205810E+00
  1.700000000000E-01   1.700150E-13   1.000089E-12   7.500009E+01  -1.135644E-43   3.485730E-42   2.614068E-28   1.200000E+02   9.205810E+00
  1.750000000000E-01   1.750155E-13   1.000089E-12   7.500009E+01  -1.069890E-43  -5.593370E-43  -4.194660E-29   1.200000E+02   9.205810E+00
  1.800000000000E-01   1.800159E-13   1.000089E-12   7.500009E+01  -1.108929E-43  -1.546245E-42  -1.159582E-28   1.200000E+02   9.205810E+00
  1.850000000000E-01   1.850164E-13   1.000089E-12   7.500009E+01  -1.323226E-43  -5.126650E-42  -3.844650E-28   1.200000E+02   9.205810E+00
  1.900000000000E-01   1.900168E-13   1.000089E-12   7.500009E+01  -1.585008E-43  -3.401088E-42  -2.550592E-28   1.200000E+02   9.205810E+00
  1.950000000000E-01   1.950172E-13   1.000089E-12   7.500009E+01  -1.665374E-43   4.122445E-43   3.091562E-29   1.200000E+02   9.205810E+00
  2.000000000000E-01   2.000177E-13   1.000089E-12   7.500009E+01  -1.601551E-43   3.270280E-42   2.452495E-28   1.200000E+02   9.205810E+00
  2.050000000000E-01   2.050181E-13   1.000089E-12   7.500009E+01  -1.396379E-43   7.400257E-42   5.549706E-28   1.200000E+02   9.205810E+00
  2.100000000000E-01   2.100186E-13   1.000089E-12   7.500009E+01  -9.174148E-44   1.360591E-41   1.020354E-27   1.200000E+02   9.205810E+00
  2.150000000000E-01   2.150190E-13   1.000089E-12   7.500009E+01  -2.604720E-44   1.168473E-41   8.762776E-28   1.200000E+02   9.205810E+00
  2.200000000000E-01   2.200195E-13   1.000089E-12   7.500009E+01   1.608704E-44   4.009816E-42   3.007098E-28   1.200000E+02   9.205810E+00
  2.250000000000E-01   2.250199E-13   1.000089E-12   7.500009E+01   3.030050E-44   3.453500E-42   2.589898E-28   1.200000E+02   9.205810E+00
  2.300000000000E-01   2.300204E-13   1.000089E-12   7.500009E+01   4.078827E-44   4.272318E-43   3.203957E-29   1.200000E+02   9.205810E+00
  2.350000000000E-01   2.350208E-13   1.000089E-12   7.500009E+01   3.373957E-44  -2.705032E-42  -2.028596E-28   1.200000E+02   9.205810E+00
  2.400000000000E-01   2.400212E-13   1.000089E-12   7.500009E+01   3.767599E-44   4.504474E-42   3.378059E-28   1.200000E+02   9.205810E+00
  2.450000000000E-01   2.450217E-13   1.000089E-12   7.500009E+01   6.392196E-44   5.858128E-42   4.393211E-28   1.200000E+02   9.205810E+00
  2.500000000000E-01   2.500221E-13   1.000089E-12   7.500009E+01   7.247991E-44  -3.169562E-42  -2.376963E-28   1.200000E+02   9.205810E+00
  2.550000000000E-01   2.550226E-13   1.000089E-12   7.500009E+01   5.094160E-44  -8.122627E-42  -6.091435E-28   1.200000E+02   9.205810E+00
  2.600000000000E-01   2.600230E-13   1.000089E-12   7.500009E+01   4.110207E-45  -1.289475E-41  -9.670213E-28   1.200000E+02   9.205810E+00
  2.650000000000E-01   2.650235E-13   1.000089E-12   7.500009E+01  -6.599395E-44  -1.618500E-41  -1.213768E-27   1.200000E+02   9.205810E+00
  2.700000000000E-01   2.700239E-13   1.000089E-12   7.500009E+01  -1.866934E-43  -2.578109E-41  -1.933412E-27   1.200000E+02   9.205810E+00
  2.750000000000E-01   2.750244E-13   1.000089E-12   7.500009E+01  -3.111455E-43  -3.069124E-41  -2.301641E-27   1.200000E+02   9.205810E+00
  2.800000000000E-01   2.800248E-13   1.000089E-12   7.500009E+01  -4.346952E-43  -2.263377E-41  -1.697384E-27   1.200000E+02   9.205810E+00
  2.850000000000E-01   2.850252E-13   1.000089E-12   7.500009E+01  -5.379064E-43  -2.060890E-41  -1.545532E-27   1.200000E+02   9.205810E+00
  2.900000000000E-01   2.900257E-13   1.000089E-12   7.500009E+01  -6.313142E-43  -1.713087E-41  -1.284703E-27   1.200000E+02   9.205810E+00
  2.950000000000E-01   2.950261E-13   1.000089E-12   7.500009E+01  -7.136405E-43  -1.234684E-41  -9.259318E-28   1.200000E+02   9.205810E+00
  3.000000000000E-01   3.000266E-13   1.000089E-12   7.500009E+01  -7.672100E-43  -7.240859E-42  -5.430168E-28   1.200000E+02   9.205810E+00
  3.050000000000E-01   3.050270E-13   1.000089E-12   7.500009E+01  -7.405601E-43   2.568860E-41   1.926476E-27   1.200000E+02   9.205810E+00
  3.100000000000E-01   3.100275E-13   1.000089E-12   7.500009E+01  -6.220523E-43   2.856127E-41   2.141907E-27   1.200000E+02   9.205810E+00
  3.150000000000E-01   3.150279E-13   1.000089E-12   7.500009E+01  -4.975497E-43   2.286779E-41   1.714934E-27   1.200000E+02   9.205810E+00
  3.200000000000E-01   3.200284E-13   1.000089E-12   7.500009E+01  -3.723045E-43   2.423125E-41   1.817184E-27   1.200000E+02   9.205810E+00
  3.250000000000E-01   3.250288E-13   1.000089E-12   7.500009E+01  -2.629528E-43   2.098865E-41   1.574010E-27   1.200000E+02   9.205810E+00
  3.300000000000E-01   3.300292E-13   1.000089E-12   7.500009E+01  -1.803770E-43   1.280857E-41   9.605583E-28   1.200000E+02   9.205810E+00
  3.350000000000E-01   3.350297E-13   1.000089E-12   7.500009E+01  -1.592444E-43   2.351642E-42   1.763576E-28   1.200000E+02   9.205810E+00
  3.400000000000E-01   3.400301E-13   1.000089E-12   7.500009E+01  -1.656431E-43   7.055538E-43   5.291189E-29   1.200000E+02   9.205810E+00
  3.450000000000E-01   3.450306E-13   1.000089E-12   7.500009E+01  -1.375026E-43   6.688222E-42   5.015727E-28   1.200000E+02   9.205810E+00
  3.500000000000E-01   3.500310E-13   1.000089E-12   7.500009E+01  -1.110215E-43   6.008067E-42   4.505655E-28   1.200000E+02   9.205810E+00
  3.550000000000E-01   3.550315E-13   1.000089E-12   7.500009E+01  -4.344391E-44   1.148644E-41   8.614077E-28   1.200000E+02   9.205810E+00
  3.600000000000E-01   3.600319E-13   1.000089E-12   7.500009E+01   1.532095E-44   9.962181E-42   7.470980E-28   1.200000E+02   9.205810E+00
  3.650000000000E-01   3.650324E-13   1.000089E-12   7.500009E+01   8.511051E-44   1.913333E-41   1.434874E-27   1.200000E+02   9.205810E+00
  3.700000000000E-01   3.700328E-13   1.000089E-12   7.500009E+01   2.167121E-43   3.691581E-41   2.768443E-27   1.200000E+02   9.205810E+00
  3.750000000000E-01   3.750332E-13   1.000089E-12   7.500009E+01   4.172659E-43   3.692421E-41   2.769073E-27   1.200000E+02   9.205810E+00
  3.800000000000E-01   3.800337E-13   1.000089E-12   7.500009E+01   6.197647E-43   4.534602E-41   3.400653E-27   1.200000E+02   9.205810E+00
  3.850000000000E-01   3.850341E-13   1.000089E-12   7.500009E+01   8.672901E-43   5.141084E-41   3.855474E-27   1.200000E+02   9.205810E+00
  3.900000000000E-01   3.900346E-13   1.000089E-12   7.500009E+01   1.122181E-42   5.643870E-41   4.232531E-27   1.200000E+02   9.205810E+00
  3.950000000000E-01   3.950350E-13   1.000089E-12   7.500009E+01   1.402126E-42   4.695471E-41   3.521294E-27   1.200000E+02   9.205810E+00
  4.000000000000E-01   4.000355E-13   1.000089E-12   7.500009E+01   1.620208E-42   3.642815E-41   2.731872E-27   1.200000E+02   9.205810E+00
  4.050000000000E-01   4.050359E-13   1.000089E-12   7.500009E+01   1.769606E-42   1.210231E-41   9.075939E-28   1.200000E+02   9.205810E+00
  4.100000000000E-01   4.100364E-13   1.000089E-12   7.500009E+01   1.735052E-42  -2.829502E-41  -2.121940E-27   1.200000E+02   9.205810E+00
  4.150000000000E-01   4.150368E-13   1.000089E-12   7.500009E+01   1.507913E-42  -6.512114E-41  -4.883657E-27   1.200000E+02   9.205810E+00
  4.200000000000E-01   4.200372E-13   1.000089E-12   7.500009E+01   1.094216E-42  -1.016894E-40  -7.626038E-27   1.200000E+02   9.205810E+00
  4.250000000000E-01   4.250377E-13   1.000089E-12   7.500009E+01   3.869075E-43  -1.773483E-40  -1.329996E-26   1.200000E+02   9.205810E+00
  4.300000000000E-01   4.300381E-13   1.000089E-12   7.500009E+01  -5.656168E-43  -2.025044E-40  -1.518650E-26   1.200000E+02   9.205810E+00
  4.350000000000E-01   4.350386E-13   1.000089E-12   7.500009E+01  -1.548185E-42  -1.862718E-40  -1.396916E-26   1.200000E+02   9.205810E+00
  4.400000000000E-01   4.400390E-13   1.000089E-12   7.500009E+01  -2.349302E-42  -1.425289E-40  -1.068873E-26   1.200000E+02   9.205810E+00
  4.450000000000E-01   4.450395E-13   1.000089E-12   7.500009E+01  -2.973720E-42  -8.689172E-41  -6.516307E-27   1.200000E+02   9.205810E+00
  4.500000000000E-01   4.500399E-13   1.000089E-12   7.500009E+01  -3.259501E-42  -3.146756E-41  -2.359860E-27   1.200000E+02   9.205810E+00
  4.550000000000E-01   4.550404E-13   1.000089E-12   7.500009E+01  -3.152741E-42   5.662927E-41   4.246823E-27   1.200000E+02   9.205810E+00
  4.600000000000E-01   4.600408E-13   1.000089E-12   7.500009E+01  -2.681322E-42   1.360605E-40   1.020364E-26   1.200000E+02   9.205810E+00
  4.650000000000E-01   4.650412E-13   1.000089E-12   7.500009E+01  -1.927580E-42   1.553199E-40   1.164797E-26   1.200000E+02   9.205810E+00
  4.700000000000E-01   4.700417E-13   1.000089E-12   7.500009E+01  -1.087586E-42   1.948814E-40   1.461482E-26   1.200000E+02   9.205810E+00
  4.750000000000E-01   4.750421E-13   1.000089E-12   7.500009E+01  -9.856083E-44   1.995225E-40   1.496287E-26   1.200000E+02   9.205810E+00
  4.800000000000E-01   4.800426E-13   1.000089E-12   7.500009E+01   8.273499E-43   1.550957E-40   1.163116E-26   1.200000E+02   9.205810E+00
  4.850000000000E-01   4.850430E-13   1.000089E-12   7.500009E+01   1.418451E-42   7.991325E-41   5.992968E-27   1.200000E+02   9.205810E+00
  4.900000000000E-01   4.900435E-13   1.000089E-12   7.500009E+01   1.671744E-42   5.623761E-42   4.217451E-28   1.200000E+02   9.205810E+00
  4.950000000000E-01   4.950439E-13   1.000089E-12   7.500009E+01   1.503561E-42  -5.621449E-41  -4.215717E-27   1.200000E+02   9.205810E+00
  5.000000000000E-01   5.000444E-13   1.000089E-12   7.500009E+01   8.807009E-43  -1.667994E-40  -1.250885E-26   1.200000E+02   9.205810E+00
  5.050000000000E-01   5.050448E-13   1.000089E-12   7.500009E+01   1.812880E-44  -1.790747E-40  -1.342943E-26   1.200000E+02   9.205810E+00
  5.100000000000E-01   5.100453E-13   1.000089E-12   7.500009E+01  -8.310805E-43  -1.590306E-40  -1.192625E-26   1.200000E+02   9.205810E+00
  5.150000000000E-01   5.150457E-13   1.000089E-12   7.500009E+01  -1.508300E-42  -1.014092E-40  -7.605020E-27   1.200000E+02   9.205810E+00
  5.200000000000E-01   5.200461E-13   1.000089E-12   7.500009E+01  -1.740541E-42   8.188663E-42   6.140958E-28   1.200000E+02   9.205810E+00
  5.250000000000E-01   5.250466E-13   1.000089E-12   7.500009E+01  -1.513407E-42   9.589926E-41   7.191813E-27   1.200000E+02   9.205810E+00
  5.300000000000E-01   5.300470E-13   1.000089E-12   7.500009E+01  -8.646398E-43   1.538402E-40   1.153700E-26   1.200000E+02   9.205810E+00
  5.350000000000E-01   5.350475E-13   1.000089E-12   7.500009E+01   1.416942E-43   2.472115E-40   1.853923E-26   1.200000E+02   9.205810E+00
  5.400000000000E-01   5.400479E-13   1.000089E-12   7.500009E+01   1.392415E-42   2.507988E-40   1.880826E-26   1.200000E+02   9.205810E+00
  5.450000000000E-01   5.450484E-13   1.000089E-12   7.500009E+01   2.641700E-42   2.352164E-40   1.763968E-26   1.200000E+02   9.205810E+00
  5.500000000000E-01   5.500488E-13   1.000089E-12   7.500009E+01   3.612879E-42   1.463852E-40   1.097793E-26   1.200000E+02   9.205810E+00
  5.550000000000E-01   5.550493E-13   1.000089E-12   7.500009E+01   4.109633E-42   6.025583E-41   4.518791E-27   1.200000E+02   9.205810E+00
  5.600000000000E-01   5.600497E-13   1.000089E-12   7.500009E+01   4.220652E-42  -2.434896E-41  -1.826012E-27   1.200000E+02   9.205810E+00
  5.650000000000E-01   5.650501E-13   1.000089E-12   7.500009E+01   3.818592E-42  -1.184377E-40  -8.882051E-27   1.200000E+02   9.205810E+00
  5.700000000000E-01   5.700506E-13   1.000089E-12   7.500009E+01   3.004180E-42  -1.873256E-40  -1.404819E-26   1.200000E+02   9.205810E+00
  5.750000000000E-01   5.750510E-13   1.000089E-12   7.500009E+01   1.926009E-42  -2.359338E-40  -1.769348E-26   1.200000E+02   9.205810E+00
  5.800000000000E-01   5.800515E-13   1.000089E-12   7.500009E+01   8.425477E-43  -2.028632E-40  -1.521340E-26   1.200000E+02   9.205810E+00
  5.850000000000E-01   5.850519E-13   1.000089E-12   7.500009E+01  -1.046628E-43  -1.733686E-40  -1.300151E-26   1.200000E+02   9.205810E+00
  5.900000000000E-01   5.900524E-13   1.000089E-12   7.500009E+01  -8.347953E-43  -1.065099E-40  -7.987541E-27   1.200000E+02   9.205810E+00
  5.950000000000E-01   5.950528E-13   1.000089E-12   7.500009E+01  -1.177357E-42  -1.623895E-41  -1.217814E-27   1.200000E+02   9.205810E+00
  6.000000000000E-01   6.000533E-13   1.000089E-12   7.500009E+01  -1.151879E-42   2.007921E-41   1.505808E-27   1.200000E+02   9.205810E+00
  6.050000000000E-01   6.050537E-13   1.000089E-12   7.500009E+01  -8.716582E-43   7.853998E-41   5.889981E-27   1.200000E+02   9.205810E+00
  6.100000000000E-01   6.100541E-13   1.000089E-12   7.500009E+01  -4.758979E-43   8.678522E-41   6.508320E-27   1.200000E+02   9.205810E+00
  6.150000000000E-01   6.150546E-13   1.000089E-12   7.500009E+01  -1.898494E-44   7.323746E-41   5.492328E-27   1.200000E+02   9.205810E+00
  6.200000000000E-01   6.200550E-13   1.000089E-12   7.500009E+01   2.793235E-43   2.797833E-41   2.098190E-27   1.200000E+02   9.205810E+00
  6.250000000000E-01   6.250555E-13   1.000089E-12   7.500009E+01   3.964496E-43  -1.207008E-41  -9.051769E-28   1.200000E+02   9.205810E+00
  6.300000000000E-01   6.300559E-13   1.000089E-12   7.500009E+01   1.819108E-43  -8.539513E-41  -6.404073E-27   1.200000E+02   9.205810E+00
  6.350000000000E-01   6.350564E-13   1.000089E-12   7.500009E+01  -3.609186E-43  -1.272491E-40  -9.542846E-27   1.200000E+02   9.205810E+00
  6.400000000000E-01   6.400568E-13   1.000089E-12   7.500009E+01  -1.025269E-42  -1.531115E-40  -1.148235E-26   1.200000E+02   9.205810E+00
  6.450000000000E-01   6.450573E-13   1.000089E-12   7.500009E+01  -1.830421E-42  -1.501744E-40  -1.126209E-26   1.200000E+02   9.205810E+00
  6.500000000000E-01   6.500577E-13   1.000089E-12   7.500009E+01  -2.591382E-42  -1.482574E-40  -1.111833E-26   1.200000E+02   9.205810E+00
  6.550000000000E-01   6.550581E-13   1.000089E-12   7.500009E+01  -3.230464E-42  -9.884199E-41  -7.412499E-27   1.200000E+02   9.205810E+00
  6.600000000000E-01   6.600586E-13   1.000089E-12   7.500009E+01  -3.468152E-42   1.219130E-42   9.142670E-29   1.200000E+02   9.205810E+00
  6.650000000000E-01   6.650590E-13   1.000089E-12   7.500009E+01  -3.199596E-42   8.704306E-41   6.527656E-27   1.200000E+02   9.205810E+00
  6.700000000000E-01   6.700595E-13   1.000089E-12   7.500009E+01  -2.466639E-42   1.866530E-40   1.399774E-26   1.200000E+02   9.205810E+00
  6.750000000000E-01   6.750599E-13   1.000089E-12   7.500009E+01  -1.313000E-42   2.609554E-40   1.956994E-26   1.200000E+02   9.205810E+00
  6.800000000000E-01   6.800604E-13   1.000089E-12   7.500009E+01   6.672968E-44   2.818964E-40   2.114038E-26   1.200000E+02   9.205810E+00
  6.850000000000E-01   6.850608E-13   1.000089E-12   7.500009E+01   1.334759E-42   2.338711E-40   1.753879E-26   1.200000E+02   9.205810E+00
  6.900000000000E-01   6.900613E-13   1.000089E-12   7.500009E+01   2.334143E-42   1.618892E-40   1.214063E-26   1.200000E+02   9.205810E+00
  6.950000000000E-01   6.950617E-13   1.000089E-12   7.500009E+01   3.020331E-42   1.069023E-40   8.016966E-27   1.200000E+02   9.205810E+00
  7.000000000000E-01   7.000621E-13   1.000089E-12   7.500009E+01   3.377948E-42   2.535089E-41   1.901150E-27   1.200000E+02   9.205810E+00
  7.050000000000E-01   7.050626E-13   1.000089E-12   7.500009E+01   3.403569E-42  -1.993207E-41  -1.494774E-27   1.200000E+02   9.205810E+00
  7.100000000000E-01   7.100630E-13   1.000089E-12   7.500009E+01   3.327204E-42  -1.958735E-41  -1.468922E-27   1.200000E+02   9.205810E+00
  7.150000000000E-01   7.150635E-13   1.000089E-12   7.500009E+01   3.217157E-42  -2.880509E-41  -2.160192E-27   1.200000E+02   9.205810E+00
  7.200000000000E-01   7.200639E-13   1.000089E-12   7.500009E+01   2.946107E-42  -4.846531E-41  -3.634579E-27   1.200000E+02   9.205810E+00
  7.250000000000E-01   7.250644E-13   1.000089E-12   7.500009E+01   2.648174E-42  -7.393811E-41  -5.544872E-27   1.200000E+02   9.205810E+00
  7.300000000000E-01   7.300648E-13   1.000089E-12   7.500009E+01   2.169927E-42  -1.060278E-40  -7.951391E-27   1.200000E+02   9.205810E+00
  7.350000000000E-01   7.350653E-13   1.000089E-12   7.500009E+01   1.595036E-42  -1.185386E-40  -8.889618E-27   1.200000E+02   9.205810E+00
  7.400000000000E-01   7.400657E-13   1.000089E-12   7.500009E+01   1.010571E-42  -1.077655E-40  -8.081700E-27   1.200000E+02   9.205810E+00
  7.450000000000E-01   7.450661E-13   1.000089E-12   7.500009E+01   4.726746E-43  -1.076982E-40  -8.076656E-27   1.200000E+02   9.205810E+00
  7.500000000000E-01   7.500666E-13   1.000089E-12   7.500009E+01   1.021713E-43  -7.495265E-41  -5.620956E-27   1.200000E+02   9.205810E+00
  7.550000000000E-01   7.550670E-13   1.000089E-12   7.500009E+01  -2.632873E-43  -6.505388E-41  -4.878613E-27   1.200000E+02   9.205810E+00
  7.600000000000E-01   7.600675E-13   1.000089E-12   7.500009E+01  -4.859088E-43  -2.992613E-41  -2.244263E-27   1.200000E+02   9.205810E+00
  7.650000000000E-01   7.650679E-13   1.000089E-12   7.500009E+01  -5.457604E-43   2.023755E-41   1.517683E-27   1.200000E+02   9.205810E+00
  7.700000000000E-01   7.700684E-13   1.000089E-12   7.500009E+01  -3.037617E-43   9.512014E-41   7.133384E-27   1.200000E+02   9.205810E+00
  7.750000000000E-01   7.750688E-13   1.000089E-12   7.500009E+01   2.750530E-43   1.309710E-40   9.821960E-27   1.200000E+02   9.205810E+00
  7.800000000000E-01   7.800693E-13   1.000089E-12   7.500009E+01   9.507255E-43   1.390761E-40   1.042979E-26   1.200000E+02   9.205810E+00
  7.850000000000E-01   7.850697E-13   1.000089E-12   7.500009E+01   1.577274E-42   9.830389E-41   7.372145E-27   1.200000E+02   9.205810E+00
  7.900000000000E-01   7.900701E-13   1.000089E-12   7.500009E+01   2.038122E-42   8.933558E-41   6.699581E-27   1.200000E+02   9.205810E+00
  7.950000000000E-01   7.950706E-13   1.000089E-12   7.500009E+01   2.348627E-42   4.914914E-41   3.685862E-27   1.200000E+02   9.205810E+00
  8.000000000000E-01   8.000710E-13   1.000089E-12   7.500009E+01   2.335912E-42  -4.799167E-41  -3.599059E-27   1.200000E+02   9.205810E+00
  8.050000000000E-01   8.050715E-13   1.000089E-12   7.500009E+01   1.884313E-42  -1.130455E-40  -8.477672E-27   1.200000E+02   9.205810E+00
  8.100000000000E-01   8.100719E-13   1.000089E-12   7.500009E+01   1.156893E-42  -1.833010E-40  -1.374637E-26   1.200000E+02   9.205810E+00
  8.150000000000E-01   8.150724E-13   1.000089E-12   7.500009E+01   1.843470E-43  -2.081545E-40  -1.561022E-26   1.200000E+02   9.205810E+00
  8.200000000000E-01   8.200728E-13   1.000089E-12   7.500009E+01  -9.443597E-43  -2.457541E-40  -1.842994E-26   1.200000E+02   9.205810E+00
  8.250000000000E-01   8.250733E-13   1.000089E-12   7.500009E+01  -2.119343E-42  -2.399696E-40  -1.799614E-26   1.200000E+02   9.205810E+00
  8.300000000000E-01   8.300737E-13   1.000089E-12   7.500009E+01  -3.314011E-42  -2.035358E-40  -1.526385E-26   1.200000E+02   9.205810E+00
  8.350000000000E-01   8.350741E-13   1.000089E-12   7.500009E+01  -4.132773E-42  -1.098730E-40  -8.239753E-27   1.200000E+02   9.205810E+00
  8.400000000000E-01   8.400746E-13   1.000089E-12   7.500009E+01  -4.320134E-42   3.006626E-41   2.254772E-27   1.200000E+02   9.205810E+00
  8.450000000000E-01   8.450750E-13   1.000089E-12   7.500009E+01  -3.674819E-42   2.278399E-40   1.708649E-26   1.200000E+02   9.205810E+00
  8.500000000000E-01   8.500755E-13   1.000089E-12   7.500009E+01  -2.150610E-42   3.885520E-40   2.913885E-26   1.200000E+02   9.205810E+00
  8.550000000000E-01   8.550759E-13   1.000089E-12   7.500009E+01   2.270684E-43   5.574253E-40   4.180323E-26   1.200000E+02   9.205810E+00
  8.600000000000E-01   8.600764E-13   1.000089E-12   7.500009E+01   3.326337E-42   6.938782E-40   5.203630E-26   1.200000E+02   9.205810E+00
  8.650000000000E-01   8.650768E-13   1.000089E-12   7.500009E+01   6.976170E-42   7.447285E-40   5.584973E-26   1.200000E+02   9.205810E+00
  8.700000000000E-01   8.700773E-13   1.000089E-12   7.500009E+01   1.087577E-41   7.748620E-40   5.810955E-26   1.200000E+02   9.205810E+00
  8.750000000000E-01   8.750777E-13   1.000089E-12   7.500009E+01   1.459959E-41   7.378229E-40   5.533186E-26   1.200000E+02   9.205810E+00
  8.800000000000E-01   8.800781E-13   1.000089E-12   7.500009E+01   1.786549E-41   5.875140E-40   4.405968E-26   1.200000E+02   9.205810E+00
  8.850000000000E-01   8.850786E-13   1.000089E-12   7.500009E+01   2.027097E-41   4.255912E-40   3.191654E-26   1.200000E+02   9.205810E+00
  8.900000000000E-01   8.900790E-13   1.000089E-12   7.500009E+01   2.218607E-41   2.960663E-40   2.220303E-26   1.200000E+02   9.205810E+00
  8.950000000000E-01   8.950795E-13   1.000089E-12   7.500009E+01   2.320379E-41   1.665415E-40   1.248952E-26   1.200000E+02   9.205810E+00
  9.000000000000E-01   9.000799E-13   1.000089E-12   7.500009E+01   2.394390E-41   1.110109E-40   8.325084E-27   1.200000E+02   9.205810E+00
  9.050000000000E-01   9.050804E-13   1.000089E-12   7.500009E+01   2.394390E-41  -9.259780E-42  -6.944226E-28   1.200000E+02   9.205810E+00
  9.100000000000E-01   9.100808E-13   1.000089E-12   7.500009E+01   2.407341E-41   5.551384E-41   4.163173E-27   1.200000E+02   9.205810E+00
  9.150000000000E-01   9.150813E-13   1.000089E-12   7.500009E+01   2.468398E-41   2.405301E-40   1.803817E-26   1.200000E+02   9.205810E+00
  9.200000000000E-01   9.200817E-13   1.000089E-12   7.500009E+01   2.675637E-41   5.920878E-40   4.440269E-26   1.200000E+02   9.205810E+00
  9.250000000000E-01   9.250821E-13   1.000089E-12   7.500009E+01   2.990192E-41   7.401546E-40   5.550673E-26   1.200000E+02   9.205810E+00
  9.300000000000E-01   9.300826E-13   1.000089E-12   7.500009E+01   3.471270E-41   1.147226E-39   8.603442E-26   1.200000E+02   9.205810E+00
  9.350000000000E-01   9.350830E-13   1.000089E-12   7.500009E+01   4.122584E-41   1.517259E-39   1.137844E-25   1.200000E+02   9.205810E+00
  9.400000000000E-01   9.400835E-13   1.000089E-12   7.500009E+01   4.859008E-41   1.591158E-39   1.193263E-25   1.200000E+02   9.205810E+00
  9.450000000000E-01   9.450839E-13   1.000089E-12   7.500009E+01   5.821164E-41   2.146475E-39   1.609715E-25   1.200000E+02   9.205810E+00
  9.500000000000E-01   9.500844E-13   1.000089E-12   7.500009E+01   7.079418E-41   2.738563E-39   2.053742E-25   1.200000E+02   9.205810E+00
  9.550000000000E-01   9.550848E-13   1.000089E-12   7.500009E+01   8.493111E-41   3.182674E-39   2.386796E-25   1.200000E+02   9.205810E+00
  9.600000000000E-01   9.600853E-13   1.000089E-12   7.500009E+01   1.026209E-40   4.219052E-39   3.164011E-25   1.200000E+02   9.205810E+00
  9.650000000000E-01   9.650857E-13   1.000089E-12   7.500009E+01   1.230493E-40   4.515006E-39   3.385957E-25   1.200000E+02   9.205810E+00
  9.700000000000E-01   9.700861E-13   1.000089E-12   7.500009E+01   1.440689E-40   4.218693E-39   3.163742E-25   1.200000E+02   9.205810E+00
  9.750000000000E-01   9.750866E-13   1.000089E-12   7.500009E+01   1.665693E-40   4.884859E-39   3.663323E-25   1.200000E+02   9.205810E+00
  9.800000000000E-01   9.800870E-13   1.000089E-12   7.500009E+01   1.935101E-40   5.180813E-39   3.885269E-25   1.200000E+02   9.205810E+00
  9.850000000000E-01   9.850875E-13   1.000089E-12   7.500009E+01   2.194141E-40   5.920520E-39   4.440000E-25   1.200000E+02   9.205810E+00
  9.900000000000E-01   9.900879E-13   1.000089E-12   7.500009E+01   2.504990E-40   6.660943E-39   4.995269E-25   1.200000E+02   9.205810E+00
  9.950000000000E-01   9.950884E-13   1.000089E-12   7.500009E+01   2.869147E-40   7.401367E-39   5.550538E-25   1.200000E+02   9.205810E+00
  1.000000000000E+00   1.000089E-12   1.000089E-12   7.500009E+01   3.286582E-40   9.769718E-39   7.326646E-25   1.200000E+02   9.205810E+00
  1.005000000000E+00   1.005089E-12   1.000089E-12   7.500009E+01   3.816516E-40   1.124985E-38   8.436646E-25   1.200000E+02   9.205810E+00
  1.010000000000E+00   1.010090E-12   1.000089E-12   7.500009E+01   4.420478E-40   1.273070E-38   9.547184E-25   1.200000E+02   9.205810E+00
  1.015000000000E+00   1.015090E-12   1.000089E-12   7.500009E+01   5.048145E-40   1.302629E-38   9.768861E-25   1.200000E+02   9.205810E+00
  1.020000000000E+00   1.020091E-12   1.000089E-12   7.500009E+01   5.859339E-40   1.421154E-38   1.065772E-24   1.200000E+02   9.205810E+00
  1.025000000000E+00   1.025091E-12   1.000089E-12   7.500009E+01   6.848149E-40   2.220554E-38   1.665269E-24   1.200000E+02   9.205810E+00
  1.030000000000E+00   1.030091E-12   1.000089E-12   7.500009E+01   8.304775E-40   3.197597E-38   2.397987E-24   1.200000E+02   9.205810E+00
  1.035000000000E+00   1.035092E-12   1.000089E-12   7.500009E+01   1.010481E-39   3.789362E-38   2.841772E-24   1.200000E+02   9.205810E+00
  1.040000000000E+00   1.040092E-12   1.000089E-12   7.500009E+01   1.220084E-39   4.559058E-38   3.418994E-24   1.200000E+02   9.205810E+00
  1.045000000000E+00   1.045093E-12   1.000089E-12   7.500009E+01   1.466410E-39   5.684617E-38   4.263089E-24   1.200000E+02   9.205810E+00
  1.050000000000E+00   1.050093E-12   1.000089E-12   7.500009E+01   1.763658E-39   6.927840E-38   5.195424E-24   1.200000E+02   9.205810E+00
  1.055000000000E+00   1.055094E-12   1.000089E-12   7.500009E+01   2.111829E-39   7.697536E-38   5.772646E-24   1.200000E+02   9.205810E+00
  1.060000000000E+00   1.060094E-12   1.000089E-12   7.500009E+01   2.531059E-39   9.473979E-38   7.104861E-24   1.200000E+02   9.205810E+00
  1.065000000000E+00   1.065095E-12   1.000089E-12   7.500009E+01   2.971582E-39   7.934587E-38   5.950418E-24   1.200000E+02   9.205810E+00
  1.070000000000E+00   1.070095E-12   1.000089E-12   7.500009E+01   3.442905E-39   1.030279E-37   7.726418E-24   1.200000E+02   9.205810E+00
  1.075000000000E+00   1.075095E-12   1.000089E-12   7.500009E+01   3.947357E-39   1.042103E-37   7.815089E-24   1.200000E+02   9.205810E+00
  1.080000000000E+00   1.080096E-12   1.000089E-12   7.500009E+01   4.499197E-39   1.042103E-37   7.815089E-24   1.200000E+02   9.205810E+00
  1.085000000000E+00   1.085096E-12   1.000089E-12   7.500009E+01   5.105517E-39   1.184219E-37   8.880861E-24   1.200000E+02   9.205810E+00
  1.090000000000E+00   1.090097E-12   1.000089E-12   7.500009E+01   5.735509E-39   1.468450E-37   1.101241E-23   1.200000E+02   9.205810E+00
  1.095000000000E+00   1.095097E-12   1.000089E-12   7.500009E+01   6.517098E-39   1.610565E-37   1.207818E-23   1.200000E+02   9.205810E+00
  1.100000000000E+00   1.100098E-12   1.000089E-12   7.500009E+01   7.459720E-39   2.321142E-37   1.740704E-23   1.200000E+02   9.205810E+00
  1.105000000000E+00   1.105098E-12   1.000089E-12   7.500009E+01   8.795514E-39   2.842309E-37   2.131544E-23   1.200000E+02   9.205810E+00
  1.110000000000E+00   1.110099E-12   1.000089E-12   7.500009E+01   1.028293E-38   3.079015E-37   2.309058E-23   1.200000E+02   9.205810E+00
  1.115000000000E+00   1.115099E-12   1.000089E-12   7.500009E+01   1.193142E-38   3.268425E-37   2.451104E-23   1.200000E+02   9.205810E+00
  1.120000000000E+00   1.120099E-12   1.000089E-12   7.500009E+01   1.369347E-38   3.552656E-37   2.664258E-23   1.200000E+02   9.205810E+00
  1.125000000000E+00   1.125100E-12   1.000089E-12   7.500009E+01   1.560727E-38   3.979232E-37   2.984162E-23   1.200000E+02   9.205810E+00
  1.130000000000E+00   1.130100E-12   1.000089E-12   7.500009E+01   1.781463E-38   4.452644E-37   3.339190E-23   1.200000E+02   9.205810E+00
  1.135000000000E+00   1.135101E-12   1.000089E-12   7.500009E+01   1.993686E-38   4.168413E-37   3.126036E-23   1.200000E+02   9.205810E+00
  1.140000000000E+00   1.140101E-12   1.000089E-12   7.500009E+01   2.255169E-38   5.779208E-37   4.334025E-23   1.200000E+02   9.205810E+00
  1.145000000000E+00   1.145102E-12   1.000089E-12   7.500009E+01   2.552643E-38   6.062979E-37   4.546836E-23   1.200000E+02   9.205810E+00
  1.150000000000E+00   1.150102E-12   1.000089E-12   7.500009E+01   2.867170E-38   6.916131E-37   5.186643E-23   1.200000E+02   9.205810E+00
  1.155000000000E+00   1.155103E-12   1.000089E-12   7.500009E+01   3.238534E-38   7.957546E-37   5.967636E-23   1.200000E+02   9.205810E+00
  1.160000000000E+00   1.160103E-12   1.000089E-12   7.500009E+01   3.666727E-38   1.061067E-36   7.957307E-23   1.200000E+02   9.205810E+00
  1.165000000000E+00   1.165103E-12   1.000089E-12   7.500009E+01   4.204827E-38   1.174760E-36   8.809924E-23   1.200000E+02   9.205810E+00
  1.170000000000E+00   1.170104E-12   1.000089E-12   7.500009E+01   4.803576E-38   1.288452E-36   9.662542E-23   1.200000E+02   9.205810E+00
  1.175000000000E+00   1.175104E-12   1.000089E-12   7.500009E+01   5.406128E-38   1.383226E-36   1.037329E-22   1.200000E+02   9.205810E+00
  1.180000000000E+00   1.180105E-12   1.000089E-12   7.500009E+01   6.114785E-38   1.458899E-36   1.094078E-22   1.200000E+02   9.205810E+00
  1.185000000000E+00   1.185105E-12   1.000089E-12   7.500009E+01   6.880271E-38   1.667365E-36   1.250414E-22   1.200000E+02   9.205810E+00
  1.190000000000E+00   1.190106E-12   1.000089E-12   7.500009E+01   7.607847E-38   1.667365E-36   1.250414E-22   1.200000E+02   9.205810E+00
  1.195000000000E+00   1.195106E-12   1.000089E-12   7.500009E+01   8.433925E-38   1.515653E-36   1.136640E-22   1.200000E+02   9.205810E+00
  1.200000000000E+00   1.200107E-12   1.000089E-12   7.500009E+01   9.222168E-38   1.478000E-36   1.108403E-22   1.200000E+02   9.205810E+00
  1.205000000000E+00   1.205107E-12   1.000089E-12   7.500009E+01   1.002551E-37   1.932586E-36   1.449312E-22   1.200000E+02   9.205810E+00
  1.210000000000E+00   1.210107E-12   1.000089E-12   7.500009E+01   1.107137E-37   1.970422E-36   1.477687E-22   1.200000E+02   9.205810E+00
  1.215000000000E+00   1.215108E-12   1.000089E-12   7.500009E+01   1.207179E-37   1.743221E-36   1.307301E-22   1.200000E+02   9.205810E+00
  1.220000000000E+00   1.220108E-12   1.000089E-12   7.500009E+01   1.290551E-37   2.046279E-36   1.534574E-22   1.200000E+02   9.205810E+00
  1.225000000000E+00   1.225109E-12   1.000089E-12   7.500009E+01   1.383014E-37   1.515837E-36   1.136778E-22   1.200000E+02   9.205810E+00
  1.230000000000E+00   1.230109E-12   1.000089E-12   7.500009E+01   1.472447E-37   2.197991E-36   1.648348E-22   1.200000E+02   9.205810E+00
  1.235000000000E+00   1.235110E-12   1.000089E-12   7.500009E+01   1.572493E-37   2.349519E-36   1.761985E-22   1.200000E+02   9.205810E+00
  1.240000000000E+00   1.240110E-12   1.000089E-12   7.500009E+01   1.714970E-37   3.789500E-36   2.841876E-22   1.200000E+02   9.205810E+00
  1.245000000000E+00   1.245111E-12   1.000089E-12   7.500009E+01   1.927184E-37   3.789500E-36   2.841876E-22   1.200000E+02   9.205810E+00
  1.250000000000E+00   1.250111E-12   1.000089E-12   7.500009E+01   2.103008E-37   4.547326E-36   3.410196E-22   1.200000E+02   9.205810E+00
  1.255000000000E+00   1.255111E-12   1.000089E-12   7.500009E+01   2.357650E-37   5.759922E-36   4.319563E-22   1.200000E+02   9.205810E+00
  1.260000000000E+00   1.260112E-12   1.000089E-12   7.500009E+01   2.660824E-37   6.820806E-36   5.115156E-22   1.200000E+02   9.205810E+00
  1.265000000000E+00   1.265112E-12   1.000089E-12   7.500009E+01   3.021584E-37   7.730345E-36   5.797250E-22   1.200000E+02   9.205810E+00
  1.270000000000E+00   1.270113E-12   1.000089E-12   7.500009E+01   3.406602E-37   9.398077E-36   7.047939E-22   1.200000E+02   9.205810E+00
  1.275000000000E+00   1.275113E-12   1.000089E-12   7.500009E+01   3.903777E-37   1.273207E-35   9.548217E-22   1.200000E+02   9.205810E+00
  1.280000000000E+00   1.280114E-12   1.000089E-12   7.500009E+01   4.564670E-37   1.333892E-35   1.000331E-21   1.200000E+02   9.205810E+00
  1.285000000000E+00   1.285114E-12   1.000089E-12   7.500009E+01   5.286188E-37   1.515800E-35   1.136750E-21   1.200000E+02   9.205810E+00
  1.290000000000E+00   1.290115E-12   1.000089E-12   7.500009E+01   6.128959E-37   2.061523E-35   1.546007E-21   1.200000E+02   9.205810E+00
  1.295000000000E+00   1.295115E-12   1.000089E-12   7.500009E+01   7.244621E-37   2.273700E-35   1.705125E-21   1.200000E+02   9.205810E+00
  1.300000000000E+00   1.300115E-12   1.000089E-12   7.500009E+01   8.566346E-37   2.728322E-35   2.046062E-21   1.200000E+02   9.205810E+00
  1.305000000000E+00   1.305116E-12   1.000089E-12   7.500009E+01   1.004582E-36   3.213508E-35   2.409919E-21   1.200000E+02   9.205810E+00
  1.310000000000E+00   1.310116E-12   1.000089E-12   7.500009E+01   1.182840E-36   3.759231E-35   2.819176E-21   1.200000E+02   9.205810E+00
  1.315000000000E+00   1.315117E-12   1.000089E-12   7.500009E+01   1.385354E-36   4.668476E-35   3.501050E-21   1.200000E+02   9.205810E+00
  1.320000000000E+00   1.320117E-12   1.000089E-12   7.500009E+01   1.635159E-36   5.578308E-35   4.183364E-21   1.200000E+02   9.205810E+00
  1.325000000000E+00   1.325118E-12   1.000089E-12   7.500009E+01   1.924977E-36   6.427015E-35   4.819839E-21   1.200000E+02   9.205810E+00
  1.330000000000E+00   1.330118E-12   1.000089E-12   7.500009E+01   2.263319E-36   7.276310E-35   5.456754E-21   1.200000E+02   9.205810E+00
  1.335000000000E+00   1.335119E-12   1.000089E-12   7.500009E+01   2.653795E-36   7.821739E-35   5.865790E-21   1.200000E+02   9.205810E+00
  1.340000000000E+00   1.340119E-12   1.000089E-12   7.500009E+01   3.085507E-36   8.912598E-35   6.683862E-21   1.200000E+02   9.205810E+00
  1.345000000000E+00   1.345119E-12   1.000089E-12   7.500009E+01   3.503854E-36   8.367169E-35   6.274826E-21   1.200000E+02   9.205810E+00
  1.350000000000E+00   1.350120E-12   1.000089E-12   7.500009E+01   3.913749E-36   7.761201E-35   5.820390E-21   1.200000E+02   9.205810E+00
  1.355000000000E+00   1.355120E-12   9.999779E-13   7.499998E+01   4.258145E-36   6.184276E-35   4.638308E-21   1.200000E+02   9.205810E+00
  1.360000000000E+00   1.360120E-12   9.998669E-13   7.499987E+01   4.568581E-36   5.214493E-35   3.911384E-21   1.200000E+02   9.205810E+00
  1.365000000000E+00   1.365119E-12   9.998669E-13   7.499987E+01   4.791702E-36   4.244122E-35   3.183510E-21   1.200000E+02   9.205810E+00
  1.370000000000E+00   1.370118E-12   9.998669E-13   7.499987E+01   4.954190E-36   1.940153E-35   1.455306E-21   1.200000E+02   9.205810E+00
  1.375000000000E+00   1.375118E-12   9.998669E-13   7.499987E+01   5.000273E-36   1.455262E-35   1.091590E-21   1.200000E+02   9.205810E+00
  1.380000000000E+00   1.380117E-12   9.998669E-13   7.499987E+01   4.959048E-36  -2.061523E-35  -1.546346E-21   1.200000E+02   9.205810E+00
  1.385000000000E+00   1.385116E-12   9.998669E-13   7.499987E+01   4.818389E-36  -4.607644E-35  -3.456187E-21   1.200000E+02   9.205810E+00
  1.390000000000E+00   1.390116E-12   9.998669E-13   7.499987E+01   4.580715E-36  -5.820460E-35  -4.365919E-21   1.200000E+02   9.205810E+00
  1.395000000000E+00   1.395115E-12   9.998669E-13   7.499987E+01   4.260581E-36  -5.821048E-35  -4.366360E-21   1.200000E+02   9.205810E+00
  1.400000000000E+00   1.400114E-12   9.998669E-13   7.499987E+01   3.945308E-36  -6.305939E-35  -4.730076E-21   1.200000E+02   9.205810E+00
  1.405000000000E+00   1.405114E-12   9.998669E-13   7.499987E+01   3.678523E-36  -3.637567E-35  -2.728534E-21   1.200000E+02   9.205810E+00
  1.410000000000E+00   1.410113E-12   9.998669E-13   7.499987E+01   3.450560E-36  -5.334981E-35  -4.001762E-21   1.200000E+02   9.205810E+00
  1.415000000000E+00   1.415112E-12   9.998669E-13   7.499987E+01   3.290507E-36  -4.607938E-35  -3.456408E-21   1.200000E+02   9.205810E+00
  1.420000000000E+00   1.420112E-12   9.998669E-13   7.499987E+01   3.154700E-36  -7.274841E-36  -5.456848E-22   1.200000E+02   9.205810E+00
  1.425000000000E+00   1.425111E-12   9.998669E-13   7.499987E+01   3.237155E-36   5.334981E-35   4.001762E-21   1.200000E+02   9.205810E+00
  1.430000000000E+00   1.430110E-12   9.998669E-13   7.499987E+01   3.431158E-36   4.365492E-35   3.274550E-21   1.200000E+02   9.205810E+00
  1.435000000000E+00   1.435110E-12   9.998669E-13   7.499987E+01   3.838585E-36   5.820460E-35   4.365919E-21   1.200000E+02   9.205810E+00
  1.440000000000E+00   1.440109E-12   9.998669E-13   7.499987E+01   4.401223E-36   1.309501E-34   9.822546E-21   1.200000E+02   9.205810E+00
  1.445000000000E+00   1.445108E-12   9.998669E-13   7.499987E+01   5.186971E-36   1.649101E-34   1.236988E-20   1.200000E+02   9.205810E+00
  1.450000000000E+00   1.450108E-12   9.998669E-13   7.499987E+01   6.166698E-36   2.279519E-34   1.709864E-20   1.200000E+02   9.205810E+00
  1.455000000000E+00   1.455107E-12   9.998669E-13   7.499987E+01   7.359778E-36   2.376379E-34   1.782519E-20   1.200000E+02   9.205810E+00
  1.460000000000E+00   1.460106E-12   9.998669E-13   7.499987E+01   8.795386E-36   3.443493E-34   2.582959E-20   1.200000E+02   9.205810E+00
  1.465000000000E+00   1.465106E-12   9.998669E-13   7.499987E+01   1.080332E-35   4.559037E-34   3.419727E-20   1.200000E+02   9.205810E+00
  1.470000000000E+00   1.470105E-12   9.998669E-13   7.499987E+01   1.311189E-35   4.752759E-34   3.565038E-20   1.200000E+02   9.205810E+00
  1.475000000000E+00   1.475104E-12   9.998669E-13   7.499987E+01   1.558532E-35   5.141142E-34   3.856363E-20   1.200000E+02   9.205810E+00
  1.480000000000E+00   1.480104E-12   9.998669E-13   7.499987E+01   1.801032E-35   4.752759E-34   3.565038E-20   1.200000E+02   9.205810E+00
  1.485000000000E+00   1.485103E-12   9.998669E-13   7.499987E+01   2.029943E-35   4.559037E-34   3.419727E-20   1.200000E+02   9.205810E+00
  1.490000000000E+00   1.490102E-12   9.998669E-13   7.499987E+01   2.264675E-35   4.461706E-34   3.346720E-20   1.200000E+02   9.205810E+00
  1.495000000000E+00   1.495102E-12   9.998669E-13   7.499987E+01   2.478065E-35   3.588784E-34   2.691942E-20   1.200000E+02   9.205810E+00
  1.500000000000E+00   1.500101E-12   9.998669E-13   7.499987E+01   2.644896E-35   2.812723E-34   2.109819E-20   1.200000E+02   9.205810E+00
  1.505000000000E+00   1.505100E-12   9.998669E-13   7.499987E+01   2.790380E-35   2.521906E-34   1.891678E-20   1.200000E+02   9.205810E+00
  1.510000000000E+00   1.510099E-12   9.996448E-13   7.499966E+01   2.924231E-35   2.715862E-34   2.037611E-20   1.200000E+02   9.205810E+00
  1.515000000000E+00   1.515097E-12   9.996448E-13   7.499966E+01   3.038672E-35   1.745609E-34   1.309666E-20   1.200000E+02   9.205810E+00
  1.520000000000E+00   1.520095E-12   9.996448E-13   7.499966E+01   3.122079E-35   1.745609E-34   1.309666E-20   1.200000E+02   9.205810E+00
  1.525000000000E+00   1.525094E-12   9.996448E-13   7.499966E+01   3.174447E-35   5.818697E-35   4.365554E-21   1.200000E+02   9.205810E+00
  1.530000000000E+00   1.530092E-12   9.996448E-13   7.499966E+01   3.213238E-35   1.066761E-34   8.003515E-21   1.200000E+02   9.205810E+00
  1.535000000000E+00   1.535090E-12   9.996448E-13   7.499966E+01   3.211299E-35  -3.879131E-35  -2.910369E-21   1.200000E+02   9.205810E+00
  1.540000000000E+00   1.540088E-12   9.996448E-13   7.499966E+01   3.141474E-35  -2.909349E-34  -2.182777E-20   1.200000E+02   9.205810E+00
  1.545000000000E+00   1.545086E-12   9.996448E-13   7.499966E+01   2.994072E-35  -3.684940E-34  -2.764674E-20   1.200000E+02   9.205810E+00
  1.550000000000E+00   1.550085E-12   9.996448E-13   7.499966E+01   2.804004E-35  -4.654487E-34  -3.492090E-20   1.200000E+02   9.205810E+00
  1.555000000000E+00   1.555083E-12   9.996448E-13   7.499966E+01   2.582917E-35  -4.654487E-34  -3.492090E-20   1.200000E+02   9.205810E+00
  1.560000000000E+00   1.560081E-12   9.994228E-13   7.499945E+01   2.299773E-35  -5.430314E-34  -4.075057E-20   1.200000E+02   9.205810E+00
  1.565000000000E+00   1.565078E-12   9.994228E-13   7.499945E+01   2.012746E-35  -6.205670E-34  -4.656906E-20   1.200000E+02   9.205810E+00
  1.570000000000E+00   1.570075E-12   9.994228E-13   7.499945E+01   1.667574E-35  -5.623565E-34  -4.220079E-20   1.200000E+02   9.205810E+00
  1.575000000000E+00   1.575072E-12   9.994228E-13   7.499945E+01   1.415482E-35  -3.878191E-34  -2.910302E-20   1.200000E+02   9.205810E+00
  1.580000000000E+00   1.580069E-12   9.994228E-13   7.499945E+01   1.221558E-35  -2.520965E-34  -1.891802E-20   1.200000E+02   9.205810E+00
  1.585000000000E+00   1.585066E-12   9.994228E-13   7.499945E+01   1.175018E-35   1.939566E-35   1.455504E-21   1.200000E+02   9.205810E+00
  1.590000000000E+00   1.590063E-12   9.994228E-13   7.499945E+01   1.217674E-35   2.326774E-34   1.746075E-20   1.200000E+02   9.205810E+00
  1.595000000000E+00   1.595060E-12   9.992007E-13   7.499923E+01   1.295233E-35   3.683999E-34   2.765181E-20   1.200000E+02   9.205810E+00
  1.600000000000E+00   1.600056E-12   9.992007E-13   7.499923E+01   1.562804E-35   6.204729E-34   4.657222E-20   1.200000E+02   9.205810E+00
  1.605000000000E+00   1.605052E-12   9.992007E-13   7.499923E+01   1.923418E-35   7.754501E-34   5.820468E-20   1.200000E+02   9.205810E+00
  1.610000000000E+00   1.610048E-12   9.992007E-13   7.499923E+01   2.435237E-35   9.693597E-34   7.275939E-20   1.200000E+02   9.205810E+00
  1.615000000000E+00   1.615044E-12   9.992007E-13   7.499923E+01   2.970303E-35   1.046848E-33   7.857562E-20   1.200000E+02   9.205810E+00
  1.620000000000E+00   1.620040E-12   9.992007E-13   7.499923E+01   3.513100E-35   9.692656E-34   7.275233E-20   1.200000E+02   9.205810E+00
  1.625000000000E+00   1.625035E-12   9.989787E-13   7.499902E+01   3.970602E-35   8.141944E-34   6.112621E-20   1.200000E+02   9.205810E+00
  1.630000000000E+00   1.630030E-12   9.989787E-13   7.499902E+01   4.311759E-35   5.427022E-34   4.074375E-20   1.200000E+02   9.205810E+00
  1.635000000000E+00   1.635025E-12   9.989787E-13   7.499902E+01   4.513333E-35   4.264223E-34   3.201395E-20   1.200000E+02   9.205810E+00
  1.640000000000E+00   1.640020E-12   9.989787E-13   7.499902E+01   4.784674E-35   4.651431E-34   3.492094E-20   1.200000E+02   9.205810E+00
  1.645000000000E+00   1.645014E-12   9.987566E-13   7.499881E+01   4.900959E-35   1.550536E-34   1.164331E-20   1.200000E+02   9.205810E+00
  1.650000000000E+00   1.650008E-12   9.987566E-13   7.499881E+01   4.893206E-35  -4.263636E-34  -3.201657E-20   1.200000E+02   9.205810E+00
  1.655000000000E+00   1.655002E-12   9.987566E-13   7.499881E+01   4.637391E-35  -3.100484E-34  -2.328221E-20   1.200000E+02   9.205810E+00
  1.660000000000E+00   1.659996E-12   9.987566E-13   7.499881E+01   4.404859E-35  -6.200498E-34  -4.656088E-20   1.200000E+02   9.205810E+00
  1.665000000000E+00   1.664989E-12   9.985346E-13   7.499859E+01   4.094829E-35  -8.525625E-34  -6.403483E-20   1.200000E+02   9.205810E+00
  1.670000000000E+00   1.669982E-12   9.985346E-13   7.499859E+01   3.777065E-35  -9.687954E-34  -7.276492E-20   1.200000E+02   9.205810E+00
  1.675000000000E+00   1.674975E-12   9.985346E-13   7.499859E+01   3.226812E-35  -1.278750E-33  -9.604518E-20   1.200000E+02   9.205810E+00
  1.680000000000E+00   1.679967E-12   9.985346E-13   7.499859E+01   2.552623E-35  -1.433539E-33  -1.076712E-19   1.200000E+02   9.205810E+00
  1.685000000000E+00   1.684959E-12   9.983125E-13   7.499838E+01   1.746742E-35  -1.820982E-33  -1.368015E-19   1.200000E+02   9.205810E+00
  1.690000000000E+00   1.689951E-12   9.983125E-13   7.499838E+01   8.091676E-36  -1.936839E-33  -1.455053E-19   1.200000E+02   9.205810E+00
  1.695000000000E+00   1.694942E-12   9.983125E-13   7.499838E+01  -3.219777E-36  -2.634236E-33  -1.978974E-19   1.200000E+02   9.205810E+00
  1.700000000000E+00   1.699933E-12   9.980905E-13   7.499817E+01  -1.592565E-35  -2.246605E-33  -1.688136E-19   1.200000E+02   9.205810E+00
  1.705000000000E+00   1.704924E-12   9.980905E-13   7.499817E+01  -2.770015E-35  -2.013951E-33  -1.513316E-19   1.200000E+02   9.205810E+00
  1.710000000000E+00   1.709914E-12   9.980905E-13   7.499817E+01  -4.319147E-35  -3.717948E-33  -2.793727E-19   1.200000E+02   9.205810E+00
  1.715000000000E+00   1.714904E-12   9.978685E-13   7.499795E+01  -6.255535E-35  -4.105014E-33  -3.085253E-19   1.200000E+02   9.205810E+00
  1.720000000000E+00   1.719893E-12   9.978685E-13   7.499795E+01  -8.687473E-35  -5.421192E-33  -4.074468E-19   1.200000E+02   9.205810E+00
  1.725000000000E+00   1.724883E-12   9.978685E-13   7.499795E+01  -1.181606E-34  -7.279413E-33  -5.471073E-19   1.200000E+02   9.205810E+00
  1.730000000000E+00   1.729871E-12   9.976464E-13   7.499774E+01  -1.595109E-34  -9.137635E-33  -6.869187E-19   1.200000E+02   9.205810E+00
  1.735000000000E+00   1.734859E-12   9.976464E-13   7.499774E+01  -2.082926E-34  -1.068515E-32  -8.032526E-19   1.200000E+02   9.205810E+00
  1.740000000000E+00   1.739847E-12   9.974244E-13   7.499752E+01  -2.666708E-34  -1.184522E-32  -8.906563E-19   1.200000E+02   9.205810E+00
  1.745000000000E+00   1.744834E-12   9.974244E-13   7.499752E+01  -3.303047E-34  -1.269459E-32  -9.545211E-19   1.200000E+02   9.205810E+00
  1.750000000000E+00   1.749822E-12   9.974244E-13   7.499752E+01  -3.939357E-34  -1.284956E-32  -9.661740E-19   1.200000E+02   9.205810E+00
  1.755000000000E+00   1.754808E-12   9.972023E-13   7.499731E+01  -4.558543E-34  -1.137728E-32  -8.556593E-19   1.200000E+02   9.205810E+00
  1.760000000000E+00   1.759794E-12   9.972023E-13   7.499731E+01  -5.084834E-34  -9.519059E-33  -7.159067E-19   1.200000E+02   9.205810E+00
  1.765000000000E+00   1.764779E-12   9.969803E-13   7.499710E+01  -5.457832E-34  -5.262077E-33  -3.958358E-19   1.200000E+02   9.205810E+00
  1.770000000000E+00   1.769764E-12   9.969803E-13   7.499710E+01  -5.615685E-34  -1.005847E-33  -7.566409E-20   1.200000E+02   9.205810E+00
  1.775000000000E+00   1.774748E-12   9.967582E-13   7.499688E+01  -5.621876E-34   1.083148E-33   8.149688E-20   1.200000E+02   9.205810E+00
  1.780000000000E+00   1.779732E-12   9.967582E-13   7.499688E+01  -5.462501E-34   4.873506E-33   3.666864E-19   1.200000E+02   9.205810E+00
  1.785000000000E+00   1.784716E-12   9.965362E-13   7.499667E+01  -5.137606E-34   8.508698E-33   6.403421E-19   1.200000E+02   9.205810E+00
  1.790000000000E+00   1.789699E-12   9.965362E-13   7.499667E+01  -4.675082E-34   8.893884E-33   6.693301E-19   1.200000E+02   9.205810E+00
  1.795000000000E+00   1.794681E-12   9.963141E-13   7.499646E+01  -4.232705E-34   7.733812E-33   5.821543E-19   1.200000E+02   9.205810E+00
  1.800000000000E+00   1.799663E-12   9.963141E-13   7.499646E+01  -3.869245E-34   6.495500E-33   4.889416E-19   1.200000E+02   9.205810E+00
  1.805000000000E+00   1.804644E-12   9.960921E-13   7.499624E+01  -3.578528E-34   4.870872E-33   3.667303E-19   1.200000E+02   9.205810E+00
  1.810000000000E+00   1.809624E-12   9.960921E-13   7.499624E+01  -3.386789E-34   1.855400E-33   1.396940E-19   1.200000E+02   9.205810E+00
  1.815000000000E+00   1.814604E-12   9.958701E-13   7.499603E+01  -3.349685E-34  -6.184041E-34  -4.657018E-20   1.200000E+02   9.205810E+00
  1.820000000000E+00   1.819584E-12   9.958701E-13   7.499603E+01  -3.470262E-34  -2.473240E-33  -1.862524E-19   1.200000E+02   9.205810E+00
  1.825000000000E+00   1.824562E-12   9.956480E-13   7.499581E+01  -3.649562E-34  -4.791127E-33  -3.608850E-19   1.200000E+02   9.205810E+00
  1.830000000000E+00   1.829541E-12   9.955370E-13   7.499571E+01  -3.903009E-34  -6.026807E-33  -4.540109E-19   1.200000E+02   9.205810E+00
  1.835000000000E+00   1.834518E-12   9.954260E-13   7.499560E+01  -4.242974E-34  -7.880514E-33  -5.937196E-19   1.200000E+02   9.205810E+00
  1.840000000000E+00   1.839495E-12   9.952039E-13   7.499538E+01  -4.613805E-34  -7.570560E-33  -5.704932E-19   1.200000E+02   9.205810E+00
  1.845000000000E+00   1.844471E-12   9.952039E-13   7.499538E+01  -5.064894E-34  -9.113561E-33  -6.867688E-19   1.200000E+02   9.205810E+00
  1.850000000000E+00   1.849446E-12   9.949819E-13   7.499517E+01  -5.534460E-34  -8.957831E-33  -6.751822E-19   1.200000E+02   9.205810E+00
  1.855000000000E+00   1.854421E-12   9.948709E-13   7.499506E+01  -5.976160E-34  -7.876000E-33  -5.937063E-19   1.200000E+02   9.205810E+00
  1.860000000000E+00   1.859395E-12   9.947598E-13   7.499496E+01  -6.383840E-34  -8.955574E-33  -6.751609E-19   1.200000E+02   9.205810E+00
  1.865000000000E+00   1.864368E-12   9.945378E-13   7.499474E+01  -6.766739E-34  -6.175389E-33  -4.656653E-19   1.200000E+02   9.205810E+00
  1.870000000000E+00   1.869340E-12   9.943157E-13   7.499453E+01  -6.970519E-34  -2.624268E-33  -1.979308E-19   1.200000E+02   9.205810E+00
  1.875000000000E+00   1.874312E-12   9.943157E-13   7.499453E+01  -6.989044E-34   2.777928E-33   2.095204E-19   1.200000E+02   9.205810E+00
  1.880000000000E+00   1.879283E-12   9.940937E-13   7.499431E+01  -6.714335E-34   8.641858E-33   6.519408E-19   1.200000E+02   9.205810E+00
  1.885000000000E+00   1.884253E-12   9.938717E-13   7.499410E+01  -6.075528E-34   1.635536E-32   1.234118E-18   1.200000E+02   9.205810E+00
  1.890000000000E+00   1.889222E-12   9.937606E-13   7.499399E+01  -5.060383E-34   2.422007E-32   1.827764E-18   1.200000E+02   9.205810E+00
  1.895000000000E+00   1.894190E-12   9.936496E-13   7.499388E+01  -3.641273E-34   3.177183E-32   2.397920E-18   1.200000E+02   9.205810E+00
  1.900000000000E+00   1.899158E-12   9.934276E-13   7.499367E+01  -1.929362E-34   3.762786E-32   2.840520E-18   1.200000E+02   9.205810E+00
  1.905000000000E+00   1.904124E-12   9.932055E-13   7.499346E+01   6.903063E-36   4.286097E-32   3.236281E-18   1.200000E+02   9.205810E+00
  1.910000000000E+00   1.909090E-12   9.929835E-13   7.499324E+01   2.174975E-34   4.069731E-32   3.073589E-18   1.200000E+02   9.205810E+00
  1.915000000000E+00   1.914055E-12   9.927614E-13   7.499303E+01   4.058534E-34   3.560262E-32   2.689416E-18   1.200000E+02   9.205810E+00
  1.920000000000E+00   1.919019E-12   9.926504E-13   7.499292E+01   5.528741E-34   2.249727E-32   1.699627E-18   1.200000E+02   9.205810E+00
  1.925000000000E+00   1.923981E-12   9.924284E-13   7.499270E+01   6.283736E-34   7.394894E-33   5.587941E-19   1.200000E+02   9.205810E+00
  1.930000000000E+00   1.928943E-12   9.923173E-13   7.499260E+01   6.215982E-34  -1.263064E-32  -9.545379E-19   1.200000E+02   9.205810E+00
  1.935000000000E+00   1.933904E-12   9.920953E-13   7.499238E+01   5.082392E-34  -3.203363E-32  -2.421419E-18   1.200000E+02   9.205810E+00
  1.940000000000E+00   1.938863E-12   9.918733E-13   7.499217E+01   2.957369E-34  -5.050149E-32  -3.818246E-18   1.200000E+02   9.205810E+00
  1.945000000000E+00   1.943822E-12   9.915402E-13   7.499184E+01   5.703871E-36  -6.373023E-32  -4.820024E-18   1.200000E+02   9.205810E+00
  1.950000000000E+00   1.948779E-12   9.913181E-13   7.499163E+01  -3.310570E-34  -6.986913E-32  -5.285488E-18   1.200000E+02   9.205810E+00
  1.955000000000E+00   1.953735E-12   9.909851E-13   7.499131E+01  -6.831170E-34  -6.892422E-32  -5.215737E-18   1.200000E+02   9.205810E+00
  1.960000000000E+00   1.958689E-12   9.907630E-13   7.499109E+01  -1.008623E-33  -5.813901E-32  -4.400556E-18   1.200000E+02   9.205810E+00
  1.965000000000E+00   1.963643E-12   9.905410E-13   7.499088E+01  -1.262070E-33  -4.182578E-32  -3.166504E-18   1.200000E+02   9.205810E+00
  1.970000000000E+00   1.968595E-12   9.903189E-13   7.499066E+01  -1.417053E-33  -2.029148E-32  -1.536547E-18   1.200000E+02   9.205810E+00
  1.975000000000E+00   1.973545E-12   9.899859E-13   7.499034E+01  -1.454561E-33   5.839856E-33   4.423626E-19   1.200000E+02   9.205810E+00
  1.980000000000E+00   1.978494E-12   9.896528E-13   7.499001E+01  -1.358066E-33   3.287924E-32   2.491393E-18   1.200000E+02   9.205810E+00
  1.985000000000E+00   1.983442E-12   9.893197E-13   7.498969E+01  -1.151619E-33   5.098900E-32   3.864927E-18   1.200000E+02   9.205810E+00
  1.990000000000E+00   1.988388E-12   9.889867E-13   7.498937E+01  -8.604662E-34   6.540338E-32   4.959175E-18   1.200000E+02   9.205810E+00
  1.995000000000E+00   1.993332E-12   9.886536E-13   7.498905E+01  -5.086349E-34   7.182515E-32   5.447914E-18   1.200000E+02   9.205810E+00
  2.000000000000E+00   1.998274E-12   9.883205E-13   7.498872E+01  -1.415767E-34   7.302886E-32   5.541057E-18   1.200000E+02   9.205810E+00
  2.005000000000E+00   2.003215E-12   9.878764E-13   7.498829E+01   2.063184E-34   6.778672E-32   5.145593E-18   1.200000E+02   9.205810E+00
  2.010000000000E+00   2.008153E-12   9.874324E-13   7.498786E+01   5.142145E-34   5.580382E-32   4.237869E-18   1.200000E+02   9.205810E+00
  2.015000000000E+00   2.013089E-12   9.869883E-13   7.498743E+01   7.753946E-34   4.474477E-32   3.399529E-18   1.200000E+02   9.205810E+00
  2.020000000000E+00   2.018023E-12   9.865442E-13   7.498699E+01   9.629080E-34   3.246998E-32   2.468035E-18   1.200000E+02   9.205810E+00
  2.025000000000E+00   2.022955E-12   9.861001E-13   7.498656E+01   1.103784E-33   2.449542E-32   1.862719E-18   1.200000E+02   9.205810E+00
  2.030000000000E+00   2.027884E-12   9.855450E-13   7.498602E+01   1.223775E-33   2.142146E-32   1.629870E-18   1.200000E+02   9.205810E+00
  2.035000000000E+00   2.032810E-12   9.849899E-13   7.498548E+01   1.316780E-33   1.835050E-32   1.396990E-18   1.200000E+02   9.205810E+00
  2.040000000000E+00   2.037734E-12   9.844348E-13   7.498494E+01   1.415848E-33   1.711821E-32   1.303903E-18   1.200000E+02   9.205810E+00
  2.045000000000E+00   2.042655E-12   9.838796E-13   7.498440E+01   1.525857E-33   2.749566E-32   2.095526E-18   1.200000E+02   9.205810E+00
  2.050000000000E+00   2.047572E-12   9.832135E-13   7.498375E+01   1.689555E-33   3.480517E-32   2.654379E-18   1.200000E+02   9.205810E+00
  2.055000000000E+00   2.052487E-12   9.825474E-13   7.498310E+01   1.866560E-33   3.782948E-32   2.886956E-18   1.200000E+02   9.205810E+00
  2.060000000000E+00   2.057398E-12   9.817702E-13   7.498234E+01   2.070282E-33   4.085078E-32   3.119963E-18   1.200000E+02   9.205810E+00
  2.065000000000E+00   2.062304E-12   9.809931E-13   7.498158E+01   2.303090E-33   4.995381E-32   3.818187E-18   1.200000E+02   9.205810E+00
  2.070000000000E+00   2.067207E-12   9.802159E-13   7.498082E+01   2.553985E-33   4.930381E-32   3.771454E-18   1.200000E+02   9.205810E+00
  2.075000000000E+00   2.072106E-12   9.793277E-13   7.497995E+01   2.798578E-33   4.986955E-32   3.818146E-18   1.200000E+02   9.205810E+00
  2.080000000000E+00   2.077000E-12   9.782175E-13   7.497886E+01   3.051453E-33   5.346261E-32   4.097826E-18   1.200000E+02   9.205810E+00
  2.085000000000E+00   2.081889E-12   9.773293E-13   7.497799E+01   3.319855E-33   5.887327E-32   4.516593E-18   1.200000E+02   9.205810E+00
  2.090000000000E+00   2.086773E-12   9.762191E-13   7.497689E+01   3.635298E-33   6.487375E-32   4.982521E-18   1.200000E+02   9.205810E+00
  2.095000000000E+00   2.091651E-12   9.751089E-13   7.497580E+01   4.020653E-33   8.962796E-32   6.891465E-18   1.200000E+02   9.205810E+00
  2.100000000000E+00   2.096523E-12   9.737766E-13   7.497449E+01   4.519312E-33   1.100669E-31   8.474438E-18   1.200000E+02   9.205810E+00
  2.105000000000E+00   2.101389E-12   9.724443E-13   7.497318E+01   5.152702E-33   1.365003E-31   1.052385E-17   1.200000E+02   9.205810E+00
  2.110000000000E+00   2.106248E-12   9.710011E-13   7.497175E+01   5.876924E-33   1.495725E-31   1.154861E-17   1.200000E+02   9.205810E+00
  2.115000000000E+00   2.111099E-12   9.694467E-13   7.497021E+01   6.643493E-33   1.662078E-31   1.285334E-17   1.200000E+02   9.205810E+00
  2.120000000000E+00   2.115942E-12   9.678924E-13   7.496867E+01   7.454550E-33   1.659189E-31   1.285134E-17   1.200000E+02   9.205810E+00
  2.125000000000E+00   2.120777E-12   9.661161E-13   7.496691E+01   8.295435E-33   1.644263E-31   1.275885E-17   1.200000E+02   9.205810E+00
  2.130000000000E+00   2.125603E-12   9.642287E-13   7.496503E+01   9.108394E-33   1.712994E-31   1.331786E-17   1.200000E+02   9.205810E+00
  2.135000000000E+00   2.130419E-12   9.623413E-13   7.496315E+01   9.912566E-33   1.673633E-31   1.303704E-17   1.200000E+02   9.205810E+00
  2.140000000000E+00   2.135225E-12   9.601209E-13   7.496093E+01   1.079628E-32   1.884643E-31   1.471425E-17   1.200000E+02   9.205810E+00
  2.145000000000E+00   2.140020E-12   9.579004E-13   7.495871E+01   1.182092E-32   2.130319E-31   1.667042E-17   1.200000E+02   9.205810E+00
  2.150000000000E+00   2.144804E-12   9.554579E-13   7.495626E+01   1.295250E-32   2.314968E-31   1.816106E-17   1.200000E+02   9.205810E+00
  2.155000000000E+00   2.149575E-12   9.530154E-13   7.495380E+01   1.418086E-32   2.628654E-31   2.067412E-17   1.200000E+02   9.205810E+00
  2.160000000000E+00   2.154333E-12   9.502399E-13   7.495100E+01   1.564707E-32   3.046340E-31   2.402827E-17   1.200000E+02   9.205810E+00
  2.165000000000E+00   2.159077E-12   9.473533E-13   7.494808E+01   1.721757E-32   3.084377E-31   2.440147E-17   1.200000E+02   9.205810E+00
  2.170000000000E+00   2.163807E-12   9.444667E-13   7.494515E+01   1.876453E-32   2.980858E-31   2.365365E-17   1.200000E+02   9.205810E+00
  2.175000000000E+00   2.168521E-12   9.412471E-13   7.494187E+01   2.020339E-32   2.877580E-31   2.291123E-17   1.200000E+02   9.205810E+00
  2.180000000000E+00   2.173220E-12   9.379164E-13   7.493847E+01   2.148326E-32   2.261523E-31   1.806932E-17   1.200000E+02   9.205810E+00
  2.185000000000E+00   2.177900E-12   9.344747E-13   7.493494E+01   2.243744E-32   1.556272E-31   1.247965E-17   1.200000E+02   9.205810E+00
  2.190000000000E+00   2.182563E-12   9.307000E-13   7.493105E+01   2.302639E-32   7.403997E-32   5.960990E-18   1.200000E+02   9.205810E+00
  2.195000000000E+00   2.187207E-12   9.269252E-13   7.492715E+01   2.326660E-32   2.074400E-32   1.676822E-18   1.200000E+02   9.205810E+00
  2.200000000000E+00   2.191832E-12   9.229284E-13   7.492300E+01   2.316097E-32  -4.818436E-32  -3.911589E-18   1.200000E+02   9.205810E+00
  2.205000000000E+00   2.196436E-12   9.188206E-13   7.491872E+01   2.286346E-32  -8.224323E-32  -6.705942E-18   1.200000E+02   9.205810E+00
  2.210000000000E+00   2.201019E-12   9.143797E-13   7.491407E+01   2.249888E-32  -6.821403E-32  -5.588697E-18   1.200000E+02   9.205810E+00
  2.215000000000E+00   2.205580E-12   9.098278E-13   7.490928E+01   2.217679E-32  -4.072439E-32  -3.352981E-18   1.200000E+02   9.205810E+00
  2.220000000000E+00   2.210118E-12   9.051648E-13   7.490435E+01   2.195116E-32  -4.501861E-32  -3.725388E-18   1.200000E+02   9.205810E+00
  2.225000000000E+00   2.214631E-12   9.002799E-13   7.489915E+01   2.197788E-32   5.372743E-32   4.469875E-18   1.200000E+02   9.205810E+00
  2.230000000000E+00   2.219120E-12   8.951728E-13   7.489369E+01   2.245098E-32   1.424827E-31   1.192067E-17   1.200000E+02   9.205810E+00
  2.235000000000E+00   2.223583E-12   8.899548E-13   7.488808E+01   2.358711E-32   3.098821E-31   2.607602E-17   1.200000E+02   9.205810E+00
  2.240000000000E+00   2.228019E-12   8.845147E-13   7.488219E+01   2.547582E-32   4.487898E-31   3.799413E-17   1.200000E+02   9.205810E+00
  2.245000000000E+00   2.232428E-12   8.789636E-13   7.487615E+01   2.812484E-32   6.209198E-31   5.289421E-17   1.200000E+02   9.205810E+00
  2.250000000000E+00   2.236808E-12   8.730794E-13   7.486970E+01   3.165478E-32   7.601645E-31   6.518685E-17   1.200000E+02   9.205810E+00
  2.255000000000E+00   2.241159E-12   8.670842E-13   7.486309E+01   3.603569E-32   9.750983E-31   8.418891E-17   1.200000E+02   9.205810E+00
  2.260000000000E+00   2.245479E-12   8.608669E-13   7.485618E+01   4.129791E-32   1.122432E-30   9.760041E-17   1.200000E+02   9.205810E+00
  2.265000000000E+00   2.249767E-12   8.544276E-13   7.484897E+01   4.717123E-32   1.216321E-30   1.065513E-16   1.200000E+02   9.205810E+00
  2.270000000000E+00   2.254023E-12   8.479883E-13   7.484171E+01   5.337407E-32   1.198699E-30   1.057947E-16   1.200000E+02   9.205810E+00
  2.275000000000E+00   2.258246E-12   8.411050E-13   7.483388E+01   5.948620E-32   1.189165E-30   1.058011E-16   1.200000E+02   9.205810E+00
  2.280000000000E+00   2.262434E-12   8.341106E-13   7.482587E+01   6.514092E-32   1.100476E-30   9.872084E-17   1.200000E+02   9.205810E+00
  2.285000000000E+00   2.266587E-12   8.268941E-13   7.481752E+01   7.038504E-32   9.470761E-31   8.569161E-17   1.200000E+02   9.205810E+00
  2.290000000000E+00   2.270703E-12   8.195666E-13   7.480898E+01   7.471434E-32   7.754757E-31   7.078442E-17   1.200000E+02   9.205810E+00
  2.295000000000E+00   2.274782E-12   8.119061E-13   7.479996E+01   7.817620E-32   6.147087E-31   5.663240E-17   1.200000E+02   9.205810E+00
  2.300000000000E+00   2.278822E-12   8.041345E-13   7.479073E+01   8.109032E-32   5.207715E-31   4.843577E-17   1.200000E+02   9.205810E+00
  2.305000000000E+00   2.282823E-12   7.961409E-13   7.478114E+01   8.346644E-32   4.283750E-31   4.023706E-17   1.200000E+02   9.205810E+00
  2.310000000000E+00   2.286784E-12   7.880363E-13   7.477132E+01   8.542443E-32   3.533600E-31   3.352789E-17   1.200000E+02   9.205810E+00
  2.315000000000E+00   2.290703E-12   7.797096E-13   7.476112E+01   8.719027E-32   3.652045E-31   3.501700E-17   1.200000E+02   9.205810E+00
  2.320000000000E+00   2.294581E-12   7.711609E-13   7.475054E+01   8.904552E-32   3.074988E-31   2.980662E-17   1.200000E+02   9.205810E+00
  2.325000000000E+00   2.298415E-12   7.625012E-13   7.473969E+01   9.051269E-32   3.268785E-31   3.204034E-17   1.200000E+02   9.205810E+00
  2.330000000000E+00   2.302205E-12   7.536194E-13   7.472845E+01   9.205421E-32   2.705691E-31   2.682947E-17   1.200000E+02   9.205810E+00
  2.335000000000E+00   2.305951E-12   7.446266E-13   7.471692E+01   9.339884E-32   2.301486E-31   2.309345E-17   1.200000E+02   9.205810E+00
  2.340000000000E+00   2.309651E-12   7.354117E-13   7.470497E+01   9.475657E-32   2.713635E-31   2.756579E-17   1.200000E+02   9.205810E+00
  2.345000000000E+00   2.313305E-12   7.260859E-13   7.469272E+01   9.596664E-32   2.172690E-31   2.235054E-17   1.200000E+02   9.205810E+00
  2.350000000000E+00   2.316912E-12   7.165379E-13   7.468001E+01   9.703158E-32   1.930504E-31   2.012037E-17   1.200000E+02   9.205810E+00
  2.355000000000E+00   2.320471E-12   7.068790E-13   7.466698E+01   9.806811E-32   2.257190E-31   2.384249E-17   1.200000E+02   9.205810E+00
  2.360000000000E+00   2.323981E-12   6.971090E-13   7.465362E+01   9.978941E-32   4.731047E-31   5.066493E-17   1.200000E+02   9.205810E+00
  2.365000000000E+00   2.327441E-12   6.871170E-13   7.463976E+01   1.025370E-31   6.789866E-31   7.375657E-17   1.200000E+02   9.205810E+00
  2.370000000000E+00   2.330852E-12   6.771250E-13   7.462570E+01   1.063352E-31   8.382610E-31   9.238443E-17   1.200000E+02   9.205810E+00
  2.375000000000E+00   2.334212E-12   6.669110E-13   7.461111E+01   1.111641E-31   1.065424E-30   1.191951E-16   1.200000E+02   9.205810E+00
  2.380000000000E+00   2.337521E-12   6.565859E-13   7.459613E+01   1.165825E-31   1.121469E-30   1.274125E-16   1.200000E+02   9.205810E+00
  2.385000000000E+00   2.340777E-12   6.461498E-13   7.458075E+01   1.229835E-31   1.310403E-30   1.512510E-16   1.200000E+02   9.205810E+00
  2.390000000000E+00   2.343982E-12   6.356027E-13   7.456495E+01   1.299234E-31   1.486240E-30   1.743564E-16   1.200000E+02   9.205810E+00
  2.395000000000E+00   2.347133E-12   6.250556E-13   7.454888E+01   1.371795E-31   1.436936E-30   1.713800E-16   1.200000E+02   9.205810E+00
  2.400000000000E+00   2.350232E-12   6.143974E-13   7.453237E+01   1.446606E-31   1.596789E-30   1.937059E-16   1.200000E+02   9.205810E+00
  2.405000000000E+00   2.353277E-12   6.036283E-13   7.451540E+01   1.530118E-31   1.774359E-30   2.190373E-16   1.200000E+02   9.205810E+00
  2.410000000000E+00   2.356268E-12   5.928591E-13   7.449811E+01   1.617224E-31   1.731411E-30   2.175675E-16   1.200000E+02   9.205810E+00
  2.415000000000E+00   2.359205E-12   5.819789E-13   7.448033E+01   1.704419E-31   1.746626E-30   2.235292E-16   1.200000E+02   9.205810E+00
  2.420000000000E+00   2.362088E-12   5.712097E-13   7.446240E+01   1.788898E-31   1.611811E-30   2.101142E-16   1.200000E+02   9.205810E+00
  2.425000000000E+00   2.364917E-12   5.604406E-13   7.444413E+01   1.863651E-31   1.446759E-30   1.921750E-16   1.200000E+02   9.205810E+00
  2.430000000000E+00   2.367692E-12   5.495604E-13   7.442531E+01   1.929899E-31   1.155365E-30   1.564677E-16   1.200000E+02   9.205810E+00
  2.435000000000E+00   2.370413E-12   5.387912E-13   7.440631E+01   1.985916E-31   9.926243E-31   1.370800E-16   1.200000E+02   9.205810E+00
  2.440000000000E+00   2.373080E-12   5.280221E-13   7.438693E+01   2.026746E-31   7.193348E-31   1.013388E-16   1.200000E+02   9.205810E+00
  2.445000000000E+00   2.375694E-12   5.173639E-13   7.436735E+01   2.056920E-31   4.977566E-31   7.154894E-17   1.200000E+02   9.205810E+00
  2.450000000000E+00   2.378254E-12   5.068168E-13   7.434758E+01   2.077249E-31   2.844599E-31   4.172889E-17   1.200000E+02   9.205810E+00
  2.455000000000E+00   2.380762E-12   4.962697E-13   7.432739E+01   2.090912E-31   2.787302E-31   4.174603E-17   1.200000E+02   9.205810E+00
  2.460000000000E+00   2.383217E-12   4.859446E-13   7.430721E+01   2.101159E-31   1.754281E-31   2.682523E-17   1.200000E+02   9.205810E+00
  2.465000000000E+00   2.385621E-12   4.757306E-13   7.428681E+01   2.105992E-31   1.904263E-32   2.973566E-18   1.200000E+02   9.205810E+00
  2.470000000000E+00   2.387975E-12   4.657386E-13   7.426643E+01   2.109209E-31   3.729082E-32   5.946375E-18   1.200000E+02   9.205810E+00
  2.475000000000E+00   2.390279E-12   4.557466E-13   7.424561E+01   2.110697E-31   8.210480E-32   1.337568E-17   1.200000E+02   9.205810E+00
  2.480000000000E+00   2.392533E-12   4.461986E-13   7.422529E+01   2.118661E-31   1.880671E-31   3.128502E-17   1.200000E+02   9.205810E+00
  2.485000000000E+00   2.394741E-12   4.367617E-13   7.420477E+01   2.132292E-31   3.419970E-31   5.810447E-17   1.200000E+02   9.205810E+00
  2.490000000000E+00   2.396902E-12   4.276579E-13   7.418455E+01   2.156565E-31   6.356532E-31   1.102649E-16   1.200000E+02   9.205810E+00
  2.495000000000E+00   2.399018E-12   4.187761E-13   7.416440E+01   2.192595E-31   8.244906E-31   1.460156E-16   1.200000E+02   9.205810E+00
  2.500000000000E+00   2.401090E-12   4.102274E-13   7.414460E+01   2.243374E-31   1.170773E-30   2.116058E-16   1.200000E+02   9.205810E+00
  2.505000000000E+00   2.403121E-12   4.020118E-13   7.412518E+01   2.307673E-31   1.325425E-30   2.443893E-16   1.200000E+02   9.205810E+00
  2.510000000000E+00   2.405111E-12   3.942402E-13   7.410644E+01   2.379518E-31   1.577337E-30   2.964964E-16   1.200000E+02   9.205810E+00
  2.515000000000E+00   2.407064E-12   3.868017E-13   7.408815E+01   2.456787E-31   1.571559E-30   3.010170E-16   1.200000E+02   9.205810E+00
  2.520000000000E+00   2.408980E-12   3.799183E-13   7.407091E+01   2.536343E-31   1.635500E-30   3.188658E-16   1.200000E+02   9.205810E+00
  2.525000000000E+00   2.410863E-12   3.733680E-13   7.405422E+01   2.622702E-31   1.757989E-30   3.486814E-16   1.200000E+02   9.205810E+00
  2.530000000000E+00   2.412715E-12   3.673728E-13   7.403868E+01   2.717927E-31   2.033397E-30   4.098017E-16   1.200000E+02   9.205810E+00
  2.535000000000E+00   2.414538E-12   3.619327E-13   7.402435E+01   2.823168E-31   2.171293E-30   4.440842E-16   1.200000E+02   9.205810E+00
  2.540000000000E+00   2.416335E-12   3.570477E-13   7.401131E+01   2.935334E-31   2.221753E-30   4.605402E-16   1.200000E+02   9.205810E+00
  2.545000000000E+00   2.418110E-12   3.529399E-13   7.400020E+01   3.054095E-31   2.444390E-30   5.125104E-16   1.200000E+02   9.205810E+00
  2.550000000000E+00   2.419866E-12   3.493872E-13   7.399049E+01   3.179958E-31   2.673961E-30   5.662706E-16   1.200000E+02   9.205810E+00
  2.555000000000E+00   2.421605E-12   3.466116E-13   7.398283E+01   3.314804E-31   2.807235E-30   5.991929E-16   1.200000E+02   9.205810E+00
  2.560000000000E+00   2.423334E-12   3.447242E-13   7.397759E+01   3.455859E-31   2.833428E-30   6.080518E-16   1.200000E+02   9.205810E+00
  2.565000000000E+00   2.425055E-12   3.437250E-13   7.397480E+01   3.594942E-31   2.790287E-30   6.005118E-16   1.200000E+02   9.205810E+00
  2.570000000000E+00   2.426772E-12   3.436140E-13   7.397449E+01   3.725612E-31   2.395086E-30   5.156230E-16   1.200000E+02   9.205810E+00
  2.575000000000E+00   2.428492E-12   3.446132E-13   7.397728E+01   3.835791E-31   2.019915E-30   4.336103E-16   1.200000E+02   9.205810E+00
  2.580000000000E+00   2.430220E-12   3.467227E-13   7.398314E+01   3.921657E-31   1.424418E-30   3.039400E-16   1.200000E+02   9.205810E+00
  2.585000000000E+00   2.431961E-12   3.500533E-13   7.399232E+01   3.973533E-31   6.415273E-31   1.356025E-16   1.200000E+02   9.205810E+00
  2.590000000000E+00   2.433723E-12   3.549383E-13   7.400562E+01   3.982144E-31  -2.145245E-31  -4.472896E-17   1.200000E+02   9.205810E+00
  2.595000000000E+00   2.435513E-12   3.612666E-13   7.402259E+01   3.953206E-31  -8.909352E-31  -1.825503E-16   1.200000E+02   9.205810E+00
  2.600000000000E+00   2.437338E-12   3.692602E-13   7.404360E+01   3.892155E-31  -1.583500E-30  -3.175214E-16   1.200000E+02   9.205810E+00
  2.605000000000E+00   2.439209E-12   3.794742E-13   7.406979E+01   3.800550E-31  -2.080004E-30  -4.059972E-16   1.200000E+02   9.205810E+00
  2.610000000000E+00   2.441136E-12   3.916867E-13   7.410020E+01   3.683176E-31  -2.543768E-30  -4.812360E-16   1.200000E+02   9.205810E+00
  2.615000000000E+00   2.443130E-12   4.064526E-13   7.413572E+01   3.547298E-31  -2.795680E-30  -5.099235E-16   1.200000E+02   9.205810E+00
  2.620000000000E+00   2.445204E-12   4.239942E-13   7.417629E+01   3.405410E-31  -2.876569E-30  -5.032456E-16   1.200000E+02   9.205810E+00
  2.625000000000E+00   2.447375E-12   4.449774E-13   7.422266E+01   3.267013E-31  -2.644302E-30  -4.410721E-16   1.200000E+02   9.205810E+00
  2.630000000000E+00   2.449660E-12   4.696243E-13   7.427441E+01   3.145741E-31  -2.162049E-30  -3.419433E-16   1.200000E+02   9.205810E+00
  2.635000000000E+00   2.452078E-12   4.986012E-13   7.433189E+01   3.052680E-31  -1.466210E-30  -2.185839E-16   1.200000E+02   9.205810E+00
  2.640000000000E+00   2.454654E-12   5.325740E-13   7.439517E+01   3.001564E-31  -6.098457E-31  -8.518924E-17   1.200000E+02   9.205810E+00
  2.645000000000E+00   2.457414E-12   5.725420E-13   7.446464E+01   2.994725E-31   3.685267E-31   4.793047E-17   1.200000E+02   9.205810E+00
  2.650000000000E+00   2.460390E-12   6.191714E-13   7.453980E+01   3.034747E-31   1.288062E-30   1.550651E-16   1.200000E+02   9.205810E+00
  2.655000000000E+00   2.463618E-12   6.736833E-13   7.462080E+01   3.117119E-31   1.975426E-30   2.188089E-16   1.200000E+02   9.205810E+00
  2.660000000000E+00   2.467142E-12   7.376322E-13   7.470786E+01   3.230684E-31   2.524124E-30   2.556449E-16   1.200000E+02   9.205810E+00
  2.665000000000E+00   2.471011E-12   8.123502E-13   7.480049E+01   3.366624E-31   2.927799E-30   2.695891E-16   1.200000E+02   9.205810E+00
  2.670000000000E+00   2.475285E-12   8.998358E-13   7.489868E+01   3.511877E-31   2.916051E-30   2.427202E-16   1.200000E+02   9.205810E+00
  2.675000000000E+00   2.480033E-12   1.002087E-12   7.500200E+01   3.658229E-31   2.906421E-30   2.175333E-16   1.200000E+02   9.205810E+00
  2.680000000000E+00   2.485334E-12   1.121880E-12   7.511041E+01   3.781870E-31   1.910715E-30   1.279233E-16   1.200000E+02   9.205810E+00
  2.685000000000E+00   2.491284E-12   1.261991E-12   7.522338E+01   3.842545E-31   4.482120E-31   2.671654E-17   1.200000E+02   9.205810E+00
  2.690000000000E+00   2.497992E-12   1.425748E-12   7.534051E+01   3.828643E-31  -1.075006E-30  -5.680630E-17   1.200000E+02   9.205810E+00
  2.695000000000E+00   2.505585E-12   1.616929E-12   7.546131E+01   3.712226E-31  -3.446644E-30  -1.608533E-16   1.200000E+02   9.205810E+00
  2.700000000000E+00   2.514212E-12   1.839862E-12   7.558530E+01   3.478430E-31  -5.371611E-30  -2.206768E-16   1.200000E+02   9.205810E+00
  2.705000000000E+00   2.524041E-12   2.098877E-12   7.571175E+01   3.097011E-31  -9.834954E-30  -3.547715E-16   1.200000E+02   9.205810E+00
  2.710000000000E+00   2.535267E-12   2.399525E-12   7.584026E+01   2.563605E-31  -1.198391E-29  -3.787677E-16   1.200000E+02   9.205810E+00
  2.715000000000E+00   2.548111E-12   2.746914E-12   7.597006E+01   1.896232E-31  -1.444563E-29  -3.995158E-16   1.200000E+02   9.205810E+00
  2.720000000000E+00   2.562821E-12   3.146816E-12   7.610054E+01   1.115013E-31  -1.551067E-29  -3.750998E-16   1.200000E+02   9.205810E+00
  2.725000000000E+00   2.579672E-12   3.604783E-12   7.623097E+01   3.778134E-32  -1.436744E-29  -3.038307E-16   1.200000E+02   9.205810E+00
  2.730000000000E+00   2.598971E-12   4.126699E-12   7.636078E+01  -1.511471E-32  -6.592651E-30  -1.219910E-16   1.200000E+02   9.205810E+00
  2.735000000000E+00   2.621050E-12   4.717671E-12   7.648926E+01  -2.714145E-32   2.058181E-30   3.337002E-17   1.200000E+02   9.205810E+00
  2.740000000000E+00   2.646266E-12   5.382583E-12   7.661584E+01   2.746328E-32   2.180191E-29   3.103290E-16   1.200000E+02   9.205810E+00
  2.745000000000E+00   2.675000E-12   6.125211E-12   7.673992E+01   1.909770E-31   4.428098E-29   5.547758E-16   1.200000E+02   9.205810E+00
  2.750000000000E+00   2.707648E-12   6.948664E-12   7.686101E+01   4.745248E-31   6.872026E-29   7.601330E-16   1.200000E+02   9.205810E+00
  2.755000000000E+00   2.744618E-12   7.854273E-12   7.697862E+01   8.954067E-31   9.794972E-29   9.599913E-16   1.200000E+02   9.205810E+00
  2.760000000000E+00   2.786324E-12   8.842815E-12   7.709242E+01   1.452873E-30   1.227172E-28   1.069859E-15   1.200000E+02   9.205810E+00
  2.765000000000E+00   2.833177E-12   9.913292E-12   7.720212E+01   2.107411E-30   1.392971E-28   1.084809E-15   1.200000E+02   9.205810E+00
  2.770000000000E+00   2.885585E-12   1.106382E-11   7.730753E+01   2.846090E-30   1.471349E-28   1.028093E-15   1.200000E+02   9.205810E+00
  2.775000000000E+00   2.943940E-12   1.229195E-11   7.740859E+01   3.552489E-30   1.377171E-28   8.672740E-16   1.200000E+02   9.205810E+00
  2.780000000000E+00   3.008623E-12   1.359457E-11   7.750528E+01   4.172990E-30   1.165349E-28   6.643883E-16   1.200000E+02   9.205810E+00
  2.785000000000E+00   3.080001E-12   1.496936E-11   7.759777E+01   4.651469E-30   7.879018E-29   4.084304E-16   1.200000E+02   9.205810E+00
  2.790000000000E+00   3.158430E-12   1.641487E-11   7.768626E+01   4.973590E-30   5.485819E-29   2.596260E-16   1.200000E+02   9.205810E+00
  2.795000000000E+00   3.244263E-12   1.793121E-11   7.777108E+01   5.153023E-30   2.678054E-30   1.161523E-17   1.200000E+02   9.205810E+00
  2.800000000000E+00   3.337860E-12   1.952138E-11   7.785265E+01   5.000369E-30  -6.208043E-29  -2.475811E-16   1.200000E+02   9.205810E+00
  2.805000000000E+00   3.439604E-12   2.119138E-11   7.793145E+01   4.509541E-30  -1.321650E-28  -4.860377E-16   1.200000E+02   9.205810E+00
  2.810000000000E+00   3.549917E-12   2.295086E-11   7.800802E+01   3.589632E-30  -2.306648E-28  -7.840098E-16   1.200000E+02   9.205810E+00
  2.815000000000E+00   3.669279E-12   2.481426E-11   7.808296E+01   2.180297E-30  -3.220555E-28  -1.013411E-15   1.200000E+02   9.205810E+00
  2.820000000000E+00   3.798255E-12   2.680045E-11   7.815688E+01   2.155616E-31  -4.635544E-28  -1.351842E-15   1.200000E+02   9.205810E+00
  2.825000000000E+00   3.937518E-12   2.893386E-11   7.823041E+01  -2.382194E-30  -5.726144E-28  -1.548216E-15   1.200000E+02   9.205810E+00
  2.830000000000E+00   4.087876E-12   3.124390E-11   7.830415E+01  -5.581102E-30  -7.218647E-28  -1.809154E-15   1.200000E+02   9.205810E+00
  2.835000000000E+00   4.250296E-12   3.376555E-11   7.837866E+01  -9.398995E-30  -8.160458E-28  -1.894256E-15   1.200000E+02   9.205810E+00
  2.840000000000E+00   4.425936E-12   3.653977E-11   7.845447E+01  -1.369127E-29  -8.994863E-28  -1.931285E-15   1.200000E+02   9.205810E+00
  2.845000000000E+00   4.616171E-12   3.961276E-11   7.853199E+01  -1.845214E-29  -9.807113E-28  -1.944252E-15   1.200000E+02   9.205810E+00
  2.850000000000E+00   4.822625E-12   4.303680E-11   7.861157E+01  -2.327130E-29  -9.469120E-28  -1.729642E-15   1.200000E+02   9.205810E+00
  2.855000000000E+00   5.047193E-12   4.686951E-11   7.869347E+01  -2.769824E-29  -8.305226E-28  -1.394440E-15   1.200000E+02   9.205810E+00
  2.860000000000E+00   5.292074E-12   5.117418E-11   7.877783E+01  -3.142609E-29  -6.522986E-28  -1.004152E-15   1.200000E+02   9.205810E+00
  2.865000000000E+00   5.559799E-12   5.601930E-11   7.886467E+01  -3.414009E-29  -3.976745E-28  -5.598511E-16   1.200000E+02   9.205810E+00
  2.870000000000E+00   5.853249E-12   6.147827E-11   7.895394E+01  -3.539660E-29  -1.320360E-28  -1.695682E-16   1.200000E+02   9.205810E+00
  2.875000000000E+00   6.175687E-12   6.762846E-11   7.904547E+01  -3.557004E-29   3.584269E-29   4.189364E-17   1.200000E+02   9.205810E+00
  2.880000000000E+00   6.530769E-12   7.455048E-11   7.913902E+01  -3.498385E-29   1.120792E-28   1.189776E-16   1.200000E+02   9.205810E+00
  2.885000000000E+00   6.922558E-12   8.232648E-11   7.923427E+01  -3.497921E-29  -1.525560E-28  -1.468259E-16   1.200000E+02   9.205810E+00
  2.890000000000E+00   7.355531E-12   9.103840E-11   7.933083E+01  -3.734867E-29  -8.693078E-28  -7.575145E-16   1.200000E+02   9.205810E+00
  2.895000000000E+00   7.834569E-12   1.007670E-10   7.942830E+01  -4.430907E-29  -1.921295E-27  -1.514437E-15   1.200000E+02   9.205810E+00
  2.900000000000E+00   8.364951E-12   1.115895E-10   7.952623E+01  -5.713866E-29  -3.363768E-27  -2.397248E-15   1.200000E+02   9.205810E+00
  2.905000000000E+00   8.952333E-12   1.235796E-10   7.962421E+01  -7.848600E-29  -5.116835E-27  -3.296855E-15   1.200000E+02   9.205810E+00
  2.910000000000E+00   9.602729E-12   1.368081E-10   7.972184E+01  -1.079540E-28  -6.654448E-27  -3.877729E-15   1.200000E+02   9.205810E+00
  2.915000000000E+00   1.032251E-11   1.513473E-10   7.981879E+01  -1.442020E-28  -7.804990E-27  -4.116261E-15   1.200000E+02   9.205810E+00
  2.920000000000E+00   1.111843E-11   1.672771E-10   7.991487E+01  -1.857076E-28  -8.702344E-27  -4.157453E-15   1.200000E+02   9.205810E+00
  2.925000000000E+00   1.199766E-11   1.846974E-10   8.000997E+01  -2.287401E-28  -8.406262E-27  -3.641550E-15   1.200000E+02   9.205810E+00
  2.930000000000E+00   1.296799E-11   2.037417E-10   8.010418E+01  -2.684196E-28  -6.924550E-27  -2.722493E-15   1.200000E+02   9.205810E+00
  2.935000000000E+00   1.403798E-11   2.245985E-10   8.019774E+01  -2.986196E-28  -5.139081E-27  -1.835020E-15   1.200000E+02   9.205810E+00
  2.940000000000E+00   1.521729E-11   2.475311E-10   8.029107E+01  -3.163618E-28  -2.100742E-27  -6.814127E-16   1.200000E+02   9.205810E+00
  2.945000000000E+00   1.651718E-11   2.729030E-10   8.038475E+01  -3.208609E-28   4.384921E-28   1.291597E-16   1.200000E+02   9.205810E+00
  2.950000000000E+00   1.795100E-11   3.012032E-10   8.047947E+01  -3.134840E-28   2.534880E-27   6.773031E-16   1.200000E+02   9.205810E+00
  2.955000000000E+00   1.953491E-11   3.330729E-10   8.057603E+01  -2.971575E-28   3.522554E-27   8.521659E-16   1.200000E+02   9.205810E+00
  2.960000000000E+00   2.128875E-11   3.693360E-10   8.067524E+01  -2.834520E-28   1.771129E-27   3.868734E-16   1.200000E+02   9.205810E+00
  2.965000000000E+00   2.323696E-11   4.110355E-10   8.077793E+01  -2.804419E-28  -1.231780E-27  -2.420731E-16   1.200000E+02   9.205810E+00
  2.970000000000E+00   2.540988E-11   4.594818E-10   8.088490E+01  -2.983264E-28  -6.490764E-27  -1.142602E-15   1.200000E+02   9.205810E+00
  2.975000000000E+00   2.784517E-11   5.163175E-10   8.099685E+01  -3.460081E-28  -1.311686E-26  -2.057695E-15   1.200000E+02   9.205810E+00
  2.980000000000E+00   3.058975E-11   5.836109E-10   8.111447E+01  -4.307850E-28  -2.019934E-26  -2.807450E-15   1.200000E+02   9.205810E+00
  2.985000000000E+00   3.370216E-11   6.639840E-10   8.123833E+01  -5.470870E-28  -2.538322E-26  -3.105633E-15   1.200000E+02   9.205810E+00
  2.990000000000E+00   3.725583E-11   7.607912E-10   8.136898E+01  -6.800414E-28  -2.786174E-26  -2.979900E-15   1.200000E+02   9.205810E+00
  2.995000000000E+00   4.134322E-11   8.783584E-10   8.150693E+01  -8.126397E-28  -2.412904E-26  -2.239045E-15   1.200000E+02   9.205810E+00
  3.000000000000E+00   4.608150E-11   1.022298E-09   8.165262E+01  -9.041689E-28  -1.086542E-26  -8.678391E-16   1.200000E+02   9.205810E+00
  3.005000000000E+00   5.161994E-11   1.199911E-09   8.180640E+01  -9.067484E-28   1.210743E-26   8.254495E-16   1.200000E+02   9.205810E+00
  3.010000000000E+00   5.814951E-11   1.420692E-09   8.196854E+01  -7.614761E-28   4.734669E-26   2.731725E-15   1.200000E+02   9.205810E+00
  3.015000000000E+00   6.591539E-11   1.696943E-09   8.213912E+01  -4.319882E-28   8.747762E-26   4.234281E-15   1.200000E+02   9.205810E+00
  3.020000000000E+00   7.523278E-11   2.044513E-09   8.231800E+01   9.632079E-29   1.291675E-25   5.200656E-15   1.200000E+02   9.205810E+00
  3.025000000000E+00   8.650672E-11   2.483668E-09   8.250479E+01   8.673518E-28   1.707745E-25   5.672946E-15   1.200000E+02   9.205810E+00
  3.030000000000E+00   1.002568E-10   3.040162E-09   8.269888E+01   1.809306E-27   1.998348E-25   5.435930E-15   1.200000E+02   9.205810E+00
  3.035000000000E+00   1.171477E-10   3.746587E-09   8.289946E+01   2.826912E-27   2.014275E-25   4.456917E-15   1.200000E+02   9.205810E+00
  3.040000000000E+00   1.380279E-10   4.644243E-09   8.310565E+01   3.807866E-27   1.836374E-25   3.286069E-15   1.200000E+02   9.205810E+00
  3.045000000000E+00   1.639797E-10   5.785956E-09   8.331666E+01   4.596265E-27   1.283351E-25   1.848001E-15   1.200000E+02   9.205810E+00
  3.050000000000E+00   1.963868E-10   7.240573E-09   8.353196E+01   5.136723E-27   8.064414E-26   9.303633E-16   1.200000E+02   9.205810E+00
  3.055000000000E+00   2.370315E-10   9.100304E-09   8.375142E+01   5.415868E-27   2.717188E-26   2.500668E-16   1.200000E+02   9.205810E+00
  3.060000000000E+00   2.882388E-10   1.149272E-08   8.397549E+01   5.476182E-27   1.608626E-26   1.175398E-16   1.200000E+02   9.205810E+00
  3.065000000000E+00   3.530978E-10   1.460030E-08   8.420525E+01   5.429305E-27  -1.230253E-26  -7.095314E-17   1.200000E+02   9.205810E+00
  3.070000000000E+00   4.358087E-10   1.869231E-08   8.444243E+01   5.611705E-27   7.362457E-26   3.325986E-16   1.200000E+02   9.205810E+00
  3.075000000000E+00   5.422357E-10   2.417684E-08   8.468942E+01   6.036358E-27   5.042698E-26   1.766414E-16   1.200000E+02   9.205810E+00
  3.080000000000E+00   6.807964E-10   3.168703E-08   8.494912E+01   6.355440E-27  -2.137727E-26  -5.730989E-17   1.200000E+02   9.205810E+00
  3.085000000000E+00   8.639168E-10   4.222686E-08   8.522478E+01   5.591663E-27  -4.860653E-25  -9.810063E-16   1.200000E+02   9.205810E+00
  3.090000000000E+00   1.110454E-09   5.742432E-08   8.551989E+01   5.168222E-28  -1.602925E-24  -2.387177E-15   1.200000E+02   9.205810E+00
  3.095000000000E+00   1.449829E-09   7.998426E-08   8.583800E+01  -1.203868E-26  -3.600474E-24  -3.863979E-15   1.200000E+02   9.205810E+00
  3.100000000000E+00   1.929262E-09   1.145240E-07   8.618260E+01  -3.778942E-26  -6.899634E-24  -5.192171E-15   1.200000E+02   9.205810E+00
  3.105000000000E+00   2.626852E-09   1.691679E-07   8.655710E+01  -8.486348E-26  -1.197712E-23  -6.128261E-15   1.200000E+02   9.205810E+00
  3.110000000000E+00   3.676022E-09   2.587104E-07   8.696493E+01  -1.605179E-25  -1.836361E-23  -6.172887E-15   1.200000E+02   9.205810E+00
  3.115000000000E+00   5.313137E-09   4.112269E-07   8.740982E+01  -2.746876E-25  -2.814795E-23  -5.983090E-15   1.200000E+02   9.205810E+00
  3.120000000000E+00   7.975332E-09   6.828409E-07   8.789666E+01  -4.343505E-25  -3.248160E-23  -4.181097E-15   1.200000E+02   9.205810E+00
  3.125000000000E+00   1.251471E-08   1.192890E-06   8.843221E+01  -6.097999E-25  -3.851810E-23  -2.855451E-15   1.200000E+02   9.205810E+00
  3.130000000000E+00   2.069854E-08   2.212543E-06   8.902527E+01  -7.946645E-25  -3.302923E-23  -1.328985E-15   1.200000E+02   9.205810E+00
  3.135000000000E+00   3.645570E-08   4.402583E-06   8.968579E+01  -9.764235E-25  -3.310522E-23  -6.743923E-16   1.200000E+02   9.205809E+00
  3.140000000000E+00   6.920591E-08   9.497570E-06   9.042388E+01  -1.031091E-24   7.713028E-24   7.343372E-17   1.200000E+02   9.205809E+00
  3.145000000000E+00   1.434377E-07   2.242384E-05   9.124860E+01  -1.410329E-24  -1.832898E-22  -7.458553E-16   1.200000E+02   9.205807E+00
  3.150000000000E+00   3.284882E-07   5.836599E-05   9.216693E+01  -3.669166E-24  -7.322815E-22  -1.156361E-15   1.200000E+02   9.205803E+00
  3.155000000000E+00   8.387066E-07   1.681401E-04   9.318264E+01  -1.696774E-23  -5.733754E-21  -3.177626E-15   1.200000E+02   9.205792E+00
  3.160000000000E+00   2.396428E-06   5.352939E-04   9.429422E+01  -6.855621E-23  -1.559705E-20  -2.747485E-15   1.200000E+02   9.205758E+00
  3.165000000000E+00   7.622856E-06   1.857854E-03   9.548843E+01  -2.615534E-22  -8.241138E-20  -4.235712E-15   1.200000E+02   9.205645E+00
  3.170000000000E+00   2.631808E-05   6.711587E-03   9.672012E+01  -1.050429E-21  -2.861956E-19  -4.124341E-15   1.200000E+02   9.205239E+00
  3.175000000000E+00   9.212990E-05   2.274887E-02   9.788724E+01  -3.821147E-21  -1.035363E-18  -4.455112E-15   1.200000E+02   9.203810E+00
  3.180000000000E+00   2.952009E-04   6.476849E-02   9.887707E+01  -8.030181E-21  -1.499185E-18  -2.288690E-15   1.200000E+02   9.199400E+00
  3.185000000000E+00   8.096705E-04   1.502816E-01   9.964805E+01  -7.454414E-21   1.459871E-18   9.680050E-16   1.200000E+02   9.188228E+00
  3.190000000000E+00   1.890024E-03   2.930414E-01   1.002114E+02   2.600036E-20   9.707370E-18   3.319629E-15   1.200000E+02   9.164769E+00
  3.195000000000E+00   3.843693E-03   5.003052E-01   1.005842E+02   1.615595E-19   4.435415E-17   8.917210E-15   1.200000E+02   9.122345E+00
  3.200000000000E+00   6.997774E-03   7.727852E-01   1.007745E+02   5.326589E-19   9.650719E-17   1.258495E-14   1.200000E+02   9.053855E+00
  3.205000000000E+00   1.166810E-02   1.105427E+00   1.007819E+02   1.133527E-18   1.515845E-16   1.381997E-14   1.200000E+02   8.952441E+00
  3.210000000000E+00   1.813276E-02   1.488371E+00   1.006020E+02   1.951411E-18   1.922330E-16   1.299341E-14   1.200000E+02   8.812062E+00
  3.215000000000E+00   2.661062E-02   1.907966E+00   1.002300E+02   2.965231E-18   2.125344E-16   1.116494E-14   1.200000E+02   8.627968E+00
  3.220000000000E+00   3.724494E-02   2.347823E+00   9.966349E+01   4.086585E-18   2.560918E-16   1.087092E-14   1.200000E+02   8.397046E+00
  3.225000000000E+00   5.009246E-02   2.789914E+00   9.890409E+01   5.120084E-18   1.696945E-16   6.015770E-15   1.200000E+02   8.118066E+00
  3.230000000000E+00   6.511794E-02   3.215689E+00   9.795861E+01   6.015693E-18   1.614999E-16   4.919725E-15   1.200000E+02   7.791792E+00
  3.235000000000E+00   8.219445E-02   3.607220E+00   9.683940E+01   6.689596E-18   4.534253E-17   1.217265E-15   1.200000E+02   7.420980E+00
  3.240000000000E+00   1.011093E-01   3.948321E+00   9.556427E+01   6.511072E-18  -8.696856E-17  -2.104967E-15   1.200000E+02   7.010250E+00
  3.245000000000E+00   1.215754E-01   4.225641E+00   9.415588E+01   6.493192E-18   4.931792E-17   1.098904E-15   1.200000E+02   6.565834E+00
  3.250000000000E+00   1.432481E-01   4.429638E+00   9.264070E+01   6.609318E-18   1.052869E-17   2.201953E-16   1.200000E+02   6.095217E+00
  3.255000000000E+00   1.657461E-01   4.555314E+00   9.104770E+01   6.680833E-18   7.285110E-17   1.456085E-15   1.200000E+02   5.606678E+00
  3.260000000000E+00   1.886755E-01   4.602609E+00   8.940670E+01   7.605833E-18   2.572768E-16   4.997660E-15   1.200000E+02   5.108773E+00
  3.265000000000E+00   2.116544E-01   4.576400E+00   8.774674E+01   9.266375E-18   3.666800E-16   7.030630E-15   1.200000E+02   4.609794E+00
  3.270000000000E+00   2.343367E-01   4.486099E+00   8.609448E+01   1.105781E-17   3.265276E-16   6.266518E-15   1.200000E+02   4.117253E+00
  3.275000000000E+00   2.564337E-01   4.344875E+00   8.447279E+01   1.259889E-17   2.863259E-16   5.566731E-15   1.200000E+02   3.637424E+00
  3.280000000000E+00   2.777293E-01   4.168570E+00   8.289975E+01   1.381974E-17   2.125957E-16   4.227860E-15   1.200000E+02   3.174997E+00
  3.285000000000E+00   2.980908E-01   3.974406E+00   8.138793E+01   1.468265E-17   1.166386E-16   2.388527E-15   1.200000E+02   2.732854E+00
  3.290000000000E+00   3.174724E-01   3.779595E+00   7.994424E+01   1.446479E-17  -1.991878E-16  -4.213128E-15   1.200000E+02   2.311996E+00
  3.295000000000E+00   3.359112E-01   3.599959E+00   7.856995E+01   1.317937E-17  -2.351670E-16  -5.132575E-15   1.200000E+02   1.911619E+00
  3.300000000000E+00   3.535176E-01   3.448693E+00   7.726122E+01   1.226243E-17  -1.796876E-16  -4.025548E-15   1.200000E+02   1.529344E+00
  3.305000000000E+00   3.704592E-01   3.335405E+00   7.600970E+01   1.068233E-17  -4.089823E-16  -9.320192E-15   1.200000E+02   1.161564E+00
  3.310000000000E+00   3.869415E-01   3.265599E+00   7.480344E+01   8.695352E-18  -4.915518E-16  -1.125973E-14   1.200000E+02   8.038877E-01
  3.315000000000E+00   4.031871E-01   3.240642E+00   7.362813E+01   6.127946E-18  -5.337029E-16  -1.212585E-14   1.200000E+02   4.516435E-01
  3.320000000000E+00   4.194160E-01   3.258134E+00   7.246874E+01   3.399188E-18  -5.977078E-16  -1.329446E-14   1.200000E+02   1.004199E-01
  3.325000000000E+00   4.358277E-01   3.312533E+00   7.131181E+01   3.779955E-19  -6.777579E-16  -1.459069E-14   1.200000E+02  -2.532956E-01
  3.330000000000E+00   4.525877E-01   3.395829E+00   7.014896E+01  -3.305657E-18  -7.555517E-16  -1.560773E-14   1.200000E+02  -6.111960E-01
  3.335000000000E+00   4.698164E-01   3.498046E+00   6.898279E+01  -7.841940E-18  -9.841617E-16  -1.940804E-14   1.200000E+02  -9.714909E-01
  3.340000000000E+00   4.875794E-01   3.607201E+00   6.783784E+01  -1.230095E-17  -7.401907E-16  -1.392019E-14   1.200000E+02  -1.325697E+00
  3.345000000000E+00   5.058758E-01   3.708312E+00   6.677654E+01  -1.523402E-17  -4.499923E-16  -8.103129E-15   1.200000E+02  -1.653782E+00
  3.350000000000E+00   5.246184E-01   3.781607E+00   6.590206E+01  -1.665738E-17  -1.277643E-16  -2.226548E-15   1.200000E+02  -1.923186E+00
  3.355000000000E+00   5.436083E-01   3.802727E+00   6.530322E+01  -1.681933E-17   1.390210E-16   2.387371E-15   1.200000E+02  -2.105406E+00
  3.360000000000E+00   5.625252E-01   3.749004E+00   6.496994E+01  -1.549804E-17   2.785225E-16   4.826772E-15   1.200000E+02  -2.201801E+00
  3.365000000000E+00   5.809587E-01   3.608534E+00   6.481192E+01  -1.439411E-17   1.788360E-16   3.212026E-15   1.200000E+02  -2.238401E+00
  3.370000000000E+00   5.984746E-01   3.383588E+00   6.474416E+01  -1.337567E-17   1.817796E-16   3.478310E-15   1.200000E+02  -2.240203E+00
  3.375000000000E+00   6.146814E-01   3.088262E+00   6.471837E+01  -1.275842E-17   1.056059E-16   2.213103E-15   1.200000E+02  -2.221539E+00
  3.380000000000E+00   6.292799E-01   2.744767E+00   6.471202E+01  -1.249284E-17  -7.908756E-17  -1.864608E-15   1.200000E+02  -2.189313E+00
  3.385000000000E+00   6.420952E-01   2.380138E+00   6.471496E+01  -1.376461E-17  -3.756900E-16  -1.021485E-14   1.200000E+02  -2.147158E+00
  3.390000000000E+00   6.530938E-01   2.023299E+00   6.472295E+01  -1.578069E-17  -3.902914E-16  -1.248496E-14   1.200000E+02  -2.097720E+00
  3.395000000000E+00   6.623857E-01   1.702246E+00   6.473620E+01  -1.763144E-17  -3.628303E-16  -1.379839E-14   1.200000E+02  -2.043699E+00
  3.400000000000E+00   6.702128E-01   1.441297E+00   6.476019E+01  -1.866324E-17  -2.036378E-17  -9.149829E-16   1.200000E+02  -1.988284E+00
  3.405000000000E+00   6.769243E-01   1.258594E+00   6.480591E+01  -1.802492E-17   2.202398E-16   1.134031E-14   1.200000E+02  -1.935250E+00
  3.410000000000E+00   6.829407E-01   1.164278E+00   6.488517E+01  -1.659207E-17   2.984295E-16   1.663146E-14   1.200000E+02  -1.888793E+00
  3.415000000000E+00   6.887116E-01   1.159973E+00   6.499987E+01  -1.481963E-17   3.956247E-16   2.216909E-14   1.200000E+02  -1.853127E+00
  3.420000000000E+00   6.946753E-01   1.239728E+00   6.513391E+01  -1.279381E-17   4.605599E-16   2.419730E-14   1.200000E+02  -1.831955E+00
  3.425000000000E+00   7.012246E-01   1.391660E+00   6.525841E+01  -1.014902E-17   5.755945E-16   2.699107E-14   1.200000E+02  -1.827876E+00
  3.430000000000E+00   7.086813E-01   1.599354E+00   6.534574E+01  -7.307575E-18   6.292920E-16   2.571135E-14   1.200000E+02  -1.841814E+00
  3.435000000000E+00   7.172756E-01   1.842866E+00   6.537990E+01  -3.904802E-18   7.354531E-16   2.609189E-14   1.200000E+02  -1.872544E+00
  3.440000000000E+00   7.271314E-01   2.099706E+00   6.535948E+01  -7.641224E-19   5.346931E-16   1.664388E-14   1.200000E+02  -1.916479E+00
  3.445000000000E+00   7.382560E-01   2.346144E+00   6.529533E+01   1.427649E-18   3.507914E-16   9.762847E-15   1.200000E+02  -1.967956E+00
  3.450000000000E+00   7.505387E-01   2.558893E+00   6.520547E+01   2.031175E-18  -4.248932E-17  -1.082709E-15   1.200000E+02  -2.020190E+00
  3.455000000000E+00   7.637574E-01   2.717119E+00   6.510886E+01   8.707784E-19  -4.176803E-16  -1.000865E-14   1.200000E+02  -2.066697E+00
  3.460000000000E+00   7.775962E-01   2.804516E+00   6.502020E+01  -1.459429E-18  -5.098312E-16  -1.181998E-14   1.200000E+02  -2.102603E+00
  3.465000000000E+00   7.916728E-01   2.811092E+00   6.494748E+01  -3.998207E-18  -5.570841E-16  -1.287087E-14   1.200000E+02  -2.125212E+00
  3.470000000000E+00   8.055733E-01   2.734293E+00   6.489269E+01  -6.878118E-18  -5.746630E-16  -1.363842E-14   1.200000E+02  -2.133717E+00
  3.475000000000E+00   8.188902E-01   2.579304E+00   6.485396E+01  -9.019134E-18  -2.764749E-16  -6.951679E-15   1.200000E+02  -2.128503E+00
  3.480000000000E+00   8.312607E-01   2.358519E+00   6.482760E+01  -9.779410E-18  -7.150323E-17  -1.965378E-15   1.200000E+02  -2.110546E+00
  3.485000000000E+00   8.423993E-01   2.090306E+00   6.480931E+01  -1.025657E-17  -2.666404E-17  -8.267105E-16   1.200000E+02  -2.081107E+00
  3.490000000000E+00   8.521238E-01   1.797228E+00   6.479499E+01  -9.786385E-18   1.727068E-16   6.226554E-15   1.200000E+02  -2.041688E+00
  3.495000000000E+00   8.603712E-01   1.503920E+00   6.478166E+01  -8.964044E-18   1.902464E-16   8.194901E-15   1.200000E+02  -1.994124E+00
  3.500000000000E+00   8.672018E-01   1.234767E+00   6.476937E+01  -7.798769E-18   3.178247E-16   1.667141E-14   1.200000E+02  -1.940736E+00
  3.505000000000E+00   8.727925E-01   1.011465E+00   6.476452E+01  -5.801772E-18   4.212193E-16   2.697084E-14   1.200000E+02  -1.884443E+00
  3.510000000000E+00   8.774169E-01   8.506212E-01   6.478287E+01  -3.685748E-18   3.850904E-16   2.932829E-14   1.200000E+02  -1.828765E+00
  3.515000000000E+00   8.814145E-01   7.617980E-01   6.484648E+01  -1.918989E-18   3.231842E-16   2.751038E-14   1.200000E+02  -1.777651E+00
  3.520000000000E+00   8.851535E-01   7.469083E-01   6.496853E+01  -6.606349E-19   2.291720E-16   1.993413E-14   1.200000E+02  -1.735125E+00
  3.525000000000E+00   8.889950E-01   8.015397E-01   6.513666E+01   2.619140E-19   1.329758E-16   1.080620E-14   1.200000E+02  -1.704859E+00
  3.530000000000E+00   8.932667E-01   9.172150E-01   6.531607E+01   1.228260E-18   1.773935E-16   1.263242E-14   1.200000E+02  -1.689779E+00
  3.535000000000E+00   8.982473E-01   1.082906E+00   6.546901E+01   2.013486E-18   1.028067E-16   6.215363E-15   1.200000E+02  -1.691735E+00
  3.540000000000E+00   9.041549E-01   1.285454E+00   6.556923E+01   2.501873E-18   1.450358E-16   7.398077E-15   1.200000E+02  -1.711153E+00
  3.545000000000E+00   9.111366E-01   1.509633E+00   6.560566E+01   3.269582E-18   2.237872E-16   9.725349E-15   1.200000E+02  -1.746707E+00
  3.550000000000E+00   9.192587E-01   1.738446E+00   6.558065E+01   3.970631E-18   4.258877E-17   1.606606E-15   1.200000E+02  -1.795112E+00
  3.555000000000E+00   9.284996E-01   1.953848E+00   6.550663E+01   3.702446E-18  -1.336081E-16  -4.479476E-15   1.200000E+02  -1.851256E+00
  3.560000000000E+00   9.387469E-01   2.137877E+00   6.540214E+01   3.191151E-18  -5.411914E-17  -1.655618E-15   1.200000E+02  -1.908829E+00
  3.565000000000E+00   9.498018E-01   2.274159E+00   6.528702E+01   2.499714E-18  -2.232412E-16  -6.408852E-15   1.200000E+02  -1.961442E+00
  3.570000000000E+00   9.613909E-01   2.349621E+00   6.517769E+01   1.165649E-18  -3.193217E-16  -8.857876E-15   1.200000E+02  -2.003865E+00
  3.575000000000E+00   9.731873E-01   2.356134E+00   6.508430E+01  -9.367538E-19  -5.119839E-16  -1.414271E-14   1.200000E+02  -2.032832E+00
  3.580000000000E+00   9.848383E-01   2.291732E+00   6.501045E+01  -4.355393E-18  -8.039897E-16  -2.280709E-14   1.200000E+02  -2.047082E+00
  3.585000000000E+00   9.959982E-01   2.161093E+00   6.495489E+01  -8.866494E-18  -9.126806E-16  -2.743199E-14   1.200000E+02  -2.046843E+00
  3.590000000000E+00   1.006361E+00   1.975220E+00   6.491381E+01  -1.376810E-17  -1.083355E-15  -3.560349E-14   1.200000E+02  -2.033196E+00
  3.595000000000E+00   1.015688E+00   1.750371E+00   6.488247E+01  -1.894471E-17  -9.981186E-16  -3.699809E-14   1.200000E+02  -2.007658E+00
  3.600000000000E+00   1.023834E+00   1.506388E+00   6.485650E+01  -2.412268E-17  -1.026518E-15  -4.419604E-14   1.200000E+02  -1.972026E+00
  3.605000000000E+00   1.030755E+00   1.264619E+00   6.483319E+01  -2.836768E-17  -6.936823E-16  -3.556298E-14   1.200000E+02  -1.928404E+00
  3.610000000000E+00   1.036516E+00   1.045639E+00   6.481352E+01  -3.139799E-17  -4.651346E-16  -2.883118E-14   1.200000E+02  -1.879287E+00
  3.615000000000E+00   1.041276E+00   8.669277E-01   6.480497E+01  -3.288963E-17  -1.576350E-16  -1.178360E-14   1.200000E+02  -1.827600E+00
  3.620000000000E+00   1.045270E+00   7.407849E-01   6.482297E+01  -3.317002E-17   3.620868E-17   3.168469E-15   1.200000E+02  -1.776642E+00
  3.625000000000E+00   1.048778E+00   6.729791E-01   6.488590E+01  -3.234235E-17   2.788798E-16   2.688846E-14   1.200000E+02  -1.729870E+00
  3.630000000000E+00   1.052093E+00   6.628420E-01   6.500162E+01  -3.034758E-17   5.103410E-16   5.004661E-14   1.200000E+02  -1.690576E+00
  3.635000000000E+00   1.055490E+00   7.049491E-01   6.515695E+01  -2.696972E-17   8.301714E-16   7.673098E-14   1.200000E+02  -1.661561E+00
  3.640000000000E+00   1.059213E+00   7.913100E-01   6.532310E+01  -2.233226E-17   1.046010E-15   8.634870E-14   1.200000E+02  -1.644911E+00
  3.645000000000E+00   1.063460E+00   9.128333E-01   6.547042E+01  -1.652314E-17   1.270567E-15   9.112788E-14   1.200000E+02  -1.641842E+00
  3.650000000000E+00   1.068382E+00   1.059892E+00   6.557816E+01  -9.805935E-18   1.382060E-15   8.551149E-14   1.200000E+02  -1.652594E+00
  3.655000000000E+00   1.074083E+00   1.222481E+00   6.563649E+01  -3.428759E-18   1.178670E-15   6.328423E-14   1.200000E+02  -1.676324E+00
  3.660000000000E+00   1.080615E+00   1.390326E+00   6.564483E+01   1.738998E-18   8.862946E-16   4.184677E-14   1.200000E+02  -1.711057E+00
  3.665000000000E+00   1.087978E+00   1.553075E+00   6.560952E+01   4.764611E-18   4.006569E-16   1.692572E-14   1.200000E+02  -1.753757E+00
  3.670000000000E+00   1.096122E+00   1.700568E+00   6.554142E+01   5.366948E-18  -2.159512E-16  -8.322955E-15   1.200000E+02  -1.800564E+00
  3.675000000000E+00   1.104944E+00   1.823232E+00   6.545353E+01   3.190751E-18  -7.085327E-16  -2.543612E-14   1.200000E+02  -1.847237E+00
  3.680000000000E+00   1.114301E+00   1.912597E+00   6.535857E+01  -1.669768E-18  -1.159900E-15  -3.963688E-14   1.200000E+02  -1.889731E+00
  3.685000000000E+00   1.124006E+00   1.961927E+00   6.526691E+01  -7.027674E-18  -1.042449E-15  -3.467886E-14   1.200000E+02  -1.924747E+00
  3.690000000000E+00   1.133849E+00   1.966896E+00   6.518538E+01  -1.189789E-17  -8.457787E-16  -2.803015E-14   1.200000E+02  -1.950070E+00
  3.695000000000E+00   1.143602E+00   1.926172E+00   6.511709E+01  -1.613941E-17  -8.925586E-16  -3.017427E-14   1.200000E+02  -1.964605E+00
  3.700000000000E+00   1.153040E+00   1.841787E+00   6.506224E+01  -1.951611E-17  -4.714346E-16  -1.665371E-14   1.200000E+02  -1.968180E+00
  3.705000000000E+00   1.161958E+00   1.719232E+00   6.501909E+01  -2.177290E-17  -2.912971E-16  -1.101647E-14   1.200000E+02  -1.961257E+00
  3.710000000000E+00   1.170185E+00   1.567213E+00   6.498508E+01  -2.219801E-17   9.933593E-17   4.119002E-15   1.200000E+02  -1.944710E+00
  3.715000000000E+00   1.177601E+00   1.397080E+00   6.495767E+01  -2.157735E-17   1.022415E-16   4.753748E-15   1.200000E+02  -1.919706E+00
  3.720000000000E+00   1.184148E+00   1.221916E+00   6.493524E+01  -2.058967E-17   1.939548E-16   1.030718E-14   1.200000E+02  -1.887684E+00
  3.725000000000E+00   1.189834E+00   1.055333E+00   6.491821E+01  -1.946126E-17   1.627181E-16   1.000951E-14   1.200000E+02  -1.850384E+00
  3.730000000000E+00   1.194736E+00   9.100673E-01   6.491038E+01  -1.915790E-17   5.108894E-17   3.643909E-15   1.200000E+02  -1.809868E+00
  3.735000000000E+00   1.198986E+00   7.965129E-01   6.491962E+01  -1.898040E-17   3.807835E-17   3.103568E-15   1.200000E+02  -1.768495E+00
  3.740000000000E+00   1.202763E+00   7.215016E-01   6.495626E+01  -1.868478E-17   4.631372E-17   4.169590E-15   1.200000E+02  -1.728808E+00
  3.745000000000E+00   1.206267E+00   6.877092E-01   6.502777E+01  -1.845225E-17   5.128201E-17   4.849076E-15   1.200000E+02  -1.693352E+00
  3.750000000000E+00   1.209704E+00   6.939661E-01   6.513231E+01  -1.820038E-17   5.964718E-17   5.598197E-15   1.200000E+02  -1.664444E+00
  3.755000000000E+00   1.213265E+00   7.362800E-01   6.525699E+01  -1.788550E-17   1.117379E-16   9.903408E-15   1.200000E+02  -1.643980E+00
  3.760000000000E+00   1.217116E+00   8.089864E-01   6.538284E+01  -1.720985E-17   1.424022E-16   1.150905E-14   1.200000E+02  -1.633288E+00
  3.765000000000E+00   1.221393E+00   9.055812E-01   6.549195E+01  -1.599611E-17   2.950374E-16   2.133721E-14   1.200000E+02  -1.633040E+00
  3.770000000000E+00   1.226199E+00   1.019191E+00   6.557175E+01  -1.477683E-17   2.010210E-16   1.293310E-14   1.200000E+02  -1.643192E+00
  3.775000000000E+00   1.231601E+00   1.142833E+00   6.561612E+01  -1.379264E-17   1.030102E-16   5.914364E-15   1.200000E+02  -1.662962E+00
  3.780000000000E+00   1.237632E+00   1.269568E+00   6.562463E+01  -1.356894E-17   2.704883E-17   1.398168E-15   1.200000E+02  -1.690844E+00
  3.785000000000E+00   1.244290E+00   1.392596E+00   6.560117E+01  -1.368956E-17  -4.163276E-17  -1.961199E-15   1.200000E+02  -1.724698E+00
  3.790000000000E+00   1.251541E+00   1.505298E+00   6.555252E+01  -1.456401E-17  -2.808696E-16  -1.223127E-14   1.200000E+02  -1.761903E+00
  3.795000000000E+00   1.259317E+00   1.601295E+00   6.548688E+01  -1.590324E-17  -3.452266E-16  -1.411845E-14   1.200000E+02  -1.799598E+00
  3.800000000000E+00   1.267518E+00   1.674558E+00   6.541257E+01  -1.785686E-17  -4.148725E-16  -1.620599E-14   1.200000E+02  -1.834963E+00
  3.805000000000E+00   1.276017E+00   1.719649E+00   6.533682E+01  -2.002226E-17  -4.342508E-16  -1.649904E-14   1.200000E+02  -1.865500E+00
  3.810000000000E+00   1.284662E+00   1.732113E+00   6.526506E+01  -2.191504E-17  -2.929416E-16  -1.103787E-14   1.200000E+02  -1.889233E+00
  3.815000000000E+00   1.293281E+00   1.709003E+00   6.520055E+01  -2.314258E-17  -1.483748E-16  -5.660681E-15   1.200000E+02  -1.904800E+00
  3.820000000000E+00   1.301694E+00   1.649465E+00   6.514452E+01  -2.365182E-17   6.905737E-17   2.727375E-15   1.200000E+02  -1.911432E+00
  3.825000000000E+00   1.309720E+00   1.555286E+00   6.509659E+01  -2.256099E-17   3.016166E-16   1.262418E-14   1.200000E+02  -1.908866E+00
  3.830000000000E+00   1.317199E+00   1.431264E+00   6.505528E+01  -2.015613E-17   7.207371E-16   3.275968E-14   1.200000E+02  -1.897265E+00
  3.835000000000E+00   1.323998E+00   1.285280E+00   6.501864E+01  -1.622028E-17   8.806842E-16   4.455131E-14   1.200000E+02  -1.877166E+00
  3.840000000000E+00   1.330033E+00   1.127936E+00   6.498506E+01  -1.121268E-17   1.113156E-15   6.413353E-14   1.200000E+02  -1.849486E+00
  3.845000000000E+00   1.335279E+00   9.717249E-01   6.495445E+01  -5.643375E-18   1.155400E-15   7.723213E-14   1.200000E+02  -1.815558E+00
  3.850000000000E+00   1.339773E+00   8.297086E-01   6.493007E+01  -6.033666E-20   9.796603E-16   7.666476E-14   1.200000E+02  -1.777166E+00
  3.855000000000E+00   1.343618E+00   7.138364E-01   6.492035E+01   3.391645E-18   5.316568E-16   4.835190E-14   1.200000E+02  -1.736543E+00
  3.860000000000E+00   1.346968E+00   6.331885E-01   6.493878E+01   5.298135E-18   1.219008E-16   1.250195E-14   1.200000E+02  -1.696275E+00
  3.865000000000E+00   1.350014E+00   5.926829E-01   6.499858E+01   5.061376E-18  -2.084326E-16  -2.285847E-14   1.200000E+02  -1.659100E+00
  3.870000000000E+00   1.352960E+00   5.928376E-01   6.510311E+01   2.995801E-18  -6.604131E-16  -7.252399E-14   1.200000E+02  -1.627649E+00
  3.875000000000E+00   1.356003E+00   6.306476E-01   6.524026E+01  -1.049733E-18  -9.073533E-16  -9.386536E-14   1.200000E+02  -1.604188E+00
  3.880000000000E+00   1.359319E+00   7.008793E-01   6.538723E+01  -6.084234E-18  -1.027570E-15  -9.586520E-14   1.200000E+02  -1.590433E+00
  3.885000000000E+00   1.363053E+00   7.970468E-01   6.552062E+01  -1.155976E-17  -1.111456E-15  -9.136640E-14   1.200000E+02  -1.587431E+00
  3.890000000000E+00   1.367319E+00   9.119463E-01   6.562326E+01  -1.698433E-17  -1.056429E-15  -7.602017E-14   1.200000E+02  -1.595466E+00
  3.895000000000E+00   1.372191E+00   1.037985E+00   6.568606E+01  -2.155344E-17  -7.539052E-16  -4.770882E-14   1.200000E+02  -1.614006E+00
  3.900000000000E+00   1.377704E+00   1.167473E+00   6.570715E+01  -2.397232E-17  -8.944148E-17  -5.033902E-15   1.200000E+02  -1.641684E+00
  3.905000000000E+00   1.383859E+00   1.292886E+00   6.569011E+01  -2.280863E-17   5.982208E-16   3.039495E-14   1.200000E+02  -1.676364E+00
  3.910000000000E+00   1.390615E+00   1.407076E+00   6.564227E+01  -1.761741E-17   1.406149E-15   6.559900E-14   1.200000E+02  -1.715298E+00
  3.915000000000E+00   1.397901E+00   1.503413E+00   6.557293E+01  -9.076733E-18   1.883430E-15   8.214779E-14   1.200000E+02  -1.755385E+00
  3.920000000000E+00   1.405611E+00   1.575887E+00   6.549176E+01   4.219549E-19   1.803322E-15   7.494365E-14   1.200000E+02  -1.793495E+00
  3.925000000000E+00   1.413613E+00   1.619269E+00   6.540739E+01   8.244587E-18   1.344321E-15   5.430136E-14   1.200000E+02  -1.826804E+00
  3.930000000000E+00   1.421751E+00   1.629365E+00   6.532634E+01   1.332602E-17   5.392455E-16   2.162005E-14   1.200000E+02  -1.853046E+00
  3.935000000000E+00   1.429849E+00   1.603422E+00   6.525260E+01   1.282435E-17  -6.428417E-16  -2.616098E-14   1.200000E+02  -1.870638E+00
  3.940000000000E+00   1.437726E+00   1.540648E+00   6.518764E+01   7.773612E-18  -1.387283E-15  -5.869850E-14   1.200000E+02  -1.878668E+00
  3.945000000000E+00   1.445199E+00   1.442756E+00   6.513085E+01  -2.730625E-20  -1.650481E-15  -7.450821E-14   1.200000E+02  -1.876790E+00
  3.950000000000E+00   1.452104E+00   1.314427E+00   6.508011E+01  -7.909292E-18  -1.373865E-15  -6.802301E-14   1.200000E+02  -1.865120E+00
  3.955000000000E+00   1.458307E+00   1.163525E+00   6.503251E+01  -1.399577E-17  -9.818392E-16  -5.487763E-14   1.200000E+02  -1.844170E+00
  3.960000000000E+00   1.463721E+00   1.000932E+00   6.498521E+01  -1.752772E-17  -4.299020E-16  -2.791127E-14   1.200000E+02  -1.814853E+00
  3.965000000000E+00   1.468319E+00   8.398554E-01   6.493716E+01  -1.800171E-17   1.735432E-16   1.341826E-14   1.200000E+02  -1.778545E+00
  3.970000000000E+00   1.472144E+00   6.945166E-01   6.489199E+01  -1.635296E-17   4.842300E-16   4.524391E-14   1.200000E+02  -1.737154E+00
  3.975000000000E+00   1.475311E+00   5.782215E-01   6.486198E+01  -1.351350E-17   6.950737E-16   7.796986E-14   1.200000E+02  -1.693147E+00
  3.980000000000E+00   1.477990E+00   5.010875E-01   6.486941E+01  -9.742971E-18   7.764489E-16   1.005169E-13   1.200000E+02  -1.649450E+00
  3.985000000000E+00   1.480393E+00   4.682415E-01   6.493778E+01  -6.077908E-18   6.400503E-16   8.876497E-14   1.200000E+02  -1.609203E+00
  3.990000000000E+00   1.482743E+00   4.796170E-01   6.507285E+01  -2.817836E-18   6.300245E-16   8.547964E-14   1.200000E+02  -1.575415E+00
  3.995000000000E+00   1.485254E+00   5.314288E-01   6.525336E+01   1.876743E-19   6.047278E-16   7.425363E-14   1.200000E+02  -1.550677E+00
  4.000000000000E+00   1.488113E+00   6.178504E-01   6.544346E+01   2.505602E-18   3.248219E-16   3.440553E-14   1.200000E+02  -1.536967E+00
  4.005000000000E+00   1.491476E+00   7.317832E-01   6.561069E+01   3.218378E-18  -6.226633E-17  -5.582714E-15   1.200000E+02  -1.535532E+00
  4.010000000000E+00   1.495462E+00   8.650085E-01   6.573406E+01   2.085329E-18  -3.562583E-16  -2.707291E-14   1.200000E+02  -1.546751E+00
  4.015000000000E+00   1.500143E+00   1.008362E+00   6.580417E+01  -6.924344E-19  -7.006288E-16  -4.572197E-14   1.200000E+02  -1.570003E+00
  4.020000000000E+00   1.505546E+00   1.152157E+00   6.582078E+01  -5.104665E-18  -1.071351E-15  -6.120449E-14   1.200000E+02  -1.603591E+00
  4.025000000000E+00   1.511649E+00   1.286774E+00   6.579026E+01  -1.105757E-17  -1.096502E-15  -5.606203E-14   1.200000E+02  -1.644788E+00
  4.030000000000E+00   1.518385E+00   1.403256E+00   6.572335E+01  -1.573558E-17  -7.577223E-16  -3.548892E-14   1.200000E+02  -1.690058E+00
  4.035000000000E+00   1.525640E+00   1.493809E+00   6.563290E+01  -1.842772E-17  -2.187782E-16  -9.612371E-15   1.200000E+02  -1.735443E+00
  4.040000000000E+00   1.533271E+00   1.552170E+00   6.553166E+01  -1.755131E-17   4.175668E-16   1.762942E-14   1.200000E+02  -1.777071E+00
  4.045000000000E+00   1.541103E+00   1.573879E+00   6.543035E+01  -1.462666E-17   8.029042E-16   3.337886E-14   1.200000E+02  -1.811648E+00
  4.050000000000E+00   1.548947E+00   1.556510E+00   6.533630E+01  -9.891187E-18   1.005346E-15   4.220055E-14   1.200000E+02  -1.836800E+00
  4.055000000000E+00   1.556605E+00   1.499882E+00   6.525310E+01  -5.030510E-18   9.455074E-16   4.113476E-14   1.200000E+02  -1.851161E+00
  4.060000000000E+00   1.563887E+00   1.406285E+00   6.518098E+01   3.199626E-20   1.074471E-15   4.980147E-14   1.200000E+02  -1.854256E+00
  4.065000000000E+00   1.570617E+00   1.280670E+00   6.511762E+01   5.146409E-18   9.335932E-16   4.746996E-14   1.200000E+02  -1.846274E+00
  4.070000000000E+00   1.576654E+00   1.130763E+00   6.505912E+01   9.376584E-18   6.413882E-16   3.690266E-14   1.200000E+02  -1.827875E+00
  4.075000000000E+00   1.581902E+00   9.669949E-01   6.500103E+01   1.188719E-17   4.328310E-16   2.909473E-14   1.200000E+02  -1.800096E+00
  4.080000000000E+00   1.586322E+00   8.021094E-01   6.494004E+01   1.351050E-17   2.945394E-16   2.384637E-14   1.200000E+02  -1.764362E+00
  4.085000000000E+00   1.589944E+00   6.502486E-01   6.487710E+01   1.477281E-17   2.371854E-16   2.366464E-14   1.200000E+02  -1.722575E+00
  4.090000000000E+00   1.592868E+00   5.253485E-01   6.482285E+01   1.573386E-17   1.986149E-16   2.450713E-14   1.200000E+02  -1.677183E+00
  4.095000000000E+00   1.595259E+00   4.388273E-01   6.480271E+01   1.665748E-17   1.606064E-16   2.371714E-14   1.200000E+02  -1.631155E+00
  4.100000000000E+00   1.597329E+00   3.972376E-01   6.485095E+01   1.735985E-17   7.676481E-17   1.253223E-14   1.200000E+02  -1.587776E+00
  4.105000000000E+00   1.599305E+00   4.014737E-01   6.498543E+01   1.744091E-17  -8.252527E-17  -1.335814E-14   1.200000E+02  -1.550289E+00
  4.110000000000E+00   1.601412E+00   4.483378E-01   6.518666E+01   1.645112E-17  -2.930115E-16  -4.260279E-14   1.200000E+02  -1.521566E+00
  4.115000000000E+00   1.603849E+00   5.326477E-01   6.541057E+01   1.443401E-17  -5.259866E-16  -6.459258E-14   1.200000E+02  -1.503924E+00
  4.120000000000E+00   1.606788E+00   6.479429E-01   6.561495E+01   1.087531E-17  -8.548152E-16  -8.656419E-14   1.200000E+02  -1.499016E+00
  4.125000000000E+00   1.610365E+00   7.861587E-01   6.577190E+01   5.702917E-18  -1.281493E-15  -1.072127E-13   1.200000E+02  -1.507664E+00
  4.130000000000E+00   1.614670E+00   9.374017E-01   6.586796E+01  -1.407816E-18  -1.556187E-15  -1.093479E-13   1.200000E+02  -1.529635E+00
  4.135000000000E+00   1.619742E+00   1.090307E+00   6.590091E+01  -8.647103E-18  -1.222721E-15  -7.390437E-14   1.200000E+02  -1.563447E+00
  4.140000000000E+00   1.625557E+00   1.232904E+00   6.587679E+01  -1.296186E-17  -5.971323E-16  -3.190611E-14   1.200000E+02  -1.606308E+00
  4.145000000000E+00   1.632036E+00   1.353743E+00   6.580745E+01  -1.462654E-17   1.029423E-16   5.004177E-15   1.200000E+02  -1.654293E+00
  4.150000000000E+00   1.639044E+00   1.443041E+00   6.570798E+01  -1.194289E-17   8.209121E-16   3.737972E-14   1.200000E+02  -1.702787E+00
  4.155000000000E+00   1.646404E+00   1.493645E+00   6.559398E+01  -6.718219E-18   1.260070E-15   5.533646E-14   1.200000E+02  -1.747148E+00
  4.160000000000E+00   1.653912E+00   1.501689E+00   6.547887E+01   4.535141E-19   1.468101E-15   6.401433E-14   1.200000E+02  -1.783420E+00
  4.165000000000E+00   1.661352E+00   1.466896E+00   6.537200E+01   6.799558E-18   9.791152E-16   4.363412E-14   1.200000E+02  -1.808863E+00
  4.170000000000E+00   1.668517E+00   1.392503E+00   6.527806E+01   1.059108E-17   4.362414E-16   2.045021E-14   1.200000E+02  -1.822128E+00
  4.175000000000E+00   1.675224E+00   1.284868E+00   6.519759E+01   1.146030E-17  -8.742016E-17  -4.435930E-15   1.200000E+02  -1.823104E+00
  4.180000000000E+00   1.681327E+00   1.152825E+00   6.512837E+01   8.681681E-18  -9.246655E-16  -5.223859E-14   1.200000E+02  -1.812584E+00
  4.185000000000E+00   1.686730E+00   1.006908E+00   6.506690E+01   3.313497E-18  -1.188111E-15  -7.677637E-14   1.200000E+02  -1.791941E+00
  4.190000000000E+00   1.691392E+00   8.585209E-01   6.501010E+01  -2.280808E-18  -9.916825E-16  -7.509354E-14   1.200000E+02  -1.762912E+00
  4.195000000000E+00   1.695329E+00   7.191039E-01   6.495739E+01  -6.515887E-18  -6.333085E-16  -5.720740E-14   1.200000E+02  -1.727502E+00
  4.200000000000E+00   1.698614E+00   5.992353E-01   6.491345E+01  -8.755891E-18  -2.799375E-16  -3.032484E-14   1.200000E+02  -1.687957E+00
  4.205000000000E+00   1.701367E+00   5.076188E-01   6.489081E+01  -9.509094E-18   1.123471E-16   1.436175E-14   1.200000E+02  -1.646747E+00
  4.210000000000E+00   1.703745E+00   4.500621E-01   6.490877E+01  -7.674626E-18   5.768286E-16   8.319127E-14   1.200000E+02  -1.606485E+00
  4.215000000000E+00   1.705926E+00   4.289172E-01   6.498428E+01  -4.288048E-18   7.249881E-16   1.098413E-13   1.200000E+02  -1.569782E+00
  4.220000000000E+00   1.708092E+00   4.434999E-01   6.511824E+01  -2.551695E-19   9.484192E-16   1.392546E-13   1.200000E+02  -1.539058E+00
  4.225000000000E+00   1.710414E+00   4.912162E-01   6.529143E+01   5.056610E-18   1.174079E-15   1.560562E-13   1.200000E+02  -1.516412E+00
  4.230000000000E+00   1.713051E+00   5.683855E-01   6.547420E+01   1.100254E-17   1.154910E-15   1.330379E-13   1.200000E+02  -1.503538E+00
  4.235000000000E+00   1.716138E+00   6.702436E-01   6.563876E+01   1.668184E-17   1.036527E-15   1.015099E-13   1.200000E+02  -1.501632E+00
  4.240000000000E+00   1.719783E+00   7.905091E-01   6.576534E+01   2.047248E-17   5.328975E-16   4.433369E-14   1.200000E+02  -1.511241E+00
  4.245000000000E+00   1.724060E+00   9.210963E-01   6.584308E+01   2.181252E-17  -5.972245E-17  -4.269163E-15   1.200000E+02  -1.532058E+00
  4.250000000000E+00   1.728995E+00   1.052292E+00   6.586915E+01   1.972163E-17  -8.662582E-16  -5.422422E-14   1.200000E+02  -1.562751E+00
  4.255000000000E+00   1.734566E+00   1.173432E+00   6.584732E+01   1.275392E-17  -1.804051E-15  -1.012346E-13   1.200000E+02  -1.600884E+00
  4.260000000000E+00   1.740696E+00   1.273972E+00   6.578641E+01   2.787998E-18  -2.157186E-15  -1.113946E-13   1.200000E+02  -1.643056E+00
  4.265000000000E+00   1.747258E+00   1.344728E+00   6.569839E+01  -8.135212E-18  -2.107896E-15  -1.029840E-13   1.200000E+02  -1.685251E+00
  4.270000000000E+00   1.754085E+00   1.379082E+00   6.559608E+01  -1.799696E-17  -1.859659E-15  -8.845474E-14   1.200000E+02  -1.723410E+00
  4.275000000000E+00   1.760986E+00   1.373906E+00   6.549091E+01  -2.671055E-17  -1.571071E-15  -7.488927E-14   1.200000E+02  -1.754039E+00
  4.280000000000E+00   1.767762E+00   1.330044E+00   6.539125E+01  -3.357006E-17  -1.071096E-15  -5.266016E-14   1.200000E+02  -1.774702E+00
  4.285000000000E+00   1.774232E+00   1.252241E+00   6.530182E+01  -3.675147E-17  -2.079958E-16  -1.084655E-14   1.200000E+02  -1.784222E+00
  4.290000000000E+00   1.780243E+00   1.148545E+00   6.522416E+01  -3.645272E-17   3.681246E-16   2.090525E-14   1.200000E+02  -1.782618E+00
  4.295000000000E+00   1.785692E+00   1.029237E+00   6.515788E+01  -3.305889E-17   9.789664E-16   6.197539E-14   1.200000E+02  -1.770851E+00
  4.300000000000E+00   1.790528E+00   9.055156E-01   6.510230E+01  -2.730670E-17   1.308725E-15   9.409115E-14   1.200000E+02  -1.750535E+00
  4.305000000000E+00   1.794757E+00   7.881154E-01   6.505799E+01  -2.053604E-17   1.310831E-15   1.082075E-13   1.200000E+02  -1.723695E+00
  4.310000000000E+00   1.798434E+00   6.861100E-01   6.502813E+01  -1.455730E-17   1.022163E-15   9.687858E-14   1.200000E+02  -1.692569E+00
  4.315000000000E+00   1.801654E+00   6.060575E-01   6.501881E+01  -9.995386E-18   8.048656E-16   8.634726E-14   1.200000E+02  -1.659460E+00
  4.320000000000E+00   1.804536E+00   5.516376E-01   6.503744E+01  -6.727126E-18   4.068242E-16   4.796410E-14   1.200000E+02  -1.626602E+00
  4.325000000000E+00   1.807213E+00   5.238543E-01   6.508917E+01  -5.049489E-18   2.665665E-16   3.312102E-14   1.200000E+02  -1.596037E+00
  4.330000000000E+00   1.809816E+00   5.217245E-01   6.517314E+01  -3.972262E-18   1.616770E-16   2.019647E-14   1.200000E+02  -1.569533E+00
  4.335000000000E+00   1.812468E+00   5.431502E-01   6.528138E+01  -3.808178E-18  -5.532232E-17  -6.649206E-15   1.200000E+02  -1.548540E+00
  4.340000000000E+00   1.815281E+00   5.855791E-01   6.540117E+01  -5.013332E-18  -4.289906E-16  -4.791238E-14   1.200000E+02  -1.534190E+00
  4.345000000000E+00   1.818353E+00   6.462322E-01   6.551864E+01  -7.747799E-18  -7.345985E-16  -7.447772E-14   1.200000E+02  -1.527297E+00
  4.350000000000E+00   1.821767E+00   7.219456E-01   6.562154E+01  -1.207786E-17  -8.756459E-16  -7.959219E-14   1.200000E+02  -1.528340E+00
  4.355000000000E+00   1.825590E+00   8.088343E-01   6.570063E+01  -1.641883E-17  -9.907158E-16  -8.047464E-14   1.200000E+02  -1.537393E+00
  4.360000000000E+00   1.829866E+00   9.020020E-01   6.575009E+01  -2.174188E-17  -1.136120E-15  -8.281576E-14   1.200000E+02  -1.554039E+00
  4.365000000000E+00   1.834611E+00   9.954692E-01   6.576770E+01  -2.804187E-17  -1.207965E-15  -7.980668E-14   1.200000E+02  -1.577275E+00
  4.370000000000E+00   1.839810E+00   1.082411E+00   6.575459E+01  -3.436627E-17  -1.162464E-15  -7.061770E-14   1.200000E+02  -1.605471E+00
  4.375000000000E+00   1.845413E+00   1.155713E+00   6.571488E+01  -3.854684E-17  -5.262319E-16  -2.992202E-14   1.200000E+02  -1.636421E+00
  4.380000000000E+00   1.851335E+00   1.208773E+00   6.565485E+01  -3.855896E-17   6.218609E-16   3.377656E-14   1.200000E+02  -1.667522E+00
  4.385000000000E+00   1.857460E+00   1.236394E+00   6.558189E+01  -3.330241E-17   1.440471E-15   7.640674E-14   1.200000E+02  -1.696068E+00
  4.390000000000E+00   1.863653E+00   1.235604E+00   6.550327E+01  -2.424127E-17   2.187048E-15   1.159424E-13   1.200000E+02  -1.719594E+00
  4.395000000000E+00   1.869770E+00   1.206213E+00   6.542511E+01  -1.226384E-17   2.413513E-15   1.309092E-13   1.200000E+02  -1.736197E+00
  4.400000000000E+00   1.875674E+00   1.150988E+00   6.535178E+01  -6.471299E-19   2.259643E-15   1.282999E-13   1.200000E+02  -1.744744E+00
  4.405000000000E+00   1.881247E+00   1.075375E+00   6.528596E+01   9.528166E-18   1.825173E-15   1.108062E-13   1.200000E+02  -1.744921E+00
  4.410000000000E+00   1.886406E+00   9.868034E-01   6.522913E+01   1.740982E-17   1.179682E-15   7.797869E-14   1.200000E+02  -1.737172E+00
  4.415000000000E+00   1.891108E+00   8.936918E-01   6.518248E+01   2.215979E-17   6.917678E-16   5.045491E-14   1.200000E+02  -1.722548E+00
  4.420000000000E+00   1.895349E+00   8.043255E-01   6.514770E+01   2.452107E-17   2.145196E-16   1.737538E-14   1.200000E+02  -1.702534E+00
  4.425000000000E+00   1.899169E+00   7.258269E-01   6.512755E+01   2.416341E-17  -3.199916E-16  -2.871246E-14   1.200000E+02  -1.678877E+00
  4.430000000000E+00   1.902634E+00   6.634091E-01   6.512563E+01   2.170116E-17  -6.252510E-16  -6.137972E-14   1.200000E+02  -1.653421E+00
  4.435000000000E+00   1.905833E+00   6.200579E-01   6.514515E+01   1.814569E-17  -7.894787E-16  -8.294502E-14   1.200000E+02  -1.627968E+00
  4.440000000000E+00   1.908866E+00   5.966774E-01   6.518722E+01   1.398870E-17  -9.228322E-16  -1.008197E-13   1.200000E+02  -1.604154E+00
  4.445000000000E+00   1.911831E+00   5.925976E-01   6.524954E+01   9.610338E-18  -7.502347E-16  -8.260660E-14   1.200000E+02  -1.583370E+00
  4.450000000000E+00   1.914821E+00   6.062137E-01   6.532652E+01   6.138248E-18  -5.962049E-16  -6.424795E-14   1.200000E+02  -1.566731E+00
  4.455000000000E+00   1.917918E+00   6.355164E-01   6.541051E+01   3.339966E-18  -5.699617E-16  -5.866330E-14   1.200000E+02  -1.555069E+00
  4.460000000000E+00   1.921197E+00   6.783624E-01   6.549342E+01   6.200975E-19  -4.874744E-16  -4.706388E-14   1.200000E+02  -1.548951E+00
  4.465000000000E+00   1.924720E+00   7.324770E-01   6.556797E+01  -1.922274E-18  -5.724359E-16  -5.124183E-14   1.200000E+02  -1.548689E+00
  4.470000000000E+00   1.928536E+00   7.952720E-01   6.562826E+01  -4.944489E-18  -7.039256E-16  -5.809007E-14   1.200000E+02  -1.554323E+00
  4.475000000000E+00   1.932682E+00   8.636113E-01   6.567006E+01  -8.524522E-18  -7.001356E-16  -5.323917E-14   1.200000E+02  -1.565583E+00
  4.480000000000E+00   1.937175E+00   9.336507E-01   6.569100E+01  -1.242750E-17  -8.728671E-16  -6.141431E-14   1.200000E+02  -1.581846E+00
  4.485000000000E+00   1.942014E+00   1.000853E+00   6.569059E+01  -1.701087E-17  -7.267099E-16  -4.769732E-14   1.200000E+02  -1.602094E+00
  4.490000000000E+00   1.947171E+00   1.060229E+00   6.567023E+01  -1.986674E-17  -2.366248E-16  -1.465647E-14   1.200000E+02  -1.624921E+00
  4.495000000000E+00   1.952595E+00   1.106791E+00   6.563295E+01  -1.916469E-17   6.391889E-16   3.790403E-14   1.200000E+02  -1.648609E+00
  4.500000000000E+00   1.958211E+00   1.136161E+00   6.558297E+01  -1.324098E-17   1.614469E-15   9.319250E-14   1.200000E+02  -1.671265E+00
  4.505000000000E+00   1.963924E+00   1.145194E+00   6.552504E+01  -3.230232E-18   2.368425E-15   1.355151E-13   1.200000E+02  -1.691028E+00
  4.510000000000E+00   1.969628E+00   1.132521E+00   6.546378E+01   1.001992E-17   2.860962E-15   1.653739E-13   1.200000E+02  -1.706283E+00
  4.515000000000E+00   1.975216E+00   1.098849E+00   6.540310E+01   2.501483E-17   3.143983E-15   1.871286E-13   1.200000E+02  -1.715842E+00
  4.520000000000E+00   1.980588E+00   1.046981E+00   6.534601E+01   4.063925E-17   3.064183E-15   1.912471E-13   1.200000E+02  -1.719061E+00
  4.525000000000E+00   1.985664E+00   9.815049E-01   6.529463E+01   5.472413E-17   2.468115E-15   1.641914E-13   1.200000E+02  -1.715860E+00
  4.530000000000E+00   1.990390E+00   9.082268E-01   6.525056E+01   6.428224E-17   1.275358E-15   9.162672E-14   1.200000E+02  -1.706685E+00
  4.535000000000E+00   1.994744E+00   8.334432E-01   6.521541E+01   6.774984E-17   1.785021E-16   1.396746E-14   1.200000E+02  -1.692408E+00
  4.540000000000E+00   1.998732E+00   7.631874E-01   6.519119E+01   6.605992E-17  -9.852020E-16  -8.415560E-14   1.200000E+02  -1.674216E+00
  4.545000000000E+00   2.002391E+00   7.025903E-01   6.518048E+01   5.921248E-17  -1.665210E-15  -1.544843E-13   1.200000E+02  -1.653494E+00
  4.550000000000E+00   2.005779E+00   6.554618E-01   6.518608E+01   4.988457E-17  -2.069939E-15  -2.058567E-13   1.200000E+02  -1.631703E+00
  4.555000000000E+00   2.008971E+00   6.241496E-01   6.521008E+01   3.923164E-17  -2.072618E-15  -2.165436E-13   1.200000E+02  -1.610289E+00
  4.560000000000E+00   2.012048E+00   6.096575E-01   6.525282E+01   2.962615E-17  -1.782790E-15  -1.908155E-13   1.200000E+02  -1.590599E+00
  4.565000000000E+00   2.015094E+00   6.119326E-01   6.531201E+01   2.191957E-17  -1.373949E-15  -1.466426E-13   1.200000E+02  -1.573826E+00
  4.570000000000E+00   2.018193E+00   6.301770E-01   6.538283E+01   1.668487E-17  -7.760875E-16  -8.052150E-14   1.200000E+02  -1.560972E+00
  4.575000000000E+00   2.021420E+00   6.630568E-01   6.545864E+01   1.434889E-17  -1.513537E-16  -1.494202E-14   1.200000E+02  -1.552834E+00
  4.580000000000E+00   2.024844E+00   7.087449E-01   6.553210E+01   1.469019E-17   2.685555E-16   2.483123E-14   1.200000E+02  -1.549972E+00
  4.585000000000E+00   2.028524E+00   7.648244E-01   6.559624E+01   1.710830E-17   6.470230E-16   5.549283E-14   1.200000E+02  -1.552677E+00
  4.590000000000E+00   2.032504E+00   8.281425E-01   6.564528E+01   2.036165E-17   5.855635E-16   4.641650E-14   1.200000E+02  -1.560915E+00
  4.595000000000E+00   2.036811E+00   8.947249E-01   6.567524E+01   2.340748E-17   3.554158E-16   2.608848E-14   1.200000E+02  -1.574268E+00
  4.600000000000E+00   2.041449E+00   9.598491E-01   6.568426E+01   2.457721E-17  -6.661783E-18  -4.558782E-16   1.200000E+02  -1.591891E+00
  4.605000000000E+00   2.046398E+00   1.018326E+00   6.567267E+01   2.308656E-17  -7.361227E-16  -4.747314E-14   1.200000E+02  -1.612508E+00
  4.610000000000E+00   2.051613E+00   1.064984E+00   6.564281E+01   1.592114E-17  -2.026555E-15  -1.249116E-13   1.200000E+02  -1.634485E+00
  4.615000000000E+00   2.057022E+00   1.095282E+00   6.559852E+01   4.290956E-18  -2.538388E-15  -1.520289E-13   1.200000E+02  -1.655963E+00
  4.620000000000E+00   2.062534E+00   1.105952E+00   6.554449E+01  -8.837081E-18  -2.655783E-15  -1.573956E-13   1.200000E+02  -1.675068E+00
  4.625000000000E+00   2.068048E+00   1.095527E+00   6.548546E+01  -2.061625E-17  -1.860912E-15  -1.112366E-13   1.200000E+02  -1.690129E+00
  4.630000000000E+00   2.073457E+00   1.064638E+00   6.542566E+01  -2.727226E-17  -8.359481E-16  -5.137189E-14   1.200000E+02  -1.699882E+00
  4.635000000000E+00   2.078665E+00   1.016018E+00   6.536848E+01  -2.897279E-17   9.071688E-17   5.836536E-15   1.200000E+02  -1.703594E+00
  4.640000000000E+00   2.083596E+00   9.541771E-01   6.531644E+01  -2.706713E-17   7.868244E-16   5.386062E-14   1.200000E+02  -1.701107E+00
  4.645000000000E+00   2.088195E+00   8.848224E-01   6.527153E+01  -2.090860E-17   1.586633E-15   1.170427E-13   1.200000E+02  -1.692804E+00
  4.650000000000E+00   2.092442E+00   8.141200E-01   6.523565E+01  -1.167514E-17   1.980529E-15   1.587003E-13   1.200000E+02  -1.679512E+00
  4.655000000000E+00   2.096344E+00   7.479466E-01   6.521104E+01  -2.044654E-18   1.886943E-15   1.645165E-13   1.200000E+02  -1.662388E+00
  4.660000000000E+00   2.099937E+00   6.912654E-01   6.520036E+01   6.030393E-18   1.268291E-15   1.196256E-13   1.200000E+02  -1.642792E+00
  4.665000000000E+00   2.103278E+00   6.477338E-01   6.520630E+01   1.097108E-17   6.976836E-16   7.023468E-14   1.200000E+02  -1.622168E+00
  4.670000000000E+00   2.106439E+00   6.195912E-01   6.523073E+01   1.244137E-17  -4.844594E-17  -5.100402E-15   1.200000E+02  -1.601942E+00
  4.675000000000E+00   2.109500E+00   6.077979E-01   6.527363E+01   1.073863E-17  -5.832309E-16  -6.263529E-14   1.200000E+02  -1.583439E+00
  4.680000000000E+00   2.112543E+00   6.123201E-01   6.533248E+01   7.015288E-18  -8.405410E-16  -8.968288E-14   1.200000E+02  -1.567836E+00
  4.685000000000E+00   2.115648E+00   6.324174E-01   6.540232E+01   3.790289E-18  -4.641745E-16  -4.800325E-14   1.200000E+02  -1.556122E+00
  4.690000000000E+00   2.118890E+00   6.668082E-01   6.547650E+01   2.134931E-18  -1.677813E-16  -1.647510E-14   1.200000E+02  -1.549083E+00
  4.695000000000E+00   2.122336E+00   7.136633E-01   6.554771E+01   1.760589E-18   1.647844E-16   1.513493E-14   1.200000E+02  -1.547266E+00
  4.700000000000E+00   2.126042E+00   7.704665E-01   6.560905E+01   3.563908E-18   4.788644E-16   4.077768E-14   1.200000E+02  -1.550942E+00
  4.705000000000E+00   2.130051E+00   8.338406E-01   6.565478E+01   7.554649E-18   1.112161E-15   8.756912E-14   1.200000E+02  -1.560036E+00
  4.710000000000E+00   2.134384E+00   8.994654E-01   6.568099E+01   1.432543E-17   1.527612E-15   1.115497E-13   1.200000E+02  -1.574064E+00
  4.715000000000E+00   2.139041E+00   9.621889E-01   6.568596E+01   2.279231E-17   1.676906E-15   1.144777E-13   1.200000E+02  -1.592083E+00
  4.720000000000E+00   2.143993E+00   1.016390E+00   6.567022E+01   2.991985E-17   1.194301E-15   7.716524E-14   1.200000E+02  -1.612697E+00
  4.725000000000E+00   2.149183E+00   1.056579E+00   6.563634E+01   3.328133E-17   4.124000E-16   2.561894E-14   1.200000E+02  -1.634141E+00
  4.730000000000E+00   2.154529E+00   1.078144E+00   6.558841E+01   3.297516E-17  -4.303875E-16  -2.618243E-14   1.200000E+02  -1.654449E+00
  4.735000000000E+00   2.159929E+00   1.078120E+00   6.553124E+01   2.937083E-17  -1.050306E-15  -6.384062E-14   1.200000E+02  -1.671683E+00
  4.740000000000E+00   2.165274E+00   1.055789E+00   6.546968E+01   2.148088E-17  -2.087133E-15  -1.294235E-13   1.200000E+02  -1.684190E+00
  4.745000000000E+00   2.170454E+00   1.012989E+00   6.540799E+01   9.352691E-18  -2.755686E-15  -1.779326E-13   1.200000E+02  -1.690812E+00
  4.750000000000E+00   2.175378E+00   9.540057E-01   6.534972E+01  -4.560573E-18  -2.583945E-15  -1.770011E-13   1.200000E+02  -1.691019E+00
  4.755000000000E+00   2.179978E+00   8.850482E-01   6.529784E+01  -1.470908E-17  -1.426587E-15  -1.052520E-13   1.200000E+02  -1.684940E+00
  4.760000000000E+00   2.184224E+00   8.133733E-01   6.525533E+01  -1.812683E-17  -9.402882E-17  -7.543747E-15   1.200000E+02  -1.673311E+00
  4.765000000000E+00   2.188119E+00   7.462194E-01   6.522553E+01  -1.677756E-17   6.710893E-16   5.865857E-14   1.200000E+02  -1.657349E+00
  4.770000000000E+00   2.191703E+00   6.897713E-01   6.521221E+01  -1.154770E-17   1.454255E-15   1.374878E-13   1.200000E+02  -1.638591E+00
  4.775000000000E+00   2.195041E+00   6.483877E-01   6.521871E+01  -3.916634E-18   1.485912E-15   1.494619E-13   1.200000E+02  -1.618720E+00
  4.780000000000E+00   2.198215E+00   6.242644E-01   6.524642E+01   3.828331E-18   1.612181E-15   1.685008E-13   1.200000E+02  -1.599384E+00
  4.785000000000E+00   2.201312E+00   6.175761E-01   6.529355E+01   1.128594E-17   1.333827E-15   1.410195E-13   1.200000E+02  -1.582051E+00
  4.790000000000E+00   2.204417E+00   6.269659E-01   6.535492E+01   1.729434E-17   9.744109E-16   1.015726E-13   1.200000E+02  -1.567911E+00
  4.795000000000E+00   2.207604E+00   6.501560E-01   6.542325E+01   2.161822E-17   6.979421E-16   7.023182E-14   1.200000E+02  -1.557820E+00
  4.800000000000E+00   2.210936E+00   6.844626E-01   6.549093E+01   2.373311E-17   1.902495E-16   1.820350E-14   1.200000E+02  -1.552296E+00
  4.805000000000E+00   2.214462E+00   7.271052E-01   6.555146E+01   2.343352E-17  -4.570040E-16  -4.120075E-14   1.200000E+02  -1.551538E+00
  4.810000000000E+00   2.218216E+00   7.753013E-01   6.560009E+01   1.950772E-17  -9.546659E-16  -8.077656E-14   1.200000E+02  -1.555453E+00
  4.815000000000E+00   2.222219E+00   8.262032E-01   6.563388E+01   1.504172E-17  -8.876230E-16  -7.051308E-14   1.200000E+02  -1.563676E+00
  4.820000000000E+00   2.226477E+00   8.767708E-01   6.565143E+01   1.015176E-17  -7.794244E-16  -5.836226E-14   1.200000E+02  -1.575580E+00
  4.825000000000E+00   2.230981E+00   9.236818E-01   6.565271E+01   6.958663E-18  -5.466889E-16  -3.885711E-14   1.200000E+02  -1.590286E+00
  4.830000000000E+00   2.235703E+00   9.633712E-01   6.563874E+01   5.079630E-18  -1.576335E-16  -1.074027E-14   1.200000E+02  -1.606680E+00
  4.835000000000E+00   2.240597E+00   9.922554E-01   6.561148E+01   4.929066E-18   1.158256E-16   7.658806E-15   1.200000E+02  -1.623454E+00
  4.840000000000E+00   2.245603E+00   1.007141E+00   6.557359E+01   6.203989E-18   2.588112E-16   1.685085E-14   1.200000E+02  -1.639194E+00
  4.845000000000E+00   2.250643E+00   1.005757E+00   6.552815E+01   7.178327E-18   1.713051E-16   1.116106E-14   1.200000E+02  -1.652500E+00
  4.850000000000E+00   2.255633E+00   9.872955E-01   6.547841E+01   8.104765E-18   6.097168E-17   4.043702E-15   1.200000E+02  -1.662137E+00
  4.855000000000E+00   2.260490E+00   9.528227E-01   6.542755E+01   6.258588E-18  -7.190515E-16  -4.937517E-14   1.200000E+02  -1.667186E+00
  4.860000000000E+00   2.265140E+00   9.054141E-01   6.537863E+01   2.726292E-18  -9.559212E-16  -6.902567E-14   1.200000E+02  -1.667164E+00
  4.865000000000E+00   2.269531E+00   8.499344E-01   6.533472E+01  -1.938938E-18  -9.030271E-16  -6.941597E-14   1.200000E+02  -1.662098E+00
  4.870000000000E+00   2.273636E+00   7.924407E-01   6.529921E+01  -6.586961E-18  -8.221064E-16  -6.774374E-14   1.200000E+02  -1.652528E+00
  4.875000000000E+00   2.277462E+00   7.392943E-01   6.527593E+01  -1.101030E-17  -8.785635E-16  -7.757268E-14   1.200000E+02  -1.639451E+00
  4.880000000000E+00   2.281045E+00   6.961617E-01   6.526876E+01  -1.416518E-17  -4.125849E-16  -3.868197E-14   1.200000E+02  -1.624208E+00
  4.885000000000E+00   2.284447E+00   6.671413E-01   6.528057E+01  -1.586496E-17  -2.458471E-16  -2.405643E-14   1.200000E+02  -1.608319E+00
  4.890000000000E+00   2.287743E+00   6.542370E-01   6.531160E+01  -1.673288E-17  -1.400021E-16  -1.397622E-14   1.200000E+02  -1.593305E+00
  4.895000000000E+00   2.291015E+00   6.572863E-01   6.535847E+01  -1.704747E-17   8.479747E-17   8.431992E-15   1.200000E+02  -1.580515E+00
  4.900000000000E+00   2.294338E+00   6.742874E-01   6.541459E+01  -1.616213E-17   2.634329E-16   2.555640E-14   1.200000E+02  -1.570982E+00
  4.905000000000E+00   2.297775E+00   7.019649E-01   6.547194E+01  -1.380747E-17   6.403341E-16   5.972367E-14   1.200000E+02  -1.565332E+00
  4.910000000000E+00   2.301368E+00   7.364020E-01   6.552314E+01  -9.438902E-18   9.752829E-16   8.677815E-14   1.200000E+02  -1.563759E+00
  4.915000000000E+00   2.305143E+00   7.736220E-01   6.556290E+01  -4.772913E-18   1.092697E-15   9.260384E-14   1.200000E+02  -1.566041E+00
  4.920000000000E+00   2.309103E+00   8.100486E-01   6.558858E+01   6.182438E-19   9.196511E-16   7.446295E-14   1.200000E+02  -1.571618E+00
  4.925000000000E+00   2.313238E+00   8.428048E-01   6.559988E+01   3.337183E-18   3.584425E-16   2.789945E-14   1.200000E+02  -1.579688E+00
  4.930000000000E+00   2.317522E+00   8.698391E-01   6.559825E+01   3.732053E-18  -1.854575E-16  -1.398613E-14   1.200000E+02  -1.589321E+00
  4.935000000000E+00   2.321925E+00   8.898956E-01   6.558614E+01   1.888671E-18  -5.708575E-16  -4.207273E-14   1.200000E+02  -1.599573E+00
  4.940000000000E+00   2.326409E+00   9.023811E-01   6.556637E+01  -1.080445E-18  -6.519332E-16  -4.736900E-14   1.200000E+02  -1.609569E+00
  4.945000000000E+00   2.330936E+00   9.071969E-01   6.554167E+01  -4.330895E-18  -6.499304E-16  -4.695510E-14   1.200000E+02  -1.618561E+00
  4.950000000000E+00   2.335469E+00   9.046016E-01   6.551438E+01  -6.263013E-18  -2.819599E-16  -2.042052E-14   1.200000E+02  -1.625961E+00
  4.955000000000E+00   2.339971E+00   8.951475E-01   6.548645E+01  -7.300006E-18  -8.863290E-17  -6.484131E-15   1.200000E+02  -1.631345E+00
  4.960000000000E+00   2.344411E+00   8.796954E-01   6.545941E+01  -7.168782E-18   1.436145E-16   1.068656E-14   1.200000E+02  -1.634456E+00
  4.965000000000E+00   2.348761E+00   8.594766E-01   6.543462E+01  -6.829890E-18  -6.331831E-17  -4.820619E-15   1.200000E+02  -1.635202E+00
  4.970000000000E+00   2.353001E+00   8.361433E-01   6.541332E+01  -6.983932E-18  -1.179385E-16  -9.226590E-15   1.200000E+02  -1.633655E+00
  4.975000000000E+00   2.357120E+00   8.117479E-01   6.539684E+01  -8.798396E-18  -5.364026E-16  -4.321420E-14   1.200000E+02  -1.630055E+00
  4.980000000000E+00   2.361120E+00   7.886066E-01   6.538649E+01  -1.129190E-17  -5.838503E-16  -4.840934E-14   1.200000E+02  -1.624802E+00
  4.985000000000E+00   2.365012E+00   7.690445E-01   6.538346E+01  -1.494812E-17  -8.582405E-16  -7.296682E-14   1.200000E+02  -1.618442E+00
  4.990000000000E+00   2.368820E+00   7.550629E-01   6.538845E+01  -1.941310E-17  -1.051660E-15  -9.107379E-14   1.200000E+02  -1.611624E+00
  4.995000000000E+00   2.372574E+00   7.480053E-01   6.540128E+01  -2.593807E-17  -1.429672E-15  -1.250023E-13   1.200000E+02  -1.605036E+00
  5.000000000000E+00   2.376312E+00   7.483070E-01   6.542059E+01  -3.309118E-17  -1.309067E-15  -1.144450E-13   1.200000E+02  -1.599331E+00
  5.005000000000E+00   2.380068E+00   7.553960E-01   6.544387E+01  -3.849213E-17  -8.397290E-16  -7.275007E-14   1.200000E+02  -1.595038E+00
  5.010000000000E+00   2.383874E+00   7.677763E-01   6.546790E+01  -4.074516E-17  -1.605512E-16  -1.369012E-14   1.200000E+02  -1.592497E+00
  5.015000000000E+00   2.387751E+00   7.832806E-01   6.548938E+01  -4.020008E-17   4.506248E-16   3.767633E-14   1.200000E+02  -1.591809E+00
  5.020000000000E+00   2.391708E+00   7.994481E-01   6.550561E+01  -3.631391E-17   1.035362E-15   8.483607E-14   1.200000E+02  -1.592828E+00
  5.025000000000E+00   2.395743E+00   8.139549E-01   6.551503E+01  -3.037481E-17   1.199164E-15   9.652040E-14   1.200000E+02  -1.595194E+00
  5.030000000000E+00   2.399842E+00   8.250131E-01   6.551734E+01  -2.375533E-17   1.490111E-15   1.183352E-13   1.200000E+02  -1.598404E+00
  5.035000000000E+00   2.403986E+00   8.316582E-01   6.551344E+01  -1.637857E-17   1.627959E-15   1.282416E-13   1.200000E+02  -1.601905E+00
  5.040000000000E+00   2.408151E+00   8.338635E-01   6.550506E+01  -8.003704E-18   1.798918E-15   1.413159E-13   1.200000E+02  -1.605197E+00
  5.045000000000E+00   2.412318E+00   8.324587E-01   6.549445E+01   1.974658E-18   2.135211E-15   1.679897E-13   1.200000E+02  -1.607911E+00
  5.050000000000E+00   2.416472E+00   8.288761E-01   6.548383E+01   1.332487E-17   2.184525E-15   1.725844E-13   1.200000E+02  -1.609864E+00
  5.055000000000E+00   2.420606E+00   8.247880E-01   6.547510E+01   2.285532E-17   1.582465E-15   1.256227E-13   1.200000E+02  -1.611065E+00
  5.060000000000E+00   2.424722E+00   8.217245E-01   6.546948E+01   2.962741E-17   9.143215E-16   7.284698E-14   1.200000E+02  -1.611684E+00
  5.065000000000E+00   2.428827E+00   8.207605E-01   6.546735E+01   3.299165E-17   4.387778E-16   3.499878E-14   1.200000E+02  -1.611986E+00
  5.070000000000E+00   2.432934E+00   8.223377E-01   6.546826E+01   3.364393E-17  -1.130633E-16  -9.001235E-15   1.200000E+02  -1.612266E+00
  5.075000000000E+00   2.437054E+00   8.262465E-01   6.547114E+01   3.169092E-17  -6.924176E-16  -5.486664E-14   1.200000E+02  -1.612772E+00
  5.080000000000E+00   2.441199E+00   8.317498E-01   6.547458E+01   2.828993E-17  -5.807417E-16  -4.571545E-14   1.200000E+02  -1.613656E+00
  5.085000000000E+00   2.445373E+00   8.378015E-01   6.547723E+01   2.475566E-17  -8.028514E-16  -6.274576E-14   1.200000E+02  -1.614954E+00
  5.090000000000E+00   2.449576E+00   8.432915E-01   6.547809E+01   2.011973E-17  -9.201011E-16  -7.144204E-14   1.200000E+02  -1.616586E+00
  5.095000000000E+00   2.453803E+00   8.472601E-01   6.547665E+01   1.601748E-17  -7.719457E-16  -5.965632E-14   1.200000E+02  -1.618381E+00
  5.100000000000E+00   2.458045E+00   8.490343E-01   6.547288E+01   1.265475E-17  -6.305281E-16  -4.862288E-14   1.200000E+02  -1.620122E+00
  5.105000000000E+00   2.462289E+00   8.482752E-01   6.546718E+01   9.660095E-18  -6.335792E-16  -4.889763E-14   1.200000E+02  -1.621582E+00
  5.110000000000E+00   2.466523E+00   8.449443E-01   6.546016E+01   6.853392E-18  -6.262853E-16  -4.852005E-14   1.200000E+02  -1.622562E+00
  5.115000000000E+00   2.470735E+00   8.392267E-01   6.545250E+01   3.581113E-18  -7.940018E-16  -6.192534E-14   1.200000E+02  -1.622906E+00
  5.120000000000E+00   2.474912E+00   8.314490E-01   6.544485E+01  -4.088038E-19  -8.142091E-16  -6.408787E-14   1.200000E+02  -1.622518E+00
  5.125000000000E+00   2.479047E+00   8.220306E-01   6.543777E+01  -4.774335E-18  -9.203134E-16  -7.326157E-14   1.200000E+02  -1.621355E+00
  5.130000000000E+00   2.483131E+00   8.114827E-01   6.543177E+01  -9.814466E-18  -1.138840E-15  -9.182738E-14   1.200000E+02  -1.619425E+00
  5.135000000000E+00   2.487161E+00   8.004479E-01   6.542735E+01  -1.623978E-17  -1.458989E-15  -1.192555E-13   1.200000E+02  -1.616794E+00
  5.140000000000E+00   2.491136E+00   7.897514E-01   6.542509E+01  -2.404315E-17  -1.654115E-15  -1.370313E-13   1.200000E+02  -1.613580E+00
  5.145000000000E+00   2.495060E+00   7.804238E-01   6.542564E+01  -3.223348E-17  -1.556321E-15  -1.304718E-13   1.200000E+02  -1.609973E+00
  5.150000000000E+00   2.498944E+00   7.736591E-01   6.542969E+01  -3.943144E-17  -1.249065E-15  -1.056356E-13   1.200000E+02  -1.606232E+00
  5.155000000000E+00   2.502803E+00   7.706917E-01   6.543773E+01  -4.369476E-17  -4.960138E-16  -4.211544E-14   1.200000E+02  -1.602693E+00
  5.160000000000E+00   2.506659E+00   7.725994E-01   6.544989E+01  -4.469541E-17   1.518886E-16   1.286707E-14   1.200000E+02  -1.599744E+00
  5.165000000000E+00   2.510538E+00   7.800689E-01   6.546559E+01  -4.178932E-17   9.937102E-16   8.339497E-14   1.200000E+02  -1.597793E+00
  5.170000000000E+00   2.514469E+00   7.931748E-01   6.548349E+01  -3.632081E-17   1.300333E-15   1.073538E-13   1.200000E+02  -1.597218E+00
  5.175000000000E+00   2.518478E+00   8.112273E-01   6.550152E+01  -2.926563E-17   1.466230E-15   1.183889E-13   1.200000E+02  -1.598298E+00
  5.180000000000E+00   2.522587E+00   8.327345E-01   6.551717E+01  -2.274042E-17   1.303096E-15   1.025238E-13   1.200000E+02  -1.601154E+00
  5.185000000000E+00   2.526807E+00   8.555044E-01   6.552801E+01  -1.590990E-17   1.527462E-15   1.169971E-13   1.200000E+02  -1.605695E+00
  5.190000000000E+00   2.531139E+00   8.768873E-01   6.553213E+01  -8.211534E-18   1.404438E-15   1.049574E-13   1.200000E+02  -1.611599E+00
  5.195000000000E+00   2.535569E+00   8.941312E-01   6.552853E+01  -8.837569E-19   1.518247E-15   1.112683E-13   1.200000E+02  -1.618323E+00
  5.200000000000E+00   2.540070E+00   9.047968E-01   6.551723E+01   5.525046E-18   1.117102E-15   8.089045E-14   1.200000E+02  -1.625163E+00
  5.205000000000E+00   2.544604E+00   9.071586E-01   6.549927E+01   1.155618E-17   1.225953E-15   8.851705E-14   1.200000E+02  -1.631337E+00
  5.210000000000E+00   2.549127E+00   9.005164E-01   6.547642E+01   1.666114E-17   1.007528E-15   7.325718E-14   1.200000E+02  -1.636100E+00
  5.215000000000E+00   2.553596E+00   8.853513E-01   6.545100E+01   2.158938E-17   1.013046E-15   7.489105E-14   1.200000E+02  -1.638848E+00
  5.220000000000E+00   2.557970E+00   8.632873E-01   6.542557E+01   2.641168E-17   8.124686E-16   6.157419E-14   1.200000E+02  -1.639212E+00
  5.225000000000E+00   2.562221E+00   8.368628E-01   6.540270E+01   2.985907E-17   5.782157E-16   4.518885E-14   1.200000E+02  -1.637107E+00
  5.230000000000E+00   2.566336E+00   8.091499E-01   6.538486E+01   3.364248E-17   7.979938E-16   6.448337E-14   1.200000E+02  -1.632739E+00
  5.235000000000E+00   2.570316E+00   7.832996E-01   6.537414E+01   3.676247E-17   4.453025E-16   3.716492E-14   1.200000E+02  -1.626572E+00
  5.240000000000E+00   2.574177E+00   7.621018E-01   6.537203E+01   3.783443E-17  -2.257370E-17  -1.936340E-15   1.200000E+02  -1.619265E+00
  5.245000000000E+00   2.577948E+00   7.476436E-01   6.537913E+01   3.812821E-17  -3.083100E-18  -2.696076E-16   1.200000E+02  -1.611578E+00
  5.250000000000E+00   2.581666E+00   7.411203E-01   6.539488E+01   3.729822E-17  -4.834611E-16  -4.265958E-14   1.200000E+02  -1.604289E+00
  5.255000000000E+00   2.585372E+00   7.428080E-01   6.541757E+01   3.301352E-17  -9.930853E-16  -8.745897E-14   1.200000E+02  -1.598104E+00
  5.260000000000E+00   2.589106E+00   7.521672E-01   6.544454E+01   2.655595E-17  -1.546728E-15  -1.345776E-13   1.200000E+02  -1.593596E+00
  5.265000000000E+00   2.592904E+00   7.680214E-01   6.547265E+01   1.900413E-17  -1.420544E-15  -1.210992E-13   1.200000E+02  -1.591157E+00
  5.270000000000E+00   2.596794E+00   7.887541E-01   6.549882E+01   1.229788E-17  -1.106376E-15  -9.187444E-14   1.200000E+02  -1.590978E+00
  5.275000000000E+00   2.600797E+00   8.124853E-01   6.552042E+01   7.609387E-18  -6.673193E-16  -5.381394E-14   1.200000E+02  -1.593046E+00
  5.280000000000E+00   2.604921E+00   8.372090E-01   6.553558E+01   6.697282E-18   2.762591E-16   2.162518E-14   1.200000E+02  -1.597154E+00
  5.285000000000E+00   2.609167E+00   8.608960E-01   6.554323E+01   8.734518E-18   8.075356E-16   6.148070E-14   1.200000E+02  -1.602924E+00
  5.290000000000E+00   2.613525E+00   8.815818E-01   6.554309E+01   1.441774E-17   1.277781E-15   9.499938E-14   1.200000E+02  -1.609840E+00
  5.295000000000E+00   2.617975E+00   8.974601E-01   6.553554E+01   2.149331E-17   1.532506E-15   1.119088E-13   1.200000E+02  -1.617285E+00
  5.300000000000E+00   2.622489E+00   9.069994E-01   6.552149E+01   2.780459E-17   8.521179E-16   6.155686E-14   1.200000E+02  -1.624584E+00
  5.305000000000E+00   2.627033E+00   9.090898E-01   6.550222E+01   2.959809E-17  -2.001318E-16  -1.442000E-14   1.200000E+02  -1.631062E+00
  5.310000000000E+00   2.631567E+00   9.032025E-01   6.547929E+01   2.541660E-17  -1.380027E-15  -1.000475E-13   1.200000E+02  -1.636096E+00
  5.315000000000E+00   2.636053E+00   8.895372E-01   6.545444E+01   1.669184E-17  -2.016143E-15  -1.483530E-13   1.200000E+02  -1.639178E+00
  5.320000000000E+00   2.640452E+00   8.691123E-01   6.542951E+01   5.094768E-18  -2.578685E-15  -1.941315E-13   1.200000E+02  -1.639971E+00
  5.325000000000E+00   2.644736E+00   8.437600E-01   6.540647E+01  -8.356900E-18  -2.825714E-15  -2.190433E-13   1.200000E+02  -1.638348E+00
  5.330000000000E+00   2.648886E+00   8.159965E-01   6.538737E+01  -2.245849E-17  -2.718097E-15  -2.178064E-13   1.200000E+02  -1.634421E+00
  5.335000000000E+00   2.652897E+00   7.887641E-01   6.537428E+01  -3.480976E-17  -2.107869E-15  -1.747042E-13   1.200000E+02  -1.628542E+00
  5.340000000000E+00   2.656779E+00   7.650723E-01   6.536909E+01  -4.270471E-17  -8.765565E-16  -7.489449E-14   1.200000E+02  -1.621277E+00
  5.345000000000E+00   2.660557E+00   7.475973E-01   6.537318E+01  -4.383448E-17   6.227207E-16   5.445342E-14   1.200000E+02  -1.613355E+00
  5.350000000000E+00   2.664268E+00   7.383128E-01   6.538693E+01  -3.743263E-17   1.857038E-15   1.644642E-13   1.200000E+02  -1.605588E+00
  5.355000000000E+00   2.667955E+00   7.382237E-01   6.540936E+01  -2.641540E-17   2.588605E-15   2.293600E-13   1.200000E+02  -1.598790E+00
  5.360000000000E+00   2.671665E+00   7.472452E-01   6.543797E+01  -1.186336E-17   3.148303E-15   2.757041E-13   1.200000E+02  -1.593677E+00
  5.365000000000E+00   2.675441E+00   7.642360E-01   6.546915E+01   4.408993E-18   3.234999E-15   2.771298E-13   1.200000E+02  -1.590784E+00
  5.370000000000E+00   2.679317E+00   7.871655E-01   6.549879E+01   2.009413E-17   2.821867E-15   2.348031E-13   1.200000E+02  -1.590403E+00
  5.375000000000E+00   2.683317E+00   8.133795E-01   6.552314E+01   3.134709E-17   1.763180E-15   1.420359E-13   1.200000E+02  -1.592544E+00
  5.380000000000E+00   2.687451E+00   8.399268E-01   6.553942E+01   3.713069E-17   6.165713E-16   4.811101E-14   1.200000E+02  -1.596932E+00
  5.385000000000E+00   2.691713E+00   8.639068E-01   6.554619E+01   3.750877E-17  -5.011260E-16  -3.802134E-14   1.200000E+02  -1.603042E+00
  5.390000000000E+00   2.696082E+00   8.827985E-01   6.554335E+01   3.304856E-17  -1.481467E-15  -1.099915E-13   1.200000E+02  -1.610161E+00
  5.395000000000E+00   2.700529E+00   8.947312E-01   6.553196E+01   2.323519E-17  -2.287521E-15  -1.675428E-13   1.200000E+02  -1.617483E+00
  5.400000000000E+00   2.705017E+00   8.986676E-01   6.551389E+01   1.195412E-17  -2.087216E-15  -1.521604E-13   1.200000E+02  -1.624205E+00
  5.405000000000E+00   2.709503E+00   8.944781E-01   6.549144E+01   1.348740E-18  -2.111482E-15  -1.545974E-13   1.200000E+02  -1.629623E+00
  5.410000000000E+00   2.713950E+00   8.829045E-01   6.546704E+01  -7.408954E-18  -1.564296E-15  -1.159920E-13   1.200000E+02  -1.633209E+00
  5.415000000000E+00   2.718323E+00   8.654272E-01   6.544305E+01  -1.315681E-17  -6.898172E-16  -5.216353E-14   1.200000E+02  -1.634657E+00
  5.420000000000E+00   2.722598E+00   8.440602E-01   6.542155E+01  -1.470241E-17   2.916102E-17   2.260217E-15   1.200000E+02  -1.633902E+00
  5.425000000000E+00   2.726761E+00   8.211068E-01   6.540436E+01  -1.157842E-17   8.492009E-16   6.764216E-14   1.200000E+02  -1.631104E+00
  5.430000000000E+00   2.730810E+00   7.989100E-01   6.539293E+01  -7.310389E-18   8.956876E-16   7.331443E-14   1.200000E+02  -1.626619E+00
  5.435000000000E+00   2.734754E+00   7.796249E-01   6.538828E+01  -2.368397E-18   7.741658E-16   6.493042E-14   1.200000E+02  -1.620945E+00
  5.440000000000E+00   2.738614E+00   7.650335E-01   6.539093E+01   2.271186E-19   1.921202E-16   1.642140E-14   1.200000E+02  -1.614676E+00
  5.445000000000E+00   2.742414E+00   7.564133E-01   6.540075E+01  -1.077732E-18  -7.356773E-16  -6.360788E-14   1.200000E+02  -1.608434E+00
  5.450000000000E+00   2.746188E+00   7.544581E-01   6.541685E+01  -7.079172E-18  -1.679933E-15  -1.456621E-13   1.200000E+02  -1.602827E+00
  5.455000000000E+00   2.749970E+00   7.592483E-01   6.543764E+01  -1.648096E-17  -1.802685E-15  -1.553687E-13   1.200000E+02  -1.598390E+00
  5.460000000000E+00   2.753791E+00   7.702602E-01   6.546089E+01  -2.605169E-17  -1.992729E-15  -1.693529E-13   1.200000E+02  -1.595547E+00
  5.465000000000E+00   2.757681E+00   7.864116E-01   6.548405E+01  -3.482324E-17  -1.483044E-15  -1.234922E-13   1.200000E+02  -1.594572E+00
  5.470000000000E+00   2.761661E+00   8.061423E-01   6.550456E+01  -4.101189E-17  -7.901783E-16  -6.420738E-14   1.200000E+02  -1.595560E+00
  5.475000000000E+00   2.765745E+00   8.275325E-01   6.552023E+01  -4.238074E-17   1.798108E-16   1.423659E-14   1.200000E+02  -1.598417E+00
  5.480000000000E+00   2.769935E+00   8.484635E-01   6.552947E+01  -3.943486E-17   9.708764E-16   7.498379E-14   1.200000E+02  -1.602863E+00
  5.485000000000E+00   2.774225E+00   8.668147E-01   6.553149E+01  -3.260448E-17   1.590204E-15   1.202200E-13   1.200000E+02  -1.608447E+00
  5.490000000000E+00   2.778596E+00   8.806847E-01   6.552634E+01  -2.343844E-17   1.958647E-15   1.457309E-13   1.200000E+02  -1.614595E+00
  5.495000000000E+00   2.783023E+00   8.886101E-01   6.551480E+01  -1.310028E-17   2.143847E-15   1.580600E-13   1.200000E+02  -1.620670E+00
  5.500000000000E+00   2.787472E+00   8.897520E-01   6.549824E+01  -3.216385E-18   1.604521E-15   1.181153E-13   1.200000E+02  -1.626038E+00
  5.505000000000E+00   2.791909E+00   8.840162E-01   6.547841E+01   2.521288E-18   7.104032E-16   5.261902E-14   1.200000E+02  -1.630144E+00
  5.510000000000E+00   2.796302E+00   8.720837E-01   6.545729E+01   3.967758E-18  -1.300348E-16  -9.760215E-15   1.200000E+02  -1.632579E+00
  5.515000000000E+00   2.800622E+00   8.553386E-01   6.543689E+01   2.329726E-18  -4.847942E-16  -3.708873E-14   1.200000E+02  -1.633120E+00
  5.520000000000E+00   2.804851E+00   8.357013E-01   6.541911E+01  -1.869133E-18  -1.148565E-15  -8.991022E-14   1.200000E+02  -1.631756E+00
  5.525000000000E+00   2.808978E+00   8.153890E-01   6.540569E+01  -7.096413E-18  -8.392344E-16  -6.731843E-14   1.200000E+02  -1.628680E+00
  5.530000000000E+00   2.813007E+00   7.966435E-01   6.539800E+01  -1.123180E-17  -8.032219E-16  -6.593803E-14   1.200000E+02  -1.624267E+00
  5.535000000000E+00   2.816950E+00   7.814676E-01   6.539693E+01  -1.411787E-17  -3.654178E-16  -3.057990E-14   1.200000E+02  -1.619020E+00
  5.540000000000E+00   2.820830E+00   7.714110E-01   6.540274E+01  -1.376434E-17   4.403584E-16   3.733502E-14   1.200000E+02  -1.613518E+00
  5.545000000000E+00   2.824674E+00   7.674312E-01   6.541490E+01  -9.184141E-18   1.408528E-15   1.200612E-13   1.200000E+02  -1.608353E+00
  5.550000000000E+00   2.828514E+00   7.698384E-01   6.543211E+01  -1.506749E-18   1.768833E-15   1.503413E-13   1.200000E+02  -1.604070E+00
  5.555000000000E+00   2.832382E+00   7.783140E-01   6.545241E+01   7.361924E-18   1.748037E-15   1.470014E-13   1.200000E+02  -1.601117E+00
  5.560000000000E+00   2.836306E+00   7.919832E-01   6.547347E+01   1.684404E-17   1.884897E-15   1.558249E-13   1.200000E+02  -1.599806E+00
  5.565000000000E+00   2.840308E+00   8.095210E-01   6.549290E+01   2.545905E-17   1.381024E-15   1.117294E-13   1.200000E+02  -1.600288E+00
  5.570000000000E+00   2.844405E+00   8.292751E-01   6.550858E+01   2.967537E-17   3.487069E-16   2.754610E-14   1.200000E+02  -1.602538E+00
  5.575000000000E+00   2.848602E+00   8.493984E-01   6.551893E+01   2.788629E-17  -1.082441E-15  -8.349487E-14   1.200000E+02  -1.606358E+00
  5.580000000000E+00   2.852896E+00   8.679899E-01   6.552302E+01   1.902079E-17  -2.523694E-15  -1.905091E-13   1.200000E+02  -1.611395E+00
  5.585000000000E+00   2.857276E+00   8.832455E-01   6.552059E+01   2.041899E-18  -4.070651E-15  -3.019675E-13   1.200000E+02  -1.617173E+00
  5.590000000000E+00   2.861721E+00   8.936162E-01   6.551204E+01  -2.028035E-17  -4.596275E-15  -3.369583E-13   1.200000E+02  -1.623130E+00
  5.595000000000E+00   2.866203E+00   8.979665E-01   6.549831E+01  -4.124925E-17  -3.903260E-15  -2.847065E-13   1.200000E+02  -1.628678E+00
  5.600000000000E+00   2.870690E+00   8.957176E-01   6.548072E+01  -5.986263E-17  -3.357046E-15  -2.454141E-13   1.200000E+02  -1.633257E+00
  5.605000000000E+00   2.875149E+00   8.869537E-01   6.546086E+01  -7.402866E-17  -2.306384E-15  -1.702207E-13   1.200000E+02  -1.636399E+00
  5.610000000000E+00   2.879550E+00   8.724657E-01   6.544049E+01  -8.208349E-17  -8.636283E-16  -6.477762E-14   1.200000E+02  -1.637775E+00
  5.615000000000E+00   2.883867E+00   8.537139E-01   6.542141E+01  -8.169419E-17   9.113681E-16   6.983954E-14   1.200000E+02  -1.637237E+00
  5.620000000000E+00   2.888084E+00   8.326967E-01   6.540543E+01  -7.251867E-17   2.580312E-15   2.026745E-13   1.200000E+02  -1.634841E+00
  5.625000000000E+00   2.892194E+00   8.117344E-01   6.539423E+01  -5.460739E-17   4.193371E-15   3.378226E-13   1.200000E+02  -1.630837E+00
  5.630000000000E+00   2.896205E+00   7.931918E-01   6.538922E+01  -3.263892E-17   4.401766E-15   3.628733E-13   1.200000E+02  -1.625656E+00
  5.635000000000E+00   2.900133E+00   7.791812E-01   6.539134E+01  -1.089754E-17   4.219324E-15   3.540990E-13   1.200000E+02  -1.619858E+00
  5.640000000000E+00   2.904007E+00   7.712956E-01   6.540074E+01   8.955907E-18   3.509641E-15   2.975942E-13   1.200000E+02  -1.614077E+00
  5.645000000000E+00   2.907858E+00   7.704146E-01   6.541665E+01   2.402489E-17   2.487224E-15   2.111926E-13   1.200000E+02  -1.608947E+00
  5.650000000000E+00   2.911722E+00   7.766106E-01   6.543731E+01   3.354527E-17   1.223189E-15   1.030661E-13   1.200000E+02  -1.605036E+00
  5.655000000000E+00   2.915634E+00   7.891628E-01   6.546018E+01   3.629314E-17   1.297412E-17   1.076189E-15   1.200000E+02  -1.602781E+00
  5.660000000000E+00   2.919622E+00   8.066640E-01   6.548238E+01   3.511393E-17  -5.439511E-16  -4.415619E-14   1.200000E+02  -1.602436E+00
  5.665000000000E+00   2.923705E+00   8.271999E-01   6.550117E+01   3.138475E-17  -7.436676E-16  -5.888672E-14   1.200000E+02  -1.604049E+00
  5.670000000000E+00   2.927895E+00   8.485722E-01   6.551438E+01   2.714160E-17  -8.182787E-16  -6.317555E-14   1.200000E+02  -1.607450E+00
  5.675000000000E+00   2.932189E+00   8.685403E-01   6.552071E+01   2.428472E-17  -5.196425E-16  -3.920065E-14   1.200000E+02  -1.612276E+00
  5.680000000000E+00   2.936575E+00   8.850558E-01   6.551978E+01   2.153620E-17  -6.756692E-16  -5.001910E-14   1.200000E+02  -1.618009E+00
  5.685000000000E+00   2.941031E+00   8.964680E-01   6.551208E+01   1.839504E-17  -6.256090E-16  -4.571824E-14   1.200000E+02  -1.624041E+00
  5.690000000000E+00   2.945530E+00   9.016812E-01   6.549875E+01   1.514762E-17  -8.137999E-16  -5.911499E-14   1.200000E+02  -1.629738E+00
  5.695000000000E+00   2.950037E+00   9.002504E-01   6.548138E+01   9.936315E-18  -1.172622E-15  -8.529282E-14   1.200000E+02  -1.634518E+00
  5.700000000000E+00   2.954522E+00   8.924098E-01   6.546176E+01   3.470665E-18  -1.604204E-15  -1.176746E-13   1.200000E+02  -1.637902E+00
  5.705000000000E+00   2.958953E+00   8.790340E-01   6.544173E+01  -6.311709E-18  -2.298200E-15  -1.710948E-13   1.200000E+02  -1.639571E+00
  5.710000000000E+00   2.963306E+00   8.615378E-01   6.542304E+01  -1.933356E-17  -2.817957E-15  -2.139886E-13   1.200000E+02  -1.639386E+00
  5.715000000000E+00   2.967564E+00   8.417266E-01   6.540731E+01  -3.495385E-17  -3.367130E-15  -2.616466E-13   1.200000E+02  -1.637397E+00
  5.720000000000E+00   2.971722E+00   8.216123E-01   6.539592E+01  -5.085584E-17  -3.072957E-15  -2.445908E-13   1.200000E+02  -1.633827E+00
  5.725000000000E+00   2.975783E+00   8.032124E-01   6.539001E+01  -6.578016E-17  -2.715719E-15  -2.210883E-13   1.200000E+02  -1.629053E+00
  5.730000000000E+00   2.979760E+00   7.883525E-01   6.539030E+01  -7.765382E-17  -2.060532E-15  -1.709119E-13   1.200000E+02  -1.623558E+00
  5.735000000000E+00   2.983675E+00   7.784903E-01   6.539701E+01  -8.541142E-17  -8.336270E-16  -7.002875E-14   1.200000E+02  -1.617891E+00
  5.740000000000E+00   2.987555E+00   7.745790E-01   6.540967E+01  -8.661496E-17   6.475973E-16   5.468664E-14   1.200000E+02  -1.612615E+00
  5.745000000000E+00   2.991431E+00   7.769798E-01   6.542710E+01  -7.917872E-17   2.426218E-15   2.043044E-13   1.200000E+02  -1.608252E+00
  5.750000000000E+00   2.995334E+00   7.854310E-01   6.544748E+01  -6.221804E-17   4.236133E-15   3.529835E-13   1.200000E+02  -1.605238E+00
  5.755000000000E+00   2.999293E+00   7.990714E-01   6.546852E+01  -3.899583E-17   4.851338E-15   3.974737E-13   1.200000E+02  -1.603879E+00
  5.760000000000E+00   3.003331E+00   8.165166E-01   6.548780E+01  -1.499654E-17   4.637250E-15   3.719254E-13   1.200000E+02  -1.604317E+00
  5.765000000000E+00   3.007462E+00   8.359827E-01   6.550315E+01   5.225806E-18   3.480730E-15   2.727314E-13   1.200000E+02  -1.606510E+00
  5.770000000000E+00   3.011691E+00   8.554516E-01   6.551290E+01   1.904415E-17   1.944537E-15   1.489182E-13   1.200000E+02  -1.610234E+00
  5.775000000000E+00   3.016013E+00   8.728679E-01   6.551613E+01   2.355327E-17   5.797697E-18   4.351663E-16   1.200000E+02  -1.615096E+00
  5.780000000000E+00   3.020413E+00   8.863509E-01   6.551267E+01   1.845256E-17  -2.120438E-15  -1.567275E-13   1.200000E+02  -1.620577E+00
  5.785000000000E+00   3.024868E+00   8.944034E-01   6.550310E+01   2.847709E-18  -3.948679E-15  -2.891880E-13   1.200000E+02  -1.626082E+00
  5.790000000000E+00   3.029347E+00   8.960900E-01   6.548857E+01  -1.897636E-17  -4.675459E-15  -3.416946E-13   1.200000E+02  -1.631010E+00
  5.795000000000E+00   3.033818E+00   8.911623E-01   6.547064E+01  -4.305699E-17  -5.053151E-15  -3.712377E-13   1.200000E+02  -1.634819E+00
  5.800000000000E+00   3.038249E+00   8.801088E-01   6.545112E+01  -6.503483E-17  -3.413441E-15  -2.538476E-13   1.200000E+02  -1.637092E+00
  5.805000000000E+00   3.042611E+00   8.641181E-01   6.543190E+01  -7.653189E-17  -1.254161E-15  -9.496632E-14   1.200000E+02  -1.637580E+00
  5.810000000000E+00   3.046885E+00   8.449538E-01   6.541483E+01  -7.814770E-17   7.203511E-16   5.576831E-14   1.200000E+02  -1.636235E+00
  5.815000000000E+00   3.051059E+00   8.247547E-01   6.540164E+01  -6.874815E-17   3.085997E-15   2.447144E-13   1.200000E+02  -1.633208E+00
  5.820000000000E+00   3.055134E+00   8.057834E-01   6.539380E+01  -4.800439E-17   4.941627E-15   4.010405E-13   1.200000E+02  -1.628834E+00
  5.825000000000E+00   3.059122E+00   7.901602E-01   6.539238E+01  -2.143237E-17   5.698512E-15   4.715996E-13   1.200000E+02  -1.623594E+00
  5.830000000000E+00   3.063044E+00   7.796160E-01   6.539783E+01   7.199522E-18   5.517991E-15   4.628748E-13   1.200000E+02  -1.618061E+00
  5.835000000000E+00   3.066928E+00   7.753002E-01   6.540981E+01   3.106004E-17   4.035716E-15   3.404815E-13   1.200000E+02  -1.612840E+00
  5.840000000000E+00   3.070808E+00   7.776626E-01   6.542712E+01   4.698354E-17   2.157598E-15   1.815253E-13   1.200000E+02  -1.608501E+00
  5.845000000000E+00   3.074715E+00   7.864172E-01   6.544775E+01   5.213885E-17  -1.784050E-16  -1.484734E-14   1.200000E+02  -1.605522E+00
  5.850000000000E+00   3.078681E+00   8.005839E-01   6.546916E+01   4.624524E-17  -2.225134E-15  -1.819642E-13   1.200000E+02  -1.604234E+00
  5.855000000000E+00   3.082727E+00   8.185949E-01   6.548869E+01   2.928976E-17  -4.391276E-15  -3.513080E-13   1.200000E+02  -1.604785E+00
  5.860000000000E+00   3.086870E+00   8.384561E-01   6.550396E+01   2.805693E-18  -6.040415E-15  -4.719043E-13   1.200000E+02  -1.607119E+00
  5.865000000000E+00   3.091111E+00   8.579497E-01   6.551323E+01  -2.941863E-17  -6.631018E-15  -5.063460E-13   1.200000E+02  -1.610979E+00
  5.870000000000E+00   3.095445E+00   8.748662E-01   6.551556E+01  -6.152857E-17  -6.066197E-15  -4.542755E-13   1.200000E+02  -1.615928E+00
  5.875000000000E+00   3.099853E+00   8.872495E-01   6.551092E+01  -8.869400E-17  -4.596851E-15  -3.394129E-13   1.200000E+02  -1.621399E+00
  5.880000000000E+00   3.104308E+00   8.936293E-01   6.550003E+01  -1.068731E-16  -2.712382E-15  -1.988085E-13   1.200000E+02  -1.626756E+00
  5.885000000000E+00   3.108778E+00   8.932151E-01   6.548427E+01  -1.147472E-16  -4.673153E-16  -3.426028E-14   1.200000E+02  -1.631376E+00
  5.890000000000E+00   3.113229E+00   8.860200E-01   6.546542E+01  -1.113176E-16   1.962350E-15   1.449923E-13   1.200000E+02  -1.634719E+00
  5.895000000000E+00   3.117629E+00   8.728879E-01   6.544551E+01  -9.655229E-17   3.517150E-15   2.637013E-13   1.200000E+02  -1.636401E+00
  5.900000000000E+00   3.121951E+00   8.554122E-01   6.542664E+01  -7.704343E-17   4.409620E-15   3.372720E-13   1.200000E+02  -1.636237E+00
  5.905000000000E+00   3.126179E+00   8.357454E-01   6.541084E+01  -5.445083E-17   4.556942E-15   3.566557E-13   1.200000E+02  -1.634267E+00
  5.910000000000E+00   3.130309E+00   8.163241E-01   6.539993E+01  -3.152941E-17   4.203707E-15   3.367806E-13   1.200000E+02  -1.630748E+00
  5.915000000000E+00   3.134347E+00   7.995501E-01   6.539534E+01  -1.384135E-17   2.826573E-15   2.311859E-13   1.200000E+02  -1.626121E+00
  5.920000000000E+00   3.138312E+00   7.874775E-01   6.539787E+01  -3.609786E-18   1.304839E-15   1.083633E-13   1.200000E+02  -1.620955E+00
  5.925000000000E+00   3.142231E+00   7.815584E-01   6.540744E+01   7.738236E-20   3.736759E-16   3.127237E-14   1.200000E+02  -1.615882E+00
  5.930000000000E+00   3.146138E+00   7.824821E-01   6.542304E+01  -2.981686E-20  -3.681092E-16  -3.077748E-14   1.200000E+02  -1.611519E+00
  5.935000000000E+00   3.150067E+00   7.901241E-01   6.544272E+01  -3.585639E-18  -1.019941E-15  -8.447753E-14   1.200000E+02  -1.608399E+00
  5.940000000000E+00   3.154049E+00   8.035971E-01   6.546389E+01  -8.984960E-18  -1.122215E-15  -9.141962E-14   1.200000E+02  -1.606911E+00
  5.945000000000E+00   3.158110E+00   8.213832E-01   6.548377E+01  -1.392469E-17  -9.387980E-16  -7.484452E-14   1.200000E+02  -1.607253E+00
  5.950000000000E+00   3.162267E+00   8.415207E-01   6.549984E+01  -1.812830E-17  -6.405918E-16  -4.986052E-14   1.200000E+02  -1.609419E+00
  5.955000000000E+00   3.166525E+00   8.618206E-01   6.551021E+01  -2.097806E-17  -5.515549E-16  -4.192575E-14   1.200000E+02  -1.613193E+00
  5.960000000000E+00   3.170882E+00   8.800932E-01   6.551384E+01  -2.332085E-17  -4.281536E-16  -3.187161E-14   1.200000E+02  -1.618173E+00
  5.965000000000E+00   3.175320E+00   8.943666E-01   6.551054E+01  -2.505105E-17  -4.445067E-16  -3.255922E-14   1.200000E+02  -1.623825E+00
  5.970000000000E+00   3.179816E+00   9.030840E-01   6.550093E+01  -2.796424E-17  -7.614925E-16  -5.523126E-14   1.200000E+02  -1.629532E+00
  5.975000000000E+00   3.184340E+00   9.052631E-01   6.548620E+01  -3.276757E-17  -1.047114E-15  -7.574763E-14   1.200000E+02  -1.634672E+00
  5.980000000000E+00   3.188858E+00   9.006074E-01   6.546795E+01  -3.786265E-17  -1.152622E-15  -8.378767E-14   1.200000E+02  -1.638682E+00
  5.985000000000E+00   3.193336E+00   8.895547E-01   6.544800E+01  -4.308549E-17  -9.803754E-16  -7.213003E-14   1.200000E+02  -1.641125E+00
  5.990000000000E+00   3.197745E+00   8.732545E-01   6.542823E+01  -4.753137E-17  -7.350946E-16  -5.507666E-14   1.200000E+02  -1.641732E+00
  5.995000000000E+00   3.202063E+00   8.534693E-01   6.541053E+01  -5.013645E-17  -1.643450E-16  -1.259553E-14   1.200000E+02  -1.640436E+00
  6.000000000000E+00   3.206278E+00   8.324024E-01   6.539667E+01  -4.928685E-17   7.026393E-16   5.520199E-14   1.200000E+02  -1.637380E+00
  6.005000000000E+00   3.210389E+00   8.124650E-01   6.538826E+01  -4.476114E-17   7.727978E-16   6.219579E-14   1.200000E+02  -1.632898E+00
  6.010000000000E+00   3.214408E+00   7.960077E-01   6.538654E+01  -3.939041E-17   1.478159E-15   1.214205E-13   1.200000E+02  -1.627489E+00
  6.015000000000E+00   3.218358E+00   7.850480E-01   6.539221E+01  -3.108301E-17   1.606642E-15   1.338286E-13   1.200000E+02  -1.621766E+00
  6.020000000000E+00   3.222270E+00   7.810319E-01   6.540511E+01  -2.340406E-17   1.392658E-15   1.166239E-13   1.200000E+02  -1.616392E+00
  6.025000000000E+00   3.226180E+00   7.846591E-01   6.542407E+01  -1.756821E-17   1.185742E-15   9.886599E-14   1.200000E+02  -1.612013E+00
  6.030000000000E+00   3.230128E+00   7.957927E-01   6.544697E+01  -1.186068E-17   8.607013E-16   7.078514E-14   1.200000E+02  -1.609186E+00
  6.035000000000E+00   3.234149E+00   8.134579E-01   6.547093E+01  -8.231424E-18   5.783275E-16   4.654652E-14   1.200000E+02  -1.608317E+00
  6.040000000000E+00   3.238271E+00   8.359283E-01   6.549282E+01  -5.037429E-18   7.099713E-16   5.562442E-14   1.200000E+02  -1.609606E+00
  6.045000000000E+00   3.242512E+00   8.608887E-01   6.550977E+01  -1.886819E-18   3.654079E-16   2.780590E-14   1.200000E+02  -1.613013E+00
  6.050000000000E+00   3.246879E+00   8.856654E-01   6.551963E+01  -3.315930E-19   4.786152E-16   3.540693E-14   1.200000E+02  -1.618252E+00
  6.055000000000E+00   3.251364E+00   9.075068E-01   6.552127E+01   2.814694E-18   6.180997E-16   4.462631E-14   1.200000E+02  -1.624812E+00
  6.060000000000E+00   3.255945E+00   9.238925E-01   6.551459E+01   5.008157E-18   2.460747E-16   1.744952E-14   1.200000E+02  -1.632008E+00
  6.065000000000E+00   3.260591E+00   9.328371E-01   6.550048E+01   4.806713E-18  -1.537714E-16  -1.079728E-14   1.200000E+02  -1.639054E+00
  6.070000000000E+00   3.265260E+00   9.331523E-01   6.548054E+01   2.699011E-18  -7.154477E-16  -5.020392E-14   1.200000E+02  -1.645165E+00
  6.075000000000E+00   3.269908E+00   9.246263E-01   6.545686E+01  -1.701589E-18  -1.070311E-15  -7.577025E-14   1.200000E+02  -1.649648E+00
  6.080000000000E+00   3.274493E+00   9.080885E-01   6.543177E+01  -8.859659E-18  -1.933922E-15  -1.393476E-13   1.200000E+02  -1.651990E+00
  6.085000000000E+00   3.278979E+00   8.853397E-01   6.540764E+01  -2.165152E-17  -2.867635E-15  -2.118568E-13   1.200000E+02  -1.651921E+00
  6.090000000000E+00   3.283341E+00   8.589490E-01   6.538680E+01  -3.709753E-17  -3.386658E-15  -2.578066E-13   1.200000E+02  -1.649444E+00
  6.095000000000E+00   3.287568E+00   8.319397E-01   6.537142E+01  -5.528028E-17  -3.723523E-15  -2.925837E-13   1.200000E+02  -1.644835E+00
  6.100000000000E+00   3.291664E+00   8.074105E-01   6.536334E+01  -7.349590E-17  -3.349160E-15  -2.711289E-13   1.200000E+02  -1.638604E+00
  6.105000000000E+00   3.295650E+00   7.881500E-01   6.536392E+01  -8.861479E-17  -2.668001E-15  -2.212663E-13   1.200000E+02  -1.631441E+00
  6.110000000000E+00   3.299558E+00   7.763066E-01   6.537361E+01  -9.943379E-17  -1.346636E-15  -1.134016E-13   1.200000E+02  -1.624135E+00
  6.115000000000E+00   3.303427E+00   7.731600E-01   6.539175E+01  -1.016320E-16   4.120482E-16   3.484990E-14   1.200000E+02  -1.617488E+00
  6.120000000000E+00   3.307304E+00   7.790197E-01   6.541641E+01  -9.542187E-17   2.131251E-15   1.789670E-13   1.200000E+02  -1.612236E+00
  6.125000000000E+00   3.311231E+00   7.932412E-01   6.544462E+01  -8.117827E-17   3.673277E-15   3.030556E-13   1.200000E+02  -1.608966E+00
  6.130000000000E+00   3.315247E+00   8.143381E-01   6.547282E+01  -6.074648E-17   4.473637E-15   3.596806E-13   1.200000E+02  -1.608060E+00
  6.135000000000E+00   3.319382E+00   8.401576E-01   6.549750E+01  -3.716504E-17   4.817074E-15   3.755323E-13   1.200000E+02  -1.609654E+00
  6.140000000000E+00   3.323652E+00   8.680976E-01   6.551575E+01  -1.287197E-17   4.711638E-15   3.555897E-13   1.200000E+02  -1.613622E+00
  6.145000000000E+00   3.328062E+00   8.953495E-01   6.552565E+01   9.208902E-18   4.033370E-15   2.951799E-13   1.200000E+02  -1.619585E+00
  6.150000000000E+00   3.332600E+00   9.191536E-01   6.552644E+01   2.615866E-17   2.697795E-15   1.923258E-13   1.200000E+02  -1.626945E+00
  6.155000000000E+00   3.337244E+00   9.370576E-01   6.551842E+01   3.589803E-17   1.355743E-15   9.479260E-14   1.200000E+02  -1.634950E+00
  6.160000000000E+00   3.341958E+00   9.471595E-01   6.550279E+01   3.866631E-17  -1.415499E-16  -9.789181E-15   1.200000E+02  -1.642769E+00
  6.165000000000E+00   3.346701E+00   9.483139E-01   6.548135E+01   3.392832E-17  -1.714607E-15  -1.183941E-13   1.200000E+02  -1.649585E+00
  6.170000000000E+00   3.351427E+00   9.402783E-01   6.545627E+01   2.349531E-17  -2.310003E-15  -1.608079E-13   1.200000E+02  -1.654687E+00
  6.175000000000E+00   3.356090E+00   9.237734E-01   6.542981E+01   1.111798E-17  -2.734788E-15  -1.937019E-13   1.200000E+02  -1.657541E+00
  6.180000000000E+00   3.360653E+00   9.004414E-01   6.540422E+01  -2.143739E-18  -2.558809E-15  -1.858609E-13   1.200000E+02  -1.657850E+00
  6.185000000000E+00   3.365088E+00   8.726936E-01   6.538169E+01  -1.329708E-17  -1.704861E-15  -1.277272E-13   1.200000E+02  -1.655584E+00
  6.190000000000E+00   3.369378E+00   8.434577E-01   6.536425E+01  -1.952245E-17  -1.057632E-15  -8.196178E-14   1.200000E+02  -1.650978E+00
  6.195000000000E+00   3.373525E+00   8.158503E-01   6.535376E+01  -2.287216E-17  -6.180176E-16  -4.950636E-14   1.200000E+02  -1.644505E+00
  6.200000000000E+00   3.377544E+00   7.928185E-01   6.535173E+01  -2.571796E-17  -2.420364E-16  -1.995097E-14   1.200000E+02  -1.636828E+00
  6.205000000000E+00   3.381464E+00   7.768029E-01   6.535897E+01  -2.532369E-17   4.128989E-16   3.474067E-14   1.200000E+02  -1.628734E+00
  6.210000000000E+00   3.385326E+00   7.694709E-01   6.537534E+01  -2.332253E-17   1.738640E-16   1.477173E-14   1.200000E+02  -1.621052E+00
  6.215000000000E+00   3.389174E+00   7.715546E-01   6.539941E+01  -2.388280E-17  -2.111171E-16  -1.789495E-14   1.200000E+02  -1.614576E+00
  6.220000000000E+00   3.393056E+00   7.828024E-01   6.542854E+01  -2.569115E-17  -4.700908E-16  -3.929134E-14   1.200000E+02  -1.609980E+00
  6.225000000000E+00   3.397015E+00   8.020327E-01   6.545921E+01  -2.951824E-17  -9.779680E-16  -7.981846E-14   1.200000E+02  -1.607757E+00
  6.230000000000E+00   3.401086E+00   8.272679E-01   6.548763E+01  -3.457113E-17  -1.087780E-15  -8.611012E-14   1.200000E+02  -1.608156E+00
  6.235000000000E+00   3.405293E+00   8.559287E-01   6.551036E+01  -3.926171E-17  -7.782681E-16  -5.956643E-14   1.200000E+02  -1.611160E+00
  6.240000000000E+00   3.409646E+00   8.850749E-01   6.552489E+01  -4.166908E-17   5.714866E-17   4.230895E-15   1.200000E+02  -1.616474E+00
  6.245000000000E+00   3.414140E+00   9.116822E-01   6.552986E+01  -3.819374E-17   1.211405E-15   8.707333E-14   1.200000E+02  -1.623551E+00
  6.250000000000E+00   3.418754E+00   9.329409E-01   6.552516E+01  -2.952647E-17   2.283147E-15   1.603570E-13   1.200000E+02  -1.631642E+00
  6.255000000000E+00   3.423457E+00   9.465538E-01   6.551174E+01  -1.639497E-17   3.012644E-15   2.085075E-13   1.200000E+02  -1.639882E+00
  6.260000000000E+00   3.428205E+00   9.510032E-01   6.549138E+01   2.906868E-19   3.540376E-15   2.438100E-13   1.200000E+02  -1.647381E+00
  6.265000000000E+00   3.432951E+00   9.457508E-01   6.546633E+01   1.748825E-17   3.149650E-15   2.180236E-13   1.200000E+02  -1.653332E+00
  6.270000000000E+00   3.437648E+00   9.313349E-01   6.543908E+01   3.036121E-17   1.823375E-15   1.281171E-13   1.200000E+02  -1.657104E+00
  6.275000000000E+00   3.442252E+00   9.093407E-01   6.541214E+01   3.489066E-17  -4.903642E-18  -3.527365E-16   1.200000E+02  -1.658310E+00
  6.280000000000E+00   3.446733E+00   8.822327E-01   6.538792E+01   2.959076E-17  -2.016915E-15  -1.494865E-13   1.200000E+02  -1.656853E+00
  6.285000000000E+00   3.451071E+00   8.530629E-01   6.536866E+01   1.498484E-17  -3.577297E-15  -2.741218E-13   1.200000E+02  -1.652926E+00
  6.290000000000E+00   3.455266E+00   8.250925E-01   6.535636E+01  -5.135691E-18  -4.480798E-15  -3.549282E-13   1.200000E+02  -1.646983E+00
  6.295000000000E+00   3.459329E+00   8.013823E-01   6.535256E+01  -2.854202E-17  -4.877885E-15  -3.977905E-13   1.200000E+02  -1.639688E+00
  6.300000000000E+00   3.463290E+00   7.844192E-01   6.535807E+01  -5.078963E-17  -4.104853E-15  -3.420178E-13   1.200000E+02  -1.631831E+00
  6.305000000000E+00   3.467187E+00   7.758380E-01   6.537267E+01  -6.930125E-17  -3.358309E-15  -2.829735E-13   1.200000E+02  -1.624244E+00
  6.310000000000E+00   3.471063E+00   7.762753E-01   6.539486E+01  -8.220829E-17  -1.773990E-15  -1.494442E-13   1.200000E+02  -1.617713E+00
  6.315000000000E+00   3.474964E+00   7.853603E-01   6.542201E+01  -8.686936E-17   2.118314E-17   1.764596E-15   1.200000E+02  -1.612894E+00
  6.320000000000E+00   3.478929E+00   8.018230E-01   6.545069E+01  -8.220306E-17   1.833010E-15   1.496237E-13   1.200000E+02  -1.610250E+00
  6.325000000000E+00   3.482990E+00   8.236836E-01   6.547733E+01  -6.900214E-17   3.517724E-15   2.796355E-13   1.200000E+02  -1.610004E+00
  6.330000000000E+00   3.487170E+00   8.484908E-01   6.549879E+01  -4.761860E-17   4.901520E-15   3.783702E-13   1.200000E+02  -1.612123E+00
  6.335000000000E+00   3.491476E+00   8.735824E-01   6.551284E+01  -2.242620E-17   5.317504E-15   3.987773E-13   1.200000E+02  -1.616323E+00
  6.340000000000E+00   3.495902E+00   8.963494E-01   6.551837E+01   3.936223E-18   5.033647E-15   3.679328E-13   1.200000E+02  -1.622103E+00
  6.345000000000E+00   3.500432E+00   9.144852E-01   6.551539E+01   2.752214E-17   4.290169E-15   3.073555E-13   1.200000E+02  -1.628804E+00
  6.350000000000E+00   3.505037E+00   9.262045E-01   6.550480E+01   4.607001E-17   3.009506E-15   2.128440E-13   1.200000E+02  -1.635683E+00
  6.355000000000E+00   3.509682E+00   9.304131E-01   6.548822E+01   5.621336E-17   1.020319E-15   7.181639E-14   1.200000E+02  -1.641996E+00
  6.360000000000E+00   3.514328E+00   9.268126E-01   6.546764E+01   5.721119E-17  -7.577293E-16  -5.352403E-14   1.200000E+02  -1.647082E+00
  6.365000000000E+00   3.518938E+00   9.159264E-01   6.544519E+01   4.850841E-17  -2.488292E-15  -1.777946E-13   1.200000E+02  -1.650431E+00
  6.370000000000E+00   3.523478E+00   8.990401E-01   6.542301E+01   3.308997E-17  -3.304194E-15  -2.404457E-13   1.200000E+02  -1.651733E+00
  6.375000000000E+00   3.527922E+00   8.780595E-01   6.540308E+01   1.586330E-17  -3.518363E-15  -2.620686E-13   1.200000E+02  -1.650907E+00
  6.380000000000E+00   3.532256E+00   8.552959E-01   6.538719E+01  -1.508775E-18  -3.431297E-15  -2.623219E-13   1.200000E+02  -1.648093E+00
  6.385000000000E+00   3.536476E+00   8.332048E-01   6.537685E+01  -1.688890E-17  -2.471698E-15  -1.939401E-13   1.200000E+02  -1.643636E+00
  6.390000000000E+00   3.540593E+00   8.141079E-01   6.537315E+01  -2.643834E-17  -1.375339E-15  -1.104402E-13   1.200000E+02  -1.638038E+00
  6.395000000000E+00   3.544625E+00   7.999360E-01   6.537663E+01  -2.979746E-17  -1.230095E-16  -1.005323E-14   1.200000E+02  -1.631903E+00
  6.400000000000E+00   3.548602E+00   7.920250E-01   6.538709E+01  -2.765325E-17   7.702928E-16   6.359294E-14   1.200000E+02  -1.625874E+00
  6.405000000000E+00   3.552556E+00   7.909896E-01   6.540343E+01  -2.202740E-17   1.369762E-15   1.132596E-13   1.200000E+02  -1.620564E+00
  6.410000000000E+00   3.556523E+00   7.966836E-01   6.542380E+01  -1.442223E-17   1.535713E-15   1.261130E-13   1.200000E+02  -1.616499E+00
  6.415000000000E+00   3.560533E+00   8.082424E-01   6.544571E+01  -7.121141E-18   1.537777E-15   1.245183E-13   1.200000E+02  -1.614060E+00
  6.420000000000E+00   3.564612E+00   8.241959E-01   6.546651E+01   7.830932E-19   1.490195E-15   1.183674E-13   1.200000E+02  -1.613447E+00
  6.425000000000E+00   3.568779E+00   8.426347E-01   6.548374E+01   7.392005E-18   1.013264E-15   7.874389E-14   1.200000E+02  -1.614658E+00
  6.430000000000E+00   3.573039E+00   8.614148E-01   6.549551E+01   1.168930E-17   4.967653E-16   3.777030E-14   1.200000E+02  -1.617489E+00
  6.435000000000E+00   3.577390E+00   8.783842E-01   6.550075E+01   1.208827E-17  -3.522781E-16  -2.626923E-14   1.200000E+02  -1.621558E+00
  6.440000000000E+00   3.581817E+00   8.916129E-01   6.549922E+01   8.418414E-18  -9.065393E-16  -6.659574E-14   1.200000E+02  -1.626347E+00
  6.445000000000E+00   3.586298E+00   8.996052E-01   6.549149E+01   2.440748E-18  -1.557664E-15  -1.133984E-13   1.200000E+02  -1.631263E+00
  6.450000000000E+00   3.590803E+00   9.014700E-01   6.547873E+01  -6.971193E-18  -2.054796E-15  -1.492512E-13   1.200000E+02  -1.635708E+00
  6.455000000000E+00   3.595302E+00   8.970265E-01   6.546257E+01  -1.811467E-17  -2.385043E-15  -1.740540E-13   1.200000E+02  -1.639152E+00
  6.460000000000E+00   3.599764E+00   8.868277E-01   6.544484E+01  -3.022277E-17  -2.525403E-15  -1.863661E-13   1.200000E+02  -1.641190E+00
  6.465000000000E+00   3.604163E+00   8.720939E-01   6.542742E+01  -4.245735E-17  -2.328659E-15  -1.747038E-13   1.200000E+02  -1.641591E+00
  6.470000000000E+00   3.608481E+00   8.545617E-01   6.541215E+01  -5.452316E-17  -2.364636E-15  -1.810003E-13   1.200000E+02  -1.640318E+00
  6.475000000000E+00   3.612708E+00   8.362657E-01   6.540062E+01  -6.362729E-17  -1.398876E-15  -1.093999E-13   1.200000E+02  -1.637528E+00
  6.480000000000E+00   3.616845E+00   8.192835E-01   6.539414E+01  -6.833889E-17  -4.315108E-16  -3.444263E-14   1.200000E+02  -1.633544E+00
  6.485000000001E+00   3.620905E+00   8.054801E-01   6.539350E+01  -6.741030E-17   9.471092E-16   7.689176E-14   1.200000E+02  -1.628817E+00
  6.490000000001E+00   3.624908E+00   7.962880E-01   6.539889E+01  -5.964288E-17   1.999692E-15   1.642341E-13   1.200000E+02  -1.623869E+00
  6.495000000001E+00   3.628877E+00   7.925507E-01   6.540975E+01  -4.722487E-17   2.940925E-15   2.427165E-13   1.200000E+02  -1.619231E+00
  6.500000000001E+00   3.632842E+00   7.944461E-01   6.542480E+01  -3.089830E-17   3.563611E-15   2.934730E-13   1.200000E+02  -1.615384E+00
  6.505000000001E+00   3.636830E+00   8.014898E-01   6.544214E+01  -1.306621E-17   3.599375E-15   2.938912E-13   1.200000E+02  -1.612709E+00
  6.510000000001E+00   3.640864E+00   8.126094E-01   6.545958E+01   4.346781E-18   3.183544E-15   2.564497E-13   1.200000E+02  -1.611439E+00
  6.515000000001E+00   3.644960E+00   8.262758E-01   6.547492E+01   1.799332E-17   2.124331E-15   1.683341E-13   1.200000E+02  -1.611641E+00
  6.520000000001E+00   3.649128E+00   8.406765E-01   6.548634E+01   2.496164E-17   7.511830E-16   5.851504E-14   1.200000E+02  -1.613201E+00
  6.525000000001E+00   3.653365E+00   8.539142E-01   6.549258E+01   2.531078E-17  -6.469028E-16  -4.961545E-14   1.200000E+02  -1.615842E+00
  6.530000000001E+00   3.657662E+00   8.642184E-01   6.549311E+01   1.895110E-17  -1.962555E-15  -1.487284E-13   1.200000E+02  -1.619155E+00
  6.535000000001E+00   3.662000E+00   8.701490E-01   6.548810E+01   7.595578E-18  -2.469975E-15  -1.858923E-13   1.200000E+02  -1.622644E+00
  6.540000000001E+00   3.666355E+00   8.707726E-01   6.547835E+01  -6.668323E-18  -3.175308E-15  -2.387695E-13   1.200000E+02  -1.625792E+00
  6.545000000001E+00   3.670699E+00   8.657889E-01   6.546513E+01  -2.247687E-17  -3.000330E-15  -2.268648E-13   1.200000E+02  -1.628117E+00
  6.550000000001E+00   3.675004E+00   8.555846E-01   6.545003E+01  -3.624532E-17  -2.459303E-15  -1.881303E-13   1.200000E+02  -1.629240E+00
  6.555000000001E+00   3.679248E+00   8.412031E-01   6.543480E+01  -4.567569E-17  -1.131738E-15  -8.803467E-14   1.200000E+02  -1.628926E+00
  6.560000000001E+00   3.683412E+00   8.242239E-01   6.542121E+01  -4.754115E-17   5.580519E-16   4.429431E-14   1.200000E+02  -1.627119E+00
  6.565000000001E+00   3.687489E+00   8.065656E-01   6.541095E+01  -4.174339E-17   1.798198E-15   1.458305E-13   1.200000E+02  -1.623943E+00
  6.570000000001E+00   3.691480E+00   7.902364E-01   6.540542E+01  -3.027102E-17   2.588538E-15   2.142453E-13   1.200000E+02  -1.619690E+00
  6.575000000001E+00   3.695397E+00   7.770698E-01   6.540557E+01  -1.641329E-17   2.935290E-15   2.470619E-13   1.200000E+02  -1.614781E+00
  6.580000000001E+00   3.699258E+00   7.684863E-01   6.541170E+01  -2.859054E-18   2.457182E-15   2.091494E-13   1.200000E+02  -1.609715E+00
  6.585000000001E+00   3.703090E+00   7.653166E-01   6.542333E+01   8.697902E-18   1.927943E-15   1.648108E-13   1.200000E+02  -1.605010E+00
  6.590000000001E+00   3.706920E+00   7.677082E-01   6.543918E+01   1.570154E-17   7.055473E-16   6.014060E-14   1.200000E+02  -1.601135E+00
  6.595000000001E+00   3.710775E+00   7.751223E-01   6.545727E+01   1.534098E-17  -7.576619E-16  -6.398278E-14   1.200000E+02  -1.598460E+00
  6.600000000001E+00   3.714678E+00   7.864118E-01   6.547531E+01   8.514356E-18  -2.075857E-15  -1.728323E-13   1.200000E+02  -1.597206E+00
  6.605000000001E+00   3.718643E+00   7.999660E-01   6.549101E+01  -3.940900E-18  -2.939446E-15  -2.406444E-13   1.200000E+02  -1.597420E+00
  6.610000000001E+00   3.722678E+00   8.139002E-01   6.550245E+01  -1.972069E-17  -3.273725E-15  -2.634685E-13   1.200000E+02  -1.598968E+00
  6.615000000001E+00   3.726780E+00   8.262719E-01   6.550839E+01  -3.574865E-17  -3.273190E-15  -2.595047E-13   1.200000E+02  -1.601546E+00
  6.620000000001E+00   3.730935E+00   8.353043E-01   6.550830E+01  -5.189604E-17  -2.942721E-15  -2.307814E-13   1.200000E+02  -1.604719E+00
  6.625000000001E+00   3.735125E+00   8.395934E-01   6.550244E+01  -6.402763E-17  -1.851468E-15  -1.444457E-13   1.200000E+02  -1.607971E+00
  6.630000000001E+00   3.739322E+00   8.382791E-01   6.549166E+01  -7.227190E-17  -1.539711E-15  -1.202919E-13   1.200000E+02  -1.610769E+00
  6.635000000001E+00   3.743498E+00   8.311581E-01   6.547731E+01  -7.799987E-17  -7.889568E-16  -6.215276E-14   1.200000E+02  -1.612626E+00
  6.640000000001E+00   3.747625E+00   8.187202E-01   6.546105E+01  -8.091095E-17  -3.957024E-16  -3.163852E-14   1.200000E+02  -1.613163E+00
  6.645000000001E+00   3.751679E+00   8.020996E-01   6.544471E+01  -8.235097E-17  -1.611028E-16  -1.314465E-14   1.200000E+02  -1.612155E+00
  6.650000000001E+00   3.755642E+00   7.829408E-01   6.543012E+01  -8.227110E-17   2.184580E-16   1.825647E-14   1.200000E+02  -1.609556E+00
  6.655000000001E+00   3.759507E+00   7.631945E-01   6.541902E+01  -7.990787E-17   5.708635E-16   4.893292E-14   1.200000E+02  -1.605505E+00
  6.660000000001E+00   3.763276E+00   7.448701E-01   6.541293E+01  -7.641777E-17   7.577447E-16   6.654355E-14   1.200000E+02  -1.600307E+00
  6.665000000001E+00   3.766961E+00   7.297823E-01   6.541290E+01  -7.142301E-17   1.293015E-15   1.158974E-13   1.200000E+02  -1.594392E+00
  6.670000000001E+00   3.770582E+00   7.193287E-01   6.541934E+01  -6.337352E-17   1.824780E-15   1.659546E-13   1.200000E+02  -1.588271E+00
  6.675000000001E+00   3.774163E+00   7.143319E-01   6.543189E+01  -5.346654E-17   2.098939E-15   1.922601E-13   1.200000E+02  -1.582469E+00
  6.680000000001E+00   3.777734E+00   7.149631E-01   6.544931E+01  -4.149528E-17   2.864736E-15   2.622443E-13   1.200000E+02  -1.577472E+00
  6.685000000001E+00   3.781321E+00   7.207500E-01   6.546966E+01  -2.420544E-17   3.963992E-15   3.600711E-13   1.200000E+02  -1.573667E+00
  6.690000000001E+00   3.784948E+00   7.306555E-01   6.549059E+01  -2.218396E-18   4.521711E-15   4.052929E-13   1.200000E+02  -1.571307E+00
  6.695000000001E+00   3.788632E+00   7.432112E-01   6.550969E+01   1.974216E-17   4.281917E-15   3.774257E-13   1.200000E+02  -1.570480E+00
  6.700000000001E+00   3.792382E+00   7.566841E-01   6.552488E+01   3.880407E-17   3.458283E-15   2.994692E-13   1.200000E+02  -1.571100E+00
  6.705000000001E+00   3.796197E+00   7.692607E-01   6.553467E+01   5.375268E-17   2.512604E-15   2.140532E-13   1.200000E+02  -1.572919E+00
  6.710000000001E+00   3.800070E+00   7.792323E-01   6.553830E+01   6.289962E-17   1.035865E-15   8.712271E-14   1.200000E+02  -1.575554E+00
  6.715000000001E+00   3.803983E+00   7.851682E-01   6.553572E+01   6.341113E-17  -7.924262E-16  -6.614152E-14   1.200000E+02  -1.578530E+00
  6.720000000001E+00   3.807914E+00   7.860607E-01   6.552753E+01   5.513099E-17  -2.665864E-15  -2.222316E-13   1.200000E+02  -1.581329E+00
  6.725000000001E+00   3.811835E+00   7.814320E-01   6.551482E+01   3.694782E-17  -4.463997E-15  -3.742591E-13   1.200000E+02  -1.583451E+00
  6.730000000001E+00   3.815719E+00   7.713877E-01   6.549904E+01   1.190989E-17  -5.482752E-15  -4.655441E-13   1.200000E+02  -1.584466E+00
  6.735000000001E+00   3.819541E+00   7.566120E-01   6.548181E+01  -1.687110E-17  -5.860052E-15  -5.071645E-13   1.200000E+02  -1.584062E+00
  6.740000000001E+00   3.823280E+00   7.382997E-01   6.546487E+01  -4.556208E-17  -5.411783E-15  -4.798616E-13   1.200000E+02  -1.582077E+00
  6.745000000001E+00   3.826921E+00   7.180285E-01   6.544997E+01  -6.942694E-17  -4.118603E-15  -3.754202E-13   1.200000E+02  -1.578511E+00
  6.750000000001E+00   3.830460E+00   6.975856E-01   6.543876E+01  -8.645744E-17  -2.581724E-15  -2.421850E-13   1.200000E+02  -1.573529E+00
  6.755000000001E+00   3.833900E+00   6.787650E-01   6.543269E+01  -9.371171E-17  -4.519080E-16  -4.356376E-14   1.200000E+02  -1.567441E+00
  6.760000000001E+00   3.837253E+00   6.631633E-01   6.543283E+01  -9.138720E-17   1.357230E-15   1.339149E-13   1.200000E+02  -1.560665E+00
  6.765000000001E+00   3.840538E+00   6.520000E-01   6.543968E+01  -8.040605E-17   2.871962E-15   2.882519E-13   1.200000E+02  -1.553683E+00
  6.770000000001E+00   3.843781E+00   6.459853E-01   6.545296E+01  -6.241383E-17   4.167670E-15   4.222795E-13   1.200000E+02  -1.546995E+00
  6.775000000001E+00   3.847007E+00   6.452506E-01   6.547155E+01  -3.940633E-17   4.869193E-15   4.940617E-13   1.200000E+02  -1.541061E+00
  6.780000000001E+00   3.850241E+00   6.493459E-01   6.549356E+01  -1.556797E-17   4.500755E-15   4.539498E-13   1.200000E+02  -1.536254E+00
  6.785000000001E+00   3.853506E+00   6.572975E-01   6.551661E+01   5.054370E-18   3.704281E-15   3.692269E-13   1.200000E+02  -1.532824E+00
  6.790000000001E+00   3.856818E+00   6.677178E-01   6.553821E+01   2.012139E-17   2.205933E-15   2.165179E-13   1.200000E+02  -1.530866E+00
  6.795000000001E+00   3.860185E+00   6.789547E-01   6.555606E+01   2.623188E-17   1.320984E-16   1.275468E-14   1.200000E+02  -1.530312E+00
  6.800000000001E+00   3.863606E+00   6.892690E-01   6.556847E+01   2.316527E-17  -1.361999E-15  -1.295637E-13   1.200000E+02  -1.530935E+00
  6.805000000001E+00   3.867073E+00   6.970258E-01   6.557445E+01   1.271735E-17  -2.624639E-15  -2.469195E-13   1.200000E+02  -1.532373E+00
  6.810000000001E+00   3.870570E+00   7.008804E-01   6.557378E+01  -3.225116E-18  -3.676177E-15  -3.439400E-13   1.200000E+02  -1.534170E+00
  6.815000000001E+00   3.874075E+00   6.999390E-01   6.556699E+01  -2.255235E-17  -4.071504E-15  -3.813994E-13   1.200000E+02  -1.535829E+00
  6.820000000001E+00   3.877561E+00   6.938701E-01   6.555518E+01  -4.194512E-17  -3.591925E-15  -3.393564E-13   1.200000E+02  -1.536870E+00
  6.825000000001E+00   3.881005E+00   6.829487E-01   6.553989E+01  -5.813006E-17  -2.714857E-15  -2.605341E-13   1.200000E+02  -1.536887E+00
  6.830000000001E+00   3.884384E+00   6.680203E-01   6.552295E+01  -6.805241E-17  -1.081044E-15  -1.060345E-13   1.200000E+02  -1.535597E+00
  6.835000000001E+00   3.887681E+00   6.503880E-01   6.550632E+01  -7.055753E-17   1.078949E-16   1.086705E-14   1.200000E+02  -1.532869E+00
  6.840000000001E+00   3.890886E+00   6.316346E-01   6.549194E+01  -6.658249E-17   1.290953E-15   1.338543E-13   1.200000E+02  -1.528735E+00
  6.845000000001E+00   3.893998E+00   6.134087E-01   6.548158E+01  -5.872098E-17   1.822614E-15   1.945647E-13   1.200000E+02  -1.523383E+00
  6.850000000001E+00   3.897024E+00   5.972090E-01   6.547664E+01  -5.013555E-17   1.530752E-15   1.678282E-13   1.200000E+02  -1.517122E+00
  6.855000000001E+00   3.899976E+00   5.842024E-01   6.547798E+01  -4.345799E-17   9.021989E-16   1.011193E-13   1.200000E+02  -1.510343E+00
  6.860000000001E+00   3.902872E+00   5.751029E-01   6.548570E+01  -3.955040E-17   6.363490E-16   7.245965E-14   1.200000E+02  -1.503471E+00
  6.865000000001E+00   3.905733E+00   5.701248E-01   6.549911E+01  -3.770568E-17   1.737613E-16   1.996266E-14   1.200000E+02  -1.496910E+00
  6.870000000001E+00   3.908580E+00   5.690060E-01   6.551680E+01  -3.825621E-17  -3.900215E-16  -4.490807E-14   1.200000E+02  -1.491005E+00
  6.875000000001E+00   3.911429E+00   5.710861E-01   6.553687E+01  -4.188973E-17  -8.187142E-16  -9.395425E-14   1.200000E+02  -1.486008E+00
  6.880000000001E+00   3.914294E+00   5.754183E-01   6.555723E+01  -4.529490E-17  -3.025018E-16  -3.446394E-14   1.200000E+02  -1.482055E+00
  6.885000000001E+00   3.917185E+00   5.808960E-01   6.557591E+01  -4.478870E-17   4.177183E-16   4.715518E-14   1.200000E+02  -1.479165E+00
  6.890000000001E+00   3.920103E+00   5.863788E-01   6.559130E+01  -4.091810E-17   1.126189E-15   1.259735E-13   1.200000E+02  -1.477242E+00
  6.895000000001E+00   3.923047E+00   5.908085E-01   6.560234E+01  -3.405572E-17   1.751682E-15   1.945036E-13   1.200000E+02  -1.476095E+00
  6.900000000001E+00   3.926008E+00   5.933089E-01   6.560849E+01  -2.421621E-17   2.119735E-15   2.344017E-13   1.200000E+02  -1.475460E+00
  6.905000000001E+00   3.928976E+00   5.932636E-01   6.560982E+01  -1.304874E-17   2.288556E-15   2.530944E-13   1.200000E+02  -1.475039E+00
  6.910000000001E+00   3.931936E+00   5.903681E-01   6.560682E+01  -2.882477E-18   1.843146E-15   2.048264E-13   1.200000E+02  -1.474526E+00
  6.915000000001E+00   3.934875E+00   5.846508E-01   6.560040E+01   4.744603E-18   1.063280E-15   1.193048E-13   1.200000E+02  -1.473644E+00
  6.920000000001E+00   3.937779E+00   5.764601E-01   6.559173E+01   7.645155E-18   3.815586E-17   4.341512E-15   1.200000E+02  -1.472175E+00
  6.925000000001E+00   3.940636E+00   5.664171E-01   6.558213E+01   5.457869E-18  -9.163577E-16  -1.060997E-13   1.200000E+02  -1.469980E+00
  6.930000000001E+00   3.943441E+00   5.553378E-01   6.557302E+01  -1.523704E-18  -1.787455E-15  -2.110586E-13   1.200000E+02  -1.467010E+00
  6.935000000001E+00   3.946190E+00   5.441324E-01   6.556571E+01  -1.212224E-17  -2.347731E-15  -2.828920E-13   1.200000E+02  -1.463311E+00
  6.940000000001E+00   3.948884E+00   5.336951E-01   6.556138E+01  -2.517914E-17  -2.725638E-15  -3.348289E-13   1.200000E+02  -1.459012E+00
  6.945000000001E+00   3.951529E+00   5.247988E-01   6.556084E+01  -3.848938E-17  -2.499087E-15  -3.122000E-13   1.200000E+02  -1.454307E+00
  6.950000000001E+00   3.954135E+00   5.180109E-01   6.556451E+01  -4.997907E-17  -2.044745E-15  -2.588029E-13   1.200000E+02  -1.449430E+00
  6.955000000001E+00   3.956713E+00   5.136383E-01   6.557229E+01  -5.851411E-17  -1.369641E-15  -1.748517E-13   1.200000E+02  -1.444630E+00
  6.960000000001E+00   3.959275E+00   5.117100E-01   6.558357E+01  -6.338529E-17  -5.053370E-16  -6.476677E-14   1.200000E+02  -1.440138E+00
  6.965000000001E+00   3.961834E+00   5.119939E-01   6.559734E+01  -6.376536E-17   4.336094E-16   5.555461E-14   1.200000E+02  -1.436146E+00
  6.970000000001E+00   3.964398E+00   5.140427E-01   6.561231E+01  -6.039102E-17   9.804334E-16   1.251423E-13   1.200000E+02  -1.432789E+00
  6.975000000001E+00   3.966976E+00   5.172613E-01   6.562711E+01  -5.401816E-17   1.323905E-15   1.679694E-13   1.200000E+02  -1.430132E+00
  6.980000000001E+00   3.969572E+00   5.209849E-01   6.564050E+01  -4.695983E-17   1.411963E-15   1.778976E-13   1.200000E+02  -1.428169E+00
  6.985000000001E+00   3.972186E+00   5.245617E-01   6.565152E+01  -4.045198E-17   1.110050E-15   1.389283E-13   1.200000E+02  -1.426828E+00
  6.990000000001E+00   3.974816E+00   5.274293E-01   6.565954E+01  -3.641033E-17   3.839095E-16   4.779279E-14   1.200000E+02  -1.425987E+00
  6.995000000001E+00   3.977458E+00   5.291795E-01   6.566438E+01  -3.578926E-17  -1.823596E-16  -2.262849E-14   1.200000E+02  -1.425487E+00
  7.000000000001E+00   3.980106E+00   5.296036E-01   6.566623E+01  -3.854775E-17  -8.786024E-16  -1.089390E-13   1.200000E+02  -1.425159E+00
  7.005000000001E+00   3.982752E+00   5.287128E-01   6.566566E+01  -4.326393E-17  -1.080427E-15  -1.341880E-13   1.200000E+02  -1.424846E+00
  7.010000000001E+00   3.985391E+00   5.267303E-01   6.566346E+01  -4.950014E-17  -1.357908E-15  -1.692801E-13   1.200000E+02  -1.424422E+00
  7.015000000001E+00   3.988018E+00   5.240552E-01   6.566060E+01  -5.574919E-17  -9.196283E-16  -1.152233E-13   1.200000E+02  -1.423809E+00
  7.020000000001E+00   3.990631E+00   5.212026E-01   6.565809E+01  -5.914794E-17  -3.688864E-16  -4.647017E-14   1.200000E+02  -1.422985E+00
  7.025000000001E+00   3.993231E+00   5.187277E-01   6.565683E+01  -5.786421E-17   9.040925E-16   1.144335E-13   1.200000E+02  -1.421988E+00
  7.030000000001E+00   3.995820E+00   5.171450E-01   6.565749E+01  -5.121144E-17   1.919195E-15   2.436638E-13   1.200000E+02  -1.420905E+00
  7.035000000001E+00   3.998404E+00   5.168551E-01   6.566042E+01  -3.877070E-17   3.075289E-15   3.906795E-13   1.200000E+02  -1.419859E+00
  7.040000000001E+00   4.000991E+00   5.180906E-01   6.566559E+01  -2.205309E-17   3.493430E-15   4.427761E-13   1.200000E+02  -1.418990E+00
  7.045000000001E+00   4.003588E+00   5.208886E-01   6.567260E+01  -4.416708E-18   3.371420E-15   4.250620E-13   1.200000E+02  -1.418436E+00
  7.050000000001E+00   4.006202E+00   5.250933E-01   6.568074E+01   1.100816E-17   2.676431E-15   3.347785E-13   1.200000E+02  -1.418309E+00
  7.055000000001E+00   4.008840E+00   5.303873E-01   6.568912E+01   2.197186E-17   1.472301E-15   1.823463E-13   1.200000E+02  -1.418686E+00
  7.060000000001E+00   4.011507E+00   5.363459E-01   6.569683E+01   2.616461E-17   5.171730E-17   6.334836E-15   1.200000E+02  -1.419595E+00
  7.065000000001E+00   4.014204E+00   5.425049E-01   6.570309E+01   2.294350E-17  -1.189670E-15  -1.440816E-13   1.200000E+02  -1.421012E+00
  7.070000000001E+00   4.016932E+00   5.484320E-01   6.570735E+01   1.423674E-17  -2.267715E-15  -2.716938E-13   1.200000E+02  -1.422872E+00
  7.075000000001E+00   4.019688E+00   5.537886E-01   6.570937E+01   5.848109E-19  -3.143151E-15  -3.729483E-13   1.200000E+02  -1.425077E+00
  7.080000000001E+00   4.022468E+00   5.583736E-01   6.570921E+01  -1.625610E-17  -3.478396E-15  -4.093364E-13   1.200000E+02  -1.427513E+00
  7.085000000001E+00   4.025270E+00   5.621414E-01   6.570720E+01  -3.483427E-17  -3.756840E-15  -4.391270E-13   1.200000E+02  -1.430067E+00
  7.090000000001E+00   4.028089E+00   5.651911E-01   6.570385E+01  -5.233031E-17  -3.149484E-15  -3.661297E-13   1.200000E+02  -1.432643E+00
  7.095000000001E+00   4.030921E+00   5.677310E-01   6.569976E+01  -6.607967E-17  -2.316728E-15  -2.680997E-13   1.200000E+02  -1.435175E+00
  7.100000000001E+00   4.033766E+00   5.700254E-01   6.569551E+01  -7.627217E-17  -1.588244E-15  -1.830453E-13   1.200000E+02  -1.437626E+00
  7.105000000001E+00   4.036621E+00   5.723347E-01   6.569153E+01  -8.092077E-17  -2.234610E-16  -2.564844E-14   1.200000E+02  -1.439995E+00
  7.110000000001E+00   4.039489E+00   5.748621E-01   6.568811E+01  -7.829181E-17   1.297689E-15   1.482838E-13   1.200000E+02  -1.442303E+00
  7.115000000001E+00   4.042371E+00   5.777147E-01   6.568529E+01  -6.824298E-17   2.645797E-15   3.008231E-13   1.200000E+02  -1.444586E+00
  7.120000000001E+00   4.045267E+00   5.808874E-01   6.568295E+01  -5.299405E-17   3.246397E-15   3.670814E-13   1.200000E+02  -1.446878E+00
  7.125000000001E+00   4.048180E+00   5.842690E-01   6.568081E+01  -3.603542E-17   3.549581E-15   3.990275E-13   1.200000E+02  -1.449205E+00
  7.130000000001E+00   4.051110E+00   5.876676E-01   6.567853E+01  -1.892738E-17   3.203135E-15   3.579867E-13   1.200000E+02  -1.451571E+00
  7.135000000001E+00   4.054056E+00   5.908469E-01   6.567579E+01  -3.991877E-18   2.729461E-15   3.033941E-13   1.200000E+02  -1.453961E+00
  7.140000000001E+00   4.057017E+00   5.935659E-01   6.567233E+01   6.002693E-18   1.362076E-15   1.507005E-13   1.200000E+02  -1.456334E+00
  7.145000000001E+00   4.059991E+00   5.956128E-01   6.566801E+01   1.005302E-17   8.106544E-17   8.937696E-15   1.200000E+02  -1.458632E+00
  7.150000000001E+00   4.062972E+00   5.968282E-01   6.566282E+01   6.381464E-18  -1.434875E-15  -1.578644E-13   1.200000E+02  -1.460788E+00
  7.155000000001E+00   4.065957E+00   5.971141E-01   6.565684E+01  -2.851614E-18  -2.188575E-15  -2.406490E-13   1.200000E+02  -1.462730E+00
  7.160000000001E+00   4.068942E+00   5.964312E-01   6.565024E+01  -1.533929E-17  -2.689652E-15  -2.960548E-13   1.200000E+02  -1.464388E+00
  7.165000000001E+00   4.071920E+00   5.947867E-01   6.564323E+01  -2.839049E-17  -2.302848E-15  -2.541522E-13   1.200000E+02  -1.465703E+00
  7.170000000001E+00   4.074888E+00   5.922186E-01   6.563603E+01  -3.780290E-17  -1.431080E-15  -1.586076E-13   1.200000E+02  -1.466624E+00
  7.175000000001E+00   4.077841E+00   5.887804E-01   6.562881E+01  -4.328359E-17  -5.535204E-16  -6.169853E-14   1.200000E+02  -1.467115E+00
  7.180000000001E+00   4.080775E+00   5.845303E-01   6.562174E+01  -4.347719E-17   2.806130E-16   3.150275E-14   1.200000E+02  -1.467150E+00
  7.185000000001E+00   4.083685E+00   5.795258E-01   6.561494E+01  -4.017056E-17   1.026162E-15   1.161838E-13   1.200000E+02  -1.466711E+00
  7.190000000001E+00   4.086569E+00   5.738232E-01   6.560850E+01  -3.399569E-17   1.277159E-15   1.460249E-13   1.200000E+02  -1.465790E+00
  7.195000000001E+00   4.089422E+00   5.674797E-01   6.560249E+01  -2.758564E-17   1.208182E-15   1.396697E-13   1.200000E+02  -1.464384E+00
  7.200000000001E+00   4.092243E+00   5.605562E-01   6.559696E+01  -2.206289E-17   1.037495E-15   1.214089E-13   1.200000E+02  -1.462497E+00
  7.205000000001E+00   4.095027E+00   5.531178E-01   6.559196E+01  -1.853890E-17   6.640136E-16   7.874264E-14   1.200000E+02  -1.460138E+00
  7.210000000001E+00   4.097773E+00   5.452327E-01   6.558752E+01  -1.645673E-17   2.622701E-16   3.154918E-14   1.200000E+02  -1.457320E+00
  7.215000000001E+00   4.100479E+00   5.369675E-01   6.558366E+01  -1.562796E-17   2.439791E-16   2.979890E-14   1.200000E+02  -1.454060E+00
  7.220000000001E+00   4.103142E+00   5.283826E-01   6.558040E+01  -1.418852E-17   1.964015E-16   2.437645E-14   1.200000E+02  -1.450379E+00
  7.225000000001E+00   4.105762E+00   5.195279E-01   6.557770E+01  -1.314036E-17   3.362505E-16   4.244341E-14   1.200000E+02  -1.446298E+00
  7.230000000001E+00   4.108337E+00   5.104399E-01   6.557554E+01  -1.117793E-17   2.408102E-16   3.093657E-14   1.200000E+02  -1.441840E+00
  7.235000000001E+00   4.110866E+00   5.011428E-01   6.557386E+01  -8.383814E-18   8.054339E-16   1.053900E-13   1.200000E+02  -1.437024E+00
  7.240000000001E+00   4.113348E+00   4.916504E-01   6.557259E+01  -5.016578E-18   4.634413E-16   6.181027E-14   1.200000E+02  -1.431871E+00
  7.245000000001E+00   4.115782E+00   4.819719E-01   6.557167E+01  -4.041990E-18   4.756214E-17   6.470769E-15   1.200000E+02  -1.426394E+00
  7.250000000001E+00   4.118168E+00   4.721162E-01   6.557101E+01  -4.461376E-18  -4.279541E-16  -5.943746E-14   1.200000E+02  -1.420609E+00
  7.255000000001E+00   4.120503E+00   4.620972E-01   6.557059E+01  -8.737210E-18  -9.594639E-16  -1.361458E-13   1.200000E+02  -1.414526E+00
  7.260000000001E+00   4.122789E+00   4.519377E-01   6.557037E+01  -1.378231E-17  -1.126210E-15  -1.633987E-13   1.200000E+02  -1.408157E+00
  7.265000000001E+00   4.125023E+00   4.416716E-01   6.557035E+01  -2.047325E-17  -1.564122E-15  -2.322088E-13   1.200000E+02  -1.401510E+00
  7.270000000001E+00   4.127205E+00   4.313450E-01   6.557055E+01  -2.883196E-17  -1.869542E-15  -2.841968E-13   1.200000E+02  -1.394600E+00
  7.275000000001E+00   4.129336E+00   4.210168E-01   6.557102E+01  -3.817097E-17  -1.932349E-15  -3.009526E-13   1.200000E+02  -1.387440E+00
  7.280000000001E+00   4.131415E+00   4.107569E-01   6.557184E+01  -4.658458E-17  -1.732165E-15  -2.765169E-13   1.200000E+02  -1.380050E+00
  7.285000000001E+00   4.133444E+00   4.006450E-01   6.557310E+01  -5.595164E-17  -1.764139E-15  -2.887346E-13   1.200000E+02  -1.372452E+00
  7.290000000001E+00   4.135422E+00   3.907658E-01   6.557492E+01  -6.300209E-17  -1.105516E-15  -1.855180E-13   1.200000E+02  -1.364675E+00
  7.295000000001E+00   4.137352E+00   3.812053E-01   6.557742E+01  -6.646723E-17  -2.026531E-16  -3.486172E-14   1.200000E+02  -1.356750E+00
  7.300000000001E+00   4.139235E+00   3.720438E-01   6.558071E+01  -6.584298E-17   4.494355E-16   7.922264E-14   1.200000E+02  -1.348716E+00
  7.305000000001E+00   4.141073E+00   3.633511E-01   6.558488E+01  -6.125571E-17   1.460314E-15   2.635867E-13   1.200000E+02  -1.340613E+00
  7.310000000001E+00   4.142869E+00   3.551817E-01   6.559000E+01  -5.180758E-17   2.327549E-15   4.298193E-13   1.200000E+02  -1.332484E+00
  7.315000000001E+00   4.144626E+00   3.475732E-01   6.559611E+01  -3.872251E-17   2.787977E-15   5.261638E-13   1.200000E+02  -1.324371E+00
  7.320000000001E+00   4.146346E+00   3.405492E-01   6.560322E+01  -2.436573E-17   2.784552E-15   5.364147E-13   1.200000E+02  -1.316317E+00
  7.325000000001E+00   4.148032E+00   3.341242E-01   6.561131E+01  -1.120785E-17   2.436581E-15   4.784667E-13   1.200000E+02  -1.308362E+00
  7.330000000001E+00   4.149688E+00   3.283121E-01   6.562038E+01  -3.131856E-19   1.903931E-15   3.805424E-13   1.200000E+02  -1.300545E+00
  7.335000000001E+00   4.151316E+00   3.231343E-01   6.563046E+01   6.682412E-18   7.380504E-16   1.499024E-13   1.200000E+02  -1.292904E+00
  7.340000000001E+00   4.152921E+00   3.186251E-01   6.564159E+01   8.025408E-18  -2.202144E-16  -4.536749E-14   1.200000E+02  -1.285477E+00
  7.345000000001E+00   4.154504E+00   3.148332E-01   6.565389E+01   4.647760E-18  -1.103303E-15  -2.300778E-13   1.200000E+02  -1.278303E+00
  7.350000000001E+00   4.156070E+00   3.118158E-01   6.566744E+01  -2.845887E-18  -1.817504E-15  -3.827608E-13   1.200000E+02  -1.271426E+00
  7.355000000001E+00   4.157623E+00   3.096282E-01   6.568235E+01  -1.307503E-17  -2.095727E-15  -4.445728E-13   1.200000E+02  -1.264892E+00
  7.360000000001E+00   4.159168E+00   3.083088E-01   6.569861E+01  -2.364100E-17  -2.195325E-15  -4.678095E-13   1.200000E+02  -1.258752E+00
  7.365000000001E+00   4.160708E+00   3.078634E-01   6.571611E+01  -3.385597E-17  -1.846391E-15  -3.941281E-13   1.200000E+02  -1.253054E+00
  7.370000000001E+00   4.162248E+00   3.082530E-01   6.573461E+01  -4.193976E-17  -1.375635E-15  -2.933527E-13   1.200000E+02  -1.247842E+00
  7.375000000001E+00   4.163792E+00   3.093878E-01   6.575369E+01  -4.736718E-17  -7.152284E-16  -1.520063E-13   1.200000E+02  -1.243152E+00
  7.380000000001E+00   4.165343E+00   3.111294E-01   6.577282E+01  -4.932817E-17  -1.032641E-16  -2.183007E-14   1.200000E+02  -1.239007E+00
  7.385000000001E+00   4.166904E+00   3.133025E-01   6.579142E+01  -4.877736E-17   4.214155E-16   8.849442E-14   1.200000E+02  -1.235411E+00
  7.390000000001E+00   4.168476E+00   3.157153E-01   6.580893E+01  -4.547433E-17   9.659314E-16   2.013425E-13   1.200000E+02  -1.232353E+00
  7.395000000001E+00   4.170061E+00   3.181832E-01   6.582487E+01  -3.979192E-17   1.278354E-15   2.644624E-13   1.200000E+02  -1.229800E+00
  7.400000000001E+00   4.171658E+00   3.205554E-01   6.583893E+01  -3.310098E-17   1.434622E-15   2.946574E-13   1.200000E+02  -1.227709E+00
  7.405000000001E+00   4.173266E+00   3.227365E-01   6.585103E+01  -2.584207E-17   1.383208E-15   2.822292E-13   1.200000E+02  -1.226024E+00
  7.410000000001E+00   4.174885E+00   3.247022E-01   6.586128E+01  -1.917067E-17   1.243904E-15   2.523085E-13   1.200000E+02  -1.224691E+00
  7.415000000001E+00   4.176513E+00   3.265030E-01   6.587001E+01  -1.349443E-17   1.004320E-15   2.026156E-13   1.200000E+02  -1.223660E+00
  7.420000000001E+00   4.178150E+00   3.282582E-01   6.587769E+01  -9.027200E-18   8.405673E-16   1.686923E-13   1.200000E+02  -1.222896E+00
  7.425000000001E+00   4.179796E+00   3.301387E-01   6.588488E+01  -5.213786E-18   5.638132E-16   1.125187E-13   1.200000E+02  -1.222381E+00
  7.430000000001E+00   4.181452E+00   3.323425E-01   6.589214E+01  -3.278673E-18   3.418691E-16   6.778094E-14   1.200000E+02  -1.222118E+00
  7.435000000001E+00   4.183120E+00   3.350665E-01   6.589993E+01  -1.655141E-18   3.282130E-16   6.455201E-14   1.200000E+02  -1.222131E+00
  7.440000000001E+00   4.184803E+00   3.384778E-01   6.590856E+01  -6.587510E-20   2.510104E-16   4.887686E-14   1.200000E+02  -1.222462E+00
  7.445000000001E+00   4.186506E+00   3.426890E-01   6.591810E+01   1.476531E-18   3.519726E-16   6.770384E-14   1.200000E+02  -1.223163E+00
  7.450000000001E+00   4.188232E+00   3.477399E-01   6.592841E+01   2.901427E-18   2.684109E-16   5.088833E-14   1.200000E+02  -1.224291E+00
  7.455000000001E+00   4.189985E+00   3.535855E-01   6.593909E+01   4.408223E-18   2.759055E-16   5.145279E-14   1.200000E+02  -1.225897E+00
  7.460000000001E+00   4.191769E+00   3.600935E-01   6.594956E+01   5.292971E-18  -1.896120E-17  -3.472660E-15   1.200000E+02  -1.228019E+00
  7.465000000001E+00   4.193586E+00   3.670502E-01   6.595913E+01   4.283233E-18  -4.538468E-16  -8.155653E-14   1.200000E+02  -1.230672E+00
  7.470000000001E+00   4.195439E+00   3.741744E-01   6.596707E+01   1.218280E-18  -8.197063E-16  -1.445145E-13   1.200000E+02  -1.233845E+00
  7.475000000001E+00   4.197328E+00   3.811406E-01   6.597268E+01  -4.540671E-18  -1.481035E-15  -2.563565E-13   1.200000E+02  -1.237493E+00
  7.480000000001E+00   4.199250E+00   3.876086E-01   6.597541E+01  -1.365088E-17  -2.060219E-15  -3.506727E-13   1.200000E+02  -1.241541E+00
  7.485000000001E+00   4.201203E+00   3.932578E-01   6.597491E+01  -2.516183E-17  -2.581218E-15  -4.330382E-13   1.200000E+02  -1.245883E+00
  7.490000000001E+00   4.203181E+00   3.978230E-01   6.597104E+01  -3.877966E-17  -2.781813E-15  -4.613085E-13   1.200000E+02  -1.250390E+00
  7.495000000001E+00   4.205179E+00   4.011260E-01   6.596395E+01  -5.293071E-17  -2.712481E-15  -4.460592E-13   1.200000E+02  -1.254923E+00
  7.500000000001E+00   4.207190E+00   4.030985E-01   6.595402E+01  -6.486782E-17  -2.088651E-15  -3.417401E-13   1.200000E+02  -1.259339E+00
  7.505000000001E+00   4.209208E+00   4.037910E-01   6.594184E+01  -7.360042E-17  -1.361539E-15  -2.223486E-13   1.200000E+02  -1.263508E+00
  7.510000000001E+00   4.211226E+00   4.033660E-01   6.592818E+01  -7.872637E-17  -6.932503E-16  -1.133083E-13   1.200000E+02  -1.267323E+00
  7.515000000001E+00   4.213240E+00   4.020742E-01   6.591388E+01  -8.014788E-17   2.617223E-16   4.290535E-14   1.200000E+02  -1.270708E+00
  7.520000000001E+00   4.215246E+00   4.002189E-01   6.589977E+01  -7.686207E-17   1.076216E-15   1.772091E-13   1.200000E+02  -1.273625E+00
  7.525000000001E+00   4.217242E+00   3.981126E-01   6.588659E+01  -6.895974E-17   1.915073E-15   3.169396E-13   1.200000E+02  -1.276073E+00
  7.530000000001E+00   4.219227E+00   3.960351E-01   6.587490E+01  -5.832133E-17   2.305203E-15   3.834383E-13   1.200000E+02  -1.278081E+00
  7.535000000001E+00   4.221202E+00   3.941988E-01   6.586506E+01  -4.569363E-17   2.575129E-15   4.302677E-13   1.200000E+02  -1.279703E+00
  7.540000000001E+00   4.223170E+00   3.927275E-01   6.585715E+01  -3.404938E-17   2.233984E-15   3.746206E-13   1.200000E+02  -1.281006E+00
  7.545000000001E+00   4.225130E+00   3.916510E-01   6.585103E+01  -2.393795E-17   1.750308E-15   2.942914E-13   1.200000E+02  -1.282059E+00
  7.550000000001E+00   4.227087E+00   3.909139E-01   6.584635E+01  -1.609238E-17   1.344706E-15   2.265050E-13   1.200000E+02  -1.282924E+00
  7.555000000001E+00   4.229040E+00   3.903958E-01   6.584269E+01  -1.090406E-17   7.729979E-16   1.303709E-13   1.200000E+02  -1.283645E+00
  7.560000000001E+00   4.230991E+00   3.899374E-01   6.583955E+01  -7.966155E-18   4.730700E-16   7.987619E-14   1.200000E+02  -1.284252E+00
  7.565000000001E+00   4.232939E+00   3.893687E-01   6.583649E+01  -6.744398E-18  -3.308574E-17  -5.594309E-15   1.200000E+02  -1.284751E+00
  7.570000000001E+00   4.234884E+00   3.885324E-01   6.583316E+01  -6.405793E-18   3.534430E-17   5.988758E-15   1.200000E+02  -1.285133E+00
  7.575000000001E+00   4.236824E+00   3.873030E-01   6.582932E+01  -6.577401E-18  -1.350863E-16  -2.296042E-14   1.200000E+02  -1.285374E+00
  7.580000000001E+00   4.238756E+00   3.855981E-01   6.582486E+01  -8.027818E-18  -3.807421E-16  -6.499591E-14   1.200000E+02  -1.285441E+00
  7.585000000001E+00   4.240679E+00   3.833840E-01   6.581981E+01  -1.099820E-17  -8.293964E-16  -1.423917E-13   1.200000E+02  -1.285298E+00
  7.590000000001E+00   4.242589E+00   3.806763E-01   6.581428E+01  -1.538001E-17  -9.441573E-16  -1.632332E-13   1.200000E+02  -1.284913E+00
  7.595000000001E+00   4.244485E+00   3.775366E-01   6.580849E+01  -2.034151E-17  -1.016143E-15  -1.771241E-13   1.200000E+02  -1.284260E+00
  7.600000000001E+00   4.246364E+00   3.740674E-01   6.580274E+01  -2.552775E-17  -1.063660E-15  -1.871100E-13   1.200000E+02  -1.283323E+00
  7.605000000001E+00   4.248225E+00   3.704055E-01   6.579734E+01  -3.092906E-17  -9.904467E-16  -1.759390E-13   1.200000E+02  -1.282102E+00
  7.610000000001E+00   4.250068E+00   3.667130E-01   6.579267E+01  -3.691924E-17  -1.370932E-15  -2.459615E-13   1.200000E+02  -1.280609E+00
  7.615000000001E+00   4.251893E+00   3.631676E-01   6.578910E+01  -4.394082E-17  -1.507933E-15  -2.731674E-13   1.200000E+02  -1.278876E+00
  7.620000000001E+00   4.253700E+00   3.599505E-01   6.578694E+01  -5.121934E-17  -1.304060E-15  -2.383386E-13   1.200000E+02  -1.276948E+00
  7.625000000001E+00   4.255493E+00   3.572327E-01   6.578651E+01  -5.757475E-17  -1.165556E-15  -2.146440E-13   1.200000E+02  -1.274886E+00
  7.630000000001E+00   4.257274E+00   3.551616E-01   6.578797E+01  -6.161708E-17  -5.681987E-16  -1.052497E-13   1.200000E+02  -1.272760E+00
  7.635000000001E+00   4.259046E+00   3.538489E-01   6.579142E+01  -6.304293E-17   3.398647E-18   6.319133E-16   1.200000E+02  -1.270649E+00
  7.640000000001E+00   4.260813E+00   3.533610E-01   6.579678E+01  -6.188379E-17   5.274773E-16   9.821771E-14   1.200000E+02  -1.268633E+00
  7.645000000001E+00   4.262581E+00   3.537140E-01   6.580385E+01  -5.761944E-17   1.229560E-15   2.287436E-13   1.200000E+02  -1.266789E+00
  7.650000000001E+00   4.264352E+00   3.548734E-01   6.581230E+01  -5.028915E-17   1.703666E-15   3.159498E-13   1.200000E+02  -1.265188E+00
  7.655000000001E+00   4.266131E+00   3.567588E-01   6.582170E+01  -4.058844E-17   2.161633E-15   3.988194E-13   1.200000E+02  -1.263886E+00
  7.660000000001E+00   4.267920E+00   3.592517E-01   6.583157E+01  -2.926891E-17   2.287872E-15   4.192442E-13   1.200000E+02  -1.262928E+00
  7.665000000001E+00   4.269724E+00   3.622066E-01   6.584139E+01  -1.808677E-17   2.242150E-15   4.075748E-13   1.200000E+02  -1.262338E+00
  7.670000000001E+00   4.271543E+00   3.654626E-01   6.585069E+01  -6.739352E-18   2.132927E-15   3.843203E-13   1.200000E+02  -1.262124E+00
  7.675000000001E+00   4.273379E+00   3.688547E-01   6.585906E+01   2.656442E-18   1.496323E-15   2.671687E-13   1.200000E+02  -1.262275E+00
  7.680000000001E+00   4.275232E+00   3.722233E-01   6.586616E+01   8.218026E-18   6.469677E-16   1.144831E-13   1.200000E+02  -1.262765E+00
  7.685000000001E+00   4.277101E+00   3.754226E-01   6.587176E+01   8.919291E-18  -2.061700E-16  -3.617465E-14   1.200000E+02  -1.263553E+00
  7.690000000001E+00   4.278985E+00   3.783259E-01   6.587572E+01   5.086584E-18  -1.279525E-15  -2.227963E-13   1.200000E+02  -1.264590E+00
  7.695000000001E+00   4.280883E+00   3.808297E-01   6.587798E+01  -3.632329E-18  -2.200536E-15  -3.806606E-13   1.200000E+02  -1.265817E+00
  7.700000000001E+00   4.282793E+00   3.828567E-01   6.587859E+01  -1.593568E-17  -2.510524E-15  -4.319887E-13   1.200000E+02  -1.267172E+00
  7.705000000001E+00   4.284711E+00   3.843572E-01   6.587764E+01  -2.910128E-17  -2.706125E-15  -4.638214E-13   1.200000E+02  -1.268589E+00
  7.710000000001E+00   4.286636E+00   3.853113E-01   6.587532E+01  -4.230024E-17  -2.411115E-15  -4.122199E-13   1.200000E+02  -1.270007E+00
  7.715000000001E+00   4.288563E+00   3.857295E-01   6.587184E+01  -5.296866E-17  -1.937199E-15  -3.308195E-13   1.200000E+02  -1.271370E+00
  7.720000000001E+00   4.290492E+00   3.856534E-01   6.586748E+01  -6.108243E-17  -1.286483E-15  -2.197243E-13   1.200000E+02  -1.272628E+00
  7.725000000001E+00   4.292419E+00   3.851556E-01   6.586255E+01  -6.540938E-17  -4.983648E-16  -8.522158E-14   1.200000E+02  -1.273743E+00
  7.730000000001E+00   4.294343E+00   3.843377E-01   6.585737E+01  -6.525833E-17   3.567933E-16   6.113756E-14   1.200000E+02  -1.274689E+00
  7.735000000001E+00   4.296262E+00   3.833266E-01   6.585231E+01  -6.190581E-17   1.129496E-15   1.940379E-13   1.200000E+02  -1.275453E+00
  7.740000000001E+00   4.298176E+00   3.822686E-01   6.584771E+01  -5.466304E-17   1.783488E-15   3.072149E-13   1.200000E+02  -1.276040E+00
  7.745000000001E+00   4.300085E+00   3.813207E-01   6.584390E+01  -4.457871E-17   2.348211E-15   4.054733E-13   1.200000E+02  -1.276468E+00
  7.750000000001E+00   4.301990E+00   3.806399E-01   6.584118E+01  -3.169276E-17   2.787516E-15   4.821704E-13   1.200000E+02  -1.276773E+00
  7.755000000001E+00   4.303892E+00   3.803696E-01   6.583974E+01  -1.817362E-17   2.597408E-15   4.495961E-13   1.200000E+02  -1.277000E+00
  7.760000000001E+00   4.305794E+00   3.806250E-01   6.583971E+01  -4.949279E-18   2.644487E-15   4.574378E-13   1.200000E+02  -1.277205E+00
  7.765000000001E+00   4.307699E+00   3.814777E-01   6.584105E+01   6.448928E-18   1.875575E-15   3.237144E-13   1.200000E+02  -1.277449E+00
  7.770000000001E+00   4.309610E+00   3.829418E-01   6.584359E+01   1.370535E-17   9.455918E-16   1.625865E-13   1.200000E+02  -1.277791E+00
  7.775000000001E+00   4.311530E+00   3.849629E-01   6.584701E+01   1.598280E-17   7.136250E-17   1.220639E-14   1.200000E+02  -1.278285E+00
  7.780000000001E+00   4.313460E+00   3.874124E-01   6.585083E+01   1.389873E-17  -8.342742E-16  -1.418067E-13   1.200000E+02  -1.278967E+00
  7.785000000001E+00   4.315404E+00   3.900899E-01   6.585450E+01   7.505955E-18  -1.536495E-15  -2.593893E-13   1.200000E+02  -1.279855E+00
  7.790000000001E+00   4.317361E+00   3.927356E-01   6.585739E+01  -1.394208E-18  -1.940214E-15  -3.253523E-13   1.200000E+02  -1.280941E+00
  7.795000000001E+00   4.319331E+00   3.950531E-01   6.585891E+01  -1.250564E-17  -2.474502E-15  -4.125218E-13   1.200000E+02  -1.282187E+00
  7.800000000001E+00   4.321311E+00   3.967416E-01   6.585855E+01  -2.416480E-17  -2.341906E-15  -3.887531E-13   1.200000E+02  -1.283529E+00
  7.805000000001E+00   4.323297E+00   3.975356E-01   6.585600E+01  -3.600818E-17  -2.398807E-15  -3.973879E-13   1.200000E+02  -1.284878E+00
  7.810000000001E+00   4.325284E+00   3.972459E-01   6.585115E+01  -4.817351E-17  -2.303906E-15  -3.819168E-13   1.200000E+02  -1.286130E+00
  7.815000000001E+00   4.327268E+00   3.957958E-01   6.584417E+01  -5.785314E-17  -1.524837E-15  -2.536703E-13   1.200000E+02  -1.287176E+00
  7.820000000001E+00   4.329241E+00   3.932457E-01   6.583551E+01  -6.302649E-17  -4.797186E-16  -8.031243E-14   1.200000E+02  -1.287916E+00
  7.825000000001E+00   4.331199E+00   3.897998E-01   6.582587E+01  -6.354533E-17   9.541731E-17   1.611321E-14   1.200000E+02  -1.288274E+00
  7.830000000001E+00   4.333138E+00   3.857918E-01   6.581616E+01  -6.199957E-17   4.922375E-16   8.397582E-14   1.200000E+02  -1.288209E+00
  7.835000000001E+00   4.335056E+00   3.816496E-01   6.580741E+01  -5.848133E-17   1.107622E-15   1.909860E-13   1.200000E+02  -1.287725E+00
  7.840000000001E+00   4.336955E+00   3.778445E-01   6.580062E+01  -5.191664E-17   1.439006E-15   2.505991E-13   1.200000E+02  -1.286869E+00
  7.845000000001E+00   4.338836E+00   3.748324E-01   6.579670E+01  -4.360928E-17   1.747954E-15   3.068295E-13   1.200000E+02  -1.285737E+00
  7.850000000001E+00   4.340705E+00   3.729963E-01   6.579623E+01  -3.644943E-17   1.340412E-15   2.364475E-13   1.200000E+02  -1.284456E+00
  7.855000000001E+00   4.342568E+00   3.726002E-01   6.579945E+01  -3.015763E-17   1.194507E-15   2.109444E-13   1.200000E+02  -1.283176E+00
  7.860000000001E+00   4.344434E+00   3.737587E-01   6.580616E+01  -2.524796E-17   7.995884E-16   1.407803E-13   1.200000E+02  -1.282053E+00
  7.865000000001E+00   4.346308E+00   3.764271E-01   6.581570E+01  -2.180466E-17   4.768057E-16   8.336623E-14   1.200000E+02  -1.281234E+00
  7.870000000001E+00   4.348200E+00   3.804094E-01   6.582712E+01  -2.017141E-17   2.504062E-16   4.333099E-14   1.200000E+02  -1.280837E+00
  7.875000000001E+00   4.350114E+00   3.853824E-01   6.583923E+01  -1.991006E-17  -1.507532E-16  -2.575488E-14   1.200000E+02  -1.280944E+00
  7.880000000001E+00   4.352055E+00   3.909301E-01   6.585081E+01  -2.091135E-17  -4.294002E-17  -7.233097E-15   1.200000E+02  -1.281591E+00
  7.885000000001E+00   4.354023E+00   3.965868E-01   6.586072E+01  -2.096847E-17  -4.303478E-17  -7.146735E-15   1.200000E+02  -1.282763E+00
  7.890000000001E+00   4.356020E+00   4.018832E-01   6.586803E+01  -2.080935E-17   7.217375E-18   1.182916E-15   1.200000E+02  -1.284399E+00
  7.895000000001E+00   4.358041E+00   4.063922E-01   6.587212E+01  -2.154248E-17  -1.815780E-16  -2.943198E-14   1.200000E+02  -1.286396E+00
  7.900000000001E+00   4.360082E+00   4.097724E-01   6.587270E+01  -2.201872E-17  -7.291754E-17  -1.172181E-14   1.200000E+02  -1.288618E+00
  7.905000000001E+00   4.362137E+00   4.118032E-01   6.586983E+01  -2.284281E-17  -3.234536E-16  -5.173789E-14   1.200000E+02  -1.290915E+00
  7.910000000001E+00   4.364198E+00   4.124103E-01   6.586389E+01  -2.549150E-17  -7.428574E-16  -1.186379E-13   1.200000E+02  -1.293133E+00
  7.915000000001E+00   4.366259E+00   4.116762E-01   6.585554E+01  -3.096691E-17  -1.269808E-15  -2.031302E-13   1.200000E+02  -1.295135E+00
  7.920000000001E+00   4.368313E+00   4.098349E-01   6.584568E+01  -3.723537E-17  -1.237103E-15  -1.987578E-13   1.200000E+02  -1.296812E+00
  7.925000000001E+00   4.370356E+00   4.072490E-01   6.583534E+01  -4.389463E-17  -1.381546E-15  -2.233390E-13   1.200000E+02  -1.298097E+00
  7.930000000001E+00   4.372385E+00   4.043718E-01   6.582563E+01  -5.039291E-17  -1.158645E-15  -1.886099E-13   1.200000E+02  -1.298974E+00
  7.935000000001E+00   4.374400E+00   4.016973E-01   6.581759E+01  -5.529592E-17  -6.527192E-16  -1.069472E-13   1.200000E+02  -1.299476E+00
  7.940000000001E+00   4.376403E+00   3.997047E-01   6.581212E+01  -5.683358E-17   4.997943E-17   8.229205E-15   1.200000E+02  -1.299686E+00
  7.945000000001E+00   4.378399E+00   3.988047E-01   6.580983E+01  -5.425194E-17   8.926604E-16   1.473048E-13   1.200000E+02  -1.299725E+00
  7.950000000001E+00   4.380393E+00   3.992936E-01   6.581097E+01  -4.714506E-17   2.008519E-15   3.310411E-13   1.200000E+02  -1.299737E+00
  7.955000000001E+00   4.382394E+00   4.013223E-01   6.581536E+01  -3.503571E-17   2.671902E-15   4.381820E-13   1.200000E+02  -1.299879E+00
  7.960000000001E+00   4.384409E+00   4.048814E-01   6.582245E+01  -2.175549E-17   2.606371E-15   4.237234E-13   1.200000E+02  -1.300298E+00
  7.965000000001E+00   4.386445E+00   4.098044E-01   6.583133E+01  -9.025247E-18   2.592564E-15   4.164718E-13   1.200000E+02  -1.301119E+00
  7.970000000001E+00   4.388509E+00   4.157868E-01   6.584090E+01   3.316447E-18   2.215370E-15   3.508095E-13   1.200000E+02  -1.302429E+00
  7.975000000001E+00   4.390604E+00   4.224196E-01   6.584998E+01   1.297660E-17   1.639361E-15   2.555561E-13   1.200000E+02  -1.304271E+00
  7.980000000001E+00   4.392733E+00   4.292323E-01   6.585750E+01   1.976708E-17   9.958834E-16   1.527993E-13   1.200000E+02  -1.306635E+00
  7.985000000001E+00   4.394896E+00   4.357433E-01   6.586258E+01   2.212002E-17  -1.754194E-17  -2.651464E-15   1.200000E+02  -1.309463E+00
  7.990000000001E+00   4.397089E+00   4.415113E-01   6.586462E+01   1.957024E-17  -1.047132E-15  -1.562111E-13   1.200000E+02  -1.312654E+00
  7.995000000001E+00   4.399309E+00   4.461847E-01   6.586339E+01   1.322549E-17  -1.485348E-15  -2.192591E-13   1.200000E+02  -1.316074E+00
  8.000000000001E+00   4.401549E+00   4.495422E-01   6.585899E+01   5.660839E-18  -1.634072E-15  -2.393953E-13   1.200000E+02  -1.319571E+00
  8.005000000001E+00   4.403802E+00   4.515199E-01   6.585185E+01  -4.116100E-18  -2.189215E-15  -3.192857E-13   1.200000E+02  -1.322996E+00
  8.010000000001E+00   4.406062E+00   4.522221E-01   6.584267E+01  -1.535504E-17  -2.168646E-15  -3.157507E-13   1.200000E+02  -1.326214E+00
  8.015000000001E+00   4.408323E+00   4.519121E-01   6.583236E+01  -2.591562E-17  -2.027066E-15  -2.952932E-13   1.200000E+02  -1.329125E+00
  8.020000000001E+00   4.410580E+00   4.509847E-01   6.582194E+01  -3.574124E-17  -1.774459E-15  -2.589852E-13   1.200000E+02  -1.331673E+00
  8.025000000001E+00   4.412833E+00   4.499218E-01   6.581244E+01  -4.396616E-17  -1.396280E-15  -2.042413E-13   1.200000E+02  -1.333854E+00
  8.030000000001E+00   4.415080E+00   4.492373E-01   6.580480E+01  -5.020971E-17  -1.099801E-15  -1.611002E-13   1.200000E+02  -1.335718E+00
  8.035000000001E+00   4.417326E+00   4.494185E-01   6.579974E+01  -5.559820E-17  -1.206775E-15  -1.766850E-13   1.200000E+02  -1.337362E+00
  8.040000000001E+00   4.419576E+00   4.508701E-01   6.579768E+01  -6.135757E-17  -1.151298E-15  -1.680146E-13   1.200000E+02  -1.338918E+00
  8.045000000001E+00   4.421837E+00   4.538698E-01   6.579866E+01  -6.629702E-17  -9.379339E-16  -1.359747E-13   1.200000E+02  -1.340541E+00
  8.050000000001E+00   4.424118E+00   4.585390E-01   6.580235E+01  -7.015254E-17  -7.001542E-16  -1.004752E-13   1.200000E+02  -1.342392E+00
  8.055000000001E+00   4.426425E+00   4.648320E-01   6.580806E+01  -7.199139E-17  -7.246502E-17  -1.025915E-14   1.200000E+02  -1.344616E+00
  8.060000000001E+00   4.428768E+00   4.725447E-01   6.581486E+01  -6.923552E-17   8.627439E-16   1.201608E-13   1.200000E+02  -1.347331E+00
  8.065000000001E+00   4.431153E+00   4.813408E-01   6.582168E+01  -6.351053E-17   1.416680E-15   1.937261E-13   1.200000E+02  -1.350612E+00
  8.070000000001E+00   4.433583E+00   4.907924E-01   6.582750E+01  -5.461567E-17   2.154752E-15   2.890060E-13   1.200000E+02  -1.354488E+00
  8.075000000001E+00   4.436061E+00   5.004322E-01   6.583143E+01  -4.248128E-17   2.408732E-15   3.168667E-13   1.200000E+02  -1.358933E+00
  8.080000000001E+00   4.438587E+00   5.098102E-01   6.583286E+01  -3.010455E-17   2.322780E-15   2.999455E-13   1.200000E+02  -1.363877E+00
  8.085000000001E+00   4.441158E+00   5.185504E-01   6.583149E+01  -1.869803E-17   2.265698E-15   2.876369E-13   1.200000E+02  -1.369213E+00
  8.090000000001E+00   4.443771E+00   5.263991E-01   6.582735E+01  -8.008270E-18   1.918643E-15   2.399305E-13   1.200000E+02  -1.374810E+00
  8.095000000001E+00   4.446420E+00   5.332606E-01   6.582081E+01   1.281031E-18   1.601230E-15   1.976411E-13   1.200000E+02  -1.380534E+00
  8.100000000001E+00   4.449102E+00   5.392134E-01   6.581247E+01   6.778786E-18   8.332345E-16   1.016985E-13   1.200000E+02  -1.386262E+00
  8.105000000001E+00   4.451811E+00   5.445063E-01   6.580313E+01   9.668364E-18   1.342597E-16   1.622517E-14   1.200000E+02  -1.391906E+00
  8.110000000001E+00   4.454547E+00   5.495331E-01   6.579368E+01   7.282806E-18  -8.530319E-16  -1.021305E-13   1.200000E+02  -1.397418E+00
  8.115000000001E+00   4.457307E+00   5.547901E-01   6.578497E+01   2.046193E-18  -1.238507E-15  -1.468576E-13   1.200000E+02  -1.402802E+00
  8.120000000001E+00   4.460096E+00   5.608224E-01   6.577772E+01  -5.345484E-18  -1.709037E-15  -2.004494E-13   1.200000E+02  -1.408119E+00
  8.125000000001E+00   4.462917E+00   5.681656E-01   6.577245E+01  -1.490077E-17  -2.015252E-15  -2.332913E-13   1.200000E+02  -1.413476E+00
  8.130000000001E+00   4.465780E+00   5.772904E-01   6.576937E+01  -2.378704E-17  -1.560801E-15  -1.778185E-13   1.200000E+02  -1.419017E+00
  8.135000000001E+00   4.468694E+00   5.885572E-01   6.576837E+01  -3.041399E-17  -1.052090E-15  -1.175659E-13   1.200000E+02  -1.424915E+00
  8.140000000001E+00   4.471670E+00   6.021844E-01   6.576903E+01  -3.459829E-17  -7.087078E-16  -7.740324E-14   1.200000E+02  -1.431343E+00
  8.145000000001E+00   4.474719E+00   6.182325E-01   6.577065E+01  -3.696110E-17  -9.265726E-17  -9.857340E-15   1.200000E+02  -1.438470E+00
  8.150000000001E+00   4.477856E+00   6.366068E-01   6.577236E+01  -3.684615E-17   4.658591E-17   4.813121E-15   1.200000E+02  -1.446432E+00
  8.155000000001E+00   4.481089E+00   6.570752E-01   6.577325E+01  -3.631782E-17   1.232989E-16   1.234222E-14   1.200000E+02  -1.455328E+00
  8.160000000001E+00   4.484429E+00   6.793009E-01   6.577243E+01  -3.607313E-17  -2.780190E-16  -2.691883E-14   1.200000E+02  -1.465205E+00
  8.165000000001E+00   4.487884E+00   7.028866E-01   6.576921E+01  -3.798928E-17  -6.449047E-16  -6.034384E-14   1.200000E+02  -1.476059E+00
  8.170000000001E+00   4.491460E+00   7.274263E-01   6.576311E+01  -4.188835E-17  -1.061237E-15  -9.594135E-14   1.200000E+02  -1.487834E+00
  8.175000000001E+00   4.495159E+00   7.525582E-01   6.575394E+01  -5.051454E-17  -2.368257E-15  -2.069239E-13   1.200000E+02  -1.500433E+00
  8.180000000001E+00   4.498986E+00   7.780138E-01   6.574179E+01  -6.355527E-17  -2.910298E-15  -2.459188E-13   1.200000E+02  -1.513728E+00
  8.185000000001E+00   4.502940E+00   8.036555E-01   6.572700E+01  -7.906194E-17  -3.312482E-15  -2.709115E-13   1.200000E+02  -1.527580E+00
  8.190000000001E+00   4.507023E+00   8.294974E-01   6.571005E+01  -9.625732E-17  -2.983899E-15  -2.363746E-13   1.200000E+02  -1.541854E+00
  8.195000000001E+00   4.511235E+00   8.557055E-01   6.569156E+01  -1.085783E-16  -1.633262E-15  -1.253837E-13   1.200000E+02  -1.556437E+00
  8.200000000001E+00   4.515581E+00   8.825759E-01   6.567213E+01  -1.077782E-16   1.834276E-15   1.364877E-13   1.200000E+02  -1.571249E+00
  8.205000000001E+00   4.520063E+00   9.104941E-01   6.565227E+01  -9.300645E-17   4.187701E-15   3.019592E-13   1.200000E+02  -1.586254E+00
  8.210000000001E+00   4.524688E+00   9.398809E-01   6.563237E+01  -6.494736E-17   6.800064E-15   4.748520E-13   1.200000E+02  -1.601453E+00
  8.215000000001E+00   4.529465E+00   9.711322E-01   6.561262E+01  -2.714511E-17   8.454252E-15   5.711948E-13   1.200000E+02  -1.616881E+00
  8.220000000001E+00   4.534403E+00   1.004562E+00   6.559300E+01   1.767084E-17   9.214432E-15   6.016577E-13   1.200000E+02  -1.632596E+00
  8.225000000001E+00   4.539514E+00   1.040354E+00   6.557336E+01   6.220781E-17   8.358103E-15   5.268099E-13   1.200000E+02  -1.648658E+00
  8.230000000001E+00   4.544810E+00   1.078534E+00   6.555339E+01   9.933445E-17   6.220356E-15   3.780739E-13   1.200000E+02  -1.665115E+00
  8.235000000001E+00   4.550303E+00   1.118949E+00   6.553276E+01   1.239250E-16   3.414137E-15   1.999536E-13   1.200000E+02  -1.681986E+00
  8.240000000001E+00   4.556003E+00   1.161277E+00   6.551118E+01   1.316564E-16  -2.616356E-16  -1.475966E-14   1.200000E+02  -1.699247E+00
  8.245000000001E+00   4.561918E+00   1.205041E+00   6.548840E+01   1.197766E-16  -4.710079E-15  -2.559710E-13   1.200000E+02  -1.716825E+00
  8.250000000001E+00   4.568054E+00   1.249634E+00   6.546436E+01   8.891014E-17  -7.305520E-15  -3.827130E-13   1.200000E+02  -1.734598E+00
  8.255000000001E+00   4.574414E+00   1.294356E+00   6.543910E+01   4.721155E-17  -9.175023E-15  -4.638643E-13   1.200000E+02  -1.752395E+00
  8.260000000001E+00   4.580997E+00   1.338446E+00   6.541286E+01  -1.086136E-18  -1.023121E-14  -5.000219E-13   1.200000E+02  -1.770010E+00
  8.265000000001E+00   4.587797E+00   1.381127E+00   6.538595E+01  -5.367127E-17  -1.031588E-14  -4.883790E-13   1.200000E+02  -1.787211E+00
  8.270000000001E+00   4.594805E+00   1.421641E+00   6.535883E+01  -1.043924E-16  -9.586037E-15  -4.407105E-13   1.200000E+02  -1.803762E+00
  8.275000000001E+00   4.602009E+00   1.459296E+00   6.533197E+01  -1.447607E-16  -6.461061E-15  -2.892586E-13   1.200000E+02  -1.819433E+00
  8.280000000001E+00   4.609392E+00   1.493510E+00   6.530586E+01  -1.683613E-16  -2.668350E-15  -1.166774E-13   1.200000E+02  -1.834017E+00
  8.285000000001E+00   4.616937E+00   1.523854E+00   6.528097E+01  -1.727589E-16   1.187934E-15   5.089037E-14   1.200000E+02  -1.847346E+00
  8.290000000001E+00   4.624624E+00   1.550097E+00   6.525772E+01  -1.603735E-16   3.965515E-15   1.669448E-13   1.200000E+02  -1.859302E+00
  8.295000000001E+00   4.632432E+00   1.572222E+00   6.523645E+01  -1.320942E-16   7.124253E-15   2.956076E-13   1.200000E+02  -1.869821E+00
  8.300000000001E+00   4.640340E+00   1.590445E+00   6.521741E+01  -8.826813E-17   1.033151E-14   4.236515E-13   1.200000E+02  -1.878901E+00
  8.305000000001E+00   4.648331E+00   1.605185E+00   6.520075E+01  -3.072347E-17   1.275743E-14   5.181922E-13   1.200000E+02  -1.886597E+00
  8.310000000001E+00   4.656387E+00   1.617020E+00   6.518651E+01   3.822708E-17   1.365267E-14   5.503765E-13   1.200000E+02  -1.893018E+00
  8.315000000001E+00   4.664497E+00   1.626612E+00   6.517463E+01   1.048023E-16   1.272457E-14   5.098444E-13   1.200000E+02  -1.898313E+00
  8.320000000001E+00   4.672651E+00   1.634608E+00   6.516493E+01   1.581892E-16   8.810040E-15   3.512192E-13   1.200000E+02  -1.902658E+00
  8.325000000001E+00   4.680842E+00   1.641540E+00   6.515714E+01   1.874673E-16   2.592591E-15   1.029069E-13   1.200000E+02  -1.906233E+00
  8.330000000001E+00   4.689065E+00   1.647729E+00   6.515090E+01   1.874028E-16  -2.810185E-15  -1.111142E-13   1.200000E+02  -1.909205E+00
  8.335000000001E+00   4.697318E+00   1.653215E+00   6.514579E+01   1.571505E-16  -9.125273E-15  -3.595861E-13   1.200000E+02  -1.911706E+00
  8.340000000001E+00   4.705596E+00   1.657722E+00   6.514141E+01   1.006391E-16  -1.308085E-14  -5.140219E-13   1.200000E+02  -1.913815E+00
  8.345000000001E+00   4.713893E+00   1.660671E+00   6.513737E+01   2.684090E-17  -1.644316E-14  -6.449588E-13   1.200000E+02  -1.915548E+00
  8.350000000001E+00   4.722199E+00   1.661238E+00   6.513337E+01  -5.675080E-17  -1.617355E-14  -6.341282E-13   1.200000E+02  -1.916853E+00
  8.355000000001E+00   4.730500E+00   1.658447E+00   6.512923E+01  -1.294622E-16  -1.210449E-14  -4.753583E-13   1.200000E+02  -1.917616E+00
  8.360000000001E+00   4.738776E+00   1.651291E+00   6.512489E+01  -1.769784E-16  -6.750902E-15  -2.662472E-13   1.200000E+02  -1.917674E+00
  8.365000000001E+00   4.747004E+00   1.638864E+00   6.512043E+01  -1.939744E-16   2.025964E-16   8.050186E-15   1.200000E+02  -1.916832E+00
  8.370000000001E+00   4.755155E+00   1.620475E+00   6.511603E+01  -1.746024E-16   7.003134E-15   2.814090E-13   1.200000E+02  -1.914891E+00
  8.375000000001E+00   4.763199E+00   1.595738E+00   6.511195E+01  -1.264350E-16   1.197263E-14   4.885269E-13   1.200000E+02  -1.911667E+00
  8.380000000001E+00   4.771102E+00   1.564626E+00   6.510849E+01  -5.762656E-17   1.507833E-14   6.274520E-13   1.200000E+02  -1.907012E+00
  8.385000000001E+00   4.778835E+00   1.527468E+00   6.510591E+01   2.021799E-17   1.514819E-14   6.456679E-13   1.200000E+02  -1.900830E+00
  8.390000000001E+00   4.786368E+00   1.484915E+00   6.510448E+01   8.812416E-17   1.181563E-14   5.180435E-13   1.200000E+02  -1.893082E+00
  8.395000000001E+00   4.793677E+00   1.437859E+00   6.510437E+01   1.375487E-16   7.594077E-15   3.438500E-13   1.200000E+02  -1.883790E+00
  8.400000000001E+00   4.800741E+00   1.387333E+00   6.510572E+01   1.621401E-16   1.824999E-15   8.564485E-14   1.200000E+02  -1.873027E+00
  8.405000000001E+00   4.807547E+00   1.334408E+00   6.510856E+01   1.563484E-16  -4.044029E-15  -1.973167E-13   1.200000E+02  -1.860909E+00
  8.410000000001E+00   4.814083E+00   1.280094E+00   6.511286E+01   1.274485E-16  -7.323273E-15  -3.725032E-13   1.200000E+02  -1.847580E+00
  8.415000000001E+00   4.820347E+00   1.225268E+00   6.511853E+01   8.359837E-17  -1.007117E-14  -5.352459E-13   1.200000E+02  -1.833197E+00
  8.420000000001E+00   4.826336E+00   1.170623E+00   6.512539E+01   3.314003E-17  -9.275406E-15  -5.160198E-13   1.200000E+02  -1.817919E+00
  8.425000000001E+00   4.832054E+00   1.116660E+00   6.513323E+01  -8.240016E-18  -6.962076E-15  -4.060883E-13   1.200000E+02  -1.801888E+00
  8.430000000001E+00   4.837504E+00   1.063699E+00   6.514182E+01  -3.571757E-17  -3.978160E-15  -2.436259E-13   1.200000E+02  -1.785231E+00
  8.435000000001E+00   4.842693E+00   1.011909E+00   6.515088E+01  -4.716300E-17  -8.230046E-16  -5.298841E-14   1.200000E+02  -1.768047E+00
  8.440000000001E+00   4.847626E+00   9.613555E-01   6.516016E+01  -4.618087E-17   7.427946E-16   5.034622E-14   1.200000E+02  -1.750410E+00
  8.445000000001E+00   4.852308E+00   9.120352E-01   6.516941E+01  -4.203488E-17   6.771041E-16   4.838243E-14   1.200000E+02  -1.732372E+00
  8.450000000001E+00   4.856748E+00   8.639166E-01   6.517841E+01  -4.204347E-17  -6.305567E-16  -4.757251E-14   1.200000E+02  -1.713964E+00
  8.455000000001E+00   4.860949E+00   8.169613E-01   6.518696E+01  -4.758956E-17  -1.331227E-15  -1.062212E-13   1.200000E+02  -1.695205E+00
  8.460000000001E+00   4.864919E+00   7.711390E-01   6.519489E+01  -5.646631E-17  -2.294679E-15  -1.940005E-13   1.200000E+02  -1.676101E+00
  8.465000000001E+00   4.868663E+00   7.264347E-01   6.520204E+01  -6.937188E-17  -2.833432E-15  -2.543182E-13   1.200000E+02  -1.656653E+00
  8.470000000001E+00   4.872185E+00   6.828547E-01   6.520827E+01  -8.370375E-17  -2.723791E-15  -2.601047E-13   1.200000E+02  -1.636862E+00
  8.475000000001E+00   4.875493E+00   6.404359E-01   6.521347E+01  -9.430035E-17  -1.513345E-15  -1.540989E-13   1.200000E+02  -1.616727E+00
  8.480000000001E+00   4.878592E+00   5.992591E-01   6.521756E+01  -9.847484E-17  -4.160938E-17  -4.528362E-15   1.200000E+02  -1.596253E+00
  8.485000000001E+00   4.881488E+00   5.594667E-01   6.522056E+01  -9.346182E-17   2.059347E-15   2.400710E-13   1.200000E+02  -1.575455E+00
  8.490000000001E+00   4.884189E+00   5.212783E-01   6.522263E+01  -7.879093E-17   3.540961E-15   4.430469E-13   1.200000E+02  -1.554361E+00
  8.495000000001E+00   4.886704E+00   4.849988E-01   6.522412E+01  -6.094756E-17   3.537144E-15   4.756860E-13   1.200000E+02  -1.533024E+00
  8.500000000001E+00   4.889043E+00   4.510100E-01   6.522566E+01  -4.318258E-17   3.415431E-15   4.939441E-13   1.200000E+02  -1.511524E+00
  8.505000000001E+00   4.891218E+00   4.197446E-01   6.522814E+01  -2.778261E-17   2.839370E-15   4.412370E-13   1.200000E+02  -1.489974E+00
  8.510000000001E+00   4.893245E+00   3.916409E-01   6.523274E+01  -1.678414E-17   1.498831E-15   2.496493E-13   1.200000E+02  -1.468522E+00
  8.515000000001E+00   4.895140E+00   3.670877E-01   6.524080E+01  -1.196134E-17   3.973209E-16   7.061401E-14   1.200000E+02  -1.447345E+00
  8.520000000001E+00   4.896922E+00   3.463719E-01   6.525368E+01  -1.351519E-17  -9.119798E-16  -1.718096E-13   1.200000E+02  -1.426645E+00
  8.525000000001E+00   4.898610E+00   3.296419E-01   6.527250E+01  -2.092653E-17  -1.841288E-15  -3.645940E-13   1.200000E+02  -1.406634E+00
  8.530000000001E+00   4.900225E+00   3.168974E-01   6.529802E+01  -3.159566E-17  -2.190761E-15  -4.514153E-13   1.200000E+02  -1.387521E+00
  8.535000000001E+00   4.901786E+00   3.080087E-01   6.533045E+01  -4.146784E-17  -1.689349E-15  -3.583209E-13   1.200000E+02  -1.369505E+00
  8.540000000001E+00   4.903311E+00   3.027587E-01   6.536946E+01  -4.809869E-17  -8.424819E-16  -1.819026E-13   1.200000E+02  -1.352762E+00
  8.545000000001E+00   4.904819E+00   3.008961E-01   6.541432E+01  -4.983377E-17   2.116912E-16   4.602134E-14   1.200000E+02  -1.337444E+00
  8.550000000001E+00   4.906325E+00   3.021872E-01   6.546407E+01  -4.703065E-17   9.740469E-16   2.110118E-13   1.200000E+02  -1.323681E+00
  8.555000000001E+00   4.907845E+00   3.064565E-01   6.551764E+01  -4.034890E-17   1.677401E-15   3.586131E-13   1.200000E+02  -1.311585E+00
  8.560000000001E+00   4.909394E+00   3.136091E-01   6.557403E+01  -3.059654E-17   2.217115E-15   4.635872E-13   1.200000E+02  -1.301260E+00
  8.565000000001E+00   4.910986E+00   3.236354E-01   6.563226E+01  -2.029900E-17   1.725110E-15   3.498471E-13   1.200000E+02  -1.292809E+00
  8.570000000001E+00   4.912635E+00   3.366002E-01   6.569142E+01  -1.235680E-17   1.547496E-15   3.020116E-13   1.200000E+02  -1.286339E+00
  8.575000000001E+00   4.914357E+00   3.526203E-01   6.575055E+01  -5.321469E-18   1.140091E-15   2.125845E-13   1.200000E+02  -1.281966E+00
  8.580000000001E+00   4.916166E+00   3.718361E-01   6.580861E+01  -1.497526E-18   2.971646E-16   5.259304E-14   1.200000E+02  -1.279819E+00
  8.585000000001E+00   4.918080E+00   3.943861E-01   6.586443E+01  -5.220876E-19   1.389728E-16   2.320915E-14   1.200000E+02  -1.280030E+00
  8.590000000001E+00   4.920116E+00   4.203870E-01   6.591675E+01  -6.521171E-19  -1.589550E-16  -2.492417E-14   1.200000E+02  -1.282738E+00
  8.595000000001E+00   4.922290E+00   4.499251E-01   6.596424E+01  -3.538116E-18  -8.799514E-16  -1.290111E-13   1.200000E+02  -1.288075E+00
  8.600000000001E+00   4.924621E+00   4.830594E-01   6.600564E+01  -8.844880E-18  -1.136690E-15  -1.553182E-13   1.200000E+02  -1.296162E+00
  8.605000000001E+00   4.927126E+00   5.198335E-01   6.603980E+01  -1.645853E-17  -1.832163E-15  -2.327585E-13   1.200000E+02  -1.307103E+00
  8.610000000001E+00   4.929825E+00   5.602909E-01   6.606575E+01  -2.612192E-17  -2.178172E-15  -2.568355E-13   1.200000E+02  -1.320975E+00
  8.615000000001E+00   4.932735E+00   6.044851E-01   6.608275E+01  -3.759825E-17  -2.325761E-15  -2.542539E-13   1.200000E+02  -1.337831E+00
  8.620000000001E+00   4.935876E+00   6.524739E-01   6.609025E+01  -4.985509E-17  -2.410872E-15  -2.442015E-13   1.200000E+02  -1.357688E+00
  8.625000000001E+00   4.939266E+00   7.042907E-01   6.608788E+01  -6.166771E-17  -2.521895E-15  -2.366447E-13   1.200000E+02  -1.380526E+00
  8.630000000001E+00   4.942925E+00   7.598878E-01   6.607546E+01  -7.454932E-17  -2.704387E-15  -2.351579E-13   1.200000E+02  -1.406272E+00
  8.635000000001E+00   4.946871E+00   8.190527E-01   6.605289E+01  -8.999464E-17  -3.661478E-15  -2.952816E-13   1.200000E+02  -1.434786E+00
  8.640000000001E+00   4.951120E+00   8.813056E-01   6.602027E+01  -1.080059E-16  -3.719054E-15  -2.786014E-13   1.200000E+02  -1.465834E+00
  8.645000000001E+00   4.955687E+00   9.457930E-01   6.597789E+01  -1.264889E-16  -3.626643E-15  -2.529922E-13   1.200000E+02  -1.499062E+00
  8.650000000001E+00   4.960580E+00   1.011196E+00   6.592635E+01  -1.412328E-16  -2.056973E-15  -1.341073E-13   1.200000E+02  -1.533966E+00
  8.655000000001E+00   4.965798E+00   1.075675E+00   6.586664E+01  -1.455177E-16   7.394957E-16   4.528143E-14   1.200000E+02  -1.569870E+00
  8.660000000001E+00   4.971331E+00   1.136876E+00   6.580023E+01  -1.341286E-16   4.215784E-15   2.440015E-13   1.200000E+02  -1.605922E+00
  8.665000000001E+00   4.977157E+00   1.192007E+00   6.572901E+01  -1.043618E-16   7.447783E-15   4.106816E-13   1.200000E+02  -1.641112E+00
  8.670000000001E+00   4.983237E+00   1.237994E+00   6.565523E+01  -5.963884E-17   1.028054E-14   5.452134E-13   1.200000E+02  -1.674322E+00
  8.675000000001E+00   4.989517E+00   1.271715E+00   6.558129E+01  -4.432884E-18   1.141610E-14   5.887189E-13   1.200000E+02  -1.704403E+00
  8.680000000001E+00   4.995930E+00   1.290284E+00   6.550947E+01   5.339589E-17   1.101596E-14   5.592948E-13   1.200000E+02  -1.730263E+00
  8.685000000001E+00   5.002392E+00   1.291369E+00   6.544166E+01   1.005468E-16   7.426234E-15   3.763333E-13   1.200000E+02  -1.750954E+00
  8.690000000001E+00   5.008813E+00   1.273477E+00   6.537922E+01   1.266041E-16   2.653315E-15   1.362189E-13   1.200000E+02  -1.765747E+00
  8.695000000001E+00   5.015096E+00   1.236198E+00   6.532278E+01   1.273053E-16  -1.870082E-15  -9.881826E-14   1.200000E+02  -1.774166E+00
  8.700000000001E+00   5.021145E+00   1.180341E+00   6.527233E+01   1.078586E-16  -5.661587E-15  -3.130831E-13   1.200000E+02  -1.775997E+00
  8.705000000001E+00   5.026873E+00   1.107958E+00   6.522723E+01   7.227654E-17  -8.367538E-15  -4.926100E-13   1.200000E+02  -1.771276E+00
  8.710000000001E+00   5.032203E+00   1.022235E+00   6.518645E+01   2.954669E-17  -8.523802E-15  -5.435507E-13   1.200000E+02  -1.760260E+00
  8.715000000001E+00   5.037080E+00   9.272636E-01   6.514873E+01  -1.023806E-17  -7.402121E-15  -5.200665E-13   1.200000E+02  -1.743404E+00
  8.720000000001E+00   5.041469E+00   8.277210E-01   6.511289E+01  -4.333855E-17  -5.445737E-15  -4.283903E-13   1.200000E+02  -1.721333E+00
  8.725000000001E+00   5.045358E+00   7.284696E-01   6.507818E+01  -6.736702E-17  -3.963333E-15  -3.540663E-13   1.200000E+02  -1.694820E+00
  8.730000000001E+00   5.048761E+00   6.341323E-01   6.504469E+01  -8.268036E-17  -2.010363E-15  -2.062085E-13   1.200000E+02  -1.664765E+00
  8.735000000001E+00   5.051713E+00   5.486717E-01   6.501382E+01  -8.792902E-17  -1.695390E-16  -2.008920E-14   1.200000E+02  -1.632165E+00
  8.740000000001E+00   5.054267E+00   4.750222E-01   6.498850E+01  -8.581369E-17   9.621180E-16   1.316288E-13   1.200000E+02  -1.598068E+00
  8.745000000001E+00   5.056485E+00   4.148320E-01   6.497300E+01  -7.998766E-17   1.202885E-15   1.884017E-13   1.200000E+02  -1.563516E+00
  8.750000000001E+00   5.058437E+00   3.683803E-01   6.497187E+01  -7.426587E-17   1.085311E-15   1.914181E-13   1.200000E+02  -1.529472E+00
  8.755000000001E+00   5.060190E+00   3.347160E-01   6.498834E+01  -6.917777E-17   7.811813E-16   1.516739E-13   1.200000E+02  -1.496759E+00
  8.760000000001E+00   5.061802E+00   3.120045E-01   6.502287E+01  -6.612649E-17   3.487115E-16   7.267276E-14   1.200000E+02  -1.466000E+00
  8.765000000001E+00   5.063324E+00   2.979824E-01   6.507288E+01  -6.542723E-17   7.307098E-17   1.595711E-14   1.200000E+02  -1.437605E+00
  8.770000000001E+00   5.064792E+00   2.903803E-01   6.513370E+01  -6.538372E-17  -1.055067E-16  -2.366567E-14   1.200000E+02  -1.411778E+00
  8.775000000001E+00   5.066234E+00   2.872176E-01   6.520019E+01  -6.634708E-17  -3.100459E-16  -7.038235E-14   1.200000E+02  -1.388554E+00
  8.780000000001E+00   5.067669E+00   2.869551E-01   6.526798E+01  -6.842319E-17  -4.456349E-16  -1.013597E-13   1.200000E+02  -1.367846E+00
  8.785000000001E+00   5.069107E+00   2.885411E-01   6.533411E+01  -7.038847E-17  -4.738137E-16  -1.072852E-13   1.200000E+02  -1.349498E+00
  8.790000000001E+00   5.070556E+00   2.913992E-01   6.539719E+01  -7.275836E-17  -4.866765E-16  -1.092222E-13   1.200000E+02  -1.333325E+00
  8.795000000001E+00   5.072023E+00   2.953833E-01   6.545721E+01  -7.511903E-17  -5.712719E-16  -1.265943E-13   1.200000E+02  -1.319158E+00
  8.800000000001E+00   5.073512E+00   3.007155E-01   6.551512E+01  -7.765695E-17  -5.209269E-16  -1.134913E-13   1.200000E+02  -1.306872E+00
  8.805000000001E+00   5.075033E+00   3.079082E-01   6.557248E+01  -7.885646E-17   8.511125E-17   1.812539E-14   1.200000E+02  -1.296414E+00
  8.810000000001E+00   5.076595E+00   3.176758E-01   6.563098E+01  -7.765355E-17   3.994276E-16   8.252068E-14   1.200000E+02  -1.287814E+00
  8.815000000001E+00   5.078215E+00   3.308404E-01   6.569192E+01  -7.458549E-17   6.882548E-16   1.366604E-13   1.200000E+02  -1.281190E+00
  8.820000000001E+00   5.079911E+00   3.482369E-01   6.575585E+01  -7.040244E-17   1.006123E-15   1.899812E-13   1.200000E+02  -1.276749E+00
  8.825000000001E+00   5.081705E+00   3.706207E-01   6.582222E+01  -6.473217E-17   1.376022E-15   2.443815E-13   1.200000E+02  -1.274767E+00
  8.830000000001E+00   5.083626E+00   3.985770E-01   6.588937E+01  -5.717880E-17   1.646972E-15   2.722634E-13   1.200000E+02  -1.275571E+00
  8.835000000001E+00   5.085701E+00   4.324333E-01   6.595458E+01  -4.678683E-17   2.410016E-15   3.675749E-13   1.200000E+02  -1.279508E+00
  8.840000000001E+00   5.087960E+00   4.721760E-01   6.601447E+01  -3.329790E-17   2.927479E-15   4.092880E-13   1.200000E+02  -1.286903E+00
  8.845000000001E+00   5.090431E+00   5.173815E-01   6.606538E+01  -1.751150E-17   3.214684E-15   4.104888E-13   1.200000E+02  -1.298021E+00
  8.850000000001E+00   5.093141E+00   5.671726E-01   6.610389E+01  -1.061957E-18   3.402510E-15   3.965621E-13   1.200000E+02  -1.313007E+00
  8.855000000001E+00   5.096108E+00   6.202148E-01   6.612725E+01   1.396896E-17   2.532501E-15   2.700150E-13   1.200000E+02  -1.331848E+00
  8.860000000001E+00   5.099345E+00   6.747609E-01   6.613365E+01   2.570343E-17   2.077993E-15   2.036652E-13   1.200000E+02  -1.354322E+00
  8.865000000001E+00   5.102855E+00   7.287460E-01   6.612247E+01   3.426656E-17   1.410760E-15   1.280047E-13   1.200000E+02  -1.379977E+00
  8.870000000001E+00   5.106628E+00   7.799242E-01   6.609431E+01   3.835164E-17   2.128949E-16   1.804168E-14   1.200000E+02  -1.408123E+00
  8.875000000001E+00   5.110646E+00   8.260328E-01   6.605087E+01   3.496924E-17  -1.714099E-15  -1.370620E-13   1.200000E+02  -1.437854E+00
  8.880000000001E+00   5.114877E+00   8.649630E-01   6.599480E+01   2.002530E-17  -4.332416E-15  -3.305540E-13   1.200000E+02  -1.468096E+00
  8.885000000001E+00   5.119281E+00   8.949182E-01   6.592938E+01  -7.114793E-18  -6.217608E-15  -4.580565E-13   1.200000E+02  -1.497684E+00
  8.890000000001E+00   5.123810E+00   9.145427E-01   6.585813E+01  -4.062581E-17  -7.168312E-15  -5.162051E-13   1.200000E+02  -1.525453E+00
  8.895000000001E+00   5.128409E+00   9.230100E-01   6.578449E+01  -8.052249E-17  -9.223758E-15  -6.573929E-13   1.200000E+02  -1.550331E+00
  8.900000000001E+00   5.133021E+00   9.200642E-01   6.571148E+01  -1.284835E-16  -9.289604E-15  -6.634685E-13   1.200000E+02  -1.571425E+00
  8.905000000001E+00   5.137592E+00   9.060183E-01   6.564150E+01  -1.706333E-16  -7.206645E-15  -5.221252E-13   1.200000E+02  -1.588075E+00
  8.910000000001E+00   5.142065E+00   8.817117E-01   6.557625E+01  -2.021105E-16  -5.355678E-15  -3.983222E-13   1.200000E+02  -1.599880E+00
  8.915000000000E+00   5.146394E+00   8.484370E-01   6.551672E+01  -2.225324E-16  -2.588515E-15  -1.998864E-13   1.200000E+02  -1.606698E+00
  8.920000000000E+00   5.150538E+00   8.078456E-01   6.546331E+01  -2.279431E-16   3.403190E-16   2.757756E-14   1.200000E+02  -1.608611E+00
  8.925000000000E+00   5.154464E+00   7.618412E-01   6.541604E+01  -2.215967E-16   2.393900E-15   2.055539E-13   1.200000E+02  -1.605892E+00
  8.930000000000E+00   5.158151E+00   7.124671E-01   6.537472E+01  -2.054671E-16   3.874804E-15   3.555451E-13   1.200000E+02  -1.598955E+00
  8.935000000000E+00   5.161587E+00   6.617938E-01   6.533916E+01  -1.830418E-16   5.094084E-15   5.029409E-13   1.200000E+02  -1.588317E+00
  8.940000000000E+00   5.164770E+00   6.118073E-01   6.530936E+01  -1.564825E-16   5.012157E-15   5.350391E-13   1.200000E+02  -1.574565E+00
  8.945000000000E+00   5.167709E+00   5.643013E-01   6.528561E+01  -1.327330E-16   4.341269E-15   5.022537E-13   1.200000E+02  -1.558325E+00
  8.950000000000E+00   5.170419E+00   5.207790E-01   6.526853E+01  -1.139888E-16   2.853527E-15   3.576286E-13   1.200000E+02  -1.540241E+00
  8.955000000000E+00   5.172925E+00   4.823706E-01   6.525895E+01  -1.024181E-16   1.464427E-15   1.981194E-13   1.200000E+02  -1.520948E+00
  8.960000000000E+00   5.175252E+00   4.497807E-01   6.525775E+01  -9.841968E-17  -1.133869E-16  -1.645107E-14   1.200000E+02  -1.501054E+00
  8.965000000000E+00   5.177432E+00   4.232767E-01   6.526556E+01  -1.025346E-16  -1.528160E-15  -2.356288E-13   1.200000E+02  -1.481116E+00
  8.970000000000E+00   5.179495E+00   4.027269E-01   6.528243E+01  -1.133143E-16  -2.813911E-15  -4.561377E-13   1.200000E+02  -1.461618E+00
  8.975000000000E+00   5.181468E+00   3.876846E-01   6.530775E+01  -1.298915E-16  -3.612203E-15  -6.084969E-13   1.200000E+02  -1.442960E+00
  8.980000000000E+00   5.183379E+00   3.775062E-01   6.534026E+01  -1.488465E-16  -3.848656E-15  -6.661405E-13   1.200000E+02  -1.425452E+00
  8.985000000000E+00   5.185250E+00   3.714814E-01   6.537832E+01  -1.683165E-16  -3.618193E-15  -6.367785E-13   1.200000E+02  -1.409315E+00
  8.990000000000E+00   5.187100E+00   3.689536E-01   6.542024E+01  -1.850173E-16  -2.924211E-15  -5.185004E-13   1.200000E+02  -1.394696E+00
  8.995000000000E+00   5.188944E+00   3.694111E-01   6.546457E+01  -1.976866E-16  -1.759738E-15  -3.118491E-13   1.200000E+02  -1.381686E+00
  9.000000000000E+00   5.190798E+00   3.725387E-01   6.551028E+01  -2.028404E-16  -2.323919E-16  -4.086570E-14   1.200000E+02  -1.370340E+00
  9.005000000000E+00   5.192674E+00   3.782250E-01   6.555677E+01  -2.000260E-16   1.490915E-15   2.584165E-13   1.200000E+02  -1.360705E+00
  9.010000000000E+00   5.194585E+00   3.865271E-01   6.560372E+01  -1.882488E-16   3.159312E-15   5.362176E-13   1.200000E+02  -1.352833E+00
  9.015000000000E+00   5.196544E+00   3.976042E-01   6.565086E+01  -1.685646E-16   4.614894E-15   7.619932E-13   1.200000E+02  -1.346797E+00
  9.020000000000E+00   5.198565E+00   4.116312E-01   6.569777E+01  -1.421284E-16   5.762782E-15   9.197599E-13   1.200000E+02  -1.342688E+00
  9.025000000000E+00   5.200665E+00   4.287088E-01   6.574368E+01  -1.117350E-16   6.220059E-15   9.538633E-13   1.200000E+02  -1.340609E+00
  9.030000000000E+00   5.202857E+00   4.487829E-01   6.578745E+01  -8.147114E-17   5.882081E-15   8.622591E-13   1.200000E+02  -1.340659E+00
  9.035000000000E+00   5.205157E+00   4.715854E-01   6.582754E+01  -5.437905E-17   4.817875E-15   6.725163E-13   1.200000E+02  -1.342915E+00
  9.040000000000E+00   5.207577E+00   4.966044E-01   6.586229E+01  -3.420041E-17   3.329902E-15   4.416291E-13   1.200000E+02  -1.347402E+00
  9.045000000000E+00   5.210125E+00   5.230866E-01   6.589006E+01  -2.219728E-17   1.416821E-15   1.784683E-13   1.200000E+02  -1.354070E+00
  9.050000000000E+00   5.212808E+00   5.500738E-01   6.590947E+01  -1.945972E-17  -4.219473E-16  -5.055744E-14   1.200000E+02  -1.362780E+00
  9.055000000000E+00   5.215625E+00   5.764685E-01   6.591963E+01  -2.622564E-17  -2.227757E-15  -2.547457E-13   1.200000E+02  -1.373287E+00
  9.060000000000E+00   5.218570E+00   6.011196E-01   6.592018E+01  -4.117507E-17  -3.575932E-15  -3.921451E-13   1.200000E+02  -1.385245E+00
  9.065000000000E+00   5.221632E+00   6.229179E-01   6.591137E+01  -6.204260E-17  -4.833580E-15  -5.114444E-13   1.200000E+02  -1.398216E+00
  9.070000000000E+00   5.224793E+00   6.408873E-01   6.589398E+01  -8.634900E-17  -5.131551E-15  -5.276096E-13   1.200000E+02  -1.411694E+00
  9.075000000000E+00   5.228033E+00   6.542592E-01   6.586923E+01  -1.122289E-16  -5.078689E-15  -5.113101E-13   1.200000E+02  -1.425138E+00
  9.080000000000E+00   5.231328E+00   6.625240E-01   6.583862E+01  -1.365215E-16  -4.564557E-15  -4.536050E-13   1.200000E+02  -1.438003E+00
  9.085000000000E+00   5.234650E+00   6.654524E-01   6.580379E+01  -1.581365E-16  -4.134360E-15  -4.088295E-13   1.200000E+02  -1.449784E+00
  9.090000000000E+00   5.237974E+00   6.630918E-01   6.576638E+01  -1.767236E-16  -3.384173E-15  -3.356470E-13   1.200000E+02  -1.460039E+00
  9.095000000000E+00   5.241273E+00   6.557402E-01   6.572789E+01  -1.911885E-16  -2.524657E-15  -2.530581E-13   1.200000E+02  -1.468417E+00
  9.100000000000E+00   5.244524E+00   6.439083E-01   6.568968E+01  -2.018178E-16  -1.850186E-15  -1.887507E-13   1.200000E+02  -1.474671E+00
  9.105000000000E+00   5.247706E+00   6.282769E-01   6.565285E+01  -2.091275E-16  -1.015828E-15  -1.061506E-13   1.200000E+02  -1.478663E+00
  9.110000000000E+00   5.250802E+00   6.096560E-01   6.561834E+01  -2.115955E-16  -4.934792E-17  -5.311403E-15   1.200000E+02  -1.480360E+00
  9.115000000000E+00   5.253799E+00   5.889491E-01   6.558693E+01  -2.096415E-16   5.255878E-16   5.853085E-14   1.200000E+02  -1.479827E+00
  9.120000000000E+00   5.256690E+00   5.671204E-01   6.555934E+01  -2.051749E-16   1.138821E-15   1.316482E-13   1.200000E+02  -1.477214E+00
  9.125000000000E+00   5.259470E+00   5.451612E-01   6.553624E+01  -1.963910E-16   2.189573E-15   2.632183E-13   1.200000E+02  -1.472748E+00
  9.130000000000E+00   5.262143E+00   5.240506E-01   6.551832E+01  -1.843873E-16   2.683746E-15   3.355297E-13   1.200000E+02  -1.466718E+00
  9.135000000000E+00   5.264713E+00   5.047068E-01   6.550628E+01  -1.683406E-16   3.510989E-15   4.556939E-13   1.200000E+02  -1.459459E+00
  9.140000000000E+00   5.267194E+00   4.879299E-01   6.550074E+01  -1.508295E-16   3.712797E-15   4.984137E-13   1.200000E+02  -1.451343E+00
  9.145000000000E+00   5.269598E+00   4.743423E-01   6.550209E+01  -1.316676E-16   3.836818E-15   5.298275E-13   1.200000E+02  -1.442759E+00
  9.150000000000E+00   5.271943E+00   4.643357E-01   6.551036E+01  -1.130924E-16   3.406735E-15   4.806359E-13   1.200000E+02  -1.434090E+00
  9.155000000000E+00   5.274247E+00   4.580367E-01   6.552507E+01  -9.778227E-17   2.560240E-15   3.662587E-13   1.200000E+02  -1.425700E+00
  9.160000000000E+00   5.276529E+00   4.552974E-01   6.554516E+01  -8.635970E-17   1.803373E-15   2.596157E-13   1.200000E+02  -1.417903E+00
  9.165000000000E+00   5.278805E+00   4.557175E-01   6.556909E+01  -8.000931E-17   9.370605E-16   1.348252E-13   1.200000E+02  -1.410953E+00
  9.170000000000E+00   5.281090E+00   4.586944E-01   6.559500E+01  -7.716533E-17   1.322501E-16   1.891225E-14   1.200000E+02  -1.405025E+00
  9.175000000000E+00   5.283395E+00   4.634982E-01   6.562096E+01  -7.952546E-17  -1.206588E-15  -1.708258E-13   1.200000E+02  -1.400211E+00
  9.180000000000E+00   5.285727E+00   4.693608E-01   6.564528E+01  -8.735029E-17  -2.042716E-15  -2.856964E-13   1.200000E+02  -1.396517E+00
  9.185000000000E+00   5.288089E+00   4.755689E-01   6.566664E+01  -9.843449E-17  -2.168045E-15  -2.993640E-13   1.200000E+02  -1.393879E+00
  9.190000000000E+00   5.290482E+00   4.815480E-01   6.568428E+01  -1.087394E-16  -1.735155E-15  -2.366792E-13   1.200000E+02  -1.392175E+00
  9.195000000000E+00   5.292904E+00   4.869240E-01   6.569801E+01  -1.154841E-16  -1.139755E-15  -1.537810E-13   1.200000E+02  -1.391250E+00
  9.200000000000E+00   5.295350E+00   4.915520E-01   6.570811E+01  -1.194149E-16  -4.321739E-16  -5.777075E-14   1.200000E+02  -1.390943E+00
  9.205000000000E+00   5.297818E+00   4.955078E-01   6.571526E+01  -1.195501E-16   3.260962E-16   4.324754E-14   1.200000E+02  -1.391108E+00
  9.210000000000E+00   5.300305E+00   4.990414E-01   6.572034E+01  -1.171008E-16   8.099458E-16   1.066643E-13   1.200000E+02  -1.391632E+00
  9.215000000000E+00   5.302808E+00   5.025029E-01   6.572426E+01  -1.130499E-16   9.077510E-16   1.187282E-13   1.200000E+02  -1.392450E+00
  9.220000000000E+00   5.305330E+00   5.062536E-01   6.572779E+01  -1.100626E-16   3.138061E-16   4.074199E-14   1.200000E+02  -1.393538E+00
  9.225000000000E+00   5.307872E+00   5.105786E-01   6.573141E+01  -1.098906E-16  -1.971141E-16  -2.537629E-14   1.200000E+02  -1.394911E+00
  9.230000000000E+00   5.310437E+00   5.156174E-01   6.573523E+01  -1.133668E-16  -1.051681E-15  -1.340771E-13   1.200000E+02  -1.396601E+00
  9.235000000000E+00   5.313029E+00   5.213238E-01   6.573902E+01  -1.209925E-16  -2.062415E-15  -2.600709E-13   1.200000E+02  -1.398644E+00
  9.240000000000E+00   5.315651E+00   5.274599E-01   6.574227E+01  -1.323596E-16  -2.397522E-15  -2.988256E-13   1.200000E+02  -1.401054E+00
  9.245000000000E+00   5.318304E+00   5.336249E-01   6.574428E+01  -1.445448E-16  -2.374337E-15  -2.925258E-13   1.200000E+02  -1.403811E+00
  9.250000000000E+00   5.320987E+00   5.393110E-01   6.574439E+01  -1.561465E-16  -2.229557E-15  -2.717928E-13   1.200000E+02  -1.406848E+00
  9.255000000000E+00   5.323695E+00   5.439761E-01   6.574203E+01  -1.656179E-16  -1.089729E-15  -1.316988E-13   1.200000E+02  -1.410053E+00
  9.260000000000E+00   5.326424E+00   5.471219E-01   6.573689E+01  -1.685505E-16   6.912812E-17   8.305767E-15   1.200000E+02  -1.413272E+00
  9.265000000000E+00   5.329163E+00   5.483648E-01   6.572895E+01  -1.645571E-16   1.338722E-15   1.604640E-13   1.200000E+02  -1.416324E+00
  9.270000000000E+00   5.331904E+00   5.474884E-01   6.571847E+01  -1.550742E-16   2.414977E-15   2.898848E-13   1.200000E+02  -1.419020E+00
  9.275000000000E+00   5.334635E+00   5.444726E-01   6.570600E+01  -1.409770E-16   2.911049E-15   3.513003E-13   1.200000E+02  -1.421184E+00
  9.280000000000E+00   5.337346E+00   5.394955E-01   6.569225E+01  -1.256508E-16   3.228439E-15   3.931145E-13   1.200000E+02  -1.422669E+00
  9.285000000000E+00   5.340027E+00   5.329113E-01   6.567812E+01  -1.104632E-16   2.770742E-15   3.414773E-13   1.200000E+02  -1.423377E+00
  9.290000000000E+00   5.342673E+00   5.252097E-01   6.566452E+01  -9.613784E-17   2.943356E-15   3.679941E-13   1.200000E+02  -1.423265E+00
  9.295000000000E+00   5.345279E+00   5.169648E-01   6.565236E+01  -8.446859E-17   1.493405E-15   1.896562E-13   1.200000E+02  -1.422349E+00
  9.300000000000E+00   5.347843E+00   5.087823E-01   6.564249E+01  -7.931389E-17   6.415958E-16   8.277794E-14   1.200000E+02  -1.420707E+00
  9.305000000000E+00   5.350367E+00   5.012513E-01   6.563562E+01  -7.900693E-17  -4.909875E-16  -6.429164E-14   1.200000E+02  -1.418463E+00
  9.310000000000E+00   5.352857E+00   4.949058E-01   6.563227E+01  -8.237416E-17  -8.622270E-16  -1.143448E-13   1.200000E+02  -1.415785E+00
  9.315000000000E+00   5.355319E+00   4.901954E-01   6.563275E+01  -8.768377E-17  -1.137493E-15  -1.523001E-13   1.200000E+02  -1.412869E+00
  9.320000000000E+00   5.357762E+00   4.874644E-01   6.563714E+01  -9.467594E-17  -1.659605E-15  -2.234661E-13   1.200000E+02  -1.409928E+00
  9.325000000000E+00   5.360197E+00   4.869361E-01   6.564522E+01  -1.015401E-16  -1.276722E-15  -1.721185E-13   1.200000E+02  -1.407176E+00
  9.330000000000E+00   5.362635E+00   4.886983E-01   6.565651E+01  -1.077809E-16  -1.253156E-15  -1.683612E-13   1.200000E+02  -1.404820E+00
  9.335000000000E+00   5.365088E+00   4.926902E-01   6.567021E+01  -1.132352E-16  -8.225302E-16  -1.096343E-13   1.200000E+02  -1.403041E+00
  9.340000000000E+00   5.367565E+00   4.986912E-01   6.568533E+01  -1.167811E-16  -5.769248E-16  -7.598991E-14   1.200000E+02  -1.401988E+00
  9.345000000000E+00   5.370077E+00   5.063145E-01   6.570064E+01  -1.181079E-16  -6.880484E-17  -8.928290E-15   1.200000E+02  -1.401761E+00
  9.350000000000E+00   5.372630E+00   5.150139E-01   6.571488E+01  -1.186338E-16  -1.998167E-17  -2.549626E-15   1.200000E+02  -1.402400E+00
  9.355000000000E+00   5.375228E+00   5.241064E-01   6.572678E+01  -1.182857E-16   6.155096E-17   7.718940E-15   1.200000E+02  -1.403878E+00
  9.360000000000E+00   5.377871E+00   5.328176E-01   6.573526E+01  -1.184450E-16  -1.589178E-16  -1.960616E-14   1.200000E+02  -1.406095E+00
  9.365000000000E+00   5.380554E+00   5.403485E-01   6.573949E+01  -1.193279E-16  -1.623400E-16  -1.975050E-14   1.200000E+02  -1.408880E+00
  9.370000000000E+00   5.383271E+00   5.459616E-01   6.573906E+01  -1.190466E-16   2.720583E-17   3.275845E-15   1.200000E+02  -1.412004E+00
  9.375000000000E+00   5.386010E+00   5.490740E-01   6.573393E+01  -1.181452E-16   5.439108E-16   6.511581E-14   1.200000E+02  -1.415195E+00
  9.380000000000E+00   5.388757E+00   5.493452E-01   6.572455E+01  -1.147273E-16   7.062627E-16   8.449840E-14   1.200000E+02  -1.418168E+00
  9.385000000000E+00   5.391499E+00   5.467427E-01   6.571175E+01  -1.093665E-16   1.500111E-15   1.802949E-13   1.200000E+02  -1.420654E+00
  9.390000000000E+00   5.394221E+00   5.415695E-01   6.569673E+01  -9.933613E-17   2.426174E-15   2.943145E-13   1.200000E+02  -1.422430E+00
  9.395000000000E+00   5.396911E+00   5.344454E-01   6.568096E+01  -8.788755E-17   2.113821E-15   2.597792E-13   1.200000E+02  -1.423352E+00
  9.400000000000E+00   5.399563E+00   5.262383E-01   6.566605E+01  -7.957329E-17   1.245496E-15   1.554178E-13   1.200000E+02  -1.423370E+00
  9.405000000000E+00   5.402174E+00   5.179542E-01   6.565357E+01  -7.530467E-17   4.529176E-16   5.740982E-14   1.200000E+02  -1.422538E+00
  9.410000000000E+00   5.404744E+00   5.106029E-01   6.564493E+01  -7.488376E-17  -3.108843E-16  -3.996839E-14   1.200000E+02  -1.421006E+00
  9.415000000000E+00   5.407283E+00   5.050617E-01   6.564110E+01  -7.806671E-17  -9.311249E-16  -1.210150E-13   1.200000E+02  -1.419002E+00
  9.420000000000E+00   5.409799E+00   5.019602E-01   6.564248E+01  -8.376382E-17  -1.393589E-15  -1.822428E-13   1.200000E+02  -1.416804E+00
  9.425000000000E+00   5.412307E+00   5.016053E-01   6.564877E+01  -9.152349E-17  -1.561138E-15  -2.043176E-13   1.200000E+02  -1.414700E+00
  9.430000000000E+00   5.414819E+00   5.039557E-01   6.565903E+01  -9.920178E-17  -1.544308E-15  -2.012037E-13   1.200000E+02  -1.412959E+00
  9.435000000000E+00   5.417350E+00   5.086447E-01   6.567178E+01  -1.047118E-16  -5.872358E-16  -7.581879E-14   1.200000E+02  -1.411794E+00
  9.440000000000E+00   5.419909E+00   5.150450E-01   6.568528E+01  -1.050372E-16   3.732623E-16   4.760330E-14   1.200000E+02  -1.411345E+00
  9.445000000000E+00   5.422502E+00   5.223622E-01   6.569779E+01  -1.022904E-16   8.939179E-16   1.124286E-13   1.200000E+02  -1.411656E+00
  9.450000000000E+00   5.425132E+00   5.297427E-01   6.570784E+01  -9.647186E-17   1.180155E-15   1.463832E-13   1.200000E+02  -1.412687E+00
  9.455000000000E+00   5.427798E+00   5.363814E-01   6.571441E+01  -9.031856E-17   1.370267E-15   1.678773E-13   1.200000E+02  -1.414312E+00
  9.460000000000E+00   5.430494E+00   5.416158E-01   6.571698E+01  -8.386169E-17   1.176860E-15   1.427944E-13   1.200000E+02  -1.416348E+00
  9.465000000000E+00   5.433211E+00   5.449955E-01   6.571557E+01  -7.895851E-17   6.736461E-16   8.122826E-14   1.200000E+02  -1.418574E+00
  9.470000000000E+00   5.435940E+00   5.463177E-01   6.571063E+01  -7.801211E-17  -4.457515E-16  -5.361462E-14   1.200000E+02  -1.420765E+00
  9.475000000000E+00   5.438671E+00   5.456276E-01   6.570296E+01  -8.254961E-17  -1.396008E-15  -1.681034E-13   1.200000E+02  -1.422713E+00
  9.480000000000E+00   5.441394E+00   5.431860E-01   6.569354E+01  -9.185359E-17  -2.124476E-15  -2.569366E-13   1.200000E+02  -1.424256E+00
  9.485000000000E+00   5.444101E+00   5.394117E-01   6.568343E+01  -1.034880E-16  -2.308911E-15  -2.811530E-13   1.200000E+02  -1.425285E+00
  9.490000000000E+00   5.446787E+00   5.348125E-01   6.567366E+01  -1.148071E-16  -2.102963E-15  -2.582387E-13   1.200000E+02  -1.425755E+00
  9.495000000000E+00   5.449449E+00   5.299149E-01   6.566508E+01  -1.226171E-16  -1.042956E-15  -1.292392E-13   1.200000E+02  -1.425678E+00
  9.500000000000E+00   5.452086E+00   5.252056E-01   6.565836E+01  -1.247002E-16   4.854099E-16   6.068332E-14   1.200000E+02  -1.425118E+00
  9.505000000000E+00   5.454702E+00   5.210905E-01   6.565393E+01  -1.186694E-16   1.758452E-15   2.215532E-13   1.200000E+02  -1.424178E+00
  9.510000000000E+00   5.457299E+00   5.178722E-01   6.565196E+01  -1.066277E-16   2.800356E-15   3.550082E-13   1.200000E+02  -1.422980E+00
  9.515000000000E+00   5.459882E+00   5.157431E-01   6.565238E+01  -9.259434E-17   2.727338E-15   3.471811E-13   1.200000E+02  -1.421658E+00
  9.520000000000E+00   5.462458E+00   5.147884E-01   6.565496E+01  -7.975571E-17   2.323239E-15   2.963007E-13   1.200000E+02  -1.420344E+00
  9.525000000000E+00   5.465032E+00   5.149925E-01   6.565928E+01  -7.100373E-17   1.147344E-15   1.462814E-13   1.200000E+02  -1.419156E+00
  9.530000000000E+00   5.467609E+00   5.162450E-01   6.566481E+01  -6.863389E-17  -5.399617E-16  -6.868151E-14   1.200000E+02  -1.418191E+00
  9.535000000000E+00   5.470196E+00   5.183446E-01   6.567094E+01  -7.385634E-17  -1.560062E-15  -1.976499E-13   1.200000E+02  -1.417518E+00
  9.540000000000E+00   5.472794E+00   5.210051E-01   6.567700E+01  -8.282620E-17  -2.139491E-15  -2.697005E-13   1.200000E+02  -1.417173E+00
  9.545000000000E+00   5.475406E+00   5.238662E-01   6.568232E+01  -9.608405E-17  -3.082732E-15  -3.865128E-13   1.200000E+02  -1.417155E+00
  9.550000000000E+00   5.478032E+00   5.265161E-01   6.568627E+01  -1.108282E-16  -2.699086E-15  -3.367283E-13   1.200000E+02  -1.417424E+00
  9.555000000000E+00   5.480670E+00   5.285261E-01   6.568835E+01  -1.206201E-16  -8.898388E-16  -1.105944E-13   1.200000E+02  -1.417899E+00
  9.560000000000E+00   5.483316E+00   5.294997E-01   6.568822E+01  -1.220358E-16   4.336647E-16   5.379921E-14   1.200000E+02  -1.418471E+00
  9.565000000000E+00   5.485963E+00   5.291278E-01   6.568578E+01  -1.158379E-16   2.327022E-15   2.888759E-13   1.200000E+02  -1.419004E+00
  9.570000000000E+00   5.488605E+00   5.272435E-01   6.568119E+01  -9.893527E-17   4.042544E-15   5.035986E-13   1.200000E+02  -1.419356E+00
  9.575000000000E+00   5.491233E+00   5.238629E-01   6.567489E+01  -7.638312E-17   4.787654E-15   6.002117E-13   1.200000E+02  -1.419393E+00
  9.580000000000E+00   5.493841E+00   5.192031E-01   6.566757E+01  -5.226964E-17   4.612506E-15   5.833788E-13   1.200000E+02  -1.419013E+00
  9.585000000000E+00   5.496424E+00   5.136690E-01   6.566013E+01  -3.337838E-17   3.124076E-15   3.993374E-13   1.200000E+02  -1.418156E+00
  9.590000000000E+00   5.498977E+00   5.078069E-01   6.565354E+01  -2.086338E-17   1.579152E-15   2.041660E-13   1.200000E+02  -1.416818E+00
  9.595000000000E+00   5.501502E+00   5.022311E-01   6.564879E+01  -1.744953E-17  -2.538576E-16  -3.318282E-14   1.200000E+02  -1.415056E+00
  9.600000000000E+00   5.504001E+00   4.975342E-01   6.564664E+01  -2.243811E-17  -1.759262E-15  -2.321240E-13   1.200000E+02  -1.412982E+00
  9.605000000000E+00   5.506480E+00   4.941970E-01   6.564759E+01  -3.526410E-17  -3.128390E-15  -4.155657E-13   1.200000E+02  -1.410749E+00
  9.610000000000E+00   5.508946E+00   4.925140E-01   6.565167E+01  -5.260121E-17  -3.605448E-15  -4.806030E-13   1.200000E+02  -1.408529E+00
  9.615000000000E+00   5.511408E+00   4.925471E-01   6.565848E+01  -7.078543E-17  -3.522130E-15  -4.695138E-13   1.200000E+02  -1.406495E+00
  9.620000000000E+00   5.513874E+00   4.941147E-01   6.566719E+01  -8.586423E-17  -2.379219E-15  -3.161951E-13   1.200000E+02  -1.404790E+00
  9.625000000000E+00   5.516351E+00   4.968177E-01   6.567666E+01  -9.645053E-17  -1.662926E-15  -2.198301E-13   1.200000E+02  -1.403512E+00
  9.630000000000E+00   5.518843E+00   5.000975E-01   6.568568E+01  -1.015997E-16  -3.754494E-16  -4.931367E-14   1.200000E+02  -1.402697E+00
  9.635000000000E+00   5.521351E+00   5.033172E-01   6.569310E+01  -9.831859E-17   1.522938E-15   1.987743E-13   1.200000E+02  -1.402317E+00
  9.640000000000E+00   5.523875E+00   5.058528E-01   6.569805E+01  -8.815180E-17   2.583956E-15   3.355935E-13   1.200000E+02  -1.402279E+00
  9.645000000000E+00   5.526408E+00   5.071835E-01   6.570002E+01  -7.247166E-17   3.323240E-15   4.304891E-13   1.200000E+02  -1.402446E+00
  9.650000000000E+00   5.528944E+00   5.069646E-01   6.569893E+01  -5.691703E-17   2.701856E-15   3.501409E-13   1.200000E+02  -1.402651E+00
  9.655000000000E+00   5.531475E+00   5.050743E-01   6.569510E+01  -4.462455E-17   2.141616E-15   2.785604E-13   1.200000E+02  -1.402722E+00
  9.660000000000E+00   5.533992E+00   5.016243E-01   6.568923E+01  -3.684524E-17   9.906960E-16   1.297347E-13   1.200000E+02  -1.402508E+00
  9.665000000000E+00   5.536489E+00   4.969350E-01   6.568223E+01  -3.520417E-17  -3.288106E-16  -4.346044E-14   1.200000E+02  -1.401900E+00
  9.670000000000E+00   5.538960E+00   4.914786E-01   6.567514E+01  -4.099354E-17  -1.992549E-15  -2.662598E-13   1.200000E+02  -1.400841E+00
  9.675000000000E+00   5.541404E+00   4.858006E-01   6.566899E+01  -5.197044E-17  -2.358668E-15  -3.188372E-13   1.200000E+02  -1.399334E+00
  9.680000000000E+00   5.543819E+00   4.804366E-01   6.566462E+01  -6.368170E-17  -2.338395E-15  -3.196048E-13   1.200000E+02  -1.397436E+00
  9.685000000000E+00   5.546209E+00   4.758364E-01   6.566263E+01  -7.623742E-17  -2.523569E-15  -3.482377E-13   1.200000E+02  -1.395250E+00
  9.690000000000E+00   5.548579E+00   4.723105E-01   6.566327E+01  -8.791444E-17  -1.868130E-15  -2.597180E-13   1.200000E+02  -1.392904E+00
  9.695000000000E+00   5.550934E+00   4.700043E-01   6.566643E+01  -9.580430E-17  -1.318389E-15  -1.841981E-13   1.200000E+02  -1.390533E+00
  9.700000000000E+00   5.553281E+00   4.689014E-01   6.567170E+01  -1.004647E-16  -7.610425E-16  -1.065873E-13   1.200000E+02  -1.388264E+00
  9.705000000000E+00   5.555625E+00   4.688502E-01   6.567844E+01  -1.029441E-16  -7.439107E-17  -1.042100E-14   1.200000E+02  -1.386200E+00
  9.710000000000E+00   5.557971E+00   4.696045E-01   6.568591E+01  -1.022741E-16   6.525829E-17   9.128003E-15   1.200000E+02  -1.384412E+00
  9.715000000000E+00   5.560322E+00   4.708689E-01   6.569339E+01  -1.022058E-16   1.891200E-16   2.638513E-14   1.200000E+02  -1.382934E+00
  9.720000000000E+00   5.562680E+00   4.723412E-01   6.570026E+01  -1.002891E-16   5.762298E-16   8.015063E-14   1.200000E+02  -1.381768E+00
  9.725000000000E+00   5.565045E+00   4.737439E-01   6.570604E+01  -9.870202E-17   1.259935E-17   1.747470E-15   1.200000E+02  -1.380883E+00
  9.730000000000E+00   5.567417E+00   4.748448E-01   6.571044E+01  -9.767084E-17   2.954235E-16   4.088158E-14   1.200000E+02  -1.380228E+00
  9.735000000000E+00   5.569793E+00   4.754667E-01   6.571333E+01  -9.696088E-17   2.988351E-16   4.130142E-14   1.200000E+02  -1.379736E+00
  9.740000000000E+00   5.572171E+00   4.754896E-01   6.571471E+01  -9.583198E-17   3.121692E-16   4.314312E-14   1.200000E+02  -1.379333E+00
  9.745000000000E+00   5.574547E+00   4.748486E-01   6.571470E+01  -9.385305E-17   5.876454E-16   8.132475E-14   1.200000E+02  -1.378944E+00
  9.750000000000E+00   5.576918E+00   4.735328E-01   6.571352E+01  -9.121954E-17   5.521382E-16   7.662183E-14   1.200000E+02  -1.378497E+00
  9.755000000000E+00   5.579281E+00   4.715845E-01   6.571144E+01  -8.853096E-17   5.777394E-16   8.050325E-14   1.200000E+02  -1.377933E+00
  9.760000000000E+00   5.581633E+00   4.691006E-01   6.570878E+01  -8.557187E-17   4.530894E-16   6.346603E-14   1.200000E+02  -1.377203E+00
  9.765000000000E+00   5.583971E+00   4.662323E-01   6.570596E+01  -8.499637E-17   2.415602E-17   3.404300E-15   1.200000E+02  -1.376280E+00
  9.770000000000E+00   5.586295E+00   4.631811E-01   6.570339E+01  -8.384105E-17   3.875172E-16   5.497028E-14   1.200000E+02  -1.375155E+00
  9.775000000000E+00   5.588603E+00   4.601861E-01   6.570150E+01  -8.207627E-17   8.680855E-17   1.239380E-14   1.200000E+02  -1.373844E+00
  9.780000000000E+00   5.590897E+00   4.575038E-01   6.570073E+01  -8.291943E-17  -5.172998E-16  -7.428785E-14   1.200000E+02  -1.372386E+00
  9.785000000000E+00   5.593179E+00   4.553780E-01   6.570137E+01  -8.799023E-17  -1.539013E-15  -2.220469E-13   1.200000E+02  -1.370843E+00
  9.790000000000E+00   5.595452E+00   4.540060E-01   6.570362E+01  -9.758960E-17  -2.102179E-15  -3.042267E-13   1.200000E+02  -1.369290E+00
  9.795000000000E+00   5.597721E+00   4.535046E-01   6.570746E+01  -1.075488E-16  -1.873031E-15  -2.713801E-13   1.200000E+02  -1.367814E+00
  9.800000000000E+00   5.599989E+00   4.538844E-01   6.571263E+01  -1.153755E-16  -1.377212E-15  -1.993904E-13   1.200000E+02  -1.366495E+00
  9.805000000000E+00   5.602261E+00   4.550366E-01   6.571869E+01  -1.219690E-16  -9.618397E-16  -1.389138E-13   1.200000E+02  -1.365401E+00
  9.810000000000E+00   5.604540E+00   4.567389E-01   6.572501E+01  -1.244962E-16   5.925111E-17   8.526272E-15   1.200000E+02  -1.364577E+00
  9.815000000000E+00   5.606829E+00   4.586794E-01   6.573089E+01  -1.207916E-16   1.652058E-15   2.367476E-13   1.200000E+02  -1.364033E+00
  9.820000000000E+00   5.609127E+00   4.604982E-01   6.573564E+01  -1.096191E-16   2.864540E-15   4.089102E-13   1.200000E+02  -1.363744E+00
  9.825000000000E+00   5.611433E+00   4.618402E-01   6.573874E+01  -9.353780E-17   3.765706E-15   5.360139E-13   1.200000E+02  -1.363652E+00
  9.830000000000E+00   5.613744E+00   4.624111E-01   6.573987E+01  -7.354639E-17   4.299645E-15   6.112702E-13   1.200000E+02  -1.363669E+00
  9.835000000000E+00   5.616055E+00   4.620266E-01   6.573899E+01  -5.138034E-17   4.644203E-15   6.607957E-13   1.200000E+02  -1.363694E+00
  9.840000000000E+00   5.618362E+00   4.606458E-01   6.573635E+01  -2.890213E-17   4.266703E-15   6.088788E-13   1.200000E+02  -1.363625E+00
  9.845000000000E+00   5.620660E+00   4.583817E-01   6.573245E+01  -7.943281E-18   3.827370E-15   5.488491E-13   1.200000E+02  -1.363374E+00
  9.850000000000E+00   5.622945E+00   4.554855E-01   6.572800E+01   9.349368E-18   2.971656E-15   4.288193E-13   1.200000E+02  -1.362882E+00
  9.855000000000E+00   5.625215E+00   4.523070E-01   6.572377E+01   2.176079E-17   1.992196E-15   2.894818E-13   1.200000E+02  -1.362128E+00
  9.860000000000E+00   5.627468E+00   4.492378E-01   6.572054E+01   2.783885E-17   4.656445E-16   6.812073E-14   1.200000E+02  -1.361132E+00
  9.865000000000E+00   5.629708E+00   4.466490E-01   6.571890E+01   2.599593E-17  -1.052047E-15  -1.547958E-13   1.200000E+02  -1.359952E+00
  9.870000000000E+00   5.631936E+00   4.448323E-01   6.571923E+01   1.693237E-17  -2.559171E-15  -3.780903E-13   1.200000E+02  -1.358672E+00
  9.875000000000E+00   5.634158E+00   4.439591E-01   6.572159E+01   9.040829E-19  -4.232445E-15  -6.265510E-13   1.200000E+02  -1.357392E+00
  9.880000000000E+00   5.636377E+00   4.440597E-01   6.572572E+01  -2.414504E-17  -5.664125E-15  -8.383528E-13   1.200000E+02  -1.356211E+00
  9.885000000000E+00   5.638600E+00   4.450281E-01   6.573112E+01  -5.534593E-17  -6.692113E-15  -9.884321E-13   1.200000E+02  -1.355214E+00
  9.890000000000E+00   5.640829E+00   4.466476E-01   6.573711E+01  -8.811033E-17  -6.333471E-15  -9.321534E-13   1.200000E+02  -1.354460E+00
  9.895000000000E+00   5.643067E+00   4.486321E-01   6.574297E+01  -1.177497E-16  -5.557968E-15  -8.144699E-13   1.200000E+02  -1.353975E+00
  9.900000000000E+00   5.645315E+00   4.506743E-01   6.574808E+01  -1.427543E-16  -4.202739E-15  -6.131301E-13   1.200000E+02  -1.353751E+00
  9.905000000000E+00   5.647573E+00   4.524930E-01   6.575194E+01  -1.594511E-16  -2.371371E-15  -3.445849E-13   1.200000E+02  -1.353751E+00
  9.910000000000E+00   5.649839E+00   4.538713E-01   6.575431E+01  -1.655907E-16  -7.455146E-17  -1.080060E-14   1.200000E+02  -1.353917E+00
  9.915000000000E+00   5.652111E+00   4.546799E-01   6.575516E+01  -1.599550E-16   2.271406E-15   3.284875E-13   1.200000E+02  -1.354177E+00
  9.920000000000E+00   5.654385E+00   4.548846E-01   6.575465E+01  -1.439718E-16   4.185290E-15   6.049936E-13   1.200000E+02  -1.354461E+00
  9.925000000000E+00   5.656659E+00   4.545364E-01   6.575310E+01  -1.181045E-16   6.010281E-15   8.694454E-13   1.200000E+02  -1.354706E+00
  9.930000000000E+00   5.658930E+00   4.537494E-01   6.575091E+01  -8.733352E-17   6.266188E-15   9.080068E-13   1.200000E+02  -1.354865E+00
  9.935000000000E+00   5.661196E+00   4.526712E-01   6.574848E+01  -5.763952E-17   5.592126E-15   8.122314E-13   1.200000E+02  -1.354909E+00
  9.940000000000E+00   5.663456E+00   4.514527E-01   6.574616E+01  -3.120647E-17   4.887363E-15   7.117585E-13   1.200000E+02  -1.354829E+00
  9.945000000000E+00   5.665710E+00   4.502237E-01   6.574420E+01  -1.115958E-17   2.980866E-15   4.352828E-13   1.200000E+02  -1.354632E+00
  9.950000000000E+00   5.667959E+00   4.490774E-01   6.574274E+01  -1.797978E-18   5.558701E-16   8.137667E-14   1.200000E+02  -1.354332E+00
  9.955000000000E+00   5.670201E+00   4.480669E-01   6.574183E+01  -4.769520E-18  -1.906773E-15  -2.797679E-13   1.200000E+02  -1.353954E+00
  9.960000000000E+00   5.672440E+00   4.472118E-01   6.574144E+01  -1.870344E-17  -3.638531E-15  -5.348746E-13   1.200000E+02  -1.353521E+00
  9.965000000000E+00   5.674674E+00   4.465114E-01   6.574148E+01  -4.017575E-17  -4.822718E-15  -7.100660E-13   1.200000E+02  -1.353054E+00
  9.970000000000E+00   5.676905E+00   4.459610E-01   6.574189E+01  -6.557569E-17  -5.214673E-15  -7.687275E-13   1.200000E+02  -1.352573E+00
  9.975000000000E+00   5.679134E+00   4.455650E-01   6.574262E+01  -9.066372E-17  -4.724448E-15  -6.970870E-13   1.200000E+02  -1.352094E+00
  9.980000000000E+00   5.681361E+00   4.453449E-01   6.574367E+01  -1.104294E-16  -3.102855E-15  -4.580565E-13   1.200000E+02  -1.351635E+00
  9.985000000000E+00   5.683587E+00   4.453379E-01   6.574506E+01  -1.219675E-16  -1.353347E-15  -1.997941E-13   1.200000E+02  -1.351212E+00
  9.990000000000E+00   5.685815E+00   4.455897E-01   6.574681E+01  -1.226264E-16   9.312278E-16   1.374028E-13   1.200000E+02  -1.350847E+00
  9.995000000000E+00   5.688044E+00   4.461399E-01   6.574894E+01  -1.129201E-16   2.779158E-15   4.095726E-13   1.200000E+02  -1.350562E+00
  1.000000000000E+01   5.690277E+00   4.470075E-01   6.575141E+01  -9.524694E-17   3.994309E-15   5.875325E-13   1.200000E+02  -1.350380E+00
  1.000500000000E+01   5.692514E+00   4.481777E-01   6.575411E+01  -7.349984E-17   4.679582E-15   6.865620E-13   1.200000E+02  -1.350323E+00
  1.001000000000E+01   5.694759E+00   4.495953E-01   6.575687E+01  -4.990153E-17   4.699158E-15   6.872891E-13   1.200000E+02  -1.350405E+00
  1.001500000000E+01   5.697011E+00   4.511654E-01   6.575946E+01  -2.818570E-17   3.972206E-15   5.789676E-13   1.200000E+02  -1.350634E+00
  1.002000000000E+01   5.699270E+00   4.527625E-01   6.576163E+01  -1.166670E-17   2.983065E-15   4.332762E-13   1.200000E+02  -1.351002E+00
  1.002500000000E+01   5.701538E+00   4.542454E-01   6.576315E+01  -3.826468E-19   1.545984E-15   2.238191E-13   1.200000E+02  -1.351490E+00
  1.003000000000E+01   5.703813E+00   4.554760E-01   6.576383E+01   4.427004E-18   3.638785E-16   5.253853E-14   1.200000E+02  -1.352067E+00
  1.003500000000E+01   5.706092E+00   4.563369E-01   6.576358E+01   4.085970E-18  -3.068669E-16  -4.422318E-14   1.200000E+02  -1.352691E+00
  1.004000000000E+01   5.708375E+00   4.567457E-01   6.576237E+01   2.274354E-18  -1.788458E-16  -2.575027E-14   1.200000E+02  -1.353313E+00
  1.004500000000E+01   5.710659E+00   4.566642E-01   6.576031E+01   3.216998E-19  -2.402640E-16  -3.459836E-14   1.200000E+02  -1.353885E+00
  1.005000000000E+01   5.712941E+00   4.560996E-01   6.575753E+01  -5.142754E-19   1.356462E-16   1.955660E-14   1.200000E+02  -1.354363E+00
  1.005500000000E+01   5.715219E+00   4.551002E-01   6.575428E+01   2.052408E-18   8.870207E-16   1.281595E-13   1.200000E+02  -1.354708E+00
  1.006000000000E+01   5.717491E+00   4.537475E-01   6.575081E+01   6.547910E-18   9.316031E-16   1.349950E-13   1.200000E+02  -1.354894E+00
  1.006500000000E+01   5.719756E+00   4.521463E-01   6.574737E+01   9.588919E-18   3.470210E-16   5.046093E-14   1.200000E+02  -1.354908E+00
  1.007000000000E+01   5.722013E+00   4.504150E-01   6.574422E+01   9.951330E-18  -2.942086E-16  -4.294377E-14   1.200000E+02  -1.354747E+00
  1.007500000000E+01   5.724260E+00   4.486788E-01   6.574158E+01   5.947216E-18  -1.463074E-15  -2.143734E-13   1.200000E+02  -1.354425E+00
  1.008000000000E+01   5.726500E+00   4.470646E-01   6.573965E+01  -6.991362E-18  -3.472705E-15  -5.106519E-13   1.200000E+02  -1.353964E+00
  1.008500000000E+01   5.728731E+00   4.456969E-01   6.573858E+01  -2.727283E-17  -4.718422E-15  -6.959491E-13   1.200000E+02  -1.353399E+00
  1.009000000000E+01   5.730957E+00   4.446938E-01   6.573850E+01  -5.358519E-17  -5.705644E-15  -8.434579E-13   1.200000E+02  -1.352771E+00
  1.009500000000E+01   5.733179E+00   4.441599E-01   6.573947E+01  -8.228127E-17  -5.564077E-15  -8.235311E-13   1.200000E+02  -1.352131E+00
  1.010000000000E+01   5.735400E+00   4.441769E-01   6.574149E+01  -1.076847E-16  -4.611394E-15  -6.825206E-13   1.200000E+02  -1.351532E+00
  1.010500000000E+01   5.737622E+00   4.447909E-01   6.574448E+01  -1.260905E-16  -2.785454E-15  -4.117176E-13   1.200000E+02  -1.351030E+00
  1.011000000000E+01   5.739849E+00   4.459979E-01   6.574826E+01  -1.327136E-16   2.894044E-16   4.266351E-14   1.200000E+02  -1.350675E+00
  1.011500000000E+01   5.742083E+00   4.477322E-01   6.575253E+01  -1.261008E-16   2.351377E-15   3.453158E-13   1.200000E+02  -1.350510E+00
  1.012000000000E+01   5.744327E+00   4.498591E-01   6.575691E+01  -1.079465E-16   4.846472E-15   7.084197E-13   1.200000E+02  -1.350563E+00
  1.012500000000E+01   5.746582E+00   4.521766E-01   6.576092E+01  -7.925770E-17   6.683022E-15   9.719249E-13   1.200000E+02  -1.350841E+00
  1.013000000000E+01   5.748848E+00   4.544284E-01   6.576408E+01  -4.463036E-17   7.054823E-15   1.020962E-12   1.200000E+02  -1.351327E+00
  1.013500000000E+01   5.751125E+00   4.563281E-01   6.576593E+01  -1.064674E-17   6.412813E-15   9.242134E-13   1.200000E+02  -1.351977E+00
  1.014000000000E+01   5.753410E+00   4.575935E-01   6.576612E+01   1.923480E-17   5.219622E-15   7.501729E-13   1.200000E+02  -1.352722E+00
  1.014500000000E+01   5.755700E+00   4.579869E-01   6.576445E+01   3.911514E-17   2.919376E-15   4.192067E-13   1.200000E+02  -1.353473E+00
  1.015000000000E+01   5.757989E+00   4.573548E-01   6.576094E+01   4.726998E-17   3.800972E-16   5.465242E-14   1.200000E+02  -1.354133E+00
  1.015500000000E+01   5.760272E+00   4.556615E-01   6.575582E+01   4.434254E-17  -1.399845E-15  -2.020095E-13   1.200000E+02  -1.354601E+00
  1.016000000000E+01   5.762544E+00   4.530077E-01   6.574958E+01   3.289173E-17  -2.884653E-15  -4.186788E-13   1.200000E+02  -1.354794E+00
  1.016500000000E+01   5.764801E+00   4.496310E-01   6.574286E+01   1.508685E-17  -3.852524E-15  -5.632973E-13   1.200000E+02  -1.354652E+00
  1.017000000000E+01   5.767039E+00   4.458851E-01   6.573647E+01  -5.329122E-18  -4.098100E-15  -6.041795E-13   1.200000E+02  -1.354157E+00
  1.017500000000E+01   5.769260E+00   4.421983E-01   6.573125E+01  -2.413170E-17  -3.192153E-15  -4.745025E-13   1.200000E+02  -1.353329E+00
  1.018000000000E+01   5.771462E+00   4.390195E-01   6.572796E+01  -3.639011E-17  -1.569254E-15  -2.349414E-13   1.200000E+02  -1.352233E+00
  1.018500000000E+01   5.773651E+00   4.367565E-01   6.572718E+01  -3.925501E-17   4.397369E-17   6.617570E-15   1.200000E+02  -1.350971E+00
  1.019000000000E+01   5.775832E+00   4.357190E-01   6.572920E+01  -3.587359E-17   1.165079E-15   1.757547E-13   1.200000E+02  -1.349673E+00
  1.019500000000E+01   5.778011E+00   4.360739E-01   6.573394E+01  -2.899797E-17   1.464945E-15   2.208264E-13   1.200000E+02  -1.348478E+00
  1.020000000000E+01   5.780195E+00   4.378187E-01   6.574096E+01  -2.309791E-17   8.220437E-16   1.234345E-13   1.200000E+02  -1.347519E+00
  1.020500000000E+01   5.782391E+00   4.407780E-01   6.574946E+01  -2.140882E-17  -5.069295E-16  -7.561706E-14   1.200000E+02  -1.346906E+00
  1.021000000000E+01   5.784604E+00   4.446215E-01   6.575844E+01  -2.703794E-17  -1.987798E-15  -2.939906E-13   1.200000E+02  -1.346711E+00
  1.021500000000E+01   5.786838E+00   4.489010E-01   6.576681E+01  -4.079034E-17  -3.495576E-15  -5.121238E-13   1.200000E+02  -1.346959E+00
  1.022000000000E+01   5.789093E+00   4.531029E-01   6.577356E+01  -6.080986E-17  -4.595937E-15  -6.671578E-13   1.200000E+02  -1.347622E+00
  1.022500000000E+01   5.791368E+00   4.567093E-01   6.577786E+01  -8.478677E-17  -4.905636E-15  -7.065375E-13   1.200000E+02  -1.348620E+00
  1.023000000000E+01   5.793658E+00   4.592606E-01   6.577919E+01  -1.095232E-16  -4.985546E-15  -7.140721E-13   1.200000E+02  -1.349832E+00
  1.023500000000E+01   5.795958E+00   4.604132E-01   6.577737E+01  -1.308970E-16  -3.311592E-15  -4.731137E-13   1.200000E+02  -1.351107E+00
  1.024000000000E+01   5.798260E+00   4.599841E-01   6.577257E+01  -1.415761E-16  -9.783525E-16  -1.398935E-13   1.200000E+02  -1.352283E+00
  1.024500000000E+01   5.800555E+00   4.579762E-01   6.576531E+01  -1.405260E-16   1.642099E-15   2.358052E-13   1.200000E+02  -1.353207E+00
  1.025000000000E+01   5.802837E+00   4.545804E-01   6.575636E+01  -1.255819E-16   4.314643E-15   6.241254E-13   1.200000E+02  -1.353751E+00
  1.025500000000E+01   5.805100E+00   4.501535E-01   6.574670E+01  -9.889766E-17   6.206229E-15   9.064444E-13   1.200000E+02  -1.353830E+00
  1.026000000000E+01   5.807338E+00   4.451735E-01   6.573741E+01  -6.491702E-17   7.098952E-15   1.048280E-12   1.200000E+02  -1.353412E+00
  1.026500000000E+01   5.809551E+00   4.401805E-01   6.572953E+01  -2.897936E-17   7.060255E-15   1.054266E-12   1.200000E+02  -1.352522E+00
  1.027000000000E+01   5.811741E+00   4.357084E-01   6.572399E+01   5.524284E-18   6.344092E-15   9.569681E-13   1.200000E+02  -1.351237E+00
  1.027500000000E+01   5.813910E+00   4.322208E-01   6.572145E+01   3.281025E-17   4.340632E-15   6.600160E-13   1.200000E+02  -1.349676E+00
  1.028000000000E+01   5.816065E+00   4.300569E-01   6.572222E+01   4.793813E-17   1.702586E-15   2.601929E-13   1.200000E+02  -1.347990E+00
  1.028500000000E+01   5.818213E+00   4.293947E-01   6.572623E+01   4.964323E-17  -1.021816E-15  -1.564065E-13   1.200000E+02  -1.346336E+00
  1.029000000000E+01   5.820361E+00   4.302356E-01   6.573298E+01   3.878263E-17  -3.177363E-15  -4.854491E-13   1.200000E+02  -1.344867E+00
  1.029500000000E+01   5.822517E+00   4.324080E-01   6.574165E+01   1.777131E-17  -5.021052E-15  -7.633814E-13   1.200000E+02  -1.343711E+00
  1.030000000000E+01   5.824687E+00   4.355890E-01   6.575119E+01  -1.089390E-17  -6.310087E-15  -9.524935E-13   1.200000E+02  -1.342955E+00
  1.030500000000E+01   5.826874E+00   4.393410E-01   6.576047E+01  -4.452924E-17  -6.961377E-15  -1.041977E-12   1.200000E+02  -1.342639E+00
  1.031000000000E+01   5.829081E+00   4.431579E-01   6.576840E+01  -7.784303E-17  -6.159170E-15  -9.140733E-13   1.200000E+02  -1.342750E+00
  1.031500000000E+01   5.831305E+00   4.465180E-01   6.577409E+01  -1.049191E-16  -4.629791E-15  -6.819887E-13   1.200000E+02  -1.343223E+00
  1.032000000000E+01   5.833544E+00   4.489406E-01   6.577688E+01  -1.242047E-16  -2.960420E-15  -4.337483E-13   1.200000E+02  -1.343947E+00
  1.032500000000E+01   5.835792E+00   4.500386E-01   6.577647E+01  -1.340009E-16  -1.207540E-15  -1.764909E-13   1.200000E+02  -1.344778E+00
  1.033000000000E+01   5.838042E+00   4.495661E-01   6.577289E+01  -1.350055E-16   7.597301E-16   1.111508E-13   1.200000E+02  -1.345555E+00
  1.033500000000E+01   5.840285E+00   4.474507E-01   6.576650E+01  -1.272012E-16   2.442020E-15   3.589292E-13   1.200000E+02  -1.346115E+00
  1.034000000000E+01   5.842514E+00   4.438089E-01   6.575799E+01  -1.119370E-16   3.503105E-15   5.190457E-13   1.200000E+02  -1.346317E+00
  1.034500000000E+01   5.844722E+00   4.389385E-01   6.574826E+01  -9.354682E-17   3.625871E-15   5.431164E-13   1.200000E+02  -1.346056E+00
  1.035000000000E+01   5.846902E+00   4.332867E-01   6.573840E+01  -7.483228E-17   3.568062E-15   5.413475E-13   1.200000E+02  -1.345276E+00
  1.035500000000E+01   5.849054E+00   4.273982E-01   6.572957E+01  -5.793492E-17   3.041121E-15   4.676940E-13   1.200000E+02  -1.343980E+00
  1.036000000000E+01   5.851177E+00   4.218460E-01   6.572283E+01  -4.308549E-17   2.799574E-15   4.361684E-13   1.200000E+02  -1.342226E+00
  1.036500000000E+01   5.853274E+00   4.171571E-01   6.571907E+01  -2.951447E-17   2.656594E-15   4.185208E-13   1.200000E+02  -1.340124E+00
  1.037000000000E+01   5.855350E+00   4.137422E-01   6.571881E+01  -1.815707E-17   2.063447E-15   3.277578E-13   1.200000E+02  -1.337821E+00
  1.037500000000E+01   5.857414E+00   4.118406E-01   6.572214E+01  -8.835018E-18   1.623412E-15   2.590666E-13   1.200000E+02  -1.335483E+00
  1.038000000000E+01   5.859471E+00   4.114864E-01   6.572865E+01  -9.113071E-19   1.650872E-15   2.637015E-13   1.200000E+02  -1.333270E+00
  1.038500000000E+01   5.861531E+00   4.125021E-01   6.573748E+01   7.847378E-18   1.769968E-15   2.820670E-13   1.200000E+02  -1.331322E+00
  1.039000000000E+01   5.863598E+00   4.145182E-01   6.574743E+01   1.620030E-17   1.371450E-15   2.175279E-13   1.200000E+02  -1.329732E+00
  1.039500000000E+01   5.865677E+00   4.170169E-01   6.575715E+01   2.154629E-17   7.906879E-16   1.246793E-13   1.200000E+02  -1.328542E+00
  1.040000000000E+01   5.867768E+00   4.193951E-01   6.576530E+01   2.373949E-17   8.050955E-17   1.262470E-14   1.200000E+02  -1.327729E+00
  1.040500000000E+01   5.869870E+00   4.210399E-01   6.577078E+01   2.326982E-17  -4.256479E-16  -6.649059E-14   1.200000E+02  -1.327210E+00
  1.041000000000E+01   5.871976E+00   4.214083E-01   6.577281E+01   1.823906E-17  -1.536608E-15  -2.398316E-13   1.200000E+02  -1.326850E+00
  1.041500000000E+01   5.874081E+00   4.201007E-01   6.577106E+01   8.999373E-18  -2.220599E-15  -3.476575E-13   1.200000E+02  -1.326480E+00
  1.042000000000E+01   5.876174E+00   4.169194E-01   6.576563E+01  -2.860569E-18  -2.833381E-15  -4.469428E-13   1.200000E+02  -1.325915E+00
  1.042500000000E+01   5.878247E+00   4.119007E-01   6.575711E+01  -1.842856E-17  -3.406021E-15  -5.437477E-13   1.200000E+02  -1.324981E+00
  1.043000000000E+01   5.880291E+00   4.053152E-01   6.574642E+01  -3.663572E-17  -3.673302E-15  -5.958484E-13   1.200000E+02  -1.323538E+00
  1.043500000000E+01   5.882299E+00   3.976336E-01   6.573481E+01  -5.357066E-17  -3.198067E-15  -5.286887E-13   1.200000E+02  -1.321498E+00
  1.044000000000E+01   5.884266E+00   3.894620E-01   6.572370E+01  -6.865333E-17  -2.479394E-15  -4.184104E-13   1.200000E+02  -1.318837E+00
  1.044500000000E+01   5.886193E+00   3.814574E-01   6.571450E+01  -7.901231E-17  -1.630674E-15  -2.809197E-13   1.200000E+02  -1.315600E+00
  1.045000000000E+01   5.888082E+00   3.742359E-01   6.570845E+01  -8.270889E-17   6.835415E-17   1.200164E-14   1.200000E+02  -1.311891E+00
  1.045500000000E+01   5.889938E+00   3.682896E-01   6.570643E+01  -7.876346E-17   1.337797E-15   2.386759E-13   1.200000E+02  -1.307861E+00
  1.046000000000E+01   5.891768E+00   3.639253E-01   6.570883E+01  -6.972257E-17   2.337027E-15   4.219638E-13   1.200000E+02  -1.303687E+00
  1.046500000000E+01   5.893580E+00   3.612323E-01   6.571542E+01  -5.730082E-17   2.769707E-15   5.038654E-13   1.200000E+02  -1.299550E+00
  1.047000000000E+01   5.895382E+00   3.600806E-01   6.572541E+01  -4.388650E-17   2.636426E-15   4.812260E-13   1.200000E+02  -1.295610E+00
  1.047500000000E+01   5.897183E+00   3.601459E-01   6.573759E+01  -3.118790E-17   2.397499E-15   4.376164E-13   1.200000E+02  -1.291990E+00
  1.048000000000E+01   5.898985E+00   3.609556E-01   6.575046E+01  -1.978180E-17   1.984416E-15   3.614745E-13   1.200000E+02  -1.288758E+00
  1.048500000000E+01   5.900792E+00   3.619473E-01   6.576249E+01  -1.216277E-17   1.256869E-15   2.283616E-13   1.200000E+02  -1.285924E+00
  1.049000000000E+01   5.902604E+00   3.625350E-01   6.577229E+01  -8.760026E-18  -8.166198E-17  -1.481539E-14   1.200000E+02  -1.283438E+00
  1.049500000000E+01   5.904416E+00   3.621760E-01   6.577878E+01  -1.160337E-17  -9.560321E-16  -1.736355E-13   1.200000E+02  -1.281195E+00
  1.050000000000E+01   5.906223E+00   3.604331E-01   6.578126E+01  -1.874989E-17  -1.932305E-15  -3.526577E-13   1.200000E+02  -1.279051E+00
  1.050500000000E+01   5.908018E+00   3.570266E-01   6.577949E+01  -3.122078E-17  -2.994547E-15  -5.517231E-13   1.200000E+02  -1.276834E+00
  1.051000000000E+01   5.909791E+00   3.518688E-01   6.577369E+01  -4.865511E-17  -3.721311E-15  -6.956125E-13   1.200000E+02  -1.274373E+00
  1.051500000000E+01   5.911534E+00   3.450771E-01   6.576447E+01  -6.719416E-17  -3.509140E-15  -6.687686E-13   1.200000E+02  -1.271509E+00
  1.052000000000E+01   5.913240E+00   3.369611E-01   6.575284E+01  -8.326505E-17  -2.932819E-15  -5.722952E-13   1.200000E+02  -1.268124E+00
  1.052500000000E+01   5.914902E+00   3.279845E-01   6.574011E+01  -9.539040E-17  -1.890459E-15  -3.789172E-13   1.200000E+02  -1.264147E+00
  1.053000000000E+01   5.916519E+00   3.187067E-01   6.572775E+01  -1.011721E-16  -4.098237E-16  -8.451906E-14   1.200000E+02  -1.259566E+00
  1.053500000000E+01   5.918090E+00   3.097110E-01   6.571730E+01  -9.979328E-17   7.892438E-16   1.674690E-13   1.200000E+02  -1.254429E+00
  1.054000000000E+01   5.919617E+00   3.015315E-01   6.571014E+01  -9.352366E-17   1.593413E-15   3.472386E-13   1.200000E+02  -1.248838E+00
  1.054500000000E+01   5.921107E+00   2.945907E-01   6.570737E+01  -8.489540E-17   1.886504E-15   4.207777E-13   1.200000E+02  -1.242933E+00
  1.055000000000E+01   5.922566E+00   2.891547E-01   6.570956E+01  -7.488101E-17   1.951339E-15   4.434361E-13   1.200000E+02  -1.236879E+00
  1.055500000000E+01   5.924001E+00   2.853117E-01   6.571673E+01  -6.572300E-17   1.838070E-15   4.233682E-13   1.200000E+02  -1.230844E+00
  1.056000000000E+01   5.925421E+00   2.829733E-01   6.572826E+01  -5.670441E-17   1.703698E-15   3.957302E-13   1.200000E+02  -1.224982E+00
  1.056500000000E+01   5.926833E+00   2.818931E-01   6.574304E+01  -4.876769E-17   1.555751E-15   3.628319E-13   1.200000E+02  -1.219418E+00
  1.057000000000E+01   5.928242E+00   2.816988E-01   6.575956E+01  -4.209911E-17   1.195768E-15   2.791391E-13   1.200000E+02  -1.214234E+00
  1.057500000000E+01   5.929651E+00   2.819323E-01   6.577617E+01  -3.713023E-17   6.938023E-16   1.618674E-13   1.200000E+02  -1.209465E+00
  1.058000000000E+01   5.931061E+00   2.820956E-01   6.579123E+01  -3.447730E-17   3.959814E-16   9.235202E-14   1.200000E+02  -1.205093E+00
  1.058500000000E+01   5.932471E+00   2.817010E-01   6.580329E+01  -3.295978E-17   2.089301E-16   4.880456E-14   1.200000E+02  -1.201049E+00
  1.059000000000E+01   5.933876E+00   2.803218E-01   6.581126E+01  -3.265871E-17   5.762921E-17   1.352963E-14   1.200000E+02  -1.197225E+00
  1.059500000000E+01   5.935272E+00   2.776419E-01   6.581445E+01  -3.236959E-17   4.509625E-17   1.068997E-14   1.200000E+02  -1.193480E+00
  1.060000000000E+01   5.936650E+00   2.734965E-01   6.581268E+01  -3.174334E-17   2.002186E-16   4.817950E-14   1.200000E+02  -1.189659E+00
  1.060500000000E+01   5.938004E+00   2.678977E-01   6.580624E+01  -3.161476E-17  -1.031961E-16  -2.534903E-14   1.200000E+02  -1.185612E+00
  1.061000000000E+01   5.939327E+00   2.610386E-01   6.579594E+01  -3.301616E-17  -4.284942E-16  -1.080039E-13   1.200000E+02  -1.181209E+00
  1.061500000000E+01   5.940613E+00   2.532718E-01   6.578303E+01  -3.650282E-17  -9.011668E-16  -2.340627E-13   1.200000E+02  -1.176358E+00
  1.062000000000E+01   5.941859E+00   2.450630E-01   6.576911E+01  -4.173191E-17  -1.145742E-15  -3.074900E-13   1.200000E+02  -1.171017E+00
  1.062500000000E+01   5.943064E+00   2.369259E-01   6.575599E+01  -4.761786E-17  -1.053227E-15  -2.923108E-13   1.200000E+02  -1.165198E+00
  1.063000000000E+01   5.944229E+00   2.293497E-01   6.574546E+01  -5.301589E-17  -1.065373E-15  -3.054003E-13   1.200000E+02  -1.158963E+00
  1.063500000000E+01   5.945359E+00   2.227330E-01   6.573907E+01  -5.858806E-17  -1.257285E-15  -3.710845E-13   1.200000E+02  -1.152415E+00
  1.064000000000E+01   5.946459E+00   2.173359E-01   6.573783E+01  -6.496050E-17  -1.382545E-15  -4.181799E-13   1.200000E+02  -1.145686E+00
  1.064500000000E+01   5.947535E+00   2.132565E-01   6.574209E+01  -7.114174E-17  -1.145169E-15  -3.530293E-13   1.200000E+02  -1.138914E+00
  1.065000000000E+01   5.948593E+00   2.104337E-01   6.575145E+01  -7.679831E-17  -1.104472E-15  -3.450997E-13   1.200000E+02  -1.132234E+00
  1.065500000000E+01   5.949641E+00   2.086695E-01   6.576486E+01  -8.154681E-17  -7.564793E-16  -2.384141E-13   1.200000E+02  -1.125753E+00
  1.066000000000E+01   5.950681E+00   2.076630E-01   6.578079E+01  -8.420426E-17  -2.799648E-16  -8.868360E-14   1.200000E+02  -1.119549E+00
  1.066500000000E+01   5.951718E+00   2.070522E-01   6.579749E+01  -8.526638E-17   1.396103E-17   4.436567E-15   1.200000E+02  -1.113660E+00
  1.067000000000E+01   5.952752E+00   2.064558E-01   6.581322E+01  -8.404614E-17   3.998040E-16   1.274480E-13   1.200000E+02  -1.108081E+00
  1.067500000000E+01   5.953782E+00   2.055151E-01   6.582644E+01  -8.042543E-17   9.688772E-16   3.103311E-13   1.200000E+02  -1.102771E+00
  1.068000000000E+01   5.954806E+00   2.039311E-01   6.583597E+01  -7.460030E-17   1.358124E-15   4.384491E-13   1.200000E+02  -1.097656E+00
  1.068500000000E+01   5.955820E+00   2.014961E-01   6.584107E+01  -6.725383E-17   1.591880E-15   5.201642E-13   1.200000E+02  -1.092641E+00
  1.069000000000E+01   5.956819E+00   1.981156E-01   6.584147E+01  -5.866150E-17   1.723928E-15   5.729281E-13   1.200000E+02  -1.087620E+00
  1.069500000000E+01   5.957799E+00   1.938157E-01   6.583741E+01  -5.013630E-17   1.632129E-15   5.544193E-13   1.200000E+02  -1.082492E+00
  1.070000000000E+01   5.958756E+00   1.887370E-01   6.582957E+01  -4.234905E-17   1.502823E-15   5.241697E-13   1.200000E+02  -1.077168E+00
  1.070500000000E+01   5.959686E+00   1.831118E-01   6.581903E+01  -3.497683E-17   1.408958E-15   5.064461E-13   1.200000E+02  -1.071586E+00
  1.071000000000E+01   5.960587E+00   1.772293E-01   6.580716E+01  -2.798386E-17   1.253076E-15   4.652807E-13   1.200000E+02  -1.065714E+00
  1.071500000000E+01   5.961458E+00   1.713945E-01   6.579545E+01  -2.264581E-17   9.258252E-16   3.554086E-13   1.200000E+02  -1.059553E+00
  1.072000000000E+01   5.962301E+00   1.658872E-01   6.578538E+01  -1.871691E-17   6.068050E-16   2.406388E-13   1.200000E+02  -1.053135E+00
  1.072500000000E+01   5.963118E+00   1.609292E-01   6.577820E+01  -1.625497E-17   4.487812E-16   1.834348E-13   1.200000E+02  -1.046515E+00
  1.073000000000E+01   5.963912E+00   1.566637E-01   6.577479E+01  -1.506011E-17   1.239409E-16   5.203621E-14   1.200000E+02  -1.039766E+00
  1.073500000000E+01   5.964686E+00   1.531483E-01   6.577555E+01  -1.559953E-17  -2.818893E-16  -1.210684E-13   1.200000E+02  -1.032965E+00
  1.074000000000E+01   5.965444E+00   1.503597E-01   6.578037E+01  -1.797265E-17  -6.895343E-16  -3.016621E-13   1.200000E+02  -1.026190E+00
  1.074500000000E+01   5.966191E+00   1.482067E-01   6.578869E+01  -2.211888E-17  -9.730926E-16  -4.319539E-13   1.200000E+02  -1.019505E+00
  1.075000000000E+01   5.966927E+00   1.465470E-01   6.579958E+01  -2.773259E-17  -1.264477E-15  -5.677497E-13   1.200000E+02  -1.012961E+00
  1.075500000000E+01   5.967657E+00   1.452052E-01   6.581188E+01  -3.457811E-17  -1.393809E-15  -6.317209E-13   1.200000E+02  -1.006589E+00
  1.076000000000E+01   5.968379E+00   1.439910E-01   6.582434E+01  -4.196318E-17  -1.516341E-15  -6.931833E-13   1.200000E+02  -1.000399E+00
  1.076500000000E+01   5.969096E+00   1.427168E-01   6.583576E+01  -4.964045E-17  -1.537995E-15  -7.094828E-13   1.200000E+02  -9.943805E-01
  1.077000000000E+01   5.969806E+00   1.412148E-01   6.584508E+01  -5.714923E-17  -1.421570E-15  -6.628438E-13   1.200000E+02  -9.885065E-01
  1.077500000000E+01   5.970508E+00   1.393527E-01   6.585148E+01  -6.345608E-17  -1.026567E-15  -4.851068E-13   1.200000E+02  -9.827343E-01
  1.078000000000E+01   5.971199E+00   1.370467E-01   6.585443E+01  -6.709990E-17  -4.599277E-16  -2.210070E-13   1.200000E+02  -9.770124E-01
  1.078500000000E+01   5.971878E+00   1.342701E-01   6.585377E+01  -6.795037E-17   1.257166E-16   6.165862E-14   1.200000E+02  -9.712857E-01
  1.079000000000E+01   5.972541E+00   1.310564E-01   6.584969E+01  -6.578096E-17   7.073833E-16   3.554268E-13   1.200000E+02  -9.655024E-01
  1.079500000000E+01   5.973188E+00   1.274938E-01   6.584274E+01  -6.092756E-17   1.195940E-15   6.176296E-13   1.200000E+02  -9.596194E-01
  1.080000000000E+01   5.973816E+00   1.237131E-01   6.583377E+01  -5.380961E-17   1.510884E-15   8.040148E-13   1.200000E+02  -9.536072E-01
  1.080500000000E+01   5.974425E+00   1.198696E-01   6.582388E+01  -4.614594E-17   1.526873E-15   8.384506E-13   1.200000E+02  -9.474528E-01
  1.081000000000E+01   5.975015E+00   1.161216E-01   6.581425E+01  -3.889580E-17   1.309751E-15   7.423276E-13   1.200000E+02  -9.411605E-01
  1.081500000000E+01   5.975586E+00   1.126103E-01   6.580603E+01  -3.355250E-17   8.038315E-16   4.697345E-13   1.200000E+02  -9.347503E-01
  1.082000000000E+01   5.976141E+00   1.094432E-01   6.580018E+01  -3.078728E-17   2.853656E-16   1.715695E-13   1.200000E+02  -9.282545E-01
  1.082500000000E+01   5.976681E+00   1.066838E-01   6.579735E+01  -3.075830E-17  -2.325561E-16  -1.434292E-13   1.200000E+02  -9.217130E-01
  1.083000000000E+01   5.977209E+00   1.043491E-01   6.579781E+01  -3.295375E-17  -6.272454E-16  -3.955126E-13   1.200000E+02  -9.151684E-01
  1.083500000000E+01   5.977725E+00   1.024112E-01   6.580139E+01  -3.719536E-17  -9.622638E-16  -6.182753E-13   1.200000E+02  -9.086608E-01
  1.084000000000E+01   5.978233E+00   1.008050E-01   6.580756E+01  -4.249031E-17  -1.189622E-15  -7.766097E-13   1.200000E+02  -9.022239E-01
  1.084500000000E+01   5.978734E+00   9.943745E-02   6.581548E+01  -4.871093E-17  -1.146215E-15  -7.586546E-13   1.200000E+02  -8.958818E-01
  1.085000000000E+01   5.979228E+00   9.819906E-02   6.582412E+01  -5.398485E-17  -9.587743E-16  -6.426790E-13   1.200000E+02  -8.896468E-01
  1.085500000000E+01   5.979716E+00   9.697578E-02   6.583240E+01  -5.804988E-17  -6.362082E-16  -4.318925E-13   1.200000E+02  -8.835189E-01
  1.086000000000E+01   5.980198E+00   9.566146E-02   6.583930E+01  -6.016032E-17  -2.646272E-16  -1.821305E-13   1.200000E+02  -8.774867E-01
  1.086500000000E+01   5.980672E+00   9.416940E-02   6.584397E+01  -6.079565E-17  -8.542889E-18  -5.973254E-15   1.200000E+02  -8.715289E-01
  1.087000000000E+01   5.981139E+00   9.244205E-02   6.584579E+01  -5.989140E-17   2.982693E-16   2.124550E-13   1.200000E+02  -8.656173E-01
  1.087500000000E+01   5.981596E+00   9.045745E-02   6.584451E+01  -5.810992E-17   3.487672E-16   2.538697E-13   1.200000E+02  -8.597209E-01
  1.088000000000E+01   5.982043E+00   8.823096E-02   6.584019E+01  -5.607301E-17   4.243190E-16   3.166376E-13   1.200000E+02  -8.538091E-01
  1.088500000000E+01   5.982478E+00   8.581199E-02   6.583324E+01  -5.396788E-17   3.838333E-16   2.944692E-13   1.200000E+02  -8.478563E-01
  1.089000000000E+01   5.982901E+00   8.327568E-02   6.582437E+01  -5.221271E-17   2.296237E-16   1.815036E-13   1.200000E+02  -8.418443E-01
  1.089500000000E+01   5.983311E+00   8.071130E-02   6.581450E+01  -5.134369E-17   1.175154E-16   9.582574E-14   1.200000E+02  -8.357646E-01
  1.090000000000E+01   5.983708E+00   7.820926E-02   6.580465E+01  -5.081593E-17   1.007693E-16   8.478651E-14   1.200000E+02  -8.296184E-01
  1.090500000000E+01   5.984093E+00   7.584933E-02   6.579580E+01  -5.051338E-17   6.123348E-17   5.311722E-14   1.200000E+02  -8.234161E-01
  1.091000000000E+01   5.984467E+00   7.369171E-02   6.578879E+01  -4.999247E-17   1.724889E-16   1.539907E-13   1.200000E+02  -8.171752E-01
  1.091500000000E+01   5.984831E+00   7.177203E-02   6.578420E+01  -4.892814E-17   2.899288E-16   2.657405E-13   1.200000E+02  -8.109180E-01
  1.092000000000E+01   5.985185E+00   7.010008E-02   6.578229E+01  -4.716706E-17   4.345713E-16   4.078041E-13   1.200000E+02  -8.046682E-01
  1.092500000000E+01   5.985532E+00   6.866156E-02   6.578301E+01  -4.454380E-17   5.836083E-16   5.591413E-13   1.200000E+02  -7.984487E-01
  1.093000000000E+01   5.985872E+00   6.742179E-02   6.578598E+01  -4.136668E-17   6.775560E-16   6.611169E-13   1.200000E+02  -7.922790E-01
  1.093500000000E+01   5.986206E+00   6.633069E-02   6.579056E+01  -3.796371E-17   6.694273E-16   6.639762E-13   1.200000E+02  -7.861735E-01
  1.094000000000E+01   5.986536E+00   6.532842E-02   6.579594E+01  -3.469547E-17   6.265854E-16   6.310695E-13   1.200000E+02  -7.801405E-01
  1.094500000000E+01   5.986860E+00   6.435149E-02   6.580124E+01  -3.195629E-17   4.367220E-16   4.465608E-13   1.200000E+02  -7.741814E-01
  1.095000000000E+01   5.987179E+00   6.333902E-02   6.580554E+01  -3.049568E-17   1.643408E-16   1.707405E-13   1.200000E+02  -7.682910E-01
  1.095500000000E+01   5.987493E+00   6.223900E-02   6.580807E+01  -3.050722E-17  -1.823298E-16  -1.927854E-13   1.200000E+02  -7.624582E-01
  1.096000000000E+01   5.987801E+00   6.101385E-02   6.580818E+01  -3.201101E-17  -4.065005E-16  -4.384424E-13   1.200000E+02  -7.566676E-01
  1.096500000000E+01   5.988103E+00   5.964473E-02   6.580551E+01  -3.467152E-17  -6.232696E-16  -6.876479E-13   1.200000E+02  -7.509012E-01
  1.097000000000E+01   5.988397E+00   5.813369E-02   6.579998E+01  -3.823301E-17  -7.956432E-16  -9.005674E-13   1.200000E+02  -7.451407E-01
  1.097500000000E+01   5.988684E+00   5.650326E-02   6.579180E+01  -4.228240E-17  -8.238729E-16  -9.593090E-13   1.200000E+02  -7.393696E-01
  1.098000000000E+01   5.988962E+00   5.479321E-02   6.578151E+01  -4.634260E-17  -8.095410E-16  -9.718875E-13   1.200000E+02  -7.335754E-01
  1.098500000000E+01   5.989232E+00   5.305489E-02   6.576988E+01  -5.005417E-17  -6.477295E-16  -8.029625E-13   1.200000E+02  -7.277506E-01
  1.099000000000E+01   5.989493E+00   5.134415E-02   6.575783E+01  -5.280098E-17  -4.376127E-16  -5.604623E-13   1.200000E+02  -7.218942E-01
  1.099500000000E+01   5.989745E+00   4.971397E-02   6.574637E+01  -5.443135E-17  -2.140844E-16  -2.831251E-13   1.200000E+02  -7.160105E-01
  1.100000000000E+01   5.989990E+00   4.820813E-02   6.573640E+01  -5.500680E-17  -4.995682E-18  -6.812090E-15   1.200000E+02  -7.101096E-01
  1.100500000000E+01   5.990228E+00   4.685667E-02   6.572869E+01  -5.450456E-17   2.181059E-16   3.059504E-13   1.200000E+02  -7.042047E-01
  1.101000000000E+01   5.990459E+00   4.567354E-02   6.572367E+01  -5.300000E-17   3.772272E-16   5.428254E-13   1.200000E+02  -6.983114E-01
  1.101500000000E+01   5.990685E+00   4.465632E-02   6.572150E+01  -5.080788E-17   4.848668E-16   7.135872E-13   1.200000E+02  -6.924456E-01
  1.102000000000E+01   5.990906E+00   4.378756E-02   6.572195E+01  -4.815187E-17   5.578361E-16   8.372715E-13   1.200000E+02  -6.866217E-01
  1.102500000000E+01   5.991123E+00   4.303744E-02   6.572450E+01  -4.532462E-17   5.536263E-16   8.454687E-13   1.200000E+02  -6.808511E-01
  1.103000000000E+01   5.991336E+00   4.236733E-02   6.572836E+01  -4.267566E-17   4.923962E-16   7.638999E-13   1.200000E+02  -6.751414E-01
  1.103500000000E+01   5.991547E+00   4.173401E-02   6.573262E+01  -4.045329E-17   3.949883E-16   6.221213E-13   1.200000E+02  -6.694958E-01
  1.104000000000E+01   5.991754E+00   4.109425E-02   6.573631E+01  -3.880261E-17   2.553035E-16   4.083955E-13   1.200000E+02  -6.639127E-01
  1.104500000000E+01   5.991957E+00   4.040954E-02   6.573850E+01  -3.794100E-17   9.115993E-17   1.482996E-13   1.200000E+02  -6.583860E-01
  1.105000000000E+01   5.992158E+00   3.965018E-02   6.573846E+01  -3.787970E-17  -6.908253E-17  -1.145361E-13   1.200000E+02  -6.529066E-01
  1.105500000000E+01   5.992354E+00   3.879853E-02   6.573566E+01  -3.856135E-17  -1.881881E-16  -3.188439E-13   1.200000E+02  -6.474625E-01
  1.106000000000E+01   5.992545E+00   3.785058E-02   6.572989E+01  -3.987082E-17  -3.281577E-16  -5.698663E-13   1.200000E+02  -6.420413E-01
  1.106500000000E+01   5.992732E+00   3.681579E-02   6.572122E+01  -4.176917E-17  -4.150011E-16  -7.408336E-13   1.200000E+02  -6.366311E-01
  1.107000000000E+01   5.992914E+00   3.571507E-02   6.571002E+01  -4.394246E-17  -4.523132E-16  -8.321840E-13   1.200000E+02  -6.312218E-01
  1.107500000000E+01   5.993089E+00   3.457732E-02   6.569689E+01  -4.617853E-17  -4.212960E-16  -8.004623E-13   1.200000E+02  -6.258065E-01
  1.108000000000E+01   5.993259E+00   3.343535E-02   6.568264E+01  -4.812469E-17  -3.643367E-16  -7.157273E-13   1.200000E+02  -6.203816E-01
  1.108500000000E+01   5.993424E+00   3.232177E-02   6.566814E+01  -4.981164E-17  -3.139225E-16  -6.377963E-13   1.200000E+02  -6.149472E-01
  1.109000000000E+01   5.993583E+00   3.126551E-02   6.565428E+01  -5.111409E-17  -1.948683E-16  -4.092029E-13   1.200000E+02  -6.095068E-01
  1.109500000000E+01   5.993736E+00   3.028944E-02   6.564187E+01  -5.184780E-17  -9.898128E-17  -2.145077E-13   1.200000E+02  -6.040665E-01
  1.110000000000E+01   5.993886E+00   2.940904E-02   6.563157E+01  -5.207716E-17   2.771045E-18   6.184086E-15   1.200000E+02  -5.986346E-01
  1.110500000000E+01   5.994031E+00   2.863196E-02   6.562381E+01  -5.182670E-17   7.841245E-17   1.797196E-13   1.200000E+02  -5.932204E-01
  1.111000000000E+01   5.994172E+00   2.795828E-02   6.561882E+01  -5.128171E-17   1.343789E-16   3.153908E-13   1.200000E+02  -5.878332E-01
  1.111500000000E+01   5.994310E+00   2.738113E-02   6.561653E+01  -5.039532E-17   1.918223E-16   4.596857E-13   1.200000E+02  -5.824822E-01
  1.112000000000E+01   5.994446E+00   2.688753E-02   6.561667E+01  -4.938140E-17   2.117398E-16   5.167324E-13   1.200000E+02  -5.771751E-01
  1.112500000000E+01   5.994579E+00   2.645939E-02   6.561869E+01  -4.828659E-17   2.161737E-16   5.361059E-13   1.200000E+02  -5.719180E-01
  1.113000000000E+01   5.994711E+00   2.607471E-02   6.562188E+01  -4.717622E-17   2.275140E-16   5.725814E-13   1.200000E+02  -5.667145E-01
  1.113500000000E+01   5.994840E+00   2.570907E-02   6.562540E+01  -4.617400E-17   1.800048E-16   4.594833E-13   1.200000E+02  -5.615660E-01
  1.114000000000E+01   5.994968E+00   2.533745E-02   6.562831E+01  -4.534279E-17   1.480303E-16   3.834237E-13   1.200000E+02  -5.564710E-01
  1.114500000000E+01   5.995094E+00   2.493644E-02   6.562973E+01  -4.464340E-17   1.271474E-16   3.346368E-13   1.200000E+02  -5.514256E-01
  1.115000000000E+01   5.995217E+00   2.448667E-02   6.562884E+01  -4.414246E-17   9.267006E-17   2.483730E-13   1.200000E+02  -5.464236E-01
  1.115500000000E+01   5.995338E+00   2.397520E-02   6.562504E+01  -4.375219E-17   6.108830E-17   1.672112E-13   1.200000E+02  -5.414572E-01
  1.116000000000E+01   5.995457E+00   2.339739E-02   6.561800E+01  -4.352771E-17   4.349632E-17   1.219855E-13   1.200000E+02  -5.365177E-01
  1.116500000000E+01   5.995572E+00   2.275787E-02   6.560771E+01  -4.341142E-17   7.030497E-18   2.026792E-14   1.200000E+02  -5.315969E-01
  1.117000000000E+01   5.995684E+00   2.207031E-02   6.559454E+01  -4.350560E-17  -4.434415E-17  -1.317940E-13   1.200000E+02  -5.266875E-01
  1.117500000000E+01   5.995793E+00   2.135571E-02   6.557920E+01  -4.383352E-17  -8.306876E-17  -2.550879E-13   1.200000E+02  -5.217842E-01
  1.118000000000E+01   5.995898E+00   2.063972E-02   6.556271E+01  -4.429148E-17  -1.067322E-16  -3.390382E-13   1.200000E+02  -5.168844E-01
  1.118500000000E+01   5.995999E+00   1.994929E-02   6.554628E+01  -4.485953E-17  -1.243355E-16  -4.085222E-13   1.200000E+02  -5.119885E-01
  1.119000000000E+01   5.996097E+00   1.930937E-02   6.553119E+01  -4.549055E-17  -1.326204E-16  -4.500807E-13   1.200000E+02  -5.070998E-01
  1.119500000000E+01   5.996192E+00   1.874012E-02   6.551863E+01  -4.609213E-17  -1.079269E-16  -3.773308E-13   1.200000E+02  -5.022237E-01
  1.120000000000E+01   5.996285E+00   1.825505E-02   6.550955E+01  -4.658244E-17  -7.984351E-17  -2.865241E-13   1.200000E+02  -4.973676E-01
  1.120500000000E+01   5.996375E+00   1.786003E-02   6.550456E+01  -4.693479E-17  -5.419446E-17  -1.987670E-13   1.200000E+02  -4.925398E-01
  1.121000000000E+01   5.996464E+00   1.755305E-02   6.550380E+01  -4.708959E-17  -1.388629E-17  -5.182030E-14   1.200000E+02  -4.877488E-01
  1.121500000000E+01   5.996551E+00   1.732473E-02   6.550697E+01  -4.707129E-17   1.632227E-17   6.171653E-14   1.200000E+02  -4.830021E-01
  1.122000000000E+01   5.996637E+00   1.715923E-02   6.551333E+01  -4.693644E-17   3.244937E-17   1.238906E-13   1.200000E+02  -4.783060E-01
  1.122500000000E+01   5.996723E+00   1.703573E-02   6.552178E+01  -4.671714E-17   4.417788E-17   1.699143E-13   1.200000E+02  -4.736647E-01
  1.123000000000E+01   5.996807E+00   1.693039E-02   6.553103E+01  -4.655385E-17   2.209970E-17   8.553947E-14   1.200000E+02  -4.690798E-01
  1.123500000000E+01   5.996892E+00   1.681874E-02   6.553970E+01  -4.648715E-17  -3.945450E-18  -1.537473E-14   1.200000E+02  -4.645505E-01
  1.124000000000E+01   5.996976E+00   1.667844E-02   6.554650E+01  -4.657306E-17  -4.067365E-17  -1.598480E-13   1.200000E+02  -4.600734E-01
  1.124500000000E+01   5.997059E+00   1.649190E-02   6.555039E+01  -4.688253E-17  -8.227932E-17  -3.270359E-13   1.200000E+02  -4.556428E-01
  1.125000000000E+01   5.997140E+00   1.624856E-02   6.555068E+01  -4.740360E-17  -1.187391E-16  -4.790229E-13   1.200000E+02  -4.512520E-01
  1.125500000000E+01   5.997221E+00   1.594611E-02   6.554709E+01  -4.801786E-17  -1.267642E-16  -5.210692E-13   1.200000E+02  -4.468933E-01
  1.126000000000E+01   5.997300E+00   1.559054E-02   6.553982E+01  -4.859667E-17  -1.103182E-16  -4.637578E-13   1.200000E+02  -4.425596E-01
  1.126500000000E+01   5.997377E+00   1.519492E-02   6.552945E+01  -4.907987E-17  -7.355448E-17  -3.172102E-13   1.200000E+02  -4.382449E-01
  1.127000000000E+01   5.997452E+00   1.477717E-02   6.551694E+01  -4.934878E-17  -2.598633E-17  -1.152146E-13   1.200000E+02  -4.339449E-01
  1.127500000000E+01   5.997525E+00   1.435741E-02   6.550349E+01  -4.933190E-17   3.225537E-17   1.471602E-13   1.200000E+02  -4.296576E-01
  1.128000000000E+01   5.997595E+00   1.395538E-02   6.549040E+01  -4.904875E-17   7.268923E-17   3.411192E-13   1.200000E+02  -4.253830E-01
  1.128500000000E+01   5.997664E+00   1.358832E-02   6.547894E+01  -4.857829E-17   1.121371E-16   5.403625E-13   1.200000E+02  -4.211233E-01
  1.129000000000E+01   5.997731E+00   1.326958E-02   6.547021E+01  -4.794080E-17   1.407313E-16   6.943482E-13   1.200000E+02  -4.168824E-01
  1.129500000000E+01   5.997797E+00   1.300780E-02   6.546507E+01  -4.721365E-17   1.437730E-16   7.235741E-13   1.200000E+02  -4.126651E-01
  1.130000000000E+01   5.997861E+00   1.280675E-02   6.546400E+01  -4.652654E-17   1.285655E-16   6.571859E-13   1.200000E+02  -4.084770E-01
  1.130500000000E+01   5.997925E+00   1.266535E-02   6.546711E+01  -4.594089E-17   1.039142E-16   5.371321E-13   1.200000E+02  -4.043238E-01
  1.131000000000E+01   5.997988E+00   1.257804E-02   6.547411E+01  -4.551747E-17   6.040194E-17   3.144182E-13   1.200000E+02  -4.002107E-01
  1.131500000000E+01   5.998051E+00   1.253519E-02   6.548432E+01  -4.531823E-17   1.761300E-17   9.201099E-14   1.200000E+02  -3.961420E-01
  1.132000000000E+01   5.998114E+00   1.252374E-02   6.549678E+01  -4.535558E-17  -2.735101E-17  -1.430405E-13   1.200000E+02  -3.921209E-01
  1.132500000000E+01   5.998176E+00   1.252808E-02   6.551028E+01  -4.558613E-17  -6.164119E-17  -3.223265E-13   1.200000E+02  -3.881488E-01
  1.133000000000E+01   5.998239E+00   1.253122E-02   6.552353E+01  -4.595309E-17  -7.650965E-17  -4.000554E-13   1.200000E+02  -3.842256E-01
  1.133500000000E+01   5.998301E+00   1.251641E-02   6.553525E+01  -4.638736E-17  -9.404561E-17  -4.924176E-13   1.200000E+02  -3.803491E-01
  1.134000000000E+01   5.998364E+00   1.246893E-02   6.554431E+01  -4.686934E-17  -1.027522E-16  -5.401282E-13   1.200000E+02  -3.765157E-01
  1.134500000000E+01   5.998426E+00   1.237794E-02   6.554987E+01  -4.738739E-17  -1.056381E-16  -5.594275E-13   1.200000E+02  -3.727202E-01
  1.135000000000E+01   5.998488E+00   1.223805E-02   6.555143E+01  -4.791929E-17  -1.126610E-16  -6.034534E-13   1.200000E+02  -3.689567E-01
  1.135500000000E+01   5.998548E+00   1.205017E-02   6.554897E+01  -4.844833E-17  -1.036209E-16  -5.636638E-13   1.200000E+02  -3.652193E-01
  1.136000000000E+01   5.998608E+00   1.182153E-02   6.554291E+01  -4.898032E-17  -1.006076E-16  -5.578060E-13   1.200000E+02  -3.615024E-01
  1.136500000000E+01   5.998667E+00   1.156462E-02   6.553408E+01  -4.946596E-17  -9.373612E-17  -5.311815E-13   1.200000E+02  -3.578016E-01
  1.137000000000E+01   5.998724E+00   1.129549E-02   6.552371E+01  -4.989485E-17  -7.771902E-17  -4.508384E-13   1.200000E+02  -3.541141E-01
  1.137500000000E+01   5.998780E+00   1.103155E-02   6.551319E+01  -5.024722E-17  -5.975701E-17  -3.548795E-13   1.200000E+02  -3.504392E-01
  1.138000000000E+01   5.998834E+00   1.078948E-02   6.550403E+01  -5.047409E-17  -3.171767E-17  -1.925612E-13   1.200000E+02  -3.467777E-01
  1.138500000000E+01   5.998887E+00   1.058339E-02   6.549761E+01  -5.053934E-17   5.285033E-18   3.270756E-14   1.200000E+02  -3.431324E-01
  1.139000000000E+01   5.998940E+00   1.042359E-02   6.549502E+01  -5.045305E-17   3.641467E-17   2.288060E-13   1.200000E+02  -3.395072E-01
  1.139500000000E+01   5.998992E+00   1.031582E-02   6.549698E+01  -5.018588E-17   6.821338E-17   4.330991E-13   1.200000E+02  -3.359069E-01
  1.140000000000E+01   5.999043E+00   1.026091E-02   6.550369E+01  -4.978389E-17   9.740571E-17   6.218195E-13   1.200000E+02  -3.323367E-01
  1.140500000000E+01   5.999094E+00   1.025481E-02   6.551485E+01  -4.927266E-17   1.124919E-16   7.186766E-13   1.200000E+02  -3.288014E-01
  1.141000000000E+01   5.999146E+00   1.028879E-02   6.552961E+01  -4.868486E-17   1.192054E-16   7.592229E-13   1.200000E+02  -3.253052E-01
  1.141500000000E+01   5.999197E+00   1.035009E-02   6.554677E+01  -4.810650E-17   1.105492E-16   7.001045E-13   1.200000E+02  -3.218511E-01
  1.142000000000E+01   5.999249E+00   1.042282E-02   6.556480E+01  -4.761347E-17   8.673903E-17   5.456325E-13   1.200000E+02  -3.184404E-01
  1.142500000000E+01   5.999302E+00   1.048948E-02   6.558209E+01  -4.726722E-17   4.576550E-17   2.861341E-13   1.200000E+02  -3.150727E-01
  1.143000000000E+01   5.999354E+00   1.053287E-02   6.559708E+01  -4.711782E-17   1.029163E-17   6.409467E-14   1.200000E+02  -3.117458E-01
  1.143500000000E+01   5.999407E+00   1.053831E-02   6.560849E+01  -4.719154E-17  -4.510798E-17  -2.808292E-13   1.200000E+02  -3.084555E-01
  1.144000000000E+01   5.999460E+00   1.049581E-02   6.561541E+01  -4.749880E-17  -7.882974E-17  -4.928105E-13   1.200000E+02  -3.051966E-01
  1.144500000000E+01   5.999512E+00   1.040166E-02   6.561748E+01  -4.797849E-17  -1.077338E-16  -6.796244E-13   1.200000E+02  -3.019630E-01
  1.145000000000E+01   5.999563E+00   1.025910E-02   6.561489E+01  -4.852552E-17  -1.099701E-16  -7.033441E-13   1.200000E+02  -2.987489E-01
  1.145500000000E+01   5.999614E+00   1.007783E-02   6.560839E+01  -4.906221E-17  -9.910154E-17  -6.451676E-13   1.200000E+02  -2.955489E-01
  1.146000000000E+01   5.999664E+00   9.872443E-03   6.559920E+01  -4.950831E-17  -7.866548E-17  -5.227067E-13   1.200000E+02  -2.923593E-01
  1.146500000000E+01   5.999713E+00   9.660106E-03   6.558887E+01  -4.981108E-17  -4.357361E-17  -2.958502E-13   1.200000E+02  -2.891781E-01
  1.147000000000E+01   5.999761E+00   9.458172E-03   6.557911E+01  -4.990928E-17   1.830756E-18   1.269372E-14   1.200000E+02  -2.860052E-01
  1.147500000000E+01   5.999808E+00   9.282013E-03   6.557155E+01  -4.983097E-17   3.208480E-17   2.266588E-13   1.200000E+02  -2.828422E-01
  1.148000000000E+01   5.999854E+00   9.143438E-03   6.556756E+01  -4.961425E-17   5.183369E-17   3.716992E-13   1.200000E+02  -2.796923E-01
  1.148500000000E+01   5.999899E+00   9.049737E-03   6.556805E+01  -4.930808E-17   6.078328E-17   4.403930E-13   1.200000E+02  -2.765597E-01
  1.149000000000E+01   5.999944E+00   9.003269E-03   6.557343E+01  -4.900426E-17   5.688910E-17   4.143398E-13   1.200000E+02  -2.734489E-01
  1.149500000000E+01   5.999989E+00   9.001450E-03   6.558346E+01  -4.876399E-17   3.561847E-17   2.595118E-13   1.200000E+02  -2.703647E-01
  1.150000000000E+01   6.000034E+00   9.037067E-03   6.559738E+01  -4.863998E-17   1.093536E-17   7.937650E-14   1.200000E+02  -2.673110E-01
  1.150500000000E+01   6.000080E+00   9.098917E-03   6.561394E+01  -4.865133E-17  -1.520885E-17  -1.096738E-13   1.200000E+02  -2.642908E-01
  1.151000000000E+01   6.000125E+00   9.172828E-03   6.563160E+01  -4.879367E-17  -4.588297E-17  -3.282927E-13   1.200000E+02  -2.613057E-01
  1.151500000000E+01   6.000171E+00   9.243096E-03   6.564871E+01  -4.906248E-17  -6.267031E-17  -4.451133E-13   1.200000E+02  -2.583557E-01
  1.152000000000E+01   6.000218E+00   9.294323E-03   6.566369E+01  -4.944408E-17  -8.309464E-17  -5.870573E-13   1.200000E+02  -2.554390E-01
  1.152500000000E+01   6.000264E+00   9.313420E-03   6.567523E+01  -4.986541E-17  -8.247283E-17  -5.815718E-13   1.200000E+02  -2.525524E-01
  1.153000000000E+01   6.000311E+00   9.291452E-03   6.568245E+01  -5.026986E-17  -7.331379E-17  -5.182644E-13   1.200000E+02  -2.496913E-01
  1.153500000000E+01   6.000357E+00   9.224919E-03   6.568497E+01  -5.059079E-17  -5.080181E-17  -3.617284E-13   1.200000E+02  -2.468508E-01
  1.154000000000E+01   6.000403E+00   9.116131E-03   6.568295E+01  -5.081090E-17  -3.409756E-17  -2.456775E-13   1.200000E+02  -2.440258E-01
  1.154500000000E+01   6.000448E+00   8.972607E-03   6.567704E+01  -5.092155E-17  -1.013790E-17  -7.420668E-14   1.200000E+02  -2.412116E-01
  1.155000000000E+01   6.000493E+00   8.805642E-03   6.566832E+01  -5.093819E-17   7.828304E-18   5.837979E-14   1.200000E+02  -2.384050E-01
  1.155500000000E+01   6.000536E+00   8.628425E-03   6.565809E+01  -5.086308E-17   1.946929E-17   1.481518E-13   1.200000E+02  -2.356038E-01
  1.156000000000E+01   6.000579E+00   8.454147E-03   6.564777E+01  -5.076527E-17   2.093364E-17   1.625530E-13   1.200000E+02  -2.328075E-01
  1.156500000000E+01   6.000621E+00   8.294430E-03   6.563871E+01  -5.067051E-17   2.041884E-17   1.615863E-13   1.200000E+02  -2.300168E-01
  1.157000000000E+01   6.000662E+00   8.158276E-03   6.563205E+01  -5.057835E-17   1.749998E-17   1.407846E-13   1.200000E+02  -2.272337E-01
  1.157500000000E+01   6.000702E+00   8.051534E-03   6.562860E+01  -5.049971E-17   1.506998E-17   1.228364E-13   1.200000E+02  -2.244608E-01
  1.158000000000E+01   6.000743E+00   7.976789E-03   6.562880E+01  -5.041476E-17   1.725730E-17   1.419839E-13   1.200000E+02  -2.217012E-01
  1.158500000000E+01   6.000782E+00   7.933529E-03   6.563267E+01  -5.030404E-17   2.625056E-17   2.171662E-13   1.200000E+02  -2.189581E-01
  1.159000000000E+01   6.000822E+00   7.918490E-03   6.563988E+01  -5.012504E-17   4.765848E-17   3.950623E-13   1.200000E+02  -2.162346E-01
  1.159500000000E+01   6.000861E+00   7.926080E-03   6.564976E+01  -4.986193E-17   6.014546E-17   4.981699E-13   1.200000E+02  -2.135330E-01
  1.160000000000E+01   6.000901E+00   7.948893E-03   6.566140E+01  -4.952827E-17   7.086361E-17   5.853650E-13   1.200000E+02  -2.108552E-01
  1.160500000000E+01   6.000941E+00   7.978292E-03   6.567374E+01  -4.915476E-17   7.596742E-17   6.253299E-13   1.200000E+02  -2.082019E-01
  1.161000000000E+01   6.000981E+00   8.005085E-03   6.568567E+01  -4.879107E-17   6.895117E-17   5.657784E-13   1.200000E+02  -2.055731E-01
  1.161500000000E+01   6.001021E+00   8.020296E-03   6.569613E+01  -4.850186E-17   4.848303E-17   3.971359E-13   1.200000E+02  -2.029677E-01
  1.162000000000E+01   6.001061E+00   8.016007E-03   6.570419E+01  -4.834218E-17   1.689197E-17   1.384571E-13   1.200000E+02  -2.003836E-01
  1.162500000000E+01   6.001101E+00   7.986176E-03   6.570912E+01  -4.836883E-17  -2.647558E-17  -2.178373E-13   1.200000E+02  -1.978182E-01
  1.163000000000E+01   6.001141E+00   7.927349E-03   6.571047E+01  -4.861495E-17  -7.161003E-17  -5.935816E-13   1.200000E+02  -1.952681E-01
  1.163500000000E+01   6.001180E+00   7.839130E-03   6.570815E+01  -4.906077E-17  -1.048190E-16  -8.786007E-13   1.200000E+02  -1.927300E-01
  1.164000000000E+01   6.001219E+00   7.724292E-03   6.570237E+01  -4.965189E-17  -1.290898E-16  -1.098030E-12   1.200000E+02  -1.902005E-01
  1.164500000000E+01   6.001258E+00   7.588503E-03   6.569371E+01  -5.032323E-17  -1.356064E-16  -1.173945E-12   1.200000E+02  -1.876770E-01
  1.165000000000E+01   6.001295E+00   7.439653E-03   6.568304E+01  -5.098273E-17  -1.232420E-16  -1.088077E-12   1.200000E+02  -1.851573E-01
  1.165500000000E+01   6.001332E+00   7.286913E-03   6.567147E+01  -5.154003E-17  -9.479765E-17  -8.543400E-13   1.200000E+02  -1.826404E-01
  1.166000000000E+01   6.001368E+00   7.139670E-03   6.566021E+01  -5.192215E-17  -5.303503E-17  -4.877384E-13   1.200000E+02  -1.801264E-01
  1.166500000000E+01   6.001403E+00   7.006489E-03   6.565046E+01  -5.207283E-17  -2.686482E-18  -2.517220E-14   1.200000E+02  -1.776160E-01
  1.167000000000E+01   6.001438E+00   6.894250E-03   6.564326E+01  -5.196639E-17   4.362739E-17   4.153961E-13   1.200000E+02  -1.751112E-01
  1.167500000000E+01   6.001472E+00   6.807508E-03   6.563939E+01  -5.165616E-17   7.901985E-17   7.619256E-13   1.200000E+02  -1.726142E-01
  1.168000000000E+01   6.001506E+00   6.748120E-03   6.563922E+01  -5.120174E-17   9.959564E-17   9.687706E-13   1.200000E+02  -1.701278E-01
  1.168500000000E+01   6.001540E+00   6.715098E-03   6.564271E+01  -5.068291E-17   1.054214E-16   1.030535E-12   1.200000E+02  -1.676548E-01
  1.169000000000E+01   6.001573E+00   6.704710E-03   6.564937E+01  -5.018681E-17   9.013888E-17   8.825976E-13   1.200000E+02  -1.651976E-01
  1.169500000000E+01   6.001607E+00   6.710814E-03   6.565833E+01  -4.978613E-17   6.083053E-17   5.951634E-13   1.200000E+02  -1.627582E-01
  1.170000000000E+01   6.001641E+00   6.725453E-03   6.566845E+01  -4.955883E-17   2.977298E-17   2.907084E-13   1.200000E+02  -1.603376E-01
  1.170500000000E+01   6.001674E+00   6.739702E-03   6.567845E+01  -4.952081E-17  -1.107649E-17  -1.079405E-13   1.200000E+02  -1.579361E-01
  1.171000000000E+01   6.001708E+00   6.744732E-03   6.568706E+01  -4.966945E-17  -4.663662E-17  -4.541948E-13   1.200000E+02  -1.555530E-01
  1.171500000000E+01   6.001742E+00   6.732959E-03   6.569323E+01  -4.996740E-17  -7.062769E-17  -6.891117E-13   1.200000E+02  -1.531866E-01
  1.172000000000E+01   6.001775E+00   6.699075E-03   6.569619E+01  -5.034093E-17  -7.885724E-17  -7.733337E-13   1.200000E+02  -1.508345E-01
  1.172500000000E+01   6.001809E+00   6.640758E-03   6.569556E+01  -5.073217E-17  -7.746997E-17  -7.663933E-13   1.200000E+02  -1.484940E-01
  1.173000000000E+01   6.001842E+00   6.558898E-03   6.569138E+01  -5.106790E-17  -5.637376E-17  -5.646177E-13   1.200000E+02  -1.461623E-01
  1.173500000000E+01   6.001874E+00   6.457276E-03   6.568410E+01  -5.128307E-17  -2.729452E-17  -2.776427E-13   1.200000E+02  -1.438369E-01
  1.174000000000E+01   6.001906E+00   6.341798E-03   6.567447E+01  -5.135164E-17   1.109625E-18   1.149107E-14   1.200000E+02  -1.415158E-01
  1.174500000000E+01   6.001938E+00   6.219485E-03   6.566346E+01  -5.126729E-17   2.927377E-17   3.090637E-13   1.200000E+02  -1.391978E-01
  1.175000000000E+01   6.001968E+00   6.097433E-03   6.565211E+01  -5.105807E-17   5.200297E-17   5.599250E-13   1.200000E+02  -1.368825E-01
  1.175500000000E+01   6.001999E+00   5.981951E-03   6.564142E+01  -5.076103E-17   6.364727E-17   6.984172E-13   1.200000E+02  -1.345700E-01
  1.176000000000E+01   6.002028E+00   5.877975E-03   6.563224E+01  -5.043815E-17   6.369009E-17   7.111504E-13   1.200000E+02  -1.322613E-01
  1.176500000000E+01   6.002057E+00   5.788776E-03   6.562520E+01  -5.013684E-17   5.776956E-17   6.549121E-13   1.200000E+02  -1.299578E-01
  1.177000000000E+01   6.002086E+00   5.715920E-03   6.562066E+01  -4.988545E-17   4.098474E-17   4.705184E-13   1.200000E+02  -1.276610E-01
  1.177500000000E+01   6.002115E+00   5.659404E-03   6.561871E+01  -4.973926E-17   1.813538E-17   2.102731E-13   1.200000E+02  -1.253725E-01
  1.178000000000E+01   6.002143E+00   5.617898E-03   6.561920E+01  -4.971403E-17  -8.850250E-18  -1.033743E-13   1.200000E+02  -1.230940E-01
  1.178500000000E+01   6.002171E+00   5.589036E-03   6.562177E+01  -4.981999E-17  -3.328971E-17  -3.908598E-13   1.200000E+02  -1.208268E-01
  1.179000000000E+01   6.002199E+00   5.569714E-03   6.562592E+01  -5.003894E-17  -5.202438E-17  -6.129844E-13   1.200000E+02  -1.185719E-01
  1.179500000000E+01   6.002226E+00   5.556382E-03   6.563105E+01  -5.033623E-17  -6.485585E-17  -7.660664E-13   1.200000E+02  -1.163301E-01
  1.180000000000E+01   6.002254E+00   5.545325E-03   6.563653E+01  -5.067546E-17  -7.007722E-17  -8.294599E-13   1.200000E+02  -1.141015E-01
  1.180500000000E+01   6.002282E+00   5.532923E-03   6.564173E+01  -5.101317E-17  -6.261619E-17  -7.428686E-13   1.200000E+02  -1.118862E-01
  1.181000000000E+01   6.002310E+00   5.515898E-03   6.564607E+01  -5.129520E-17  -4.662135E-17  -5.548523E-13   1.200000E+02  -1.096836E-01
  1.181500000000E+01   6.002337E+00   5.491545E-03   6.564909E+01  -5.148594E-17  -2.873164E-17  -3.434746E-13   1.200000E+02  -1.074930E-01
  1.182000000000E+01   6.002364E+00   5.457928E-03   6.565042E+01  -5.157253E-17  -6.057923E-18  -7.286743E-14   1.200000E+02  -1.053131E-01
  1.182500000000E+01   6.002392E+00   5.414028E-03   6.564986E+01  -5.154515E-17   1.555095E-17   1.885689E-13   1.200000E+02  -1.031430E-01
  1.183000000000E+01   6.002419E+00   5.359823E-03   6.564737E+01  -5.141277E-17   3.622207E-17   4.436497E-13   1.200000E+02  -1.009812E-01
  1.183500000000E+01   6.002445E+00   5.296269E-03   6.564306E+01  -5.119597E-17   4.891604E-17   6.062755E-13   1.200000E+02  -9.882668E-02
  1.184000000000E+01   6.002471E+00   5.225198E-03   6.563722E+01  -5.093171E-17   5.627275E-17   7.068797E-13   1.200000E+02  -9.667831E-02
  1.184500000000E+01   6.002497E+00   5.149111E-03   6.563024E+01  -5.064470E-17   5.664841E-17   7.220370E-13   1.200000E+02  -9.453533E-02
  1.185000000000E+01   6.002523E+00   5.070912E-03   6.562264E+01  -5.037840E-17   4.846803E-17   6.272245E-13   1.200000E+02  -9.239724E-02
  1.185500000000E+01   6.002548E+00   4.993608E-03   6.561497E+01  -5.015875E-17   3.685446E-17   4.842598E-13   1.200000E+02  -9.026390E-02
  1.186000000000E+01   6.002573E+00   4.920020E-03   6.560777E+01  -5.001115E-17   2.084880E-17   2.780158E-13   1.200000E+02  -8.813545E-02
  1.186500000000E+01   6.002597E+00   4.852524E-03   6.560155E+01  -4.994378E-17   6.345861E-18   8.579006E-14   1.200000E+02  -8.601235E-02
  1.187000000000E+01   6.002621E+00   4.792871E-03   6.559669E+01  -4.995074E-17  -7.965259E-18  -1.090150E-13   1.200000E+02  -8.389525E-02
  1.187500000000E+01   6.002645E+00   4.742073E-03   6.559346E+01  -5.002077E-17  -2.039466E-17  -2.821037E-13   1.200000E+02  -8.178497E-02
  1.188000000000E+01   6.002669E+00   4.700368E-03   6.559195E+01  -5.014494E-17  -2.838589E-17  -3.961150E-13   1.200000E+02  -7.968239E-02
  1.188500000000E+01   6.002692E+00   4.667252E-03   6.559211E+01  -5.029883E-17  -3.212413E-17  -4.514625E-13   1.200000E+02  -7.758835E-02
  1.189000000000E+01   6.002716E+00   4.641575E-03   6.559373E+01  -5.046145E-17  -3.311898E-17  -4.680301E-13   1.200000E+02  -7.550363E-02
  1.189500000000E+01   6.002739E+00   4.621670E-03   6.559648E+01  -5.061602E-17  -2.801394E-17  -3.976086E-13   1.200000E+02  -7.342883E-02
  1.190000000000E+01   6.002762E+00   4.605530E-03   6.559997E+01  -5.073775E-17  -2.095531E-17  -2.984820E-13   1.200000E+02  -7.136435E-02
  1.190500000000E+01   6.002785E+00   4.590992E-03   6.560374E+01  -5.082113E-17  -1.306695E-17  -1.867224E-13   1.200000E+02  -6.931036E-02
  1.191000000000E+01   6.002808E+00   4.575940E-03   6.560736E+01  -5.086434E-17  -3.709270E-18  -5.318151E-14   1.200000E+02  -6.726679E-02
  1.191500000000E+01   6.002831E+00   4.558494E-03   6.561044E+01  -5.086373E-17   3.414687E-18   4.914762E-14   1.200000E+02  -6.523338E-02
  1.192000000000E+01   6.002853E+00   4.537174E-03   6.561265E+01  -5.082195E-17   1.255980E-17   1.816289E-13   1.200000E+02  -6.320967E-02
  1.192500000000E+01   6.002876E+00   4.511026E-03   6.561378E+01  -5.074233E-17   1.930454E-17   2.807884E-13   1.200000E+02  -6.119506E-02
  1.193000000000E+01   6.002898E+00   4.479695E-03   6.561374E+01  -5.063174E-17   2.381983E-17   3.488872E-13   1.200000E+02  -5.918890E-02
  1.193500000000E+01   6.002921E+00   4.443427E-03   6.561256E+01  -5.051235E-17   2.590949E-17   3.825849E-13   1.200000E+02  -5.719054E-02
  1.194000000000E+01   6.002943E+00   4.403014E-03   6.561039E+01  -5.040293E-17   1.880534E-17   2.802230E-13   1.200000E+02  -5.519939E-02
  1.194500000000E+01   6.002965E+00   4.359680E-03   6.560748E+01  -5.033774E-17   7.412790E-18   1.115528E-13   1.200000E+02  -5.321496E-02
  1.195000000000E+01   6.002986E+00   4.314916E-03   6.560413E+01  -5.031606E-17  -1.069525E-19  -1.626110E-15   1.200000E+02  -5.123693E-02
  1.195500000000E+01   6.003008E+00   4.270305E-03   6.560069E+01  -5.035226E-17  -1.181868E-17  -1.815593E-13   1.200000E+02  -4.926515E-02
  1.196000000000E+01   6.003029E+00   4.227336E-03   6.559750E+01  -5.043191E-17  -2.042210E-17  -3.168989E-13   1.200000E+02  -4.729962E-02
  1.196500000000E+01   6.003050E+00   4.187252E-03   6.559485E+01  -5.055335E-17  -2.851911E-17  -4.467624E-13   1.200000E+02  -4.534051E-02
  1.197000000000E+01   6.003071E+00   4.150926E-03   6.559296E+01  -5.071658E-17  -3.439617E-17  -5.435285E-13   1.200000E+02  -4.338811E-02
  1.197500000000E+01   6.003092E+00   4.118807E-03   6.559195E+01  -5.089208E-17  -3.712145E-17  -5.911586E-13   1.200000E+02  -4.144275E-02
  1.198000000000E+01   6.003112E+00   4.090913E-03   6.559185E+01  -5.105963E-17  -2.930671E-17  -4.698906E-13   1.200000E+02  -3.950482E-02
  1.198500000000E+01   6.003133E+00   4.066883E-03   6.559260E+01  -5.117899E-17  -1.816316E-17  -2.929440E-13   1.200000E+02  -3.757467E-02
  1.199000000000E+01   6.003153E+00   4.046080E-03   6.559405E+01  -5.123348E-17  -4.316146E-18  -6.997230E-14   1.200000E+02  -3.565259E-02
  1.199500000000E+01   6.003173E+00   4.027718E-03   6.559603E+01  -5.120937E-17   1.155365E-17   1.881645E-13   1.200000E+02  -3.373881E-02
  1.200000000000E+01   6.003193E+00   4.011009E-03   6.559835E+01  -5.111248E-17   2.564988E-17   4.194930E-13   1.200000E+02  -3.183344E-02
  1.200500000000E+01   6.003213E+00   3.995284E-03   6.560087E+01  -5.095807E-17   3.504997E-17   5.755056E-13   1.200000E+02  -2.993656E-02
  1.201000000000E+01   6.003233E+00   3.980092E-03   6.560348E+01  -5.076626E-17   4.082378E-17   6.728945E-13   1.200000E+02  -2.804813E-02
  1.201500000000E+01   6.003253E+00   3.965238E-03   6.560612E+01  -5.054811E-17   4.505483E-17   7.454465E-13   1.200000E+02  -2.616812E-02
  1.202000000000E+01   6.003273E+00   3.950770E-03   6.560882E+01  -5.033123E-17   3.964859E-17   6.584279E-13   1.200000E+02  -2.429648E-02
  1.202500000000E+01   6.003292E+00   3.936913E-03   6.561162E+01  -5.015025E-17   3.237411E-17   5.395388E-13   1.200000E+02  -2.243318E-02
  1.203000000000E+01   6.003312E+00   3.923971E-03   6.561461E+01  -5.001662E-17   2.037297E-17   3.406662E-13   1.200000E+02  -2.057820E-02
  1.203500000000E+01   6.003332E+00   3.912209E-03   6.561785E+01  -4.993467E-17   1.139480E-17   1.911203E-13   1.200000E+02  -1.873159E-02
  1.204000000000E+01   6.003351E+00   3.901748E-03   6.562138E+01  -4.991394E-17  -9.373754E-19  -1.576521E-14   1.200000E+02  -1.689339E-02
  1.204500000000E+01   6.003371E+00   3.892496E-03   6.562516E+01  -4.993945E-17  -8.797380E-18  -1.483186E-13   1.200000E+02  -1.506365E-02
  1.205000000000E+01   6.003390E+00   3.884115E-03   6.562913E+01  -5.000152E-17  -1.484154E-17  -2.507746E-13   1.200000E+02  -1.324241E-02
  1.205500000000E+01   6.003410E+00   3.876043E-03   6.563315E+01  -5.008457E-17  -1.660700E-17  -2.812068E-13   1.200000E+02  -1.142965E-02
  1.206000000000E+01   6.003429E+00   3.867564E-03   6.563703E+01  -5.017487E-17  -1.883415E-17  -3.196373E-13   1.200000E+02  -9.625283E-03
  1.206500000000E+01   6.003448E+00   3.857909E-03   6.564058E+01  -5.026080E-17  -1.606411E-17  -2.733236E-13   1.200000E+02  -7.829142E-03
  1.207000000000E+01   6.003468E+00   3.846384E-03   6.564364E+01  -5.034089E-17  -1.472174E-17  -2.512460E-13   1.200000E+02  -6.040980E-03
  1.207500000000E+01   6.003487E+00   3.832487E-03   6.564607E+01  -5.041422E-17  -1.275491E-17  -2.184768E-13   1.200000E+02  -4.260489E-03
  1.208000000000E+01   6.003506E+00   3.816010E-03   6.564781E+01  -5.046379E-17  -7.043540E-18  -1.211719E-13   1.200000E+02  -2.487320E-03
  1.208500000000E+01   6.003525E+00   3.797102E-03   6.564890E+01  -5.049472E-17  -5.485887E-18  -9.484666E-14   1.200000E+02  -7.211268E-04
  1.209000000000E+01   6.003544E+00   3.776284E-03   6.564946E+01  -5.052587E-17  -4.884775E-18  -8.492022E-14   1.200000E+02   1.038401E-03
  1.209500000000E+01   6.003563E+00   3.754405E-03   6.564969E+01  -5.055413E-17  -5.249986E-18  -9.180147E-14   1.200000E+02   2.791496E-03
  1.210000000000E+01   6.003581E+00   3.732568E-03   6.564988E+01  -5.057507E-17  -2.432863E-18  -4.279015E-14   1.200000E+02   4.538283E-03
  1.210500000000E+01   6.003600E+00   3.712001E-03   6.565035E+01  -5.058194E-17   6.919992E-19   1.223868E-14   1.200000E+02   6.278756E-03
  1.211000000000E+01   6.003618E+00   3.693919E-03   6.565141E+01  -5.056612E-17   6.700374E-18   1.190846E-13   1.200000E+02   8.012776E-03
  1.211500000000E+01   6.003637E+00   3.679375E-03   6.565335E+01  -5.052332E-17   1.035563E-17   1.847818E-13   1.200000E+02   9.740082E-03
  1.212000000000E+01   6.003655E+00   3.669121E-03   6.565638E+01  -5.046214E-17   1.362157E-17   2.437486E-13   1.200000E+02   1.146031E-02
  1.212500000000E+01   6.003674E+00   3.663484E-03   6.566058E+01  -5.039841E-17   1.321637E-17   2.368769E-13   1.200000E+02   1.317305E-02
  1.213000000000E+01   6.003692E+00   3.662293E-03   6.566592E+01  -5.032950E-17   1.224799E-17   2.196098E-13   1.200000E+02   1.487786E-02
  1.213500000000E+01   6.003710E+00   3.664841E-03   6.567221E+01  -5.025973E-17   1.376156E-17   2.466006E-13   1.200000E+02   1.657437E-02
  1.214000000000E+01   6.003729E+00   3.669920E-03   6.567914E+01  -5.019992E-17   8.766813E-18   1.568963E-13   1.200000E+02   1.826231E-02
  1.214500000000E+01   6.003747E+00   3.675921E-03   6.568628E+01  -5.016363E-17   3.867256E-18   6.910530E-14   1.200000E+02   1.994155E-02
  1.215000000000E+01   6.003765E+00   3.681002E-03   6.569314E+01  -5.016011E-17  -2.916203E-18  -5.204413E-14   1.200000E+02   2.161218E-02
  1.215500000000E+01   6.003784E+00   3.683323E-03   6.569926E+01  -5.018838E-17  -7.753918E-18  -1.383063E-13   1.200000E+02   2.327447E-02
  1.216000000000E+01   6.003802E+00   3.681302E-03   6.570422E+01  -5.025036E-17  -1.607955E-17  -2.869893E-13   1.200000E+02   2.492886E-02
  1.216500000000E+01   6.003821E+00   3.673865E-03   6.570774E+01  -5.033409E-17  -1.908249E-17  -3.412937E-13   1.200000E+02   2.657597E-02
  1.217000000000E+01   6.003839E+00   3.660632E-03   6.570971E+01  -5.043352E-17  -2.038270E-17  -3.658771E-13   1.200000E+02   2.821647E-02
  1.217500000000E+01   6.003857E+00   3.642001E-03   6.571023E+01  -5.052873E-17  -1.629514E-17  -2.940026E-13   1.200000E+02   2.985103E-02
  1.218000000000E+01   6.003875E+00   3.619104E-03   6.570958E+01  -5.060083E-17  -1.228326E-17  -2.230186E-13   1.200000E+02   3.148025E-02
  1.218500000000E+01   6.003893E+00   3.593639E-03   6.570819E+01  -5.064303E-17  -3.065258E-18  -5.604697E-14   1.200000E+02   3.310454E-02
  1.219000000000E+01   6.003911E+00   3.567612E-03   6.570658E+01  -5.064017E-17   3.777638E-18   6.957473E-14   1.200000E+02   3.472414E-02
  1.219500000000E+01   6.003929E+00   3.543042E-03   6.570530E+01  -5.059405E-17   1.385817E-17   2.569982E-13   1.200000E+02   3.633903E-02
  1.220000000000E+01   6.003947E+00   3.521676E-03   6.570483E+01  -5.051088E-17   1.975446E-17   3.685642E-13   1.200000E+02   3.794902E-02
  1.220500000000E+01   6.003964E+00   3.504771E-03   6.570553E+01  -5.039326E-17   2.587952E-17   4.851751E-13   1.200000E+02   3.955373E-02
  1.221000000000E+01   6.003982E+00   3.492979E-03   6.570760E+01  -5.025796E-17   2.697338E-17   5.074054E-13   1.200000E+02   4.115269E-02
  1.221500000000E+01   6.003999E+00   3.486322E-03   6.571105E+01  -5.012236E-17   2.636208E-17   4.968789E-13   1.200000E+02   4.274540E-02
  1.222000000000E+01   6.004017E+00   3.484278E-03   6.571574E+01  -4.999135E-17   2.457780E-17   4.635532E-13   1.200000E+02   4.433136E-02
  1.222500000000E+01   6.004034E+00   3.485933E-03   6.572143E+01  -4.988539E-17   1.968887E-17   3.712007E-13   1.200000E+02   4.591019E-02
  1.223000000000E+01   6.004051E+00   3.490171E-03   6.572781E+01  -4.980110E-17   1.540009E-17   2.900186E-13   1.200000E+02   4.748161E-02
  1.223500000000E+01   6.004069E+00   3.495867E-03   6.573456E+01  -4.973699E-17   1.038821E-17   1.953348E-13   1.200000E+02   4.904544E-02
  1.224000000000E+01   6.004086E+00   3.502029E-03   6.574141E+01  -4.969943E-17   5.557399E-18   1.043256E-13   1.200000E+02   5.060166E-02
  1.224500000000E+01   6.004104E+00   3.507875E-03   6.574815E+01  -4.968059E-17   1.651736E-18   3.095851E-14   1.200000E+02   5.215031E-02
  1.225000000000E+01   6.004121E+00   3.512831E-03   6.575461E+01  -4.968474E-17  -1.345117E-18  -2.517845E-14   1.200000E+02   5.369152E-02
  1.225500000000E+01   6.004139E+00   3.516461E-03   6.576069E+01  -4.969916E-17  -4.243255E-18  -7.935233E-14   1.200000E+02   5.522547E-02
  1.226000000000E+01   6.004157E+00   3.518368E-03   6.576628E+01  -4.973387E-17  -1.000822E-17  -1.870764E-13   1.200000E+02   5.675237E-02
  1.226500000000E+01   6.004174E+00   3.518113E-03   6.577125E+01  -4.979267E-17  -1.312001E-17  -2.452790E-13   1.200000E+02   5.827250E-02
  1.227000000000E+01   6.004192E+00   3.515184E-03   6.577547E+01  -4.986976E-17  -1.683628E-17  -3.150373E-13   1.200000E+02   5.978616E-02
  1.227500000000E+01   6.004209E+00   3.509053E-03   6.577879E+01  -4.995922E-17  -2.028245E-17  -3.802037E-13   1.200000E+02   6.129372E-02
  1.228000000000E+01   6.004227E+00   3.499306E-03   6.578110E+01  -5.006800E-17  -2.098576E-17  -3.944971E-13   1.200000E+02   6.279561E-02
  1.228500000000E+01   6.004244E+00   3.485822E-03   6.578235E+01  -5.017574E-17  -2.112790E-17  -3.987131E-13   1.200000E+02   6.429228E-02
  1.229000000000E+01   6.004262E+00   3.468948E-03   6.578264E+01  -5.027864E-17  -1.832167E-17  -3.474391E-13   1.200000E+02   6.578416E-02
  1.229500000000E+01   6.004279E+00   3.449610E-03   6.578221E+01  -5.035780E-17  -1.305441E-17  -2.489406E-13   1.200000E+02   6.727161E-02
  1.230000000000E+01   6.004296E+00   3.429301E-03   6.578146E+01  -5.040388E-17  -5.355311E-18  -1.027265E-13   1.200000E+02   6.875487E-02
  1.230500000000E+01   6.004313E+00   3.409942E-03   6.578093E+01  -5.040843E-17   4.440131E-18   8.565423E-14   1.200000E+02   7.023398E-02
  1.231000000000E+01   6.004330E+00   3.393616E-03   6.578121E+01  -5.036255E-17   1.509502E-17   2.925991E-13   1.200000E+02   7.170877E-02
  1.231500000000E+01   6.004347E+00   3.382237E-03   6.578286E+01  -5.026609E-17   2.426636E-17   4.719689E-13   1.200000E+02   7.317884E-02
  1.232000000000E+01   6.004364E+00   3.377207E-03   6.578629E+01  -5.012968E-17   3.060378E-17   5.961462E-13   1.200000E+02   7.464361E-02
  1.232500000000E+01   6.004381E+00   3.379138E-03   6.579167E+01  -4.996757E-17   3.323046E-17   6.469956E-13   1.200000E+02   7.610239E-02
  1.233000000000E+01   6.004398E+00   3.387678E-03   6.579891E+01  -4.980947E-17   2.865197E-17   5.565076E-13   1.200000E+02   7.755449E-02
  1.233500000000E+01   6.004415E+00   3.401502E-03   6.580761E+01  -4.967674E-17   2.317252E-17   4.483102E-13   1.200000E+02   7.899930E-02
  1.234000000000E+01   6.004432E+00   3.418466E-03   6.581715E+01  -4.959026E-17   1.256659E-17   2.419499E-13   1.200000E+02   8.043641E-02
  1.234500000000E+01   6.004449E+00   3.435923E-03   6.582678E+01  -4.955491E-17   2.771137E-18   5.309054E-14   1.200000E+02   8.186567E-02
  1.235000000000E+01   6.004466E+00   3.451156E-03   6.583574E+01  -4.958252E-17  -1.355799E-17  -2.586381E-13   1.200000E+02   8.328723E-02
  1.235500000000E+01   6.004484E+00   3.461850E-03   6.584340E+01  -4.968413E-17  -2.657999E-17  -5.055438E-13   1.200000E+02   8.470150E-02
  1.236000000000E+01   6.004501E+00   3.466499E-03   6.584936E+01  -4.984772E-17  -3.872770E-17  -7.356687E-13   1.200000E+02   8.610913E-02
  1.236500000000E+01   6.004518E+00   3.464643E-03   6.585349E+01  -5.005491E-17  -4.510196E-17  -8.572663E-13   1.200000E+02   8.751085E-02
  1.237000000000E+01   6.004536E+00   3.456880E-03   6.585597E+01  -5.027817E-17  -4.298600E-17  -8.189132E-13   1.200000E+02   8.890738E-02
  1.237500000000E+01   6.004553E+00   3.444644E-03   6.585718E+01  -5.049064E-17  -4.021949E-17  -7.689450E-13   1.200000E+02   9.029934E-02
  1.238000000000E+01   6.004570E+00   3.429820E-03   6.585764E+01  -5.067226E-17  -3.123791E-17  -5.998143E-13   1.200000E+02   9.168713E-02
  1.238500000000E+01   6.004587E+00   3.414297E-03   6.585787E+01  -5.080011E-17  -1.962749E-17  -3.785917E-13   1.200000E+02   9.307099E-02
  1.239000000000E+01   6.004604E+00   3.399578E-03   6.585830E+01  -5.086411E-17  -6.046885E-18  -1.171433E-13   1.200000E+02   9.445092E-02
  1.239500000000E+01   6.004621E+00   3.386524E-03   6.585917E+01  -5.086484E-17   5.710256E-18   1.110498E-13   1.200000E+02   9.582681E-02
  1.240000000000E+01   6.004638E+00   3.375294E-03   6.586053E+01  -5.080916E-17   1.607257E-17   3.136165E-13   1.200000E+02   9.719852E-02
  1.240500000000E+01   6.004655E+00   3.365461E-03   6.586226E+01  -5.070673E-17   2.437317E-17   4.769844E-13   1.200000E+02   9.856589E-02
  1.241000000000E+01   6.004672E+00   3.356278E-03   6.586416E+01  -5.056894E-17   2.992434E-17   5.872404E-13   1.200000E+02   9.992884E-02
  1.241500000000E+01   6.004688E+00   3.347015E-03   6.586601E+01  -5.041604E-17   2.922336E-17   5.750874E-13   1.200000E+02   1.012874E-01
  1.242000000000E+01   6.004705E+00   3.337276E-03   6.586770E+01  -5.026986E-17   2.815793E-17   5.557521E-13   1.200000E+02   1.026416E-01
  1.242500000000E+01   6.004722E+00   3.327213E-03   6.586928E+01  -5.013743E-17   2.553037E-17   5.054282E-13   1.200000E+02   1.039915E-01
  1.243000000000E+01   6.004738E+00   3.317574E-03   6.587096E+01  -5.002305E-17   1.909648E-17   3.791636E-13   1.200000E+02   1.053373E-01
  1.243500000000E+01   6.004755E+00   3.309577E-03   6.587309E+01  -4.993304E-17   1.686877E-17   3.357523E-13   1.200000E+02   1.066787E-01
  1.244000000000E+01   6.004772E+00   3.304635E-03   6.587609E+01  -4.986267E-17   1.216275E-17   2.424577E-13   1.200000E+02   1.080156E-01
  1.244500000000E+01   6.004788E+00   3.304011E-03   6.588032E+01  -4.979711E-17   1.306735E-17   2.605564E-13   1.200000E+02   1.093476E-01
  1.245000000000E+01   6.004805E+00   3.308474E-03   6.588602E+01  -4.972194E-17   1.774467E-17   3.533730E-13   1.200000E+02   1.106742E-01
  1.245500000000E+01   6.004821E+00   3.318042E-03   6.589317E+01  -4.962211E-17   2.137790E-17   4.245447E-13   1.200000E+02   1.119950E-01
  1.246000000000E+01   6.004838E+00   3.331868E-03   6.590152E+01  -4.950413E-17   2.752422E-17   5.444058E-13   1.200000E+02   1.133093E-01
  1.246500000000E+01   6.004855E+00   3.348286E-03   6.591057E+01  -4.936476E-17   2.816622E-17   5.544483E-13   1.200000E+02   1.146170E-01
  1.247000000000E+01   6.004871E+00   3.365036E-03   6.591968E+01  -4.922759E-17   2.527210E-17   4.950701E-13   1.200000E+02   1.159178E-01
  1.247500000000E+01   6.004888E+00   3.379607E-03   6.592811E+01  -4.912139E-17   1.653787E-17   3.226147E-13   1.200000E+02   1.172119E-01
  1.248000000000E+01   6.004905E+00   3.389662E-03   6.593524E+01  -4.907514E-17   5.342327E-19   1.039182E-14   1.200000E+02   1.184998E-01
  1.248500000000E+01   6.004922E+00   3.393437E-03   6.594056E+01  -4.911974E-17  -1.911709E-17  -3.714792E-13   1.200000E+02   1.197820E-01
  1.249000000000E+01   6.004939E+00   3.390039E-03   6.594383E+01  -4.926946E-17  -4.017531E-17  -7.814995E-13   1.200000E+02   1.210593E-01
  1.249500000000E+01   6.004956E+00   3.379558E-03   6.594508E+01  -4.952915E-17  -6.183341E-17  -1.206551E-12   1.200000E+02   1.223325E-01
  1.250000000000E+01   6.004973E+00   3.363008E-03   6.594458E+01  -4.987877E-17  -7.776514E-17  -1.524882E-12   1.200000E+02   1.236025E-01
  1.250500000000E+01   6.004990E+00   3.342086E-03   6.594279E+01  -5.028994E-17  -8.550689E-17  -1.687139E-12   1.200000E+02   1.248697E-01
  1.251000000000E+01   6.005006E+00   3.318864E-03   6.594029E+01  -5.071731E-17  -8.257069E-17  -1.640542E-12   1.200000E+02   1.261345E-01
  1.251500000000E+01   6.005023E+00   3.295457E-03   6.593768E+01  -5.109145E-17  -6.808292E-17  -1.362248E-12   1.200000E+02   1.273972E-01
  1.252000000000E+01   6.005039E+00   3.273765E-03   6.593552E+01  -5.137176E-17  -4.294777E-17  -8.649929E-13   1.200000E+02   1.286577E-01
  1.252500000000E+01   6.005055E+00   3.255300E-03   6.593426E+01  -5.151131E-17  -1.132457E-17  -2.293727E-13   1.200000E+02   1.299157E-01
  1.253000000000E+01   6.005072E+00   3.241114E-03   6.593423E+01  -5.149461E-17   1.952465E-17   3.971915E-13   1.200000E+02   1.311708E-01
  1.253500000000E+01   6.005088E+00   3.231800E-03   6.593562E+01  -5.131782E-17   4.959346E-17   1.011812E-12   1.200000E+02   1.324225E-01
  1.254000000000E+01   6.005104E+00   3.227525E-03   6.593848E+01  -5.100437E-17   7.530514E-17   1.538487E-12   1.200000E+02   1.336704E-01
  1.254500000000E+01   6.005120E+00   3.228077E-03   6.594277E+01  -5.058068E-17   9.110443E-17   1.861071E-12   1.200000E+02   1.349139E-01
  1.255000000000E+01   6.005136E+00   3.232878E-03   6.594830E+01  -5.011062E-17   9.497757E-17   1.937472E-12   1.200000E+02   1.361525E-01
  1.255500000000E+01   6.005153E+00   3.240999E-03   6.595480E+01  -4.964646E-17   8.987825E-17   1.829035E-12   1.200000E+02   1.373860E-01
  1.256000000000E+01   6.005169E+00   3.251153E-03   6.596188E+01  -4.923040E-17   7.483586E-17   1.518327E-12   1.200000E+02   1.386139E-01
  1.256500000000E+01   6.005185E+00   3.261724E-03   6.596905E+01  -4.890750E-17   5.277211E-17   1.067327E-12   1.200000E+02   1.398362E-01
  1.257000000000E+01   6.005201E+00   3.270850E-03   6.597576E+01  -4.870682E-17   2.709702E-17   5.465693E-13   1.200000E+02   1.410531E-01
  1.257500000000E+01   6.005218E+00   3.276594E-03   6.598147E+01  -4.863786E-17   7.476997E-19   1.505659E-14   1.200000E+02   1.422647E-01
  1.258000000000E+01   6.005234E+00   3.277191E-03   6.598564E+01  -4.870415E-17  -2.524876E-17  -5.083791E-13   1.200000E+02   1.434716E-01
  1.258500000000E+01   6.005250E+00   3.271350E-03   6.598792E+01  -4.888950E-17  -4.570956E-17  -9.220287E-13   1.200000E+02   1.446744E-01
  1.259000000000E+01   6.005267E+00   3.258541E-03   6.598813E+01  -4.915785E-17  -6.124745E-17  -1.240311E-12   1.200000E+02   1.458740E-01
  1.259500000000E+01   6.005283E+00   3.239196E-03   6.598638E+01  -4.948225E-17  -6.898999E-17  -1.405411E-12   1.200000E+02   1.470710E-01
  1.260000000000E+01   6.005299E+00   3.214760E-03   6.598307E+01  -4.982785E-17  -6.819582E-17  -1.399722E-12   1.200000E+02   1.482661E-01
  1.260500000000E+01   6.005315E+00   3.187546E-03   6.597887E+01  -5.015909E-17  -6.352168E-17  -1.314832E-12   1.200000E+02   1.494599E-01
  1.261000000000E+01   6.005331E+00   3.160431E-03   6.597462E+01  -5.045082E-17  -5.274940E-17  -1.101154E-12   1.200000E+02   1.506524E-01
  1.261500000000E+01   6.005347E+00   3.136436E-03   6.597126E+01  -5.068141E-17  -3.978206E-17  -8.367691E-13   1.200000E+02   1.518434E-01
  1.262000000000E+01   6.005362E+00   3.118286E-03   6.596963E+01  -5.084064E-17  -2.482999E-17  -5.252967E-13   1.200000E+02   1.530326E-01
  1.262500000000E+01   6.005378E+00   3.108019E-03   6.597040E+01  -5.092673E-17  -1.121983E-17  -2.381506E-13   1.200000E+02   1.542192E-01
  1.263000000000E+01   6.005394E+00   3.106698E-03   6.597391E+01  -5.094268E-17   4.392224E-18   9.327338E-14   1.200000E+02   1.554023E-01
  1.263500000000E+01   6.005409E+00   3.114267E-03   6.598016E+01  -5.088482E-17   1.776619E-17   3.764018E-13   1.200000E+02   1.565809E-01
  1.264000000000E+01   6.005425E+00   3.129550E-03   6.598875E+01  -5.076533E-17   2.898739E-17   6.112194E-13   1.200000E+02   1.577541E-01
  1.264500000000E+01   6.005440E+00   3.150383E-03   6.599899E+01  -5.060288E-17   3.493284E-17   7.318259E-13   1.200000E+02   1.589213E-01
  1.265000000000E+01   6.005456E+00   3.173888E-03   6.600997E+01  -5.041095E-17   4.078993E-17   8.483419E-13   1.200000E+02   1.600820E-01
  1.265500000000E+01   6.005472E+00   3.196820E-03   6.602071E+01  -5.020635E-17   3.994662E-17   8.249774E-13   1.200000E+02   1.612361E-01
  1.266000000000E+01   6.005488E+00   3.215976E-03   6.603025E+01  -5.001379E-17   3.575136E-17   7.340451E-13   1.200000E+02   1.623840E-01
  1.266500000000E+01   6.005504E+00   3.228577E-03   6.603779E+01  -4.984588E-17   3.018245E-17   6.173563E-13   1.200000E+02   1.635262E-01
  1.267000000000E+01   6.005520E+00   3.232575E-03   6.604275E+01  -4.971200E-17   2.374570E-17   4.851337E-13   1.200000E+02   1.646635E-01
  1.267500000000E+01   6.005537E+00   3.226828E-03   6.604480E+01  -4.961942E-17   1.324874E-17   2.711674E-13   1.200000E+02   1.657971E-01
  1.268000000000E+01   6.005553E+00   3.211132E-03   6.604387E+01  -4.956934E-17   4.360969E-18   8.969276E-14   1.200000E+02   1.669279E-01
  1.268500000000E+01   6.005569E+00   3.186140E-03   6.604011E+01  -4.957248E-17  -5.770872E-18  -1.196146E-13   1.200000E+02   1.680571E-01
  1.269000000000E+01   6.005585E+00   3.153198E-03   6.603388E+01  -4.962639E-17  -1.308920E-17  -2.741125E-13   1.200000E+02   1.691857E-01
  1.269500000000E+01   6.005600E+00   3.114152E-03   6.602566E+01  -4.970802E-17  -1.969197E-17  -4.175054E-13   1.200000E+02   1.703143E-01
  1.270000000000E+01   6.005616E+00   3.071175E-03   6.601606E+01  -4.981759E-17  -2.362731E-17  -5.078778E-13   1.200000E+02   1.714437E-01
  1.270500000000E+01   6.005631E+00   3.026613E-03   6.600578E+01  -4.994405E-17  -2.612542E-17  -5.697554E-13   1.200000E+02   1.725739E-01
  1.271000000000E+01   6.005646E+00   2.982846E-03   6.599554E+01  -5.006870E-17  -2.522327E-17  -5.580654E-13   1.200000E+02   1.737052E-01
  1.271500000000E+01   6.005661E+00   2.942168E-03   6.598612E+01  -5.018594E-17  -2.110370E-17  -4.733078E-13   1.200000E+02   1.748374E-01
  1.272000000000E+01   6.005675E+00   2.906644E-03   6.597821E+01  -5.027948E-17  -1.517315E-17  -3.444169E-13   1.200000E+02   1.759699E-01
  1.272500000000E+01   6.005690E+00   2.877962E-03   6.597244E+01  -5.033806E-17  -8.906155E-18  -2.041586E-13   1.200000E+02   1.771021E-01
  1.273000000000E+01   6.005704E+00   2.857280E-03   6.596927E+01  -5.035846E-17   1.438568E-18   3.321386E-14   1.200000E+02   1.782332E-01
  1.273500000000E+01   6.005718E+00   2.845084E-03   6.596891E+01  -5.033025E-17   1.015531E-17   2.354709E-13   1.200000E+02   1.793624E-01
  1.274000000000E+01   6.005733E+00   2.841095E-03   6.597130E+01  -5.025926E-17   1.773302E-17   4.117675E-13   1.200000E+02   1.804887E-01
  1.274500000000E+01   6.005747E+00   2.844239E-03   6.597608E+01  -5.015480E-17   2.395644E-17   5.557031E-13   1.200000E+02   1.816113E-01
  1.275000000000E+01   6.005761E+00   2.852723E-03   6.598265E+01  -5.003706E-17   2.315607E-17   5.355931E-13   1.200000E+02   1.827296E-01
  1.275500000000E+01   6.005775E+00   2.864224E-03   6.599020E+01  -4.992217E-17   2.064968E-17   4.757577E-13   1.200000E+02   1.838431E-01
  1.276000000000E+01   6.005790E+00   2.876180E-03   6.599788E+01  -4.983075E-17   1.414502E-17   3.245768E-13   1.200000E+02   1.849517E-01
  1.276500000000E+01   6.005804E+00   2.886174E-03   6.600487E+01  -4.978660E-17   3.950513E-18   9.034560E-14   1.200000E+02   1.860555E-01
  1.277000000000E+01   6.005819E+00   2.892308E-03   6.601055E+01  -4.979399E-17  -7.880338E-18  -1.798513E-13   1.200000E+02   1.871548E-01
  1.277500000000E+01   6.005833E+00   2.893519E-03   6.601458E+01  -4.986171E-17  -1.908657E-17  -4.354531E-13   1.200000E+02   1.882501E-01
  1.278000000000E+01   6.005848E+00   2.889729E-03   6.601694E+01  -4.998928E-17  -3.041044E-17  -6.947381E-13   1.200000E+02   1.893420E-01
  1.278500000000E+01   6.005862E+00   2.881797E-03   6.601792E+01  -5.016128E-17  -3.717333E-17  -8.515885E-13   1.200000E+02   1.904310E-01
  1.279000000000E+01   6.005876E+00   2.871292E-03   6.601801E+01  -5.034791E-17  -3.710788E-17  -8.532008E-13   1.200000E+02   1.915176E-01
  1.279500000000E+01   6.005891E+00   2.860119E-03   6.601787E+01  -5.051257E-17  -2.968646E-17  -6.852291E-13   1.200000E+02   1.926018E-01
  1.280000000000E+01   6.005905E+00   2.850128E-03   6.601809E+01  -5.063695E-17  -1.860420E-17  -4.309330E-13   1.200000E+02   1.936838E-01
  1.280500000000E+01   6.005919E+00   2.842752E-03   6.601919E+01  -5.069051E-17  -3.648626E-18  -8.473457E-14   1.200000E+02   1.947632E-01
  1.281000000000E+01   6.005933E+00   2.838778E-03   6.602141E+01  -5.066903E-17   1.132581E-17   2.634041E-13   1.200000E+02   1.958398E-01
  1.281500000000E+01   6.005948E+00   2.838255E-03   6.602479E+01  -5.056968E-17   2.758869E-17   6.417807E-13   1.200000E+02   1.969132E-01
  1.282000000000E+01   6.005962E+00   2.840549E-03   6.602912E+01  -5.040679E-17   3.690173E-17   8.577880E-13   1.200000E+02   1.979832E-01
  1.282500000000E+01   6.005976E+00   2.844515E-03   6.603399E+01  -5.021144E-17   4.108733E-17   9.538219E-13   1.200000E+02   1.990493E-01
  1.283000000000E+01   6.005990E+00   2.848744E-03   6.603894E+01  -5.000572E-17   3.950312E-17   9.157526E-13   1.200000E+02   2.001117E-01
  1.283500000000E+01   6.006004E+00   2.851824E-03   6.604349E+01  -4.983184E-17   3.009233E-17   6.968880E-13   1.200000E+02   2.011703E-01
  1.284000000000E+01   6.006019E+00   2.852562E-03   6.604724E+01  -4.971523E-17   1.640065E-17   3.797350E-13   1.200000E+02   2.022254E-01
  1.284500000000E+01   6.006033E+00   2.850119E-03   6.604990E+01  -4.966969E-17   6.211522E-19   1.439485E-14   1.200000E+02   2.032772E-01
  1.285000000000E+01   6.006047E+00   2.844048E-03   6.605133E+01  -4.969872E-17  -1.278822E-17  -2.969989E-13   1.200000E+02   2.043262E-01
  1.285500000000E+01   6.006061E+00   2.834242E-03   6.605149E+01  -4.979027E-17  -2.309331E-17  -5.381853E-13   1.200000E+02   2.053728E-01
  1.286000000000E+01   6.006076E+00   2.820830E-03   6.605040E+01  -4.992848E-17  -3.123518E-17  -7.313790E-13   1.200000E+02   2.064174E-01
  1.286500000000E+01   6.006090E+00   2.804061E-03   6.604813E+01  -5.009280E-17  -3.315104E-17  -7.808548E-13   1.200000E+02   2.074604E-01
  1.287000000000E+01   6.006104E+00   2.784235E-03   6.604477E+01  -5.025795E-17  -3.147515E-17  -7.466211E-13   1.200000E+02   2.085022E-01
  1.287500000000E+01   6.006117E+00   2.761687E-03   6.604042E+01  -5.040487E-17  -2.664586E-17  -6.371844E-13   1.200000E+02   2.095430E-01
  1.288000000000E+01   6.006131E+00   2.736828E-03   6.603519E+01  -5.051897E-17  -1.881940E-17  -4.540815E-13   1.200000E+02   2.105832E-01
  1.288500000000E+01   6.006145E+00   2.710223E-03   6.602926E+01  -5.059049E-17  -9.682426E-18  -2.358933E-13   1.200000E+02   2.116230E-01
  1.289000000000E+01   6.006158E+00   2.682660E-03   6.602289E+01  -5.061971E-17  -2.029286E-18  -4.994271E-14   1.200000E+02   2.126626E-01
  1.289500000000E+01   6.006172E+00   2.655184E-03   6.601645E+01  -5.060601E-17   6.852089E-18   1.703650E-13   1.200000E+02   2.137020E-01
  1.290000000000E+01   6.006185E+00   2.629069E-03   6.601041E+01  -5.056187E-17   1.197409E-17   3.006443E-13   1.200000E+02   2.147411E-01
  1.290500000000E+01   6.006198E+00   2.605729E-03   6.600529E+01  -5.049867E-17   1.479154E-17   3.746820E-13   1.200000E+02   2.157797E-01
  1.291000000000E+01   6.006211E+00   2.586597E-03   6.600166E+01  -5.042035E-17   1.634623E-17   4.171033E-13   1.200000E+02   2.168176E-01
  1.291500000000E+01   6.006224E+00   2.572990E-03   6.600003E+01  -5.033190E-17   1.921303E-17   4.928355E-13   1.200000E+02   2.178540E-01
  1.292000000000E+01   6.006237E+00   2.566000E-03   6.600085E+01  -5.022724E-17   2.314298E-17   5.952675E-13   1.200000E+02   2.188885E-01
  1.292500000000E+01   6.006249E+00   2.566428E-03   6.600443E+01  -5.011437E-17   2.131677E-17   5.482333E-13   1.200000E+02   2.199201E-01
  1.293000000000E+01   6.006262E+00   2.574775E-03   6.601096E+01  -5.000259E-17   2.260301E-17   5.794862E-13   1.200000E+02   2.209483E-01
  1.293500000000E+01   6.006275E+00   2.591269E-03   6.602048E+01  -4.989299E-17   2.233068E-17   5.689423E-13   1.200000E+02   2.219719E-01
  1.294000000000E+01   6.006288E+00   2.615912E-03   6.603295E+01  -4.979552E-17   1.782480E-17   4.499478E-13   1.200000E+02   2.229903E-01
  1.294500000000E+01   6.006301E+00   2.648519E-03   6.604819E+01  -4.971972E-17   1.304986E-17   3.254347E-13   1.200000E+02   2.240026E-01
  1.295000000000E+01   6.006315E+00   2.688705E-03   6.606598E+01  -4.967269E-17   5.555525E-18   1.365085E-13   1.200000E+02   2.250078E-01
  1.295500000000E+01   6.006328E+00   2.735822E-03   6.608597E+01  -4.966989E-17  -4.725501E-18  -1.141482E-13   1.200000E+02   2.260054E-01
  1.296000000000E+01   6.006342E+00   2.788816E-03   6.610767E+01  -4.972056E-17  -1.671496E-17  -3.962208E-13   1.200000E+02   2.269945E-01
  1.296500000000E+01   6.006356E+00   2.846052E-03   6.613042E+01  -4.983568E-17  -2.887410E-17  -6.709139E-13   1.200000E+02   2.279747E-01
  1.297000000000E+01   6.006371E+00   2.905146E-03   6.615337E+01  -5.000070E-17  -3.715625E-17  -8.460887E-13   1.200000E+02   2.289457E-01
  1.297500000000E+01   6.006385E+00   2.962876E-03   6.617545E+01  -5.020351E-17  -4.275053E-17  -9.548273E-13   1.200000E+02   2.299075E-01
  1.298000000000E+01   6.006400E+00   3.015272E-03   6.619543E+01  -5.042958E-17  -4.597936E-17  -1.009403E-12   1.200000E+02   2.308604E-01
  1.298500000000E+01   6.006415E+00   3.057929E-03   6.621205E+01  -5.065438E-17  -4.352687E-17  -9.424689E-13   1.200000E+02   2.318053E-01
  1.299000000000E+01   6.006431E+00   3.086584E-03   6.622412E+01  -5.084598E-17  -3.319347E-17  -7.121816E-13   1.200000E+02   2.327436E-01
  1.299500000000E+01   6.006446E+00   3.097857E-03   6.623071E+01  -5.097656E-17  -1.973446E-17  -4.219134E-13   1.200000E+02   2.336769E-01
  1.300000000000E+01   6.006462E+00   3.090022E-03   6.623137E+01  -5.103662E-17  -4.664813E-18  -9.998535E-14   1.200000E+02   2.346073E-01
  1.300500000000E+01   6.006477E+00   3.063566E-03   6.622619E+01  -5.102228E-17   8.525719E-18   1.843035E-13   1.200000E+02   2.355369E-01
  1.301000000000E+01   6.006492E+00   3.021354E-03   6.621596E+01  -5.094912E-17   2.078757E-17   4.555801E-13   1.200000E+02   2.364675E-01
  1.301500000000E+01   6.006507E+00   2.968322E-03   6.620205E+01  -5.082741E-17   2.740577E-17   6.112268E-13   1.200000E+02   2.374007E-01
  1.302000000000E+01   6.006522E+00   2.910766E-03   6.618636E+01  -5.067779E-17   3.108735E-17   7.068788E-13   1.200000E+02   2.383372E-01
  1.302500000000E+01   6.006536E+00   2.855414E-03   6.617105E+01  -5.052714E-17   2.998666E-17   6.949076E-13   1.200000E+02   2.392772E-01
  1.303000000000E+01   6.006551E+00   2.808533E-03   6.615828E+01  -5.039515E-17   2.259560E-17   5.322659E-13   1.200000E+02   2.402202E-01
  1.303500000000E+01   6.006565E+00   2.775212E-03   6.614996E+01  -5.030325E-17   1.586585E-17   3.781784E-13   1.200000E+02   2.411647E-01
  1.304000000000E+01   6.006578E+00   2.758912E-03   6.614743E+01  -5.024641E-17   5.627011E-18   1.349127E-13   1.200000E+02   2.421093E-01
  1.304500000000E+01   6.006592E+00   2.761250E-03   6.615137E+01  -5.023585E-17  -1.517348E-18  -3.635116E-14   1.200000E+02   2.430520E-01
  1.305000000000E+01   6.006606E+00   2.781954E-03   6.616166E+01  -5.024542E-17  -3.069711E-18  -7.300521E-14   1.200000E+02   2.439907E-01
  1.305500000000E+01   6.006620E+00   2.818944E-03   6.617743E+01  -5.026188E-17  -3.694848E-18  -8.674012E-14   1.200000E+02   2.449236E-01
  1.306000000000E+01   6.006634E+00   2.868530E-03   6.619724E+01  -5.027855E-17  -2.576633E-18  -5.946110E-14   1.200000E+02   2.458491E-01
  1.306500000000E+01   6.006649E+00   2.925740E-03   6.621924E+01  -5.027983E-17   1.936223E-18   4.382318E-14   1.200000E+02   2.467661E-01
  1.307000000000E+01   6.006663E+00   2.984808E-03   6.624144E+01  -5.025346E-17   8.995992E-18   1.996468E-13   1.200000E+02   2.476742E-01
  1.307500000000E+01   6.006679E+00   3.039824E-03   6.626195E+01  -5.019821E-17   1.178785E-17   2.569511E-13   1.200000E+02   2.485735E-01
  1.308000000000E+01   6.006694E+00   3.085475E-03   6.627922E+01  -5.012388E-17   1.698341E-17   3.648214E-13   1.200000E+02   2.494647E-01
  1.308500000000E+01   6.006709E+00   3.117764E-03   6.629214E+01  -5.004294E-17   1.652843E-17   3.514394E-13   1.200000E+02   2.503492E-01
  1.309000000000E+01   6.006725E+00   3.134566E-03   6.630022E+01  -4.997404E-17   9.402471E-18   1.988747E-13   1.200000E+02   2.512285E-01
  1.309500000000E+01   6.006741E+00   3.135899E-03   6.630353E+01  -4.995428E-17  -2.317443E-18  -4.899860E-14   1.200000E+02   2.521044E-01
  1.310000000000E+01   6.006756E+00   3.123865E-03   6.630274E+01  -4.999769E-17  -1.432568E-17  -3.040565E-13   1.200000E+02   2.529784E-01
  1.310500000000E+01   6.006772E+00   3.102298E-03   6.629898E+01  -5.011407E-17  -3.030111E-17  -6.475626E-13   1.200000E+02   2.538519E-01
  1.311000000000E+01   6.006787E+00   3.076207E-03   6.629377E+01  -5.029948E-17  -4.179752E-17  -9.007570E-13   1.200000E+02   2.547256E-01
  1.311500000000E+01   6.006803E+00   3.051142E-03   6.628882E+01  -5.053321E-17  -4.914277E-17  -1.067671E-12   1.200000E+02   2.555996E-01
  1.312000000000E+01   6.006818E+00   3.032587E-03   6.628586E+01  -5.078532E-17  -4.955946E-17  -1.083264E-12   1.200000E+02   2.564737E-01
  1.312500000000E+01   6.006833E+00   3.025434E-03   6.628649E+01  -5.101941E-17  -4.227123E-17  -9.261519E-13   1.200000E+02   2.573468E-01
  1.313000000000E+01   6.006848E+00   3.033558E-03   6.629195E+01  -5.120437E-17  -2.896183E-17  -6.328992E-13   1.200000E+02   2.582175E-01
  1.313500000000E+01   6.006863E+00   3.059468E-03   6.630298E+01  -5.130760E-17  -1.161096E-17  -2.516258E-13   1.200000E+02   2.590839E-01
  1.314000000000E+01   6.006879E+00   3.104009E-03   6.631971E+01  -5.131313E-17   9.740813E-18   2.081205E-13   1.200000E+02   2.599441E-01
  1.314500000000E+01   6.006894E+00   3.166100E-03   6.634155E+01  -5.122153E-17   2.713768E-17   5.686352E-13   1.200000E+02   2.607962E-01
  1.315000000000E+01   6.006910E+00   3.242543E-03   6.636725E+01  -5.104284E-17   4.340895E-17   8.884793E-13   1.200000E+02   2.616384E-01
  1.315500000000E+01   6.006927E+00   3.328001E-03   6.639498E+01  -5.080130E-17   5.267315E-17   1.050851E-12   1.200000E+02   2.624694E-01
  1.316000000000E+01   6.006944E+00   3.415248E-03   6.642254E+01  -5.052984E-17   5.539823E-17   1.077430E-12   1.200000E+02   2.632888E-01
  1.316500000000E+01   6.006961E+00   3.495836E-03   6.644760E+01  -5.027230E-17   4.827061E-17   9.175105E-13   1.200000E+02   2.640967E-01
  1.317000000000E+01   6.006979E+00   3.561192E-03   6.646803E+01  -5.005894E-17   3.478698E-17   6.492832E-13   1.200000E+02   2.648944E-01
  1.317500000000E+01   6.006997E+00   3.604010E-03   6.648212E+01  -4.992266E-17   1.706494E-17   3.147921E-13   1.200000E+02   2.656841E-01
  1.318000000000E+01   6.007015E+00   3.619636E-03   6.648888E+01  -4.988363E-17  -2.498814E-18  -4.590056E-14   1.200000E+02   2.664684E-01
  1.318500000000E+01   6.007033E+00   3.607043E-03   6.648812E+01  -4.994006E-17  -2.016235E-17  -3.716497E-13   1.200000E+02   2.672504E-01
  1.319000000000E+01   6.007051E+00   3.569067E-03   6.648056E+01  -5.007211E-17  -3.085600E-17  -5.747508E-13   1.200000E+02   2.680331E-01
  1.319500000000E+01   6.007068E+00   3.511820E-03   6.646764E+01  -5.024328E-17  -3.454836E-17  -6.538912E-13   1.200000E+02   2.688189E-01
  1.320000000000E+01   6.007086E+00   3.443477E-03   6.645140E+01  -5.041362E-17  -3.226344E-17  -6.226121E-13   1.200000E+02   2.696096E-01
  1.320500000000E+01   6.007103E+00   3.372823E-03   6.643413E+01  -5.056532E-17  -2.818396E-17  -5.551364E-13   1.200000E+02   2.704057E-01
  1.321000000000E+01   6.007120E+00   3.307944E-03   6.641814E+01  -5.067713E-17  -1.623567E-17  -3.259859E-13   1.200000E+02   2.712071E-01
  1.321500000000E+01   6.007136E+00   3.255314E-03   6.640542E+01  -5.073613E-17  -6.807072E-18  -1.388580E-13   1.200000E+02   2.720128E-01
  1.322000000000E+01   6.007152E+00   3.219344E-03   6.639743E+01  -5.074883E-17   1.306930E-18   2.695482E-14   1.200000E+02   2.728211E-01
  1.322500000000E+01   6.007168E+00   3.202297E-03   6.639502E+01  -5.072754E-17   6.207218E-18   1.286977E-13   1.200000E+02   2.736302E-01
  1.323000000000E+01   6.007184E+00   3.204463E-03   6.639835E+01  -5.068813E-17   8.616459E-18   1.785381E-13   1.200000E+02   2.744380E-01
  1.323500000000E+01   6.007200E+00   3.224434E-03   6.640698E+01  -5.064453E-17   7.477641E-18   1.540014E-13   1.200000E+02   2.752424E-01
  1.324000000000E+01   6.007216E+00   3.259445E-03   6.641999E+01  -5.061237E-17   5.035816E-18   1.026184E-13   1.200000E+02   2.760416E-01
  1.324500000000E+01   6.007233E+00   3.305692E-03   6.643615E+01  -5.059803E-17   1.625481E-18   3.266811E-14   1.200000E+02   2.768343E-01
  1.325000000000E+01   6.007250E+00   3.358664E-03   6.645401E+01  -5.059657E-17   8.982655E-21   1.777294E-16   1.200000E+02   2.776194E-01
  1.325500000000E+01   6.007266E+00   3.413454E-03   6.647212E+01  -5.060024E-17  -1.689650E-19  -3.290351E-15   1.200000E+02   2.783966E-01
  1.326000000000E+01   6.007284E+00   3.465073E-03   6.648908E+01  -5.058693E-17   3.711225E-18   7.121234E-14   1.200000E+02   2.791660E-01
  1.326500000000E+01   6.007301E+00   3.508783E-03   6.650365E+01  -5.054994E-17   9.941564E-18   1.884273E-13   1.200000E+02   2.799281E-01
  1.327000000000E+01   6.007319E+00   3.540443E-03   6.651478E+01  -5.047777E-17   1.809982E-17   3.400437E-13   1.200000E+02   2.806841E-01
  1.327500000000E+01   6.007336E+00   3.556883E-03   6.652171E+01  -5.037394E-17   2.333063E-17   4.363353E-13   1.200000E+02   2.814354E-01
  1.328000000000E+01   6.007354E+00   3.556269E-03   6.652403E+01  -5.024950E-17   2.517505E-17   4.709277E-13   1.200000E+02   2.821840E-01
  1.328500000000E+01   6.007372E+00   3.538396E-03   6.652167E+01  -5.012843E-17   2.236638E-17   4.204868E-13   1.200000E+02   2.829316E-01
  1.329000000000E+01   6.007390E+00   3.504841E-03   6.651501E+01  -5.003699E-17   1.250141E-17   2.372523E-13   1.200000E+02   2.836801E-01
  1.329500000000E+01   6.007407E+00   3.458894E-03   6.650483E+01  -5.000554E-17  -1.510255E-18  -2.903796E-14   1.200000E+02   2.844309E-01
  1.330000000000E+01   6.007424E+00   3.405236E-03   6.649232E+01  -5.006641E-17  -2.182607E-17  -4.261867E-13   1.200000E+02   2.851853E-01
  1.330500000000E+01   6.007441E+00   3.349395E-03   6.647896E+01  -5.021516E-17  -3.916817E-17  -7.774117E-13   1.200000E+02   2.859437E-01
  1.331000000000E+01   6.007458E+00   3.297089E-03   6.646638E+01  -5.045493E-17  -5.505441E-17  -1.109848E-12   1.200000E+02   2.867061E-01
  1.331500000000E+01   6.007474E+00   3.253554E-03   6.645616E+01  -5.076075E-17  -6.600769E-17  -1.348254E-12   1.200000E+02   2.874717E-01
  1.332000000000E+01   6.007490E+00   3.222985E-03   6.644964E+01  -5.109942E-17  -6.689112E-17  -1.379123E-12   1.200000E+02   2.882395E-01
  1.332500000000E+01   6.007506E+00   3.208142E-03   6.644776E+01  -5.141380E-17  -5.866536E-17  -1.215090E-12   1.200000E+02   2.890077E-01
  1.333000000000E+01   6.007522E+00   3.210148E-03   6.645090E+01  -5.166328E-17  -4.013162E-17  -8.307349E-13   1.200000E+02   2.897747E-01
  1.333500000000E+01   6.007538E+00   3.228466E-03   6.645890E+01  -5.180162E-17  -1.530952E-17  -3.151508E-13   1.200000E+02   2.905386E-01
  1.334000000000E+01   6.007555E+00   3.261049E-03   6.647105E+01  -5.180207E-17   1.567546E-17   3.195182E-13   1.200000E+02   2.912977E-01
  1.334500000000E+01   6.007571E+00   3.304658E-03   6.648630E+01  -5.165003E-17   4.564061E-17   9.182419E-13   1.200000E+02   2.920507E-01
  1.335000000000E+01   6.007588E+00   3.355322E-03   6.650338E+01  -5.134725E-17   7.438134E-17   1.474258E-12   1.200000E+02   2.927967E-01
  1.335500000000E+01   6.007605E+00   3.408894E-03   6.652104E+01  -5.092702E-17   9.218459E-17   1.798887E-12   1.200000E+02   2.935351E-01
  1.336000000000E+01   6.007622E+00   3.461623E-03   6.653819E+01  -5.044811E-17   9.868043E-17   1.896803E-12   1.200000E+02   2.942658E-01
  1.336500000000E+01   6.007639E+00   3.510600E-03   6.655408E+01  -4.996601E-17   9.217466E-17   1.747451E-12   1.200000E+02   2.949891E-01
  1.337000000000E+01   6.007657E+00   3.553989E-03   6.656825E+01  -4.954419E-17   7.496815E-17   1.404196E-12   1.200000E+02   2.957056E-01
  1.337500000000E+01   6.007675E+00   3.590970E-03   6.658054E+01  -4.924040E-17   4.605489E-17   8.539085E-13   1.200000E+02   2.964158E-01
  1.338000000000E+01   6.007693E+00   3.621431E-03   6.659099E+01  -4.908569E-17   1.546631E-17   2.843950E-13   1.200000E+02   2.971207E-01
  1.338500000000E+01   6.007711E+00   3.645515E-03   6.659967E+01  -4.909194E-17  -1.755250E-17  -3.206655E-13   1.200000E+02   2.978208E-01
  1.339000000000E+01   6.007729E+00   3.663182E-03   6.660662E+01  -4.924176E-17  -4.283294E-17  -7.788195E-13   1.200000E+02   2.985169E-01
  1.339500000000E+01   6.007748E+00   3.673926E-03   6.661173E+01  -4.950283E-17  -6.179044E-17  -1.120319E-12   1.200000E+02   2.992097E-01
  1.340000000000E+01   6.007766E+00   3.676740E-03   6.661475E+01  -4.983569E-17  -7.042219E-17  -1.275901E-12   1.200000E+02   2.999000E-01
  1.340500000000E+01   6.007784E+00   3.670359E-03   6.661537E+01  -5.019538E-17  -7.288186E-17  -1.322773E-12   1.200000E+02   3.005887E-01
  1.341000000000E+01   6.007803E+00   3.653708E-03   6.661329E+01  -5.054963E-17  -6.744161E-17  -1.229575E-12   1.200000E+02   3.012770E-01
  1.341500000000E+01   6.007821E+00   3.626420E-03   6.660837E+01  -5.086179E-17  -5.781138E-17  -1.061852E-12   1.200000E+02   3.019659E-01
  1.342000000000E+01   6.007839E+00   3.589267E-03   6.660078E+01  -5.112145E-17  -4.380185E-17  -8.127667E-13   1.200000E+02   3.026567E-01
  1.342500000000E+01   6.007857E+00   3.544351E-03   6.659099E+01  -5.130756E-17  -2.868479E-17  -5.389275E-13   1.200000E+02   3.033502E-01
  1.343000000000E+01   6.007874E+00   3.494981E-03   6.657983E+01  -5.142243E-17  -1.665061E-17  -3.171963E-13   1.200000E+02   3.040471E-01
  1.343500000000E+01   6.007892E+00   3.445266E-03   6.656840E+01  -5.147626E-17  -5.201304E-18  -1.004980E-13   1.200000E+02   3.047477E-01
  1.344000000000E+01   6.007909E+00   3.399533E-03   6.655791E+01  -5.146605E-17   8.786809E-18   1.720329E-13   1.200000E+02   3.054518E-01
  1.344500000000E+01   6.007926E+00   3.361706E-03   6.654951E+01  -5.139711E-17   2.022299E-17   4.003413E-13   1.200000E+02   3.061587E-01
  1.345000000000E+01   6.007942E+00   3.334785E-03   6.654414E+01  -5.126494E-17   3.184393E-17   6.354313E-13   1.200000E+02   3.068674E-01
  1.345500000000E+01   6.007959E+00   3.320491E-03   6.654237E+01  -5.108041E-17   4.096313E-17   8.208980E-13   1.200000E+02   3.075766E-01
  1.346000000000E+01   6.007976E+00   3.319100E-03   6.654432E+01  -5.085359E-17   4.846220E-17   9.716141E-13   1.200000E+02   3.082849E-01
  1.346500000000E+01   6.007992E+00   3.329466E-03   6.654965E+01  -5.060327E-17   5.072971E-17   1.013990E-12   1.200000E+02   3.089909E-01
  1.347000000000E+01   6.008009E+00   3.349192E-03   6.655765E+01  -5.034476E-17   5.172289E-17   1.027876E-12   1.200000E+02   3.096936E-01
  1.347500000000E+01   6.008026E+00   3.374933E-03   6.656732E+01  -5.010025E-17   4.616181E-17   9.104976E-13   1.200000E+02   3.103920E-01
  1.348000000000E+01   6.008043E+00   3.402801E-03   6.657751E+01  -4.989371E-17   3.572762E-17   6.990288E-13   1.200000E+02   3.110858E-01
  1.348500000000E+01   6.008060E+00   3.428824E-03   6.658711E+01  -4.974594E-17   2.251964E-17   4.373272E-13   1.200000E+02   3.117750E-01
  1.349000000000E+01   6.008077E+00   3.449415E-03   6.659513E+01  -4.968019E-17   3.224729E-18   6.225729E-14   1.200000E+02   3.124599E-01
  1.349500000000E+01   6.008094E+00   3.461778E-03   6.660082E+01  -4.971177E-17  -1.556195E-17  -2.993948E-13   1.200000E+02   3.131413E-01
  1.350000000000E+01   6.008112E+00   3.464209E-03   6.660375E+01  -4.983839E-17  -3.373118E-17  -6.485240E-13   1.200000E+02   3.138203E-01
  1.350500000000E+01   6.008129E+00   3.456246E-03   6.660379E+01  -5.004416E-17  -4.683013E-17  -9.024427E-13   1.200000E+02   3.144979E-01
  1.351000000000E+01   6.008146E+00   3.438663E-03   6.660114E+01  -5.030778E-17  -5.630608E-17  -1.090554E-12   1.200000E+02   3.151753E-01
  1.351500000000E+01   6.008163E+00   3.413327E-03   6.659628E+01  -5.059940E-17  -5.933778E-17  -1.157720E-12   1.200000E+02   3.158533E-01
  1.352000000000E+01   6.008180E+00   3.382941E-03   6.658995E+01  -5.088958E-17  -5.427998E-17  -1.068449E-12   1.200000E+02   3.165328E-01
  1.352500000000E+01   6.008197E+00   3.350727E-03   6.658303E+01  -5.114787E-17  -4.606513E-17  -9.153701E-13   1.200000E+02   3.172141E-01
  1.353000000000E+01   6.008214E+00   3.320068E-03   6.657647E+01  -5.135042E-17  -3.307572E-17  -6.632588E-13   1.200000E+02   3.178972E-01
  1.353500000000E+01   6.008230E+00   3.294146E-03   6.657121E+01  -5.147734E-17  -1.798245E-17  -3.634063E-13   1.200000E+02   3.185818E-01
  1.354000000000E+01   6.008247E+00   3.275605E-03   6.656807E+01  -5.153018E-17  -2.994828E-18  -6.086202E-14   1.200000E+02   3.192671E-01
  1.354500000000E+01   6.008263E+00   3.266253E-03   6.656759E+01  -5.150972E-17   1.027812E-17   2.094725E-13   1.200000E+02   3.199523E-01
  1.355000000000E+01   6.008279E+00   3.266827E-03   6.657003E+01  -5.141851E-17   2.499335E-17   5.093041E-13   1.200000E+02   3.206364E-01
  1.355500000000E+01   6.008296E+00   3.276845E-03   6.657523E+01  -5.126085E-17   3.752733E-17   7.624378E-13   1.200000E+02   3.213183E-01
  1.356000000000E+01   6.008312E+00   3.294576E-03   6.658266E+01  -5.105566E-17   4.437309E-17   8.967704E-13   1.200000E+02   3.219970E-01
  1.356500000000E+01   6.008329E+00   3.317155E-03   6.659146E+01  -5.082175E-17   4.795136E-17   9.626173E-13   1.200000E+02   3.226718E-01
  1.357000000000E+01   6.008345E+00   3.340881E-03   6.660052E+01  -5.057968E-17   4.726946E-17   9.423175E-13   1.200000E+02   3.233425E-01
  1.357500000000E+01   6.008362E+00   3.361692E-03   6.660869E+01  -5.035880E-17   4.047434E-17   8.019602E-13   1.200000E+02   3.240092E-01
  1.358000000000E+01   6.008379E+00   3.375761E-03   6.661490E+01  -5.018104E-17   2.977756E-17   5.876094E-13   1.200000E+02   3.246723E-01
  1.358500000000E+01   6.008396E+00   3.380130E-03   6.661833E+01  -5.006431E-17   1.622025E-17   3.196818E-13   1.200000E+02   3.253329E-01
  1.359000000000E+01   6.008413E+00   3.373211E-03   6.661855E+01  -5.001671E-17   2.656309E-18   5.246025E-14   1.200000E+02   3.259920E-01
  1.359500000000E+01   6.008430E+00   3.355052E-03   6.661556E+01  -5.003394E-17  -1.079601E-17  -2.143579E-13   1.200000E+02   3.266510E-01
  1.360000000000E+01   6.008446E+00   3.327267E-03   6.660976E+01  -5.011880E-17  -2.199056E-17  -4.402370E-13   1.200000E+02   3.273109E-01
  1.360500000000E+01   6.008463E+00   3.292657E-03   6.660192E+01  -5.025357E-17  -3.153498E-17  -6.378709E-13   1.200000E+02   3.279727E-01
  1.361000000000E+01   6.008479E+00   3.254644E-03   6.659297E+01  -5.043276E-17  -3.809880E-17  -7.795360E-13   1.200000E+02   3.286369E-01
  1.361500000000E+01   6.008495E+00   3.216649E-03   6.658391E+01  -5.063046E-17  -4.010954E-17  -8.302584E-13   1.200000E+02   3.293037E-01
  1.362000000000E+01   6.008511E+00   3.181560E-03   6.657560E+01  -5.082522E-17  -3.641853E-17  -7.620744E-13   1.200000E+02   3.299729E-01
  1.362500000000E+01   6.008527E+00   3.151390E-03   6.656868E+01  -5.099288E-17  -2.874040E-17  -6.071004E-13   1.200000E+02   3.306441E-01
  1.363000000000E+01   6.008543E+00   3.127140E-03   6.656349E+01  -5.111236E-17  -1.900434E-17  -4.045215E-13   1.200000E+02   3.313167E-01
  1.363500000000E+01   6.008558E+00   3.108847E-03   6.656009E+01  -5.118281E-17  -7.911510E-18  -1.693846E-13   1.200000E+02   3.319901E-01
  1.364000000000E+01   6.008574E+00   3.095767E-03   6.655828E+01  -5.120729E-17  -8.229173E-19  -1.769253E-14   1.200000E+02   3.326635E-01
  1.364500000000E+01   6.008589E+00   3.086623E-03   6.655767E+01  -5.119479E-17   5.816736E-18   1.254278E-13   1.200000E+02   3.333366E-01
  1.365000000000E+01   6.008605E+00   3.079856E-03   6.655779E+01  -5.114836E-17   1.292546E-17   2.793279E-13   1.200000E+02   3.340090E-01
  1.365500000000E+01   6.008620E+00   3.073831E-03   6.655814E+01  -5.107747E-17   1.651199E-17   3.575366E-13   1.200000E+02   3.346805E-01
  1.366000000000E+01   6.008636E+00   3.066965E-03   6.655822E+01  -5.099274E-17   1.732294E-17   3.759365E-13   1.200000E+02   3.353511E-01
  1.366500000000E+01   6.008651E+00   3.057779E-03   6.655756E+01  -5.090528E-17   1.798994E-17   3.915803E-13   1.200000E+02   3.360211E-01
  1.367000000000E+01   6.008666E+00   3.044912E-03   6.655573E+01  -5.082317E-17   1.662400E-17   3.633677E-13   1.200000E+02   3.366906E-01
  1.367500000000E+01   6.008681E+00   3.027119E-03   6.655232E+01  -5.074535E-17   1.498259E-17   3.293977E-13   1.200000E+02   3.373603E-01
  1.368000000000E+01   6.008696E+00   3.003321E-03   6.654697E+01  -5.067296E-17   1.438982E-17   3.188467E-13   1.200000E+02   3.380307E-01
  1.368500000000E+01   6.008711E+00   2.972712E-03   6.653936E+01  -5.060567E-17   1.156412E-17   2.588441E-13   1.200000E+02   3.387025E-01
  1.369000000000E+01   6.008726E+00   2.934931E-03   6.652932E+01  -5.054646E-17   1.202994E-17   2.726959E-13   1.200000E+02   3.393765E-01
  1.369500000000E+01   6.008741E+00   2.890227E-03   6.651683E+01  -5.049013E-17   9.975243E-18   2.295742E-13   1.200000E+02   3.400534E-01
  1.370000000000E+01   6.008755E+00   2.839584E-03   6.650211E+01  -5.045379E-17   5.484381E-18   1.284424E-13   1.200000E+02   3.407340E-01
  1.370500000000E+01   6.008769E+00   2.784720E-03   6.648565E+01  -5.043994E-17   6.516606E-19   1.555851E-14   1.200000E+02   3.414187E-01
  1.371000000000E+01   6.008783E+00   2.727940E-03   6.646816E+01  -5.046003E-17  -8.346524E-18  -2.033689E-13   1.200000E+02   3.421080E-01
  1.371500000000E+01   6.008796E+00   2.671860E-03   6.645052E+01  -5.052268E-17  -1.585614E-17  -3.943502E-13   1.200000E+02   3.428018E-01
  1.372000000000E+01   6.008810E+00   2.619053E-03   6.643367E+01  -5.061933E-17  -2.300519E-17  -5.835389E-13   1.200000E+02   3.435000E-01
  1.372500000000E+01   6.008823E+00   2.571696E-03   6.641848E+01  -5.074868E-17  -2.791601E-17  -7.209791E-13   1.200000E+02   3.442021E-01
  1.373000000000E+01   6.008835E+00   2.531296E-03   6.640562E+01  -5.088674E-17  -2.779428E-17  -7.291507E-13   1.200000E+02   3.449073E-01
  1.373500000000E+01   6.008848E+00   2.498534E-03   6.639546E+01  -5.102266E-17  -2.527539E-17  -6.716625E-13   1.200000E+02   3.456150E-01
  1.374000000000E+01   6.008860E+00   2.473248E-03   6.638805E+01  -5.113772E-17  -2.069420E-17  -5.554832E-13   1.200000E+02   3.463241E-01
  1.374500000000E+01   6.008873E+00   2.454565E-03   6.638312E+01  -5.122323E-17  -1.312214E-17  -3.548852E-13   1.200000E+02   3.470341E-01
  1.375000000000E+01   6.008885E+00   2.441120E-03   6.638020E+01  -5.127017E-17  -5.389880E-18  -1.465644E-13   1.200000E+02   3.477442E-01
  1.375500000000E+01   6.008897E+00   2.431352E-03   6.637871E+01  -5.128176E-17   1.588844E-18   4.337728E-14   1.200000E+02   3.484539E-01
  1.376000000000E+01   6.008909E+00   2.423788E-03   6.637807E+01  -5.125872E-17   6.905458E-18   1.891135E-13   1.200000E+02   3.491630E-01
  1.376500000000E+01   6.008921E+00   2.417271E-03   6.637783E+01  -5.121450E-17   9.842845E-18   2.702828E-13   1.200000E+02   3.498712E-01
  1.377000000000E+01   6.008933E+00   2.411055E-03   6.637771E+01  -5.116822E-17   8.701743E-18   2.395639E-13   1.200000E+02   3.505786E-01
  1.377500000000E+01   6.008945E+00   2.404764E-03   6.637754E+01  -5.112422E-17   8.652356E-18   2.388268E-13   1.200000E+02   3.512850E-01
  1.378000000000E+01   6.008957E+00   2.398225E-03   6.637727E+01  -5.108405E-17   7.622434E-18   2.109711E-13   1.200000E+02   3.519906E-01
  1.378500000000E+01   6.008969E+00   2.391227E-03   6.637680E+01  -5.105302E-17   5.249665E-18   1.457227E-13   1.200000E+02   3.526953E-01
  1.379000000000E+01   6.008981E+00   2.383290E-03   6.637594E+01  -5.102346E-17   5.698614E-18   1.587095E-13   1.200000E+02   3.533993E-01
  1.379500000000E+01   6.008993E+00   2.373538E-03   6.637434E+01  -5.099167E-17   6.568116E-18   1.836728E-13   1.200000E+02   3.541026E-01
  1.380000000000E+01   6.009005E+00   2.360713E-03   6.637147E+01  -5.094713E-17   1.006627E-17   2.830134E-13   1.200000E+02   3.548057E-01
  1.380500000000E+01   6.009017E+00   2.343364E-03   6.636672E+01  -5.088936E-17   1.319257E-17   3.736284E-13   1.200000E+02   3.555087E-01
  1.381000000000E+01   6.009029E+00   2.320180E-03   6.635950E+01  -5.081386E-17   1.619193E-17   4.631055E-13   1.200000E+02   3.562125E-01
  1.381500000000E+01   6.009040E+00   2.290371E-03   6.634943E+01  -5.072180E-17   1.905458E-17   5.519894E-13   1.200000E+02   3.569175E-01
  1.382000000000E+01   6.009051E+00   2.254000E-03   6.633641E+01  -5.062980E-17   1.708477E-17   5.028137E-13   1.200000E+02   3.576246E-01
  1.382500000000E+01   6.009063E+00   2.212143E-03   6.632076E+01  -5.055522E-17   1.301412E-17   3.901676E-13   1.200000E+02   3.583344E-01
  1.383000000000E+01   6.009074E+00   2.166822E-03   6.630326E+01  -5.050498E-17   7.092091E-18   2.170131E-13   1.200000E+02   3.590474E-01
  1.383500000000E+01   6.009084E+00   2.120710E-03   6.628498E+01  -5.049190E-17  -1.586890E-18  -4.959988E-14   1.200000E+02   3.597639E-01
  1.384000000000E+01   6.009095E+00   2.076702E-03   6.626724E+01  -5.051763E-17  -7.182612E-18  -2.291960E-13   1.200000E+02   3.604836E-01
  1.384500000000E+01   6.009105E+00   2.037444E-03   6.625131E+01  -5.057094E-17  -1.360449E-17  -4.423755E-13   1.200000E+02   3.612064E-01
  1.385000000000E+01   6.009115E+00   2.004937E-03   6.623828E+01  -5.064943E-17  -1.772227E-17  -5.855012E-13   1.200000E+02   3.619315E-01
  1.385500000000E+01   6.009125E+00   1.980280E-03   6.622881E+01  -5.073872E-17  -1.680361E-17  -5.619826E-13   1.200000E+02   3.626581E-01
  1.386000000000E+01   6.009135E+00   1.963562E-03   6.622308E+01  -5.081583E-17  -1.347894E-17  -4.545907E-13   1.200000E+02   3.633854E-01
  1.386500000000E+01   6.009145E+00   1.953898E-03   6.622075E+01  -5.086493E-17  -6.142483E-18  -2.081787E-13   1.200000E+02   3.641125E-01
  1.387000000000E+01   6.009154E+00   1.949596E-03   6.622104E+01  -5.087865E-17   1.703786E-18   5.787172E-14   1.200000E+02   3.648388E-01
  1.387500000000E+01   6.009164E+00   1.948412E-03   6.622287E+01  -5.085041E-17   8.673002E-18   2.947791E-13   1.200000E+02   3.655638E-01
  1.388000000000E+01   6.009174E+00   1.947871E-03   6.622500E+01  -5.079327E-17   1.366465E-17   4.645797E-13   1.200000E+02   3.662873E-01
  1.388500000000E+01   6.009184E+00   1.945605E-03   6.622627E+01  -5.071998E-17   1.502824E-17   5.115447E-13   1.200000E+02   3.670094E-01
  1.389000000000E+01   6.009193E+00   1.939651E-03   6.622572E+01  -5.065126E-17   1.201302E-17   4.101618E-13   1.200000E+02   3.677304E-01
  1.389500000000E+01   6.009203E+00   1.928660E-03   6.622266E+01  -5.060921E-17   4.430433E-18   1.521238E-13   1.200000E+02   3.684507E-01
  1.390000000000E+01   6.009213E+00   1.911992E-03   6.621671E+01  -5.061001E-17  -4.677076E-18  -1.619780E-13   1.200000E+02   3.691710E-01
  1.390500000000E+01   6.009222E+00   1.889688E-03   6.620784E+01  -5.066005E-17  -1.507962E-17  -5.283354E-13   1.200000E+02   3.698919E-01
  1.391000000000E+01   6.009232E+00   1.862359E-03   6.619625E+01  -5.075954E-17  -2.292339E-17  -8.147955E-13   1.200000E+02   3.706139E-01
  1.391500000000E+01   6.009241E+00   1.831037E-03   6.618236E+01  -5.088491E-17  -2.681670E-17  -9.692830E-13   1.200000E+02   3.713376E-01
  1.392000000000E+01   6.009250E+00   1.797021E-03   6.616677E+01  -5.101691E-17  -2.557079E-17  -9.415232E-13   1.200000E+02   3.720633E-01
  1.392500000000E+01   6.009259E+00   1.761760E-03   6.615016E+01  -5.113149E-17  -1.875468E-17  -7.041963E-13   1.200000E+02   3.727913E-01
  1.393000000000E+01   6.009267E+00   1.726756E-03   6.613331E+01  -5.120314E-17  -9.204523E-18  -3.525255E-13   1.200000E+02   3.735215E-01
  1.393500000000E+01   6.009276E+00   1.693478E-03   6.611706E+01  -5.122330E-17   1.391837E-18   5.434035E-14   1.200000E+02   3.742539E-01
  1.394000000000E+01   6.009284E+00   1.663276E-03   6.610222E+01  -5.118742E-17   1.254176E-17   4.984370E-13   1.200000E+02   3.749882E-01
  1.394500000000E+01   6.009293E+00   1.637272E-03   6.608953E+01  -5.110453E-17   2.098198E-17   8.469512E-13   1.200000E+02   3.757240E-01
  1.395000000000E+01   6.009301E+00   1.616239E-03   6.607956E+01  -5.098943E-17   2.439900E-17   9.975478E-13   1.200000E+02   3.764609E-01
  1.395500000000E+01   6.009309E+00   1.600472E-03   6.607259E+01  -5.087025E-17   2.258492E-17   9.323777E-13   1.200000E+02   3.771982E-01
  1.396000000000E+01   6.009317E+00   1.589685E-03   6.606855E+01  -5.076780E-17   1.721811E-17   7.155980E-13   1.200000E+02   3.779353E-01
  1.396500000000E+01   6.009325E+00   1.582950E-03   6.606691E+01  -5.070374E-17   8.467066E-18   3.533864E-13   1.200000E+02   3.786719E-01
  1.397000000000E+01   6.009333E+00   1.578727E-03   6.606679E+01  -5.068600E-17  -1.146072E-18  -4.796096E-14   1.200000E+02   3.794075E-01
  1.397500000000E+01   6.009341E+00   1.575003E-03   6.606696E+01  -5.071425E-17  -1.013722E-17  -4.252280E-13   1.200000E+02   3.801420E-01
  1.398000000000E+01   6.009348E+00   1.569548E-03   6.606606E+01  -5.077878E-17  -1.537785E-17  -6.472907E-13   1.200000E+02   3.808754E-01
  1.398500000000E+01   6.009356E+00   1.560278E-03   6.606280E+01  -5.086365E-17  -1.777185E-17  -7.524672E-13   1.200000E+02   3.816081E-01
  1.399000000000E+01   6.009364E+00   1.545653E-03   6.605619E+01  -5.094679E-17  -1.496268E-17  -6.394563E-13   1.200000E+02   3.823405E-01
  1.399500000000E+01   6.009372E+00   1.525017E-03   6.604571E+01  -5.100837E-17  -9.599555E-18  -4.157394E-13   1.200000E+02   3.830734E-01
  1.400000000000E+01   6.009379E+00   1.498770E-03   6.603148E+01  -5.103827E-17  -2.713275E-18  -1.195391E-13   1.200000E+02   3.838072E-01
  1.400500000000E+01   6.009387E+00   1.468323E-03   6.601422E+01  -5.103169E-17   5.442977E-18   2.447103E-13   1.200000E+02   3.845427E-01
  1.401000000000E+01   6.009394E+00   1.435829E-03   6.599518E+01  -5.098890E-17   1.057575E-17   4.860945E-13   1.200000E+02   3.852801E-01
  1.401500000000E+01   6.009401E+00   1.403775E-03   6.597596E+01  -5.092579E-17   1.425491E-17   6.699657E-13   1.200000E+02   3.860195E-01
  1.402000000000E+01   6.009408E+00   1.374547E-03   6.595821E+01  -5.085323E-17   1.488612E-17   7.143167E-13   1.200000E+02   3.867607E-01
  1.402500000000E+01   6.009415E+00   1.350052E-03   6.594341E+01  -5.078823E-17   1.089267E-17   5.320532E-13   1.200000E+02   3.875033E-01
  1.403000000000E+01   6.009421E+00   1.331479E-03   6.593258E+01  -5.074696E-17   5.059804E-18   2.505529E-13   1.200000E+02   3.882467E-01
  1.403500000000E+01   6.009428E+00   1.319176E-03   6.592613E+01  -5.073909E-17  -2.027388E-18  -1.013192E-13   1.200000E+02   3.889903E-01
  1.404000000000E+01   6.009435E+00   1.312659E-03   6.592384E+01  -5.076955E-17  -9.663580E-18  -4.853204E-13   1.200000E+02   3.897334E-01
  1.404500000000E+01   6.009441E+00   1.310720E-03   6.592489E+01  -5.083370E-17  -1.587621E-17  -7.985205E-13   1.200000E+02   3.904754E-01
  1.405000000000E+01   6.009448E+00   1.311607E-03   6.592799E+01  -5.092055E-17  -1.854767E-17  -9.322996E-13   1.200000E+02   3.912160E-01
  1.405500000000E+01   6.009454E+00   1.313276E-03   6.593166E+01  -5.101480E-17  -1.861634E-17  -9.346144E-13   1.200000E+02   3.919549E-01
  1.406000000000E+01   6.009461E+00   1.313681E-03   6.593440E+01  -5.110008E-17  -1.464756E-17  -7.351695E-13   1.200000E+02   3.926922E-01
  1.406500000000E+01   6.009467E+00   1.311066E-03   6.593493E+01  -5.115962E-17  -8.790150E-18  -4.420663E-13   1.200000E+02   3.934280E-01
  1.407000000000E+01   6.009474E+00   1.304200E-03   6.593232E+01  -5.118356E-17  -1.413004E-18  -7.143277E-14   1.200000E+02   3.941629E-01
  1.407500000000E+01   6.009481E+00   1.292521E-03   6.592612E+01  -5.117309E-17   5.867617E-18   2.992829E-13   1.200000E+02   3.948974E-01
  1.408000000000E+01   6.009487E+00   1.276141E-03   6.591632E+01  -5.112736E-17   1.162970E-17   6.007070E-13   1.200000E+02   3.956318E-01
  1.408500000000E+01   6.009493E+00   1.255753E-03   6.590329E+01  -5.105594E-17   1.635387E-17   8.582690E-13   1.200000E+02   3.963668E-01
  1.409000000000E+01   6.009499E+00   1.232438E-03   6.588774E+01  -5.097210E-17   1.685068E-17   9.008589E-13   1.200000E+02   3.971027E-01
  1.409500000000E+01   6.009506E+00   1.207458E-03   6.587053E+01  -5.088944E-17   1.531234E-17   8.353348E-13   1.200000E+02   3.978398E-01
  1.410000000000E+01   6.009512E+00   1.182057E-03   6.585256E+01  -5.082283E-17   1.141392E-17   6.358714E-13   1.200000E+02   3.985781E-01
  1.410500000000E+01   6.009517E+00   1.157309E-03   6.583470E+01  -5.077858E-17   6.546600E-18   3.724100E-13   1.200000E+02   3.993177E-01
  1.411000000000E+01   6.009523E+00   1.134034E-03   6.581766E+01  -5.075804E-17   1.726634E-18   1.002113E-13   1.200000E+02   4.000584E-01
  1.411500000000E+01   6.009529E+00   1.112752E-03   6.580193E+01  -5.076100E-17  -2.997731E-18  -1.772691E-13   1.200000E+02   4.008001E-01
  1.412000000000E+01   6.009534E+00   1.093689E-03   6.578780E+01  -5.078558E-17  -6.385429E-18  -3.840977E-13   1.200000E+02   4.015425E-01
  1.412500000000E+01   6.009540E+00   1.076807E-03   6.577533E+01  -5.082393E-17  -8.607169E-18  -5.257575E-13   1.200000E+02   4.022854E-01
  1.413000000000E+01   6.009545E+00   1.061858E-03   6.576437E+01  -5.086854E-17  -8.522081E-18  -5.278006E-13   1.200000E+02   4.030285E-01
  1.413500000000E+01   6.009550E+00   1.048450E-03   6.575464E+01  -5.091181E-17  -8.618926E-18  -5.405451E-13   1.200000E+02   4.037717E-01
  1.414000000000E+01   6.009556E+00   1.036124E-03   6.574575E+01  -5.094950E-17  -6.658599E-18  -4.225116E-13   1.200000E+02   4.045148E-01
  1.414500000000E+01   6.009561E+00   1.024440E-03   6.573733E+01  -5.097965E-17  -5.024034E-18  -3.223873E-13   1.200000E+02   4.052577E-01
  1.415000000000E+01   6.009566E+00   1.013048E-03   6.572905E+01  -5.100075E-17  -3.328153E-18  -2.159387E-13   1.200000E+02   4.060005E-01
  1.415500000000E+01   6.009571E+00   1.001748E-03   6.572075E+01  -5.101221E-17  -1.689211E-18  -1.108225E-13   1.200000E+02   4.067430E-01
  1.416000000000E+01   6.009576E+00   9.905111E-04   6.571238E+01  -5.101782E-17  -2.738388E-19  -1.816699E-14   1.200000E+02   4.074853E-01
  1.416500000000E+01   6.009581E+00   9.794605E-04   6.570407E+01  -5.101837E-17  -3.160744E-19  -2.120287E-14   1.200000E+02   4.082273E-01
  1.417000000000E+01   6.009586E+00   9.688116E-04   6.569603E+01  -5.101725E-17  -2.991625E-20  -2.028649E-15   1.200000E+02   4.089691E-01
  1.417500000000E+01   6.009590E+00   9.587772E-04   6.568850E+01  -5.101926E-17  -3.926755E-19  -2.690329E-14   1.200000E+02   4.097105E-01
  1.418000000000E+01   6.009595E+00   9.494619E-04   6.568158E+01  -5.102241E-17  -2.538981E-19  -1.756409E-14   1.200000E+02   4.104516E-01
  1.418500000000E+01   6.009600E+00   9.407697E-04   6.567521E+01  -5.102529E-17  -4.567417E-19  -3.188517E-14   1.200000E+02   4.111922E-01
  1.419000000000E+01   6.009605E+00   9.323500E-04   6.566903E+01  -5.102590E-17   1.326594E-19   9.343718E-15   1.200000E+02   4.119323E-01
  1.419500000000E+01   6.009609E+00   9.236030E-04   6.566243E+01  -5.102428E-17   6.789046E-19   4.826590E-14   1.200000E+02   4.126718E-01
  1.420000000000E+01   6.009614E+00   9.137574E-04   6.565460E+01  -5.101794E-17   1.797271E-18   1.291362E-13   1.200000E+02   4.134110E-01
  1.420500000000E+01   6.009618E+00   9.020163E-04   6.564463E+01  -5.100642E-17   3.123140E-18   2.272879E-13   1.200000E+02   4.141499E-01
  1.421000000000E+01   6.009623E+00   8.877479E-04   6.563177E+01  -5.098863E-17   3.892543E-18   2.877782E-13   1.200000E+02   4.148887E-01
  1.421500000000E+01   6.009627E+00   8.706775E-04   6.561559E+01  -5.096590E-17   5.122604E-18   3.860472E-13   1.200000E+02   4.156279E-01
  1.422000000000E+01   6.009632E+00   8.510254E-04   6.559612E+01  -5.094164E-17   4.926584E-18   3.797358E-13   1.200000E+02   4.163676E-01
  1.422500000000E+01   6.009636E+00   8.295462E-04   6.557404E+01  -5.092054E-17   3.634325E-18   2.872864E-13   1.200000E+02   4.171082E-01
  1.423000000000E+01   6.009640E+00   8.074503E-04   6.555058E+01  -5.090501E-17   2.673861E-18   2.170699E-13   1.200000E+02   4.178497E-01
  1.423500000000E+01   6.009644E+00   7.862275E-04   6.552747E+01  -5.089653E-17   8.064741E-19   6.721490E-14   1.200000E+02   4.185921E-01
  1.424000000000E+01   6.009648E+00   7.674222E-04   6.550669E+01  -5.089628E-17  -7.856555E-19  -6.706308E-14   1.200000E+02   4.193354E-01
  1.424500000000E+01   6.009652E+00   7.524135E-04   6.549020E+01  -5.090709E-17  -2.973607E-18  -2.588232E-13   1.200000E+02   4.200790E-01
  1.425000000000E+01   6.009655E+00   7.422410E-04   6.547960E+01  -5.092452E-17  -3.950068E-18  -3.484702E-13   1.200000E+02   4.208227E-01
  1.425500000000E+01   6.009659E+00   7.374889E-04   6.547589E+01  -5.094657E-17  -4.700338E-18  -4.173064E-13   1.200000E+02   4.215657E-01
  1.426000000000E+01   6.009663E+00   7.382250E-04   6.547931E+01  -5.097125E-17  -5.100752E-18  -4.524281E-13   1.200000E+02   4.223075E-01
  1.426500000000E+01   6.009666E+00   7.439818E-04   6.548922E+01  -5.099762E-17  -5.386739E-18  -4.741693E-13   1.200000E+02   4.230476E-01
  1.427000000000E+01   6.009670E+00   7.537759E-04   6.550422E+01  -5.102263E-17  -4.440280E-18  -3.858669E-13   1.200000E+02   4.237854E-01
  1.427500000000E+01   6.009674E+00   7.661738E-04   6.552232E+01  -5.104265E-17  -3.200486E-18  -2.737020E-13   1.200000E+02   4.245206E-01
  1.428000000000E+01   6.009678E+00   7.794171E-04   6.554120E+01  -5.105474E-17  -1.655769E-18  -1.392337E-13   1.200000E+02   4.252531E-01
  1.428500000000E+01   6.009682E+00   7.916132E-04   6.555853E+01  -5.105964E-17   2.897377E-19   2.399502E-14   1.200000E+02   4.259827E-01
  1.429000000000E+01   6.009686E+00   8.009780E-04   6.557223E+01  -5.105383E-17   2.504342E-18   2.050185E-13   1.200000E+02   4.267098E-01
  1.429500000000E+01   6.009690E+00   8.060902E-04   6.558074E+01  -5.103615E-17   4.306492E-18   3.503614E-13   1.200000E+02   4.274348E-01
  1.430000000000E+01   6.009694E+00   8.061016E-04   6.558315E+01  -5.100944E-17   6.160912E-18   5.012421E-13   1.200000E+02   4.281581E-01
  1.430500000000E+01   6.009698E+00   8.008490E-04   6.557927E+01  -5.097610E-17   7.310888E-18   5.986680E-13   1.200000E+02   4.288803E-01
  1.431000000000E+01   6.009702E+00   7.908447E-04   6.556960E+01  -5.093902E-17   7.280836E-18   6.036602E-13   1.200000E+02   4.296021E-01
  1.431500000000E+01   6.009706E+00   7.771537E-04   6.555522E+01  -5.090306E-17   6.757475E-18   5.700131E-13   1.200000E+02   4.303238E-01
  1.432000000000E+01   6.009709E+00   7.612004E-04   6.553771E+01  -5.087207E-17   5.344501E-18   4.601500E-13   1.200000E+02   4.310458E-01
  1.432500000000E+01   6.009713E+00   7.445559E-04   6.551888E+01  -5.085203E-17   2.621664E-18   2.306992E-13   1.200000E+02   4.317682E-01
  1.433000000000E+01   6.009717E+00   7.287478E-04   6.550067E+01  -5.084635E-17  -8.109252E-19  -7.288687E-14   1.200000E+02   4.324910E-01
  1.433500000000E+01   6.009721E+00   7.151175E-04   6.548494E+01  -5.085773E-17  -4.012618E-18  -3.674446E-13   1.200000E+02   4.332142E-01
  1.434000000000E+01   6.009724E+00   7.047249E-04   6.547329E+01  -5.088639E-17  -7.470191E-18  -6.940268E-13   1.200000E+02   4.339373E-01
  1.434500000000E+01   6.009728E+00   6.982912E-04   6.546688E+01  -5.092911E-17  -9.561600E-18  -8.964284E-13   1.200000E+02   4.346600E-01
  1.435000000000E+01   6.009731E+00   6.961625E-04   6.546634E+01  -5.098027E-17  -1.075384E-17  -1.011279E-12   1.200000E+02   4.353819E-01
  1.435500000000E+01   6.009735E+00   6.982829E-04   6.547165E+01  -5.103438E-17  -1.045627E-17  -9.803895E-13   1.200000E+02   4.361024E-01
  1.436000000000E+01   6.009738E+00   7.041733E-04   6.548210E+01  -5.108481E-17  -9.730352E-18  -9.048396E-13   1.200000E+02   4.368211E-01
  1.436500000000E+01   6.009742E+00   7.129261E-04   6.549633E+01  -5.112773E-17  -7.247588E-18  -6.658340E-13   1.200000E+02   4.375378E-01
  1.437000000000E+01   6.009745E+00   7.232368E-04   6.551249E+01  -5.115591E-17  -4.053282E-18  -3.671558E-13   1.200000E+02   4.382521E-01
  1.437500000000E+01   6.009749E+00   7.334978E-04   6.552837E+01  -5.116485E-17   3.629924E-19   3.242859E-14   1.200000E+02   4.389639E-01
  1.438000000000E+01   6.009753E+00   7.419748E-04   6.554176E+01  -5.115268E-17   4.629233E-18   4.089196E-13   1.200000E+02   4.396735E-01
  1.438500000000E+01   6.009756E+00   7.470554E-04   6.555065E+01  -5.111733E-17   9.431303E-18   8.275532E-13   1.200000E+02   4.403809E-01
  1.439000000000E+01   6.009760E+00   7.475297E-04   6.555360E+01  -5.106122E-17   1.249739E-17   1.095941E-12   1.200000E+02   4.410868E-01
  1.439500000000E+01   6.009764E+00   7.428284E-04   6.554988E+01  -5.099447E-17   1.378572E-17   1.216502E-12   1.200000E+02   4.417917E-01
  1.440000000000E+01   6.009767E+00   7.331404E-04   6.553962E+01  -5.092709E-17   1.335235E-17   1.193643E-12   1.200000E+02   4.424961E-01
  1.440500000000E+01   6.009771E+00   7.193649E-04   6.552374E+01  -5.086512E-17   1.120399E-17   1.020522E-12   1.200000E+02   4.432004E-01
  1.441000000000E+01   6.009775E+00   7.029112E-04   6.550387E+01  -5.081752E-17   7.416245E-18   6.911154E-13   1.200000E+02   4.439052E-01
  1.441500000000E+01   6.009778E+00   6.854087E-04   6.548200E+01  -5.078819E-17   3.791750E-18   3.622530E-13   1.200000E+02   4.446105E-01
  1.442000000000E+01   6.009781E+00   6.684119E-04   6.546023E+01  -5.077883E-17   1.124845E-19   1.101605E-14   1.200000E+02   4.453165E-01
  1.442500000000E+01   6.009785E+00   6.531701E-04   6.544043E+01  -5.078807E-17  -3.589942E-18  -3.596726E-13   1.200000E+02   4.460230E-01
  1.443000000000E+01   6.009788E+00   6.404943E-04   6.542396E+01  -5.081307E-17  -6.265813E-18  -6.400280E-13   1.200000E+02   4.467297E-01
  1.443500000000E+01   6.009791E+00   6.307214E-04   6.541154E+01  -5.084772E-17  -7.470549E-18  -7.747638E-13   1.200000E+02   4.474364E-01
  1.444000000000E+01   6.009794E+00   6.237552E-04   6.540322E+01  -5.088679E-17  -7.996716E-18  -8.384876E-13   1.200000E+02   4.481427E-01
  1.444500000000E+01   6.009797E+00   6.191615E-04   6.539847E+01  -5.092413E-17  -6.873005E-18  -7.259559E-13   1.200000E+02   4.488484E-01
  1.445000000000E+01   6.009800E+00   6.162958E-04   6.539635E+01  -5.095460E-17  -5.200452E-18  -5.518302E-13   1.200000E+02   4.495532E-01
  1.445500000000E+01   6.009804E+00   6.144442E-04   6.539579E+01  -5.097515E-17  -2.937520E-18  -3.126426E-13   1.200000E+02   4.502570E-01
  1.446000000000E+01   6.009807E+00   6.129581E-04   6.539580E+01  -5.098443E-17  -9.209074E-19  -9.825056E-14   1.200000E+02   4.509598E-01
  1.446500000000E+01   6.009810E+00   6.113583E-04   6.539562E+01  -5.098423E-17   9.198954E-19   9.839913E-14   1.200000E+02   4.516615E-01
  1.447000000000E+01   6.009813E+00   6.093922E-04   6.539485E+01  -5.097654E-17   2.121962E-18   2.277111E-13   1.200000E+02   4.523621E-01
  1.447500000000E+01   6.009816E+00   6.070326E-04   6.539344E+01  -5.096579E-17   2.406102E-18   2.592008E-13   1.200000E+02   4.530618E-01
  1.448000000000E+01   6.009819E+00   6.044266E-04   6.539163E+01  -5.095362E-17   2.119233E-18   2.292753E-13   1.200000E+02   4.537604E-01
  1.448500000000E+01   6.009822E+00   6.018130E-04   6.538978E+01  -5.094405E-17   1.527512E-18   1.659713E-13   1.200000E+02   4.544582E-01
  1.449000000000E+01   6.009825E+00   5.994349E-04   6.538829E+01  -5.093940E-17   3.742806E-19   4.082773E-14   1.200000E+02   4.551549E-01
  1.449500000000E+01   6.009828E+00   5.974692E-04   6.538745E+01  -5.093845E-17  -2.316376E-19  -2.535058E-14   1.200000E+02   4.558507E-01
  1.450000000000E+01   6.009831E+00   5.959876E-04   6.538737E+01  -5.094241E-17  -1.312310E-18  -1.439770E-13   1.200000E+02   4.565455E-01
  1.450500000000E+01   6.009834E+00   5.949530E-04   6.538800E+01  -5.095174E-17  -1.962746E-18  -2.157146E-13   1.200000E+02   4.572392E-01
  1.451000000000E+01   6.009837E+00   5.942449E-04   6.538915E+01  -5.096344E-17  -2.842596E-18  -3.127918E-13   1.200000E+02   4.579318E-01
  1.451500000000E+01   6.009840E+00   5.937024E-04   6.539057E+01  -5.097783E-17  -3.039015E-18  -3.347180E-13   1.200000E+02   4.586232E-01
  1.452000000000E+01   6.009843E+00   5.931708E-04   6.539200E+01  -5.099302E-17  -3.070906E-18  -3.385410E-13   1.200000E+02   4.593135E-01
  1.452500000000E+01   6.009846E+00   5.925389E-04   6.539326E+01  -5.100775E-17  -2.905125E-18  -3.206129E-13   1.200000E+02   4.600026E-01
  1.453000000000E+01   6.009849E+00   5.917592E-04   6.539428E+01  -5.102068E-17  -2.128260E-18  -2.351903E-13   1.200000E+02   4.606907E-01
  1.453500000000E+01   6.009852E+00   5.908488E-04   6.539508E+01  -5.102993E-17  -1.464924E-18  -1.621376E-13   1.200000E+02   4.613776E-01
  1.454000000000E+01   6.009855E+00   5.898761E-04   6.539577E+01  -5.103603E-17  -8.586419E-19  -9.519210E-14   1.200000E+02   4.620635E-01
  1.454500000000E+01   6.009857E+00   5.889406E-04   6.539651E+01  -5.103749E-17  -1.752286E-19  -1.945755E-14   1.200000E+02   4.627482E-01
  1.455000000000E+01   6.009860E+00   5.881549E-04   6.539750E+01  -5.103335E-17   1.778550E-18   1.977587E-13   1.200000E+02   4.634319E-01
  1.455500000000E+01   6.009863E+00   5.876339E-04   6.539891E+01  -5.102075E-17   3.117319E-18   3.469324E-13   1.200000E+02   4.641145E-01
  1.456000000000E+01   6.009866E+00   5.874914E-04   6.540094E+01  -5.099986E-17   5.102220E-18   5.679912E-13   1.200000E+02   4.647960E-01
  1.456500000000E+01   6.009869E+00   5.878402E-04   6.540376E+01  -5.097017E-17   6.942746E-18   7.724578E-13   1.200000E+02   4.654762E-01
  1.457000000000E+01   6.009872E+00   5.887893E-04   6.540757E+01  -5.093221E-17   8.297923E-18   9.218016E-13   1.200000E+02   4.661553E-01
  1.457500000000E+01   6.009875E+00   5.904317E-04   6.541249E+01  -5.088850E-17   8.883625E-18   9.841952E-13   1.200000E+02   4.668330E-01
  1.458000000000E+01   6.009878E+00   5.928193E-04   6.541860E+01  -5.084424E-17   8.623263E-18   9.515915E-13   1.200000E+02   4.675094E-01
  1.458500000000E+01   6.009881E+00   5.959276E-04   6.542586E+01  -5.080398E-17   7.317530E-18   8.033790E-13   1.200000E+02   4.681843E-01
  1.459000000000E+01   6.009884E+00   5.996174E-04   6.543402E+01  -5.077487E-17   4.502536E-18   4.913450E-13   1.200000E+02   4.688577E-01
  1.459500000000E+01   6.009887E+00   6.036059E-04   6.544261E+01  -5.075997E-17   1.201741E-18   1.302921E-13   1.200000E+02   4.695296E-01
  1.460000000000E+01   6.009890E+00   6.074604E-04   6.545095E+01  -5.076356E-17  -2.603859E-18  -2.805533E-13   1.200000E+02   4.701998E-01
  1.460500000000E+01   6.009893E+00   6.106287E-04   6.545816E+01  -5.078617E-17  -6.515320E-18  -6.984291E-13   1.200000E+02   4.708686E-01
  1.461000000000E+01   6.009896E+00   6.125095E-04   6.546332E+01  -5.082648E-17  -9.226337E-18  -9.860854E-13   1.200000E+02   4.715359E-01
  1.461500000000E+01   6.009899E+00   6.125588E-04   6.546561E+01  -5.087814E-17  -1.118628E-17  -1.195505E-12   1.200000E+02   4.722020E-01
  1.462000000000E+01   6.009902E+00   6.104108E-04   6.546444E+01  -5.093507E-17  -1.105511E-17  -1.185622E-12   1.200000E+02   4.728671E-01
  1.462500000000E+01   6.009905E+00   6.059823E-04   6.545965E+01  -5.098870E-17  -9.749217E-18  -1.053134E-12   1.200000E+02   4.735315E-01
  1.463000000000E+01   6.009908E+00   5.995280E-04   6.545157E+01  -5.103231E-17  -7.344158E-18  -8.017752E-13   1.200000E+02   4.741953E-01
  1.463500000000E+01   6.009911E+00   5.916252E-04   6.544104E+01  -5.106038E-17  -3.860204E-18  -4.269861E-13   1.200000E+02   4.748588E-01
  1.464000000000E+01   6.009914E+00   5.830888E-04   6.542928E+01  -5.107075E-17  -5.223052E-20  -5.860867E-15   1.200000E+02   4.755220E-01
  1.464500000000E+01   6.009917E+00   5.748365E-04   6.541780E+01  -5.106351E-17   2.803607E-18   3.190572E-13   1.200000E+02   4.761851E-01
  1.465000000000E+01   6.009920E+00   5.677398E-04   6.540807E+01  -5.104465E-17   4.544334E-18   5.235428E-13   1.200000E+02   4.768480E-01
  1.465500000000E+01   6.009923E+00   5.624893E-04   6.540135E+01  -5.101931E-17   5.503458E-18   6.398940E-13   1.200000E+02   4.775103E-01
  1.466000000000E+01   6.009926E+00   5.594971E-04   6.539842E+01  -5.099124E-17   5.562851E-18   6.502299E-13   1.200000E+02   4.781721E-01
  1.466500000000E+01   6.009928E+00   5.588426E-04   6.539949E+01  -5.096457E-17   4.989047E-18   5.838515E-13   1.200000E+02   4.788329E-01
  1.467000000000E+01   6.009931E+00   5.602635E-04   6.540411E+01  -5.094283E-17   3.641996E-18   4.251598E-13   1.200000E+02   4.794926E-01
  1.467500000000E+01   6.009934E+00   5.631878E-04   6.541129E+01  -5.092861E-17   2.443636E-18   2.838154E-13   1.200000E+02   4.801510E-01
  1.468000000000E+01   6.009937E+00   5.668079E-04   6.541962E+01  -5.091964E-17   1.340330E-18   1.546977E-13   1.200000E+02   4.808079E-01
  1.468500000000E+01   6.009940E+00   5.701909E-04   6.542751E+01  -5.091646E-17   5.017273E-21   5.757154E-16   1.200000E+02   4.814633E-01
  1.469000000000E+01   6.009943E+00   5.724153E-04   6.543342E+01  -5.091842E-17  -6.073334E-19  -6.942495E-14   1.200000E+02   4.821174E-01
  1.469500000000E+01   6.009945E+00   5.727126E-04   6.543608E+01  -5.092264E-17  -8.681583E-19  -9.919264E-14   1.200000E+02   4.827702E-01
  1.470000000000E+01   6.009948E+00   5.705871E-04   6.543467E+01  -5.092678E-17  -8.931639E-19  -1.024276E-13   1.200000E+02   4.834220E-01
  1.470500000000E+01   6.009951E+00   5.658873E-04   6.542889E+01  -5.093048E-17  -4.816805E-19  -5.569275E-14   1.200000E+02   4.840732E-01
  1.471000000000E+01   6.009954E+00   5.588137E-04   6.541897E+01  -5.093228E-17  -3.133842E-20  -3.668713E-15   1.200000E+02   4.847239E-01
  1.471500000000E+01   6.009957E+00   5.498679E-04   6.540564E+01  -5.093168E-17   2.678378E-19   3.185874E-14   1.200000E+02   4.853744E-01
  1.472000000000E+01   6.009959E+00   5.397602E-04   6.538998E+01  -5.093292E-17  -2.459821E-19  -2.979983E-14   1.200000E+02   4.860249E-01
  1.472500000000E+01   6.009962E+00   5.293018E-04   6.537336E+01  -5.093519E-17  -6.481122E-19  -8.004747E-14   1.200000E+02   4.866755E-01
  1.473000000000E+01   6.009965E+00   5.193051E-04   6.535721E+01  -5.094102E-17  -1.678948E-18  -2.113042E-13   1.200000E+02   4.873261E-01
  1.473500000000E+01   6.009967E+00   5.105047E-04   6.534296E+01  -5.095092E-17  -2.412122E-18  -3.087439E-13   1.200000E+02   4.879767E-01
  1.474000000000E+01   6.009970E+00   5.035033E-04   6.533186E+01  -5.096448E-17  -2.811775E-18  -3.648406E-13   1.200000E+02   4.886271E-01
  1.474500000000E+01   6.009972E+00   4.987365E-04   6.532488E+01  -5.098075E-17  -3.317216E-18  -4.344914E-13   1.200000E+02   4.892771E-01
  1.475000000000E+01   6.009975E+00   4.964503E-04   6.532262E+01  -5.099715E-17  -3.103632E-18  -4.083740E-13   1.200000E+02   4.899264E-01
  1.475500000000E+01   6.009977E+00   4.966830E-04   6.532522E+01  -5.101149E-17  -2.392950E-18  -3.147279E-13   1.200000E+02   4.905748E-01
  1.476000000000E+01   6.009980E+00   4.992508E-04   6.533232E+01  -5.102114E-17  -1.413657E-18  -1.849922E-13   1.200000E+02   4.912220E-01
  1.476500000000E+01   6.009982E+00   5.037382E-04   6.534305E+01  -5.102400E-17   3.030981E-19   3.931676E-14   1.200000E+02   4.918677E-01
  1.477000000000E+01   6.009985E+00   5.095042E-04   6.535611E+01  -5.101848E-17   1.771063E-18   2.271813E-13   1.200000E+02   4.925119E-01
  1.477500000000E+01   6.009987E+00   5.157165E-04   6.536988E+01  -5.100467E-17   3.555692E-18   4.507033E-13   1.200000E+02   4.931543E-01
  1.478000000000E+01   6.009990E+00   5.214236E-04   6.538257E+01  -5.098410E-17   4.700096E-18   5.893564E-13   1.200000E+02   4.937951E-01
  1.478500000000E+01   6.009993E+00   5.256703E-04   6.539247E+01  -5.095778E-17   5.576549E-18   6.937129E-13   1.200000E+02   4.944343E-01
  1.479000000000E+01   6.009995E+00   5.276417E-04   6.539818E+01  -5.092895E-17   5.984634E-18   7.417614E-13   1.200000E+02   4.950721E-01
  1.479500000000E+01   6.009998E+00   5.268072E-04   6.539877E+01  -5.089919E-17   5.603583E-18   6.956387E-13   1.200000E+02   4.957088E-01
  1.480000000000E+01   6.010001E+00   5.230255E-04   6.539396E+01  -5.087216E-17   5.016149E-18   6.271700E-13   1.200000E+02   4.963448E-01
  1.480500000000E+01   6.010003E+00   5.165754E-04   6.538416E+01  -5.085058E-17   3.461848E-18   4.381743E-13   1.200000E+02   4.969803E-01
  1.481000000000E+01   6.010006E+00   5.081002E-04   6.537038E+01  -5.083710E-17   1.925908E-18   2.477806E-13   1.200000E+02   4.976156E-01
  1.481500000000E+01   6.010008E+00   4.984814E-04   6.535414E+01  -5.083190E-17   2.814920E-19   3.690543E-14   1.200000E+02   4.982509E-01
  1.482000000000E+01   6.010011E+00   4.886769E-04   6.533718E+01  -5.083465E-17  -1.292242E-18  -1.727756E-13   1.200000E+02   4.988863E-01
  1.482500000000E+01   6.010013E+00   4.795659E-04   6.532122E+01  -5.084473E-17  -2.479896E-18  -3.377842E-13   1.200000E+02   4.995217E-01
  1.483000000000E+01   6.010015E+00   4.718317E-04   6.530772E+01  -5.085935E-17  -3.494100E-18  -4.836294E-13   1.200000E+02   5.001570E-01
  1.483500000000E+01   6.010018E+00   4.658942E-04   6.529767E+01  -5.087895E-17  -4.152030E-18  -5.819301E-13   1.200000E+02   5.007920E-01
  1.484000000000E+01   6.010020E+00   4.618915E-04   6.529149E+01  -5.090187E-17  -4.709204E-18  -6.656778E-13   1.200000E+02   5.014266E-01
  1.484500000000E+01   6.010022E+00   4.597008E-04   6.528902E+01  -5.092541E-17  -4.378240E-18  -6.218196E-13   1.200000E+02   5.020605E-01
  1.485000000000E+01   6.010025E+00   4.589867E-04   6.528963E+01  -5.094641E-17  -3.806863E-18  -5.415161E-13   1.200000E+02   5.026936E-01
  1.485500000000E+01   6.010027E+00   4.592679E-04   6.529231E+01  -5.096320E-17  -2.609614E-18  -3.709987E-13   1.200000E+02   5.033257E-01
  1.486000000000E+01   6.010029E+00   4.599927E-04   6.529592E+01  -5.097253E-17  -1.287341E-18  -1.827379E-13   1.200000E+02   5.039567E-01
  1.486500000000E+01   6.010032E+00   4.606138E-04   6.529930E+01  -5.097473E-17   6.991829E-20   9.912026E-15   1.200000E+02   5.045867E-01
  1.487000000000E+01   6.010034E+00   4.606519E-04   6.530147E+01  -5.097065E-17   1.533754E-18   2.174232E-13   1.200000E+02   5.052157E-01
  1.487500000000E+01   6.010036E+00   4.597388E-04   6.530165E+01  -5.096006E-17   2.508371E-18   3.562909E-13   1.200000E+02   5.058437E-01
  1.488000000000E+01   6.010039E+00   4.576358E-04   6.529933E+01  -5.094634E-17   2.882125E-18   4.112459E-13   1.200000E+02   5.064709E-01
  1.488500000000E+01   6.010041E+00   4.542296E-04   6.529423E+01  -5.093273E-17   2.371321E-18   3.408708E-13   1.200000E+02   5.070974E-01
  1.489000000000E+01   6.010043E+00   4.495119E-04   6.528628E+01  -5.092351E-17   1.586401E-18   2.304060E-13   1.200000E+02   5.077234E-01
  1.489500000000E+01   6.010045E+00   4.435544E-04   6.527555E+01  -5.092059E-17  -2.317550E-19  -3.410615E-14   1.200000E+02   5.083490E-01
  1.490000000000E+01   6.010047E+00   4.364865E-04   6.526220E+01  -5.092649E-17  -2.183310E-18  -3.264422E-13   1.200000E+02   5.089743E-01
  1.490500000000E+01   6.010050E+00   4.284799E-04   6.524650E+01  -5.094153E-17  -3.578132E-18  -5.448578E-13   1.200000E+02   5.095995E-01
  1.491000000000E+01   6.010052E+00   4.197404E-04   6.522879E+01  -5.096261E-17  -4.619251E-18  -7.178440E-13   1.200000E+02   5.102246E-01
  1.491500000000E+01   6.010054E+00   4.105010E-04   6.520950E+01  -5.098732E-17  -4.885942E-18  -7.761488E-13   1.200000E+02   5.108498E-01
  1.492000000000E+01   6.010056E+00   4.010130E-04   6.518912E+01  -5.100983E-17  -4.150265E-18  -6.746717E-13   1.200000E+02   5.114750E-01
  1.492500000000E+01   6.010058E+00   3.915315E-04   6.516822E+01  -5.102719E-17  -2.578150E-18  -4.291187E-13   1.200000E+02   5.121003E-01
  1.493000000000E+01   6.010060E+00   3.822956E-04   6.514738E+01  -5.103429E-17  -3.343391E-19  -5.697507E-14   1.200000E+02   5.127256E-01
  1.493500000000E+01   6.010062E+00   3.735069E-04   6.512713E+01  -5.103120E-17   1.725437E-18   3.008586E-13   1.200000E+02   5.133509E-01
  1.494000000000E+01   6.010064E+00   3.653114E-04   6.510790E+01  -5.101765E-17   3.720630E-18   6.631122E-13   1.200000E+02   5.139762E-01
  1.494500000000E+01   6.010065E+00   3.577888E-04   6.509000E+01  -5.099547E-17   4.989065E-18   9.076255E-13   1.200000E+02   5.146014E-01
  1.495000000000E+01   6.010067E+00   3.509526E-04   6.507355E+01  -5.096713E-17   6.047561E-18   1.121338E-12   1.200000E+02   5.152265E-01
  1.495500000000E+01   6.010069E+00   3.447605E-04   6.505853E+01  -5.093660E-17   5.957627E-18   1.124243E-12   1.200000E+02   5.158513E-01
  1.496000000000E+01   6.010071E+00   3.391336E-04   6.504481E+01  -5.090881E-17   5.020392E-18   9.628962E-13   1.200000E+02   5.164757E-01
  1.496500000000E+01   6.010072E+00   3.339782E-04   6.503217E+01  -5.088756E-17   3.445401E-18   6.708878E-13   1.200000E+02   5.170998E-01
  1.497000000000E+01   6.010074E+00   3.292066E-04   6.502042E+01  -5.087556E-17   1.340791E-18   2.648149E-13   1.200000E+02   5.177235E-01
  1.497500000000E+01   6.010076E+00   3.247509E-04   6.500941E+01  -5.087403E-17  -6.847712E-19  -1.370791E-13   1.200000E+02   5.183468E-01
  1.498000000000E+01   6.010077E+00   3.205659E-04   6.499902E+01  -5.088174E-17  -2.321355E-18  -4.706859E-13   1.200000E+02   5.189695E-01
  1.498500000000E+01   6.010079E+00   3.166236E-04   6.498921E+01  -5.089615E-17  -3.393475E-18  -6.965346E-13   1.200000E+02   5.195918E-01
  1.499000000000E+01   6.010080E+00   3.128996E-04   6.497991E+01  -5.091400E-17  -3.548983E-18  -7.370179E-13   1.200000E+02   5.202136E-01
  1.499500000000E+01   6.010082E+00   3.093588E-04   6.497104E+01  -5.093068E-17  -3.116100E-18  -6.544385E-13   1.200000E+02   5.208348E-01
  1.500000000000E+01   6.010083E+00   3.059458E-04   6.496245E+01  -5.094347E-17  -2.047231E-18  -4.346952E-13   1.200000E+02   5.214554E-01
