# SCEC TPV102 on-fault time series
# problem=TPV102
# author=Tatva validation workflow
# date=2026-08-26
# code=Tatva
# code_version=TPV102-validation-1
# element_size=100 m
# time_step=5.000000000000e-03
# internal_time_step=1.000000000000e-03
# num_time_steps=3001
# location=on fault, 0 km along strike, 3 km down-dip
# Column #1 = Time (s)
# Column #2 = horizontal slip (m)
# Column #3 = horizontal slip rate (m/s)
# Column #4 = horizontal shear stress (MPa)
# Column #5 = vertical slip (m)
# Column #6 = vertical slip rate (m/s)
# Column #7 = vertical shear stress (MPa)
# Column #8 = normal stress, positive in compression (MPa)
# Column #9 = log10 of state variable (log-seconds)
t h-slip h-slip-rate h-shear-stress v-slip v-slip-rate v-shear-stress n-stress log-theta
  0.000000000000E+00   0.000000E+00   1.000000E-12   7.500000E+01   0.000000E+00   0.000000E+00   0.000000E+00   1.200000E+02   9.205810E+00
  5.000000000000E-03   5.000356E-15   1.000089E-12   7.500009E+01   1.580566E-49   1.323767E-46   9.927381E-33   1.200000E+02   9.205810E+00
  1.000000000000E-02   1.000080E-14   1.000089E-12   7.500009E+01   4.132394E-48   1.761715E-45   1.321171E-31   1.200000E+02   9.205810E+00
  1.500000000000E-02   1.500124E-14   1.000089E-12   7.500009E+01   1.872047E-47   4.248028E-45   3.185741E-31   1.200000E+02   9.205810E+00
  2.000000000000E-02   2.000169E-14   1.000089E-12   7.500009E+01   4.610258E-47   7.479978E-45   5.609491E-31   1.200000E+02   9.205810E+00
  2.500000000000E-02   2.500213E-14   1.000089E-12   7.500009E+01   9.871970E-47   1.367087E-44   1.025225E-30   1.200000E+02   9.205810E+00
  3.000000000000E-02   3.000258E-14   1.000089E-12   7.500009E+01   1.850747E-46   2.060483E-44   1.545227E-30   1.200000E+02   9.205810E+00
  3.500000000000E-02   3.500302E-14   1.000089E-12   7.500009E+01   2.927804E-46   2.149433E-44   1.611933E-30   1.200000E+02   9.205810E+00
  4.000000000000E-02   4.000347E-14   1.000089E-12   7.500009E+01   3.894344E-46   1.671705E-44   1.253669E-30   1.200000E+02   9.205810E+00
  4.500000000000E-02   4.500391E-14   1.000089E-12   7.500009E+01   4.711531E-46   1.876700E-44   1.407401E-30   1.200000E+02   9.205810E+00
  5.000000000000E-02   5.000436E-14   1.000089E-12   7.500009E+01   5.759330E-46   2.168728E-44   1.626404E-30   1.200000E+02   9.205810E+00
  5.500000000000E-02   5.500480E-14   1.000089E-12   7.500009E+01  -5.377517E-46  -1.196271E-42  -8.971245E-29   1.200000E+02   9.205810E+00
  6.000000000000E-02   6.000525E-14   1.000089E-12   7.500009E+01  -1.008112E-44  -1.775095E-42  -1.331204E-28   1.200000E+02   9.205810E+00
  6.500000000000E-02   6.500569E-14   1.000089E-12   7.500009E+01  -1.856572E-44   1.578869E-43   1.184048E-29   1.200000E+02   9.205810E+00
  7.000000000000E-02   7.000613E-14   1.000089E-12   7.500009E+01  -1.751444E-44   2.447674E-43   1.835595E-29   1.200000E+02   9.205810E+00
  7.500000000000E-02   7.500658E-14   1.000089E-12   7.500009E+01  -1.628747E-44   2.269666E-43   1.702100E-29   1.200000E+02   9.205810E+00
  8.000000000000E-02   8.000702E-14   1.000089E-12   7.500009E+01  -5.620993E-46   3.690670E-42   2.767759E-28   1.200000E+02   9.205810E+00
  8.500000000000E-02   8.500747E-14   1.000089E-12   7.500009E+01   2.003278E-44   3.060436E-42   2.295125E-28   1.200000E+02   9.205810E+00
  9.000000000000E-02   9.000791E-14   1.000089E-12   7.500009E+01   3.514228E-44   2.714315E-42   2.035558E-28   1.200000E+02   9.205810E+00
  9.500000000000E-02   9.500836E-14   1.000089E-12   7.500009E+01   5.011166E-44   1.299266E-42   9.743643E-29   1.200000E+02   9.205810E+00
  1.000000000000E-01   1.000088E-13   1.000089E-12   7.500009E+01   5.616527E-44   1.232442E-42   9.242504E-29   1.200000E+02   9.205810E+00
  1.050000000000E-01   1.050092E-13   1.000089E-12   7.500009E+01   6.548565E-44   1.519883E-42   1.139812E-28   1.200000E+02   9.205810E+00
  1.100000000000E-01   1.100097E-13   1.000089E-12   7.500009E+01   5.564503E-44  -5.824847E-42  -4.368252E-28   1.200000E+02   9.205810E+00
  1.150000000000E-01   1.150101E-13   1.000089E-12   7.500009E+01   2.155775E-44  -1.088108E-41  -8.160096E-28   1.200000E+02   9.205810E+00
  1.200000000000E-01   1.200106E-13   1.000089E-12   7.500009E+01  -3.308589E-44  -1.346998E-41  -1.010160E-27   1.200000E+02   9.205810E+00
  1.250000000000E-01   1.250110E-13   1.000089E-12   7.500009E+01  -1.048576E-43  -1.160906E-41  -8.706029E-28   1.200000E+02   9.205810E+00
  1.300000000000E-01   1.300115E-13   1.000089E-12   7.500009E+01  -1.450307E-43  -5.153976E-42  -3.865143E-28   1.200000E+02   9.205810E+00
  1.350000000000E-01   1.350119E-13   1.000089E-12   7.500009E+01  -1.650174E-43  -3.300058E-43  -2.474826E-29   1.200000E+02   9.205810E+00
  1.400000000000E-01   1.400124E-13   1.000089E-12   7.500009E+01  -1.574648E-43   2.502719E-42   1.876875E-28   1.200000E+02   9.205810E+00
  1.450000000000E-01   1.450128E-13   1.000089E-12   7.500009E+01  -1.423245E-43   3.293752E-42   2.470097E-28   1.200000E+02   9.205810E+00
  1.500000000000E-01   1.500132E-13   1.000089E-12   7.500009E+01  -1.310624E-43   5.330364E-42   3.997422E-28   1.200000E+02   9.205810E+00
  1.550000000000E-01   1.550137E-13   1.000089E-12   7.500009E+01  -9.567541E-44   6.176223E-42   4.631761E-28   1.200000E+02   9.205810E+00
  1.600000000000E-01   1.600141E-13   1.000089E-12   7.500009E+01  -6.795492E-44   6.495719E-42   4.871362E-28   1.200000E+02   9.205810E+00
  1.650000000000E-01   1.650146E-13   1.000089E-12   7.500009E+01  -3.687202E-44   2.681560E-42   2.010993E-28   1.200000E+02   9.205810E+00
  1.700000000000E-01   1.700150E-13   1.000089E-12   7.500009E+01  -1.862329E-45   9.350164E-42   7.012008E-28   1.200000E+02   9.205810E+00
  1.750000000000E-01   1.750155E-13   1.000089E-12   7.500009E+01   2.513018E-44   3.498166E-42   2.623395E-28   1.200000E+02   9.205810E+00
  1.800000000000E-01   1.800159E-13   1.000089E-12   7.500009E+01   3.733729E-44  -2.320178E-42  -1.739981E-28   1.200000E+02   9.205810E+00
  1.850000000000E-01   1.850164E-13   1.000089E-12   7.500009E+01   1.600769E-44  -4.137684E-42  -3.102991E-28   1.200000E+02   9.205810E+00
  1.900000000000E-01   1.900168E-13   1.000089E-12   7.500009E+01  -2.246076E-44  -9.615710E-42  -7.211150E-28   1.200000E+02   9.205810E+00
  1.950000000000E-01   1.950172E-13   1.000089E-12   7.500009E+01  -8.146243E-44  -1.715049E-41  -1.286174E-27   1.200000E+02   9.205810E+00
  2.000000000000E-01   2.000177E-13   1.000089E-12   7.500009E+01  -1.780736E-43  -1.965041E-41  -1.473651E-27   1.200000E+02   9.205810E+00
  2.050000000000E-01   2.050181E-13   1.000089E-12   7.500009E+01  -2.616470E-43  -9.888263E-42  -7.415546E-28   1.200000E+02   9.205810E+00
  2.100000000000E-01   2.100186E-13   1.000089E-12   7.500009E+01  -2.913286E-43  -1.352647E-42  -1.014396E-28   1.200000E+02   9.205810E+00
  2.150000000000E-01   2.150190E-13   1.000089E-12   7.500009E+01  -2.994628E-43   9.161427E-43   6.870467E-29   1.200000E+02   9.205810E+00
  2.200000000000E-01   2.200195E-13   1.000089E-12   7.500009E+01  -2.685814E-43   1.218499E-41   9.137941E-28   1.200000E+02   9.205810E+00
  2.250000000000E-01   2.250199E-13   1.000089E-12   7.500009E+01  -1.622424E-43   2.476515E-41   1.857223E-27   1.200000E+02   9.205810E+00
  2.300000000000E-01   2.300204E-13   1.000089E-12   7.500009E+01  -3.469706E-45   3.748754E-41   2.811319E-27   1.200000E+02   9.205810E+00
  2.350000000000E-01   2.350208E-13   1.000089E-12   7.500009E+01   1.597928E-43   3.243165E-41   2.432160E-27   1.200000E+02   9.205810E+00
  2.400000000000E-01   2.400212E-13   1.000089E-12   7.500009E+01   2.964670E-43   1.584028E-41   1.187917E-27   1.200000E+02   9.205810E+00
  2.450000000000E-01   2.450217E-13   1.000089E-12   7.500009E+01   3.135636E-43  -1.202104E-41  -9.014988E-28   1.200000E+02   9.205810E+00
  2.500000000000E-01   2.500221E-13   1.000089E-12   7.500009E+01   1.818219E-43  -3.176183E-41  -2.381928E-27   1.200000E+02   9.205810E+00
  2.550000000000E-01   2.550226E-13   1.000089E-12   7.500009E+01  -2.930895E-44  -5.077745E-41  -3.807975E-27   1.200000E+02   9.205810E+00
  2.600000000000E-01   2.600230E-13   1.000089E-12   7.500009E+01  -2.691664E-43  -5.021693E-41  -3.765939E-27   1.200000E+02   9.205810E+00
  2.650000000000E-01   2.650235E-13   1.000089E-12   7.500009E+01  -5.474755E-43  -4.823269E-41  -3.617135E-27   1.200000E+02   9.205810E+00
  2.700000000000E-01   2.700239E-13   1.000089E-12   7.500009E+01  -7.261018E-43  -2.838190E-41  -2.128456E-27   1.200000E+02   9.205810E+00
  2.750000000000E-01   2.750244E-13   1.000089E-12   7.500009E+01  -8.092254E-43  -6.910854E-42  -5.182685E-28   1.200000E+02   9.205810E+00
  2.800000000000E-01   2.800248E-13   1.000089E-12   7.500009E+01  -8.439591E-43   1.212999E-42   9.096694E-29   1.200000E+02   9.205810E+00
  2.850000000000E-01   2.850252E-13   1.000089E-12   7.500009E+01  -8.183430E-43   1.846911E-42   1.385062E-28   1.200000E+02   9.205810E+00
  2.900000000000E-01   2.900257E-13   1.000089E-12   7.500009E+01  -7.039686E-43   3.122934E-41   2.341995E-27   1.200000E+02   9.205810E+00
  2.950000000000E-01   2.950261E-13   1.000089E-12   7.500009E+01  -5.672916E-43   3.092666E-41   2.319296E-27   1.200000E+02   9.205810E+00
  3.000000000000E-01   3.000266E-13   1.000089E-12   7.500009E+01  -4.270861E-43   2.979441E-41   2.234385E-27   1.200000E+02   9.205810E+00
  3.050000000000E-01   3.050270E-13   1.000089E-12   7.500009E+01  -2.694624E-43   2.361468E-41   1.770946E-27   1.200000E+02   9.205810E+00
  3.100000000000E-01   3.100275E-13   1.000089E-12   7.500009E+01  -1.120882E-43   3.064640E-41   2.298278E-27   1.200000E+02   9.205810E+00
  3.150000000000E-01   3.150279E-13   1.000089E-12   7.500009E+01   3.673530E-44   2.538032E-41   1.903357E-27   1.200000E+02   9.205810E+00
  3.200000000000E-01   3.200284E-13   1.000089E-12   7.500009E+01   6.507866E-44  -1.747419E-42  -1.310449E-28   1.200000E+02   9.205810E+00
  3.250000000000E-01   3.250288E-13   1.000089E-12   7.500009E+01   2.425358E-44  -1.317080E-41  -9.877236E-28   1.200000E+02   9.205810E+00
  3.300000000000E-01   3.300292E-13   1.000089E-12   7.500009E+01  -1.107811E-43  -4.550296E-41  -3.412423E-27   1.200000E+02   9.205810E+00
  3.350000000000E-01   3.350297E-13   1.000089E-12   7.500009E+01  -3.861419E-43  -6.173000E-41  -4.629344E-27   1.200000E+02   9.205810E+00
  3.400000000000E-01   3.400301E-13   1.000089E-12   7.500009E+01  -6.480614E-43  -3.961190E-41  -2.970632E-27   1.200000E+02   9.205810E+00
  3.450000000000E-01   3.450306E-13   1.000089E-12   7.500009E+01  -8.528640E-43  -4.561227E-41  -3.420620E-27   1.200000E+02   9.205810E+00
  3.500000000000E-01   3.500310E-13   1.000089E-12   7.500009E+01  -1.060351E-42  -3.146756E-41  -2.359860E-27   1.200000E+02   9.205810E+00
  3.550000000000E-01   3.550315E-13   1.000089E-12   7.500009E+01  -1.206658E-42  -2.728748E-41  -2.046382E-27   1.200000E+02   9.205810E+00
  3.600000000000E-01   3.600319E-13   1.000089E-12   7.500009E+01  -1.298530E-42  -1.197550E-41  -8.980834E-28   1.200000E+02   9.205810E+00
  3.650000000000E-01   3.650324E-13   1.000089E-12   7.500009E+01  -1.310158E-42   3.010952E-42   2.258016E-28   1.200000E+02   9.205810E+00
  3.700000000000E-01   3.700328E-13   1.000089E-12   7.500009E+01  -1.245710E-42   2.046176E-41   1.534497E-27   1.200000E+02   9.205810E+00
  3.750000000000E-01   3.750332E-13   1.000089E-12   7.500009E+01  -1.115928E-42   1.462745E-41   1.096963E-27   1.200000E+02   9.205810E+00
  3.800000000000E-01   3.800337E-13   1.000089E-12   7.500009E+01  -1.013290E-42   3.075430E-41   2.306370E-27   1.200000E+02   9.205810E+00
  3.850000000000E-01   3.850341E-13   1.000089E-12   7.500009E+01  -8.826775E-43   3.224668E-41   2.418289E-27   1.200000E+02   9.205810E+00
  3.900000000000E-01   3.900346E-13   1.000089E-12   7.500009E+01  -6.880427E-43   3.319396E-41   2.489328E-27   1.200000E+02   9.205810E+00
  3.950000000000E-01   3.950350E-13   1.000089E-12   7.500009E+01  -4.763682E-43   4.950507E-41   3.712555E-27   1.200000E+02   9.205810E+00
  4.000000000000E-01   4.000355E-13   1.000089E-12   7.500009E+01  -2.155249E-43   5.401725E-41   4.050938E-27   1.200000E+02   9.205810E+00
  4.050000000000E-01   4.050359E-13   1.000089E-12   7.500009E+01   1.154170E-43   7.213884E-41   5.409939E-27   1.200000E+02   9.205810E+00
  4.100000000000E-01   4.100364E-13   1.000089E-12   7.500009E+01   4.515492E-43   6.125916E-41   4.594034E-27   1.200000E+02   9.205810E+00
  4.150000000000E-01   4.150368E-13   1.000089E-12   7.500009E+01   7.197353E-43   3.859736E-41   2.894548E-27   1.200000E+02   9.205810E+00
  4.200000000000E-01   4.200372E-13   1.000089E-12   7.500009E+01   8.801392E-43   2.914981E-41   2.186044E-27   1.200000E+02   9.205810E+00
  4.250000000000E-01   4.250377E-13   1.000089E-12   7.500009E+01   9.566438E-43   6.076731E-42   4.557148E-28   1.200000E+02   9.205810E+00
  4.300000000000E-01   4.300381E-13   1.000089E-12   7.500009E+01   9.476638E-43  -1.232162E-41  -9.240402E-28   1.200000E+02   9.205810E+00
  4.350000000000E-01   4.350386E-13   1.000089E-12   7.500009E+01   8.160511E-43  -3.771735E-41  -2.828553E-27   1.200000E+02   9.205810E+00
  4.400000000000E-01   4.400390E-13   1.000089E-12   7.500009E+01   5.750277E-43  -5.993634E-41  -4.494831E-27   1.200000E+02   9.205810E+00
  4.450000000000E-01   4.450395E-13   1.000089E-12   7.500009E+01   2.522022E-43  -6.911765E-41  -5.183369E-27   1.200000E+02   9.205810E+00
  4.500000000000E-01   4.500399E-13   1.000089E-12   7.500009E+01  -8.718110E-44  -6.675786E-41  -5.006400E-27   1.200000E+02   9.205810E+00
  4.550000000000E-01   4.550404E-13   1.000089E-12   7.500009E+01  -4.159257E-43  -5.722342E-41  -4.291380E-27   1.200000E+02   9.205810E+00
  4.600000000000E-01   4.600408E-13   1.000089E-12   7.500009E+01  -6.486534E-43  -4.370930E-41  -3.277910E-27   1.200000E+02   9.205810E+00
  4.650000000000E-01   4.650412E-13   1.000089E-12   7.500009E+01  -8.766278E-43  -4.228278E-41  -3.170930E-27   1.200000E+02   9.205810E+00
  4.700000000000E-01   4.700417E-13   1.000089E-12   7.500009E+01  -1.114832E-42  -4.509098E-41  -3.381527E-27   1.200000E+02   9.205810E+00
  4.750000000000E-01   4.750421E-13   1.000089E-12   7.500009E+01  -1.398886E-42  -7.684160E-41  -5.762614E-27   1.200000E+02   9.205810E+00
  4.800000000000E-01   4.800426E-13   1.000089E-12   7.500009E+01  -1.663115E-42  -4.544691E-41  -3.408219E-27   1.200000E+02   9.205810E+00
  4.850000000000E-01   4.850430E-13   1.000089E-12   7.500009E+01  -1.786064E-42  -9.984252E-44  -7.487532E-30   1.200000E+02   9.205810E+00
  4.900000000000E-01   4.900435E-13   1.000089E-12   7.500009E+01  -1.698501E-42   4.280687E-41   3.210233E-27   1.200000E+02   9.205810E+00
  4.950000000000E-01   4.950439E-13   1.000089E-12   7.500009E+01  -1.393511E-42   8.579310E-41   6.433918E-27   1.200000E+02   9.205810E+00
  5.000000000000E-01   5.000444E-13   1.000089E-12   7.500009E+01  -8.202571E-43   1.266213E-40   9.495766E-27   1.200000E+02   9.205810E+00
  5.050000000000E-01   5.050448E-13   1.000089E-12   7.500009E+01  -5.443065E-44   1.761152E-40   1.320748E-26   1.200000E+02   9.205810E+00
  5.100000000000E-01   5.100453E-13   1.000089E-12   7.500009E+01   8.236566E-43   1.717656E-40   1.288129E-26   1.200000E+02   9.205810E+00
  5.150000000000E-01   5.150457E-13   1.000089E-12   7.500009E+01   1.568094E-42   1.176082E-40   8.819839E-27   1.200000E+02   9.205810E+00
  5.200000000000E-01   5.200461E-13   1.000089E-12   7.500009E+01   2.000646E-42   4.669126E-41   3.501538E-27   1.200000E+02   9.205810E+00
  5.250000000000E-01   5.250466E-13   1.000089E-12   7.500009E+01   2.095803E-42  -8.685248E-42  -6.513364E-28   1.200000E+02   9.205810E+00
  5.300000000000E-01   5.300470E-13   1.000089E-12   7.500009E+01   1.899551E-42  -6.203268E-41  -4.652043E-27   1.200000E+02   9.205810E+00
  5.350000000000E-01   5.350475E-13   1.000089E-12   7.500009E+01   1.315714E-42  -1.708575E-40  -1.281319E-26   1.200000E+02   9.205810E+00
  5.400000000000E-01   5.400479E-13   1.000089E-12   7.500009E+01   4.188831E-43  -2.019888E-40  -1.514783E-26   1.200000E+02   9.205810E+00
  5.450000000000E-01   5.450484E-13   1.000089E-12   7.500009E+01  -6.274945E-43  -2.329070E-40  -1.746649E-26   1.200000E+02   9.205810E+00
  5.500000000000E-01   5.500488E-13   1.000089E-12   7.500009E+01  -1.784541E-42  -2.177057E-40  -1.632650E-26   1.200000E+02   9.205810E+00
  5.550000000000E-01   5.550493E-13   1.000089E-12   7.500009E+01  -2.756594E-42  -1.781779E-40  -1.336217E-26   1.200000E+02   9.205810E+00
  5.600000000000E-01   5.600497E-13   1.000089E-12   7.500009E+01  -3.396953E-42  -6.814795E-41  -5.110647E-27   1.200000E+02   9.205810E+00
  5.650000000000E-01   5.650501E-13   1.000089E-12   7.500009E+01  -3.485950E-42   4.433148E-41   3.324569E-27   1.200000E+02   9.205810E+00
  5.700000000000E-01   5.700506E-13   1.000089E-12   7.500009E+01  -2.968557E-42   1.271258E-40   9.533598E-27   1.200000E+02   9.205810E+00
  5.750000000000E-01   5.750510E-13   1.000089E-12   7.500009E+01  -2.196408E-42   1.964508E-40   1.473252E-26   1.200000E+02   9.205810E+00
  5.800000000000E-01   5.800515E-13   1.000089E-12   7.500009E+01  -1.158842E-42   1.841979E-40   1.381363E-26   1.200000E+02   9.205810E+00
  5.850000000000E-01   5.850519E-13   1.000089E-12   7.500009E+01  -1.063207E-43   2.197909E-40   1.648287E-26   1.200000E+02   9.205810E+00
  5.900000000000E-01   5.900524E-13   1.000089E-12   7.500009E+01   6.963654E-43   9.025483E-41   6.768518E-27   1.200000E+02   9.205810E+00
  5.950000000000E-01   5.950528E-13   1.000089E-12   7.500009E+01   9.053208E-43  -6.929771E-42  -5.196872E-28   1.200000E+02   9.205810E+00
  6.000000000000E-01   6.000533E-13   1.000089E-12   7.500009E+01   5.887759E-43  -1.123505E-40  -8.425548E-27   1.200000E+02   9.205810E+00
  6.050000000000E-01   6.050537E-13   1.000089E-12   7.500009E+01  -1.085999E-43  -1.812047E-40  -1.358916E-26   1.200000E+02   9.205810E+00
  6.100000000000E-01   6.100541E-13   1.000089E-12   7.500009E+01  -1.100719E-42  -2.174591E-40  -1.630800E-26   1.200000E+02   9.205810E+00
  6.150000000000E-01   6.150546E-13   1.000089E-12   7.500009E+01  -2.184046E-42  -1.961594E-40  -1.471066E-26   1.200000E+02   9.205810E+00
  6.200000000000E-01   6.200550E-13   1.000089E-12   7.500009E+01  -3.091729E-42  -1.748820E-40  -1.311500E-26   1.200000E+02   9.205810E+00
  6.250000000000E-01   6.250555E-13   1.000089E-12   7.500009E+01  -3.738075E-42  -8.121926E-41  -6.090910E-27   1.200000E+02   9.205810E+00
  6.300000000000E-01   6.300559E-13   1.000089E-12   7.500009E+01  -3.918463E-42   2.008831E-41   1.506491E-27   1.200000E+02   9.205810E+00
  6.350000000000E-01   6.350564E-13   1.000089E-12   7.500009E+01  -3.664643E-42   7.473965E-41   5.604982E-27   1.200000E+02   9.205810E+00
  6.400000000000E-01   6.400568E-13   1.000089E-12   7.500009E+01  -2.997288E-42   1.723149E-40   1.292248E-26   1.200000E+02   9.205810E+00
  6.450000000000E-01   6.450573E-13   1.000089E-12   7.500009E+01  -1.989564E-42   2.267189E-40   1.700242E-26   1.200000E+02   9.205810E+00
  6.500000000000E-01   6.500577E-13   1.000089E-12   7.500009E+01  -7.900079E-43   2.364495E-40   1.773216E-26   1.200000E+02   9.205810E+00
  6.550000000000E-01   6.550581E-13   1.000089E-12   7.500009E+01   1.928292E-43   1.802967E-40   1.352106E-26   1.200000E+02   9.205810E+00
  6.600000000000E-01   6.600586E-13   1.000089E-12   7.500009E+01   1.039953E-42   1.408249E-40   1.056094E-26   1.200000E+02   9.205810E+00
  6.650000000000E-01   6.650590E-13   1.000089E-12   7.500009E+01   1.603208E-42   9.514256E-41   7.135066E-27   1.200000E+02   9.205810E+00
  6.700000000000E-01   6.700595E-13   1.000089E-12   7.500009E+01   1.867308E-42   7.607649E-42   5.705236E-28   1.200000E+02   9.205810E+00
  6.750000000000E-01   6.750599E-13   1.000089E-12   7.500009E+01   1.600066E-42  -6.975664E-41  -5.231289E-27   1.200000E+02   9.205810E+00
  6.800000000000E-01   6.800604E-13   1.000089E-12   7.500009E+01   1.078167E-42  -1.404886E-40  -1.053572E-26   1.200000E+02   9.205810E+00
  6.850000000000E-01   6.850608E-13   1.000089E-12   7.500009E+01   3.276537E-43  -1.584588E-40  -1.188337E-26   1.200000E+02   9.205810E+00
  6.900000000000E-01   6.900613E-13   1.000089E-12   7.500009E+01  -4.444505E-43  -1.235385E-40  -9.264572E-27   1.200000E+02   9.205810E+00
  6.950000000000E-01   6.950617E-13   1.000089E-12   7.500009E+01  -1.084833E-42  -1.033149E-40  -7.747940E-27   1.200000E+02   9.205810E+00
  7.000000000000E-01   7.000621E-13   1.000089E-12   7.500009E+01  -1.543898E-42  -7.193706E-41  -5.394806E-27   1.200000E+02   9.205810E+00
  7.050000000000E-01   7.050626E-13   1.000089E-12   7.500009E+01  -1.823659E-42  -1.310004E-41  -9.824167E-28   1.200000E+02   9.205810E+00
  7.100000000000E-01   7.100630E-13   1.000089E-12   7.500009E+01  -1.705257E-42   6.111343E-41   4.583105E-27   1.200000E+02   9.205810E+00
  7.150000000000E-01   7.150635E-13   1.000089E-12   7.500009E+01  -1.424667E-42   7.987401E-41   5.990025E-27   1.200000E+02   9.205810E+00
  7.200000000000E-01   7.200639E-13   1.000089E-12   7.500009E+01  -1.162646E-42   6.487451E-41   4.865162E-27   1.200000E+02   9.205810E+00
  7.250000000000E-01   7.250644E-13   1.000089E-12   7.500009E+01  -9.011302E-43   4.676413E-41   3.507002E-27   1.200000E+02   9.205810E+00
  7.300000000000E-01   7.300648E-13   1.000089E-12   7.500009E+01  -6.549389E-43   3.455041E-41   2.591054E-27   1.200000E+02   9.205810E+00
  7.350000000000E-01   7.350653E-13   1.000089E-12   7.500009E+01  -5.720304E-43   3.615350E-43   2.711275E-29   1.200000E+02   9.205810E+00
  7.400000000000E-01   7.400657E-13   1.000089E-12   7.500009E+01  -5.680549E-43  -6.143643E-42  -4.607328E-28   1.200000E+02   9.205810E+00
  7.450000000000E-01   7.450661E-13   1.000089E-12   7.500009E+01  -5.449215E-43   4.033217E-41   3.024647E-27   1.200000E+02   9.205810E+00
  7.500000000000E-01   7.500666E-13   1.000089E-12   7.500009E+01  -2.615790E-43   7.184737E-41   5.388080E-27   1.200000E+02   9.205810E+00
  7.550000000000E-01   7.550670E-13   1.000089E-12   7.500009E+01   2.180911E-43   1.195588E-40   8.966122E-27   1.200000E+02   9.205810E+00
  7.600000000000E-01   7.600675E-13   1.000089E-12   7.500009E+01   8.084749E-43   1.444907E-40   1.083585E-26   1.200000E+02   9.205810E+00
  7.650000000000E-01   7.650679E-13   1.000089E-12   7.500009E+01   1.404935E-42   1.136173E-40   8.520548E-27   1.200000E+02   9.205810E+00
  7.700000000000E-01   7.700684E-13   1.000089E-12   7.500009E+01   1.962943E-42   8.790065E-41   6.591970E-27   1.200000E+02   9.205810E+00
  7.750000000000E-01   7.750688E-13   1.000089E-12   7.500009E+01   2.415428E-42   6.924656E-41   5.193037E-27   1.200000E+02   9.205810E+00
  7.800000000000E-01   7.800693E-13   1.000089E-12   7.500009E+01   2.654529E-42   1.965917E-41   1.474308E-27   1.200000E+02   9.205810E+00
  7.850000000000E-01   7.850697E-13   1.000089E-12   7.500009E+01   2.642387E-42  -1.575760E-41  -1.181716E-27   1.200000E+02   9.205810E+00
  7.900000000000E-01   7.900701E-13   1.000089E-12   7.500009E+01   2.418891E-42  -7.690886E-41  -5.767659E-27   1.200000E+02   9.205810E+00
  7.950000000000E-01   7.950706E-13   1.000089E-12   7.500009E+01   1.893270E-42  -1.165096E-40  -8.737450E-27   1.200000E+02   9.205810E+00
  8.000000000000E-01   8.000710E-13   1.000089E-12   7.500009E+01   9.970217E-43  -2.211809E-40  -1.658712E-26   1.200000E+02   9.205810E+00
  8.050000000000E-01   8.050715E-13   1.000089E-12   7.500009E+01  -1.635224E-43  -2.330191E-40  -1.747490E-26   1.200000E+02   9.205810E+00
  8.100000000000E-01   8.100719E-13   1.000089E-12   7.500009E+01  -1.477873E-42  -2.787127E-40  -2.090162E-26   1.200000E+02   9.205810E+00
  8.150000000000E-01   8.150724E-13   1.000089E-12   7.500009E+01  -2.716442E-42  -2.393866E-40  -1.795242E-26   1.200000E+02   9.205810E+00
  8.200000000000E-01   8.200728E-13   1.000089E-12   7.500009E+01  -3.561839E-42  -1.248949E-40  -9.366298E-27   1.200000E+02   9.205810E+00
  8.250000000000E-01   8.250733E-13   1.000089E-12   7.500009E+01  -3.974696E-42  -5.204422E-42  -3.902974E-28   1.200000E+02   9.205810E+00
  8.300000000000E-01   8.300737E-13   1.000089E-12   7.500009E+01  -3.572237E-42   1.520801E-40   1.140501E-26   1.200000E+02   9.205810E+00
  8.350000000000E-01   8.350741E-13   1.000089E-12   7.500009E+01  -2.531420E-42   2.671435E-40   2.003401E-26   1.200000E+02   9.205810E+00
  8.400000000000E-01   8.400746E-13   1.000089E-12   7.500009E+01  -1.127386E-42   3.168952E-40   2.376506E-26   1.200000E+02   9.205810E+00
  8.450000000000E-01   8.450750E-13   1.000089E-12   7.500009E+01   6.651999E-43   3.724091E-40   2.792823E-26   1.200000E+02   9.205810E+00
  8.500000000000E-01   8.500755E-13   1.000089E-12   7.500009E+01   2.716791E-42   4.209276E-40   3.156680E-26   1.200000E+02   9.205810E+00
  8.550000000000E-01   8.550759E-13   1.000089E-12   7.500009E+01   4.860934E-42   4.232594E-40   3.174167E-26   1.200000E+02   9.205810E+00
  8.600000000000E-01   8.600764E-13   1.000089E-12   7.500009E+01   6.900956E-42   3.793147E-40   2.844610E-26   1.200000E+02   9.205810E+00
  8.650000000000E-01   8.650768E-13   1.000089E-12   7.500009E+01   8.658744E-42   3.377017E-40   2.532541E-26   1.200000E+02   9.205810E+00
  8.700000000000E-01   8.700773E-13   1.000089E-12   7.500009E+01   1.025470E-41   2.775692E-40   2.081586E-26   1.200000E+02   9.205810E+00
  8.750000000000E-01   8.750777E-13   1.000089E-12   7.500009E+01   1.164712E-41   2.590496E-40   1.942702E-26   1.200000E+02   9.205810E+00
  8.800000000000E-01   8.800781E-13   1.000089E-12   7.500009E+01   1.299788E-41   2.821655E-40   2.116055E-26   1.200000E+02   9.205810E+00
  8.850000000000E-01   8.850786E-13   1.000089E-12   7.500009E+01   1.438564E-41   2.914252E-40   2.185497E-26   1.200000E+02   9.205810E+00
  8.900000000000E-01   8.900790E-13   1.000089E-12   7.500009E+01   1.619903E-41   3.793147E-40   2.844610E-26   1.200000E+02   9.205810E+00
  8.950000000000E-01   8.950795E-13   1.000089E-12   7.500009E+01   1.819735E-41   5.227180E-40   3.920041E-26   1.200000E+02   9.205810E+00
  9.000000000000E-01   9.000799E-13   1.000089E-12   7.500009E+01   2.096371E-41   5.550936E-40   4.162836E-26   1.200000E+02   9.205810E+00
  9.050000000000E-01   9.050804E-13   1.000089E-12   7.500009E+01   2.503443E-41   8.419450E-40   6.314033E-26   1.200000E+02   9.205810E+00
  9.100000000000E-01   9.100808E-13   1.000089E-12   7.500009E+01   2.969741E-41   1.017634E-39   7.631586E-26   1.200000E+02   9.205810E+00
  9.150000000000E-01   9.150813E-13   1.000089E-12   7.500009E+01   3.517454E-41   1.211977E-39   9.089033E-26   1.200000E+02   9.205810E+00
  9.200000000000E-01   9.200817E-13   1.000089E-12   7.500009E+01   4.168769E-41   1.443180E-39   1.082290E-25   1.200000E+02   9.205810E+00
  9.250000000000E-01   9.250821E-13   1.000089E-12   7.500009E+01   4.882987E-41   1.517259E-39   1.137844E-25   1.200000E+02   9.205810E+00
  9.300000000000E-01   9.300826E-13   1.000089E-12   7.500009E+01   5.785916E-41   1.887291E-39   1.415344E-25   1.200000E+02   9.205810E+00
  9.350000000000E-01   9.350830E-13   1.000089E-12   7.500009E+01   6.770278E-41   1.942895E-39   1.457043E-25   1.200000E+02   9.205810E+00
  9.400000000000E-01   9.400835E-13   1.000089E-12   7.500009E+01   7.847193E-41   2.405480E-39   1.803952E-25   1.200000E+02   9.205810E+00
  9.450000000000E-01   9.450839E-13   1.000089E-12   7.500009E+01   9.179453E-41   2.738563E-39   2.053742E-25   1.200000E+02   9.205810E+00
  9.500000000000E-01   9.500844E-13   1.000089E-12   7.500009E+01   1.062271E-40   3.034517E-39   2.275688E-25   1.200000E+02   9.205810E+00
  9.550000000000E-01   9.550848E-13   1.000089E-12   7.500009E+01   1.244349E-40   3.811891E-39   2.858667E-25   1.200000E+02   9.205810E+00
  9.600000000000E-01   9.600853E-13   1.000089E-12   7.500009E+01   1.453813E-40   4.959117E-39   3.719011E-25   1.200000E+02   9.205810E+00
  9.650000000000E-01   9.650857E-13   1.000089E-12   7.500009E+01   1.721735E-40   6.069035E-39   4.551377E-25   1.200000E+02   9.205810E+00
  9.700000000000E-01   9.700861E-13   1.000089E-12   7.500009E+01   2.050363E-40   6.809459E-39   5.106646E-25   1.200000E+02   9.205810E+00
  9.750000000000E-01   9.750866E-13   1.000089E-12   7.500009E+01   2.414520E-40   7.179670E-39   5.384280E-25   1.200000E+02   9.205810E+00
  9.800000000000E-01   9.800870E-13   1.000089E-12   7.500009E+01   2.808264E-40   8.289588E-39   6.216646E-25   1.200000E+02   9.205810E+00
  9.850000000000E-01   9.850875E-13   1.000089E-12   7.500009E+01   3.236074E-40   9.029295E-39   6.771377E-25   1.200000E+02   9.205810E+00
  9.900000000000E-01   9.900879E-13   1.000089E-12   7.500009E+01   3.715685E-40   1.036234E-38   7.771076E-25   1.200000E+02   9.205810E+00
  9.950000000000E-01   9.950884E-13   1.000089E-12   7.500009E+01   4.325573E-40   1.317552E-38   9.880776E-25   1.200000E+02   9.205810E+00
  1.000000000000E+00   1.000089E-12   1.000089E-12   7.500009E+01   5.045018E-40   1.569096E-38   1.176718E-24   1.200000E+02   9.205810E+00
  1.005000000000E+00   1.005089E-12   1.000089E-12   7.500009E+01   5.918431E-40   1.850485E-38   1.387742E-24   1.200000E+02   9.205810E+00
  1.010000000000E+00   1.010090E-12   1.000089E-12   7.500009E+01   7.019768E-40   2.368495E-38   1.776215E-24   1.200000E+02   9.205810E+00
  1.015000000000E+00   1.015090E-12   1.000089E-12   7.500009E+01   8.221838E-40   2.605258E-38   1.953772E-24   1.200000E+02   9.205810E+00
  1.020000000000E+00   1.020091E-12   1.000089E-12   7.500009E+01   9.630996E-40   2.753343E-38   2.064826E-24   1.200000E+02   9.205810E+00
  1.025000000000E+00   1.025091E-12   1.000089E-12   7.500009E+01   1.120012E-39   3.612005E-38   2.708766E-24   1.200000E+02   9.205810E+00
  1.030000000000E+00   1.030091E-12   1.000089E-12   7.500009E+01   1.302386E-39   3.374954E-38   2.530994E-24   1.200000E+02   9.205810E+00
  1.035000000000E+00   1.035092E-12   1.000089E-12   7.500009E+01   1.527389E-39   4.855228E-38   3.641101E-24   1.200000E+02   9.205810E+00
  1.040000000000E+00   1.040092E-12   1.000089E-12   7.500009E+01   1.797385E-39   5.921094E-38   4.440431E-24   1.200000E+02   9.205810E+00
  1.045000000000E+00   1.045093E-12   1.000089E-12   7.500009E+01   2.100534E-39   6.276382E-38   4.706874E-24   1.200000E+02   9.205810E+00
  1.050000000000E+00   1.050093E-12   1.000089E-12   7.500009E+01   2.448694E-39   7.579298E-38   5.683975E-24   1.200000E+02   9.205810E+00
  1.055000000000E+00   1.055094E-12   1.000089E-12   7.500009E+01   2.859623E-39   8.644590E-38   6.482874E-24   1.200000E+02   9.205810E+00
  1.060000000000E+00   1.060094E-12   1.000089E-12   7.500009E+01   3.399593E-39   1.184219E-37   8.880861E-24   1.200000E+02   9.205810E+00
  1.065000000000E+00   1.065095E-12   1.000089E-12   7.500009E+01   4.017761E-39   1.302687E-37   9.769291E-24   1.200000E+02   9.205810E+00
  1.070000000000E+00   1.070095E-12   1.000089E-12   7.500009E+01   4.735432E-39   1.669799E-37   1.252239E-23   1.200000E+02   9.205810E+00
  1.075000000000E+00   1.075095E-12   1.000089E-12   7.500009E+01   5.661478E-39   2.025202E-37   1.518768E-23   1.200000E+02   9.205810E+00
  1.080000000000E+00   1.080096E-12   1.000089E-12   7.500009E+01   6.750969E-39   2.297265E-37   1.722798E-23   1.200000E+02   9.205810E+00
  1.085000000000E+00   1.085096E-12   1.000089E-12   7.500009E+01   7.902035E-39   2.392085E-37   1.793906E-23   1.200000E+02   9.205810E+00
  1.090000000000E+00   1.090097E-12   1.000089E-12   7.500009E+01   9.105172E-39   2.510553E-37   1.882749E-23   1.200000E+02   9.205810E+00
  1.095000000000E+00   1.095097E-12   1.000089E-12   7.500009E+01   1.047412E-38   2.842079E-37   2.131372E-23   1.200000E+02   9.205810E+00
  1.100000000000E+00   1.100098E-12   1.000089E-12   7.500009E+01   1.193784E-38   2.865956E-37   2.149279E-23   1.200000E+02   9.205810E+00
  1.105000000000E+00   1.105098E-12   1.000089E-12   7.500009E+01   1.351052E-38   3.600181E-37   2.699899E-23   1.200000E+02   9.205810E+00
  1.110000000000E+00   1.110099E-12   1.000089E-12   7.500009E+01   1.519690E-38   3.552886E-37   2.664430E-23   1.200000E+02   9.205810E+00
  1.115000000000E+00   1.115099E-12   1.000089E-12   7.500009E+01   1.717696E-38   3.979232E-37   2.984162E-23   1.200000E+02   9.205810E+00
  1.120000000000E+00   1.120099E-12   1.000089E-12   7.500009E+01   1.940342E-38   4.973810E-37   3.730030E-23   1.200000E+02   9.205810E+00
  1.125000000000E+00   1.125100E-12   1.000089E-12   7.500009E+01   2.212239E-38   5.494977E-37   4.120871E-23   1.200000E+02   9.205810E+00
  1.130000000000E+00   1.130100E-12   1.000089E-12   7.500009E+01   2.499299E-38   5.968389E-37   4.475899E-23   1.200000E+02   9.205810E+00
  1.135000000000E+00   1.135101E-12   1.000089E-12   7.500009E+01   2.842249E-38   6.726491E-37   5.044425E-23   1.200000E+02   9.205810E+00
  1.140000000000E+00   1.140101E-12   1.000089E-12   7.500009E+01   3.217425E-38   8.242236E-37   6.181134E-23   1.200000E+02   9.205810E+00
  1.145000000000E+00   1.145102E-12   1.000089E-12   7.500009E+01   3.691131E-38   9.189978E-37   6.891879E-23   1.200000E+02   9.205810E+00
  1.150000000000E+00   1.150102E-12   1.000089E-12   7.500009E+01   4.191377E-38   1.051608E-36   7.886370E-23   1.200000E+02   9.205810E+00
  1.155000000000E+00   1.155103E-12   1.000089E-12   7.500009E+01   4.723802E-38   1.136832E-36   8.525489E-23   1.200000E+02   9.205810E+00
  1.160000000000E+00   1.160103E-12   1.000089E-12   7.500009E+01   5.303597E-38   1.193770E-36   8.952486E-23   1.200000E+02   9.205810E+00
  1.165000000000E+00   1.165103E-12   1.000089E-12   7.500009E+01   5.887193E-38   1.174760E-36   8.809924E-23   1.200000E+02   9.205810E+00
  1.170000000000E+00   1.170104E-12   1.000089E-12   7.500009E+01   6.626175E-38   1.496919E-36   1.122590E-22   1.200000E+02   9.205810E+00
  1.175000000000E+00   1.175104E-12   1.000089E-12   7.500009E+01   7.531893E-38   2.027544E-36   1.520525E-22   1.200000E+02   9.205810E+00
  1.180000000000E+00   1.180105E-12   1.000089E-12   7.500009E+01   8.604385E-38   2.273847E-36   1.705236E-22   1.200000E+02   9.205810E+00
  1.185000000000E+00   1.185105E-12   1.000089E-12   7.500009E+01   9.786712E-38   2.539068E-36   1.904134E-22   1.200000E+02   9.205810E+00
  1.190000000000E+00   1.190106E-12   1.000089E-12   7.500009E+01   1.121148E-37   3.183018E-36   2.387054E-22   1.200000E+02   9.205810E+00
  1.195000000000E+00   1.195106E-12   1.000089E-12   7.500009E+01   1.285615E-37   3.334731E-36   2.500828E-22   1.200000E+02   9.205810E+00
  1.200000000000E+00   1.200107E-12   1.000089E-12   7.500009E+01   1.463717E-37   3.789500E-36   2.841876E-22   1.200000E+02   9.205810E+00
  1.205000000000E+00   1.205107E-12   1.000089E-12   7.500009E+01   1.679729E-37   4.395982E-36   3.296697E-22   1.200000E+02   9.205810E+00
  1.210000000000E+00   1.210107E-12   1.000089E-12   7.500009E+01   1.909384E-37   5.078136E-36   3.808267E-22   1.200000E+02   9.205810E+00
  1.215000000000E+00   1.215108E-12   1.000089E-12   7.500009E+01   2.162534E-37   5.305520E-36   3.978791E-22   1.200000E+02   9.205810E+00
  1.220000000000E+00   1.220108E-12   1.000089E-12   7.500009E+01   2.483877E-37   7.427655E-36   5.570252E-22   1.200000E+02   9.205810E+00
  1.225000000000E+00   1.225109E-12   1.000089E-12   7.500009E+01   2.868895E-37   7.958097E-36   5.968049E-22   1.200000E+02   9.205810E+00
  1.230000000000E+00   1.230109E-12   1.000089E-12   7.500009E+01   3.290296E-37   9.095388E-36   6.820942E-22   1.200000E+02   9.205810E+00
  1.235000000000E+00   1.235110E-12   1.000089E-12   7.500009E+01   3.770823E-37   9.852847E-36   7.388987E-22   1.200000E+02   9.205810E+00
  1.240000000000E+00   1.240110E-12   1.000089E-12   7.500009E+01   4.269526E-37   1.061104E-35   7.957582E-22   1.200000E+02   9.205810E+00
  1.245000000000E+00   1.245111E-12   1.000089E-12   7.500009E+01   4.806125E-37   1.167119E-35   8.752624E-22   1.200000E+02   9.205810E+00
  1.250000000000E+00   1.250111E-12   1.000089E-12   7.500009E+01   5.418499E-37   1.227804E-35   9.207721E-22   1.200000E+02   9.205810E+00
  1.255000000000E+00   1.255111E-12   1.000089E-12   7.500009E+01   6.073308E-37   1.394577E-35   1.045841E-21   1.200000E+02   9.205810E+00
  1.260000000000E+00   1.260112E-12   1.000089E-12   7.500009E+01   6.852455E-37   1.667439E-35   1.250469E-21   1.200000E+02   9.205810E+00
  1.265000000000E+00   1.265112E-12   1.000089E-12   7.500009E+01   7.749798E-37   1.955435E-35   1.466447E-21   1.200000E+02   9.205810E+00
  1.270000000000E+00   1.270113E-12   1.000089E-12   7.500009E+01   8.889645E-37   2.364507E-35   1.773225E-21   1.200000E+02   9.205810E+00
  1.275000000000E+00   1.275113E-12   1.000089E-12   7.500009E+01   1.011445E-36   2.546709E-35   1.909864E-21   1.200000E+02   9.205810E+00
  1.280000000000E+00   1.280114E-12   1.000089E-12   7.500009E+01   1.139380E-36   2.546415E-35   1.909643E-21   1.200000E+02   9.205810E+00
  1.285000000000E+00   1.285114E-12   1.000089E-12   7.500009E+01   1.276407E-36   2.728322E-35   2.046062E-21   1.200000E+02   9.205810E+00
  1.290000000000E+00   1.290115E-12   1.000089E-12   7.500009E+01   1.423139E-36   2.910524E-35   2.182701E-21   1.200000E+02   9.205810E+00
  1.295000000000E+00   1.295115E-12   1.000089E-12   7.500009E+01   1.588666E-36   3.486222E-35   2.614437E-21   1.200000E+02   9.205810E+00
  1.300000000000E+00   1.300115E-12   1.000089E-12   7.500009E+01   1.763891E-36   3.850038E-35   2.887275E-21   1.200000E+02   9.205810E+00
  1.305000000000E+00   1.305116E-12   1.000089E-12   7.500009E+01   1.957912E-36   4.183584E-35   3.137413E-21   1.200000E+02   9.205810E+00
  1.310000000000E+00   1.310116E-12   1.000089E-12   7.500009E+01   2.161637E-36   4.547400E-35   3.410251E-21   1.200000E+02   9.205810E+00
  1.315000000000E+00   1.315117E-12   1.000089E-12   7.500009E+01   2.410219E-36   5.577721E-35   4.182923E-21   1.200000E+02   9.205810E+00
  1.320000000000E+00   1.320117E-12   1.000089E-12   7.500009E+01   2.684274E-36   5.214493E-35   3.910527E-21   1.200000E+02   9.205810E+00
  1.325000000000E+00   1.325118E-12   1.000089E-12   7.500009E+01   2.989855E-36   6.366477E-35   4.774439E-21   1.200000E+02   9.205810E+00
  1.330000000000E+00   1.330118E-12   1.000089E-12   7.500009E+01   3.308778E-36   6.790831E-35   5.092676E-21   1.200000E+02   9.205810E+00
  1.335000000000E+00   1.335119E-12   1.000089E-12   7.500009E+01   3.641032E-36   6.730293E-35   5.047277E-21   1.200000E+02   9.205810E+00
  1.340000000000E+00   1.340119E-12   1.000089E-12   7.500009E+01   3.982995E-36   7.457336E-35   5.592511E-21   1.200000E+02   9.205810E+00
  1.345000000000E+00   1.345119E-12   1.000089E-12   7.500009E+01   4.371049E-36   7.761201E-35   5.820390E-21   1.200000E+02   9.205810E+00
  1.350000000000E+00   1.350120E-12   1.000089E-12   7.500009E+01   4.807592E-36   9.094212E-35   6.820060E-21   1.200000E+02   9.205810E+00
  1.355000000000E+00   1.355120E-12   9.999779E-13   7.499998E+01   5.287817E-36   1.091447E-34   8.186028E-21   1.200000E+02   9.205810E+00
  1.360000000000E+00   1.360120E-12   9.998669E-13   7.499987E+01   5.867477E-36   1.236973E-34   9.278515E-21   1.200000E+02   9.205810E+00
  1.365000000000E+00   1.365119E-12   9.998669E-13   7.499987E+01   6.515033E-36   1.455144E-34   1.091502E-20   1.200000E+02   9.205810E+00
  1.370000000000E+00   1.370118E-12   9.998669E-13   7.499987E+01   7.254748E-36   1.479477E-34   1.109754E-20   1.200000E+02   9.205810E+00
  1.375000000000E+00   1.375118E-12   9.998669E-13   7.499987E+01   8.011438E-36   1.455262E-34   1.091590E-20   1.200000E+02   9.205810E+00
  1.380000000000E+00   1.380117E-12   9.998669E-13   7.499987E+01   8.838445E-36   1.794745E-34   1.346236E-20   1.200000E+02   9.205810E+00
  1.385000000000E+00   1.385116E-12   9.998669E-13   7.499987E+01   9.808510E-36   2.085797E-34   1.564554E-20   1.200000E+02   9.205810E+00
  1.390000000000E+00   1.390116E-12   9.998669E-13   7.499987E+01   1.091931E-35   2.425280E-34   1.819199E-20   1.200000E+02   9.205810E+00
  1.395000000000E+00   1.395115E-12   9.998669E-13   7.499987E+01   1.213679E-35   2.522141E-34   1.891854E-20   1.200000E+02   9.205810E+00
  1.400000000000E+00   1.400114E-12   9.998669E-13   7.499987E+01   1.349975E-35   2.764763E-34   2.073845E-20   1.200000E+02   9.205810E+00
  1.405000000000E+00   1.405114E-12   9.998669E-13   7.499987E+01   1.507614E-35   3.249772E-34   2.437649E-20   1.200000E+02   9.205810E+00
  1.410000000000E+00   1.410113E-12   9.998669E-13   7.499987E+01   1.684163E-35   3.977403E-34   2.983444E-20   1.200000E+02   9.205810E+00
  1.415000000000E+00   1.415112E-12   9.998669E-13   7.499987E+01   1.881092E-35   4.292435E-34   3.219750E-20   1.200000E+02   9.205810E+00
  1.420000000000E+00   1.420112E-12   9.998669E-13   7.499987E+01   2.091599E-35   4.049813E-34   3.037759E-20   1.200000E+02   9.205810E+00
  1.425000000000E+00   1.425111E-12   9.998669E-13   7.499987E+01   2.302107E-35   4.244005E-34   3.183422E-20   1.200000E+02   9.205810E+00
  1.430000000000E+00   1.430110E-12   9.998669E-13   7.499987E+01   2.530068E-35   4.607938E-34   3.456408E-20   1.200000E+02   9.205810E+00
  1.435000000000E+00   1.435110E-12   9.998669E-13   7.499987E+01   2.749302E-35   4.220025E-34   3.165435E-20   1.200000E+02   9.205810E+00
  1.440000000000E+00   1.440109E-12   9.998669E-13   7.499987E+01   2.972411E-35   4.704799E-34   3.529063E-20   1.200000E+02   9.205810E+00
  1.445000000000E+00   1.445108E-12   9.998669E-13   7.499987E+01   3.204256E-35   4.898990E-34   3.674726E-20   1.200000E+02   9.205810E+00
  1.450000000000E+00   1.450108E-12   9.998669E-13   7.499987E+01   3.439976E-35   4.559507E-34   3.420080E-20   1.200000E+02   9.205810E+00
  1.455000000000E+00   1.455107E-12   9.998669E-13   7.499987E+01   3.682485E-35   5.092242E-34   3.819683E-20   1.200000E+02   9.205810E+00
  1.460000000000E+00   1.460106E-12   9.998669E-13   7.499987E+01   3.928869E-35   4.946950E-34   3.710701E-20   1.200000E+02   9.205810E+00
  1.465000000000E+00   1.465106E-12   9.998669E-13   7.499987E+01   4.179127E-35   5.432194E-34   4.074681E-20   1.200000E+02   9.205810E+00
  1.470000000000E+00   1.470105E-12   9.998669E-13   7.499987E+01   4.463342E-35   5.625916E-34   4.219992E-20   1.200000E+02   9.205810E+00
  1.475000000000E+00   1.475104E-12   9.998669E-13   7.499987E+01   4.751423E-35   5.432194E-34   4.074681E-20   1.200000E+02   9.205810E+00
  1.480000000000E+00   1.480104E-12   9.998669E-13   7.499987E+01   5.009449E-35   5.432194E-34   4.074681E-20   1.200000E+02   9.205810E+00
  1.485000000000E+00   1.485103E-12   9.998669E-13   7.499987E+01   5.271340E-35   5.043811E-34   3.783356E-20   1.200000E+02   9.205810E+00
  1.490000000000E+00   1.490102E-12   9.998669E-13   7.499987E+01   5.531284E-35   5.237533E-34   3.928666E-20   1.200000E+02   9.205810E+00
  1.495000000000E+00   1.495102E-12   9.998669E-13   7.499987E+01   5.843598E-35   6.304411E-34   4.728930E-20   1.200000E+02   9.205810E+00
  1.500000000000E+00   1.500101E-12   9.998669E-13   7.499987E+01   6.169492E-35   6.692324E-34   5.019903E-20   1.200000E+02   9.205810E+00
  1.505000000000E+00   1.505100E-12   9.998669E-13   7.499987E+01   6.507019E-35   6.304411E-34   4.728930E-20   1.200000E+02   9.205810E+00
  1.510000000000E+00   1.510099E-12   9.996448E-13   7.499966E+01   6.830967E-35   6.013359E-34   4.511601E-20   1.200000E+02   9.205810E+00
  1.515000000000E+00   1.515097E-12   9.996448E-13   7.499966E+01   7.178179E-35   7.662342E-34   5.748773E-20   1.200000E+02   9.205810E+00
  1.520000000000E+00   1.520095E-12   9.996448E-13   7.499966E+01   7.562237E-35   7.856064E-34   5.894115E-20   1.200000E+02   9.205810E+00
  1.525000000000E+00   1.525094E-12   9.996448E-13   7.499966E+01   8.052992E-35   1.154147E-33   8.659142E-20   1.200000E+02   9.205810E+00
  1.530000000000E+00   1.530092E-12   9.996448E-13   7.499966E+01   8.712472E-35   1.474070E-33   1.105940E-19   1.200000E+02   9.205810E+00
  1.535000000000E+00   1.535090E-12   9.996448E-13   7.499966E+01   9.499922E-35   1.726190E-33   1.295097E-19   1.200000E+02   9.205810E+00
  1.540000000000E+00   1.540088E-12   9.996448E-13   7.499966E+01   1.042704E-34   2.075265E-33   1.556995E-19   1.200000E+02   9.205810E+00
  1.545000000000E+00   1.545086E-12   9.996448E-13   7.499966E+01   1.152482E-34   2.307919E-33   1.731546E-19   1.200000E+02   9.205810E+00
  1.550000000000E+00   1.550085E-12   9.996448E-13   7.499966E+01   1.280872E-34   2.734670E-33   2.051722E-19   1.200000E+02   9.205810E+00
  1.555000000000E+00   1.555083E-12   9.996448E-13   7.499966E+01   1.430598E-34   3.102929E-33   2.328013E-19   1.200000E+02   9.205810E+00
  1.560000000000E+00   1.560081E-12   9.994228E-13   7.499945E+01   1.603210E-34   3.723590E-33   2.794285E-19   1.200000E+02   9.205810E+00
  1.565000000000E+00   1.565078E-12   9.994228E-13   7.499945E+01   1.795600E-34   4.014360E-33   3.012487E-19   1.200000E+02   9.205810E+00
  1.570000000000E+00   1.570075E-12   9.994228E-13   7.499945E+01   2.005029E-34   4.169337E-33   3.128786E-19   1.200000E+02   9.205810E+00
  1.575000000000E+00   1.575072E-12   9.994228E-13   7.499945E+01   2.205928E-34   3.955680E-33   2.968451E-19   1.200000E+02   9.205810E+00
  1.580000000000E+00   1.580069E-12   9.994228E-13   7.499945E+01   2.393255E-34   3.568237E-33   2.677703E-19   1.200000E+02   9.205810E+00
  1.585000000000E+00   1.585066E-12   9.994228E-13   7.499945E+01   2.574367E-34   3.470812E-33   2.604593E-19   1.200000E+02   9.205810E+00
  1.590000000000E+00   1.590063E-12   9.994228E-13   7.499945E+01   2.745391E-34   3.257530E-33   2.444540E-19   1.200000E+02   9.205810E+00
  1.595000000000E+00   1.595060E-12   9.992007E-13   7.499923E+01   2.896633E-34   2.637057E-33   1.979355E-19   1.200000E+02   9.205810E+00
  1.600000000000E+00   1.600056E-12   9.992007E-13   7.499923E+01   3.027702E-34   2.578752E-33   1.935592E-19   1.200000E+02   9.205810E+00
  1.605000000000E+00   1.605052E-12   9.992007E-13   7.499923E+01   3.153730E-34   2.636869E-33   1.979213E-19   1.200000E+02   9.205810E+00
  1.610000000000E+00   1.610048E-12   9.992007E-13   7.499923E+01   3.286337E-34   2.752914E-33   2.066316E-19   1.200000E+02   9.205810E+00
  1.615000000000E+00   1.615044E-12   9.992007E-13   7.499923E+01   3.434449E-34   3.256778E-33   2.444512E-19   1.200000E+02   9.205810E+00
  1.620000000000E+00   1.620040E-12   9.992007E-13   7.499923E+01   3.611244E-34   4.148649E-33   3.113944E-19   1.200000E+02   9.205810E+00
  1.625000000000E+00   1.625035E-12   9.989787E-13   7.499902E+01   3.846185E-34   5.388842E-33   4.045711E-19   1.200000E+02   9.205810E+00
  1.630000000000E+00   1.630030E-12   9.989787E-13   7.499902E+01   4.143936E-34   6.551923E-33   4.918902E-19   1.200000E+02   9.205810E+00
  1.635000000000E+00   1.635025E-12   9.989787E-13   7.499902E+01   4.481200E-34   7.171832E-33   5.384303E-19   1.200000E+02   9.205810E+00
  1.640000000000E+00   1.640020E-12   9.989787E-13   7.499902E+01   4.865769E-34   7.946718E-33   5.966054E-19   1.200000E+02   9.205810E+00
  1.645000000000E+00   1.645014E-12   9.987566E-13   7.499881E+01   5.278971E-34   8.178431E-33   6.141362E-19   1.200000E+02   9.205810E+00
  1.650000000000E+00   1.650008E-12   9.987566E-13   7.499881E+01   5.706106E-34   8.488386E-33   6.374113E-19   1.200000E+02   9.205810E+00
  1.655000000000E+00   1.655002E-12   9.987566E-13   7.499881E+01   6.123913E-34   8.061070E-33   6.053233E-19   1.200000E+02   9.205810E+00
  1.660000000000E+00   1.659996E-12   9.987566E-13   7.499881E+01   6.508376E-34   6.859621E-33   5.151038E-19   1.200000E+02   9.205810E+00
  1.665000000000E+00   1.664989E-12   9.985346E-13   7.499859E+01   6.830804E-34   5.968126E-33   4.482579E-19   1.200000E+02   9.205810E+00
  1.670000000000E+00   1.669982E-12   9.985346E-13   7.499859E+01   7.096635E-34   4.495090E-33   3.376202E-19   1.200000E+02   9.205810E+00
  1.675000000000E+00   1.674975E-12   9.985346E-13   7.499859E+01   7.315191E-34   3.991038E-33   2.997615E-19   1.200000E+02   9.205810E+00
  1.680000000000E+00   1.679967E-12   9.985346E-13   7.499859E+01   7.491090E-34   3.564475E-33   2.677229E-19   1.200000E+02   9.205810E+00
  1.685000000000E+00   1.684959E-12   9.983125E-13   7.499838E+01   7.672413E-34   3.874429E-33   2.910671E-19   1.200000E+02   9.205810E+00
  1.690000000000E+00   1.689951E-12   9.983125E-13   7.499838E+01   7.860703E-34   4.028654E-33   3.026533E-19   1.200000E+02   9.205810E+00
  1.695000000000E+00   1.694942E-12   9.983125E-13   7.499838E+01   8.093131E-34   5.500561E-33   4.132305E-19   1.200000E+02   9.205810E+00
  1.700000000000E+00   1.699933E-12   9.980905E-13   7.499817E+01   8.409209E-34   7.127445E-33   5.355680E-19   1.200000E+02   9.205810E+00
  1.705000000000E+00   1.704924E-12   9.980905E-13   7.499817E+01   8.805845E-34   8.908178E-33   6.693752E-19   1.200000E+02   9.205810E+00
  1.710000000000E+00   1.709914E-12   9.980905E-13   7.499817E+01   9.307791E-34   1.061142E-32   7.973598E-19   1.200000E+02   9.205810E+00
  1.715000000000E+00   1.714904E-12   9.978685E-13   7.499795E+01   9.877866E-34   1.208220E-32   9.080759E-19   1.200000E+02   9.205810E+00
  1.720000000000E+00   1.719893E-12   9.978685E-13   7.499795E+01   1.049591E-33   1.293382E-32   9.720823E-19   1.200000E+02   9.205810E+00
  1.725000000000E+00   1.724883E-12   9.978685E-13   7.499795E+01   1.116189E-33   1.300905E-32   9.777366E-19   1.200000E+02   9.205810E+00
  1.730000000000E+00   1.729871E-12   9.976464E-13   7.499774E+01   1.179684E-33   1.300755E-32   9.778383E-19   1.200000E+02   9.205810E+00
  1.735000000000E+00   1.734859E-12   9.976464E-13   7.499774E+01   1.242557E-33   1.176849E-32   8.846920E-19   1.200000E+02   9.205810E+00
  1.740000000000E+00   1.739847E-12   9.974244E-13   7.499752E+01   1.298149E-33   1.076189E-32   8.091990E-19   1.200000E+02   9.205810E+00
  1.745000000000E+00   1.744834E-12   9.974244E-13   7.499752E+01   1.348471E-33   9.135378E-33   6.868999E-19   1.200000E+02   9.205810E+00
  1.750000000000E+00   1.749822E-12   9.974244E-13   7.499752E+01   1.391821E-33   8.437228E-33   6.344052E-19   1.200000E+02   9.205810E+00
  1.755000000000E+00   1.754808E-12   9.972023E-13   7.499731E+01   1.429441E-33   6.656495E-33   5.006198E-19   1.200000E+02   9.205810E+00
  1.760000000000E+00   1.759794E-12   9.972023E-13   7.499731E+01   1.463959E-33   7.352388E-33   5.529563E-19   1.200000E+02   9.205810E+00
  1.765000000000E+00   1.764779E-12   9.969803E-13   7.499710E+01   1.503272E-33   8.357483E-33   6.286854E-19   1.200000E+02   9.205810E+00
  1.770000000000E+00   1.769764E-12   9.969803E-13   7.499710E+01   1.546913E-33   9.981734E-33   7.508685E-19   1.200000E+02   9.205810E+00
  1.775000000000E+00   1.774748E-12   9.967582E-13   7.499688E+01   1.600920E-33   1.114105E-32   8.382617E-19   1.200000E+02   9.205810E+00
  1.780000000000E+00   1.779732E-12   9.967582E-13   7.499688E+01   1.664048E-33   1.407885E-32   1.059304E-18   1.200000E+02   9.205810E+00
  1.785000000000E+00   1.784716E-12   9.965362E-13   7.499667E+01   1.738464E-33   1.655247E-32   1.245695E-18   1.200000E+02   9.205810E+00
  1.790000000000E+00   1.789699E-12   9.965362E-13   7.499667E+01   1.826329E-33   1.941277E-32   1.460954E-18   1.200000E+02   9.205810E+00
  1.795000000000E+00   1.794681E-12   9.963141E-13   7.499646E+01   1.930892E-33   2.258303E-32   1.699913E-18   1.200000E+02   9.205810E+00
  1.800000000000E+00   1.799663E-12   9.963141E-13   7.499646E+01   2.056324E-33   2.644543E-32   1.990650E-18   1.200000E+02   9.205810E+00
  1.805000000000E+00   1.804644E-12   9.960921E-13   7.499624E+01   2.200769E-33   3.069451E-32   2.311004E-18   1.200000E+02   9.205810E+00
  1.810000000000E+00   1.809624E-12   9.960921E-13   7.499624E+01   2.358015E-33   3.123016E-32   2.351333E-18   1.200000E+02   9.205810E+00
  1.815000000000E+00   1.814604E-12   9.958701E-13   7.499603E+01   2.517566E-33   3.308387E-32   2.491448E-18   1.200000E+02   9.205810E+00
  1.820000000000E+00   1.819584E-12   9.958701E-13   7.499603E+01   2.675246E-33   2.921395E-32   2.200016E-18   1.200000E+02   9.205810E+00
  1.825000000000E+00   1.824562E-12   9.956480E-13   7.499581E+01   2.818372E-33   2.534704E-32   1.909231E-18   1.200000E+02   9.205810E+00
  1.830000000000E+00   1.829541E-12   9.955370E-13   7.499571E+01   2.933970E-33   2.008986E-32   1.513407E-18   1.200000E+02   9.205810E+00
  1.835000000000E+00   1.834518E-12   9.954260E-13   7.499560E+01   3.022981E-33   1.591601E-32   1.199115E-18   1.200000E+02   9.205810E+00
  1.840000000000E+00   1.839495E-12   9.952039E-13   7.499538E+01   3.088803E-33   1.019690E-32   7.684055E-19   1.200000E+02   9.205810E+00
  1.845000000000E+00   1.844471E-12   9.952039E-13   7.499538E+01   3.132368E-33   6.797179E-33   5.122136E-19   1.200000E+02   9.205810E+00
  1.850000000000E+00   1.849446E-12   9.949819E-13   7.499517E+01   3.159555E-33   4.170466E-33   3.143422E-19   1.200000E+02   9.205810E+00
  1.855000000000E+00   1.854421E-12   9.948709E-13   7.499506E+01   3.183957E-33   5.405017E-33   4.074394E-19   1.200000E+02   9.205810E+00
  1.860000000000E+00   1.859395E-12   9.947598E-13   7.499496E+01   3.214841E-33   7.102619E-33   5.354665E-19   1.200000E+02   9.205810E+00
  1.865000000000E+00   1.864368E-12   9.945378E-13   7.499474E+01   3.257145E-33   1.142468E-32   8.614964E-19   1.200000E+02   9.205810E+00
  1.870000000000E+00   1.869340E-12   9.943157E-13   7.499453E+01   3.323834E-33   1.713325E-32   1.292246E-18   1.200000E+02   9.205810E+00
  1.875000000000E+00   1.874312E-12   9.943157E-13   7.499453E+01   3.422619E-33   2.176150E-32   1.641323E-18   1.200000E+02   9.205810E+00
  1.880000000000E+00   1.879283E-12   9.940937E-13   7.499431E+01   3.545767E-33   2.808548E-32   2.118765E-18   1.200000E+02   9.205810E+00
  1.885000000000E+00   1.884253E-12   9.938717E-13   7.499410E+01   3.693901E-33   3.193734E-32   2.409880E-18   1.200000E+02   9.205810E+00
  1.890000000000E+00   1.889222E-12   9.937606E-13   7.499399E+01   3.863606E-33   3.486535E-32   2.631108E-18   1.200000E+02   9.205810E+00
  1.895000000000E+00   1.894190E-12   9.936496E-13   7.499388E+01   4.047478E-33   3.855772E-32   2.910073E-18   1.200000E+02   9.205810E+00
  1.900000000000E+00   1.899158E-12   9.934276E-13   7.499367E+01   4.243345E-33   3.886166E-32   2.933659E-18   1.200000E+02   9.205810E+00
  1.905000000000E+00   1.904124E-12   9.932055E-13   7.499346E+01   4.434547E-33   3.838920E-32   2.898633E-18   1.200000E+02   9.205810E+00
  1.910000000000E+00   1.909090E-12   9.929835E-13   7.499324E+01   4.630956E-33   3.930703E-32   2.968590E-18   1.200000E+02   9.205810E+00
  1.915000000000E+00   1.914055E-12   9.927614E-13   7.499303E+01   4.824548E-33   4.007439E-32   3.027212E-18   1.200000E+02   9.205810E+00
  1.920000000000E+00   1.919019E-12   9.926504E-13   7.499292E+01   5.026115E-33   4.314384E-32   3.259438E-18   1.200000E+02   9.205810E+00
  1.925000000000E+00   1.923981E-12   9.924284E-13   7.499270E+01   5.243980E-33   4.375472E-32   3.306319E-18   1.200000E+02   9.205810E+00
  1.930000000000E+00   1.928943E-12   9.923173E-13   7.499260E+01   5.469199E-33   4.528644E-32   3.422441E-18   1.200000E+02   9.205810E+00
  1.935000000000E+00   1.933904E-12   9.920953E-13   7.499238E+01   5.707611E-33   4.866584E-32   3.678646E-18   1.200000E+02   9.205810E+00
  1.940000000000E+00   1.938863E-12   9.918733E-13   7.499217E+01   5.947197E-33   4.618922E-32   3.492210E-18   1.200000E+02   9.205810E+00
  1.945000000000E+00   1.943822E-12   9.915402E-13   7.499184E+01   6.165808E-33   3.971328E-32   3.003582E-18   1.200000E+02   9.205810E+00
  1.950000000000E+00   1.948779E-12   9.913181E-13   7.499163E+01   6.343734E-33   2.954798E-32   2.235257E-18   1.200000E+02   9.205810E+00
  1.955000000000E+00   1.953735E-12   9.909851E-13   7.499131E+01   6.455757E-33   1.723105E-32   1.303934E-18   1.200000E+02   9.205810E+00
  1.960000000000E+00   1.958689E-12   9.907630E-13   7.499109E+01   6.503138E-33   4.307011E-33   3.259987E-19   1.200000E+02   9.205810E+00
  1.965000000000E+00   1.963643E-12   9.905410E-13   7.499088E+01   6.487762E-33  -9.226408E-33  -6.985036E-19   1.200000E+02   9.205810E+00
  1.970000000000E+00   1.968595E-12   9.903189E-13   7.499066E+01   6.420113E-33  -1.783140E-32  -1.350261E-18   1.200000E+02   9.205810E+00
  1.975000000000E+00   1.973545E-12   9.899859E-13   7.499034E+01   6.323588E-33  -2.120780E-32  -1.606467E-18   1.200000E+02   9.205810E+00
  1.980000000000E+00   1.978494E-12   9.896528E-13   7.499001E+01   6.223404E-33  -1.690004E-32  -1.280584E-18   1.200000E+02   9.205810E+00
  1.985000000000E+00   1.983442E-12   9.893197E-13   7.498969E+01   6.174249E-33  -4.300429E-33  -3.259692E-19   1.200000E+02   9.205810E+00
  1.990000000000E+00   1.988388E-12   9.889867E-13   7.498937E+01   6.186531E-33   1.044065E-32   7.916563E-19   1.200000E+02   9.205810E+00
  1.995000000000E+00   1.993332E-12   9.886536E-13   7.498905E+01   6.283544E-33   2.946673E-32   2.235041E-18   1.200000E+02   9.205810E+00
  2.000000000000E+00   1.998274E-12   9.883205E-13   7.498872E+01   6.476889E-33   4.817232E-32   3.655070E-18   1.200000E+02   9.205810E+00
  2.005000000000E+00   2.003215E-12   9.878764E-13   7.498829E+01   6.768330E-33   6.778672E-32   5.145593E-18   1.200000E+02   9.205810E+00
  2.010000000000E+00   2.008153E-12   9.874324E-13   7.498786E+01   7.136941E-33   8.125017E-32   6.170323E-18   1.200000E+02   9.205810E+00
  2.015000000000E+00   2.013089E-12   9.869883E-13   7.498743E+01   7.563029E-33   8.366962E-32   6.356883E-18   1.200000E+02   9.205810E+00
  2.020000000000E+00   2.018023E-12   9.865442E-13   7.498699E+01   7.987709E-33   8.332054E-32   6.333175E-18   1.200000E+02   9.205810E+00
  2.025000000000E+00   2.022955E-12   9.861001E-13   7.498656E+01   8.425653E-33   8.389230E-32   6.379470E-18   1.200000E+02   9.205810E+00
  2.030000000000E+00   2.027884E-12   9.855450E-13   7.498602E+01   8.835828E-33   8.078674E-32   6.146728E-18   1.200000E+02   9.205810E+00
  2.035000000000E+00   2.032810E-12   9.849899E-13   7.498548E+01   9.240888E-33   8.135850E-32   6.193674E-18   1.200000E+02   9.205810E+00
  2.040000000000E+00   2.037734E-12   9.844348E-13   7.498494E+01   9.622474E-33   7.763905E-32   5.913809E-18   1.200000E+02   9.205810E+00
  2.045000000000E+00   2.042655E-12   9.838796E-13   7.498440E+01   1.000997E-32   7.759692E-32   5.913892E-18   1.200000E+02   9.205810E+00
  2.050000000000E+00   2.047572E-12   9.832135E-13   7.498375E+01   1.040576E-32   7.632701E-32   5.821000E-18   1.200000E+02   9.205810E+00
  2.055000000000E+00   2.052487E-12   9.825474E-13   7.498310E+01   1.080739E-32   7.993211E-32   6.100019E-18   1.200000E+02   9.205810E+00
  2.060000000000E+00   2.057398E-12   9.817702E-13   7.498234E+01   1.119898E-32   7.804229E-32   5.960451E-18   1.200000E+02   9.205810E+00
  2.065000000000E+00   2.062304E-12   9.809931E-13   7.498158E+01   1.156953E-32   7.189135E-32   5.494970E-18   1.200000E+02   9.205810E+00
  2.070000000000E+00   2.067207E-12   9.802159E-13   7.498082E+01   1.193126E-32   7.426265E-32   5.680661E-18   1.200000E+02   9.205810E+00
  2.075000000000E+00   2.072106E-12   9.793277E-13   7.497995E+01   1.226834E-32   6.081726E-32   4.656332E-18   1.200000E+02   9.205810E+00
  2.080000000000E+00   2.077000E-12   9.782175E-13   7.497886E+01   1.253216E-32   4.131421E-32   3.166670E-18   1.200000E+02   9.205810E+00
  2.085000000000E+00   2.081889E-12   9.773293E-13   7.497799E+01   1.268521E-32   1.638846E-32   1.257277E-18   1.200000E+02   9.205810E+00
  2.090000000000E+00   2.086773E-12   9.762191E-13   7.497689E+01   1.272161E-32  -9.094000E-33  -6.984497E-19   1.200000E+02   9.205810E+00
  2.095000000000E+00   2.091651E-12   9.751089E-13   7.497580E+01   1.263801E-32  -2.785376E-32  -2.141667E-18   1.200000E+02   9.205810E+00
  2.100000000000E+00   2.096523E-12   9.737766E-13   7.497449E+01   1.242500E-32  -5.443160E-32  -4.190880E-18   1.200000E+02   9.205810E+00
  2.105000000000E+00   2.101389E-12   9.724443E-13   7.497318E+01   1.213731E-32  -5.919225E-32  -4.563584E-18   1.200000E+02   9.205810E+00
  2.110000000000E+00   2.106248E-12   9.710011E-13   7.497175E+01   1.185242E-32  -5.186770E-32  -4.004746E-18   1.200000E+02   9.205810E+00
  2.115000000000E+00   2.111099E-12   9.694467E-13   7.497021E+01   1.163305E-32  -3.372183E-32  -2.607810E-18   1.200000E+02   9.205810E+00
  2.120000000000E+00   2.115942E-12   9.678924E-13   7.496867E+01   1.151029E-32  -1.563163E-32  -1.210757E-18   1.200000E+02   9.205810E+00
  2.125000000000E+00   2.120777E-12   9.661161E-13   7.496691E+01   1.158231E-32   4.320403E-32   3.352467E-18   1.200000E+02   9.205810E+00
  2.130000000000E+00   2.125603E-12   9.642287E-13   7.496503E+01   1.197077E-32   1.018215E-31   7.916226E-18   1.200000E+02   9.205810E+00
  2.135000000000E+00   2.130419E-12   9.623413E-13   7.496315E+01   1.262176E-32   1.578059E-31   1.229255E-17   1.200000E+02   9.205810E+00
  2.140000000000E+00   2.135225E-12   9.601209E-13   7.496093E+01   1.361532E-32   2.171005E-31   1.695000E-17   1.200000E+02   9.205810E+00
  2.145000000000E+00   2.140020E-12   9.579004E-13   7.495871E+01   1.486636E-32   2.844358E-31   2.225799E-17   1.200000E+02   9.205810E+00
  2.150000000000E+00   2.144804E-12   9.554579E-13   7.495626E+01   1.637354E-32   3.240859E-31   2.542473E-17   1.200000E+02   9.205810E+00
  2.155000000000E+00   2.149575E-12   9.530154E-13   7.495380E+01   1.806186E-32   3.457526E-31   2.719313E-17   1.200000E+02   9.205810E+00
  2.160000000000E+00   2.154333E-12   9.502399E-13   7.495100E+01   1.979765E-32   3.565859E-31   2.812603E-17   1.200000E+02   9.205810E+00
  2.165000000000E+00   2.159077E-12   9.473533E-13   7.494808E+01   2.153325E-32   3.508322E-31   2.775543E-17   1.200000E+02   9.205810E+00
  2.170000000000E+00   2.163807E-12   9.444667E-13   7.494515E+01   2.318358E-32   3.262525E-31   2.588873E-17   1.200000E+02   9.205810E+00
  2.175000000000E+00   2.168521E-12   9.412471E-13   7.494187E+01   2.473497E-32   2.830876E-31   2.253937E-17   1.200000E+02   9.205810E+00
  2.180000000000E+00   2.173220E-12   9.379164E-13   7.493847E+01   2.613627E-32   2.797413E-31   2.235102E-17   1.200000E+02   9.205810E+00
  2.185000000000E+00   2.177900E-12   9.344747E-13   7.493494E+01   2.745342E-32   2.554987E-31   2.048828E-17   1.200000E+02   9.205810E+00
  2.190000000000E+00   2.182563E-12   9.307000E-13   7.493105E+01   2.869603E-32   2.545116E-31   2.049084E-17   1.200000E+02   9.205810E+00
  2.195000000000E+00   2.187207E-12   9.269252E-13   7.492715E+01   2.983218E-32   2.165949E-31   1.750825E-17   1.200000E+02   9.205810E+00
  2.200000000000E+00   2.191832E-12   9.229284E-13   7.492300E+01   3.095890E-32   2.156801E-31   1.750883E-17   1.200000E+02   9.205810E+00
  2.205000000000E+00   2.196436E-12   9.188206E-13   7.491872E+01   3.204397E-32   2.307023E-31   1.881099E-17   1.200000E+02   9.205810E+00
  2.210000000000E+00   2.201019E-12   9.143797E-13   7.491407E+01   3.321984E-32   2.387190E-31   1.955797E-17   1.200000E+02   9.205810E+00
  2.215000000000E+00   2.205580E-12   9.098278E-13   7.490928E+01   3.439461E-32   2.126708E-31   1.750993E-17   1.200000E+02   9.205810E+00
  2.220000000000E+00   2.210118E-12   9.051648E-13   7.490435E+01   3.545077E-32   1.800624E-31   1.490055E-17   1.200000E+02   9.205810E+00
  2.225000000000E+00   2.214631E-12   9.002799E-13   7.489915E+01   3.631284E-32   1.880671E-31   1.564632E-17   1.200000E+02   9.205810E+00
  2.230000000000E+00   2.219120E-12   8.951728E-13   7.489369E+01   3.738438E-32   2.226375E-31   1.862673E-17   1.200000E+02   9.205810E+00
  2.235000000000E+00   2.223583E-12   8.899548E-13   7.488808E+01   3.858298E-32   2.656098E-31   2.235058E-17   1.200000E+02   9.205810E+00
  2.240000000000E+00   2.228019E-12   8.845147E-13   7.488219E+01   4.011877E-32   3.256507E-31   2.756928E-17   1.200000E+02   9.205810E+00
  2.245000000000E+00   2.232428E-12   8.789636E-13   7.487615E+01   4.185571E-32   3.760378E-31   3.203348E-17   1.200000E+02   9.205810E+00
  2.250000000000E+00   2.236808E-12   8.730794E-13   7.486970E+01   4.409547E-32   5.169677E-31   4.433185E-17   1.200000E+02   9.205810E+00
  2.255000000000E+00   2.241159E-12   8.670842E-13   7.486309E+01   4.684021E-32   5.695456E-31   4.917394E-17   1.200000E+02   9.205810E+00
  2.260000000000E+00   2.245479E-12   8.608669E-13   7.485618E+01   4.989272E-32   6.725347E-31   5.847986E-17   1.200000E+02   9.205810E+00
  2.265000000000E+00   2.249767E-12   8.544276E-13   7.484897E+01   5.351212E-32   7.697942E-31   6.743497E-17   1.200000E+02   9.205810E+00
  2.270000000000E+00   2.254023E-12   8.479883E-13   7.484171E+01   5.729984E-32   7.680609E-31   6.778747E-17   1.200000E+02   9.205810E+00
  2.275000000000E+00   2.258246E-12   8.411050E-13   7.483388E+01   6.117578E-32   7.704683E-31   6.854927E-17   1.200000E+02   9.205810E+00
  2.280000000000E+00   2.262434E-12   8.341106E-13   7.482587E+01   6.519538E-32   7.889572E-31   7.077528E-17   1.200000E+02   9.205810E+00
  2.285000000000E+00   2.266587E-12   8.268941E-13   7.481752E+01   6.933864E-32   8.481795E-31   7.674343E-17   1.200000E+02   9.205810E+00
  2.290000000000E+00   2.270703E-12   8.195666E-13   7.480898E+01   7.388037E-32   9.346538E-31   8.531399E-17   1.200000E+02   9.205810E+00
  2.295000000000E+00   2.274782E-12   8.119061E-13   7.479996E+01   7.858445E-32   1.002832E-30   9.238972E-17   1.200000E+02   9.205810E+00
  2.300000000000E+00   2.278822E-12   8.041345E-13   7.479073E+01   8.357530E-32   9.774094E-31   9.090664E-17   1.200000E+02   9.205810E+00
  2.305000000000E+00   2.282823E-12   7.962520E-13   7.478127E+01   8.869308E-32   1.078810E-30   1.013181E-16   1.200000E+02   9.205810E+00
  2.310000000000E+00   2.286784E-12   7.880363E-13   7.477132E+01   9.429657E-32   1.201395E-30   1.139921E-16   1.200000E+02   9.205810E+00
  2.315000000000E+00   2.290703E-12   7.797096E-13   7.476112E+01   1.004362E-31   1.266492E-30   1.214354E-16   1.200000E+02   9.205810E+00
  2.320000000000E+00   2.294581E-12   7.711609E-13   7.475054E+01   1.070980E-31   1.391292E-30   1.348614E-16   1.200000E+02   9.205810E+00
  2.325000000000E+00   2.298415E-12   7.625012E-13   7.473969E+01   1.139628E-31   1.383395E-30   1.355992E-16   1.200000E+02   9.205810E+00
  2.330000000000E+00   2.302206E-12   7.536194E-13   7.472845E+01   1.210668E-31   1.435203E-30   1.423139E-16   1.200000E+02   9.205810E+00
  2.335000000000E+00   2.305952E-12   7.446266E-13   7.471692E+01   1.279243E-31   1.343914E-30   1.348503E-16   1.200000E+02   9.205810E+00
  2.340000000000E+00   2.309652E-12   7.354117E-13   7.470497E+01   1.342864E-31   1.195425E-30   1.214342E-16   1.200000E+02   9.205810E+00
  2.345000000000E+00   2.313305E-12   7.260859E-13   7.469272E+01   1.402633E-31   1.122528E-30   1.154749E-16   1.200000E+02   9.205810E+00
  2.350000000000E+00   2.316912E-12   7.165379E-13   7.468001E+01   1.454593E-31   9.508316E-31   9.909889E-17   1.200000E+02   9.205810E+00
  2.355000000000E+00   2.320471E-12   7.068790E-13   7.466698E+01   1.495220E-31   7.054681E-31   7.451795E-17   1.200000E+02   9.205810E+00
  2.360000000000E+00   2.323981E-12   6.971090E-13   7.465362E+01   1.526611E-31   4.731528E-31   5.067008E-17   1.200000E+02   9.205810E+00
  2.365000000000E+00   2.327441E-12   6.871170E-13   7.463976E+01   1.548164E-31   4.389676E-31   4.768392E-17   1.200000E+02   9.205810E+00
  2.370000000000E+00   2.330852E-12   6.771250E-13   7.462570E+01   1.564921E-31   2.907432E-31   3.204270E-17   1.200000E+02   9.205810E+00
  2.375000000000E+00   2.334212E-12   6.669110E-13   7.461111E+01   1.576731E-31   2.264412E-31   2.533326E-17   1.200000E+02   9.205810E+00
  2.380000000000E+00   2.337521E-12   6.565859E-13   7.459613E+01   1.585985E-31   1.705170E-31   1.937280E-17   1.200000E+02   9.205810E+00
  2.385000000000E+00   2.340777E-12   6.461498E-13   7.458075E+01   1.594830E-31   2.258634E-31   2.606990E-17   1.200000E+02   9.205810E+00
  2.390000000000E+00   2.343982E-12   6.356027E-13   7.456495E+01   1.607378E-31   3.048266E-31   3.576035E-17   1.200000E+02   9.205810E+00
  2.395000000000E+00   2.347134E-12   6.250556E-13   7.454888E+01   1.628771E-31   5.746012E-31   6.853131E-17   1.200000E+02   9.205810E+00
  2.400000000000E+00   2.350232E-12   6.143974E-13   7.453237E+01   1.660973E-31   7.859720E-31   9.534603E-17   1.200000E+02   9.205810E+00
  2.405000000000E+00   2.353277E-12   6.036283E-13   7.451540E+01   1.707474E-31   1.110491E-30   1.370855E-16   1.200000E+02   9.205810E+00
  2.410000000000E+00   2.356268E-12   5.928591E-13   7.449811E+01   1.770387E-31   1.458314E-30   1.832504E-16   1.200000E+02   9.205810E+00
  2.415000000000E+00   2.359205E-12   5.819789E-13   7.448033E+01   1.854727E-31   1.933248E-30   2.474127E-16   1.200000E+02   9.205810E+00
  2.420000000000E+00   2.362088E-12   5.712097E-13   7.446240E+01   1.962456E-31   2.411649E-30   3.143805E-16   1.200000E+02   9.205810E+00
  2.425000000000E+00   2.364918E-12   5.604406E-13   7.444413E+01   2.089020E-31   2.658554E-30   3.531395E-16   1.200000E+02   9.205810E+00
  2.430000000000E+00   2.367692E-12   5.495604E-13   7.442531E+01   2.230977E-31   2.981725E-30   4.038060E-16   1.200000E+02   9.205810E+00
  2.435000000000E+00   2.370413E-12   5.387912E-13   7.440631E+01   2.382647E-31   3.107681E-30   4.291663E-16   1.200000E+02   9.205810E+00
  2.440000000000E+00   2.373080E-12   5.280221E-13   7.438693E+01   2.542253E-31   3.258288E-30   4.590226E-16   1.200000E+02   9.205810E+00
  2.445000000000E+00   2.375694E-12   5.173639E-13   7.436735E+01   2.703754E-31   3.089192E-30   4.440491E-16   1.200000E+02   9.205810E+00
  2.450000000000E+00   2.378254E-12   5.068168E-13   7.434758E+01   2.855224E-31   2.955532E-30   4.335623E-16   1.200000E+02   9.205810E+00
  2.455000000000E+00   2.380762E-12   4.962697E-13   7.432739E+01   3.000409E-31   2.726346E-30   4.083308E-16   1.200000E+02   9.205810E+00
  2.460000000000E+00   2.383217E-12   4.859446E-13   7.430721E+01   3.128237E-31   2.436301E-30   3.725419E-16   1.200000E+02   9.205810E+00
  2.465000000000E+00   2.385621E-12   4.757306E-13   7.428681E+01   3.242822E-31   2.165901E-30   3.382122E-16   1.200000E+02   9.205810E+00
  2.470000000000E+00   2.387975E-12   4.657386E-13   7.426643E+01   3.341622E-31   1.766078E-30   2.816179E-16   1.200000E+02   9.205810E+00
  2.475000000000E+00   2.390279E-12   4.557466E-13   7.424561E+01   3.419318E-31   1.299232E-30   2.116578E-16   1.200000E+02   9.205810E+00
  2.480000000000E+00   2.392534E-12   4.461986E-13   7.422529E+01   3.472581E-31   8.599277E-31   1.430493E-16   1.200000E+02   9.205810E+00
  2.485000000000E+00   2.394741E-12   4.367617E-13   7.420477E+01   3.507181E-31   4.999714E-31   8.494394E-17   1.200000E+02   9.205810E+00
  2.490000000000E+00   2.396902E-12   4.276579E-13   7.418455E+01   3.523357E-31   1.204188E-31   2.088869E-17   1.200000E+02   9.205810E+00
  2.495000000000E+00   2.399018E-12   4.187761E-13   7.416440E+01   3.520657E-31  -1.683263E-31  -2.981024E-17   1.200000E+02   9.205810E+00
  2.500000000000E+00   2.401090E-12   4.102274E-13   7.414460E+01   3.514492E-31  -1.319984E-31  -2.385743E-17   1.200000E+02   9.205810E+00
  2.505000000000E+00   2.403121E-12   4.020118E-13   7.412518E+01   3.510402E-31   8.037748E-33   1.482045E-18   1.200000E+02   9.205810E+00
  2.510000000000E+00   2.405112E-12   3.942402E-13   7.410644E+01   3.513267E-31   1.902337E-31   3.575877E-17   1.200000E+02   9.205810E+00
  2.515000000000E+00   2.407064E-12   3.868017E-13   7.408815E+01   3.535692E-31   6.380606E-31   1.222144E-16   1.200000E+02   9.205810E+00
  2.520000000000E+00   2.408980E-12   3.799183E-13   7.407091E+01   3.581595E-31   1.237795E-30   2.413272E-16   1.200000E+02   9.205810E+00
  2.525000000000E+00   2.410863E-12   3.733680E-13   7.405422E+01   3.657931E-31   1.862759E-30   3.694617E-16   1.200000E+02   9.205810E+00
  2.530000000000E+00   2.412715E-12   3.673728E-13   7.403868E+01   3.769527E-31   2.550702E-30   5.140570E-16   1.200000E+02   9.205810E+00
  2.535000000000E+00   2.414538E-12   3.619327E-13   7.402435E+01   3.913170E-31   3.177014E-30   6.497794E-16   1.200000E+02   9.205810E+00
  2.540000000000E+00   2.416335E-12   3.570477E-13   7.401131E+01   4.079756E-31   3.559119E-30   7.377586E-16   1.200000E+02   9.205810E+00
  2.545000000000E+00   2.418110E-12   3.529399E-13   7.400020E+01   4.266432E-31   3.816423E-30   8.001817E-16   1.200000E+02   9.205810E+00
  2.550000000000E+00   2.419866E-12   3.493872E-13   7.399049E+01   4.459318E-31   3.864186E-30   8.183271E-16   1.200000E+02   9.205810E+00
  2.555000000000E+00   2.421606E-12   3.467227E-13   7.398314E+01   4.650678E-31   3.805638E-30   8.120410E-16   1.200000E+02   9.205810E+00
  2.560000000000E+00   2.423334E-12   3.447242E-13   7.397759E+01   4.838664E-31   3.687771E-30   7.913931E-16   1.200000E+02   9.205810E+00
  2.565000000000E+00   2.425055E-12   3.437250E-13   7.397480E+01   5.011983E-31   3.260985E-30   7.018130E-16   1.200000E+02   9.205810E+00
  2.570000000000E+00   2.426773E-12   3.436140E-13   7.397449E+01   5.162467E-31   2.761784E-30   5.945669E-16   1.200000E+02   9.205810E+00
  2.575000000000E+00   2.428493E-12   3.446132E-13   7.397728E+01   5.287329E-31   2.234849E-30   4.797496E-16   1.200000E+02   9.205810E+00
  2.580000000000E+00   2.430220E-12   3.467227E-13   7.398314E+01   5.379188E-31   1.494522E-30   3.188987E-16   1.200000E+02   9.205810E+00
  2.585000000000E+00   2.431962E-12   3.501643E-13   7.399262E+01   5.437243E-31   7.898239E-31   1.668963E-16   1.200000E+02   9.205810E+00
  2.590000000000E+00   2.433724E-12   3.549383E-13   7.400562E+01   5.465038E-31   3.643859E-31   7.597548E-17   1.200000E+02   9.205810E+00
  2.595000000000E+00   2.435514E-12   3.612666E-13   7.402259E+01   5.476412E-31   1.308429E-31   2.680936E-17   1.200000E+02   9.205810E+00
  2.600000000000E+00   2.437340E-12   3.692602E-13   7.404360E+01   5.484359E-31   2.007300E-31   4.025014E-17   1.200000E+02   9.205810E+00
  2.605000000000E+00   2.439211E-12   3.794742E-13   7.406979E+01   5.500958E-31   4.502824E-31   8.789088E-17   1.200000E+02   9.205810E+00
  2.610000000000E+00   2.441137E-12   3.916867E-13   7.410020E+01   5.531738E-31   8.348906E-31   1.579466E-16   1.200000E+02   9.205810E+00
  2.615000000000E+00   2.443131E-12   4.064526E-13   7.413572E+01   5.584778E-31   1.413633E-30   2.578423E-16   1.200000E+02   9.205810E+00
  2.620000000000E+00   2.445206E-12   4.241052E-13   7.417654E+01   5.671106E-31   2.048804E-30   3.583385E-16   1.200000E+02   9.205810E+00
  2.625000000000E+00   2.447378E-12   4.449774E-13   7.422266E+01   5.786022E-31   2.519502E-30   4.202553E-16   1.200000E+02   9.205810E+00
  2.630000000000E+00   2.449662E-12   4.696243E-13   7.427441E+01   5.921415E-31   2.819561E-30   4.459336E-16   1.200000E+02   9.205810E+00
  2.635000000000E+00   2.452081E-12   4.987122E-13   7.433210E+01   6.071299E-31   3.008688E-30   4.484392E-16   1.200000E+02   9.205810E+00
  2.640000000000E+00   2.454657E-12   5.325740E-13   7.439517E+01   6.222238E-31   3.019473E-30   4.217897E-16   1.200000E+02   9.205810E+00
  2.645000000000E+00   2.457417E-12   5.725420E-13   7.446464E+01   6.373292E-31   2.945132E-30   3.830430E-16   1.200000E+02   9.205810E+00
  2.650000000000E+00   2.460393E-12   6.191714E-13   7.453980E+01   6.513007E-31   2.675887E-30   3.221404E-16   1.200000E+02   9.205810E+00
  2.655000000000E+00   2.463621E-12   6.737944E-13   7.462096E+01   6.639833E-31   2.394316E-30   2.651642E-16   1.200000E+02   9.205810E+00
  2.660000000000E+00   2.467145E-12   7.376322E-13   7.470786E+01   6.758786E-31   2.501398E-30   2.533432E-16   1.200000E+02   9.205810E+00
  2.665000000000E+00   2.471015E-12   8.123502E-13   7.480049E+01   6.892107E-31   2.930110E-30   2.698019E-16   1.200000E+02   9.205810E+00
  2.670000000000E+00   2.475289E-12   8.998358E-13   7.489868E+01   7.046150E-31   3.357666E-30   2.794785E-16   1.200000E+02   9.205810E+00
  2.675000000000E+00   2.480037E-12   1.002309E-12   7.500221E+01   7.242125E-31   4.619536E-30   3.456771E-16   1.200000E+02   9.205810E+00
  2.680000000000E+00   2.485340E-12   1.122102E-12   7.511060E+01   7.495817E-31   5.611775E-30   3.756375E-16   1.200000E+02   9.205810E+00
  2.685000000000E+00   2.491291E-12   1.262213E-12   7.522355E+01   7.798087E-31   6.149109E-30   3.664659E-16   1.200000E+02   9.205810E+00
  2.690000000000E+00   2.497999E-12   1.425970E-12   7.534066E+01   8.121412E-31   6.822029E-30   3.604396E-16   1.200000E+02   9.205810E+00
  2.695000000000E+00   2.505594E-12   1.617151E-12   7.546144E+01   8.414431E-31   5.174203E-30   2.414449E-16   1.200000E+02   9.205810E+00
  2.700000000000E+00   2.514222E-12   1.840084E-12   7.558542E+01   8.635135E-31   3.623830E-30   1.488567E-16   1.200000E+02   9.205810E+00
  2.705000000000E+00   2.524053E-12   2.099321E-12   7.571195E+01   8.740050E-31   7.469960E-31   2.694039E-17   1.200000E+02   9.205810E+00
  2.710000000000E+00   2.535281E-12   2.399969E-12   7.584044E+01   8.672274E-31  -3.495755E-30  -1.104679E-16   1.200000E+02   9.205810E+00
  2.715000000000E+00   2.548128E-12   2.747469E-12   7.597025E+01   8.471781E-31  -4.193327E-30  -1.159497E-16   1.200000E+02   9.205810E+00
  2.720000000000E+00   2.562840E-12   3.147482E-12   7.610074E+01   8.252720E-31  -5.180174E-30  -1.252477E-16   1.200000E+02   9.205810E+00
  2.725000000000E+00   2.579696E-12   3.605671E-12   7.623121E+01   8.027319E-31  -3.792734E-30  -8.018609E-17   1.200000E+02   9.205810E+00
  2.730000000000E+00   2.598999E-12   4.127698E-12   7.636101E+01   8.025233E-31   4.196987E-30   7.764282E-17   1.200000E+02   9.205810E+00
  2.735000000000E+00   2.621083E-12   4.718781E-12   7.648949E+01   8.552482E-31   1.784644E-29   2.892834E-16   1.200000E+02   9.205810E+00
  2.740000000000E+00   2.646306E-12   5.383916E-12   7.661608E+01   9.854218E-31   3.205056E-29   4.560970E-16   1.200000E+02   9.205810E+00
  2.745000000000E+00   2.675048E-12   6.126988E-12   7.674020E+01   1.168918E-30   4.331725E-29   5.425462E-16   1.200000E+02   9.205810E+00
  2.750000000000E+00   2.707705E-12   6.950551E-12   7.686127E+01   1.411401E-30   5.226358E-29   5.779462E-16   1.200000E+02   9.205810E+00
  2.755000000000E+00   2.744685E-12   7.856604E-12   7.697890E+01   1.661740E-30   4.532445E-29   4.440883E-16   1.200000E+02   9.205810E+00
  2.760000000000E+00   2.786403E-12   8.845480E-12   7.709271E+01   1.850999E-30   2.559465E-29   2.230699E-16   1.200000E+02   9.205810E+00
  2.765000000000E+00   2.833271E-12   9.916401E-12   7.720242E+01   1.876459E-30  -1.726404E-29  -1.344062E-16   1.200000E+02   9.205810E+00
  2.770000000000E+00   2.885695E-12   1.106737E-11   7.730784E+01   1.670628E-30  -6.962160E-29  -4.863211E-16   1.200000E+02   9.205810E+00
  2.775000000000E+00   2.944069E-12   1.229605E-11   7.740891E+01   1.193988E-30  -1.231309E-28  -7.751614E-16   1.200000E+02   9.205810E+00
  2.780000000000E+00   3.008775E-12   1.359934E-11   7.750562E+01   4.892040E-31  -1.653141E-28  -9.421612E-16   1.200000E+02   9.205810E+00
  2.785000000000E+00   3.080178E-12   1.497480E-11   7.759811E+01  -4.232061E-31  -1.955944E-28  -1.013553E-15   1.200000E+02   9.205810E+00
  2.790000000000E+00   3.158636E-12   1.642109E-11   7.768662E+01  -1.415032E-30  -1.983831E-28  -9.385319E-16   1.200000E+02   9.205810E+00
  2.795000000000E+00   3.244502E-12   1.793821E-11   7.777146E+01  -2.349671E-30  -1.655992E-28  -7.179585E-16   1.200000E+02   9.205810E+00
  2.800000000000E+00   3.338137E-12   1.952927E-11   7.785304E+01  -3.018964E-30  -1.075293E-28  -4.286634E-16   1.200000E+02   9.205810E+00
  2.805000000000E+00   3.439923E-12   2.120026E-11   7.793185E+01  -3.272128E-30   4.098969E-30   1.506775E-17   1.200000E+02   9.205810E+00
  2.810000000000E+00   3.550283E-12   2.296074E-11   7.800843E+01  -3.031297E-30   9.124209E-29   3.099922E-16   1.200000E+02   9.205810E+00
  2.815000000000E+00   3.669698E-12   2.482536E-11   7.808339E+01  -2.478021E-30   1.184324E-28   3.725061E-16   1.200000E+02   9.205810E+00
  2.820000000000E+00   3.798733E-12   2.681300E-11   7.815733E+01  -1.865152E-30   1.119424E-28   3.263013E-16   1.200000E+02   9.205810E+00
  2.825000000000E+00   3.938063E-12   2.894784E-11   7.823088E+01  -1.368975E-30   7.817196E-29   2.112579E-16   1.200000E+02   9.205810E+00
  2.830000000000E+00   4.088494E-12   3.125944E-11   7.830463E+01  -1.200886E-30  -3.042295E-30  -7.620924E-18   1.200000E+02   9.205810E+00
  2.835000000000E+00   4.250996E-12   3.378309E-11   7.837916E+01  -1.530620E-30  -1.162364E-28  -2.696767E-16   1.200000E+02   9.205810E+00
  2.840000000000E+00   4.426729E-12   3.655942E-11   7.845498E+01  -2.287431E-30  -2.001130E-28  -4.294340E-16   1.200000E+02   9.205810E+00
  2.845000000000E+00   4.617068E-12   3.963474E-11   7.853252E+01  -3.400914E-30  -2.602694E-28  -5.156994E-16   1.200000E+02   9.205810E+00
  2.850000000000E+00   4.823638E-12   4.306144E-11   7.861212E+01  -4.702043E-30  -2.685640E-28  -4.902851E-16   1.200000E+02   9.205810E+00
  2.855000000000E+00   5.048337E-12   4.689726E-11   7.869404E+01  -5.852821E-30  -1.900226E-28  -3.188598E-16   1.200000E+02   9.205810E+00
  2.860000000000E+00   5.293367E-12   5.120560E-11   7.877841E+01  -6.286593E-30   1.782670E-29   2.742589E-17   1.200000E+02   9.205810E+00
  2.865000000000E+00   5.561258E-12   5.605483E-11   7.886528E+01  -5.717254E-30   1.991539E-28   2.801958E-16   1.200000E+02   9.205810E+00
  2.870000000000E+00   5.854898E-12   6.151868E-11   7.895457E+01  -4.083236E-30   4.760930E-28   6.110293E-16   1.200000E+02   9.205810E+00
  2.875000000000E+00   6.177551E-12   6.767431E-11   7.904612E+01  -1.221196E-30   6.559509E-28   7.661752E-16   1.200000E+02   9.205810E+00
  2.880000000000E+00   6.532877E-12   7.460277E-11   7.913969E+01   2.377444E-30   7.078540E-28   7.509017E-16   1.200000E+02   9.205810E+00
  2.885000000000E+00   6.924946E-12   8.238610E-11   7.923496E+01   6.160482E-30   7.092160E-28   6.820896E-16   1.200000E+02   9.205810E+00
  2.890000000000E+00   7.358238E-12   9.110657E-11   7.933155E+01   9.463250E-30   5.402884E-28   4.704592E-16   1.200000E+02   9.205810E+00
  2.895000000000E+00   7.837640E-12   1.008449E-10   7.942904E+01   1.192726E-29   5.189476E-28   4.087417E-16   1.200000E+02   9.205810E+00
  2.900000000000E+00   8.368440E-12   1.116787E-10   7.952700E+01   1.417940E-29   4.606139E-28   3.280057E-16   1.200000E+02   9.205810E+00
  2.905000000000E+00   8.956298E-12   1.236816E-10   7.962500E+01   1.645024E-29   4.345849E-28   2.797815E-16   1.200000E+02   9.205810E+00
  2.910000000000E+00   9.607240E-12   1.369248E-10   7.972265E+01   1.994983E-29   9.732494E-28   5.666616E-16   1.200000E+02   9.205810E+00
  2.915000000000E+00   1.032765E-11   1.514806E-10   7.981964E+01   2.654865E-29   1.708850E-27   9.004439E-16   1.200000E+02   9.205810E+00
  2.920000000000E+00   1.112427E-11   1.674294E-10   7.991574E+01   3.834040E-29   3.167514E-27   1.511886E-15   1.200000E+02   9.205810E+00
  2.925000000000E+00   1.200433E-11   1.848709E-10   8.001087E+01   5.804692E-29   4.752841E-27   2.056997E-15   1.200000E+02   9.205810E+00
  2.930000000000E+00   1.297558E-11   2.039396E-10   8.010511E+01   8.693844E-29   6.662152E-27   2.616816E-15   1.200000E+02   9.205810E+00
  2.935000000000E+00   1.404662E-11   2.248239E-10   8.019870E+01   1.249139E-28   8.430822E-27   3.007424E-15   1.200000E+02   9.205810E+00
  2.940000000000E+00   1.522714E-11   2.477878E-10   8.029207E+01   1.707595E-28   1.000800E-26   3.242950E-15   1.200000E+02   9.205810E+00
  2.945000000000E+00   1.652840E-11   2.731956E-10   8.038578E+01   2.239355E-28   1.146779E-26   3.374313E-15   1.200000E+02   9.205810E+00
  2.950000000000E+00   1.796378E-11   3.015369E-10   8.048054E+01   2.859644E-28   1.352527E-26   3.609910E-15   1.200000E+02   9.205810E+00
  2.955000000000E+00   1.954948E-11   3.334545E-10   8.057713E+01   3.595386E-28   1.571072E-26   3.796394E-15   1.200000E+02   9.205810E+00
  2.960000000000E+00   2.130536E-11   3.697735E-10   8.067638E+01   4.435671E-28   1.836026E-26   4.005802E-15   1.200000E+02   9.205810E+00
  2.965000000000E+00   2.325592E-11   4.115394E-10   8.077911E+01   5.442225E-28   2.201656E-26   4.321526E-15   1.200000E+02   9.205810E+00
  2.970000000000E+00   2.543155E-11   4.600644E-10   8.088611E+01   6.618431E-28   2.491792E-26   4.380938E-15   1.200000E+02   9.205810E+00
  2.975000000000E+00   2.786999E-11   5.169951E-10   8.099811E+01   7.936643E-28   2.769636E-26   4.339215E-15   1.200000E+02   9.205810E+00
  2.980000000000E+00   3.061823E-11   5.844037E-10   8.111577E+01   9.409854E-28   3.100876E-26   4.304044E-15   1.200000E+02   9.205810E+00
  2.985000000000E+00   3.373495E-11   6.649182E-10   8.123968E+01   1.104324E-27   3.419074E-26   4.177423E-15   1.200000E+02   9.205810E+00
  2.990000000000E+00   3.729370E-11   7.619002E-10   8.137038E+01   1.274782E-27   3.397513E-26   3.628519E-15   1.200000E+02   9.205810E+00
  2.995000000000E+00   4.138716E-11   8.796855E-10   8.150838E+01   1.437222E-27   3.060544E-26   2.835786E-15   1.200000E+02   9.205810E+00
  3.000000000000E+00   4.613274E-11   1.023900E-09   8.165412E+01   1.580392E-27   2.614782E-26   2.085241E-15   1.200000E+02   9.205810E+00
  3.005000000000E+00   5.168002E-11   1.201861E-09   8.180796E+01   1.696505E-27   1.934509E-26   1.316776E-15   1.200000E+02   9.205810E+00
  3.010000000000E+00   5.822041E-11   1.423090E-09   8.197016E+01   1.780008E-27   1.365934E-26   7.867799E-16   1.200000E+02   9.205810E+00
  3.015000000000E+00   6.599966E-11   1.699919E-09   8.214080E+01   1.853873E-27   1.640368E-26   7.926331E-16   1.200000E+02   9.205810E+00
  3.020000000000E+00   7.533371E-11   2.048238E-09   8.231975E+01   1.955855E-27   2.743921E-26   1.102796E-15   1.200000E+02   9.205810E+00
  3.025000000000E+00   8.662862E-11   2.488376E-09   8.250661E+01   2.146781E-27   5.106752E-26   1.693236E-15   1.200000E+02   9.205810E+00
  3.030000000000E+00   1.004053E-10   3.046162E-09   8.270077E+01   2.495992E-27   9.894681E-26   2.686324E-15   1.200000E+02   9.205810E+00
  3.035000000000E+00   1.173303E-10   3.754291E-09   8.290143E+01   3.142860E-27   1.565345E-25   3.456561E-15   1.200000E+02   9.205810E+00
  3.040000000000E+00   1.382544E-10   4.654201E-09   8.310770E+01   4.092817E-27   2.291141E-25   4.091174E-15   1.200000E+02   9.205810E+00
  3.045000000000E+00   1.642630E-10   5.798905E-09   8.331881E+01   5.431746E-27   3.038095E-25   4.365142E-15   1.200000E+02   9.205810E+00
  3.050000000000E+00   1.967443E-10   7.257505E-09   8.353420E+01   7.083827E-27   3.457830E-25   3.979978E-15   1.200000E+02   9.205810E+00
  3.055000000000E+00   2.374863E-10   9.122563E-09   8.375377E+01   8.797580E-27   3.270286E-25   3.002432E-15   1.200000E+02   9.205810E+00
  3.060000000000E+00   2.888219E-10   1.152215E-08   8.397795E+01   1.027258E-26   2.161219E-25   1.575180E-15   1.200000E+02   9.205810E+00
  3.065000000000E+00   3.538511E-10   1.463951E-08   8.420782E+01   1.054455E-26  -8.734126E-26  -5.023949E-16   1.200000E+02   9.205810E+00
  3.070000000000E+00   4.367898E-10   1.874503E-08   8.444514E+01   9.198254E-27  -5.004582E-25  -2.254531E-15   1.200000E+02   9.205810E+00
  3.075000000000E+00   5.435249E-10   2.424857E-08   8.469227E+01   5.224655E-27  -1.162592E-24  -4.060551E-15   1.200000E+02   9.205810E+00
  3.080000000000E+00   6.825080E-10   3.178611E-08   8.495211E+01  -2.473799E-27  -1.908059E-24  -5.099512E-15   1.200000E+02   9.205810E+00
  3.085000000000E+00   8.662175E-10   4.236636E-08   8.522795E+01  -1.383650E-26  -2.683171E-24  -5.397707E-15   1.200000E+02   9.205810E+00
  3.090000000000E+00   1.113594E-09   5.762525E-08   8.552325E+01  -2.887745E-26  -3.241984E-24  -4.811519E-15   1.200000E+02   9.205810E+00
  3.095000000000E+00   1.454194E-09   8.028146E-08   8.584156E+01  -4.617454E-26  -3.539975E-24  -3.785145E-15   1.200000E+02   9.205810E+00
  3.100000000000E+00   1.935468E-09   1.149771E-07   8.618639E+01  -6.494193E-26  -3.868576E-24  -2.899869E-15   1.200000E+02   9.205810E+00
  3.105000000000E+00   2.635914E-09   1.698822E-07   8.656115E+01  -8.073541E-26  -2.616524E-24  -1.333214E-15   1.200000E+02   9.205810E+00
  3.110000000000E+00   3.689676E-09   2.598791E-07   8.696925E+01  -9.216928E-26  -2.131039E-24  -7.131579E-16   1.200000E+02   9.205810E+00
  3.115000000000E+00   5.334467E-09   4.132199E-07   8.741447E+01  -9.990194E-26  -7.028909E-25  -1.486928E-16   1.200000E+02   9.205810E+00
  3.120000000000E+00   8.010084E-09   6.864049E-07   8.790165E+01  -1.034789E-25  -2.355242E-25  -3.016146E-17   1.200000E+02   9.205810E+00
  3.125000000000E+00   1.257418E-08   1.199630E-06   8.843762E+01  -1.068393E-25  -6.468035E-24  -4.768283E-16   1.200000E+02   9.205810E+00
  3.130000000000E+00   2.080642E-08   2.226154E-06   8.903115E+01  -1.292879E-25  -2.384536E-24  -9.536535E-17   1.200000E+02   9.205810E+00
  3.135000000000E+00   3.666544E-08   4.432237E-06   8.969224E+01  -1.135483E-25   3.400250E-23   6.880860E-16   1.200000E+02   9.205809E+00
  3.140000000000E+00   6.964817E-08   9.567934E-06   9.043097E+01   1.944128E-25   1.282545E-22   1.212192E-15   1.200000E+02   9.205809E+00
  3.145000000000E+00   1.444611E-07   2.260715E-05   9.125642E+01   2.174667E-24   7.880636E-22   3.181111E-15   1.200000E+02   9.205807E+00
  3.150000000000E+00   3.311128E-07   5.889327E-05   9.217556E+01   1.069690E-23   3.424115E-21   5.359182E-15   1.200000E+02   9.205803E+00
  3.155000000000E+00   8.462126E-07   1.698175E-04   9.319216E+01   4.423378E-23   1.140142E-20   6.256855E-15   1.200000E+02   9.205792E+00
  3.160000000000E+00   2.420362E-06   5.411605E-04   9.430468E+01   1.646765E-22   4.280906E-20   7.460070E-15   1.200000E+02   9.205758E+00
  3.165000000000E+00   7.706847E-06   1.879820E-03   9.549971E+01   5.936547E-22   1.409756E-19   7.161924E-15   1.200000E+02   9.205643E+00
  3.170000000000E+00   2.662767E-05   6.792728E-03   9.673164E+01   2.034845E-21   4.922051E-19   7.009231E-15   1.200000E+02   9.205232E+00
  3.175000000000E+00   9.320732E-05   2.300318E-02   9.789783E+01   6.948808E-21   1.393321E-18   5.929752E-15   1.200000E+02   9.203786E+00
  3.180000000000E+00   2.983535E-04   6.538045E-02   9.888587E+01   1.981134E-20   4.060464E-18   6.141323E-15   1.200000E+02   9.199332E+00
  3.185000000000E+00   8.171771E-04   1.514428E-01   9.965490E+01   5.038893E-20   6.859994E-18   4.514128E-15   1.200000E+02   9.188065E+00
  3.190000000000E+00   1.905027E-03   2.949004E-01   1.002163E+02   1.032142E-19   1.240265E-17   4.214807E-15   1.200000E+02   9.164443E+00
  3.195000000000E+00   3.869935E-03   5.029529E-01   1.005874E+02   1.648809E-19   1.550573E-17   3.101046E-15   1.200000E+02   9.121776E+00
  3.200000000000E+00   7.039307E-03   7.762549E-01   1.007758E+02   2.227522E-19   1.877553E-18   2.437497E-16   1.200000E+02   9.052954E+00
  3.205000000000E+00   1.172900E-02   1.109700E+00   1.007812E+02   3.011756E-19   2.976695E-17   2.703388E-15   1.200000E+02   8.951118E+00
  3.210000000000E+00   1.821691E-02   1.493381E+00   1.005992E+02   4.697901E-19   2.597020E-17   1.749440E-15   1.200000E+02   8.810235E+00
  3.215000000000E+00   2.672146E-02   1.913609E+00   1.002249E+02   6.613639E-19   5.464044E-17   2.861781E-15   1.200000E+02   8.625561E+00
  3.220000000000E+00   3.738531E-02   2.353967E+00   9.965590E+01   8.984915E-19   3.299481E-17   1.396845E-15   1.200000E+02   8.393998E+00
  3.225000000000E+00   5.026449E-02   2.796406E+00   9.889394E+01   8.487338E-19  -4.302053E-17  -1.521407E-15   1.200000E+02   8.114331E+00
  3.230000000000E+00   6.532297E-02   3.222369E+00   9.794584E+01   4.103685E-19  -1.323359E-16  -4.022428E-15   1.200000E+02   7.787340E+00
  3.235000000000E+00   8.243303E-02   3.613930E+00   9.682401E+01  -8.608051E-19  -3.737984E-16  -1.001477E-14   1.200000E+02   7.415800E+00
  3.240000000000E+00   1.013812E-01   3.954916E+00   9.554630E+01  -2.902913E-18  -4.730779E-16  -1.142903E-14   1.200000E+02   7.004346E+00
  3.245000000000E+00   1.218797E-01   4.232002E+00   9.413541E+01  -5.956073E-18  -6.905669E-16  -1.536077E-14   1.200000E+02   6.559226E+00
  3.250000000000E+00   1.435835E-01   4.435681E+00   9.261786E+01  -9.511263E-18  -8.219902E-16  -1.716331E-14   1.200000E+02   6.087935E+00
  3.255000000000E+00   1.661108E-01   4.560999E+00   9.102264E+01  -1.359974E-17  -8.058934E-16  -1.608300E-14   1.200000E+02   5.598759E+00
  3.260000000000E+00   1.890677E-01   4.607941E+00   8.937957E+01  -1.762906E-17  -7.587003E-16  -1.471640E-14   1.200000E+02   5.100256E+00
  3.265000000000E+00   2.120725E-01   4.581432E+00   8.771769E+01  -2.109807E-17  -6.021451E-16  -1.152888E-14   1.200000E+02   4.600715E+00
  3.270000000000E+00   2.347794E-01   4.490926E+00   8.606364E+01  -2.371037E-17  -3.431345E-16  -6.575794E-15   1.200000E+02   4.107639E+00
  3.275000000000E+00   2.569003E-01   4.349629E+00   8.444025E+01  -2.465768E-17  -4.811767E-17  -9.341185E-16   1.200000E+02   3.627292E+00
  3.280000000000E+00   2.782198E-01   4.173409E+00   8.286555E+01  -2.419165E-17   2.906377E-16   5.770787E-15   1.200000E+02   3.164346E+00
  3.285000000000E+00   2.986061E-01   3.979505E+00   8.135207E+01  -2.200874E-17   4.960922E-16   1.014149E-14   1.200000E+02   2.721666E+00
  3.290000000000E+00   3.180141E-01   3.785129E+00   7.990663E+01  -1.957721E-17   4.795828E-16   1.012432E-14   1.200000E+02   2.300232E+00
  3.295000000000E+00   3.364821E-01   3.606093E+00   7.853049E+01  -1.707016E-17   5.288882E-16   1.151768E-14   1.200000E+02   1.899224E+00
  3.300000000000E+00   3.541209E-01   3.455563E+00   7.721970E+01  -1.489249E-17   3.225438E-16   7.207720E-15   1.200000E+02   1.516245E+00
  3.305000000000E+00   3.710989E-01   3.343107E+00   7.596587E+01  -1.349474E-17   2.822335E-16   6.413229E-15   1.200000E+02   1.147678E+00
  3.310000000000E+00   3.876219E-01   3.274180E+00   7.475701E+01  -1.270963E-17   8.507175E-17   1.942383E-15   1.200000E+02   7.891258E-01
  3.315000000000E+00   4.039127E-01   3.250098E+00   7.357880E+01  -1.270543E-17  -4.744070E-17  -1.074008E-15   1.200000E+02   4.359211E-01
  3.320000000000E+00   4.201909E-01   3.268417E+00   7.241623E+01  -1.340050E-17  -1.520767E-16  -3.369465E-15   1.200000E+02   8.367030E-02
  3.325000000000E+00   4.366559E-01   3.323549E+00   7.125599E+01  -1.395417E-17  -3.017474E-17  -6.469382E-16   1.200000E+02  -2.710942E-01
  3.330000000000E+00   4.534725E-01   3.407437E+00   7.009001E+01  -1.368225E-17   1.194444E-16   2.456938E-15   1.200000E+02  -6.299636E-01
  3.335000000000E+00   4.707603E-01   3.510039E+00   6.892166E+01  -1.257729E-17   2.749186E-16   5.398187E-15   1.200000E+02  -9.909181E-01
  3.340000000000E+00   4.885837E-01   3.619248E+00   6.777707E+01  -1.052347E-17   5.240944E-16   9.814632E-15   1.200000E+02  -1.344990E+00
  3.345000000000E+00   5.069393E-01   3.719830E+00   6.672126E+01  -7.423686E-18   7.690681E-16   1.379450E-14   1.200000E+02  -1.671351E+00
  3.350000000000E+00   5.257363E-01   3.791643E+00   6.585913E+01  -2.745458E-18   1.027377E-15   1.784507E-14   1.200000E+02  -1.936901E+00
  3.355000000000E+00   5.447702E-01   3.810074E+00   6.527611E+01   2.609681E-18   1.065749E-15   1.825894E-14   1.200000E+02  -2.114141E+00
  3.360000000000E+00   5.637150E-01   3.752720E+00   6.495556E+01   7.465579E-18   8.282587E-16   1.433627E-14   1.200000E+02  -2.206423E+00
  3.365000000000E+00   5.821573E-01   3.608366E+00   6.480490E+01   1.129702E-17   6.641744E-16   1.192832E-14   1.200000E+02  -2.240505E+00
  3.370000000000E+00   5.996635E-01   3.379994E+00   6.474075E+01   1.377763E-17   3.370770E-16   6.456407E-15   1.200000E+02  -2.240923E+00
  3.375000000000E+00   6.158457E-01   3.082216E+00   6.471670E+01   1.481233E-17   3.744255E-17   7.861740E-16   1.200000E+02  -2.221473E+00
  3.380000000000E+00   6.304104E-01   2.737566E+00   6.471129E+01   1.408996E-17  -3.151192E-16  -7.448868E-15   1.200000E+02  -2.188772E+00
  3.385000000000E+00   6.431898E-01   2.373231E+00   6.471487E+01   1.170429E-17  -6.484280E-16  -1.768177E-14   1.200000E+02  -2.146345E+00
  3.390000000000E+00   6.541576E-01   2.018131E+00   6.472349E+01   7.752903E-18  -8.505645E-16  -2.727846E-14   1.200000E+02  -2.096816E+00
  3.395000000000E+00   6.634307E-01   1.700110E+00   6.473765E+01   3.188252E-18  -9.632393E-16  -3.667871E-14   1.200000E+02  -2.042899E+00
  3.400000000000E+00   6.712568E-01   1.443207E+00   6.476305E+01  -1.211991E-18  -7.257509E-16  -3.256764E-14   1.200000E+02  -1.987806E+00
  3.405000000000E+00   6.779894E-01   1.265185E+00   6.481066E+01  -4.248577E-18  -4.874353E-16  -2.496948E-14   1.200000E+02  -1.935331E+00
  3.410000000000E+00   6.840510E-01   1.175777E+00   6.489170E+01  -5.799697E-18  -1.706305E-16  -9.417180E-15   1.200000E+02  -1.889670E+00
  3.415000000000E+00   6.898915E-01   1.176241E+00   6.500700E+01  -5.699434E-18   2.278329E-16   1.259157E-14   1.200000E+02  -1.855010E+00
  3.420000000000E+00   6.959476E-01   1.260335E+00   6.513966E+01  -3.691940E-18   5.953310E-16   3.076933E-14   1.200000E+02  -1.834994E+00
  3.425000000000E+00   7.026095E-01   1.415930E+00   6.526092E+01  -1.380860E-19   8.135190E-16   3.749550E-14   1.200000E+02  -1.832125E+00
  3.430000000000E+00   7.101949E-01   1.626384E+00   6.534396E+01   4.512105E-18   1.013705E-15   4.072807E-14   1.200000E+02  -1.847202E+00
  3.435000000000E+00   7.189290E-01   1.871537E+00   6.537383E+01   9.574775E-18   1.017731E-15   3.554992E-14   1.200000E+02  -1.878844E+00
  3.440000000000E+00   7.289296E-01   2.128731E+00   6.534999E+01   1.454585E-17   9.501372E-16   2.916830E-14   1.200000E+02  -1.923315E+00
  3.445000000000E+00   7.401974E-01   2.374144E+00   6.528385E+01   1.869889E-17   6.876142E-16   1.890791E-14   1.200000E+02  -1.974854E+00
  3.450000000000E+00   7.526148E-01   2.584516E+00   6.519356E+01   2.075038E-17   1.461043E-16   3.685432E-15   1.200000E+02  -2.026667E+00
  3.455000000000E+00   7.659532E-01   2.739178E+00   6.509780E+01   1.957410E-17  -5.713347E-16  -1.357803E-14   1.200000E+02  -2.072374E+00
  3.460000000000E+00   7.798914E-01   2.822135E+00   6.501074E+01   1.514408E-17  -1.126871E-15  -2.595863E-14   1.200000E+02  -2.107270E+00
  3.465000000000E+00   7.940440E-01   2.823827E+00   6.493985E+01   8.805986E-18  -1.397094E-15  -3.212912E-14   1.200000E+02  -2.128823E+00
  3.470000000000E+00   8.079959E-01   2.742209E+00   6.488677E+01   1.619641E-18  -1.428272E-15  -3.379610E-14   1.200000E+02  -2.136341E+00
  3.475000000000E+00   8.213415E-01   2.582987E+00   6.484948E+01  -5.587271E-18  -1.399224E-15  -3.512946E-14   1.200000E+02  -2.130266E+00
  3.480000000000E+00   8.337219E-01   2.359030E+00   6.482430E+01  -1.184236E-17  -1.028485E-15  -2.826198E-14   1.200000E+02  -2.111601E+00
  3.485000000000E+00   8.448579E-01   2.089077E+00   6.480703E+01  -1.582302E-17  -6.142837E-16  -1.905622E-14   1.200000E+02  -2.081624E+00
  3.490000000000E+00   8.545754E-01   1.795922E+00   6.479373E+01  -1.800904E-17  -2.566190E-16  -9.258367E-15   1.200000E+02  -2.041860E+00
  3.495000000000E+00   8.628196E-01   1.504257E+00   6.478170E+01  -1.859188E-17   3.241955E-17   1.396167E-15   1.200000E+02  -1.994178E+00
  3.500000000000E+00   8.696593E-01   1.238332E+00   6.477147E+01  -1.791542E-17   2.167501E-16   1.133720E-14   1.200000E+02  -1.940940E+00
  3.505000000000E+00   8.752786E-01   1.019519E+00   6.476995E+01  -1.683998E-17   2.152443E-16   1.367445E-14   1.200000E+02  -1.885103E+00
  3.510000000000E+00   8.799561E-01   8.639520E-01   6.479300E+01  -1.559546E-17   3.088318E-16   2.316117E-14   1.200000E+02  -1.830214E+00
  3.515000000000E+00   8.840343E-01   7.806829E-01   6.486147E+01  -1.398213E-17   3.294888E-16   2.737492E-14   1.200000E+02  -1.780220E+00
  3.520000000000E+00   8.878815E-01   7.712275E-01   6.498607E+01  -1.230540E-17   3.890322E-16   3.278108E-14   1.200000E+02  -1.739114E+00
  3.525000000000E+00   8.918575E-01   8.309485E-01   6.515252E+01  -1.029510E-17   4.286444E-16   3.360890E-14   1.200000E+02  -1.710506E+00
  3.530000000000E+00   8.962880E-01   9.512188E-01   6.532629E+01  -7.722516E-18   5.964336E-16   4.096091E-14   1.200000E+02  -1.697238E+00
  3.535000000000E+00   9.014487E-01   1.120822E+00   6.547121E+01  -4.219440E-18   8.065930E-16   4.711599E-14   1.200000E+02  -1.701035E+00
  3.540000000000E+00   9.075538E-01   1.326354E+00   6.556280E+01   3.354636E-19   9.726020E-16   4.807652E-14   1.200000E+02  -1.722161E+00
  3.545000000000E+00   9.147451E-01   1.552335E+00   6.559140E+01   5.342031E-18   1.102723E-15   4.659378E-14   1.200000E+02  -1.759086E+00
  3.550000000000E+00   9.230824E-01   1.781553E+00   6.556037E+01   1.082154E-17   1.084381E-15   3.990477E-14   1.200000E+02  -1.808320E+00
  3.555000000000E+00   9.325367E-01   1.995833E+00   6.548282E+01   1.588545E-17   7.267466E-16   2.384438E-14   1.200000E+02  -1.864591E+00
  3.560000000000E+00   9.429880E-01   2.177217E+00   6.537747E+01   1.822266E-17   2.744332E-16   8.240681E-15   1.200000E+02  -1.921550E+00
  3.565000000000E+00   9.542301E-01   2.309486E+00   6.526376E+01   1.859272E-17  -1.710997E-16  -4.835106E-15   1.200000E+02  -1.972920E+00
  3.570000000000E+00   9.659836E-01   2.379895E+00   6.515734E+01   1.615225E-17  -8.267895E-16  -2.263604E-14   1.200000E+02  -2.013710E+00
  3.575000000000E+00   9.779174E-01   2.380800E+00   6.506746E+01   1.080619E-17  -1.250508E-15  -3.417648E-14   1.200000E+02  -2.040927E+00
  3.580000000000E+00   9.896777E-01   2.310811E+00   6.499703E+01   3.597985E-18  -1.522243E-15  -4.281667E-14   1.200000E+02  -2.053530E+00
  3.585000000000E+00   1.000920E+00   2.175213E+00   6.494447E+01  -4.221211E-18  -1.484567E-15  -4.432414E-14   1.200000E+02  -2.051872E+00
  3.590000000000E+00   1.011343E+00   1.985554E+00   6.490591E+01  -1.120167E-17  -1.276824E-15  -4.173817E-14   1.200000E+02  -2.037088E+00
  3.595000000000E+00   1.020716E+00   1.758518E+00   6.487679E+01  -1.699320E-17  -1.059859E-15  -3.910125E-14   1.200000E+02  -2.010715E+00
  3.600000000000E+00   1.028900E+00   1.514194E+00   6.485304E+01  -2.222105E-17  -1.017077E-15  -4.356149E-14   1.200000E+02  -1.974568E+00
  3.605000000000E+00   1.035864E+00   1.273973E+00   6.483242E+01  -2.690029E-17  -7.450960E-16  -3.791788E-14   1.200000E+02  -1.930773E+00
  3.610000000000E+00   1.041680E+00   1.058251E+00   6.481652E+01  -2.927691E-17  -1.914296E-16  -1.172482E-14   1.200000E+02  -1.881853E+00
  3.615000000000E+00   1.046514E+00   8.841229E-01   6.481334E+01  -2.969862E-17  -5.207925E-17  -3.817829E-15   1.200000E+02  -1.830762E+00
  3.620000000000E+00   1.050607E+00   7.633740E-01   6.483800E+01  -2.988315E-17   1.181400E-17   1.003435E-15   1.200000E+02  -1.780806E+00
  3.625000000000E+00   1.054242E+00   7.012687E-01   6.490702E+01  -2.958524E-17   8.514687E-17   7.880901E-15   1.200000E+02  -1.735424E+00
  3.630000000000E+00   1.057712E+00   6.967947E-01   6.502542E+01  -2.875585E-17   2.467498E-16   2.302688E-14   1.200000E+02  -1.697862E+00
  3.635000000000E+00   1.061293E+00   7.443564E-01   6.517834E+01  -2.763006E-17   2.145543E-16   1.878709E-14   1.200000E+02  -1.670858E+00
  3.640000000000E+00   1.065226E+00   8.358430E-01   6.533753E+01  -2.640485E-17   3.145150E-16   2.458552E-14   1.200000E+02  -1.656410E+00
  3.645000000000E+00   1.069707E+00   9.619869E-01   6.547509E+01  -2.423048E-17   4.649776E-16   3.164747E-14   1.200000E+02  -1.655620E+00
  3.650000000000E+00   1.074885E+00   1.112920E+00   6.557205E+01  -2.147878E-17   6.416395E-16   3.780470E-14   1.200000E+02  -1.668572E+00
  3.655000000000E+00   1.080859E+00   1.278376E+00   6.562002E+01  -1.810790E-17   6.964973E-16   3.575174E-14   1.200000E+02  -1.694234E+00
  3.660000000000E+00   1.087675E+00   1.447850E+00   6.561953E+01  -1.444356E-17   7.186965E-16   3.257281E-14   1.200000E+02  -1.730426E+00
  3.665000000000E+00   1.095327E+00   1.610822E+00   6.557771E+01  -1.098303E-17   5.883890E-16   2.395373E-14   1.200000E+02  -1.773922E+00
  3.670000000000E+00   1.103757E+00   1.757066E+00   6.550589E+01  -7.701738E-18   6.648642E-16   2.478707E-14   1.200000E+02  -1.820742E+00
  3.675000000000E+00   1.112856E+00   1.877056E+00   6.541712E+01  -4.663707E-18   5.605743E-16   1.953653E-14   1.200000E+02  -1.866642E+00
  3.680000000000E+00   1.122472E+00   1.962502E+00   6.532371E+01  -2.015278E-18   5.132582E-16   1.708428E-14   1.200000E+02  -1.907701E+00
  3.685000000000E+00   1.132415E+00   2.006981E+00   6.523533E+01  -1.826374E-20   2.674802E-16   8.694232E-15   1.200000E+02  -1.940845E+00
  3.690000000000E+00   1.142470E+00   2.006591E+00   6.515797E+01   1.203437E-18   3.008124E-16   9.767974E-15   1.200000E+02  -1.964120E+00
  3.695000000000E+00   1.152408E+00   1.960486E+00   6.509407E+01   2.884799E-18   3.730981E-16   1.238799E-14   1.200000E+02  -1.976661E+00
  3.700000000000E+00   1.162005E+00   1.871198E+00   6.504337E+01   4.290403E-18   1.118065E-16   3.886428E-15   1.200000E+02  -1.978456E+00
  3.705000000000E+00   1.171060E+00   1.744667E+00   6.500400E+01   4.469067E-18   6.722462E-17   2.504701E-15   1.200000E+02  -1.970058E+00
  3.710000000000E+00   1.179407E+00   1.589958E+00   6.497345E+01   4.594395E-18   4.898586E-19   2.001802E-17   1.200000E+02  -1.952387E+00
  3.715000000000E+00   1.186933E+00   1.418645E+00   6.494941E+01   4.775794E-18  -2.990621E-17  -1.369187E-15   1.200000E+02  -1.926631E+00
  3.720000000000E+00   1.193588E+00   1.243887E+00   6.493059E+01   4.687402E-18  -5.859582E-17  -3.058688E-15   1.200000E+02  -1.894244E+00
  3.725000000000E+00   1.199388E+00   1.079210E+00   6.491782E+01   4.123685E-18  -1.629859E-16  -9.804106E-15   1.200000E+02  -1.856978E+00
  3.730000000000E+00   1.204416E+00   9.371188E-01   6.491517E+01   3.213152E-18  -1.708632E-16  -1.183587E-14   1.200000E+02  -1.816905E+00
  3.735000000000E+00   1.208812E+00   8.276765E-01   6.493032E+01   2.707801E-18  -7.662884E-17  -6.011449E-15   1.200000E+02  -1.776380E+00
  3.740000000000E+00   1.212756E+00   7.573647E-01   6.497257E+01   2.731221E-18   3.387483E-17   2.906043E-15   1.200000E+02  -1.737933E+00
  3.745000000000E+00   1.216452E+00   7.285830E-01   6.504765E+01   2.780953E-18   9.092973E-19   8.118176E-17   1.200000E+02  -1.704072E+00
  3.750000000000E+00   1.220106E+00   7.400014E-01   6.515212E+01   2.821804E-18  -5.411959E-18  -4.764864E-16   1.200000E+02  -1.677068E+00
  3.755000000000E+00   1.223910E+00   7.875393E-01   6.527260E+01   2.379410E-18  -2.026745E-16  -1.679801E-14   1.200000E+02  -1.658757E+00
  3.760000000000E+00   1.228030E+00   8.654338E-01   6.539089E+01   7.385146E-19  -3.923777E-16  -2.964747E-14   1.200000E+02  -1.650391E+00
  3.765000000000E+00   1.232602E+00   9.670203E-01   6.549032E+01  -1.206774E-18  -3.868638E-16  -2.619990E-14   1.200000E+02  -1.652537E+00
  3.770000000000E+00   1.237727E+00   1.085203E+00   6.555962E+01  -3.227175E-18  -3.856673E-16  -2.329906E-14   1.200000E+02  -1.665019E+00
  3.775000000000E+00   1.243469E+00   1.212737E+00   6.559377E+01  -4.475954E-18  -2.231948E-16  -1.207202E-14   1.200000E+02  -1.686890E+00
  3.780000000000E+00   1.249858E+00   1.342417E+00   6.559323E+01  -5.745016E-18  -2.308663E-16  -1.128060E-14   1.200000E+02  -1.716469E+00
  3.785000000000E+00   1.256885E+00   1.467191E+00   6.556259E+01  -6.503752E-18  -1.825021E-16  -8.155254E-15   1.200000E+02  -1.751441E+00
  3.790000000000E+00   1.264511E+00   1.580238E+00   6.550911E+01  -7.481111E-18  -9.934373E-17  -4.118316E-15   1.200000E+02  -1.789061E+00
  3.795000000000E+00   1.272659E+00   1.675046E+00   6.544119E+01  -7.167220E-18   2.120253E-16   8.283465E-15   1.200000E+02  -1.826415E+00
  3.800000000000E+00   1.281222E+00   1.745554E+00   6.536699E+01  -5.583361E-18   3.953761E-16   1.480593E-14   1.200000E+02  -1.860730E+00
  3.805000000000E+00   1.290067E+00   1.786413E+00   6.529335E+01  -3.007417E-18   4.610167E-16   1.685015E-14   1.200000E+02  -1.889639E+00
  3.810000000000E+00   1.299032E+00   1.793390E+00   6.522508E+01  -5.977713E-19   5.472498E-16   1.990332E-14   1.200000E+02  -1.911358E+00
  3.815000000000E+00   1.307942E+00   1.763889E+00   6.516483E+01   1.740874E-18   4.454327E-16   1.645600E-14   1.200000E+02  -1.924726E+00
  3.820000000000E+00   1.316612E+00   1.697517E+00   6.511333E+01   4.075515E-18   4.932991E-16   1.892196E-14   1.200000E+02  -1.929154E+00
  3.825000000000E+00   1.324862E+00   1.596597E+00   6.506987E+01   6.088747E-18   3.594220E-16   1.464837E-14   1.200000E+02  -1.924515E+00
  3.830000000000E+00   1.332531E+00   1.466495E+00   6.503286E+01   7.267227E-18   1.716792E-16   7.613249E-15   1.200000E+02  -1.911067E+00
  3.835000000000E+00   1.339493E+00   1.315632E+00   6.500043E+01   7.989095E-18   1.200633E-16   5.931877E-15   1.200000E+02  -1.889416E+00
  3.840000000000E+00   1.345672E+00   1.155071E+00   6.497125E+01   8.646919E-18   1.245771E-16   7.007300E-15   1.200000E+02  -1.860534E+00
  3.845000000000E+00   1.351049E+00   9.976260E-01   6.494572E+01   9.144699E-18   1.162630E-16   7.568751E-15   1.200000E+02  -1.825806E+00
  3.850000000000E+00   1.355674E+00   8.564911E-01   6.492772E+01   9.887698E-18   9.240993E-17   7.005286E-15   1.200000E+02  -1.787073E+00
  3.855000000000E+00   1.359659E+00   7.435447E-01   6.492608E+01   9.796712E-18  -9.541599E-17  -8.331692E-15   1.200000E+02  -1.746622E+00
  3.860000000000E+00   1.363169E+00   6.676296E-01   6.495379E+01   9.198376E-18  -1.129644E-16  -1.099032E-14   1.200000E+02  -1.707083E+00
  3.865000000000E+00   1.366402E+00   6.333664E-01   6.502212E+01   8.395696E-18  -1.996245E-16  -2.049368E-14   1.200000E+02  -1.671223E+00
  3.870000000000E+00   1.369570E+00   6.410208E-01   6.513160E+01   7.336558E-18  -2.861326E-16  -2.907281E-14   1.200000E+02  -1.641681E+00
  3.875000000000E+00   1.372875E+00   6.873833E-01   6.526817E+01   6.122963E-18  -2.704633E-16  -2.568093E-14   1.200000E+02  -1.620712E+00
  3.880000000000E+00   1.376497E+00   7.669613E-01   6.540888E+01   4.427867E-18  -4.050641E-16  -3.454514E-14   1.200000E+02  -1.609991E+00
  3.885000000000E+00   1.380587E+00   8.728625E-01   6.553146E+01   1.973701E-18  -5.805863E-16  -4.358839E-14   1.200000E+02  -1.610469E+00
  3.890000000000E+00   1.385255E+00   9.973152E-01   6.562031E+01  -9.452102E-19  -6.286730E-16  -4.136477E-14   1.200000E+02  -1.622265E+00
  3.895000000000E+00   1.390576E+00   1.132042E+00   6.566792E+01  -4.569559E-18  -7.684045E-16  -4.457389E-14   1.200000E+02  -1.644592E+00
  3.900000000000E+00   1.396579E+00   1.268620E+00   6.567393E+01  -8.214117E-18  -7.666135E-16  -3.968605E-14   1.200000E+02  -1.675758E+00
  3.905000000000E+00   1.403252E+00   1.398821E+00   6.564339E+01  -1.155911E-17  -5.799074E-16  -2.721370E-14   1.200000E+02  -1.713258E+00
  3.910000000000E+00   1.410544E+00   1.514893E+00   6.558484E+01  -1.359115E-17  -2.040969E-16  -8.836043E-15   1.200000E+02  -1.753996E+00
  3.915000000000E+00   1.418367E+00   1.609779E+00   6.550846E+01  -1.443304E-17  -1.133210E-17  -4.611491E-16   1.200000E+02  -1.794621E+00
  3.920000000000E+00   1.426598E+00   1.677296E+00   6.542423E+01  -1.285580E-17   6.250890E-16   2.438208E-14   1.200000E+02  -1.831917E+00
  3.925000000000E+00   1.435088E+00   1.712346E+00   6.534050E+01  -8.680726E-18   1.069887E-15   4.082522E-14   1.200000E+02  -1.863160E+00
  3.930000000000E+00   1.443664E+00   1.711212E+00   6.526300E+01  -2.388967E-18   1.408891E-15   5.373293E-14   1.200000E+02  -1.886342E+00
  3.935000000000E+00   1.452139E+00   1.671946E+00   6.519469E+01   4.685920E-18   1.413961E-15   5.513503E-14   1.200000E+02  -1.900222E+00
  3.940000000000E+00   1.460323E+00   1.594833E+00   6.513607E+01   1.177925E-17   1.251374E-15   5.110852E-14   1.200000E+02  -1.904231E+00
  3.945000000000E+00   1.468031E+00   1.482846E+00   6.508577E+01   1.661830E-17   6.996196E-16   3.070803E-14   1.200000E+02  -1.898320E+00
  3.950000000000E+00   1.475105E+00   1.341969E+00   6.504127E+01   1.885280E-17   2.675629E-16   1.296799E-14   1.200000E+02  -1.882839E+00
  3.955000000000E+00   1.481419E+00   1.181284E+00   6.499960E+01   1.866374E-17  -2.807352E-16  -1.544733E-14   1.200000E+02  -1.858480E+00
  3.960000000000E+00   1.486905E+00   1.012655E+00   6.495839E+01   1.680021E-17  -4.196889E-16  -2.692163E-14   1.200000E+02  -1.826313E+00
  3.965000000000E+00   1.491555E+00   8.498957E-01   6.491768E+01   1.451615E-17  -4.119717E-16  -3.146768E-14   1.200000E+02  -1.787862E+00
  3.970000000000E+00   1.495436E+00   7.073372E-01   6.488294E+01   1.293862E-17  -2.752849E-16  -2.525146E-14   1.200000E+02  -1.745179E+00
  3.975000000000E+00   1.498682E+00   5.978381E-01   6.486844E+01   1.193167E-17  -8.320691E-17  -9.028367E-15   1.200000E+02  -1.700858E+00
  3.980000000000E+00   1.501482E+00   5.306159E-01   6.489633E+01   1.187250E-17   1.129031E-17   1.380847E-15   1.200000E+02  -1.657912E+00
  3.985000000000E+00   1.504062E+00   5.097920E-01   6.498522E+01   1.224600E-17   1.153844E-16   1.470851E-14   1.200000E+02  -1.619509E+00
  3.990000000000E+00   1.506653E+00   5.345736E-01   6.513314E+01   1.318889E-17   2.842014E-16   3.462747E-14   1.200000E+02  -1.588641E+00
  3.995000000000E+00   1.509474E+00   6.007378E-01   6.531414E+01   1.456737E-17   2.793312E-16   3.036978E-14   1.200000E+02  -1.567837E+00
  4.000000000000E+00   1.512717E+00   7.019864E-01   6.549306E+01   1.620237E-17   4.146418E-16   3.868474E-14   1.200000E+02  -1.558973E+00
  4.005000000000E+00   1.516538E+00   8.304832E-01   6.564073E+01   1.839563E-17   4.181824E-16   3.305281E-14   1.200000E+02  -1.563103E+00
  4.010000000000E+00   1.521051E+00   9.770163E-01   6.573975E+01   2.016037E-17   1.736540E-16   1.168452E-14   1.200000E+02  -1.580288E+00
  4.015000000000E+00   1.526320E+00   1.131307E+00   6.578385E+01   2.008788E-17  -3.267829E-16  -1.900195E-14   1.200000E+02  -1.609441E+00
  4.020000000000E+00   1.532359E+00   1.282584E+00   6.577555E+01   1.710699E-17  -8.758528E-16  -4.491689E-14   1.200000E+02  -1.648280E+00
  4.025000000000E+00   1.539125E+00   1.420310E+00   6.572369E+01   1.132218E-17  -1.536233E-15  -7.108798E-14   1.200000E+02  -1.693451E+00
  4.030000000000E+00   1.546525E+00   1.534889E+00   6.564096E+01   2.356247E-18  -1.955744E-15  -8.363920E-14   1.200000E+02  -1.740865E+00
  4.035000000000E+00   1.554423E+00   1.618275E+00   6.554132E+01  -7.987129E-18  -2.046323E-15  -8.287757E-14   1.200000E+02  -1.786233E+00
  4.040000000000E+00   1.562648E+00   1.664415E+00   6.543755E+01  -1.741399E-17  -1.669201E-15  -6.562569E-14   1.200000E+02  -1.825669E+00
  4.045000000000E+00   1.571002E+00   1.669567E+00   6.533930E+01  -2.393361E-17  -8.182374E-16  -3.202211E-14   1.200000E+02  -1.856197E+00
  4.050000000000E+00   1.579276E+00   1.632511E+00   6.525215E+01  -2.597368E-17   5.638227E-17   2.253623E-15   1.200000E+02  -1.875981E+00
  4.055000000000E+00   1.587262E+00   1.554674E+00   6.517780E+01  -2.385403E-17   7.403967E-16   3.104023E-14   1.200000E+02  -1.884258E+00
  4.060000000000E+00   1.594764E+00   1.440191E+00   6.511489E+01  -1.944872E-17   8.470298E-16   3.829649E-14   1.200000E+02  -1.881088E+00
  4.065000000000E+00   1.601616E+00   1.295901E+00   6.506003E+01  -1.595584E-17   5.246140E-16   2.633798E-14   1.200000E+02  -1.867066E+00
  4.070000000000E+00   1.607690E+00   1.131250E+00   6.500889E+01  -1.428418E-17   2.953825E-16   1.697458E-14   1.200000E+02  -1.843149E+00
  4.075000000000E+00   1.612914E+00   9.580260E-01   6.495726E+01  -1.305382E-17   2.658153E-16   1.802313E-14   1.200000E+02  -1.810599E+00
  4.080000000000E+00   1.617278E+00   7.897845E-01   6.490305E+01  -1.228557E-17   4.054102E-17   3.331587E-15   1.200000E+02  -1.771035E+00
  4.085000000000E+00   1.620843E+00   6.407733E-01   6.484985E+01  -1.264006E-17  -1.081979E-16  -1.095024E-14   1.200000E+02  -1.726544E+00
  4.090000000000E+00   1.623738E+00   5.242066E-01   6.481231E+01  -1.316451E-17  -6.084342E-17  -7.522612E-15   1.200000E+02  -1.679732E+00
  4.095000000000E+00   1.626153E+00   4.500083E-01   6.481852E+01  -1.300855E-17   6.715107E-17   9.672339E-15   1.200000E+02  -1.633672E+00
  4.100000000000E+00   1.628314E+00   4.229415E-01   6.489829E+01  -1.264250E-17   6.735992E-17   1.033605E-14   1.200000E+02  -1.591654E+00
  4.105000000000E+00   1.630457E+00   4.425896E-01   6.505731E+01  -1.233270E-17   9.686210E-17   1.423799E-14   1.200000E+02  -1.556840E+00
  4.110000000000E+00   1.632809E+00   5.051779E-01   6.526671E+01  -1.178956E-17   1.422703E-16   1.838068E-14   1.200000E+02  -1.531983E+00
  4.115000000000E+00   1.635569E+00   6.051733E-01   6.548228E+01  -1.112399E-17   1.142036E-16   1.235731E-14   1.200000E+02  -1.519258E+00
  4.120000000000E+00   1.638909E+00   7.355010E-01   6.566667E+01  -1.011422E-17   3.399777E-16   3.035373E-14   1.200000E+02  -1.520116E+00
  4.125000000000E+00   1.642958E+00   8.871530E-01   6.579709E+01  -8.338249E-18   2.823958E-16   2.094433E-14   1.200000E+02  -1.535059E+00
  4.130000000000E+00   1.647797E+00   1.049129E+00   6.586416E+01  -6.639998E-18   3.635383E-16   2.282289E-14   1.200000E+02  -1.563384E+00
  4.135000000000E+00   1.653446E+00   1.208983E+00   6.586894E+01  -5.230905E-18   2.910200E-16   1.585562E-14   1.200000E+02  -1.603004E+00
  4.140000000000E+00   1.659863E+00   1.353850E+00   6.582027E+01  -4.254929E-18  -1.425245E-17  -6.929129E-16   1.200000E+02  -1.650448E+00
  4.145000000000E+00   1.666942E+00   1.471699E+00   6.573223E+01  -5.118783E-18  -3.281250E-16  -1.465544E-14   1.200000E+02  -1.701168E+00
  4.150000000000E+00   1.674521E+00   1.552568E+00   6.562123E+01  -8.208230E-18  -8.344452E-16  -3.526888E-14   1.200000E+02  -1.750131E+00
  4.155000000000E+00   1.682397E+00   1.589606E+00   6.550298E+01  -1.314904E-17  -1.006996E-15  -4.149533E-14   1.200000E+02  -1.792622E+00
  4.160000000000E+00   1.690341E+00   1.579759E+00   6.538972E+01  -1.738153E-17  -6.583083E-16  -2.724884E-14   1.200000E+02  -1.824981E+00
  4.165000000000E+00   1.698121E+00   1.524034E+00   6.528879E+01  -2.024684E-17  -4.324568E-16  -1.852622E-14   1.200000E+02  -1.845022E+00
  4.170000000000E+00   1.705516E+00   1.427327E+00   6.520263E+01  -2.171782E-17  -4.854305E-17  -2.217525E-15   1.200000E+02  -1.852028E+00
  4.175000000000E+00   1.712341E+00   1.297858E+00   6.512986E+01  -2.019327E-17   5.986820E-16   3.004341E-14   1.200000E+02  -1.846442E+00
  4.180000000000E+00   1.718459E+00   1.146318E+00   6.506695E+01  -1.636217E-17   8.883728E-16   5.042556E-14   1.200000E+02  -1.829468E+00
  4.185000000000E+00   1.723789E+00   9.848840E-01   6.500978E+01  -1.213498E-17   8.526862E-16   5.628373E-14   1.200000E+02  -1.802764E+00
  4.190000000000E+00   1.728312E+00   8.262103E-01   6.495545E+01  -8.127301E-18   6.928406E-16   5.447012E-14   1.200000E+02  -1.768287E+00
  4.195000000000E+00   1.732075E+00   6.824295E-01   6.490472E+01  -4.868797E-18   5.535148E-16   5.264386E-14   1.200000E+02  -1.728231E+00
  4.200000000000E+00   1.735178E+00   5.641216E-01   6.486519E+01  -2.829699E-18   3.051182E-16   3.508384E-14   1.200000E+02  -1.685029E+00
  4.205000000000E+00   1.737770E+00   4.792151E-01   6.485355E+01  -1.904542E-18   1.060231E-17   1.434841E-15   1.200000E+02  -1.641312E+00
  4.210000000000E+00   1.740030E+00   4.320662E-01   6.489177E+01  -2.291868E-18  -1.343834E-16  -2.018297E-14   1.200000E+02  -1.599798E+00
  4.215000000000E+00   1.742152E+00   4.233302E-01   6.499383E+01  -3.001930E-18  -1.715879E-16  -2.634387E-14   1.200000E+02  -1.563104E+00
  4.220000000000E+00   1.744322E+00   4.509647E-01   6.515244E+01  -4.389943E-18  -4.089579E-16  -5.908357E-14   1.200000E+02  -1.533578E+00
  4.225000000000E+00   1.746714E+00   5.115908E-01   6.534113E+01  -6.690740E-18  -5.456063E-16  -6.968563E-14   1.200000E+02  -1.513190E+00
  4.230000000000E+00   1.749484E+00   6.010893E-01   6.552809E+01  -9.638021E-18  -6.116389E-16  -6.667817E-14   1.200000E+02  -1.503481E+00
  4.235000000000E+00   1.752763E+00   7.142976E-01   6.568718E+01  -1.282595E-17  -7.039021E-16  -6.473120E-14   1.200000E+02  -1.505462E+00
  4.240000000000E+00   1.756654E+00   8.444446E-01   6.580152E+01  -1.702219E-17  -8.145000E-16  -6.346814E-14   1.200000E+02  -1.519439E+00
  4.245000000000E+00   1.761221E+00   9.828818E-01   6.586316E+01  -2.112265E-17  -7.628777E-16  -5.112063E-14   1.200000E+02  -1.544800E+00
  4.250000000000E+00   1.766480E+00   1.119337E+00   6.587182E+01  -2.488483E-17  -7.829307E-16  -4.607465E-14   1.200000E+02  -1.579831E+00
  4.255000000000E+00   1.772394E+00   1.242681E+00   6.583340E+01  -2.843064E-17  -5.680387E-16  -3.009293E-14   1.200000E+02  -1.621683E+00
  4.260000000000E+00   1.778868E+00   1.342069E+00   6.575847E+01  -3.066273E-17  -2.247975E-16  -1.101459E-14   1.200000E+02  -1.666558E+00
  4.265000000000E+00   1.785761E+00   1.408244E+00   6.566013E+01  -3.090655E-17   2.345976E-16   1.093824E-14   1.200000E+02  -1.710153E+00
  4.270000000000E+00   1.792887E+00   1.434780E+00   6.555160E+01  -2.816830E-17   7.101528E-16   3.244515E-14   1.200000E+02  -1.748289E+00
  4.275000000000E+00   1.800041E+00   1.419012E+00   6.544394E+01  -2.415873E-17   9.219312E-16   4.251889E-14   1.200000E+02  -1.777557E+00
  4.280000000000E+00   1.807012E+00   1.362496E+00   6.534456E+01  -1.851673E-17   1.364017E-15   6.541748E-14   1.200000E+02  -1.795765E+00
  4.285000000000E+00   1.813609E+00   1.270899E+00   6.525689E+01  -1.004658E-17   1.846797E-15   9.482756E-14   1.200000E+02  -1.802055E+00
  4.290000000000E+00   1.819679E+00   1.153309E+00   6.518125E+01  -9.932942E-19   1.778781E-15   1.005309E-13   1.200000E+02  -1.796756E+00
  4.295000000000E+00   1.825119E+00   1.021085E+00   6.511632E+01   7.787445E-18   1.678912E-15   1.070671E-13   1.200000E+02  -1.781084E+00
  4.300000000000E+00   1.829886E+00   8.864290E-01   6.506090E+01   1.557113E-17   1.414914E-15   1.038499E-13   1.200000E+02  -1.756853E+00
  4.305000000000E+00   1.833998E+00   7.609136E-01   6.501579E+01   2.132080E-17   8.565476E-16   7.318718E-14   1.200000E+02  -1.726251E+00
  4.310000000000E+00   1.837526E+00   6.541804E-01   6.498536E+01   2.456188E-17   4.683749E-16   4.652770E-14   1.200000E+02  -1.691671E+00
  4.315000000000E+00   1.840581E+00   5.729993E-01   6.497786E+01   2.625047E-17   2.008210E-16   2.277300E-14   1.200000E+02  -1.655572E+00
  4.320000000000E+00   1.843302E+00   5.208691E-01   6.500312E+01   2.648485E-17  -7.062602E-17  -8.813945E-15   1.200000E+02  -1.620335E+00
  4.325000000000E+00   1.845837E+00   4.982991E-01   6.506737E+01   2.579849E-17  -2.449892E-16  -3.199043E-14   1.200000E+02  -1.588133E+00
  4.330000000000E+00   1.848330E+00   5.036937E-01   6.516824E+01   2.410935E-17  -3.963786E-16  -5.128374E-14   1.200000E+02  -1.560828E+00
  4.335000000000E+00   1.850915E+00   5.344208E-01   6.529438E+01   2.151633E-17  -6.603366E-16  -8.067850E-14   1.200000E+02  -1.539931E+00
  4.340000000000E+00   1.853710E+00   5.875452E-01   6.542953E+01   1.752029E-17  -9.126951E-16  -1.016385E-13   1.200000E+02  -1.526608E+00
  4.345000000000E+00   1.856821E+00   6.599998E-01   6.555750E+01   1.255229E-17  -1.134515E-15  -1.126909E-13   1.200000E+02  -1.521682E+00
  4.350000000000E+00   1.860336E+00   7.483277E-01   6.566506E+01   6.370315E-18  -1.290753E-15  -1.132623E-13   1.200000E+02  -1.525608E+00
  4.355000000000E+00   1.864323E+00   8.482705E-01   6.574302E+01  -3.815470E-19  -1.527462E-15  -1.183820E-13   1.200000E+02  -1.538389E+00
  4.360000000000E+00   1.868828E+00   9.544513E-01   6.578636E+01  -8.283034E-18  -1.538447E-15  -1.060387E-13   1.200000E+02  -1.559466E+00
  4.365000000000E+00   1.873867E+00   1.060314E+00   6.579399E+01  -1.568888E-17  -1.387756E-15  -8.611224E-14   1.200000E+02  -1.587617E+00
  4.370000000000E+00   1.879419E+00   1.158402E+00   6.576852E+01  -2.174636E-17  -9.865651E-16  -5.601243E-14   1.200000E+02  -1.620915E+00
  4.375000000000E+00   1.885426E+00   1.240972E+00   6.571562E+01  -2.548451E-17  -4.728221E-16  -2.503826E-14   1.200000E+02  -1.656806E+00
  4.380000000000E+00   1.891792E+00   1.300853E+00   6.564306E+01  -2.614455E-17   2.274407E-16   1.147701E-14   1.200000E+02  -1.692333E+00
  4.385000000000E+00   1.898389E+00   1.332408E+00   6.555944E+01  -2.382924E-17   7.047359E-16   3.467563E-14   1.200000E+02  -1.724492E+00
  4.390000000000E+00   1.905066E+00   1.332410E+00   6.547278E+01  -1.955909E-17   1.046532E-15   5.142511E-14   1.200000E+02  -1.750628E+00
  4.395000000000E+00   1.911662E+00   1.300654E+00   6.538942E+01  -1.356899E-17   1.286743E-15   6.469003E-14   1.200000E+02  -1.768785E+00
  4.400000000000E+00   1.918026E+00   1.240167E+00   6.531350E+01  -6.606089E-18   1.354633E-15   7.134186E-14   1.200000E+02  -1.777895E+00
  4.405000000000E+00   1.924027E+00   1.156944E+00   6.524713E+01  -4.802797E-19   1.115248E-15   6.289566E-14   1.200000E+02  -1.777798E+00
  4.410000000000E+00   1.929572E+00   1.059237E+00   6.519119E+01   5.041227E-18   9.767049E-16   6.011173E-14   1.200000E+02  -1.769124E+00
  4.415000000000E+00   1.934612E+00   9.565072E-01   6.514631E+01   8.864700E-18   5.304299E-16   3.612681E-14   1.200000E+02  -1.753122E+00
  4.420000000000E+00   1.939145E+00   8.582218E-01   6.511400E+01   1.108817E-17   4.129267E-16   3.132910E-14   1.200000E+02  -1.731475E+00
  4.425000000000E+00   1.943215E+00   7.727054E-01   6.509724E+01   1.273819E-17   1.087849E-16   9.164677E-15   1.200000E+02  -1.706139E+00
  4.430000000000E+00   1.946902E+00   7.062613E-01   6.510029E+01   1.261898E-17  -8.840787E-17  -8.149077E-15   1.200000E+02  -1.679187E+00
  4.435000000000E+00   1.950314E+00   6.627263E-01   6.512715E+01   1.182168E-17  -1.859593E-16  -1.827451E-14   1.200000E+02  -1.652666E+00
  4.440000000000E+00   1.953569E+00   6.435351E-01   6.517915E+01   1.079746E-17  -1.609968E-16  -1.630624E-14   1.200000E+02  -1.628475E+00
  4.445000000000E+00   1.956788E+00   6.482096E-01   6.525311E+01   9.818547E-18  -2.432066E-16  -2.448280E-14   1.200000E+02  -1.608264E+00
  4.450000000000E+00   1.960086E+00   6.750238E-01   6.534140E+01   7.986321E-18  -4.766807E-16  -4.614205E-14   1.200000E+02  -1.593373E+00
  4.455000000000E+00   1.963569E+00   7.215632E-01   6.543380E+01   5.364811E-18  -5.261288E-16  -4.771114E-14   1.200000E+02  -1.584810E+00
  4.460000000000E+00   1.967329E+00   7.850063E-01   6.551993E+01   2.440141E-18  -6.811087E-16  -5.684820E-14   1.200000E+02  -1.583232E+00
  4.465000000000E+00   1.971441E+00   8.621300E-01   6.559102E+01  -1.286977E-18  -8.775125E-16  -6.676132E-14   1.200000E+02  -1.588924E+00
  4.470000000000E+00   1.975966E+00   9.491479E-01   6.564079E+01  -6.466997E-18  -1.049207E-15  -7.256066E-14   1.200000E+02  -1.601756E+00
  4.475000000000E+00   1.980941E+00   1.041524E+00   6.566571E+01  -1.114179E-17  -8.507532E-16  -5.363804E-14   1.200000E+02  -1.621129E+00
  4.480000000000E+00   1.986381E+00   1.133896E+00   6.566505E+01  -1.453907E-17  -5.419269E-16  -3.138352E-14   1.200000E+02  -1.645932E+00
  4.485000000000E+00   1.992271E+00   1.220197E+00   6.564062E+01  -1.556125E-17   7.067904E-17   3.802186E-15   1.200000E+02  -1.674538E+00
  4.490000000000E+00   1.998563E+00   1.294022E+00   6.559640E+01  -1.379400E-17   7.215780E-16   3.657814E-14   1.200000E+02  -1.704881E+00
  4.495000000000E+00   2.005181E+00   1.349216E+00   6.553789E+01  -7.725301E-18   1.692540E-15   8.221478E-14   1.200000E+02  -1.734622E+00
  4.500000000000E+00   2.012017E+00   1.380600E+00   6.547118E+01   3.031065E-18   2.594218E-15   1.230237E-13   1.200000E+02  -1.761397E+00
  4.505000000000E+00   2.018943E+00   1.384715E+00   6.540207E+01   1.693621E-17   2.980227E-15   1.407604E-13   1.200000E+02  -1.783103E+00
  4.510000000000E+00   2.025819E+00   1.360431E+00   6.533526E+01   3.307848E-17   3.464228E-15   1.663710E-13   1.200000E+02  -1.798129E+00
  4.515000000000E+00   2.032504E+00   1.309283E+00   6.527398E+01   4.927299E-17   2.906070E-15   1.448814E-13   1.200000E+02  -1.805515E+00
  4.520000000000E+00   2.038875E+00   1.235457E+00   6.522005E+01   6.139366E-17   1.886705E-15   9.959958E-14   1.200000E+02  -1.804978E+00
  4.525000000000E+00   2.044833E+00   1.145386E+00   6.517428E+01   6.934786E-17   1.289184E-15   7.335660E-14   1.200000E+02  -1.796864E+00
  4.530000000000E+00   2.050316E+00   1.047033E+00   6.513722E+01   7.394459E-17   5.320428E-16   3.309905E-14   1.200000E+02  -1.782046E+00
  4.535000000000E+00   2.055304E+00   9.489540E-01   6.510991E+01   7.341597E-17  -5.715191E-16  -3.921323E-14   1.200000E+02  -1.761807E+00
  4.540000000000E+00   2.059819E+00   8.593158E-01   6.509448E+01   6.845891E-17  -1.375277E-15  -1.041793E-13   1.200000E+02  -1.737731E+00
  4.545000000000E+00   2.063922E+00   7.850096E-01   6.509433E+01   6.086745E-17  -1.785408E-15  -1.480491E-13   1.200000E+02  -1.711592E+00
  4.550000000000E+00   2.067702E+00   7.310247E-01   6.511329E+01   5.169190E-17  -1.686085E-15  -1.501818E-13   1.200000E+02  -1.685244E+00
  4.555000000000E+00   2.071269E+00   7.001856E-01   6.515395E+01   4.446997E-17  -1.117214E-15  -1.039594E-13   1.200000E+02  -1.660502E+00
  4.560000000000E+00   2.074742E+00   6.932716E-01   6.521559E+01   4.013271E-17  -7.321336E-16  -6.887131E-14   1.200000E+02  -1.639038E+00
  4.565000000000E+00   2.078239E+00   7.094085E-01   6.529323E+01   3.726891E-17  -4.337087E-16  -3.991810E-14   1.200000E+02  -1.622284E+00
  4.570000000000E+00   2.081870E+00   7.465244E-01   6.537838E+01   3.561345E-17  -1.669057E-16  -1.461710E-14   1.200000E+02  -1.611370E+00
  4.575000000000E+00   2.085733E+00   8.016801E-01   6.546108E+01   3.588368E-17   3.488615E-17   2.848623E-15   1.200000E+02  -1.607067E+00
  4.580000000000E+00   2.089909E+00   8.712025E-01   6.553205E+01   3.620963E-17  -4.344668E-17  -3.268070E-15   1.200000E+02  -1.609739E+00
  4.585000000000E+00   2.094461E+00   9.506757E-01   6.558419E+01   3.567933E-17  -1.102840E-16  -7.608151E-15   1.200000E+02  -1.619290E+00
  4.590000000000E+00   2.099424E+00   1.034907E+00   6.561321E+01   3.481675E-17  -3.174345E-16  -2.012538E-14   1.200000E+02  -1.635117E+00
  4.595000000000E+00   2.104808E+00   1.117988E+00   6.561784E+01   3.271521E-17  -5.884272E-16  -3.453645E-14   1.200000E+02  -1.656080E+00
  4.600000000000E+00   2.110592E+00   1.193528E+00   6.559954E+01   2.889584E-17  -1.000322E-15  -5.498042E-14   1.200000E+02  -1.680528E+00
  4.605000000000E+00   2.116721E+00   1.255105E+00   6.556204E+01   2.252944E-17  -1.615156E-15  -8.436978E-14   1.200000E+02  -1.706402E+00
  4.610000000000E+00   2.123111E+00   1.296882E+00   6.551052E+01   1.420444E-17  -1.821354E-15  -9.200359E-14   1.200000E+02  -1.731421E+00
  4.615000000000E+00   2.129651E+00   1.314324E+00   6.545069E+01   4.796605E-18  -1.905386E-15  -9.488436E-14   1.200000E+02  -1.753333E+00
  4.620000000000E+00   2.136211E+00   1.304869E+00   6.538791E+01  -5.068727E-18  -2.020856E-15  -1.012665E-13   1.200000E+02  -1.770178E+00
  4.625000000000E+00   2.142656E+00   1.268429E+00   6.532647E+01  -1.388857E-17  -1.349019E-15  -6.947698E-14   1.200000E+02  -1.780507E+00
  4.630000000000E+00   2.148856E+00   1.207592E+00   6.526934E+01  -1.895402E-17  -7.856022E-16  -4.246113E-14   1.200000E+02  -1.783506E+00
  4.635000000000E+00   2.154701E+00   1.127450E+00   6.521828E+01  -2.046779E-17   2.640578E-16   1.527465E-14   1.200000E+02  -1.779023E+00
  4.640000000000E+00   2.160111E+00   1.035063E+00   6.517438E+01  -1.624310E-17   1.125542E-15   7.087151E-14   1.200000E+02  -1.767510E+00
  4.645000000000E+00   2.165045E+00   9.386334E-01   6.513877E+01  -9.769258E-18   1.373037E-15   9.528528E-14   1.200000E+02  -1.749937E+00
  4.650000000000E+00   2.169504E+00   8.465118E-01   6.511343E+01  -2.608706E-18   1.402599E-15   1.078875E-13   1.200000E+02  -1.727669E+00
  4.655000000000E+00   2.173529E+00   7.662142E-01   6.510168E+01   4.752309E-18   1.522212E-15   1.293353E-13   1.200000E+02  -1.702357E+00
  4.660000000000E+00   2.177195E+00   7.036197E-01   6.510790E+01   1.183341E-17   1.329528E-15   1.230250E-13   1.200000E+02  -1.675807E+00
  4.665000000000E+00   2.180600E+00   6.625074E-01   6.513613E+01   1.769045E-17   9.476128E-16   9.316701E-14   1.200000E+02  -1.649861E+00
  4.670000000000E+00   2.183857E+00   6.445165E-01   6.518793E+01   2.172972E-17   6.835325E-16   6.913410E-14   1.200000E+02  -1.626267E+00
  4.675000000000E+00   2.187082E+00   6.494841E-01   6.526056E+01   2.438263E-17   3.995657E-16   4.014860E-14   1.200000E+02  -1.606587E+00
  4.680000000000E+00   2.190386E+00   6.759645E-01   6.534692E+01   2.588695E-17   1.661100E-16   1.605820E-14   1.200000E+02  -1.592112E+00
  4.685000000000E+00   2.193872E+00   7.216848E-01   6.543722E+01   2.617923E-17  -7.214282E-17  -6.541395E-15   1.200000E+02  -1.583826E+00
  4.690000000000E+00   2.197629E+00   7.837781E-01   6.552129E+01   2.424456E-17  -7.090842E-16  -5.927712E-14   1.200000E+02  -1.582368E+00
  4.695000000000E+00   2.201731E+00   8.587854E-01   6.559038E+01   1.974283E-17  -1.060470E-15  -8.099419E-14   1.200000E+02  -1.587991E+00
  4.700000000000E+00   2.206231E+00   9.425251E-01   6.563821E+01   1.311683E-17  -1.670858E-15  -1.163599E-13   1.200000E+02  -1.600505E+00
  4.705000000000E+00   2.211162E+00   1.029968E+00   6.566131E+01   2.594454E-18  -2.421587E-15  -1.543782E-13   1.200000E+02  -1.619226E+00
  4.710000000000E+00   2.216528E+00   1.115246E+00   6.565908E+01  -1.129314E-17  -2.995845E-15  -1.763776E-13   1.200000E+02  -1.642931E+00
  4.715000000000E+00   2.222301E+00   1.191888E+00   6.563353E+01  -2.630180E-17  -2.998499E-15  -1.651180E-13   1.200000E+02  -1.669877E+00
  4.720000000000E+00   2.228422E+00   1.253303E+00   6.558884E+01  -4.097188E-17  -2.839541E-15  -1.486011E-13   1.200000E+02  -1.697905E+00
  4.725000000000E+00   2.234800E+00   1.293498E+00   6.553053E+01  -5.364782E-17  -2.084444E-15  -1.056010E-13   1.200000E+02  -1.724628E+00
  4.730000000000E+00   2.241316E+00   1.307901E+00   6.546463E+01  -6.106423E-17  -7.155764E-16  -3.581688E-14   1.200000E+02  -1.747712E+00
  4.735000000000E+00   2.247834E+00   1.294155E+00   6.539665E+01  -5.896658E-17   1.529304E-15   7.727927E-14   1.200000E+02  -1.765153E+00
  4.740000000000E+00   2.254213E+00   1.252693E+00   6.533101E+01  -4.793303E-17   2.874481E-15   1.499112E-13   1.200000E+02  -1.775523E+00
  4.745000000000E+00   2.260321E+00   1.186958E+00   6.527073E+01  -3.042675E-17   3.985737E-15   2.191754E-13   1.200000E+02  -1.778098E+00
  4.750000000000E+00   2.266053E+00   1.103153E+00   6.521771E+01  -9.266343E-18   4.381990E-15   2.590606E-13   1.200000E+02  -1.772887E+00
  4.755000000000E+00   2.271337E+00   1.009537E+00   6.517342E+01   1.133002E-17   3.712665E-15   2.396812E-13   1.200000E+02  -1.760569E+00
  4.760000000000E+00   2.276148E+00   9.153599E-01   6.513972E+01   2.801619E-17   2.856004E-15   2.032417E-13   1.200000E+02  -1.742380E+00
  4.765000000000E+00   2.280504E+00   8.296025E-01   6.511957E+01   3.934192E-17   1.632627E-15   1.281529E-13   1.200000E+02  -1.719976E+00
  4.770000000000E+00   2.284469E+00   7.597864E-01   6.511707E+01   4.434816E-17   3.468242E-16   2.972437E-14   1.200000E+02  -1.695277E+00
  4.775000000000E+00   2.288136E+00   7.110938E-01   6.513629E+01   4.398527E-17  -5.699008E-16  -5.220299E-14   1.200000E+02  -1.670304E+00
  4.780000000000E+00   2.291618E+00   6.860054E-01   6.517906E+01   3.931712E-17  -1.415852E-15  -1.345236E-13   1.200000E+02  -1.647005E+00
  4.785000000000E+00   2.295034E+00   6.845029E-01   6.524295E+01   3.080778E-17  -1.991999E-15  -1.898661E-13   1.200000E+02  -1.627101E+00
  4.790000000000E+00   2.298498E+00   7.046709E-01   6.532097E+01   1.995068E-17  -2.300099E-15  -2.132126E-13   1.200000E+02  -1.611977E+00
  4.795000000000E+00   2.302111E+00   7.434069E-01   6.540340E+01   8.066485E-18  -2.329658E-15  -2.049585E-13   1.200000E+02  -1.602611E+00
  4.800000000000E+00   2.305956E+00   7.969910E-01   6.548037E+01  -2.630555E-18  -1.951103E-15  -1.603016E-13   1.200000E+02  -1.599549E+00
  4.805000000000E+00   2.310098E+00   8.614127E-01   6.554388E+01  -1.101186E-17  -1.239072E-15  -9.427955E-14   1.200000E+02  -1.602901E+00
  4.810000000000E+00   2.314581E+00   9.324813E-01   6.558864E+01  -1.490491E-17  -4.330437E-16  -3.045932E-14   1.200000E+02  -1.612353E+00
  4.815000000000E+00   2.319426E+00   1.005804E+00   6.561215E+01  -1.599483E-17   1.700345E-17   1.109196E-15   1.200000E+02  -1.627178E+00
  4.820000000000E+00   2.324635E+00   1.076734E+00   6.561431E+01  -1.428373E-17   6.971216E-16   4.248140E-14   1.200000E+02  -1.646256E+00
  4.825000000000E+00   2.330182E+00   1.140394E+00   6.559697E+01  -9.530299E-18   1.068511E-15   6.146214E-14   1.200000E+02  -1.668119E+00
  4.830000000000E+00   2.336019E+00   1.191850E+00   6.556338E+01  -2.974849E-18   1.619938E-15   8.911237E-14   1.200000E+02  -1.691027E+00
  4.835000000000E+00   2.342074E+00   1.226477E+00   6.551771E+01   5.267928E-18   1.743194E-15   9.312043E-14   1.200000E+02  -1.713093E+00
  4.840000000000E+00   2.348251E+00   1.240497E+00   6.546443E+01   1.385832E-17   1.688911E-15   8.912843E-14   1.200000E+02  -1.732453E+00
  4.845000000000E+00   2.354442E+00   1.231604E+00   6.540781E+01   2.083170E-17   1.081677E-15   5.744551E-14   1.200000E+02  -1.747446E+00
  4.850000000000E+00   2.360530E+00   1.199548E+00   6.535149E+01   2.574428E-17   7.717702E-16   4.204613E-14   1.200000E+02  -1.756794E+00
  4.855000000000E+00   2.366403E+00   1.146511E+00   6.529834E+01   2.788657E-17   1.393865E-16   7.938615E-15   1.200000E+02  -1.759731E+00
  4.860000000000E+00   2.371969E+00   1.077161E+00   6.525057E+01   2.742172E-17  -1.251696E-16  -7.582327E-15   1.200000E+02  -1.756075E+00
  4.865000000000E+00   2.377160E+00   9.982719E-01   6.521019E+01   2.666866E-17  -2.457926E-16  -1.605593E-14   1.200000E+02  -1.746232E+00
  4.870000000000E+00   2.381949E+00   9.179402E-01   6.517964E+01   2.539823E-17  -2.321327E-16  -1.648291E-14   1.200000E+02  -1.731154E+00
  4.875000000000E+00   2.386350E+00   8.444868E-01   6.516226E+01   2.492280E-17   1.394775E-16   1.076235E-14   1.200000E+02  -1.712249E+00
  4.880000000000E+00   2.390417E+00   7.852604E-01   6.516207E+01   2.673022E-17   4.115119E-16   3.414786E-14   1.200000E+02  -1.691253E+00
  4.885000000000E+00   2.394234E+00   7.456080E-01   6.518258E+01   2.906198E-17   3.964877E-16   3.466176E-14   1.200000E+02  -1.670066E+00
  4.890000000000E+00   2.397909E+00   7.282694E-01   6.522464E+01   3.088282E-17   2.533958E-16   2.269442E-14   1.200000E+02  -1.650570E+00
  4.895000000000E+00   2.401553E+00   7.333187E-01   6.528476E+01   3.091061E-17  -2.345829E-16  -2.088409E-14   1.200000E+02  -1.634436E+00
  4.900000000000E+00   2.405274E+00   7.585726E-01   6.535526E+01   2.987893E-17  -9.453528E-17  -8.144742E-15   1.200000E+02  -1.622977E+00
  4.905000000000E+00   2.409165E+00   8.002444E-01   6.542630E+01   2.908080E-17  -1.793001E-16  -1.465920E-14   1.200000E+02  -1.617035E+00
  4.910000000000E+00   2.413296E+00   8.536283E-01   6.548865E+01   2.791376E-17  -4.165010E-16  -3.195312E-14   1.200000E+02  -1.616930E+00
  4.915000000000E+00   2.417712E+00   9.136936E-01   6.553559E+01   2.538947E-17  -4.943381E-16  -3.545689E-14   1.200000E+02  -1.622461E+00
  4.920000000000E+00   2.422435E+00   9.755443E-01   6.556367E+01   2.293984E-17  -7.946016E-16  -5.340300E-14   1.200000E+02  -1.632956E+00
  4.925000000000E+00   2.427463E+00   1.034734E+00   6.557245E+01   1.856831E-17  -8.920371E-16  -5.652954E-14   1.200000E+02  -1.647361E+00
  4.930000000000E+00   2.432772E+00   1.087448E+00   6.556380E+01   1.446967E-17  -5.232407E-16  -3.154694E-14   1.200000E+02  -1.664359E+00
  4.935000000000E+00   2.438322E+00   1.130570E+00   6.554098E+01   1.352998E-17  -3.365618E-17  -1.951103E-15   1.200000E+02  -1.682499E+00
  4.940000000000E+00   2.444059E+00   1.161700E+00   6.550792E+01   1.471695E-17   4.099887E-16   2.311915E-14   1.200000E+02  -1.700333E+00
  4.945000000000E+00   2.449917E+00   1.179155E+00   6.546854E+01   1.786745E-17   8.339406E-16   4.630167E-14   1.200000E+02  -1.716530E+00
  4.950000000000E+00   2.455827E+00   1.182020E+00   6.542633E+01   2.237887E-17   8.243144E-16   4.562687E-14   1.200000E+02  -1.729963E+00
  4.955000000000E+00   2.461714E+00   1.170234E+00   6.538416E+01   2.529331E-17   3.428202E-16   1.915429E-14   1.200000E+02  -1.739779E+00
  4.960000000000E+00   2.467507E+00   1.144720E+00   6.534426E+01   2.683692E-17   2.461873E-16   1.405315E-14   1.200000E+02  -1.745429E+00
  4.965000000000E+00   2.473142E+00   1.107476E+00   6.530833E+01   2.831128E-17   1.427401E-16   8.417451E-15   1.200000E+02  -1.746689E+00
  4.970000000000E+00   2.478568E+00   1.061573E+00   6.527776E+01   2.691213E-17  -5.720799E-16  -3.517807E-14   1.200000E+02  -1.743654E+00
  4.975000000000E+00   2.483751E+00   1.011006E+00   6.525386E+01   2.274974E-17  -1.033860E-15  -6.672896E-14   1.200000E+02  -1.736729E+00
  4.980000000000E+00   2.488678E+00   9.603454E-01   6.523809E+01   1.757797E-17  -7.025940E-16  -4.772855E-14   1.200000E+02  -1.726602E+00
  4.985000000000E+00   2.493361E+00   9.142431E-01   6.523199E+01   1.465821E-17  -6.384559E-16  -4.555435E-14   1.200000E+02  -1.714198E+00
  4.990000000000E+00   2.497834E+00   8.768494E-01   6.523695E+01   1.210043E-17  -5.178579E-16  -3.852825E-14   1.200000E+02  -1.700611E+00
  4.995000000000E+00   2.502149E+00   8.512717E-01   6.525361E+01   1.080866E-17  -1.874525E-16  -1.436904E-14   1.200000E+02  -1.687017E+00
  5.000000000000E+00   2.506369E+00   8.391941E-01   6.528119E+01   1.066910E-17   2.653439E-16   2.064119E-14   1.200000E+02  -1.674560E+00
  5.005000000000E+00   2.510563E+00   8.407414E-01   6.531715E+01   1.291500E-17   7.284380E-16   5.659230E-14   1.200000E+02  -1.664249E+00
  5.010000000000E+00   2.514796E+00   8.546001E-01   6.535737E+01   1.743298E-17   8.476014E-16   6.482213E-14   1.200000E+02  -1.656851E+00
  5.015000000000E+00   2.519125E+00   8.783478E-01   6.539703E+01   2.083025E-17   8.057461E-16   5.999150E-14   1.200000E+02  -1.652826E+00
  5.020000000000E+00   2.523590E+00   9.089069E-01   6.543163E+01   2.375680E-17   3.032745E-16   2.183254E-14   1.200000E+02  -1.652292E+00
  5.025000000000E+00   2.528219E+00   9.430304E-01   6.545789E+01   2.471809E-17   1.128455E-16   7.832863E-15   1.200000E+02  -1.655045E+00
  5.030000000000E+00   2.533022E+00   9.777363E-01   6.547414E+01   2.552677E-17   1.437520E-16   9.626355E-15   1.200000E+02  -1.660608E+00
  5.035000000000E+00   2.537994E+00   1.010625E+00   6.548031E+01   2.652598E-17   1.164545E-16   7.545305E-15   1.200000E+02  -1.668326E+00
  5.040000000000E+00   2.543122E+00   1.040037E+00   6.547756E+01   2.594044E-17  -2.019438E-16  -1.271377E-14   1.200000E+02  -1.677460E+00
  5.045000000000E+00   2.548387E+00   1.065040E+00   6.546780E+01   2.409914E-17  -4.806799E-16  -2.954730E-14   1.200000E+02  -1.687283E+00
  5.050000000000E+00   2.553765E+00   1.085279E+00   6.545313E+01   2.071902E-17  -8.800953E-16  -5.307850E-14   1.200000E+02  -1.697156E+00
  5.055000000000E+00   2.559232E+00   1.100747E+00   6.543554E+01   1.697419E-17  -5.469503E-16  -3.251429E-14   1.200000E+02  -1.706559E+00
  5.060000000000E+00   2.564765E+00   1.111543E+00   6.541660E+01   1.625049E-17   7.860860E-17   4.626277E-15   1.200000E+02  -1.715098E+00
  5.065000000000E+00   2.570340E+00   1.117707E+00   6.539740E+01   1.744361E-17   3.891578E-16   2.276975E-14   1.200000E+02  -1.722489E+00
  5.070000000000E+00   2.575934E+00   1.119147E+00   6.537864E+01   2.013575E-17   7.229494E-16   4.223345E-14   1.200000E+02  -1.728520E+00
  5.075000000000E+00   2.581524E+00   1.115693E+00   6.536071E+01   2.535469E-17   1.420781E-15   8.323372E-14   1.200000E+02  -1.733032E+00
  5.080000000000E+00   2.587083E+00   1.107236E+00   6.534390E+01   3.315598E-17   1.578371E-15   9.314810E-14   1.200000E+02  -1.735899E+00
  5.085000000000E+00   2.592588E+00   1.093901E+00   6.532851E+01   4.057404E-17   1.414115E-15   8.445187E-14   1.200000E+02  -1.737034E+00
  5.090000000000E+00   2.598015E+00   1.076199E+00   6.531492E+01   4.574937E-17   7.077807E-16   4.295547E-14   1.200000E+02  -1.736409E+00
  5.095000000000E+00   2.603345E+00   1.055085E+00   6.530365E+01   4.760110E-17  -1.276974E-16  -7.903734E-15   1.200000E+02  -1.734071E+00
  5.100000000000E+00   2.608563E+00   1.031918E+00   6.529529E+01   4.369010E-17  -1.529891E-15  -9.680479E-14   1.200000E+02  -1.730164E+00
  5.105000000000E+00   2.613663E+00   1.008320E+00   6.529042E+01   3.399210E-17  -2.584303E-15  -1.673379E-13   1.200000E+02  -1.724935E+00
  5.110000000000E+00   2.618648E+00   9.859616E-01   6.528949E+01   1.769936E-17  -3.698385E-15  -2.449037E-13   1.200000E+02  -1.718721E+00
  5.115000000000E+00   2.623527E+00   9.663481E-01   6.529274E+01  -2.158350E-18  -3.990703E-15  -2.696378E-13   1.200000E+02  -1.711925E+00
  5.120000000000E+00   2.628318E+00   9.506585E-01   6.530005E+01  -2.134391E-17  -3.478492E-15  -2.389351E-13   1.200000E+02  -1.704982E+00
  5.125000000000E+00   2.633041E+00   9.396694E-01   6.531098E+01  -3.564054E-17  -2.224509E-15  -1.546127E-13   1.200000E+02  -1.698317E+00
  5.130000000000E+00   2.637723E+00   9.337820E-01   6.532482E+01  -4.353706E-17  -1.055052E-15  -7.380856E-14   1.200000E+02  -1.692323E+00
  5.135000000000E+00   2.642388E+00   9.331238E-01   6.534070E+01  -4.640329E-17  -7.350578E-17  -5.147140E-15   1.200000E+02  -1.687331E+00
  5.140000000000E+00   2.647062E+00   9.376801E-01   6.535769E+01  -4.451737E-17   9.208497E-16   6.418459E-14   1.200000E+02  -1.683616E+00
  5.145000000000E+00   2.651773E+00   9.473990E-01   6.537495E+01  -3.672413E-17   2.063829E-15   1.424138E-13   1.200000E+02  -1.681397E+00
  5.150000000000E+00   2.656545E+00   9.622261E-01   6.539168E+01  -2.496471E-17   2.498547E-15   1.697982E-13   1.200000E+02  -1.680847E+00
  5.155000000000E+00   2.661403E+00   9.820478E-01   6.540711E+01  -1.362372E-17   2.179858E-15   1.451846E-13   1.200000E+02  -1.682097E+00
  5.160000000000E+00   2.666373E+00   1.006552E+00   6.542038E+01  -3.831079E-18   1.637221E-15   1.064104E-13   1.200000E+02  -1.685230E+00
  5.165000000000E+00   2.671475E+00   1.035047E+00   6.543050E+01   3.314842E-18   1.001583E-15   6.331509E-14   1.200000E+02  -1.690260E+00
  5.170000000000E+00   2.676727E+00   1.066296E+00   6.543641E+01   6.106754E-18  -1.499751E-16  -9.203669E-15   1.200000E+02  -1.697090E+00
  5.175000000000E+00   2.682139E+00   1.098425E+00   6.543710E+01   2.816108E-18  -1.041873E-15  -6.206804E-14   1.200000E+02  -1.705479E+00
  5.180000000000E+00   2.687709E+00   1.128970E+00   6.543182E+01  -3.950684E-18  -1.628148E-15  -9.436268E-14   1.200000E+02  -1.715010E+00
  5.185000000000E+00   2.693422E+00   1.155064E+00   6.542035E+01  -1.295289E-17  -1.867652E-15  -1.057798E-13   1.200000E+02  -1.725087E+00
  5.190000000000E+00   2.699248E+00   1.173776E+00   6.540304E+01  -2.108217E-17  -1.389088E-15  -7.740030E-14   1.200000E+02  -1.734959E+00
  5.195000000000E+00   2.705144E+00   1.182543E+00   6.538091E+01  -2.647307E-17  -8.002228E-16  -4.424303E-14   1.200000E+02  -1.743788E+00
  5.200000000000E+00   2.711055E+00   1.179625E+00   6.535548E+01  -2.770575E-17   4.435398E-16   2.457370E-14   1.200000E+02  -1.750743E+00
  5.205000000000E+00   2.716920E+00   1.164482E+00   6.532859E+01  -2.184439E-17   1.887723E-15   1.059032E-13   1.200000E+02  -1.755112E+00
  5.210000000000E+00   2.722681E+00   1.137995E+00   6.530225E+01  -9.543960E-18   3.087046E-15   1.771458E-13   1.200000E+02  -1.756394E+00
  5.215000000000E+00   2.728286E+00   1.102475E+00   6.527847E+01   6.369505E-18   3.332756E-15   1.973353E-13   1.200000E+02  -1.754385E+00
  5.220000000000E+00   2.733697E+00   1.061427E+00   6.525922E+01   2.283588E-17   3.169866E-15   1.948913E-13   1.200000E+02  -1.749206E+00
  5.225000000000E+00   2.738898E+00   1.019116E+00   6.524636E+01   3.760395E-17   2.632583E-15   1.685447E-13   1.200000E+02  -1.741305E+00
  5.230000000000E+00   2.743893E+00   9.799993E-01   6.524160E+01   4.800496E-17   1.481666E-15   9.863909E-14   1.200000E+02  -1.731410E+00
  5.235000000000E+00   2.748710E+00   9.481483E-01   6.524620E+01   5.130638E-17  -4.474819E-17  -3.079317E-15   1.200000E+02  -1.720454E+00
  5.240000000000E+00   2.753392E+00   9.267469E-01   6.526066E+01   4.876410E-17  -9.881625E-16  -6.958549E-14   1.200000E+02  -1.709485E+00
  5.245000000000E+00   2.757997E+00   9.177732E-01   6.528425E+01   4.076596E-17  -2.102603E-15  -1.495651E-13   1.200000E+02  -1.699552E+00
  5.250000000000E+00   2.762590E+00   9.218866E-01   6.531487E+01   2.807558E-17  -2.923892E-15  -2.071552E-13   1.200000E+02  -1.691612E+00
  5.255000000000E+00   2.767236E+00   9.385024E-01   6.534918E+01   1.235119E-17  -3.238954E-15  -2.255327E-13   1.200000E+02  -1.686436E+00
  5.260000000000E+00   2.771993E+00   9.659927E-01   6.538318E+01  -4.623040E-18  -3.537093E-15  -2.394080E-13   1.200000E+02  -1.684542E+00
  5.265000000000E+00   2.776910E+00   1.001943E+00   6.541292E+01  -2.262038E-17  -3.325318E-15  -2.170970E-13   1.200000E+02  -1.686153E+00
  5.270000000000E+00   2.782021E+00   1.043407E+00   6.543516E+01  -3.741360E-17  -2.569158E-15  -1.611196E-13   1.200000E+02  -1.691184E+00
  5.275000000000E+00   2.787347E+00   1.087134E+00   6.544783E+01  -4.708739E-17  -1.094255E-15  -6.587652E-14   1.200000E+02  -1.699250E+00
  5.280000000000E+00   2.792891E+00   1.129763E+00   6.545010E+01  -4.924138E-17  -2.967375E-17  -1.719077E-15   1.200000E+02  -1.709702E+00
  5.285000000000E+00   2.798638E+00   1.167997E+00   6.544234E+01  -4.648384E-17   1.194870E-15   6.694801E-14   1.200000E+02  -1.721679E+00
  5.290000000000E+00   2.804559E+00   1.198779E+00   6.542585E+01  -3.769751E-17   2.346406E-15   1.280600E-13   1.200000E+02  -1.734183E+00
  5.295000000000E+00   2.810609E+00   1.219490E+00   6.540257E+01  -2.450635E-17   2.849967E-15   1.528468E-13   1.200000E+02  -1.746163E+00
  5.300000000000E+00   2.816734E+00   1.228164E+00   6.537473E+01  -9.933677E-18   2.924870E-15   1.556898E-13   1.200000E+02  -1.756611E+00
  5.305000000000E+00   2.822870E+00   1.223720E+00   6.534462E+01   3.697747E-18   2.475665E-15   1.321965E-13   1.200000E+02  -1.764642E+00
  5.310000000000E+00   2.828950E+00   1.206167E+00   6.531439E+01   1.461009E-17   1.846957E-15   1.000134E-13   1.200000E+02  -1.769579E+00
  5.315000000000E+00   2.834913E+00   1.176746E+00   6.528594E+01   2.223083E-17   1.168527E-15   6.482998E-14   1.200000E+02  -1.771007E+00
  5.320000000000E+00   2.840703E+00   1.137941E+00   6.526101E+01   2.595228E-17   3.455374E-16   1.981660E-14   1.200000E+02  -1.768817E+00
  5.325000000000E+00   2.846283E+00   1.093348E+00   6.524123E+01   2.648771E-17  -4.635797E-17  -2.766229E-15   1.200000E+02  -1.763211E+00
  5.330000000000E+00   2.851634E+00   1.047360E+00   6.522819E+01   2.645391E-17  -9.218794E-17  -5.741345E-15   1.200000E+02  -1.754700E+00
  5.335000000000E+00   2.856762E+00   1.004704E+00   6.522352E+01   2.651630E-17   2.971638E-16   1.929132E-14   1.200000E+02  -1.744069E+00
  5.340000000000E+00   2.861694E+00   9.698942E-01   6.522864E+01   2.923581E-17   7.077079E-16   4.759573E-14   1.200000E+02  -1.732318E+00
  5.345000000000E+00   2.866479E+00   9.466743E-01   6.524429E+01   3.397227E-17   8.276096E-16   5.703841E-14   1.200000E+02  -1.720581E+00
  5.350000000000E+00   2.871183E+00   9.375653E-01   6.527001E+01   3.842134E-17   9.824823E-16   6.839697E-14   1.200000E+02  -1.710026E+00
  5.355000000000E+00   2.875879E+00   9.435839E-01   6.530362E+01   4.326083E-17   1.056926E-15   7.314784E-14   1.200000E+02  -1.701740E+00
  5.360000000000E+00   2.880642E+00   9.641666E-01   6.534133E+01   4.842940E-17   9.066375E-16   6.144260E-14   1.200000E+02  -1.696616E+00
  5.365000000000E+00   2.885541E+00   9.972838E-01   6.537828E+01   5.239000E-17   4.346917E-16   2.849680E-14   1.200000E+02  -1.695250E+00
  5.370000000000E+00   2.890630E+00   1.039701E+00   6.540959E+01   5.209250E-17  -3.633421E-16  -2.285856E-14   1.200000E+02  -1.697865E+00
  5.375000000000E+00   2.895946E+00   1.087342E+00   6.543135E+01   4.831654E-17  -1.143402E-15  -6.880480E-14   1.200000E+02  -1.704276E+00
  5.380000000000E+00   2.901505E+00   1.135713E+00   6.544124E+01   4.053897E-17  -2.107541E-15  -1.214392E-13   1.200000E+02  -1.713894E+00
  5.385000000000E+00   2.907298E+00   1.180350E+00   6.543879E+01   2.796050E-17  -2.875329E-15  -1.594086E-13   1.200000E+02  -1.725794E+00
  5.390000000000E+00   2.913296E+00   1.217249E+00   6.542518E+01   1.219971E-17  -3.380039E-15  -1.816717E-13   1.200000E+02  -1.738813E+00
  5.395000000000E+00   2.919452E+00   1.243237E+00   6.540274E+01  -5.864040E-18  -3.717897E-15  -1.955867E-13   1.200000E+02  -1.751695E+00
  5.400000000000E+00   2.925707E+00   1.256260E+00   6.537447E+01  -2.337872E-17  -3.442574E-15  -1.791479E-13   1.200000E+02  -1.763239E+00
  5.405000000000E+00   2.931993E+00   1.255546E+00   6.534345E+01  -3.920021E-17  -2.922200E-15  -1.520826E-13   1.200000E+02  -1.772431E+00
  5.410000000000E+00   2.938242E+00   1.241639E+00   6.531249E+01  -5.210961E-17  -2.158102E-15  -1.135201E-13   1.200000E+02  -1.778543E+00
  5.415000000000E+00   2.944391E+00   1.216315E+00   6.528394E+01  -6.055123E-17  -1.085661E-15  -5.827128E-14   1.200000E+02  -1.781187E+00
  5.420000000000E+00   2.950391E+00   1.182373E+00   6.525965E+01  -6.227009E-17   4.455190E-16   2.458989E-14   1.200000E+02  -1.780318E+00
  5.425000000000E+00   2.956207E+00   1.143343E+00   6.524104E+01  -5.698101E-17   1.494003E-15   8.525031E-14   1.200000E+02  -1.776211E+00
  5.430000000000E+00   2.961822E+00   1.103144E+00   6.522924E+01  -4.717923E-17   2.400580E-15   1.419470E-13   1.200000E+02  -1.769407E+00
  5.435000000000E+00   2.967243E+00   1.065716E+00   6.522512E+01  -3.473925E-17   2.604258E-15   1.593886E-13   1.200000E+02  -1.760656E+00
  5.440000000000E+00   2.972490E+00   1.034663E+00   6.522925E+01  -2.152713E-17   2.475256E-15   1.560500E-13   1.200000E+02  -1.750848E+00
  5.445000000000E+00   2.977604E+00   1.012947E+00   6.524171E+01  -9.786726E-18   2.119958E-15   1.365419E-13   1.200000E+02  -1.740949E+00
  5.450000000000E+00   2.982638E+00   1.002657E+00   6.526184E+01  -1.302585E-18   1.376809E-15   8.961498E-14   1.200000E+02  -1.731924E+00
  5.455000000000E+00   2.987651E+00   1.004859E+00   6.528799E+01   2.826189E-18   1.213070E-16   7.881593E-15   1.200000E+02  -1.724670E+00
  5.460000000000E+00   2.992706E+00   1.019547E+00   6.531760E+01   1.017500E-18  -8.031500E-16  -5.145404E-14   1.200000E+02  -1.719943E+00
  5.465000000000E+00   2.997865E+00   1.045678E+00   6.534736E+01  -4.679764E-18  -1.266523E-15  -7.914861E-14   1.200000E+02  -1.718293E+00
  5.470000000000E+00   3.003178E+00   1.081279E+00   6.537381E+01  -1.115131E-17  -1.384736E-15  -8.372071E-14   1.200000E+02  -1.720012E+00
  5.475000000000E+00   3.008688E+00   1.123630E+00   6.539384E+01  -1.913124E-17  -1.500221E-15  -8.731097E-14   1.200000E+02  -1.725093E+00
  5.480000000000E+00   3.014420E+00   1.169500E+00   6.540528E+01  -2.432116E-17  -7.270717E-16  -4.066211E-14   1.200000E+02  -1.733229E+00
  5.485000000000E+00   3.020383E+00   1.215433E+00   6.540711E+01  -2.571554E-17   5.675870E-16   3.054404E-14   1.200000E+02  -1.743828E+00
  5.490000000000E+00   3.026569E+00   1.258068E+00   6.539960E+01  -1.884122E-17   2.045082E-15   1.063119E-13   1.200000E+02  -1.756076E+00
  5.495000000000E+00   3.032954E+00   1.294458E+00   6.538405E+01  -6.807116E-18   2.705677E-15   1.366658E-13   1.200000E+02  -1.769024E+00
  5.500000000000E+00   3.039500E+00   1.322360E+00   6.536251E+01   8.732251E-18   3.536341E-15   1.747966E-13   1.200000E+02  -1.781694E+00
  5.505000000000E+00   3.046162E+00   1.340457E+00   6.533742E+01   2.567238E-17   3.016456E-15   1.470300E-13   1.200000E+02  -1.793196E+00
  5.510000000000E+00   3.052889E+00   1.348477E+00   6.531123E+01   3.952859E-17   2.391328E-15   1.158200E-13   1.200000E+02  -1.802822E+00
  5.515000000000E+00   3.059632E+00   1.347204E+00   6.528615E+01   4.553022E-17   1.617899E-17   7.840416E-16   1.200000E+02  -1.810112E+00
  5.520000000000E+00   3.066349E+00   1.338373E+00   6.526400E+01   4.043452E-17  -1.912916E-15  -9.328085E-14   1.200000E+02  -1.814887E+00
  5.525000000000E+00   3.073007E+00   1.324468E+00   6.524616E+01   2.694750E-17  -3.492485E-15  -1.720474E-13   1.200000E+02  -1.817245E+00
  5.530000000000E+00   3.079590E+00   1.308453E+00   6.523354E+01   5.760396E-18  -4.837511E-15  -2.411764E-13   1.200000E+02  -1.817528E+00
  5.535000000000E+00   3.086093E+00   1.293481E+00   6.522665E+01  -1.954553E-17  -5.183904E-15  -2.614099E-13   1.200000E+02  -1.816274E+00
  5.540000000000E+00   3.092531E+00   1.282605E+00   6.522556E+01  -4.316303E-17  -4.239663E-15  -2.156036E-13   1.200000E+02  -1.814159E+00
  5.545000000000E+00   3.098930E+00   1.278536E+00   6.522988E+01  -6.202979E-17  -3.139833E-15  -1.601918E-13   1.200000E+02  -1.811935E+00
  5.550000000000E+00   3.105331E+00   1.283449E+00   6.523874E+01  -7.324581E-17  -1.310155E-15  -6.659625E-14   1.200000E+02  -1.810373E+00
  5.555000000000E+00   3.111782E+00   1.298866E+00   6.525078E+01  -7.381113E-17   9.546173E-16   4.795684E-14   1.200000E+02  -1.810201E+00
  5.560000000000E+00   3.118338E+00   1.325587E+00   6.526418E+01  -6.293104E-17   3.340865E-15   1.644847E-13   1.200000E+02  -1.812054E+00
  5.565000000000E+00   3.125056E+00   1.363678E+00   6.527688E+01  -4.230929E-17   4.801567E-15   2.298425E-13   1.200000E+02  -1.816428E+00
  5.570000000000E+00   3.131992E+00   1.412509E+00   6.528676E+01  -1.448226E-17   6.319303E-15   2.920808E-13   1.200000E+02  -1.823633E+00
  5.575000000000E+00   3.139196E+00   1.470824E+00   6.529197E+01   1.975307E-17   7.148648E-15   3.173387E-13   1.200000E+02  -1.833775E+00
  5.580000000000E+00   3.146712E+00   1.536855E+00   6.529116E+01   5.480776E-17   6.557781E-15   2.785983E-13   1.200000E+02  -1.846733E+00
  5.585000000000E+00   3.154574E+00   1.608482E+00   6.528369E+01   8.463772E-17   5.384974E-15   2.185607E-13   1.200000E+02  -1.862176E+00
  5.590000000000E+00   3.162802E+00   1.683430E+00   6.526966E+01   1.091192E-16   3.938334E-15   1.526965E-13   1.200000E+02  -1.879592E+00
  5.595000000000E+00   3.171410E+00   1.759492E+00   6.524991E+01   1.220065E-16   1.290698E-15   4.786491E-14   1.200000E+02  -1.898345E+00
  5.600000000000E+00   3.180396E+00   1.834770E+00   6.522577E+01   1.225490E-16  -1.119113E-15  -3.978428E-14   1.200000E+02  -1.917753E+00
  5.605000000000E+00   3.189754E+00   1.907891E+00   6.519890E+01   1.129971E-16  -2.941179E-15  -1.005098E-13   1.200000E+02  -1.937174E+00
  5.610000000000E+00   3.199470E+00   1.978165E+00   6.517094E+01   9.473317E-17  -4.171107E-15  -1.374178E-13   1.200000E+02  -1.956076E+00
  5.615000000000E+00   3.209531E+00   2.045665E+00   6.514339E+01   6.884514E-17  -5.593008E-15  -1.781071E-13   1.200000E+02  -1.974103E+00
  5.620000000000E+00   3.219924E+00   2.111199E+00   6.511732E+01   4.170515E-17  -5.098068E-15  -1.572436E-13   1.200000E+02  -1.991094E+00
  5.625000000000E+00   3.230642E+00   2.176164E+00   6.509340E+01   1.744129E-17  -4.814631E-15  -1.440152E-13   1.200000E+02  -2.007084E+00
  5.630000000000E+00   3.241687E+00   2.242321E+00   6.507181E+01  -8.175499E-18  -4.989487E-15  -1.447941E-13   1.200000E+02  -2.022266E+00
  5.635000000000E+00   3.253070E+00   2.311498E+00   6.505233E+01  -3.250992E-17  -4.627416E-15  -1.302290E-13   1.200000E+02  -2.036936E+00
  5.640000000000E+00   3.264810E+00   2.385289E+00   6.503444E+01  -5.142430E-17  -3.093040E-15  -8.433113E-14   1.200000E+02  -2.051430E+00
  5.645000000000E+00   3.276932E+00   2.464777E+00   6.501743E+01  -6.578459E-17  -2.931842E-15  -7.733796E-14   1.200000E+02  -2.066053E+00
  5.650000000000E+00   3.289467E+00   2.550337E+00   6.500054E+01  -8.223307E-17  -3.698498E-15  -9.426379E-14   1.200000E+02  -2.081025E+00
  5.655000000000E+00   3.302445E+00   2.641531E+00   6.498315E+01  -1.020852E-16  -3.903797E-15  -9.603560E-14   1.200000E+02  -2.096442E+00
  5.660000000000E+00   3.315890E+00   2.737117E+00   6.496485E+01  -1.198406E-16  -3.343442E-15  -7.935583E-14   1.200000E+02  -2.112254E+00
  5.665000000000E+00   3.329820E+00   2.835147E+00   6.494550E+01  -1.349785E-16  -2.415377E-15  -5.532973E-14   1.200000E+02  -2.128276E+00
  5.670000000000E+00   3.344241E+00   2.933142E+00   6.492529E+01  -1.429862E-16  -1.005164E-15  -2.224937E-14   1.200000E+02  -2.144211E+00
  5.675000000000E+00   3.359147E+00   3.028320E+00   6.490462E+01  -1.436978E-16   9.350897E-16   2.004136E-14   1.200000E+02  -2.159692E+00
  5.680000000000E+00   3.374515E+00   3.117819E+00   6.488404E+01  -1.330796E-16   3.438335E-15   7.155420E-14   1.200000E+02  -2.174331E+00
  5.685000000000E+00   3.390311E+00   3.198922E+00   6.486416E+01  -1.073771E-16   6.980384E-15   1.415404E-13   1.200000E+02  -2.187761E+00
  5.690000000000E+00   3.406487E+00   3.269228E+00   6.484556E+01  -6.207308E-17   1.106148E-14   2.194059E-13   1.200000E+02  -2.199665E+00
  5.695000000000E+00   3.422983E+00   3.326778E+00   6.482871E+01   1.695873E-18   1.416238E-14   2.759814E-13   1.200000E+02  -2.209799E+00
  5.700000000000E+00   3.439732E+00   3.370124E+00   6.481396E+01   7.423896E-17   1.444100E-14   2.777282E-13   1.200000E+02  -2.217996E+00
  5.705000000000E+00   3.456660E+00   3.398346E+00   6.480153E+01   1.440961E-16   1.339466E-14   2.554167E-13   1.200000E+02  -2.224160E+00
  5.710000000000E+00   3.473691E+00   3.411018E+00   6.479151E+01   2.061774E-16   1.087314E-14   2.065329E-13   1.200000E+02  -2.228257E+00
  5.715000000000E+00   3.490746E+00   3.408141E+00   6.478394E+01   2.508347E-16   6.935376E-15   1.318317E-13   1.200000E+02  -2.230299E+00
  5.720000000000E+00   3.507748E+00   3.390041E+00   6.477873E+01   2.745489E-16   2.390853E-15   4.568571E-14   1.200000E+02  -2.230327E+00
  5.725000000000E+00   3.524623E+00   3.357254E+00   6.477579E+01   2.712267E-16  -3.394238E-15  -6.548937E-14   1.200000E+02  -2.228401E+00
  5.730000000000E+00   3.541298E+00   3.310393E+00   6.477496E+01   2.440746E-16  -7.196968E-15  -1.408241E-13   1.200000E+02  -2.224581E+00
  5.735000000000E+00   3.557705E+00   3.250031E+00   6.477608E+01   1.975828E-16  -1.136976E-14  -2.266096E-13   1.200000E+02  -2.218916E+00
  5.740000000000E+00   3.573777E+00   3.176596E+00   6.477897E+01   1.323879E-16  -1.439116E-14  -2.934729E-13   1.200000E+02  -2.211426E+00
  5.745000000000E+00   3.589450E+00   3.090315E+00   6.478346E+01   5.616773E-17  -1.573649E-14  -3.298900E-13   1.200000E+02  -2.202099E+00
  5.750000000000E+00   3.604660E+00   2.991210E+00   6.478937E+01  -2.373659E-17  -1.642529E-14  -3.557704E-13   1.200000E+02  -2.190879E+00
  5.755000000000E+00   3.619342E+00   2.879174E+00   6.479654E+01  -1.050227E-16  -1.550354E-14  -3.489110E-13   1.200000E+02  -2.177663E+00
  5.760000000000E+00   3.633431E+00   2.754107E+00   6.480482E+01  -1.746427E-16  -1.243623E-14  -2.926275E-13   1.200000E+02  -2.162309E+00
  5.765000000000E+00   3.646862E+00   2.616124E+00   6.481405E+01  -2.297805E-16  -9.652118E-15  -2.391296E-13   1.200000E+02  -2.144644E+00
  5.770000000000E+00   3.659572E+00   2.465791E+00   6.482407E+01  -2.701544E-16  -6.336806E-15  -1.665906E-13   1.200000E+02  -2.124486E+00
  5.775000000000E+00   3.671502E+00   2.304366E+00   6.483472E+01  -2.921062E-16  -2.362385E-15  -6.646713E-14   1.200000E+02  -2.101671E+00
  5.780000000000E+00   3.682601E+00   2.133999E+00   6.484582E+01  -2.943624E-16   1.460107E-15   4.436827E-14   1.200000E+02  -2.076085E+00
  5.785000000000E+00   3.692833E+00   1.957845E+00   6.485721E+01  -2.788289E-16   4.434681E-15   1.469070E-13   1.200000E+02  -2.047706E+00
  5.790000000000E+00   3.702177E+00   1.780062E+00   6.486883E+01  -2.488445E-16   7.211534E-15   2.628019E-13   1.200000E+02  -2.016642E+00
  5.795000000000E+00   3.710639E+00   1.605676E+00   6.488083E+01  -2.091990E-16   8.495530E-15   3.432804E-13   1.200000E+02  -1.983169E+00
  5.800000000000E+00   3.718248E+00   1.440302E+00   6.489387E+01  -1.651025E-16   8.911332E-15   4.015065E-13   1.200000E+02  -1.947768E+00
  5.805000000000E+00   3.725066E+00   1.289751E+00   6.490930E+01  -1.198415E-16   9.011536E-15   4.535234E-13   1.200000E+02  -1.911150E+00
  5.810000000000E+00   3.731179E+00   1.159551E+00   6.492947E+01  -7.683247E-17   7.954991E-15   4.454424E-13   1.200000E+02  -1.874255E+00
  5.815000000000E+00   3.736701E+00   1.054450E+00   6.495767E+01  -4.074110E-17   6.376816E-15   3.928333E-13   1.200000E+02  -1.838239E+00
  5.820000000000E+00   3.741769E+00   9.779825E-01   6.499752E+01  -1.207558E-17   4.886424E-15   3.247557E-13   1.200000E+02  -1.804425E+00
  5.825000000000E+00   3.746530E+00   9.321935E-01   6.505163E+01   7.991075E-18   3.218758E-15   2.246159E-13   1.200000E+02  -1.774223E+00
  5.830000000000E+00   3.751141E+00   9.175846E-01   6.511998E+01   2.075467E-17   1.844849E-15   1.309269E-13   1.200000E+02  -1.749035E+00
  5.835000000000E+00   3.755755E+00   9.332722E-01   6.519887E+01   2.479117E-17  -2.873959E-16  -2.007762E-14   1.200000E+02  -1.730151E+00
  5.840000000000E+00   3.760519E+00   9.772608E-01   6.528123E+01   1.852993E-17  -2.160939E-15  -1.443512E-13   1.200000E+02  -1.718648E+00
  5.845000000000E+00   3.765568E+00   1.046703E+00   6.535824E+01   3.491771E-18  -3.755848E-15  -2.345227E-13   1.200000E+02  -1.715297E+00
  5.850000000000E+00   3.771021E+00   1.138070E+00   6.542141E+01  -1.821316E-17  -4.771067E-15  -2.742625E-13   1.200000E+02  -1.720476E+00
  5.855000000000E+00   3.776977E+00   1.247232E+00   6.546418E+01  -4.378413E-17  -5.462496E-15  -2.867131E-13   1.200000E+02  -1.734094E+00
  5.860000000000E+00   3.783514E+00   1.369503E+00   6.548289E+01  -7.162817E-17  -5.600900E-15  -2.678075E-13   1.200000E+02  -1.755529E+00
  5.865000000000E+00   3.790685E+00   1.499698E+00   6.547697E+01  -9.916555E-17  -5.337169E-15  -2.330214E-13   1.200000E+02  -1.783607E+00
  5.870000000000E+00   3.798515E+00   1.632263E+00   6.544875E+01  -1.230080E-16  -3.735291E-15  -1.497737E-13   1.200000E+02  -1.816642E+00
  5.875000000000E+00   3.807002E+00   1.761475E+00   6.540281E+01  -1.366081E-16  -1.864505E-15  -6.922826E-14   1.200000E+02  -1.852557E+00
  5.880000000000E+00   3.816116E+00   1.881726E+00   6.534507E+01  -1.413278E-16  -1.823310E-17  -6.331649E-16   1.200000E+02  -1.889090E+00
  5.885000000000E+00   3.825797E+00   1.987856E+00   6.528182E+01  -1.374812E-16   1.509407E-15   4.956940E-14   1.200000E+02  -1.924053E+00
  5.890000000000E+00   3.835964E+00   2.075498E+00   6.521869E+01  -1.277569E-16   2.114109E-15   6.643197E-14   1.200000E+02  -1.955582E+00
  5.895000000000E+00   3.846517E+00   2.141374E+00   6.516005E+01  -1.172098E-16   2.242347E-15   6.823258E-14   1.200000E+02  -1.982315E+00
  5.900000000000E+00   3.857340E+00   2.183479E+00   6.510867E+01  -1.035264E-16   3.166652E-15   9.442568E-14   1.200000E+02  -2.003450E+00
  5.905000000000E+00   3.868313E+00   2.201134E+00   6.506585E+01  -8.713680E-17   3.806935E-15   1.125336E-13   1.200000E+02  -2.018694E+00
  5.910000000000E+00   3.879313E+00   2.194873E+00   6.503181E+01  -6.326265E-17   5.644730E-15   1.672475E-13   1.200000E+02  -2.028138E+00
  5.915000000000E+00   3.890225E+00   2.166217E+00   6.500598E+01  -3.004275E-17   7.634740E-15   2.291109E-13   1.200000E+02  -2.032120E+00
  5.920000000000E+00   3.900943E+00   2.117381E+00   6.498747E+01   1.086785E-17   8.448707E-15   2.593109E-13   1.200000E+02  -2.031102E+00
  5.925000000000E+00   3.911371E+00   2.050978E+00   6.497519E+01   5.327078E-17   8.290425E-15   2.626416E-13   1.200000E+02  -2.025579E+00
  5.930000000000E+00   3.921429E+00   1.969772E+00   6.496809E+01   8.979248E-17   6.001932E-15   1.979590E-13   1.200000E+02  -2.016026E+00
  5.935000000000E+00   3.931050E+00   1.876531E+00   6.496514E+01   1.131029E-16   3.368534E-15   1.166180E-13   1.200000E+02  -2.002874E+00
  5.940000000000E+00   3.940179E+00   1.773973E+00   6.496548E+01   1.219718E-16  -1.000443E-16  -3.663770E-15   1.200000E+02  -1.986499E+00
  5.945000000000E+00   3.948779E+00   1.664794E+00   6.496836E+01   1.115846E-16  -3.882257E-15  -1.515046E-13   1.200000E+02  -1.967240E+00
  5.950000000000E+00   3.956821E+00   1.551752E+00   6.497322E+01   8.725501E-17  -5.862321E-15  -2.454605E-13   1.200000E+02  -1.945414E+00
  5.955000000000E+00   3.964295E+00   1.437760E+00   6.497976E+01   5.250908E-17  -7.677744E-15  -3.469968E-13   1.200000E+02  -1.921352E+00
  5.960000000000E+00   3.971202E+00   1.325937E+00   6.498798E+01   1.311319E-17  -7.804559E-15  -3.825240E-13   1.200000E+02  -1.895431E+00
  5.965000000000E+00   3.977563E+00   1.219610E+00   6.499834E+01  -2.472408E-17  -7.173396E-15  -3.823017E-13   1.200000E+02  -1.868106E+00
  5.970000000000E+00   3.983413E+00   1.122235E+00   6.501184E+01  -5.649228E-17  -5.432996E-15  -3.147370E-13   1.200000E+02  -1.839943E+00
  5.975000000000E+00   3.988805E+00   1.037257E+00   6.503010E+01  -7.952035E-17  -3.509254E-15  -2.200103E-13   1.200000E+02  -1.811636E+00
  5.980000000000E+00   3.993810E+00   9.679157E-01   6.505528E+01  -9.024296E-17  -7.791696E-16  -5.236933E-14   1.200000E+02  -1.784011E+00
  5.985000000000E+00   3.998514E+00   9.170601E-01   6.508964E+01  -8.853036E-17   1.403284E-15   9.960004E-14   1.200000E+02  -1.758021E+00
  5.990000000000E+00   4.003014E+00   8.869848E-01   6.513491E+01  -7.713706E-17   2.998418E-15   2.201861E-13   1.200000E+02  -1.734715E+00
  5.995000000000E+00   4.007420E+00   8.793376E-01   6.519131E+01  -6.020681E-17   3.571009E-15   2.647433E-13   1.200000E+02  -1.715196E+00
  6.000000000000E+00   4.011845E+00   8.950920E-01   6.525683E+01  -4.260916E-17   3.298004E-15   2.404416E-13   1.200000E+02  -1.700576E+00
  6.005000000000E+00   4.016409E+00   9.345498E-01   6.532700E+01  -2.450317E-17   3.600018E-15   2.516488E-13   1.200000E+02  -1.691905E+00
  6.010000000000E+00   4.021228E+00   9.973151E-01   6.539539E+01  -6.735043E-18   3.315263E-15   2.173866E-13   1.200000E+02  -1.690099E+00
  6.015000000000E+00   4.026417E+00   1.082193E+00   6.545473E+01   3.869364E-18   1.074942E-15   6.501621E-14   1.200000E+02  -1.695849E+00
  6.020000000000E+00   4.032082E+00   1.187006E+00   6.549820E+01   6.260636E-18  -6.592501E-17  -3.637698E-15   1.200000E+02  -1.709504E+00
  6.025000000000E+00   4.038314E+00   1.308371E+00   6.552055E+01   4.317488E-18  -7.263586E-16  -3.637455E-14   1.200000E+02  -1.730951E+00
  6.030000000000E+00   4.045184E+00   1.441499E+00   6.551895E+01  -1.153299E-18  -1.578874E-15  -7.176292E-14   1.200000E+02  -1.759488E+00
  6.035000000000E+00   4.052738E+00   1.580109E+00   6.549350E+01  -1.180284E-17  -2.251209E-15  -9.330974E-14   1.200000E+02  -1.793746E+00
  6.040000000000E+00   4.060982E+00   1.716520E+00   6.544716E+01  -2.397054E-17  -2.474922E-15  -9.436338E-14   1.200000E+02  -1.831695E+00
  6.045000000000E+00   4.069885E+00   1.841981E+00   6.538528E+01  -3.214618E-17  -1.038591E-15  -3.686713E-14   1.200000E+02  -1.870783E+00
  6.050000000000E+00   4.079370E+00   1.947255E+00   6.531456E+01  -3.490437E-17  -1.379308E-16  -4.626455E-15   1.200000E+02  -1.908202E+00
  6.055000000000E+00   4.089311E+00   2.023434E+00   6.524186E+01  -3.065525E-17   1.981371E-15   6.388561E-14   1.200000E+02  -1.941240E+00
  6.060000000000E+00   4.099545E+00   2.062897E+00   6.517292E+01  -1.859113E-17   2.257766E-15   7.132942E-14   1.200000E+02  -1.967624E+00
  6.065000000000E+00   4.109873E+00   2.060280E+00   6.511167E+01  -8.249829E-18   1.972006E-15   6.232191E-14   1.200000E+02  -1.985729E+00
  6.070000000000E+00   4.120077E+00   2.013302E+00   6.506001E+01   2.318708E-18   1.645777E-15   5.318339E-14   1.200000E+02  -1.994631E+00
  6.075000000000E+00   4.129937E+00   1.923283E+00   6.501808E+01   6.122933E-18  -4.637259E-17  -1.567662E-15   1.200000E+02  -1.994032E+00
  6.080000000000E+00   4.139248E+00   1.795273E+00   6.498480E+01   3.445549E-18  -9.516339E-16  -3.444697E-14   1.200000E+02  -1.984129E+00
  6.085000000000E+00   4.147842E+00   1.637748E+00   6.495839E+01  -8.013713E-19  -4.709796E-16  -1.868058E-14   1.200000E+02  -1.965505E+00
  6.090000000000E+00   4.155597E+00   1.461892E+00   6.493701E+01  -2.163177E-18  -2.514666E-16  -1.117010E-14   1.200000E+02  -1.939066E+00
  6.095000000000E+00   4.162452E+00   1.280566E+00   6.491940E+01  -2.592606E-18   2.617760E-16   1.327096E-14   1.200000E+02  -1.906033E+00
  6.100000000000E+00   4.168415E+00   1.107038E+00   6.490589E+01   8.385901E-20   7.670190E-16   4.497049E-14   1.200000E+02  -1.867949E+00
  6.105000000000E+00   4.173555E+00   9.536268E-01   6.489951E+01   4.596845E-18   9.225531E-16   6.278478E-14   1.200000E+02  -1.826683E+00
  6.110000000000E+00   4.177999E+00   8.303924E-01   6.490690E+01   1.039657E-17   1.636603E-15   1.279237E-13   1.200000E+02  -1.784391E+00
  6.115000000000E+00   4.181918E+00   7.440885E-01   6.493739E+01   1.940067E-17   1.807460E-15   1.577390E-13   1.200000E+02  -1.743422E+00
  6.120000000000E+00   4.185504E+00   6.976580E-01   6.499912E+01   2.697354E-17   1.371213E-15   1.277526E-13   1.200000E+02  -1.706150E+00
  6.125000000000E+00   4.188958E+00   6.904915E-01   6.509320E+01   3.235526E-17   9.653581E-16   9.100511E-14   1.200000E+02  -1.674787E+00
  6.130000000000E+00   4.192467E+00   7.193391E-01   6.521070E+01   3.834684E-17   1.103915E-15   1.000739E-13   1.200000E+02  -1.651199E+00
  6.135000000000E+00   4.196201E+00   7.793936E-01   6.533547E+01   4.338445E-17   9.506091E-16   7.968822E-14   1.200000E+02  -1.636787E+00
  6.140000000000E+00   4.200302E+00   8.650791E-01   6.545015E+01   4.565778E-17   1.396118E-16   1.056275E-14   1.200000E+02  -1.632400E+00
  6.145000000000E+00   4.204883E+00   9.704382E-01   6.554098E+01   4.512583E-17  -4.350975E-16  -2.938540E-14   1.200000E+02  -1.638280E+00
  6.150000000000E+00   4.210028E+00   1.089268E+00   6.559970E+01   4.108172E-17  -1.457207E-15  -8.775838E-14   1.200000E+02  -1.654014E+00
  6.155000000000E+00   4.215787E+00   1.215176E+00   6.562349E+01   2.812502E-17  -3.673201E-15  -1.983649E-13   1.200000E+02  -1.678511E+00
  6.160000000000E+00   4.222181E+00   1.341661E+00   6.561406E+01   6.658917E-18  -5.079918E-15  -2.484338E-13   1.200000E+02  -1.710023E+00
  6.165000000000E+00   4.229194E+00   1.462249E+00   6.557659E+01  -2.263748E-17  -6.841386E-15  -3.068115E-13   1.200000E+02  -1.746243E+00
  6.170000000000E+00   4.236784E+00   1.570692E+00   6.551844E+01  -5.863630E-17  -7.025171E-15  -2.930417E-13   1.200000E+02  -1.784493E+00
  6.175000000000E+00   4.244873E+00   1.661248E+00   6.544789E+01  -9.203127E-17  -6.536384E-15  -2.575128E-13   1.200000E+02  -1.821998E+00
  6.180000000000E+00   4.253360E+00   1.729005E+00   6.537288E+01  -1.236480E-16  -5.798684E-15  -2.192455E-13   1.200000E+02  -1.856195E+00
  6.185000000000E+00   4.262120E+00   1.770235E+00   6.529998E+01  -1.461451E-16  -2.885970E-15  -1.064570E-13   1.200000E+02  -1.885006E+00
  6.190000000000E+00   4.271016E+00   1.782713E+00   6.523378E+01  -1.515321E-16   5.542314E-16   2.028067E-14   1.200000E+02  -1.907004E+00
  6.195000000000E+00   4.279900E+00   1.765957E+00   6.517687E+01  -1.419980E-16   3.591818E-15   1.325646E-13   1.200000E+02  -1.921435E+00
  6.200000000000E+00   4.288631E+00   1.721315E+00   6.513009E+01  -1.161991E-16   6.777691E-15   2.564502E-13   1.200000E+02  -1.928129E+00
  6.205000000000E+00   4.297074E+00   1.651889E+00   6.509311E+01  -7.652399E-17   9.132996E-15   3.598880E-13   1.200000E+02  -1.927362E+00
  6.210000000000E+00   4.305117E+00   1.562294E+00   6.506495E+01  -2.282651E-17   1.190020E-14   4.956082E-13   1.200000E+02  -1.919711E+00
  6.215000000000E+00   4.312674E+00   1.458276E+00   6.504442E+01   3.746077E-17   1.125879E-14   5.021832E-13   1.200000E+02  -1.905954E+00
  6.220000000000E+00   4.319687E+00   1.346248E+00   6.503052E+01   8.974603E-17   9.128434E-15   4.409491E-13   1.200000E+02  -1.887004E+00
  6.225000000000E+00   4.326134E+00   1.232785E+00   6.502269E+01   1.264946E-16   5.832149E-15   3.076140E-13   1.200000E+02  -1.863874E+00
  6.230000000000E+00   4.332023E+00   1.124140E+00   6.502102E+01   1.470957E-16   2.015417E-15   1.165730E-13   1.200000E+02  -1.837664E+00
  6.235000000000E+00   4.337392E+00   1.025824E+00   6.502641E+01   1.489590E-16  -1.150026E-15  -7.289950E-14   1.200000E+02  -1.809541E+00
  6.240000000000E+00   4.342305E+00   9.422983E-01   6.504044E+01   1.373405E-16  -3.385552E-15  -2.336816E-13   1.200000E+02  -1.780721E+00
  6.245000000000E+00   4.346844E+00   8.768001E-01   6.506506E+01   1.168580E-16  -4.916409E-15  -3.648340E-13   1.200000E+02  -1.752436E+00
  6.250000000000E+00   4.351105E+00   8.313223E-01   6.510192E+01   8.912846E-17  -6.130064E-15  -4.800532E-13   1.200000E+02  -1.725899E+00
  6.255000000000E+00   4.355190E+00   8.067319E-01   6.515146E+01   5.725261E-17  -6.605159E-15  -5.334309E-13   1.200000E+02  -1.702264E+00
  6.260000000000E+00   4.359206E+00   8.029905E-01   6.521226E+01   2.427790E-17  -6.371827E-15  -5.174672E-13   1.200000E+02  -1.682582E+00
  6.265000000000E+00   4.363253E+00   8.194068E-01   6.528078E+01  -6.050856E-18  -5.597540E-15  -4.459467E-13   1.200000E+02  -1.667777E+00
  6.270000000000E+00   4.367430E+00   8.548429E-01   6.535182E+01  -3.135472E-17  -4.335391E-15  -3.314359E-13   1.200000E+02  -1.658609E+00
  6.275000000000E+00   4.371829E+00   9.078161E-01   6.541935E+01  -4.836520E-17  -2.550982E-15  -1.838297E-13   1.200000E+02  -1.655650E+00
  6.280000000000E+00   4.376533E+00   9.764758E-01   6.547742E+01  -5.650725E-17  -8.598000E-16  -5.765374E-14   1.200000E+02  -1.659246E+00
  6.285000000000E+00   4.381615E+00   1.058479E+00   6.552096E+01  -5.437543E-17   1.634066E-15   1.011503E-13   1.200000E+02  -1.669461E+00
  6.290000000000E+00   4.387135E+00   1.150814E+00   6.554633E+01  -4.258673E-17   3.247610E-15   1.849725E-13   1.200000E+02  -1.686025E+00
  6.295000000000E+00   4.393134E+00   1.249632E+00   6.555167E+01  -2.169472E-17   4.587577E-15   2.406495E-13   1.200000E+02  -1.708265E+00
  6.300000000000E+00   4.399634E+00   1.350170E+00   6.553709E+01   3.589559E-18   5.134314E-15   2.492189E-13   1.200000E+02  -1.735067E+00
  6.305000000000E+00   4.406629E+00   1.446800E+00   6.550458E+01   2.998664E-17   5.508465E-15   2.493985E-13   1.200000E+02  -1.764885E+00
  6.310000000000E+00   4.414086E+00   1.533254E+00   6.545776E+01   5.767590E-17   5.600612E-15   2.391016E-13   1.200000E+02  -1.795810E+00
  6.315000000000E+00   4.421935E+00   1.603044E+00   6.540131E+01   8.612305E-17   5.244309E-15   2.139584E-13   1.200000E+02  -1.825722E+00
  6.320000000000E+00   4.430079E+00   1.650023E+00   6.534025E+01   1.109415E-16   4.772288E-15   1.889808E-13   1.200000E+02  -1.852500E+00
  6.325000000000E+00   4.438391E+00   1.669057E+00   6.527917E+01   1.336673E-16   4.149614E-15   1.622972E-13   1.200000E+02  -1.874243E+00
  6.330000000000E+00   4.446720E+00   1.656712E+00   6.522163E+01   1.533379E-16   4.385829E-15   1.726618E-13   1.200000E+02  -1.889447E+00
  6.335000000000E+00   4.454906E+00   1.611829E+00   6.516985E+01   1.763847E-16   4.910608E-15   1.985468E-13   1.200000E+02  -1.897111E+00
  6.340000000000E+00   4.462788E+00   1.535924E+00   6.512473E+01   2.012902E-16   4.770184E-15   2.022606E-13   1.200000E+02  -1.896752E+00
  6.345000000000E+00   4.470222E+00   1.433290E+00   6.508613E+01   2.225394E-16   3.128091E-15   1.420475E-13   1.200000E+02  -1.888371E+00
  6.350000000000E+00   4.477089E+00   1.310802E+00   6.505332E+01   2.294204E-16   3.353057E-17   1.664076E-15   1.200000E+02  -1.872401E+00
  6.355000000000E+00   4.483312E+00   1.177396E+00   6.502567E+01   2.258400E-16  -1.651965E-15  -9.123532E-14   1.200000E+02  -1.849663E+00
  6.360000000000E+00   4.488862E+00   1.043281E+00   6.500348E+01   2.113107E-16  -4.038848E-15  -2.516476E-13   1.200000E+02  -1.821341E+00
  6.365000000000E+00   4.493761E+00   9.189314E-01   6.498898E+01   1.876533E-16  -5.518357E-15  -3.902711E-13   1.200000E+02  -1.788969E+00
  6.370000000000E+00   4.498082E+00   8.139696E-01   6.498717E+01   1.556045E-16  -7.102522E-15  -5.670640E-13   1.200000E+02  -1.754397E+00
  6.375000000000E+00   4.501944E+00   7.360902E-01   6.500560E+01   1.175179E-16  -7.867803E-15  -6.948214E-13   1.200000E+02  -1.719724E+00
  6.380000000000E+00   4.505495E+00   6.902577E-01   6.505180E+01   7.986983E-17  -7.127813E-15  -6.717449E-13   1.200000E+02  -1.687175E+00
  6.385000000000E+00   4.508901E+00   6.784273E-01   6.512880E+01   4.629082E-17  -6.394138E-15  -6.138352E-13   1.200000E+02  -1.658946E+00
  6.390000000000E+00   4.512332E+00   6.998513E-01   6.523133E+01   1.853227E-17  -4.542156E-15  -4.233626E-13   1.200000E+02  -1.637028E+00
  6.395000000000E+00   4.515948E+00   7.517174E-01   6.534629E+01   1.046926E-18  -1.931918E-15  -1.679403E-13   1.200000E+02  -1.623056E+00
  6.400000000000E+00   4.519891E+00   8.297329E-01   6.545723E+01   1.454752E-18   2.056594E-15   1.622437E-13   1.200000E+02  -1.618184E+00
  6.405000000000E+00   4.524279E+00   9.284587E-01   6.554927E+01   1.927639E-17   5.127979E-15   3.620358E-13   1.200000E+02  -1.622976E+00
  6.410000000000E+00   4.529199E+00   1.041457E+00   6.561202E+01   5.275978E-17   8.430775E-15   5.311407E-13   1.200000E+02  -1.637302E+00
  6.415000000000E+00   4.534705E+00   1.161414E+00   6.564056E+01   1.020280E-16   1.090345E-14   6.162386E-13   1.200000E+02  -1.660261E+00
  6.420000000000E+00   4.540811E+00   1.280359E+00   6.563502E+01   1.612100E-16   1.240934E-14   6.361400E-13   1.200000E+02  -1.690159E+00
  6.425000000000E+00   4.547493E+00   1.390021E+00   6.559976E+01   2.230985E-16   1.202966E-14   5.677199E-13   1.200000E+02  -1.724589E+00
  6.430000000000E+00   4.554684E+00   1.482349E+00   6.554198E+01   2.780935E-16   9.507522E-15   4.203746E-13   1.200000E+02  -1.760634E+00
  6.435000000000E+00   4.562278E+00   1.550136E+00   6.547031E+01   3.143406E-16   4.537232E-15   1.916310E-13   1.200000E+02  -1.795195E+00
  6.440000000000E+00   4.570137E+00   1.587708E+00   6.539323E+01   3.217333E-16  -1.298744E-15  -5.349163E-14   1.200000E+02  -1.825375E+00
  6.445000000000E+00   4.578101E+00   1.591586E+00   6.531778E+01   3.016696E-16  -6.315225E-15  -2.591732E-13   1.200000E+02  -1.848838E+00
  6.450000000000E+00   4.585997E+00   1.561002E+00   6.524880E+01   2.622040E-16  -9.190552E-15  -3.841586E-13   1.200000E+02  -1.864024E+00
  6.455000000000E+00   4.593659E+00   1.498171E+00   6.518884E+01   2.122127E-16  -1.013848E-14  -4.411485E-13   1.200000E+02  -1.870210E+00
  6.460000000000E+00   4.600936E+00   1.408235E+00   6.513864E+01   1.643298E-16  -9.086975E-15  -4.203228E-13   1.200000E+02  -1.867427E+00
  6.465000000000E+00   4.607710E+00   1.298851E+00   6.509786E+01   1.239816E-16  -6.931569E-15  -3.474073E-13   1.200000E+02  -1.856316E+00
  6.470000000000E+00   4.613908E+00   1.179458E+00   6.506605E+01   9.527468E-17  -4.529557E-15  -2.498779E-13   1.200000E+02  -1.837992E+00
  6.475000000000E+00   4.619505E+00   1.060294E+00   6.504356E+01   7.876396E-17  -2.235811E-15  -1.371554E-13   1.200000E+02  -1.813936E+00
  6.480000000000E+00   4.624527E+00   9.512938E-01   6.503233E+01   7.280492E-17  -5.554298E-16  -3.797028E-14   1.200000E+02  -1.785916E+00
  6.485000000001E+00   4.629048E+00   8.609887E-01   6.503608E+01   7.094849E-17  -2.694018E-16  -2.034967E-14   1.200000E+02  -1.755908E+00
  6.490000000001E+00   4.633177E+00   7.956132E-01   6.505947E+01   7.198665E-17   5.703842E-16   4.664188E-14   1.200000E+02  -1.725990E+00
  6.495000000001E+00   4.637050E+00   7.585831E-01   6.510578E+01   7.655920E-17   1.229234E-15   1.054996E-13   1.200000E+02  -1.698222E+00
  6.500000000001E+00   4.640809E+00   7.504688E-01   6.517416E+01   8.210345E-17   9.502268E-16   8.252205E-14   1.200000E+02  -1.674488E+00
  6.505000000001E+00   4.644598E+00   7.694058E-01   6.525820E+01   8.671607E-17   6.908742E-16   5.859743E-14   1.200000E+02  -1.656357E+00
  6.510000000001E+00   4.648541E+00   8.117172E-01   6.534735E+01   8.775480E-17  -2.263347E-16  -1.822109E-14   1.200000E+02  -1.644968E+00
  6.515000000001E+00   4.652744E+00   8.725118E-01   6.543004E+01   8.300243E-17  -1.611007E-15  -1.208101E-13   1.200000E+02  -1.640942E+00
  6.520000000001E+00   4.657287E+00   9.461524E-01   6.549657E+01   7.374917E-17  -2.263428E-15  -1.566838E-13   1.200000E+02  -1.644336E+00
  6.525000000001E+00   4.662217E+00   1.026623E+00   6.554081E+01   5.993442E-17  -3.154244E-15  -2.013707E-13   1.200000E+02  -1.654625E+00
  6.530000000001E+00   4.667554E+00   1.107857E+00   6.556050E+01   4.195497E-17  -3.932467E-15  -2.327146E-13   1.200000E+02  -1.670737E+00
  6.535000000001E+00   4.673287E+00   1.184077E+00   6.555676E+01   2.275956E-17  -3.814916E-15  -2.112139E-13   1.200000E+02  -1.691129E+00
  6.540000000001E+00   4.679379E+00   1.250133E+00   6.553324E+01   5.815730E-18  -2.813855E-15  -1.475051E-13   1.200000E+02  -1.713939E+00
  6.545000000001E+00   4.685766E+00   1.301838E+00   6.549510E+01  -6.268790E-18  -1.741247E-15  -8.760165E-14   1.200000E+02  -1.737175E+00
  6.550000000001E+00   4.692369E+00   1.336249E+00   6.544801E+01  -1.206350E-17  -4.357694E-16  -2.134351E-14   1.200000E+02  -1.758932E+00
  6.555000000001E+00   4.699098E+00   1.351869E+00   6.539731E+01  -1.025485E-17   1.482457E-15   7.171459E-14   1.200000E+02  -1.777589E+00
  6.560000000001E+00   4.705858E+00   1.348727E+00   6.534743E+01   1.949790E-18   3.659710E-15   1.773173E-13   1.200000E+02  -1.791958E+00
  6.565000000001E+00   4.712558E+00   1.328318E+00   6.530165E+01   2.421380E-17   5.168410E-15   2.540851E-13   1.200000E+02  -1.801349E+00
  6.570000000001E+00   4.719118E+00   1.293389E+00   6.526210E+01   5.341019E-17   5.978498E-15   3.016645E-13   1.200000E+02  -1.805561E+00
  6.575000000001E+00   4.725474E+00   1.247605E+00   6.522999E+01   8.349179E-17   5.889299E-15   3.079172E-13   1.200000E+02  -1.804812E+00
  6.580000000001E+00   4.731583E+00   1.195126E+00   6.520586E+01   1.098296E-16   4.692289E-15   2.560105E-13   1.200000E+02  -1.799647E+00
  6.585000000001E+00   4.737421E+00   1.140164E+00   6.518990E+01   1.288702E-16   3.428389E-15   1.960211E-13   1.200000E+02  -1.790830E+00
  6.590000000001E+00   4.742987E+00   1.086578E+00   6.518207E+01   1.422087E-16   2.183010E-15   1.309553E-13   1.200000E+02  -1.779254E+00
  6.595000000001E+00   4.748295E+00   1.037565E+00   6.518218E+01   1.503038E-16   1.149709E-15   7.222730E-14   1.200000E+02  -1.765856E+00
  6.600000000001E+00   4.753374E+00   9.954863E-01   6.518987E+01   1.534040E-16  -2.268577E-17  -1.485588E-15   1.200000E+02  -1.751552E+00
  6.605000000001E+00   4.758263E+00   9.618262E-01   6.520447E+01   1.505073E-16  -6.778199E-16  -4.595101E-14   1.200000E+02  -1.737189E+00
  6.610000000001E+00   4.763007E+00   9.372744E-01   6.522501E+01   1.456854E-16  -9.477277E-16  -6.595246E-14   1.200000E+02  -1.723506E+00
  6.615000000001E+00   4.767650E+00   9.218860E-01   6.525019E+01   1.407362E-16  -1.315970E-15  -9.314304E-14   1.200000E+02  -1.711120E+00
  6.620000000001E+00   4.772239E+00   9.152730E-01   6.527845E+01   1.331372E-16  -1.570618E-15  -1.120185E-13   1.200000E+02  -1.700512E+00
  6.625000000001E+00   4.776816E+00   9.167821E-01   6.530814E+01   1.245251E-16  -1.725276E-15  -1.229022E-13   1.200000E+02  -1.692036E+00
  6.630000000001E+00   4.781419E+00   9.256271E-01   6.533760E+01   1.166057E-16  -1.552731E-15  -1.096032E-13   1.200000E+02  -1.685930E+00
  6.635000000001E+00   4.786083E+00   9.409622E-01   6.536533E+01   1.074560E-16  -2.100985E-15  -1.459480E-13   1.200000E+02  -1.682325E+00
  6.640000000001E+00   4.790838E+00   9.618998E-01   6.538998E+01   9.391660E-17  -3.232798E-15  -2.197657E-13   1.200000E+02  -1.681261E+00
  6.645000000001E+00   4.795709E+00   9.874859E-01   6.541046E+01   7.762601E-17  -3.231238E-15  -2.140352E-13   1.200000E+02  -1.682686E+00
  6.650000000001E+00   4.800718E+00   1.016656E+00   6.542588E+01   6.254298E-17  -2.902298E-15  -1.867744E-13   1.200000E+02  -1.686464E+00
  6.655000000001E+00   4.805880E+00   1.048193E+00   6.543563E+01   4.799162E-17  -3.100369E-15  -1.935471E-13   1.200000E+02  -1.692367E+00
  6.660000000001E+00   4.811202E+00   1.080702E+00   6.543939E+01   3.220165E-17  -3.093638E-15  -1.873280E-13   1.200000E+02  -1.700076E+00
  6.665000000001E+00   4.816686E+00   1.112625E+00   6.543715E+01   1.754243E-17  -2.128054E-15  -1.251579E-13   1.200000E+02  -1.709181E+00
  6.670000000001E+00   4.822324E+00   1.142283E+00   6.542923E+01   1.004871E-17  -8.487332E-16  -4.861488E-14   1.200000E+02  -1.719187E+00
  6.675000000001E+00   4.828102E+00   1.167957E+00   6.541626E+01   1.223806E-17   1.583980E-15   8.871729E-14   1.200000E+02  -1.729535E+00
  6.680000000001E+00   4.833995E+00   1.187994E+00   6.539913E+01   2.259192E-17   2.588869E-15   1.425173E-13   1.200000E+02  -1.739626E+00
  6.685000000001E+00   4.839971E+00   1.200923E+00   6.537891E+01   3.881367E-17   3.521996E-15   1.917395E-13   1.200000E+02  -1.748856E+00
  6.690000000001E+00   4.845991E+00   1.205572E+00   6.535677E+01   5.889260E-17   4.023157E-15   2.181045E-13   1.200000E+02  -1.756652E+00
  6.695000000001E+00   4.852012E+00   1.201182E+00   6.533385E+01   7.533169E-17   2.748850E-15   1.495135E-13   1.200000E+02  -1.762511E+00
  6.700000000001E+00   4.857988E+00   1.187501E+00   6.531119E+01   8.772223E-17   2.796605E-15   1.538101E-13   1.200000E+02  -1.766026E+00
  6.705000000001E+00   4.863873E+00   1.164852E+00   6.528975E+01   1.011729E-16   2.356702E-15   1.320927E-13   1.200000E+02  -1.766917E+00
  6.710000000001E+00   4.869623E+00   1.134178E+00   6.527035E+01   1.109737E-16   1.739476E-15   1.001044E-13   1.200000E+02  -1.765043E+00
  6.715000000001E+00   4.875204E+00   1.097050E+00   6.525373E+01   1.191767E-16   1.120520E-15   6.664974E-14   1.200000E+02  -1.760418E+00
  6.720000000001E+00   4.880587E+00   1.055631E+00   6.524068E+01   1.233295E-16   1.049572E-15   6.486617E-14   1.200000E+02  -1.753212E+00
  6.725000000001E+00   4.885758E+00   1.012577E+00   6.523204E+01   1.286286E-16   1.548016E-15   9.972603E-14   1.200000E+02  -1.743759E+00
  6.730000000001E+00   4.890715E+00   9.708820E-01   6.522885E+01   1.381969E-16   2.396691E-15   1.610220E-13   1.200000E+02  -1.732549E+00
  6.735000000001E+00   4.895474E+00   9.336654E-01   6.523221E+01   1.539383E-16   3.418925E-15   2.388693E-13   1.200000E+02  -1.720217E+00
  6.740000000001E+00   4.900064E+00   9.039018E-01   6.524320E+01   1.715454E-16   3.791381E-15   2.736600E-13   1.200000E+02  -1.707523E+00
  6.745000000001E+00   4.904529E+00   8.841417E-01   6.526247E+01   1.900590E-16   3.420314E-15   2.524688E-13   1.200000E+02  -1.695312E+00
  6.750000000001E+00   4.908924E+00   8.762460E-01   6.528983E+01   2.060169E-16   2.854012E-15   2.126548E-13   1.200000E+02  -1.684463E+00
  6.755000000001E+00   4.913312E+00   8.811765E-01   6.532386E+01   2.182812E-16   1.964023E-15   1.455980E-13   1.200000E+02  -1.675824E+00
  6.760000000001E+00   4.917756E+00   8.988639E-01   6.536182E+01   2.209930E-16  -1.375656E-15  -1.000323E-13   1.200000E+02  -1.670131E+00
  6.765000000001E+00   4.922319E+00   9.281641E-01   6.539989E+01   2.045093E-16  -5.323245E-15  -3.750841E-13   1.200000E+02  -1.667938E+00
  6.770000000001E+00   4.927053E+00   9.669019E-01   6.543384E+01   1.675916E-16  -9.212864E-15  -6.234687E-13   1.200000E+02  -1.669535E+00
  6.775000000001E+00   4.931998E+00   1.012003E+00   6.545982E+01   1.113527E-16  -1.277153E-14  -8.261069E-13   1.200000E+02  -1.674898E+00
  6.780000000001E+00   4.937177E+00   1.059710E+00   6.547501E+01   4.258533E-17  -1.458548E-14  -9.011754E-13   1.200000E+02  -1.683655E+00
  6.785000000001E+00   4.942593E+00   1.105888E+00   6.547804E+01  -3.197432E-17  -1.504078E-14  -8.905429E-13   1.200000E+02  -1.695091E+00
  6.790000000001E+00   4.948227E+00   1.146394E+00   6.546909E+01  -1.027629E-16  -1.294810E-14  -7.394493E-13   1.200000E+02  -1.708205E+00
  6.795000000001E+00   4.954042E+00   1.177487E+00   6.544970E+01  -1.557265E-16  -7.936558E-15  -4.411475E-13   1.200000E+02  -1.721802E+00
  6.800000000001E+00   4.959982E+00   1.196224E+00   6.542235E+01  -1.787029E-16  -1.673017E-15  -9.149852E-14   1.200000E+02  -1.734622E+00
  6.805000000001E+00   4.965981E+00   1.200803E+00   6.538999E+01  -1.702286E-16   5.148600E-15   2.803681E-13   1.200000E+02  -1.745485E+00
  6.810000000001E+00   4.971967E+00   1.190787E+00   6.535564E+01  -1.299586E-16   1.080109E-14   5.928109E-13   1.200000E+02  -1.753422E+00
  6.815000000001E+00   4.977867E+00   1.167172E+00   6.532199E+01  -6.560178E-17   1.426387E-14   7.982924E-13   1.200000E+02  -1.757769E+00
  6.820000000001E+00   4.983620E+00   1.132286E+00   6.529135E+01   7.042024E-18   1.406128E-14   8.108198E-13   1.200000E+02  -1.758224E+00
  6.825000000001E+00   4.989177E+00   1.089529E+00   6.526559E+01   7.220189E-17   1.200238E-14   7.189729E-13   1.200000E+02  -1.754850E+00
  6.830000000001E+00   4.994509E+00   1.042977E+00   6.524623E+01   1.214377E-16   7.285360E-15   4.557554E-13   1.200000E+02  -1.748045E+00
  6.835000000001E+00   4.999608E+00   9.969136E-01   6.523460E+01   1.435112E-16   1.384220E-15   9.057857E-14   1.200000E+02  -1.738476E+00
  6.840000000001E+00   5.004486E+00   9.553661E-01   6.523174E+01   1.390102E-16  -2.692548E-15  -1.838453E-13   1.200000E+02  -1.727011E+00
  6.845000000001E+00   5.009174E+00   9.216968E-01   6.523834E+01   1.169221E-16  -6.319136E-15  -4.472729E-13   1.200000E+02  -1.714634E+00
  6.850000000001E+00   5.013719E+00   8.983172E-01   6.525438E+01   8.016576E-17  -7.992676E-15  -5.805935E-13   1.200000E+02  -1.702358E+00
  6.855000000001E+00   5.018176E+00   8.865454E-01   6.527889E+01   4.056506E-17  -7.423808E-15  -5.466364E-13   1.200000E+02  -1.691145E+00
  6.860000000001E+00   5.022604E+00   8.866033E-01   6.530982E+01   8.797562E-18  -4.875495E-15  -3.591434E-13   1.200000E+02  -1.681836E+00
  6.865000000001E+00   5.027060E+00   8.977193E-01   6.534416E+01  -6.737434E-18  -1.343387E-15  -9.778393E-14   1.200000E+02  -1.675088E+00
  6.870000000001E+00   5.031596E+00   9.182953E-01   6.537838E+01  -2.882136E-18   2.953119E-15   2.102484E-13   1.200000E+02  -1.671330E+00
  6.875000000001E+00   5.036255E+00   9.460982E-01   6.540899E+01   2.030440E-17   6.618659E-15   4.575844E-13   1.200000E+02  -1.670734E+00
  6.880000000001E+00   5.041064E+00   9.784573E-01   6.543307E+01   5.938989E-17   8.386786E-15   5.608555E-13   1.200000E+02  -1.673207E+00
  6.885000000001E+00   5.046042E+00   1.012464E+00   6.544866E+01   1.037500E-16   8.882556E-15   5.741945E-13   1.200000E+02  -1.678398E+00
  6.890000000001E+00   5.051187E+00   1.045180E+00   6.545487E+01   1.455841E-16   7.531773E-15   4.716809E-13   1.200000E+02  -1.685731E+00
  6.895000000001E+00   5.056487E+00   1.073853E+00   6.545192E+01   1.742075E-16   3.767589E-15   2.296366E-13   1.200000E+02  -1.694457E+00
  6.900000000001E+00   5.061915E+00   1.096144E+00   6.544092E+01   1.833768E-16   1.810065E-16   1.080627E-14   1.200000E+02  -1.703725E+00
  6.905000000001E+00   5.067435E+00   1.110337E+00   6.542361E+01   1.708938E-16  -4.991936E-15  -2.941363E-13   1.200000E+02  -1.712669E+00
  6.910000000001E+00   5.073004E+00   1.115509E+00   6.540213E+01   1.338540E-16  -9.386424E-15  -5.503247E-13   1.200000E+02  -1.720492E+00
  6.915000000001E+00   5.078576E+00   1.111632E+00   6.537871E+01   8.089424E-17  -1.116963E-14  -6.569227E-13   1.200000E+02  -1.726549E+00
  6.920000000001E+00   5.084107E+00   1.099575E+00   6.535546E+01   2.328470E-17  -1.152096E-14  -6.847715E-13   1.200000E+02  -1.730403E+00
  6.925000000001E+00   5.089561E+00   1.080997E+00   6.533426E+01  -2.921905E-17  -9.220608E-15  -5.572835E-13   1.200000E+02  -1.731861E+00
  6.930000000001E+00   5.094910E+00   1.058127E+00   6.531668E+01  -6.337170E-17  -4.415593E-15  -2.725684E-13   1.200000E+02  -1.730973E+00
  6.935000000001E+00   5.100140E+00   1.033478E+00   6.530389E+01  -7.309002E-17   6.475222E-16   4.091595E-14   1.200000E+02  -1.728007E+00
  6.940000000001E+00   5.105246E+00   1.009521E+00   6.529665E+01  -5.877328E-17   5.060162E-15   3.272955E-13   1.200000E+02  -1.723401E+00
  6.945000000001E+00   5.110239E+00   9.883881E-01   6.529523E+01  -2.494693E-17   8.373933E-15   5.532016E-13   1.200000E+02  -1.717703E+00
  6.950000000001E+00   5.115137E+00   9.716434E-01   6.529939E+01   2.262697E-17   1.026978E-14   6.901815E-13   1.200000E+02  -1.711501E+00
  6.955000000001E+00   5.119964E+00   9.601632E-01   6.530834E+01   7.467538E-17   1.066814E-14   7.256254E-13   1.200000E+02  -1.705362E+00
  6.960000000001E+00   5.124748E+00   9.541308E-01   6.532083E+01   1.264223E-16   9.677310E-15   6.625191E-13   1.200000E+02  -1.699770E+00
  6.965000000001E+00   5.129514E+00   9.531305E-01   6.533532E+01   1.671061E-16   6.189858E-15   4.243032E-13   1.200000E+02  -1.695095E+00
  6.970000000001E+00   5.134286E+00   9.563086E-01   6.535021E+01   1.853619E-16   1.077785E-15   7.365139E-14   1.200000E+02  -1.691568E+00
  6.975000000001E+00   5.139082E+00   9.625610E-01   6.536405E+01   1.769190E-16  -3.872035E-15  -2.629360E-13   1.200000E+02  -1.689280E+00
  6.980000000001E+00   5.143914E+00   9.707120E-01   6.537574E+01   1.449403E-16  -8.689824E-15  -5.852443E-13   1.200000E+02  -1.688195E+00
  6.985000000001E+00   5.148790E+00   9.796565E-01   6.538460E+01   9.342124E-17  -1.156323E-14  -7.717576E-13   1.200000E+02  -1.688180E+00
  6.990000000001E+00   5.153711E+00   9.884561E-01   6.539037E+01   3.056725E-17  -1.332840E-14  -8.817279E-13   1.200000E+02  -1.689029E+00
  6.995000000001E+00   5.158673E+00   9.963888E-01   6.539315E+01  -3.591338E-17  -1.319633E-14  -8.660771E-13   1.200000E+02  -1.690504E+00
  7.000000000001E+00   5.163672E+00   1.002962E+00   6.539332E+01  -9.712022E-17  -1.045262E-14  -6.815130E-13   1.200000E+02  -1.692357E+00
  7.005000000001E+00   5.168700E+00   1.007905E+00   6.539141E+01  -1.379684E-16  -5.642578E-15  -3.660823E-13   1.200000E+02  -1.694358E+00
  7.010000000001E+00   5.173749E+00   1.011150E+00   6.538802E+01  -1.508692E-16  -2.046954E-17  -1.323703E-15   1.200000E+02  -1.696311E+00
  7.015000000001E+00   5.178809E+00   1.012812E+00   6.538378E+01  -1.374215E-16   5.078284E-15   3.278370E-13   1.200000E+02  -1.698065E+00
  7.020000000001E+00   5.183875E+00   1.013163E+00   6.537927E+01  -1.006269E-16   9.502633E-15   6.132034E-13   1.200000E+02  -1.699523E+00
  7.025000000001E+00   5.188939E+00   1.012597E+00   6.537503E+01  -4.773915E-17   1.185087E-14   7.651128E-13   1.200000E+02  -1.700643E+00
  7.030000000001E+00   5.194000E+00   1.011577E+00   6.537144E+01   1.227301E-17   1.168425E-14   7.550749E-13   1.200000E+02  -1.701433E+00
  7.035000000001E+00   5.199055E+00   1.010567E+00   6.536878E+01   6.919282E-17   1.075011E-14   6.953739E-13   1.200000E+02  -1.701946E+00
  7.040000000001E+00   5.204106E+00   1.009943E+00   6.536713E+01   1.161831E-16   7.431425E-15   4.809885E-13   1.200000E+02  -1.702264E+00
  7.045000000001E+00   5.209156E+00   1.009907E+00   6.536638E+01   1.423942E-16   3.161645E-15   2.046380E-13   1.200000E+02  -1.702481E+00
  7.050000000001E+00   5.214206E+00   1.010415E+00   6.536622E+01   1.487374E-16  -9.806277E-16  -6.343919E-14   1.200000E+02  -1.702674E+00
  7.055000000001E+00   5.219260E+00   1.011155E+00   6.536621E+01   1.347980E-16  -4.364237E-15  -2.821264E-13   1.200000E+02  -1.702889E+00
  7.060000000001E+00   5.224317E+00   1.011574E+00   6.536586E+01   1.071608E-16  -6.591683E-15  -4.259412E-13   1.200000E+02  -1.703116E+00
  7.065000000001E+00   5.229374E+00   1.010971E+00   6.536471E+01   7.016441E-17  -7.464822E-15  -4.826408E-13   1.200000E+02  -1.703288E+00
  7.070000000001E+00   5.234424E+00   1.008650E+00   6.536252E+01   3.550017E-17  -6.495075E-15  -4.208939E-13   1.200000E+02  -1.703284E+00
  7.075000000001E+00   5.239457E+00   1.004084E+00   6.535928E+01   5.940663E-18  -4.966063E-15  -3.232582E-13   1.200000E+02  -1.702949E+00
  7.080000000001E+00   5.244461E+00   9.970841E-01   6.535528E+01  -1.481410E-17  -3.760924E-15  -2.465150E-13   1.200000E+02  -1.702129E+00
  7.085000000001E+00   5.249424E+00   9.879048E-01   6.535112E+01  -3.182498E-17  -3.027739E-15  -2.002886E-13   1.200000E+02  -1.700706E+00
  7.090000000001E+00   5.254338E+00   9.772693E-01   6.534759E+01  -4.620679E-17  -2.531669E-15  -1.692865E-13   1.200000E+02  -1.698637E+00
  7.095000000001E+00   5.259197E+00   9.662945E-01   6.534557E+01  -5.734202E-17  -1.672968E-15  -1.131343E-13   1.200000E+02  -1.695975E+00
  7.100000000001E+00   5.264002E+00   9.563249E-01   6.534587E+01  -6.343148E-17  -1.313551E-15  -8.975519E-14   1.200000E+02  -1.692881E+00
  7.105000000001E+00   5.268764E+00   9.487054E-01   6.534904E+01  -7.005290E-17  -7.107680E-16  -4.895936E-14   1.200000E+02  -1.689611E+00
  7.110000000001E+00   5.273495E+00   9.445433E-01   6.535519E+01  -7.128297E-17   1.440857E-16   9.969630E-15   1.200000E+02  -1.686481E+00
  7.115000000001E+00   5.278216E+00   9.445103E-01   6.536396E+01  -6.558853E-17   2.516606E-15   1.741594E-13   1.200000E+02  -1.683828E+00
  7.120000000001E+00   5.282947E+00   9.487252E-01   6.537444E+01  -4.889630E-17   4.460178E-15   3.073405E-13   1.200000E+02  -1.681956E+00
  7.125000000001E+00   5.287709E+00   9.567415E-01   6.538540E+01  -1.906628E-17   7.468805E-15   5.104313E-13   1.200000E+02  -1.681087E+00
  7.130000000001E+00   5.292519E+00   9.676338E-01   6.539545E+01   2.420513E-17   9.827865E-15   6.641952E-13   1.200000E+02  -1.681331E+00
  7.135000000001E+00   5.297388E+00   9.801596E-01   6.540337E+01   8.011946E-17   1.216581E-14   8.117913E-13   1.200000E+02  -1.682668E+00
  7.140000000001E+00   5.302321E+00   9.929570E-01   6.540825E+01   1.432815E-16   1.269669E-14   8.363589E-13   1.200000E+02  -1.684953E+00
  7.145000000001E+00   5.307316E+00   1.004736E+00   6.540966E+01   2.079324E-16   1.303571E-14   8.486425E-13   1.200000E+02  -1.687940E+00
  7.150000000001E+00   5.312365E+00   1.014425E+00   6.540767E+01   2.672971E-16   1.026908E-14   6.621255E-13   1.200000E+02  -1.691318E+00
  7.155000000001E+00   5.317456E+00   1.021256E+00   6.540272E+01   3.053263E-16   4.867181E-15   3.117012E-13   1.200000E+02  -1.694756E+00
  7.160000000001E+00   5.322572E+00   1.024779E+00   6.539549E+01   3.144485E-16  -1.483570E-15  -9.467291E-14   1.200000E+02  -1.697934E+00
  7.165000000001E+00   5.327698E+00   1.024823E+00   6.538677E+01   2.910853E-16  -8.314000E-15  -5.304581E-13   1.200000E+02  -1.700576E+00
  7.170000000001E+00   5.332815E+00   1.021435E+00   6.537733E+01   2.339012E-16  -1.422627E-14  -9.105577E-13   1.200000E+02  -1.702463E+00
  7.175000000001E+00   5.337907E+00   1.014823E+00   6.536785E+01   1.513551E-16  -1.826280E-14  -1.176362E-12   1.200000E+02  -1.703442E+00
  7.180000000001E+00   5.342959E+00   1.005327E+00   6.535890E+01   5.493079E-17  -1.964924E-14  -1.277447E-12   1.200000E+02  -1.703420E+00
  7.185000000001E+00   5.347956E+00   9.934274E-01   6.535096E+01  -3.905554E-17  -1.724930E-14  -1.134717E-12   1.200000E+02  -1.702367E+00
  7.190000000001E+00   5.352890E+00   9.797782E-01   6.534449E+01  -1.134221E-16  -1.251958E-14  -8.349699E-13   1.200000E+02  -1.700313E+00
  7.195000000001E+00   5.357753E+00   9.652485E-01   6.533997E+01  -1.613704E-16  -6.363723E-15  -4.307756E-13   1.200000E+02  -1.697350E+00
  7.200000000001E+00   5.362543E+00   9.509287E-01   6.533791E+01  -1.791890E-16  -6.154355E-16  -4.228631E-14   1.200000E+02  -1.693644E+00
  7.205000000001E+00   5.367264E+00   9.380841E-01   6.533882E+01  -1.676795E-16   5.276696E-15   3.675289E-13   1.200000E+02  -1.689433E+00
  7.210000000001E+00   5.371928E+00   9.280399E-01   6.534309E+01  -1.313573E-16   8.949096E-15   6.301040E-13   1.200000E+02  -1.685028E+00
  7.215000000001E+00   5.376551E+00   9.220076E-01   6.535087E+01  -8.204739E-17   1.027614E-14   7.283613E-13   1.200000E+02  -1.680792E+00
  7.220000000001E+00   5.381156E+00   9.208842E-01   6.536189E+01  -3.242662E-17   9.377105E-15   6.655618E-13   1.200000E+02  -1.677117E+00
  7.225000000001E+00   5.385769E+00   9.250658E-01   6.537532E+01   1.084382E-17   7.696689E-15   5.439327E-13   1.200000E+02  -1.674377E+00
  7.230000000001E+00   5.390415E+00   9.343228E-01   6.538985E+01   4.394652E-17   5.317705E-15   3.721668E-13   1.200000E+02  -1.672878E+00
  7.235000000001E+00   5.395119E+00   9.477696E-01   6.540380E+01   6.399188E-17   2.252090E-15   1.554125E-13   1.200000E+02  -1.672809E+00
  7.240000000001E+00   5.399897E+00   9.639458E-01   6.541541E+01   6.757782E-17  -8.799655E-16  -5.971632E-14   1.200000E+02  -1.674207E+00
  7.245000000001E+00   5.404759E+00   9.810005E-01   6.542320E+01   5.566186E-17  -3.920113E-15  -2.614334E-13   1.200000E+02  -1.676937E+00
  7.250000000001E+00   5.409705E+00   9.969517E-01   6.542621E+01   3.105064E-17  -5.269297E-15  -3.458042E-13   1.200000E+02  -1.680698E+00
  7.255000000001E+00   5.414724E+00   1.009974E+00   6.542419E+01   3.672018E-18  -5.331293E-15  -3.453509E-13   1.200000E+02  -1.685065E+00
  7.260000000001E+00   5.419798E+00   1.018663E+00   6.541757E+01  -2.119558E-17  -4.419731E-15  -2.838309E-13   1.200000E+02  -1.689541E+00
  7.265000000001E+00   5.424903E+00   1.022221E+00   6.540736E+01  -3.956014E-17  -3.277775E-15  -2.097303E-13   1.200000E+02  -1.693629E+00
  7.270000000001E+00   5.430012E+00   1.020537E+00   6.539493E+01  -5.336876E-17  -2.588446E-15  -1.658649E-13   1.200000E+02  -1.696902E+00
  7.275000000001E+00   5.435100E+00   1.014142E+00   6.538177E+01  -6.210600E-17  -1.048020E-15  -6.756585E-14   1.200000E+02  -1.699049E+00
  7.280000000001E+00   5.440147E+00   1.004061E+00   6.536932E+01  -6.620509E-17  -4.295538E-16  -2.796608E-14   1.200000E+02  -1.699913E+00
  7.285000000001E+00   5.445137E+00   9.915953E-01   6.535874E+01  -6.620012E-17   4.846094E-16   3.194192E-14   1.200000E+02  -1.699486E+00
  7.290000000001E+00   5.450062E+00   9.781021E-01   6.535087E+01  -6.102757E-17   1.283397E-15   8.574885E-14   1.200000E+02  -1.697894E+00
  7.295000000001E+00   5.454919E+00   9.648025E-01   6.534614E+01  -5.488824E-17   1.449443E-15   9.817089E-14   1.200000E+02  -1.695356E+00
  7.300000000001E+00   5.459712E+00   9.526722E-01   6.534463E+01  -4.397247E-17   2.450657E-15   1.680927E-13   1.200000E+02  -1.692147E+00
  7.305000000001E+00   5.464448E+00   9.424150E-01   6.534614E+01  -3.002912E-17   3.481790E-15   2.414239E-13   1.200000E+02  -1.688560E+00
  7.310000000001E+00   5.469139E+00   9.345075E-01   6.535026E+01  -8.985311E-18   4.864651E-15   3.401859E-13   1.200000E+02  -1.684875E+00
  7.315000000001E+00   5.473798E+00   9.292785E-01   6.535656E+01   1.984630E-17   6.717933E-15   4.724751E-13   1.200000E+02  -1.681351E+00
  7.320000000001E+00   5.478437E+00   9.269803E-01   6.536457E+01   5.600417E-17   8.123184E-15   5.727936E-13   1.200000E+02  -1.678220E+00
  7.325000000001E+00   5.483072E+00   9.278157E-01   6.537383E+01   9.729473E-17   8.355436E-15   5.887235E-13   1.200000E+02  -1.675686E+00
  7.330000000001E+00   5.487720E+00   9.319035E-01   6.538387E+01   1.369216E-16   7.418068E-15   5.204638E-13   1.200000E+02  -1.673931E+00
  7.335000000001E+00   5.492397E+00   9.391907E-01   6.539410E+01   1.682918E-16   5.201824E-15   3.621933E-13   1.200000E+02  -1.673102E+00
  7.340000000001E+00   5.497117E+00   9.493395E-01   6.540376E+01   1.868006E-16   2.606531E-15   1.795743E-13   1.200000E+02  -1.673300E+00
  7.345000000001E+00   5.501894E+00   9.616349E-01   6.541196E+01   1.941561E-16  -6.786319E-17  -4.616164E-15   1.200000E+02  -1.674554E+00
  7.350000000001E+00   5.506735E+00   9.749558E-01   6.541773E+01   1.857230E-16  -2.813049E-15  -1.887504E-13   1.200000E+02  -1.676796E+00
  7.355000000001E+00   5.511642E+00   9.878409E-01   6.542023E+01   1.657730E-16  -5.217207E-15  -3.455120E-13   1.200000E+02  -1.679842E+00
  7.360000000001E+00   5.516610E+00   9.986571E-01   6.541891E+01   1.353983E-16  -6.761884E-15  -4.429499E-13   1.200000E+02  -1.683395E+00
  7.365000000001E+00   5.521623E+00   1.005850E+00   6.541364E+01   9.833664E-17  -8.240692E-15  -5.359184E-13   1.200000E+02  -1.687061E+00
  7.370000000001E+00   5.526661E+00   1.008229E+00   6.540486E+01   5.327504E-17  -9.522378E-15  -6.177262E-13   1.200000E+02  -1.690395E+00
  7.375000000001E+00   5.531697E+00   1.005220E+00   6.539346E+01   2.507807E-18  -1.042688E-14  -6.783091E-13   1.200000E+02  -1.692966E+00
  7.380000000001E+00   5.536705E+00   9.970250E-01   6.538078E+01  -4.659758E-17  -9.251555E-15  -6.066787E-13   1.200000E+02  -1.694421E+00
  7.385000000001E+00   5.541660E+00   9.846396E-01   6.536836E+01  -9.229754E-17  -8.569381E-15  -5.689050E-13   1.200000E+02  -1.694548E+00
  7.390000000001E+00   5.546547E+00   9.697085E-01   6.535779E+01  -1.309101E-16  -6.772006E-15  -4.564293E-13   1.200000E+02  -1.693312E+00
  7.395000000001E+00   5.551357E+00   9.542450E-01   6.535047E+01  -1.586224E-16  -4.441197E-15  -3.041507E-13   1.200000E+02  -1.690864E+00
  7.400000000001E+00   5.556092E+00   9.402726E-01   6.534740E+01  -1.726375E-16  -1.215676E-15  -8.448747E-14   1.200000E+02  -1.687518E+00
  7.405000000001E+00   5.560764E+00   9.294698E-01   6.534899E+01  -1.721454E-16   1.468169E-15   1.032237E-13   1.200000E+02  -1.683695E+00
  7.410000000001E+00   5.565393E+00   9.228992E-01   6.535491E+01  -1.592497E-16   3.397579E-15   2.405988E-13   1.200000E+02  -1.679856E+00
  7.415000000001E+00   5.570001E+00   9.208791E-01   6.536417E+01  -1.399760E-16   4.318012E-15   3.064933E-13   1.200000E+02  -1.676427E+00
  7.420000000001E+00   5.574609E+00   9.230180E-01   6.537530E+01  -1.158144E-16   5.044003E-15   3.572555E-13   1.200000E+02  -1.673743E+00
  7.425000000001E+00   5.579236E+00   9.283892E-01   6.538664E+01  -8.880927E-17   5.817912E-15   4.097568E-13   1.200000E+02  -1.672002E+00
  7.430000000001E+00   5.583896E+00   9.357918E-01   6.539673E+01  -5.853882E-17   6.006631E-15   4.197665E-13   1.200000E+02  -1.671258E+00
  7.435000000001E+00   5.588595E+00   9.440259E-01   6.540455E+01  -3.171910E-17   4.662838E-15   3.230535E-13   1.200000E+02  -1.671437E+00
  7.440000000001E+00   5.593336E+00   9.521136E-01   6.540963E+01  -9.902388E-18   3.991496E-15   2.742134E-13   1.200000E+02  -1.672376E+00
  7.445000000001E+00   5.598115E+00   9.594154E-01   6.541202E+01   6.161064E-18   2.728622E-15   1.860348E-13   1.200000E+02  -1.673864E+00
  7.450000000001E+00   5.602928E+00   9.656245E-01   6.541215E+01   1.680003E-17   1.472048E-15   9.971765E-14   1.200000E+02  -1.675693E+00
  7.455000000001E+00   5.607769E+00   9.706575E-01   6.541057E+01   2.027730E-17   7.416068E-17   4.997532E-15   1.200000E+02  -1.677677E+00
  7.460000000001E+00   5.612633E+00   9.744879E-01   6.540775E+01   1.668373E-17  -1.155599E-15  -7.756392E-14   1.200000E+02  -1.679667E+00
  7.465000000001E+00   5.617512E+00   9.769890E-01   6.540400E+01   9.789367E-18  -1.487029E-15  -9.954836E-14   1.200000E+02  -1.681540E+00
  7.470000000001E+00   5.622400E+00   9.778464E-01   6.539942E+01   1.051890E-18  -1.675249E-15  -1.120424E-13   1.200000E+02  -1.683175E+00
  7.475000000001E+00   5.627287E+00   9.765799E-01   6.539398E+01  -7.064442E-18  -1.500002E-15  -1.004435E-13   1.200000E+02  -1.684440E+00
  7.480000000001E+00   5.632162E+00   9.726800E-01   6.538767E+01  -1.495204E-17  -1.536848E-15  -1.033134E-13   1.200000E+02  -1.685184E+00
  7.485000000001E+00   5.637009E+00   9.658230E-01   6.538068E+01  -2.034235E-17  -3.511882E-16  -2.377343E-14   1.200000E+02  -1.685245E+00
  7.490000000001E+00   5.641815E+00   9.561021E-01   6.537349E+01  -1.817519E-17   1.202501E-15   8.222104E-14   1.200000E+02  -1.684485E+00
  7.495000000001E+00   5.646567E+00   9.441942E-01   6.536693E+01  -1.051697E-17   1.808548E-15   1.252065E-13   1.200000E+02  -1.682833E+00
  7.500000000001E+00   5.651256E+00   9.313937E-01   6.536214E+01  -1.540115E-18   2.331430E-15   1.636121E-13   1.200000E+02  -1.680326E+00
  7.505000000001E+00   5.655882E+00   9.194759E-01   6.536033E+01   1.150089E-17   2.511675E-15   1.785407E-13   1.200000E+02  -1.677145E+00
  7.510000000001E+00   5.660455E+00   9.103996E-01   6.536252E+01   2.478999E-17   2.458905E-15   1.765381E-13   1.200000E+02  -1.673611E+00
  7.515000000001E+00   5.664994E+00   9.059082E-01   6.536922E+01   3.385688E-17   1.377834E-15   9.942282E-14   1.200000E+02  -1.670158E+00
  7.520000000001E+00   5.669523E+00   9.071213E-01   6.538008E+01   3.790495E-17   4.425940E-16   3.189963E-14   1.200000E+02  -1.667271E+00
  7.525000000001E+00   5.674074E+00   9.142231E-01   6.539377E+01   3.649217E-17  -9.660852E-16  -6.910344E-14   1.200000E+02  -1.665400E+00
  7.530000000001E+00   5.678674E+00   9.263270E-01   6.540816E+01   2.839950E-17  -2.516961E-15  -1.777232E-13   1.200000E+02  -1.664867E+00
  7.535000000001E+00   5.683343E+00   9.415635E-01   6.542075E+01   1.054655E-17  -4.393459E-15  -3.052618E-13   1.200000E+02  -1.665795E+00
  7.540000000001E+00   5.688090E+00   9.573818E-01   6.542923E+01  -1.411478E-17  -5.040165E-15  -3.444541E-13   1.200000E+02  -1.668061E+00
  7.545000000001E+00   5.692913E+00   9.710136E-01   6.543206E+01  -4.083833E-17  -5.316829E-15  -3.582762E-13   1.200000E+02  -1.671302E+00
  7.550000000001E+00   5.697793E+00   9.800062E-01   6.542875E+01  -6.610823E-17  -4.159251E-15  -2.776866E-13   1.200000E+02  -1.674969E+00
  7.555000000001E+00   5.702703E+00   9.827135E-01   6.541993E+01  -8.294043E-17  -2.417917E-15  -1.609624E-13   1.200000E+02  -1.678428E+00
  7.560000000001E+00   5.707609E+00   9.786333E-01   6.540716E+01  -8.946051E-17  -5.025836E-16  -3.359028E-14   1.200000E+02  -1.681073E+00
  7.565000000001E+00   5.712479E+00   9.685109E-01   6.539263E+01  -8.555996E-17   1.796765E-15   1.213153E-13   1.200000E+02  -1.682446E+00
  7.570000000001E+00   5.717287E+00   9.541765E-01   6.537874E+01  -7.357003E-17   2.503882E-15   1.715622E-13   1.200000E+02  -1.682318E+00
  7.575000000001E+00   5.722018E+00   9.381511E-01   6.536776E+01  -5.969807E-17   2.671289E-15   1.861280E-13   1.200000E+02  -1.680726E+00
  7.580000000001E+00   5.726671E+00   9.231130E-01   6.536144E+01  -4.634454E-17   2.695378E-15   1.908475E-13   1.200000E+02  -1.677952E+00
  7.585000000001E+00   5.731255E+00   9.113535E-01   6.536071E+01  -3.312357E-17   2.446339E-15   1.754472E-13   1.200000E+02  -1.674461E+00
  7.590000000001E+00   5.735792E+00   9.043524E-01   6.536545E+01  -2.250066E-17   1.925400E-15   1.391655E-13   1.200000E+02  -1.670798E+00
  7.595000000001E+00   5.740307E+00   9.025663E-01   6.537454E+01  -1.689737E-17   8.225230E-16   5.957685E-14   1.200000E+02  -1.667484E+00
  7.600000000001E+00   5.744825E+00   9.054646E-01   6.538609E+01  -1.629708E-17  -3.816049E-16  -2.755674E-14   1.200000E+02  -1.664929E+00
  7.605000000001E+00   5.749367E+00   9.117789E-01   6.539794E+01  -2.048742E-17  -1.506780E-15  -1.080748E-13   1.200000E+02  -1.663367E+00
  7.610000000001E+00   5.753946E+00   9.198849E-01   6.540817E+01  -2.998905E-17  -1.921577E-15  -1.366332E-13   1.200000E+02  -1.662844E+00
  7.615000000001E+00   5.758566E+00   9.282095E-01   6.541552E+01  -4.207741E-17  -2.510000E-15  -1.768921E-13   1.200000E+02  -1.663238E+00
  7.620000000001E+00   5.763226E+00   9.355598E-01   6.541951E+01  -5.361620E-17  -1.769749E-15  -1.237506E-13   1.200000E+02  -1.664317E+00
  7.625000000001E+00   5.767919E+00   9.412994E-01   6.542044E+01  -5.783346E-17   5.578240E-17   3.876885E-15   1.200000E+02  -1.665808E+00
  7.630000000001E+00   5.772636E+00   9.453426E-01   6.541907E+01  -5.606312E-17   6.159863E-16   4.262713E-14   1.200000E+02  -1.667461E+00
  7.635000000001E+00   5.777370E+00   9.479882E-01   6.541636E+01  -4.875193E-17   2.323286E-15   1.603194E-13   1.200000E+02  -1.669089E+00
  7.640000000001E+00   5.782115E+00   9.496580E-01   6.541310E+01  -3.468339E-17   3.375831E-15   2.325296E-13   1.200000E+02  -1.670581E+00
  7.645000000001E+00   5.786866E+00   9.506320E-01   6.540975E+01  -1.599039E-17   4.148741E-15   2.854608E-13   1.200000E+02  -1.671888E+00
  7.650000000001E+00   5.791620E+00   9.508689E-01   6.540637E+01   3.045258E-18   3.463605E-15   2.382472E-13   1.200000E+02  -1.672980E+00
  7.655000000001E+00   5.796373E+00   9.499723E-01   6.540270E+01   1.815103E-17   2.376413E-15   1.636088E-13   1.200000E+02  -1.673814E+00
  7.660000000001E+00   5.801117E+00   9.473186E-01   6.539839E+01   2.448152E-17   8.000582E-16   5.523223E-14   1.200000E+02  -1.674303E+00
  7.665000000001E+00   5.805842E+00   9.423107E-01   6.539325E+01   2.618358E-17  -5.803701E-16  -4.027577E-14   1.200000E+02  -1.674319E+00
  7.670000000001E+00   5.810536E+00   9.346808E-01   6.538744E+01   2.061008E-17  -1.571039E-15  -1.099051E-13   1.200000E+02  -1.673716E+00
  7.675000000001E+00   5.815185E+00   9.247454E-01   6.538161E+01   1.067530E-17  -2.265090E-15  -1.601470E-13   1.200000E+02  -1.672380E+00
  7.680000000001E+00   5.819781E+00   9.135229E-01   6.537683E+01  -1.501502E-18  -2.301457E-15  -1.647052E-13   1.200000E+02  -1.670286E+00
  7.685000000001E+00   5.824321E+00   9.026568E-01   6.537444E+01  -9.240777E-18  -7.687170E-16  -5.567392E-14   1.200000E+02  -1.667544E+00
  7.690000000001E+00   5.828811E+00   8.941429E-01   6.537570E+01  -8.698758E-18   7.162748E-16   5.237079E-14   1.200000E+02  -1.664418E+00
  7.695000000001E+00   5.833269E+00   8.899138E-01   6.538145E+01  -3.140794E-18   1.912665E-15   1.405224E-13   1.200000E+02  -1.661312E+00
  7.700000000001E+00   5.837720E+00   8.913799E-01   6.539166E+01   9.985921E-18   2.943569E-15   2.159403E-13   1.200000E+02  -1.658709E+00
  7.705000000001E+00   5.842193E+00   8.990436E-01   6.540525E+01   2.569258E-17   3.104900E-15   2.258809E-13   1.200000E+02  -1.657091E+00
  7.710000000001E+00   5.846719E+00   9.122834E-01   6.542012E+01   3.956359E-17   2.296511E-15   1.646835E-13   1.200000E+02  -1.656838E+00
  7.715000000001E+00   5.851322E+00   9.293694E-01   6.543364E+01   4.792306E-17   1.208648E-15   8.509668E-14   1.200000E+02  -1.658135E+00
  7.720000000001E+00   5.856015E+00   9.477157E-01   6.544318E+01   4.947175E-17  -7.963785E-16  -5.499281E-14   1.200000E+02  -1.660915E+00
  7.725000000001E+00   5.860796E+00   9.643263E-01   6.544683E+01   3.957813E-17  -2.771345E-15  -1.880855E-13   1.200000E+02  -1.664845E+00
  7.730000000001E+00   5.865651E+00   9.763512E-01   6.544374E+01   2.290630E-17  -3.849939E-15  -2.580571E-13   1.200000E+02  -1.669366E+00
  7.735000000001E+00   5.870549E+00   9.816397E-01   6.543427E+01   1.838106E-18  -4.601025E-15  -3.066958E-13   1.200000E+02  -1.673786E+00
  7.740000000001E+00   5.875455E+00   9.791742E-01   6.541986E+01  -2.332344E-17  -5.392352E-15  -3.602698E-13   1.200000E+02  -1.677402E+00
  7.745000000001E+00   5.880329E+00   9.692872E-01   6.540272E+01  -4.901415E-17  -4.787758E-15  -3.230543E-13   1.200000E+02  -1.679634E+00
  7.750000000001E+00   5.885138E+00   9.536041E-01   6.538543E+01  -6.949121E-17  -3.376574E-15  -2.315203E-13   1.200000E+02  -1.680127E+00
  7.755000000001E+00   5.889860E+00   9.347206E-01   6.537058E+01  -8.307198E-17  -2.152494E-15  -1.505367E-13   1.200000E+02  -1.678815E+00
  7.760000000001E+00   5.894485E+00   9.156817E-01   6.536041E+01  -9.047802E-17  -9.317419E-16  -6.650677E-14   1.200000E+02  -1.675923E+00
  7.765000000001E+00   5.899021E+00   8.993839E-01   6.535646E+01  -9.163445E-17   2.862934E-16   2.080438E-14   1.200000E+02  -1.671914E+00
  7.770000000001E+00   5.903487E+00   8.880369E-01   6.535924E+01  -8.876378E-17   9.634001E-16   7.090594E-14   1.200000E+02  -1.667401E+00
  7.775000000001E+00   5.907911E+00   8.828066E-01   6.536807E+01  -8.392617E-17   1.283910E-15   9.506805E-14   1.200000E+02  -1.663027E+00
  7.780000000001E+00   5.912325E+00   8.837072E-01   6.538121E+01  -7.691316E-17   1.376370E-15   1.018310E-13   1.200000E+02  -1.659358E+00
  7.785000000001E+00   5.916757E+00   8.897434E-01   6.539624E+01  -7.007673E-17   1.476075E-15   1.084917E-13   1.200000E+02  -1.656796E+00
  7.790000000001E+00   5.921228E+00   8.992463E-01   6.541063E+01  -6.427305E-17   1.152933E-15   8.386367E-14   1.200000E+02  -1.655532E+00
  7.795000000001E+00   5.925752E+00   9.103058E-01   6.542234E+01  -6.121645E-17   2.611169E-16   1.876609E-14   1.200000E+02  -1.655542E+00
  7.800000000001E+00   5.930331E+00   9.211934E-01   6.543015E+01  -5.828102E-17   8.377344E-16   5.950226E-14   1.200000E+02  -1.656629E+00
  7.805000000001E+00   5.934961E+00   9.306803E-01   6.543381E+01  -5.431210E-17   6.463099E-16   4.544043E-14   1.200000E+02  -1.658490E+00
  7.810000000001E+00   5.939634E+00   9.381882E-01   6.543388E+01  -4.992385E-17   1.168078E-15   8.146756E-14   1.200000E+02  -1.660796E+00
  7.815000000001E+00   5.944340E+00   9.437508E-01   6.543139E+01  -4.091127E-17   2.445115E-15   1.695228E-13   1.200000E+02  -1.663258E+00
  7.820000000001E+00   5.949069E+00   9.478165E-01   6.542751E+01  -2.381770E-17   4.367558E-15   3.014913E-13   1.200000E+02  -1.665673E+00
  7.825000000001E+00   5.953817E+00   9.509571E-01   6.542319E+01   8.295165E-19   5.393465E-15   3.710554E-13   1.200000E+02  -1.667932E+00
  7.830000000001E+00   5.958578E+00   9.535727E-01   6.541898E+01   2.810718E-17   5.433959E-15   3.727918E-13   1.200000E+02  -1.669997E+00
  7.835000000001E+00   5.963352E+00   9.556808E-01   6.541492E+01   5.420070E-17   5.043708E-15   3.452343E-13   1.200000E+02  -1.671861E+00
  7.840000000001E+00   5.968133E+00   9.568511E-01   6.541067E+01   7.683359E-17   3.834383E-15   2.621197E-13   1.200000E+02  -1.673498E+00
  7.845000000001E+00   5.972917E+00   9.563060E-01   6.540572E+01   9.077951E-17   2.023332E-15   1.383840E-13   1.200000E+02  -1.674826E+00
  7.850000000001E+00   5.977692E+00   9.531622E-01   6.539967E+01   9.425555E-17  -3.365807E-16  -2.309393E-14   1.200000E+02  -1.675698E+00
  7.855000000001E+00   5.982444E+00   9.467460E-01   6.539244E+01   8.648248E-17  -2.948133E-15  -2.036297E-13   1.200000E+02  -1.675922E+00
  7.860000000001E+00   5.987154E+00   9.368960E-01   6.538445E+01   6.517073E-17  -5.273948E-15  -3.680602E-13   1.200000E+02  -1.675305E+00
  7.865000000001E+00   5.991808E+00   9.241626E-01   6.537659E+01   3.443897E-17  -7.102667E-15  -5.024528E-13   1.200000E+02  -1.673713E+00
  7.870000000001E+00   5.996393E+00   9.098387E-01   6.537016E+01  -5.348371E-18  -8.376455E-15  -6.018322E-13   1.200000E+02  -1.671129E+00
  7.875000000001E+00   6.000907E+00   8.957979E-01   6.536661E+01  -4.960137E-17  -9.214280E-15  -6.723685E-13   1.200000E+02  -1.667695E+00
  7.880000000001E+00   6.005355E+00   8.841663E-01   6.536726E+01  -9.449339E-17  -8.821041E-15  -6.521480E-13   1.200000E+02  -1.663716E+00
  7.885000000001E+00   6.009755E+00   8.769020E-01   6.537288E+01  -1.338244E-16  -6.710922E-15  -5.002980E-13   1.200000E+02  -1.659632E+00
  7.890000000001E+00   6.014133E+00   8.753823E-01   6.538340E+01  -1.583656E-16  -3.133706E-15  -2.340605E-13   1.200000E+02  -1.655958E+00
  7.895000000001E+00   6.018519E+00   8.800964E-01   6.539772E+01  -1.665166E-16  -4.689883E-17  -3.484932E-15   1.200000E+02  -1.653194E+00
  7.900000000001E+00   6.022944E+00   8.905176E-01   6.541383E+01  -1.604130E-16   2.611461E-15   1.918274E-13   1.200000E+02  -1.651743E+00
  7.905000000001E+00   6.027431E+00   9.051789E-01   6.542923E+01  -1.387336E-16   6.252791E-15   4.519718E-13   1.200000E+02  -1.651826E+00
  7.910000000001E+00   6.031999E+00   9.219350E-01   6.544147E+01  -9.963097E-17   9.134736E-15   6.484086E-13   1.200000E+02  -1.653445E+00
  7.915000000001E+00   6.036650E+00   9.383529E-01   6.544872E+01  -4.902560E-17   1.077362E-14   7.514441E-13   1.200000E+02  -1.656371E+00
  7.920000000001E+00   6.041378E+00   9.521505E-01   6.545009E+01   7.570952E-18   1.165582E-14   8.012120E-13   1.200000E+02  -1.660183E+00
  7.925000000001E+00   6.046165E+00   9.615944E-01   6.544575E+01   6.393470E-17   1.092232E-14   7.433690E-13   1.200000E+02  -1.664349E+00
  7.930000000001E+00   6.050985E+00   9.657741E-01   6.543678E+01   1.128580E-16   8.636318E-15   5.851605E-13   1.200000E+02  -1.668310E+00
  7.935000000001E+00   6.055814E+00   9.647000E-01   6.542485E+01   1.482799E-16   5.397115E-15   3.660262E-13   1.200000E+02  -1.671585E+00
  7.940000000001E+00   6.060625E+00   9.592070E-01   6.541190E+01   1.667252E-16   1.855172E-15   1.265111E-13   1.200000E+02  -1.673840E+00
  7.945000000001E+00   6.065401E+00   9.506937E-01   6.539974E+01   1.675702E-16  -1.329474E-15  -9.145668E-14   1.200000E+02  -1.674924E+00
  7.950000000001E+00   6.070130E+00   9.407652E-01   6.538984E+01   1.513500E-16  -5.240785E-15  -3.642717E-13   1.200000E+02  -1.674872E+00
  7.955000000001E+00   6.074809E+00   9.308696E-01   6.538304E+01   1.191985E-16  -7.386471E-15  -5.188159E-13   1.200000E+02  -1.673861E+00
  7.960000000001E+00   6.079440E+00   9.220162E-01   6.537953E+01   7.733844E-17  -8.568496E-15  -6.075862E-13   1.200000E+02  -1.672152E+00
  7.965000000001E+00   6.084031E+00   9.146422E-01   6.537890E+01   3.378670E-17  -8.877117E-15  -6.345390E-13   1.200000E+02  -1.670017E+00
  7.970000000001E+00   6.088589E+00   9.086501E-01   6.538032E+01  -9.415777E-18  -8.541063E-15  -6.145573E-13   1.200000E+02  -1.667685E+00
  7.975000000001E+00   6.093119E+00   9.035939E-01   6.538285E+01  -4.811280E-17  -6.936044E-15  -5.018829E-13   1.200000E+02  -1.665309E+00
  7.980000000001E+00   6.097626E+00   8.989550E-01   6.538570E+01  -7.862753E-17  -5.625521E-15  -4.091736E-13   1.200000E+02  -1.662958E+00
  7.985000000001E+00   6.102109E+00   8.944238E-01   6.538851E+01  -1.037117E-16  -4.361642E-15  -3.188660E-13   1.200000E+02  -1.660647E+00
  7.990000000001E+00   6.106570E+00   8.901056E-01   6.539139E+01  -1.212872E-16  -2.886894E-15  -2.120850E-13   1.200000E+02  -1.658376E+00
  7.995000000001E+00   6.111011E+00   8.865873E-01   6.539487E+01  -1.353740E-16  -2.485602E-15  -1.833385E-13   1.200000E+02  -1.656182E+00
  8.000000000001E+00   6.115439E+00   8.848404E-01   6.539964E+01  -1.457305E-16  -1.660337E-15  -1.227175E-13   1.200000E+02  -1.654170E+00
  8.005000000001E+00   6.119864E+00   8.859783E-01   6.540631E+01  -1.539795E-16  -1.810677E-15  -1.336711E-13   1.200000E+02  -1.652531E+00
  8.010000000001E+00   6.124305E+00   8.909285E-01   6.541502E+01  -1.605670E-16  -6.499273E-16  -4.771989E-14   1.200000E+02  -1.651518E+00
  8.015000000001E+00   6.128781E+00   9.001022E-01   6.542524E+01  -1.646368E-16  -9.627043E-16  -6.997557E-14   1.200000E+02  -1.651402E+00
  8.020000000001E+00   6.133312E+00   9.131507E-01   6.543574E+01  -1.677238E-16  -7.461088E-17  -5.346563E-15   1.200000E+02  -1.652403E+00
  8.025000000001E+00   6.137916E+00   9.288755E-01   6.544478E+01  -1.656992E-16   1.231503E-15   8.676668E-14   1.200000E+02  -1.654621E+00
  8.030000000001E+00   6.142602E+00   9.453273E-01   6.545051E+01  -1.524702E-16   4.046734E-15   2.801790E-13   1.200000E+02  -1.657974E+00
  8.035000000001E+00   6.147367E+00   9.600871E-01   6.545144E+01  -1.252256E-16   6.729962E-15   4.587976E-13   1.200000E+02  -1.662180E+00
  8.040000000001E+00   6.152196E+00   9.706820E-01   6.544677E+01  -8.465599E-17   9.476426E-15   6.389337E-13   1.200000E+02  -1.666765E+00
  8.045000000001E+00   6.157064E+00   9.750567E-01   6.543662E+01  -3.029665E-17   1.193037E-14   8.006539E-13   1.200000E+02  -1.671129E+00
  8.050000000001E+00   6.161935E+00   9.720035E-01   6.542198E+01   3.187778E-17   1.273151E-14   8.569107E-13   1.200000E+02  -1.674637E+00
  8.055000000001E+00   6.166772E+00   9.614547E-01   6.540456E+01   9.533631E-17   1.253324E-14   8.525946E-13   1.200000E+02  -1.676731E+00
  8.060000000001E+00   6.171539E+00   9.445638E-01   6.538655E+01   1.541061E-16   1.062062E-14   7.352027E-13   1.200000E+02  -1.677030E+00
  8.065000000001E+00   6.176211E+00   9.235473E-01   6.537035E+01   2.001052E-16   7.568496E-15   5.357118E-13   1.200000E+02  -1.675403E+00
  8.070000000001E+00   6.180773E+00   9.013099E-01   6.535824E+01   2.277208E-16   3.159041E-15   2.290770E-13   1.200000E+02  -1.671998E+00
  8.075000000001E+00   6.185227E+00   8.809297E-01   6.535212E+01   2.313035E-16  -1.511752E-15  -1.121499E-13   1.200000E+02  -1.667222E+00
  8.080000000001E+00   6.189589E+00   8.651173E-01   6.535314E+01   2.124913E-16  -5.731870E-15  -4.329999E-13   1.200000E+02  -1.661669E+00
  8.085000000001E+00   6.193888E+00   8.557668E-01   6.536139E+01   1.768879E-16  -8.752656E-15  -6.685067E-13   1.200000E+02  -1.656033E+00
  8.090000000001E+00   6.198159E+00   8.536916E-01   6.537577E+01   1.247114E-16  -1.176450E-14  -9.009260E-13   1.200000E+02  -1.650995E+00
  8.095000000001E+00   6.202437E+00   8.585874E-01   6.539409E+01   6.479964E-17  -1.199772E-14  -9.138035E-13   1.200000E+02  -1.647125E+00
  8.100000000001E+00   6.206754E+00   8.692051E-01   6.541358E+01   6.991778E-18  -1.124841E-14  -8.465194E-13   1.200000E+02  -1.644804E+00
  8.105000000001E+00   6.211135E+00   8.836734E-01   6.543147E+01  -4.455416E-17  -9.163209E-15  -6.784885E-13   1.200000E+02  -1.644190E+00
  8.110000000001E+00   6.215593E+00   8.998869E-01   6.544553E+01  -8.322986E-17  -6.501773E-15  -4.728505E-13   1.200000E+02  -1.645214E+00
  8.115000000001E+00   6.220133E+00   9.158740E-01   6.545446E+01  -1.066829E-16  -3.050144E-15  -2.179836E-13   1.200000E+02  -1.647619E+00
  8.120000000001E+00   6.224749E+00   9.300734E-01   6.545795E+01  -1.155271E-16  -7.868852E-16  -5.538046E-14   1.200000E+02  -1.651021E+00
  8.125000000001E+00   6.229429E+00   9.414764E-01   6.545649E+01  -1.126030E-16   2.064848E-15   1.435593E-13   1.200000E+02  -1.654988E+00
  8.130000000001E+00   6.234159E+00   9.496231E-01   6.545114E+01  -1.003516E-16   2.753030E-15   1.897479E-13   1.200000E+02  -1.659098E+00
  8.135000000001E+00   6.238920E+00   9.544775E-01   6.544311E+01  -8.213916E-17   4.554113E-15   3.122497E-13   1.200000E+02  -1.662995E+00
  8.140000000001E+00   6.243699E+00   9.562352E-01   6.543358E+01  -5.641723E-17   5.528421E-15   3.783006E-13   1.200000E+02  -1.666403E+00
  8.145000000001E+00   6.248478E+00   9.551279E-01   6.542342E+01  -2.630522E-17   6.366668E-15   4.360978E-13   1.200000E+02  -1.669131E+00
  8.150000000001E+00   6.253245E+00   9.512891E-01   6.541320E+01   8.607386E-18   7.148633E-15   4.915593E-13   1.200000E+02  -1.671046E+00
  8.155000000001E+00   6.257987E+00   9.447217E-01   6.540321E+01   4.720628E-17   8.167720E-15   5.654524E-13   1.200000E+02  -1.672053E+00
  8.160000000001E+00   6.262688E+00   9.353782E-01   6.539360E+01   8.831854E-17   8.394892E-15   5.868987E-13   1.200000E+02  -1.672074E+00
  8.165000000001E+00   6.267336E+00   9.233274E-01   6.538455E+01   1.299713E-16   8.170805E-15   5.786078E-13   1.200000E+02  -1.671050E+00
  8.170000000001E+00   6.271918E+00   9.089527E-01   6.537645E+01   1.716741E-16   7.922420E-15   5.698202E-13   1.200000E+02  -1.668951E+00
  8.175000000001E+00   6.276423E+00   8.931124E-01   6.536998E+01   2.053626E-16   5.122001E-15   3.748969E-13   1.200000E+02  -1.665812E+00
  8.180000000001E+00   6.280849E+00   8.771944E-01   6.536612E+01   2.207577E-16   1.033444E-15   7.700944E-14   1.200000E+02  -1.661769E+00
  8.185000000001E+00   6.285198E+00   8.630249E-01   6.536603E+01   2.163780E-16  -3.285044E-15  -2.488112E-13   1.200000E+02  -1.657081E+00
  8.190000000001E+00   6.289485E+00   8.526257E-01   6.537077E+01   1.876838E-16  -8.009324E-15  -6.140745E-13   1.200000E+02  -1.652140E+00
  8.195000000001E+00   6.293733E+00   8.478611E-01   6.538094E+01   1.376563E-16  -1.204209E-14  -9.285993E-13   1.200000E+02  -1.647451E+00
  8.200000000001E+00   6.297975E+00   8.500480E-01   6.539627E+01   6.883123E-17  -1.551945E-14  -1.193949E-12   1.200000E+02  -1.643574E+00
  8.205000000001E+00   6.302246E+00   8.596208E-01   6.541539E+01  -1.626086E-17  -1.809018E-14  -1.376626E-12   1.200000E+02  -1.641049E+00
  8.210000000001E+00   6.306582E+00   8.759283E-01   6.543590E+01  -1.056322E-16  -1.722925E-14  -1.287105E-12   1.200000E+02  -1.640305E+00
  8.215000000001E+00   6.311013E+00   8.972193E-01   6.545476E+01  -1.879429E-16  -1.490310E-14  -1.087224E-12   1.200000E+02  -1.641569E+00
  8.220000000001E+00   6.315558E+00   9.208305E-01   6.546898E+01  -2.515412E-16  -1.004044E-14  -7.138530E-13   1.200000E+02  -1.644804E+00
  8.225000000001E+00   6.320220E+00   9.435590E-01   6.547621E+01  -2.840492E-16  -2.815575E-15  -1.953806E-13   1.200000E+02  -1.649681E+00
  8.230000000001E+00   6.324987E+00   9.621640E-01   6.547529E+01  -2.783242E-16   5.118557E-15   3.483180E-13   1.200000E+02  -1.655614E+00
  8.235000000001E+00   6.329831E+00   9.739112E-01   6.546633E+01  -2.342599E-16   1.199104E-14   8.060380E-13   1.200000E+02  -1.661827E+00
  8.240000000001E+00   6.334712E+00   9.770600E-01   6.545068E+01  -1.601528E-16   1.755465E-14   1.175940E-12   1.200000E+02  -1.667483E+00
  8.245000000001E+00   6.339587E+00   9.711890E-01   6.543053E+01  -6.084373E-17   2.189669E-14   1.475214E-12   1.200000E+02  -1.671815E+00
  8.250000000001E+00   6.344411E+00   9.572865E-01   6.540859E+01   4.962077E-17   2.214966E-14   1.513421E-12   1.200000E+02  -1.674256E+00
  8.255000000001E+00   6.349150E+00   9.375729E-01   6.538773E+01   1.542467E-16   1.961286E-14   1.367830E-12   1.200000E+02  -1.674524E+00
  8.260000000001E+00   6.353782E+00   9.150880E-01   6.537060E+01   2.424630E-16   1.533856E-14   1.095732E-12   1.200000E+02  -1.672661E+00
  8.265000000001E+00   6.358302E+00   8.931250E-01   6.535938E+01   3.050836E-16   9.367585E-15   6.855251E-13   1.200000E+02  -1.669011E+00
  8.270000000001E+00   6.362719E+00   8.746398E-01   6.535544E+01   3.386258E-16   3.616651E-15   2.702459E-13   1.200000E+02  -1.664145E+00
  8.275000000001E+00   6.367057E+00   8.617644E-01   6.535907E+01   3.410917E-16  -2.444046E-15  -1.853645E-13   1.200000E+02  -1.658756E+00
  8.280000000001E+00   6.371347E+00   8.555258E-01   6.536937E+01   3.169344E-16  -7.227035E-15  -5.522063E-13   1.200000E+02  -1.653546E+00
  8.285000000001E+00   6.375623E+00   8.558138E-01   6.538439E+01   2.707165E-16  -1.060316E-14  -8.100840E-13   1.200000E+02  -1.649114E+00
  8.290000000001E+00   6.379914E+00   8.615768E-01   6.540154E+01   2.126826E-16  -1.289568E-14  -9.789000E-13   1.200000E+02  -1.645885E+00
  8.295000000001E+00   6.384245E+00   8.711701E-01   6.541820E+01   1.437476E-16  -1.430744E-14  -1.074379E-12   1.200000E+02  -1.644067E+00
  8.300000000001E+00   6.388629E+00   8.827627E-01   6.543224E+01   6.854287E-17  -1.580134E-14  -1.171229E-12   1.200000E+02  -1.643660E+00
  8.305000000001E+00   6.393073E+00   8.947029E-01   6.544237E+01  -1.039638E-17  -1.536762E-14  -1.124053E-12   1.200000E+02  -1.644494E+00
  8.310000000001E+00   6.397575E+00   9.057696E-01   6.544822E+01  -8.165070E-17  -1.280214E-14  -9.250447E-13   1.200000E+02  -1.646290E+00
  8.315000000001E+00   6.402128E+00   9.152690E-01   6.545013E+01  -1.374922E-16  -9.477107E-15  -6.777002E-13   1.200000E+02  -1.648732E+00
  8.320000000001E+00   6.406725E+00   9.229779E-01   6.544894E+01  -1.763461E-16  -5.735644E-15  -4.067181E-13   1.200000E+02  -1.651521E+00
  8.325000000001E+00   6.411355E+00   9.289727E-01   6.544557E+01  -1.952730E-16  -1.514919E-15  -1.067251E-13   1.200000E+02  -1.654412E+00
  8.330000000001E+00   6.416012E+00   9.334099E-01   6.544083E+01  -1.893181E-16   3.425978E-15   2.401933E-13   1.200000E+02  -1.657222E+00
  8.335000000001E+00   6.420687E+00   9.363305E-01   6.543522E+01  -1.627284E-16   7.129310E-15   4.982301E-13   1.200000E+02  -1.659816E+00
  8.340000000001E+00   6.425373E+00   9.375522E-01   6.542896E+01  -1.211273E-16   9.065017E-15   6.326205E-13   1.200000E+02  -1.662081E+00
  8.345000000001E+00   6.430059E+00   9.366810E-01   6.542204E+01  -7.266606E-17   9.917627E-15   6.926920E-13   1.200000E+02  -1.663899E+00
  8.350000000001E+00   6.434735E+00   9.332402E-01   6.541442E+01  -2.559210E-17   8.610632E-15   6.035525E-13   1.200000E+02  -1.665133E+00
  8.355000000001E+00   6.439387E+00   9.268776E-01   6.540619E+01   1.154031E-17   5.563924E-15   3.926247E-13   1.200000E+02  -1.665634E+00
  8.360000000001E+00   6.443999E+00   9.175901E-01   6.539775E+01   3.321081E-17   2.748602E-15   1.958962E-13   1.200000E+02  -1.665265E+00
  8.365000000001E+00   6.448559E+00   9.058927E-01   6.538981E+01   3.974194E-17   5.036674E-17   3.635609E-15   1.200000E+02  -1.663945E+00
  8.370000000001E+00   6.453056E+00   8.928736E-01   6.538341E+01   3.430181E-17  -2.007675E-15  -1.470182E-13   1.200000E+02  -1.661683E+00
  8.375000000001E+00   6.457488E+00   8.801026E-01   6.537974E+01   2.147205E-17  -3.017473E-15  -2.241575E-13   1.200000E+02  -1.658619E+00
  8.380000000001E+00   6.461860E+00   8.693988E-01   6.537990E+01   4.137949E-18  -3.923140E-15  -2.950251E-13   1.200000E+02  -1.655027E+00
  8.385000000001E+00   6.466188E+00   8.625025E-01   6.538462E+01  -1.364476E-17  -2.923301E-15  -2.216097E-13   1.200000E+02  -1.651298E+00
  8.390000000001E+00   6.470494E+00   8.607250E-01   6.539392E+01  -2.524019E-17  -1.813705E-15  -1.377970E-13   1.200000E+02  -1.647897E+00
  8.395000000001E+00   6.474805E+00   8.646553E-01   6.540695E+01  -3.011512E-17   1.823927E-16   1.379712E-14   1.200000E+02  -1.645286E+00
  8.400000000001E+00   6.479149E+00   8.739943E-01   6.542200E+01  -2.437142E-17   2.120090E-15   1.586973E-13   1.200000E+02  -1.643856E+00
  8.405000000001E+00   6.483551E+00   8.875528E-01   6.543682E+01  -1.074938E-17   3.438688E-15   2.535250E-13   1.200000E+02  -1.643845E+00
  8.410000000001E+00   6.488028E+00   9.034195E-01   6.544902E+01   8.881384E-18   3.955408E-15   2.865531E-13   1.200000E+02  -1.645294E+00
  8.415000000001E+00   6.492585E+00   9.192677E-01   6.545668E+01   2.620399E-17   2.654728E-15   1.890305E-13   1.200000E+02  -1.648021E+00
  8.420000000001E+00   6.497217E+00   9.327472E-01   6.545863E+01   3.524000E-17   5.404974E-16   3.793120E-14   1.200000E+02  -1.651646E+00
  8.425000000001E+00   6.501906E+00   9.418886E-01   6.545472E+01   3.273192E-17  -1.582777E-15  -1.099920E-13   1.200000E+02  -1.655651E+00
  8.430000000001E+00   6.506627E+00   9.454438E-01   6.544571E+01   1.947783E-17  -3.545722E-15  -2.454427E-13   1.200000E+02  -1.659458E+00
  8.435000000001E+00   6.511351E+00   9.430933E-01   6.543312E+01  -1.781140E-18  -4.739421E-15  -3.288276E-13   1.200000E+02  -1.662535E+00
  8.440000000001E+00   6.516049E+00   9.354801E-01   6.541889E+01  -2.543173E-17  -4.773416E-15  -3.338089E-13   1.200000E+02  -1.664478E+00
  8.445000000001E+00   6.520700E+00   9.240592E-01   6.540512E+01  -4.591330E-17  -3.120320E-15  -2.208570E-13   1.200000E+02  -1.665076E+00
  8.450000000001E+00   6.525287E+00   9.107977E-01   6.539371E+01  -5.703124E-17  -1.280162E-15  -9.191342E-14   1.200000E+02  -1.664332E+00
  8.455000000001E+00   6.529808E+00   8.977894E-01   6.538613E+01  -5.703634E-17   1.459653E-15   1.063067E-13   1.200000E+02  -1.662451E+00
  8.460000000001E+00   6.534268E+00   8.868716E-01   6.538323E+01  -4.523205E-17   3.746226E-15   2.761847E-13   1.200000E+02  -1.659785E+00
  8.465000000001E+00   6.538682E+00   8.793250E-01   6.538504E+01  -2.032694E-17   6.144560E-15   4.568985E-13   1.200000E+02  -1.656765E+00
  8.470000000001E+00   6.543068E+00   8.757158E-01   6.539085E+01   1.440628E-17   7.390333E-15   5.518459E-13   1.200000E+02  -1.653822E+00
  8.475000000001E+00   6.547445E+00   8.759019E-01   6.539936E+01   5.201404E-17   7.437029E-15   5.552870E-13   1.200000E+02  -1.651316E+00
  8.480000000001E+00   6.551832E+00   8.791826E-01   6.540899E+01   8.612773E-17   6.017816E-15   4.477105E-13   1.200000E+02  -1.649496E+00
  8.485000000001E+00   6.556241E+00   8.845399E-01   6.541821E+01   1.083732E-16   3.052933E-15   2.257868E-13   1.200000E+02  -1.648473E+00
  8.490000000001E+00   6.560679E+00   8.909064E-01   6.542588E+01   1.132661E-16  -1.134927E-15  -8.334610E-14   1.200000E+02  -1.648235E+00
  8.495000000001E+00   6.565150E+00   8.973918E-01   6.543138E+01   9.792195E-17  -4.966383E-15  -3.621131E-13   1.200000E+02  -1.648677E+00
  8.500000000001E+00   6.569652E+00   9.034199E-01   6.543461E+01   6.820690E-17  -6.833058E-15  -4.949176E-13   1.200000E+02  -1.649643E+00
  8.505000000001E+00   6.574183E+00   9.087527E-01   6.543586E+01   3.177051E-17  -7.306526E-15  -5.261154E-13   1.200000E+02  -1.650967E+00
  8.510000000001E+00   6.578739E+00   9.134096E-01   6.543566E+01  -3.278254E-18  -6.736003E-15  -4.825598E-13   1.200000E+02  -1.652510E+00
  8.515000000001E+00   6.583316E+00   9.175166E-01   6.543447E+01  -3.351978E-17  -4.440693E-15  -3.166966E-13   1.200000E+02  -1.654166E+00
  8.520000000001E+00   6.587913E+00   9.211388E-01   6.543263E+01  -4.712161E-17  -1.016368E-15  -7.219719E-14   1.200000E+02  -1.655863E+00
  8.525000000001E+00   6.592526E+00   9.241494E-01   6.543020E+01  -4.480002E-17   1.753018E-15   1.241145E-13   1.200000E+02  -1.657540E+00
  8.530000000001E+00   6.597153E+00   9.261810E-01   6.542706E+01  -2.846380E-17   5.046754E-15   3.565116E-13   1.200000E+02  -1.659123E+00
  8.535000000001E+00   6.601786E+00   9.266754E-01   6.542298E+01   3.108903E-18   7.183085E-15   5.071234E-13   1.200000E+02  -1.660508E+00
  8.540000000001E+00   6.606416E+00   9.250248E-01   6.541779E+01   4.061473E-17   7.800278E-15   5.516360E-13   1.200000E+02  -1.661555E+00
  8.545000000001E+00   6.611032E+00   9.207683E-01   6.541156E+01   7.736161E-17   6.617344E-15   4.700974E-13   1.200000E+02  -1.662099E+00
  8.550000000001E+00   6.615619E+00   9.137906E-01   6.540465E+01   1.064951E-16   4.558555E-15   3.262790E-13   1.200000E+02  -1.661981E+00
  8.555000000001E+00   6.620166E+00   9.044659E-01   6.539777E+01   1.222405E-16   1.858604E-15   1.343871E-13   1.200000E+02  -1.661087E+00
  8.560000000001E+00   6.624662E+00   8.937001E-01   6.539191E+01   1.247472E-16  -7.497618E-16  -5.485996E-14   1.200000E+02  -1.659388E+00
  8.565000000001E+00   6.629103E+00   8.828490E-01   6.538819E+01   1.154838E-16  -2.664124E-15  -1.973183E-13   1.200000E+02  -1.656973E+00
  8.570000000001E+00   6.633493E+00   8.735171E-01   6.538766E+01   1.003901E-16  -3.208190E-15  -2.401510E-13   1.200000E+02  -1.654056E+00
  8.575000000001E+00   6.637843E+00   8.672778E-01   6.539103E+01   8.661604E-17  -2.595656E-15  -1.957074E-13   1.200000E+02  -1.650963E+00
  8.580000000001E+00   6.642172E+00   8.653715E-01   6.539843E+01   7.340992E-17  -2.302235E-15  -1.739861E-13   1.200000E+02  -1.648094E+00
  8.585000000001E+00   6.646505E+00   8.684501E-01   6.540925E+01   6.227065E-17  -2.360656E-15  -1.777981E-13   1.200000E+02  -1.645859E+00
  8.590000000001E+00   6.650865E+00   8.764207E-01   6.542213E+01   5.258747E-17  -1.642261E-15  -1.225898E-13   1.200000E+02  -1.644620E+00
  8.595000000001E+00   6.655275E+00   8.884225E-01   6.543520E+01   4.624309E-17  -1.113253E-15  -8.199468E-14   1.200000E+02  -1.644616E+00
  8.600000000001E+00   6.659753E+00   9.029408E-01   6.544642E+01   3.898311E-17  -1.992112E-15  -1.443911E-13   1.200000E+02  -1.645925E+00
  8.605000000001E+00   6.664306E+00   9.180363E-01   6.545402E+01   2.611896E-17  -3.032227E-15  -2.161913E-13   1.200000E+02  -1.648435E+00
  8.610000000001E+00   6.668931E+00   9.316483E-01   6.545680E+01   5.049238E-18  -5.923925E-15  -4.162098E-13   1.200000E+02  -1.651856E+00
  8.615000000001E+00   6.673617E+00   9.419179E-01   6.545439E+01  -2.975999E-17  -7.962679E-15  -5.533308E-13   1.200000E+02  -1.655759E+00
  8.620000000001E+00   6.678343E+00   9.474752E-01   6.544716E+01  -7.669062E-17  -1.084118E-14  -7.488581E-13   1.200000E+02  -1.659642E+00
  8.625000000001E+00   6.683083E+00   9.476390E-01   6.543618E+01  -1.326691E-16  -1.123540E-14  -7.758244E-13   1.200000E+02  -1.663002E+00
  8.630000000001E+00   6.687811E+00   9.424967E-01   6.542295E+01  -1.889565E-16  -1.093693E-14  -7.591818E-13   1.200000E+02  -1.665417E+00
  8.635000000001E+00   6.692501E+00   9.328516E-01   6.540916E+01  -2.369934E-16  -8.113681E-15  -5.689105E-13   1.200000E+02  -1.666599E+00
  8.640000000001E+00   6.697134E+00   9.200547E-01   6.539646E+01  -2.695702E-16  -4.331303E-15  -3.078642E-13   1.200000E+02  -1.666430E+00
  8.645000000001E+00   6.701699E+00   9.057593E-01   6.538628E+01  -2.798486E-16   6.791739E-16   4.902920E-14   1.200000E+02  -1.664965E+00
  8.650000000001E+00   6.706192E+00   8.916517E-01   6.537968E+01  -2.596942E-16   7.505759E-15   5.503541E-13   1.200000E+02  -1.662412E+00
  8.655000000001E+00   6.710618E+00   8.792122E-01   6.537722E+01  -2.083370E-16   1.297422E-14   9.647480E-13   1.200000E+02  -1.659087E+00
  8.660000000001E+00   6.714989E+00   8.695510E-01   6.537895E+01  -1.328607E-16   1.708682E-14   1.284707E-12   1.200000E+02  -1.655364E+00
  8.665000000001E+00   6.719319E+00   8.633388E-01   6.538447E+01  -4.130764E-17   1.846522E-14   1.398453E-12   1.200000E+02  -1.651625E+00
  8.670000000001E+00   6.723628E+00   8.608278E-01   6.539297E+01   4.827809E-17   1.730733E-14   1.314755E-12   1.200000E+02  -1.648219E+00
  8.675000000001E+00   6.727933E+00   8.619370E-01   6.540344E+01   1.273324E-16   1.389054E-14   1.054009E-12   1.200000E+02  -1.645432E+00
  8.680000000001E+00   6.732253E+00   8.663618E-01   6.541484E+01   1.856516E-16   9.277090E-15   7.004688E-13   1.200000E+02  -1.643476E+00
  8.685000000001E+00   6.736601E+00   8.736702E-01   6.542618E+01   2.188651E-16   4.044494E-15   3.028784E-13   1.200000E+02  -1.642488E+00
  8.690000000001E+00   6.740993E+00   8.833573E-01   6.543663E+01   2.243060E-16  -2.013591E-15  -1.491612E-13   1.200000E+02  -1.642531E+00
  8.695000000001E+00   6.745438E+00   8.948488E-01   6.544547E+01   1.956362E-16  -8.915920E-15  -6.520728E-13   1.200000E+02  -1.643607E+00
  8.700000000001E+00   6.749943E+00   9.074645E-01   6.545212E+01   1.372288E-16  -1.373600E-14  -9.907276E-13   1.200000E+02  -1.645653E+00
  8.705000000001E+00   6.754513E+00   9.203681E-01   6.545609E+01   6.245097E-17  -1.584171E-14  -1.126654E-12   1.200000E+02  -1.648545E+00
  8.710000000001E+00   6.759146E+00   9.325373E-01   6.545695E+01  -1.816945E-17  -1.605916E-14  -1.127230E-12   1.200000E+02  -1.652088E+00
  8.715000000001E+00   6.763835E+00   9.427859E-01   6.545442E+01  -9.388818E-17  -1.388221E-14  -9.637948E-13   1.200000E+02  -1.656016E+00
  8.720000000001E+00   6.768569E+00   9.498571E-01   6.544840E+01  -1.516791E-16  -9.492497E-15  -6.540655E-13   1.200000E+02  -1.659994E+00
  8.725000000001E+00   6.773327E+00   9.525856E-01   6.543908E+01  -1.881393E-16  -4.971882E-15  -3.415498E-13   1.200000E+02  -1.663637E+00
  8.730000000001E+00   6.778086E+00   9.501066E-01   6.542695E+01  -1.992582E-16   6.888423E-16   4.743558E-14   1.200000E+02  -1.666539E+00
  8.735000000001E+00   6.782819E+00   9.420679E-01   6.541289E+01  -1.841876E-16   5.079954E-15   3.527288E-13   1.200000E+02  -1.668321E+00
  8.740000000001E+00   6.787498E+00   9.287957E-01   6.539806E+01  -1.497827E-16   8.416124E-15   5.925934E-13   1.200000E+02  -1.668685E+00
  8.745000000001E+00   6.792100E+00   9.113624E-01   6.538391E+01  -1.011433E-16   1.048387E-14   7.521446E-13   1.200000E+02  -1.667466E+00
  8.750000000001E+00   6.796608E+00   8.915268E-01   6.537205E+01  -4.805173E-17   1.042830E-14   7.646652E-13   1.200000E+02  -1.664672E+00
  8.755000000001E+00   6.801015E+00   8.715383E-01   6.536411E+01   1.306092E-18   9.150128E-15   6.862464E-13   1.200000E+02  -1.660502E+00
  8.760000000001E+00   6.805327E+00   8.538325E-01   6.536152E+01   4.202621E-17   6.823079E-15   5.223119E-13   1.200000E+02  -1.655339E+00
  8.765000000001E+00   6.809561E+00   8.406727E-01   6.536528E+01   6.688067E-17   3.180862E-15   2.473233E-13   1.200000E+02  -1.649710E+00
  8.770000000001E+00   6.813744E+00   8.338054E-01   6.537557E+01   7.075976E-17  -1.982653E-15  -1.554524E-13   1.200000E+02  -1.644231E+00
  8.775000000001E+00   6.817911E+00   8.341971E-01   6.539161E+01   5.252962E-17  -5.074209E-15  -3.977605E-13   1.200000E+02  -1.639528E+00
  8.780000000001E+00   6.822098E+00   8.418977E-01   6.541161E+01   2.064607E-17  -7.449473E-15  -5.787901E-13   1.200000E+02  -1.636158E+00
  8.785000000001E+00   6.826340E+00   8.560461E-01   6.543300E+01  -2.187966E-17  -9.427498E-15  -7.206030E-13   1.200000E+02  -1.634533E+00
  8.790000000001E+00   6.830666E+00   8.750059E-01   6.545292E+01  -7.051779E-17  -9.688443E-15  -7.247230E-13   1.200000E+02  -1.634865E+00
  8.795000000001E+00   6.835094E+00   8.965986E-01   6.546879E+01  -1.179759E-16  -9.183249E-15  -6.705523E-13   1.200000E+02  -1.637138E+00
  8.800000000001E+00   6.839632E+00   9.183942E-01   6.547869E+01  -1.617545E-16  -7.778044E-15  -5.545507E-13   1.200000E+02  -1.641107E+00
  8.805000000001E+00   6.844275E+00   9.380163E-01   6.548167E+01  -1.955046E-16  -5.861578E-15  -4.091890E-13   1.200000E+02  -1.646330E+00
  8.810000000001E+00   6.849006E+00   9.534199E-01   6.547774E+01  -2.175615E-16  -2.946962E-15  -2.023877E-13   1.200000E+02  -1.652229E+00
  8.815000000001E+00   6.853800E+00   9.631090E-01   6.546778E+01  -2.245124E-16   1.800311E-16   1.223769E-14   1.200000E+02  -1.658162E+00
  8.820000000001E+00   6.858626E+00   9.662700E-01   6.545321E+01  -2.184940E-16   1.992909E-15   1.349957E-13   1.200000E+02  -1.663504E+00
  8.825000000001E+00   6.863452E+00   9.628108E-01   6.543580E+01  -2.020717E-16   4.449291E-15   3.023885E-13   1.200000E+02  -1.667718E+00
  8.830000000001E+00   6.868245E+00   9.533119E-01   6.541735E+01  -1.742684E-16   6.674626E-15   4.580205E-13   1.200000E+02  -1.670412E+00
  8.835000000001E+00   6.872977E+00   9.389055E-01   6.539956E+01  -1.346348E-16   8.611950E-15   5.998663E-13   1.200000E+02  -1.671366E+00
  8.840000000001E+00   6.877628E+00   9.211117E-01   6.538393E+01  -9.047826E-17   8.731654E-15   6.198052E-13   1.200000E+02  -1.670542E+00
  8.845000000001E+00   6.882186E+00   9.016593E-01   6.537164E+01  -4.695002E-17   8.815736E-15   6.391539E-13   1.200000E+02  -1.668068E+00
  8.850000000001E+00   6.886645E+00   8.823183E-01   6.536360E+01  -1.225348E-18   9.061461E-15   6.712880E-13   1.200000E+02  -1.664214E+00
  8.855000000001E+00   6.891012E+00   8.647614E-01   6.536042E+01   4.368958E-17   8.927622E-15   6.747678E-13   1.200000E+02  -1.659354E+00
  8.860000000001E+00   6.895298E+00   8.504600E-01   6.536239E+01   8.400111E-17   7.003016E-15   5.382191E-13   1.200000E+02  -1.653933E+00
  8.865000000001E+00   6.899523E+00   8.406118E-01   6.536945E+01   1.136526E-16   4.304635E-15   3.347462E-13   1.200000E+02  -1.648430E+00
  8.870000000001E+00   6.903713E+00   8.360866E-01   6.538118E+01   1.252682E-16   1.715110E-16   1.341200E-14   1.200000E+02  -1.643329E+00
  8.875000000001E+00   6.907894E+00   8.373796E-01   6.539674E+01   1.181666E-16  -3.295671E-15  -2.573816E-13   1.200000E+02  -1.639085E+00
  8.880000000001E+00   6.912096E+00   8.445649E-01   6.541485E+01   9.076871E-17  -7.394650E-15  -5.727445E-13   1.200000E+02  -1.636097E+00
  8.885000000001E+00   6.916348E+00   8.572492E-01   6.543387E+01   4.522227E-17  -1.068911E-14  -8.158999E-13   1.200000E+02  -1.634676E+00
  8.890000000001E+00   6.920676E+00   8.745385E-01   6.545193E+01  -1.402063E-17  -1.273813E-14  -9.533428E-13   1.200000E+02  -1.635012E+00
  8.895000000001E+00   6.925099E+00   8.950376E-01   6.546709E+01  -8.241741E-17  -1.363764E-14  -9.975188E-13   1.200000E+02  -1.637147E+00
  8.900000000001E+00   6.929628E+00   9.169027E-01   6.547764E+01  -1.454927E-16  -1.154763E-14  -8.246367E-13   1.200000E+02  -1.640953E+00
  8.905000000001E+00   6.934266E+00   9.379672E-01   6.548230E+01  -1.958619E-16  -8.507782E-15  -5.939538E-13   1.200000E+02  -1.646123E+00
  8.910000000001E+00   6.939003E+00   9.559438E-01   6.548044E+01  -2.267331E-16  -3.642606E-15  -2.495120E-13   1.200000E+02  -1.652180E+00
  8.915000000000E+00   6.943817E+00   9.686903E-01   6.547213E+01  -2.312548E-16   1.962698E-15   1.326554E-13   1.200000E+02  -1.658522E+00
  8.920000000000E+00   6.948679E+00   9.745066E-01   6.545815E+01  -2.055709E-16   8.082243E-15   5.428887E-13   1.200000E+02  -1.664472E+00
  8.925000000000E+00   6.953550E+00   9.724118E-01   6.543985E+01  -1.524668E-16   1.313844E-14   8.841705E-13   1.200000E+02  -1.669367E+00
  8.930000000000E+00   6.958390E+00   9.623479E-01   6.541903E+01  -7.858835E-17   1.585974E-14   1.078123E-12   1.200000E+02  -1.672636E+00
  8.935000000000E+00   6.963162E+00   9.452583E-01   6.539769E+01   8.806299E-20   1.555923E-14   1.076465E-12   1.200000E+02  -1.673882E+00
  8.940000000000E+00   6.967834E+00   9.230117E-01   6.537797E+01   7.453523E-17   1.353063E-14   9.583897E-13   1.200000E+02  -1.672934E+00
  8.945000000000E+00   6.972388E+00   8.981715E-01   6.536192E+01   1.316138E-16   9.473249E-15   6.893892E-13   1.200000E+02  -1.669878E+00
  8.950000000000E+00   6.976817E+00   8.736431E-01   6.535137E+01   1.670898E-16   4.695069E-15   3.512065E-13   1.200000E+02  -1.665043E+00
  8.955000000000E+00   6.981129E+00   8.522635E-01   6.534774E+01   1.769606E-16  -6.627604E-16  -5.081750E-14   1.200000E+02  -1.658963E+00
  8.960000000000E+00   6.985348E+00   8.364077E-01   6.535179E+01   1.627028E-16  -4.844399E-15  -3.785117E-13   1.200000E+02  -1.652305E+00
  8.965000000000E+00   6.989505E+00   8.276878E-01   6.536332E+01   1.303076E-16  -7.394683E-15  -5.839654E-13   1.200000E+02  -1.645794E+00
  8.970000000000E+00   6.993638E+00   8.267901E-01   6.538109E+01   8.943568E-17  -8.659680E-15  -6.847922E-13   1.200000E+02  -1.640118E+00
  8.975000000000E+00   6.997785E+00   8.334646E-01   6.540294E+01   4.482031E-17  -8.577242E-15  -6.730662E-13   1.200000E+02  -1.635857E+00
  8.980000000000E+00   7.001983E+00   8.466439E-01   6.542609E+01   5.930365E-18  -6.531244E-15  -5.047149E-13   1.200000E+02  -1.633418E+00
  8.985000000000E+00   7.006259E+00   8.646494E-01   6.544768E+01  -2.176892E-17  -3.894767E-15  -2.948056E-13   1.200000E+02  -1.632999E+00
  8.990000000000E+00   7.010634E+00   8.854385E-01   6.546525E+01  -3.402547E-17  -1.291243E-15  -9.546854E-14   1.200000E+02  -1.634579E+00
  8.995000000000E+00   7.015114E+00   9.068500E-01   6.547707E+01  -3.286708E-17   1.797598E-15   1.297916E-13   1.200000E+02  -1.637934E+00
  9.000000000000E+00   7.019700E+00   9.268217E-01   6.548229E+01  -2.003210E-17   3.190540E-15   2.254197E-13   1.200000E+02  -1.642666E+00
  9.005000000000E+00   7.024377E+00   9.435616E-01   6.548092E+01  -2.898161E-18   4.089220E-15   2.837821E-13   1.200000E+02  -1.648263E+00
  9.010000000000E+00   7.029128E+00   9.556702E-01   6.547364E+01   1.622372E-17   3.380440E-15   2.315963E-13   1.200000E+02  -1.654149E+00
  9.015000000000E+00   7.033925E+00   9.622147E-01   6.546162E+01   2.771350E-17   1.135782E-15   7.726978E-14   1.200000E+02  -1.659750E+00
  9.020000000000E+00   7.038740E+00   9.627641E-01   6.544628E+01   2.834683E-17  -6.312576E-16  -4.291130E-14   1.200000E+02  -1.664542E+00
  9.025000000000E+00   7.043543E+00   9.573925E-01   6.542911E+01   1.942491E-17  -2.631714E-15  -1.798538E-13   1.200000E+02  -1.668100E+00
  9.030000000000E+00   7.048306E+00   9.466563E-01   6.541158E+01   2.479486E-18  -3.695102E-15  -2.553223E-13   1.200000E+02  -1.670122E+00
  9.035000000000E+00   7.053003E+00   9.315474E-01   6.539504E+01  -1.547683E-17  -3.604742E-15  -2.530545E-13   1.200000E+02  -1.670453E+00
  9.040000000000E+00   7.057616E+00   9.134227E-01   6.538070E+01  -3.105622E-17  -2.291246E-15  -1.640021E-13   1.200000E+02  -1.669088E+00
  9.045000000000E+00   7.062135E+00   8.939074E-01   6.536965E+01  -3.719540E-17  -1.628723E-16  -1.191052E-14   1.200000E+02  -1.666167E+00
  9.050000000000E+00   7.066556E+00   8.747718E-01   6.536282E+01  -3.127694E-17   2.571266E-15   1.921246E-13   1.200000E+02  -1.661962E+00
  9.055000000000E+00   7.070886E+00   8.577867E-01   6.536093E+01  -1.243966E-17   5.124497E-15   3.904723E-13   1.200000E+02  -1.656855E+00
  9.060000000000E+00   7.075140E+00   8.445651E-01   6.536440E+01   1.843233E-17   6.956936E-15   5.384262E-13   1.200000E+02  -1.651311E+00
  9.065000000000E+00   7.079340E+00   8.364055E-01   6.537323E+01   5.435576E-17   7.183381E-15   5.614511E-13   1.200000E+02  -1.645839E+00
  9.070000000000E+00   7.083514E+00   8.341532E-01   6.538685E+01   8.592952E-17   5.219070E-15   4.091077E-13   1.200000E+02  -1.640951E+00
  9.075000000000E+00   7.087691E+00   8.380967E-01   6.540409E+01   1.054608E-16   2.203526E-15   1.719606E-13   1.200000E+02  -1.637117E+00
  9.080000000000E+00   7.091904E+00   8.479127E-01   6.542322E+01   1.078576E-16  -7.539075E-16  -5.816997E-14   1.200000E+02  -1.634717E+00
  9.085000000000E+00   7.096178E+00   8.626691E-01   6.544215E+01   9.801069E-17  -3.294055E-15  -2.498873E-13   1.200000E+02  -1.634003E+00
  9.090000000000E+00   7.100536E+00   8.808914E-01   6.545872E+01   7.613420E-17  -5.361993E-15  -3.984478E-13   1.200000E+02  -1.635058E+00
  9.095000000000E+00   7.104990E+00   9.006906E-01   6.547102E+01   4.548729E-17  -6.654435E-15  -4.837096E-13   1.200000E+02  -1.637785E+00
  9.100000000000E+00   7.109542E+00   9.199498E-01   6.547767E+01   1.266130E-17  -6.287168E-15  -4.474909E-13   1.200000E+02  -1.641903E+00
  9.105000000000E+00   7.114185E+00   9.365521E-01   6.547804E+01  -1.649822E-17  -5.666291E-15  -3.961527E-13   1.200000E+02  -1.646972E+00
  9.110000000000E+00   7.118900E+00   9.486295E-01   6.547223E+01  -4.307137E-17  -5.165402E-15  -3.565042E-13   1.200000E+02  -1.652435E+00
  9.115000000000E+00   7.123662E+00   9.547989E-01   6.546104E+01  -6.681846E-17  -4.189717E-15  -2.872472E-13   1.200000E+02  -1.657685E+00
  9.120000000000E+00   7.128438E+00   9.543498E-01   6.544583E+01  -8.526665E-17  -3.095825E-15  -2.123004E-13   1.200000E+02  -1.662136E+00
  9.125000000000E+00   7.133195E+00   9.473496E-01   6.542828E+01  -9.692630E-17  -1.859024E-15  -1.283927E-13   1.200000E+02  -1.665298E+00
  9.130000000000E+00   7.137902E+00   9.346426E-01   6.541023E+01  -1.035807E-16  -6.431667E-16  -4.501152E-14   1.200000E+02  -1.666831E+00
  9.135000000000E+00   7.142535E+00   9.177365E-01   6.539351E+01  -1.047752E-16   3.893369E-16   2.774228E-14   1.200000E+02  -1.666589E+00
  9.140000000000E+00   7.147076E+00   8.985910E-01   6.537977E+01  -9.994922E-17   1.250452E-15   9.098050E-14   1.200000E+02  -1.664627E+00
  9.145000000000E+00   7.151520E+00   8.793423E-01   6.537038E+01  -9.145186E-17   1.766533E-15   1.313242E-13   1.200000E+02  -1.661190E+00
  9.150000000000E+00   7.155872E+00   8.620133E-01   6.536627E+01  -8.159674E-17   1.857138E-15   1.408263E-13   1.200000E+02  -1.656669E+00
  9.155000000000E+00   7.160146E+00   8.482603E-01   6.536781E+01  -7.117829E-17   2.334593E-15   1.799061E-13   1.200000E+02  -1.651549E+00
  9.160000000000E+00   7.164363E+00   8.391972E-01   6.537474E+01  -5.692747E-17   3.505061E-15   2.730496E-13   1.200000E+02  -1.646348E+00
  9.165000000000E+00   7.168547E+00   8.353223E-01   6.538618E+01  -3.747765E-17   4.734787E-15   3.706230E-13   1.200000E+02  -1.641558E+00
  9.170000000000E+00   7.172724E+00   8.365438E-01   6.540073E+01  -9.970781E-18   6.245048E-15   4.882359E-13   1.200000E+02  -1.637592E+00
  9.175000000000E+00   7.176919E+00   8.422828E-01   6.541670E+01   2.223572E-17   6.677145E-15   5.185868E-13   1.200000E+02  -1.634755E+00
  9.180000000000E+00   7.181153E+00   8.516204E-01   6.543237E+01   5.603243E-17   6.383565E-15   4.904671E-13   1.200000E+02  -1.633220E+00
  9.185000000000E+00   7.185439E+00   8.634504E-01   6.544625E+01   8.583881E-17   5.190694E-15   3.934348E-13   1.200000E+02  -1.633031E+00
  9.190000000000E+00   7.189789E+00   8.766116E-01   6.545719E+01   1.079498E-16   3.241841E-15   2.420705E-13   1.200000E+02  -1.634111E+00
  9.195000000000E+00   7.194206E+00   8.899803E-01   6.546450E+01   1.174184E-16   1.987897E-16   1.462242E-14   1.200000E+02  -1.636287E+00
  9.200000000000E+00   7.198688E+00   9.025227E-01   6.546791E+01   1.100023E-16  -2.961387E-15  -2.148155E-13   1.200000E+02  -1.639312E+00
  9.205000000000E+00   7.203228E+00   9.133154E-01   6.546747E+01   8.722703E-17  -5.554364E-15  -3.981430E-13   1.200000E+02  -1.642887E+00
  9.210000000000E+00   7.207817E+00   9.215511E-01   6.546349E+01   5.358744E-17  -7.965724E-15  -5.658548E-13   1.200000E+02  -1.646686E+00
  9.215000000000E+00   7.212439E+00   9.265495E-01   6.545645E+01   8.328533E-18  -1.010265E-14  -7.137054E-13   1.200000E+02  -1.650374E+00
  9.220000000000E+00   7.217076E+00   9.277862E-01   6.544696E+01  -4.749613E-17  -1.178612E-14  -8.314043E-13   1.200000E+02  -1.653623E+00
  9.225000000000E+00   7.221710E+00   9.249447E-01   6.543569E+01  -1.080736E-16  -1.225261E-14  -8.668170E-13   1.200000E+02  -1.656134E+00
  9.230000000000E+00   7.226319E+00   9.179856E-01   6.542340E+01  -1.693676E-16  -1.201843E-14  -8.565345E-13   1.200000E+02  -1.657652E+00
  9.235000000000E+00   7.230884E+00   9.072136E-01   6.541095E+01  -2.261674E-16  -1.054495E-14  -7.603010E-13   1.200000E+02  -1.657990E+00
  9.240000000000E+00   7.235386E+00   8.933216E-01   6.539926E+01  -2.704426E-16  -6.843894E-15  -5.010353E-13   1.200000E+02  -1.657048E+00
  9.245000000000E+00   7.239814E+00   8.773868E-01   6.538933E+01  -2.939785E-16  -2.624216E-15  -1.955759E-13   1.200000E+02  -1.654833E+00
  9.250000000000E+00   7.244159E+00   8.608044E-01   6.538215E+01  -2.978531E-16   1.190895E-15   9.045410E-14   1.200000E+02  -1.651472E+00
  9.255000000000E+00   7.248423E+00   8.451559E-01   6.537869E+01  -2.834607E-16   4.375864E-15   3.385035E-13   1.200000E+02  -1.647204E+00
  9.260000000000E+00   7.252615E+00   8.320261E-01   6.537967E+01  -2.551497E-16   6.511392E-15   5.116578E-13   1.200000E+02  -1.642376E+00
  9.265000000000E+00   7.256750E+00   8.227972E-01   6.538545E+01  -2.171559E-16   8.226806E-15   6.537618E-13   1.200000E+02  -1.637404E+00
  9.270000000000E+00   7.260850E+00   8.184548E-01   6.539582E+01  -1.746351E-16   8.481072E-15   6.776510E-13   1.200000E+02  -1.632742E+00
  9.275000000000E+00   7.264943E+00   8.194414E-01   6.540997E+01  -1.316284E-16   8.892372E-15   7.098126E-13   1.200000E+02  -1.628825E+00
  9.280000000000E+00   7.269053E+00   8.255846E-01   6.542644E+01  -8.641346E-17   8.991634E-15   7.125746E-13   1.200000E+02  -1.626020E+00
  9.285000000000E+00   7.273206E+00   8.361090E-01   6.544337E+01  -4.209607E-17   8.859305E-15   6.934297E-13   1.200000E+02  -1.624581E+00
  9.290000000000E+00   7.277419E+00   8.497312E-01   6.545877E+01  -4.903470E-20   8.406081E-15   6.475597E-13   1.200000E+02  -1.624617E+00
  9.295000000000E+00   7.281705E+00   8.648205E-01   6.547085E+01   4.002657E-17   7.401868E-15   5.603552E-13   1.200000E+02  -1.626068E+00
  9.300000000000E+00   7.286067E+00   8.796028E-01   6.547833E+01   7.380483E-17   6.000084E-15   4.466510E-13   1.200000E+02  -1.628720E+00
  9.305000000000E+00   7.290498E+00   8.923778E-01   6.548056E+01   9.753396E-17   4.093850E-15   3.003970E-13   1.200000E+02  -1.632221E+00
  9.310000000000E+00   7.294985E+00   9.017187E-01   6.547759E+01   1.145963E-16   2.287234E-15   1.660857E-13   1.200000E+02  -1.636133E+00
  9.315000000000E+00   7.299508E+00   9.066294E-01   6.547006E+01   1.200988E-16   2.917526E-17   2.106821E-15   1.200000E+02  -1.639978E+00
  9.320000000000E+00   7.304044E+00   9.066362E-01   6.545904E+01   1.118066E-16  -2.834298E-15  -2.046360E-13   1.200000E+02  -1.643302E+00
  9.325000000000E+00   7.308567E+00   9.018066E-01   6.544588E+01   9.297994E-17  -4.537340E-15  -3.292837E-13   1.200000E+02  -1.645725E+00
  9.330000000000E+00   7.313055E+00   8.926963E-01   6.543199E+01   6.545297E-17  -6.573197E-15  -4.817958E-13   1.200000E+02  -1.646973E+00
  9.335000000000E+00   7.317488E+00   8.802422E-01   6.541872E+01   3.011923E-17  -7.476110E-15  -5.556171E-13   1.200000E+02  -1.646909E+00
  9.340000000000E+00   7.321854E+00   8.656213E-01   6.540723E+01  -8.399878E-18  -7.869409E-15  -5.946206E-13   1.200000E+02  -1.645524E+00
  9.345000000000E+00   7.326143E+00   8.501053E-01   6.539846E+01  -4.757652E-17  -7.190760E-15  -5.531839E-13   1.200000E+02  -1.642933E+00
  9.350000000000E+00   7.330355E+00   8.349320E-01   6.539306E+01  -7.753581E-17  -4.768651E-15  -3.734875E-13   1.200000E+02  -1.639347E+00
  9.355000000000E+00   7.334495E+00   8.212090E-01   6.539141E+01  -9.624731E-17  -2.631289E-15  -2.095248E-13   1.200000E+02  -1.635047E+00
  9.360000000000E+00   7.338571E+00   8.098554E-01   6.539361E+01  -1.024036E-16   2.740680E-16   2.213024E-14   1.200000E+02  -1.630353E+00
  9.365000000000E+00   7.342598E+00   8.015736E-01   6.539949E+01  -9.448595E-17   2.429165E-15   1.981929E-13   1.200000E+02  -1.625602E+00
  9.370000000000E+00   7.346593E+00   7.968396E-01   6.540867E+01  -7.874764E-17   3.873469E-15   3.179541E-13   1.200000E+02  -1.621120E+00
  9.375000000000E+00   7.350573E+00   7.958983E-01   6.542049E+01  -5.602504E-17   4.950984E-15   4.069563E-13   1.200000E+02  -1.617211E+00
  9.380000000000E+00   7.354558E+00   7.987516E-01   6.543413E+01  -2.861893E-17   5.657063E-15   4.634294E-13   1.200000E+02  -1.614135E+00
  9.385000000000E+00   7.358566E+00   8.051393E-01   6.544855E+01  -1.406974E-18   5.480152E-15   4.454732E-13   1.200000E+02  -1.612093E+00
  9.390000000000E+00   7.362614E+00   8.145168E-01   6.546258E+01   2.191427E-17   3.927124E-15   3.156223E-13   1.200000E+02  -1.611214E+00
  9.395000000000E+00   7.366715E+00   8.260448E-01   6.547500E+01   3.614718E-17   1.386122E-15   1.098686E-13   1.200000E+02  -1.611536E+00
  9.400000000000E+00   7.370876E+00   8.386056E-01   6.548465E+01   3.681121E-17  -1.149207E-15  -8.973873E-14   1.200000E+02  -1.612994E+00
  9.405000000000E+00   7.375100E+00   8.508608E-01   6.549057E+01   2.343402E-17  -4.011951E-15  -3.087990E-13   1.200000E+02  -1.615411E+00
  9.410000000000E+00   7.379382E+00   8.613575E-01   6.549208E+01   7.989914E-20  -5.291956E-15  -4.023663E-13   1.200000E+02  -1.618504E+00
  9.415000000000E+00   7.383709E+00   8.686783E-01   6.548896E+01  -3.079790E-17  -7.092433E-15  -5.346928E-13   1.200000E+02  -1.621897E+00
  9.420000000000E+00   7.388062E+00   8.716199E-01   6.548141E+01  -6.759450E-17  -7.427825E-15  -5.580235E-13   1.200000E+02  -1.625153E+00
  9.425000000000E+00   7.392416E+00   8.693731E-01   6.547008E+01  -1.024415E-16  -6.574006E-15  -4.950702E-13   1.200000E+02  -1.627820E+00
  9.430000000000E+00   7.396747E+00   8.616730E-01   6.545603E+01  -1.336717E-16  -5.653687E-15  -4.294761E-13   1.200000E+02  -1.629482E+00
  9.435000000000E+00   7.401025E+00   8.488873E-01   6.544060E+01  -1.566805E-16  -3.608731E-15  -2.781966E-13   1.200000E+02  -1.629809E+00
  9.440000000000E+00   7.405229E+00   8.320189E-01   6.542532E+01  -1.703548E-16  -1.662607E-15  -1.307381E-13   1.200000E+02  -1.628605E+00
  9.445000000000E+00   7.409341E+00   8.126130E-01   6.541184E+01  -1.746088E-16  -1.880212E-16  -1.513490E-14   1.200000E+02  -1.625837E+00
  9.450000000000E+00   7.413354E+00   7.925766E-01   6.540177E+01  -1.713927E-16   1.179850E-15   9.735880E-14   1.200000E+02  -1.621647E+00
  9.455000000000E+00   7.417269E+00   7.739345E-01   6.539652E+01  -1.618853E-16   2.499338E-15   2.111910E-13   1.200000E+02  -1.616337E+00
  9.460000000000E+00   7.421099E+00   7.585629E-01   6.539715E+01  -1.488306E-16   3.110529E-15   2.681647E-13   1.200000E+02  -1.610340E+00
  9.465000000000E+00   7.424862E+00   7.479425E-01   6.540408E+01  -1.335963E-16   3.019286E-15   2.640224E-13   1.200000E+02  -1.604169E+00
  9.470000000000E+00   7.428587E+00   7.429731E-01   6.541694E+01  -1.192834E-16   2.550828E-15   2.245941E-13   1.200000E+02  -1.598359E+00
  9.475000000000E+00   7.432302E+00   7.438729E-01   6.543453E+01  -1.069723E-16   2.706086E-15   2.380400E-13   1.200000E+02  -1.593404E+00
  9.480000000000E+00   7.436034E+00   7.501723E-01   6.545490E+01  -9.352594E-17   2.543043E-15   2.218886E-13   1.200000E+02  -1.589702E+00
  9.485000000000E+00   7.439810E+00   7.607920E-01   6.547567E+01  -8.070514E-17   2.623997E-15   2.258278E-13   1.200000E+02  -1.587508E+00
  9.490000000000E+00   7.443647E+00   7.741870E-01   6.549443E+01  -6.801857E-17   2.457827E-15   2.079265E-13   1.200000E+02  -1.586904E+00
  9.495000000000E+00   7.447554E+00   7.885357E-01   6.550911E+01  -5.610131E-17   2.461931E-15   2.045296E-13   1.200000E+02  -1.587795E+00
  9.500000000000E+00   7.451531E+00   8.019496E-01   6.551827E+01  -4.321874E-17   2.471877E-15   2.019493E-13   1.200000E+02  -1.589914E+00
  9.505000000000E+00   7.455569E+00   8.126832E-01   6.552127E+01  -3.072371E-17   2.549720E-15   2.055671E-13   1.200000E+02  -1.592859E+00
  9.510000000000E+00   7.459651E+00   8.193223E-01   6.551820E+01  -1.805070E-17   2.691912E-15   2.152623E-13   1.200000E+02  -1.596142E+00
  9.515000000000E+00   7.463754E+00   8.209303E-01   6.550980E+01  -7.236271E-18   1.521212E-15   1.213919E-13   1.200000E+02  -1.599241E+00
  9.520000000000E+00   7.467852E+00   8.171377E-01   6.549732E+01  -3.015360E-18   1.392566E-16   1.116205E-14   1.200000E+02  -1.601666E+00
  9.525000000000E+00   7.471917E+00   8.081642E-01   6.548226E+01  -7.312275E-18  -1.794360E-15  -1.453897E-13   1.200000E+02  -1.603011E+00
  9.530000000000E+00   7.475926E+00   7.947729E-01   6.546627E+01  -2.226083E-17  -4.066243E-15  -3.349406E-13   1.200000E+02  -1.602997E+00
  9.535000000000E+00   7.479860E+00   7.781655E-01   6.545098E+01  -4.583363E-17  -5.306450E-15  -4.463220E-13   1.200000E+02  -1.601491E+00
  9.540000000000E+00   7.483705E+00   7.598328E-01   6.543794E+01  -7.425214E-17  -5.809230E-15  -5.002996E-13   1.200000E+02  -1.598522E+00
  9.545000000000E+00   7.487458E+00   7.413853E-01   6.542848E+01  -1.024833E-16  -5.015552E-15  -4.426307E-13   1.200000E+02  -1.594261E+00
  9.550000000000E+00   7.491121E+00   7.243821E-01   6.542364E+01  -1.250313E-16  -3.822594E-15  -3.452432E-13   1.200000E+02  -1.589001E+00
  9.555000000000E+00   7.494706E+00   7.101817E-01   6.542413E+01  -1.385259E-16  -1.711331E-15  -1.576531E-13   1.200000E+02  -1.583122E+00
  9.560000000000E+00   7.498229E+00   6.998253E-01   6.543015E+01  -1.435265E-16   6.154335E-17   5.753994E-15   1.200000E+02  -1.577052E+00
  9.565000000000E+00   7.501712E+00   6.939600E-01   6.544139E+01  -1.378154E-16   2.316391E-15   2.184389E-13   1.200000E+02  -1.571227E+00
  9.570000000000E+00   7.505176E+00   6.927998E-01   6.545694E+01  -1.231956E-16   3.551996E-15   3.355988E-13   1.200000E+02  -1.566051E+00
  9.575000000000E+00   7.508647E+00   6.961205E-01   6.547542E+01  -1.029270E-16   4.266226E-15   4.012709E-13   1.200000E+02  -1.561863E+00
  9.580000000000E+00   7.512144E+00   7.032823E-01   6.549505E+01  -7.969650E-17   4.950849E-15   4.610611E-13   1.200000E+02  -1.558907E+00
  9.585000000000E+00   7.515684E+00   7.132765E-01   6.551390E+01  -5.388761E-17   5.360474E-15   4.923554E-13   1.200000E+02  -1.557307E+00
  9.590000000000E+00   7.519279E+00   7.247989E-01   6.553012E+01  -2.791183E-17   4.827814E-15   4.364896E-13   1.200000E+02  -1.557056E+00
  9.595000000000E+00   7.522932E+00   7.363522E-01   6.554215E+01  -9.205672E-18   2.654591E-15   2.362831E-13   1.200000E+02  -1.558005E+00
  9.600000000000E+00   7.526640E+00   7.463772E-01   6.554891E+01   4.760278E-18   2.574768E-15   2.261233E-13   1.200000E+02  -1.559881E+00
  9.605000000000E+00   7.530391E+00   7.534104E-01   6.554989E+01   1.520584E-17   1.548921E-15   1.347627E-13   1.200000E+02  -1.562300E+00
  9.610000000000E+00   7.534167E+00   7.562535E-01   6.554519E+01   2.054282E-17   5.960428E-16   5.165958E-14   1.200000E+02  -1.564809E+00
  9.615000000000E+00   7.537946E+00   7.541327E-01   6.553546E+01   2.244691E-17   3.752940E-16   3.261371E-14   1.200000E+02  -1.566930E+00
  9.620000000000E+00   7.541700E+00   7.468232E-01   6.552184E+01   2.268616E-17  -3.016049E-16  -2.646103E-14   1.200000E+02  -1.568218E+00
  9.625000000000E+00   7.545406E+00   7.347113E-01   6.550583E+01   1.954276E-17  -1.048713E-15  -9.350174E-14   1.200000E+02  -1.568313E+00
  9.630000000000E+00   7.549041E+00   7.187760E-01   6.548918E+01   1.150735E-17  -2.099773E-15  -1.913148E-13   1.200000E+02  -1.566985E+00
  9.635000000000E+00   7.552590E+00   7.004835E-01   6.547379E+01  -2.510556E-18  -3.831796E-15  -3.581558E-13   1.200000E+02  -1.564165E+00
  9.640000000000E+00   7.556045E+00   6.816061E-01   6.546152E+01  -2.390501E-17  -4.884939E-15  -4.691500E-13   1.200000E+02  -1.559956E+00
  9.645000000000E+00   7.559408E+00   6.639908E-01   6.545408E+01  -5.226874E-17  -6.334734E-15  -6.244577E-13   1.200000E+02  -1.554619E+00
  9.650000000000E+00   7.562690E+00   6.493162E-01   6.545277E+01  -8.628911E-17  -6.833838E-15  -6.888687E-13   1.200000E+02  -1.548543E+00
  9.655000000000E+00   7.565908E+00   6.388784E-01   6.545825E+01  -1.192749E-16  -6.436972E-15  -6.595197E-13   1.200000E+02  -1.542199E+00
  9.660000000000E+00   7.569087E+00   6.334409E-01   6.547033E+01  -1.484728E-16  -4.970281E-15  -5.137115E-13   1.200000E+02  -1.536081E+00
  9.665000000000E+00   7.572251E+00   6.331651E-01   6.548791E+01  -1.694312E-16  -3.237050E-15  -3.348063E-13   1.200000E+02  -1.530652E+00
  9.670000000000E+00   7.575426E+00   6.376227E-01   6.550910E+01  -1.786629E-16  -3.429237E-17  -3.523184E-15   1.200000E+02  -1.526293E+00
  9.675000000000E+00   7.578633E+00   6.458769E-01   6.553151E+01  -1.685031E-16   3.928985E-15   3.986399E-13   1.200000E+02  -1.523258E+00
  9.680000000000E+00   7.581889E+00   6.566099E-01   6.555264E+01  -1.416811E-16   6.706582E-15   6.695515E-13   1.200000E+02  -1.521656E+00
  9.685000000000E+00   7.585201E+00   6.682800E-01   6.557028E+01  -1.028082E-16   8.474400E-15   8.314910E-13   1.200000E+02  -1.521436E+00
  9.690000000000E+00   7.588570E+00   6.792887E-01   6.558278E+01  -5.947964E-17   8.837024E-15   8.531816E-13   1.200000E+02  -1.522397E+00
  9.695000000000E+00   7.591990E+00   6.881466E-01   6.558920E+01  -1.772361E-17   7.718343E-15   7.356571E-13   1.200000E+02  -1.524213E+00
  9.700000000000E+00   7.595446E+00   6.936231E-01   6.558932E+01   1.421585E-17   4.898804E-15   4.632331E-13   1.200000E+02  -1.526471E+00
  9.705000000000E+00   7.598920E+00   6.948702E-01   6.558360E+01   3.250405E-17   1.747284E-15   1.649131E-13   1.200000E+02  -1.528716E+00
  9.710000000000E+00   7.602388E+00   6.915058E-01   6.557302E+01   3.139729E-17  -2.050016E-15  -1.943957E-13   1.200000E+02  -1.530501E+00
  9.715000000000E+00   7.605828E+00   6.836496E-01   6.555895E+01   1.343520E-17  -4.975345E-15  -4.771134E-13   1.200000E+02  -1.531438E+00
  9.720000000000E+00   7.609218E+00   6.719042E-01   6.554297E+01  -1.553576E-17  -6.796687E-15  -6.630038E-13   1.200000E+02  -1.531238E+00
  9.725000000000E+00   7.612542E+00   6.572837E-01   6.552683E+01  -5.221998E-17  -7.533314E-15  -7.510214E-13   1.200000E+02  -1.529738E+00
  9.730000000000E+00   7.615788E+00   6.410961E-01   6.551224E+01  -8.581267E-17  -5.776801E-15  -5.903189E-13   1.200000E+02  -1.526917E+00
  9.735000000000E+00   7.618953E+00   6.247954E-01   6.550085E+01  -1.083006E-16  -3.013373E-15  -3.159091E-13   1.200000E+02  -1.522897E+00
  9.740000000000E+00   7.622038E+00   6.098208E-01   6.549407E+01  -1.142633E-16   3.616842E-16   3.884448E-14   1.200000E+02  -1.517918E+00
  9.745000000000E+00   7.625055E+00   5.974455E-01   6.549295E+01  -1.040794E-16   3.697213E-15   4.052945E-13   1.200000E+02  -1.512320E+00
  9.750000000000E+00   7.628019E+00   5.886519E-01   6.549801E+01  -8.036631E-17   5.672935E-15   6.312151E-13   1.200000E+02  -1.506498E+00
  9.755000000000E+00   7.630948E+00   5.840462E-01   6.550914E+01  -5.065701E-17   6.017666E-15   6.749673E-13   1.200000E+02  -1.500870E+00
  9.760000000000E+00   7.633866E+00   5.838172E-01   6.552547E+01  -2.194851E-17   5.157748E-15   5.788866E-13   1.200000E+02  -1.495829E+00
  9.765000000000E+00   7.636793E+00   5.877344E-01   6.554554E+01  -5.249573E-19   3.426467E-15   3.821277E-13   1.200000E+02  -1.491714E+00
  9.770000000000E+00   7.639749E+00   5.951803E-01   6.556737E+01   1.032261E-17   8.277494E-16   9.118808E-14   1.200000E+02  -1.488774E+00
  9.775000000000E+00   7.642749E+00   6.052073E-01   6.558881E+01   7.860661E-18  -1.718569E-15  -1.862484E-13   1.200000E+02  -1.487145E+00
  9.780000000000E+00   7.645803E+00   6.166167E-01   6.560775E+01  -6.459009E-18  -3.845911E-15  -4.092032E-13   1.200000E+02  -1.486841E+00
  9.785000000000E+00   7.648915E+00   6.280570E-01   6.562241E+01  -3.015253E-17  -5.556137E-15  -5.805318E-13   1.200000E+02  -1.487743E+00
  9.790000000000E+00   7.652082E+00   6.381410E-01   6.563151E+01  -5.812195E-17  -5.355009E-15  -5.507519E-13   1.200000E+02  -1.489610E+00
  9.795000000000E+00   7.655293E+00   6.455765E-01   6.563438E+01  -8.140834E-17  -3.873082E-15  -3.937679E-13   1.200000E+02  -1.492098E+00
  9.800000000000E+00   7.658532E+00   6.493047E-01   6.563097E+01  -9.608424E-17  -1.935253E-15  -1.956132E-13   1.200000E+02  -1.494793E+00
  9.805000000000E+00   7.661779E+00   6.486277E-01   6.562182E+01  -1.003501E-16   4.261578E-16   4.311449E-14   1.200000E+02  -1.497251E+00
  9.810000000000E+00   7.665010E+00   6.433109E-01   6.560797E+01  -9.141231E-17   3.052998E-15   3.113596E-13   1.200000E+02  -1.499044E+00
  9.815000000000E+00   7.668205E+00   6.336384E-01   6.559088E+01  -6.938179E-17   5.251158E-15   5.435720E-13   1.200000E+02  -1.499813E+00
  9.820000000000E+00   7.671341E+00   6.204065E-01   6.557230E+01  -4.099141E-17   5.758850E-15   6.086671E-13   1.200000E+02  -1.499305E+00
  9.825000000000E+00   7.674405E+00   6.048506E-01   6.555421E+01  -1.470200E-17   4.538551E-15   4.918919E-13   1.200000E+02  -1.497410E+00
  9.830000000000E+00   7.677388E+00   5.885065E-01   6.553865E+01   1.334590E-18   1.939245E-15   2.159628E-13   1.200000E+02  -1.494171E+00
  9.835000000000E+00   7.680291E+00   5.730267E-01   6.552760E+01   3.979584E-18  -1.036501E-15  -1.185274E-13   1.200000E+02  -1.489787E+00
  9.840000000000E+00   7.683122E+00   5.599767E-01   6.552273E+01  -7.237228E-18  -3.343553E-15  -3.912283E-13   1.200000E+02  -1.484584E+00
  9.845000000000E+00   7.685897E+00   5.506445E-01   6.552516E+01  -2.913326E-17  -5.182781E-15  -6.167365E-13   1.200000E+02  -1.478986E+00
  9.850000000000E+00   7.688636E+00   5.458933E-01   6.553517E+01  -5.824212E-17  -6.250208E-15  -7.503452E-13   1.200000E+02  -1.473460E+00
  9.855000000000E+00   7.691364E+00   5.460748E-01   6.555202E+01  -9.119789E-17  -6.559720E-15  -7.874432E-13   1.200000E+02  -1.468473E+00
  9.860000000000E+00   7.694105E+00   5.510081E-01   6.557404E+01  -1.199234E-16  -5.027677E-15  -5.983307E-13   1.200000E+02  -1.464435E+00
  9.865000000000E+00   7.696881E+00   5.600167E-01   6.559880E+01  -1.386281E-16  -2.253075E-15  -2.639189E-13   1.200000E+02  -1.461663E+00
  9.870000000000E+00   7.699710E+00   5.720099E-01   6.562353E+01  -1.420793E-16   9.832064E-16   1.127978E-13   1.200000E+02  -1.460341E+00
  9.875000000000E+00   7.702603E+00   5.855966E-01   6.564552E+01  -1.319665E-16   3.076099E-15   3.448315E-13   1.200000E+02  -1.460506E+00
  9.880000000000E+00   7.705566E+00   5.992229E-01   6.566252E+01  -1.107400E-16   5.460895E-15   5.984018E-13   1.200000E+02  -1.462038E+00
  9.885000000000E+00   7.708593E+00   6.113251E-01   6.567297E+01  -7.980971E-17   6.990098E-15   7.509269E-13   1.200000E+02  -1.464676E+00
  9.890000000000E+00   7.711674E+00   6.204884E-01   6.567610E+01  -4.215676E-17   7.367181E-15   7.797853E-13   1.200000E+02  -1.468038E+00
  9.895000000000E+00   7.714791E+00   6.256007E-01   6.567195E+01  -5.846688E-18   6.845177E-15   7.185672E-13   1.200000E+02  -1.471665E+00
  9.900000000000E+00   7.717923E+00   6.259819E-01   6.566126E+01   2.374228E-17   4.831585E-15   5.068005E-13   1.200000E+02  -1.475068E+00
  9.905000000000E+00   7.721043E+00   6.214724E-01   6.564531E+01   4.199857E-17   2.747114E-15   2.901741E-13   1.200000E+02  -1.477784E+00
  9.910000000000E+00   7.724130E+00   6.124645E-01   6.562584E+01   5.182383E-17   1.268364E-15   1.359058E-13   1.200000E+02  -1.479429E+00
  9.915000000000E+00   7.727162E+00   5.998658E-01   6.560485E+01   5.412971E-17  -3.068633E-16  -3.356037E-14   1.200000E+02  -1.479740E+00
  9.920000000000E+00   7.730125E+00   5.849965E-01   6.558451E+01   5.000385E-17  -1.534071E-15  -1.719861E-13   1.200000E+02  -1.478607E+00
  9.925000000000E+00   7.733011E+00   5.694307E-01   6.556700E+01   4.145240E-17  -1.824593E-15  -2.100924E-13   1.200000E+02  -1.476082E+00
  9.930000000000E+00   7.735821E+00   5.548056E-01   6.555432E+01   3.164283E-17  -2.201133E-15  -2.600799E-13   1.200000E+02  -1.472373E+00
  9.935000000000E+00   7.738563E+00   5.426270E-01   6.554813E+01   2.085368E-17  -2.149840E-15  -2.596958E-13   1.200000E+02  -1.467812E+00
  9.940000000000E+00   7.741253E+00   5.341011E-01   6.554947E+01   1.124933E-17  -1.643639E-15  -2.017214E-13   1.200000E+02  -1.462824E+00
  9.945000000000E+00   7.743911E+00   5.300165E-01   6.555851E+01   4.074489E-18  -1.421149E-15  -1.757840E-13   1.200000E+02  -1.457873E+00
  9.950000000000E+00   7.746561E+00   5.306859E-01   6.557450E+01  -4.140777E-18  -1.647259E-15  -2.035445E-13   1.200000E+02  -1.453416E+00
  9.955000000000E+00   7.749225E+00   5.359440E-01   6.559577E+01  -1.175803E-17  -1.298224E-15  -1.588934E-13   1.200000E+02  -1.449858E+00
  9.960000000000E+00   7.751927E+00   5.451904E-01   6.561996E+01  -1.662970E-17  -9.357352E-16  -1.126265E-13   1.200000E+02  -1.447514E+00
  9.965000000000E+00   7.754682E+00   5.574622E-01   6.564442E+01  -2.061920E-17  -9.334332E-16  -1.099172E-13   1.200000E+02  -1.446580E+00
  9.970000000000E+00   7.757504E+00   5.715254E-01   6.566656E+01  -2.619900E-17  -1.044692E-15  -1.200320E-13   1.200000E+02  -1.447117E+00
  9.975000000000E+00   7.760398E+00   5.859804E-01   6.568416E+01  -3.200906E-17  -1.305198E-15  -1.463032E-13   1.200000E+02  -1.449042E+00
  9.980000000000E+00   7.763362E+00   5.993799E-01   6.569560E+01  -3.838262E-17  -1.402717E-15  -1.537461E-13   1.200000E+02  -1.452136E+00
  9.985000000000E+00   7.766388E+00   6.103555E-01   6.570000E+01  -4.636897E-17  -1.878652E-15  -2.022222E-13   1.200000E+02  -1.456064E+00
  9.990000000000E+00   7.769460E+00   6.177496E-01   6.569717E+01  -5.666685E-17  -2.185636E-15  -2.324406E-13   1.200000E+02  -1.460404E+00
  9.995000000000E+00   7.772558E+00   6.207394E-01   6.568761E+01  -6.806437E-17  -2.616006E-15  -2.768298E-13   1.200000E+02  -1.464685E+00
  1.000000000000E+01   7.775660E+00   6.189404E-01   6.567237E+01  -8.153492E-17  -2.770632E-15  -2.939766E-13   1.200000E+02  -1.468442E+00
  1.000500000000E+01   7.778740E+00   6.124705E-01   6.565294E+01  -9.491853E-17  -2.064177E-15  -2.212666E-13   1.200000E+02  -1.471258E+00
  1.001000000000E+01   7.781778E+00   6.019620E-01   6.563115E+01  -1.024668E-16  -5.725612E-16  -6.242562E-14   1.200000E+02  -1.472818E+00
  1.001500000000E+01   7.784755E+00   5.885105E-01   6.560906E+01  -9.982946E-17   1.575964E-15   1.756935E-13   1.200000E+02  -1.472939E+00
  1.002000000000E+01   7.787661E+00   5.735625E-01   6.558882E+01  -8.609105E-17   3.684328E-15   4.213154E-13   1.200000E+02  -1.471594E+00
  1.002500000000E+01   7.790491E+00   5.587522E-01   6.557258E+01  -6.433016E-17   5.202494E-15   6.105407E-13   1.200000E+02  -1.468918E+00
  1.003000000000E+01   7.793251E+00   5.457093E-01   6.556227E+01  -3.604400E-17   6.028886E-15   7.243187E-13   1.200000E+02  -1.465189E+00
  1.003500000000E+01   7.795953E+00   5.358679E-01   6.555934E+01  -3.748316E-18   6.736777E-15   8.241932E-13   1.200000E+02  -1.460803E+00
  1.004000000000E+01   7.798617E+00   5.303045E-01   6.556450E+01   2.996022E-17   6.525572E-15   8.067927E-13   1.200000E+02  -1.456225E+00
  1.004500000000E+01   7.801264E+00   5.296281E-01   6.557747E+01   6.147631E-17   5.987536E-15   7.413646E-13   1.200000E+02  -1.451943E+00
  1.005000000000E+01   7.803921E+00   5.339303E-01   6.559692E+01   8.760034E-17   4.372154E-15   5.371484E-13   1.200000E+02  -1.448418E+00
  1.005500000000E+01   7.806611E+00   5.427938E-01   6.562064E+01   1.042741E-16   2.185987E-15   2.642732E-13   1.200000E+02  -1.446033E+00
  1.006000000000E+01   7.809355E+00   5.553459E-01   6.564582E+01   1.111708E-16   4.340445E-16   5.130714E-14   1.200000E+02  -1.445058E+00
  1.006500000000E+01   7.812168E+00   5.703476E-01   6.566954E+01   1.081628E-16  -1.809662E-15  -2.083635E-13   1.200000E+02  -1.445621E+00
  1.007000000000E+01   7.815060E+00   5.863094E-01   6.568916E+01   9.333700E-17  -3.942478E-15  -4.417089E-13   1.200000E+02  -1.447696E+00
  1.007500000000E+01   7.818030E+00   6.016270E-01   6.570264E+01   6.799921E-17  -5.950124E-15  -6.498027E-13   1.200000E+02  -1.451097E+00
  1.008000000000E+01   7.821073E+00   6.147342E-01   6.570873E+01   3.538227E-17  -7.039693E-15  -7.524704E-13   1.200000E+02  -1.455499E+00
  1.008500000000E+01   7.824172E+00   6.242610E-01   6.570702E+01  -7.918702E-19  -7.598959E-15  -7.998336E-13   1.200000E+02  -1.460468E+00
  1.009000000000E+01   7.827308E+00   6.291840E-01   6.569787E+01  -3.790249E-17  -6.924921E-15  -7.230835E-13   1.200000E+02  -1.465502E+00
  1.009500000000E+01   7.830455E+00   6.289515E-01   6.568232E+01  -7.098427E-17  -6.373983E-15  -6.656444E-13   1.200000E+02  -1.470085E+00
  1.010000000000E+01   7.833589E+00   6.235629E-01   6.566192E+01  -9.978284E-17  -5.257012E-15  -5.535697E-13   1.200000E+02  -1.473746E+00
  1.010500000000E+01   7.836684E+00   6.135874E-01   6.563859E+01  -1.232129E-16  -4.031633E-15  -4.312845E-13   1.200000E+02  -1.476114E+00
  1.011000000000E+01   7.839719E+00   6.001120E-01   6.561449E+01  -1.392254E-16  -2.339373E-15  -2.557802E-13   1.200000E+02  -1.476954E+00
  1.011500000000E+01   7.842682E+00   5.846212E-01   6.559188E+01  -1.479887E-16  -1.047912E-15  -1.175710E-13   1.200000E+02  -1.476200E+00
  1.012000000000E+01   7.845565E+00   5.688221E-01   6.557302E+01  -1.488629E-16   6.003721E-16   6.921006E-14   1.200000E+02  -1.473956E+00
  1.012500000000E+01   7.848372E+00   5.544385E-01   6.555994E+01  -1.434178E-16   1.291158E-15   1.526738E-13   1.200000E+02  -1.470487E+00
  1.013000000000E+01   7.851114E+00   5.430074E-01   6.555421E+01  -1.350977E-16   2.008198E-15   2.424384E-13   1.200000E+02  -1.466182E+00
  1.013500000000E+01   7.853809E+00   5.357078E-01   6.555670E+01  -1.217221E-16   3.615182E-15   4.424042E-13   1.200000E+02  -1.461512E+00
  1.014000000000E+01   7.856479E+00   5.332447E-01   6.556730E+01  -1.013304E-16   4.469559E-15   5.495730E-13   1.200000E+02  -1.456980E+00
  1.014500000000E+01   7.859149E+00   5.357981E-01   6.558487E+01  -7.536514E-17   5.956109E-15   7.290631E-13   1.200000E+02  -1.453064E+00
  1.015000000000E+01   7.861844E+00   5.430318E-01   6.560733E+01  -4.471251E-17   5.953729E-15   7.193102E-13   1.200000E+02  -1.450173E+00
  1.015500000000E+01   7.864586E+00   5.541486E-01   6.563199E+01  -1.650418E-17   5.131061E-15   6.077101E-13   1.200000E+02  -1.448604E+00
  1.016000000000E+01   7.867390E+00   5.679786E-01   6.565593E+01   5.307261E-18   3.567445E-15   4.123816E-13   1.200000E+02  -1.448520E+00
  1.016500000000E+01   7.870268E+00   5.830905E-01   6.567647E+01   1.828828E-17   1.700912E-15   1.915824E-13   1.200000E+02  -1.449928E+00
  1.017000000000E+01   7.873221E+00   5.979207E-01   6.569146E+01   2.101234E-17  -8.605510E-16  -9.454573E-14   1.200000E+02  -1.452681E+00
  1.017500000000E+01   7.876244E+00   6.109171E-01   6.569947E+01   1.056051E-17  -2.966511E-15  -3.190256E-13   1.200000E+02  -1.456489E+00
  1.018000000000E+01   7.879325E+00   6.206900E-01   6.569992E+01  -9.688296E-18  -5.158990E-15  -5.460782E-13   1.200000E+02  -1.460950E+00
  1.018500000000E+01   7.882444E+00   6.261588E-01   6.569298E+01  -3.877462E-17  -6.448366E-15  -6.765255E-13   1.200000E+02  -1.465583E+00
  1.019000000000E+01   7.885578E+00   6.266788E-01   6.567950E+01  -7.394971E-17  -7.368226E-15  -7.722321E-13   1.200000E+02  -1.469887E+00
  1.019500000000E+01   7.888703E+00   6.221283E-01   6.566089E+01  -1.087603E-16  -6.626962E-15  -6.994252E-13   1.200000E+02  -1.473390E+00
  1.020000000000E+01   7.891792E+00   6.129394E-01   6.563893E+01  -1.374200E-16  -4.847595E-15  -5.191231E-13   1.200000E+02  -1.475704E+00
  1.020500000000E+01   7.894826E+00   6.000600E-01   6.561568E+01  -1.559421E-16  -2.887340E-15  -3.157264E-13   1.200000E+02  -1.476568E+00
  1.021000000000E+01   7.897789E+00   5.848484E-01   6.559331E+01  -1.657335E-16  -9.841486E-16  -1.103766E-13   1.200000E+02  -1.475880E+00
  1.021500000000E+01   7.900673E+00   5.689078E-01   6.557401E+01  -1.644088E-16   1.297391E-15   1.495411E-13   1.200000E+02  -1.473701E+00
  1.022000000000E+01   7.903480E+00   5.538876E-01   6.555977E+01  -1.525190E-16   3.083621E-15   3.649864E-13   1.200000E+02  -1.470247E+00
  1.022500000000E+01   7.906216E+00   5.412806E-01   6.555221E+01  -1.349141E-16   3.947442E-15   4.780580E-13   1.200000E+02  -1.465863E+00
  1.023000000000E+01   7.908898E+00   5.322499E-01   6.555225E+01  -1.128932E-16   4.627560E-15   5.699334E-13   1.200000E+02  -1.460978E+00
  1.023500000000E+01   7.911546E+00   5.275114E-01   6.555999E+01  -9.059990E-17   4.414703E-15   5.486666E-13   1.200000E+02  -1.456055E+00
  1.024000000000E+01   7.914181E+00   5.272848E-01   6.557454E+01  -7.100792E-17   3.364181E-15   4.183786E-13   1.200000E+02  -1.451542E+00
  1.024500000000E+01   7.916825E+00   5.313089E-01   6.559416E+01  -5.754051E-17   1.948638E-15   2.405743E-13   1.200000E+02  -1.447826E+00
  1.025000000000E+01   7.919499E+00   5.389073E-01   6.561651E+01  -5.087142E-17   7.144509E-16   8.699043E-14   1.200000E+02  -1.445197E+00
  1.025500000000E+01   7.922218E+00   5.490866E-01   6.563903E+01  -5.005422E-17  -5.718159E-16  -6.835614E-14   1.200000E+02  -1.443824E+00
  1.026000000000E+01   7.924992E+00   5.606509E-01   6.565930E+01  -5.699933E-17  -1.812079E-15  -2.122174E-13   1.200000E+02  -1.443744E+00
  1.026500000000E+01   7.927825E+00   5.723206E-01   6.567537E+01  -6.829667E-17  -2.624791E-15  -3.012020E-13   1.200000E+02  -1.444864E+00
  1.027000000000E+01   7.930714E+00   5.828483E-01   6.568587E+01  -8.142022E-17  -2.635989E-15  -2.970709E-13   1.200000E+02  -1.446973E+00
  1.027500000000E+01   7.933650E+00   5.911248E-01   6.569015E+01  -9.526667E-17  -2.746795E-15  -3.052441E-13   1.200000E+02  -1.449765E+00
  1.028000000000E+01   7.936620E+00   5.962714E-01   6.568817E+01  -1.071931E-16  -1.844148E-15  -2.031603E-13   1.200000E+02  -1.452873E+00
  1.028500000000E+01   7.939607E+00   5.977118E-01   6.568044E+01  -1.158479E-16  -1.332621E-15  -1.464370E-13   1.200000E+02  -1.455904E+00
  1.029000000000E+01   7.942591E+00   5.952185E-01   6.566790E+01  -1.217665E-16  -1.136983E-15  -1.254385E-13   1.200000E+02  -1.458473E+00
  1.029500000000E+01   7.945553E+00   5.889310E-01   6.565183E+01  -1.261051E-16  -5.413350E-16  -6.034600E-14   1.200000E+02  -1.460247E+00
  1.030000000000E+01   7.948475E+00   5.793408E-01   6.563367E+01  -1.263720E-16   5.198277E-16   5.889141E-14   1.200000E+02  -1.460971E+00
  1.030500000000E+01   7.951342E+00   5.672454E-01   6.561501E+01  -1.218946E-16   9.566444E-16   1.106580E-13   1.200000E+02  -1.460489E+00
  1.031000000000E+01   7.954145E+00   5.536726E-01   6.559748E+01  -1.141505E-16   2.057463E-15   2.437620E-13   1.200000E+02  -1.458763E+00
  1.031500000000E+01   7.956878E+00   5.397823E-01   6.558269E+01  -1.023118E-16   2.931432E-15   3.561643E-13   1.200000E+02  -1.455868E+00
  1.032000000000E+01   7.959544E+00   5.267545E-01   6.557210E+01  -8.338611E-17   4.355519E-15   5.421891E-13   1.200000E+02  -1.451987E+00
  1.032500000000E+01   7.962149E+00   5.156741E-01   6.556693E+01  -6.134610E-17   4.790252E-15   6.090709E-13   1.200000E+02  -1.447390E+00
  1.033000000000E+01   7.964705E+00   5.074260E-01   6.556796E+01  -3.651274E-17   4.971180E-15   6.423600E-13   1.200000E+02  -1.442412E+00
  1.033500000000E+01   7.967229E+00   5.026093E-01   6.557538E+01  -1.130047E-17   4.638599E-15   6.051975E-13   1.200000E+02  -1.437414E+00
  1.034000000000E+01   7.969737E+00   5.014804E-01   6.558866E+01   9.280208E-18   3.493295E-15   4.568882E-13   1.200000E+02  -1.432758E+00
  1.034500000000E+01   7.972249E+00   5.039268E-01   6.560657E+01   2.347045E-17   1.958114E-15   2.549282E-13   1.200000E+02  -1.428765E+00
  1.035000000000E+01   7.974782E+00   5.094733E-01   6.562727E+01   3.056638E-17   5.928842E-16   7.637177E-14   1.200000E+02  -1.425690E+00
  1.035500000000E+01   7.977348E+00   5.173192E-01   6.564858E+01   2.967443E-17  -7.646953E-16  -9.704098E-14   1.200000E+02  -1.423690E+00
  1.036000000000E+01   7.979957E+00   5.264055E-01   6.566821E+01   2.124570E-17  -2.666751E-15  -3.326727E-13   1.200000E+02  -1.422811E+00
  1.036500000000E+01   7.982612E+00   5.355113E-01   6.568412E+01   4.447413E-18  -4.229643E-15  -5.187947E-13   1.200000E+02  -1.422978E+00
  1.037000000000E+01   7.985310E+00   5.433758E-01   6.569473E+01  -2.127714E-17  -6.129219E-15  -7.410292E-13   1.200000E+02  -1.423997E+00
  1.037500000000E+01   7.988042E+00   5.488383E-01   6.569911E+01  -5.494587E-17  -7.418723E-15  -8.880640E-13   1.200000E+02  -1.425574E+00
  1.038000000000E+01   7.990793E+00   5.509804E-01   6.569698E+01  -9.314569E-17  -7.495695E-15  -8.937604E-13   1.200000E+02  -1.427344E+00
  1.038500000000E+01   7.993545E+00   5.492527E-01   6.568876E+01  -1.264927E-16  -5.917857E-15  -7.077556E-13   1.200000E+02  -1.428912E+00
  1.039000000000E+01   7.996279E+00   5.435614E-01   6.567549E+01  -1.512317E-16  -3.935347E-15  -4.754860E-13   1.200000E+02  -1.429901E+00
  1.039500000000E+01   7.998975E+00   5.342966E-01   6.565867E+01  -1.656235E-16  -1.595454E-15  -1.960622E-13   1.200000E+02  -1.429996E+00
  1.040000000000E+01   8.001618E+00   5.222909E-01   6.564020E+01  -1.679943E-16   6.532636E-16   8.210050E-14   1.200000E+02  -1.428986E+00
  1.040500000000E+01   8.004196E+00   5.087082E-01   6.562218E+01  -1.597659E-16   2.586344E-15   3.336324E-13   1.200000E+02  -1.426790E+00
  1.041000000000E+01   8.006704E+00   4.948787E-01   6.560676E+01  -1.416902E-16   4.467461E-15   5.922576E-13   1.200000E+02  -1.423462E+00
  1.041500000000E+01   8.009146E+00   4.821087E-01   6.559584E+01  -1.182147E-16   4.872769E-15   6.629902E-13   1.200000E+02  -1.419185E+00
  1.042000000000E+01   8.011529E+00   4.714984E-01   6.559088E+01  -9.413762E-17   4.611657E-15   6.415348E-13   1.200000E+02  -1.414238E+00
  1.042500000000E+01   8.013866E+00   4.638024E-01   6.559259E+01  -7.319316E-17   3.565953E-15   5.043098E-13   1.200000E+02  -1.408959E+00
  1.043000000000E+01   8.016172E+00   4.593545E-01   6.560078E+01  -5.919705E-17   2.183814E-15   3.118722E-13   1.200000E+02  -1.403698E+00
  1.043500000000E+01   8.018464E+00   4.580632E-01   6.561439E+01  -5.193596E-17   6.039788E-16   8.651580E-14   1.200000E+02  -1.398777E+00
  1.044000000000E+01   8.020757E+00   4.594689E-01   6.563168E+01  -5.252262E-17  -9.118748E-16  -1.302545E-13   1.200000E+02  -1.394449E+00
  1.044500000000E+01   8.023062E+00   4.628422E-01   6.565054E+01  -6.167884E-17  -2.333701E-15  -3.310172E-13   1.200000E+02  -1.390880E+00
  1.045000000000E+01   8.025387E+00   4.673041E-01   6.566886E+01  -7.675543E-17  -3.212535E-15  -4.514480E-13   1.200000E+02  -1.388134E+00
  1.045500000000E+01   8.027736E+00   4.719453E-01   6.568483E+01  -9.179910E-17  -3.200534E-15  -4.454469E-13   1.200000E+02  -1.386177E+00
  1.046000000000E+01   8.030106E+00   4.759323E-01   6.569717E+01  -1.092600E-16  -3.306054E-15  -4.563641E-13   1.200000E+02  -1.384892E+00
  1.046500000000E+01   8.032493E+00   4.785889E-01   6.570515E+01  -1.240938E-16  -2.630704E-15  -3.611676E-13   1.200000E+02  -1.384098E+00
  1.047000000000E+01   8.034889E+00   4.794470E-01   6.570860E+01  -1.342661E-16  -1.383705E-15  -1.896378E-13   1.200000E+02  -1.383575E+00
  1.047500000000E+01   8.037284E+00   4.782672E-01   6.570783E+01  -1.384406E-16  -3.595853E-16  -4.940245E-14   1.200000E+02  -1.383094E+00
  1.048000000000E+01   8.039668E+00   4.750303E-01   6.570348E+01  -1.386128E-16   3.578909E-16   4.950142E-14   1.200000E+02  -1.382440E+00
  1.048500000000E+01   8.042031E+00   4.699087E-01   6.569643E+01  -1.362073E-16   1.050378E-15   1.468500E-13   1.200000E+02  -1.381428E+00
  1.049000000000E+01   8.044365E+00   4.632235E-01   6.568767E+01  -1.311066E-16   9.330599E-16   1.323131E-13   1.200000E+02  -1.379922E+00
  1.049500000000E+01   8.046662E+00   4.553983E-01   6.567822E+01  -1.249174E-16   1.494469E-15   2.155346E-13   1.200000E+02  -1.377838E+00
  1.050000000000E+01   8.048918E+00   4.469140E-01   6.566908E+01  -1.178686E-16   1.350877E-15   1.984964E-13   1.200000E+02  -1.375149E+00
  1.050500000000E+01   8.051131E+00   4.382707E-01   6.566118E+01  -1.124043E-16   1.101274E-15   1.649915E-13   1.200000E+02  -1.371879E+00
  1.051000000000E+01   8.053301E+00   4.299548E-01   6.565532E+01  -1.071460E-16   7.994712E-16   1.220815E-13   1.200000E+02  -1.368099E+00
  1.051500000000E+01   8.055431E+00   4.224117E-01   6.565218E+01  -1.032060E-16   6.599820E-16   1.025759E-13   1.200000E+02  -1.363920E+00
  1.052000000000E+01   8.057527E+00   4.160196E-01   6.565226E+01  -9.994270E-17   8.624403E-16   1.361021E-13   1.200000E+02  -1.359481E+00
  1.052500000000E+01   8.059594E+00   4.110635E-01   6.565582E+01  -9.529198E-17   9.580547E-16   1.530223E-13   1.200000E+02  -1.354938E+00
  1.053000000000E+01   8.061640E+00   4.077089E-01   6.566282E+01  -9.020255E-17   1.079936E-15   1.739271E-13   1.200000E+02  -1.350456E+00
  1.053500000000E+01   8.063674E+00   4.059776E-01   6.567288E+01  -8.454065E-17   1.261606E-15   2.040835E-13   1.200000E+02  -1.346190E+00
  1.054000000000E+01   8.065702E+00   4.057316E-01   6.568528E+01  -7.827853E-17   9.255808E-16   1.498454E-13   1.200000E+02  -1.342273E+00
  1.054500000000E+01   8.067733E+00   4.066695E-01   6.569900E+01  -7.407455E-17   5.795324E-16   9.362564E-14   1.200000E+02  -1.338805E+00
  1.055000000000E+01   8.069770E+00   4.083412E-01   6.571278E+01  -7.227752E-17   1.424447E-16   2.292307E-14   1.200000E+02  -1.335835E+00
  1.055500000000E+01   8.071816E+00   4.101847E-01   6.572533E+01  -7.159100E-17  -1.518582E-16  -2.433277E-14   1.200000E+02  -1.333356E+00
  1.056000000000E+01   8.073871E+00   4.115842E-01   6.573540E+01  -7.297764E-17   9.129769E-19   1.458144E-16   1.200000E+02  -1.331303E+00
  1.056500000000E+01   8.075931E+00   4.119455E-01   6.574205E+01  -7.560305E-17  -5.271202E-16  -8.412267E-14   1.200000E+02  -1.329554E+00
  1.057000000000E+01   8.077988E+00   4.107800E-01   6.574467E+01  -7.782035E-17  -3.045936E-16  -4.874971E-14   1.200000E+02  -1.327942E+00
  1.057500000000E+01   8.080035E+00   4.077818E-01   6.574315E+01  -7.976553E-17  -4.735562E-16  -7.634739E-14   1.200000E+02  -1.326279E+00
  1.058000000000E+01   8.082063E+00   4.028867E-01   6.573787E+01  -8.220064E-17  -6.633102E-16  -1.082304E-13   1.200000E+02  -1.324375E+00
  1.058500000000E+01   8.084062E+00   3.962954E-01   6.572970E+01  -8.795880E-17  -1.734484E-15  -2.876821E-13   1.200000E+02  -1.322065E+00
  1.059000000000E+01   8.086024E+00   3.884544E-01   6.571990E+01  -9.694833E-17  -1.733387E-15  -2.932596E-13   1.200000E+02  -1.319235E+00
  1.059500000000E+01   8.087945E+00   3.799944E-01   6.571002E+01  -1.056981E-16  -1.813328E-15  -3.135672E-13   1.200000E+02  -1.315837E+00
  1.060000000000E+01   8.089824E+00   3.716336E-01   6.570172E+01  -1.145160E-16  -1.785773E-15  -3.157098E-13   1.200000E+02  -1.311900E+00
  1.060500000000E+01   8.091663E+00   3.640653E-01   6.569649E+01  -1.218815E-16  -1.331562E-15  -2.402836E-13   1.200000E+02  -1.307518E+00
  1.061000000000E+01   8.093467E+00   3.578504E-01   6.569546E+01  -1.275675E-16  -7.315496E-16  -1.343005E-13   1.200000E+02  -1.302845E+00
  1.061500000000E+01   8.095244E+00   3.533367E-01   6.569913E+01  -1.287751E-16   3.961409E-17   7.365810E-15   1.200000E+02  -1.298064E+00
  1.062000000000E+01   8.097003E+00   3.506176E-01   6.570730E+01  -1.264343E-16   6.277370E-16   1.176407E-13   1.200000E+02  -1.293362E+00
  1.062500000000E+01   8.098753E+00   3.495335E-01   6.571910E+01  -1.208997E-16   1.777126E-15   3.341343E-13   1.200000E+02  -1.288908E+00
  1.063000000000E+01   8.100500E+00   3.497124E-01   6.573313E+01  -1.089125E-16   2.976456E-15   5.594646E-13   1.200000E+02  -1.284825E+00
  1.063500000000E+01   8.102251E+00   3.506364E-01   6.574774E+01  -9.194899E-17   3.935924E-15   7.380241E-13   1.200000E+02  -1.281180E+00
  1.064000000000E+01   8.104007E+00   3.517219E-01   6.576133E+01  -7.071040E-17   4.301669E-15   8.042817E-13   1.200000E+02  -1.277977E+00
  1.064500000000E+01   8.105768E+00   3.524013E-01   6.577253E+01  -4.806402E-17   4.879142E-15   9.106480E-13   1.200000E+02  -1.275160E+00
  1.065000000000E+01   8.107530E+00   3.521948E-01   6.578037E+01  -2.498498E-17   4.341620E-15   8.108962E-13   1.200000E+02  -1.272624E+00
  1.065500000000E+01   8.109288E+00   3.507647E-01   6.578440E+01  -4.822373E-18   3.424144E-15   6.421834E-13   1.200000E+02  -1.270231E+00
  1.066000000000E+01   8.111035E+00   3.479464E-01   6.578462E+01   8.513467E-18   1.916651E-15   3.623723E-13   1.200000E+02  -1.267830E+00
  1.066500000000E+01   8.112765E+00   3.437545E-01   6.578145E+01   1.407236E-17   5.003217E-16   9.574242E-14   1.200000E+02  -1.265277E+00
  1.067000000000E+01   8.114471E+00   3.383648E-01   6.577566E+01   1.491525E-17  -2.285669E-16  -4.443174E-14   1.200000E+02  -1.262448E+00
  1.067500000000E+01   8.116147E+00   3.320789E-01   6.576824E+01   1.139560E-17  -1.292108E-15  -2.559020E-13   1.200000E+02  -1.259256E+00
  1.068000000000E+01   8.117791E+00   3.252768E-01   6.576030E+01   2.971074E-18  -2.110430E-15  -4.266596E-13   1.200000E+02  -1.255658E+00
  1.068500000000E+01   8.119400E+00   3.183663E-01   6.575296E+01  -9.616484E-18  -2.639291E-15  -5.450992E-13   1.200000E+02  -1.251654E+00
  1.069000000000E+01   8.120975E+00   3.117374E-01   6.574724E+01  -2.329497E-17  -2.768522E-15  -5.838975E-13   1.200000E+02  -1.247286E+00
  1.069500000000E+01   8.122518E+00   3.057265E-01   6.574400E+01  -3.647121E-17  -2.547068E-15  -5.477263E-13   1.200000E+02  -1.242628E+00
  1.070000000000E+01   8.124033E+00   3.005917E-01   6.574381E+01  -4.941246E-17  -2.697330E-15  -5.899456E-13   1.200000E+02  -1.237779E+00
  1.070500000000E+01   8.125526E+00   2.965000E-01   6.574700E+01  -6.302582E-17  -2.537099E-15  -5.625856E-13   1.200000E+02  -1.232851E+00
  1.071000000000E+01   8.127000E+00   2.935231E-01   6.575353E+01  -7.481675E-17  -2.056087E-15  -4.605940E-13   1.200000E+02  -1.227960E+00
  1.071500000000E+01   8.128463E+00   2.916382E-01   6.576308E+01  -8.411590E-17  -1.672682E-15  -3.771823E-13   1.200000E+02  -1.223213E+00
  1.072000000000E+01   8.129918E+00   2.907316E-01   6.577504E+01  -9.142141E-17  -1.049490E-15  -2.374363E-13   1.200000E+02  -1.218704E+00
  1.072500000000E+01   8.131371E+00   2.906050E-01   6.578856E+01  -9.514821E-17  -6.363676E-16  -1.440639E-13   1.200000E+02  -1.214502E+00
  1.073000000000E+01   8.132825E+00   2.909848E-01   6.580259E+01  -9.754881E-17  -1.098571E-16  -2.484283E-14   1.200000E+02  -1.210647E+00
  1.073500000000E+01   8.134281E+00   2.915362E-01   6.581602E+01  -9.775727E-17   6.855512E-17   1.547673E-14   1.200000E+02  -1.207145E+00
  1.074000000000E+01   8.135740E+00   2.918875E-01   6.582772E+01  -9.721336E-17   8.255299E-17   1.861770E-14   1.200000E+02  -1.203964E+00
  1.074500000000E+01   8.137199E+00   2.916627E-01   6.583669E+01  -9.520586E-17   5.460837E-16   1.232668E-13   1.200000E+02  -1.201038E+00
  1.075000000000E+01   8.138655E+00   2.905233E-01   6.584212E+01  -9.090733E-17   1.221424E-15   2.768148E-13   1.200000E+02  -1.198266E+00
  1.075500000000E+01   8.140103E+00   2.882145E-01   6.584355E+01  -8.396100E-17   1.758918E-15   4.018305E-13   1.200000E+02  -1.195525E+00
  1.076000000000E+01   8.141535E+00   2.846088E-01   6.584089E+01  -7.542332E-17   1.580630E-15   3.656602E-13   1.200000E+02  -1.192683E+00
  1.076500000000E+01   8.142947E+00   2.797370E-01   6.583451E+01  -6.754090E-17   1.403629E-15   3.303360E-13   1.200000E+02  -1.189608E+00
  1.077000000000E+01   8.144331E+00   2.737986E-01   6.582523E+01  -6.136475E-17   8.989966E-16   2.161320E-13   1.200000E+02  -1.186194E+00
  1.077500000000E+01   8.145684E+00   2.671457E-01   6.581429E+01  -5.846271E-17   2.285636E-16   5.630915E-14   1.200000E+02  -1.182370E+00
  1.078000000000E+01   8.147002E+00   2.602392E-01   6.580326E+01  -5.871575E-17  -3.526670E-16  -8.917427E-14   1.200000E+02  -1.178113E+00
  1.078500000000E+01   8.148286E+00   2.535841E-01   6.579385E+01  -6.114720E-17  -6.677849E-16  -1.732606E-13   1.200000E+02  -1.173451E+00
  1.079000000000E+01   8.149539E+00   2.476560E-01   6.578769E+01  -6.626431E-17  -1.184485E-15  -3.146484E-13   1.200000E+02  -1.168461E+00
  1.079500000000E+01   8.150765E+00   2.428326E-01   6.578605E+01  -7.237218E-17  -1.078766E-15  -2.922497E-13   1.200000E+02  -1.163261E+00
  1.080000000000E+01   8.151970E+00   2.393445E-01   6.578963E+01  -7.658895E-17  -4.674599E-16  -1.284927E-13   1.200000E+02  -1.157991E+00
  1.080500000000E+01   8.153160E+00   2.372518E-01   6.579843E+01  -7.700778E-17   2.650615E-16   7.351105E-14   1.200000E+02  -1.152795E+00
  1.081000000000E+01   8.154344E+00   2.364479E-01   6.581171E+01  -7.398445E-17   1.173986E-15   3.267614E-13   1.200000E+02  -1.147806E+00
  1.081500000000E+01   8.155527E+00   2.366847E-01   6.582818E+01  -6.693341E-17   1.843404E-15   5.126985E-13   1.200000E+02  -1.143130E+00
  1.082000000000E+01   8.156712E+00   2.376121E-01   6.584618E+01  -5.643230E-17   2.265165E-15   6.277141E-13   1.200000E+02  -1.138833E+00
  1.082500000000E+01   8.157903E+00   2.388241E-01   6.586398E+01  -4.394966E-17   2.531925E-15   6.982656E-13   1.200000E+02  -1.134938E+00
  1.083000000000E+01   8.159100E+00   2.399060E-01   6.587997E+01  -3.146894E-17   2.506456E-15   6.882913E-13   1.200000E+02  -1.131424E+00
  1.083500000000E+01   8.160301E+00   2.404778E-01   6.589285E+01  -2.057738E-17   1.744889E-15   4.781137E-13   1.200000E+02  -1.128230E+00
  1.084000000000E+01   8.161504E+00   2.402307E-01   6.590170E+01  -1.389664E-17   9.166723E-16   2.514677E-13   1.200000E+02  -1.125263E+00
  1.084500000000E+01   8.162702E+00   2.389544E-01   6.590605E+01  -1.276911E-17  -2.654144E-16  -7.320399E-14   1.200000E+02  -1.122408E+00
  1.085000000000E+01   8.163891E+00   2.365525E-01   6.590586E+01  -1.654473E-17  -1.439306E-15  -4.010049E-13   1.200000E+02  -1.119542E+00
  1.085500000000E+01   8.165066E+00   2.330466E-01   6.590145E+01  -2.587667E-17  -2.397810E-15  -6.780581E-13   1.200000E+02  -1.116548E+00
  1.086000000000E+01   8.166220E+00   2.285677E-01   6.589352E+01  -3.873676E-17  -2.726250E-15  -7.859474E-13   1.200000E+02  -1.113321E+00
  1.086500000000E+01   8.167350E+00   2.233383E-01   6.588303E+01  -5.169311E-17  -2.435277E-15  -7.183874E-13   1.200000E+02  -1.109783E+00
  1.087000000000E+01   8.168453E+00   2.176466E-01   6.587116E+01  -6.296457E-17  -2.019314E-15  -6.111492E-13   1.200000E+02  -1.105889E+00
  1.087500000000E+01   8.169526E+00   2.118160E-01   6.585923E+01  -7.066383E-17  -9.627648E-16  -2.993491E-13   1.200000E+02  -1.101626E+00
  1.088000000000E+01   8.170571E+00   2.061741E-01   6.584859E+01  -7.367838E-17  -5.046260E-17  -1.611692E-14   1.200000E+02  -1.097018E+00
  1.088500000000E+01   8.171589E+00   2.010221E-01   6.584054E+01  -7.166249E-17   7.771829E-16   2.545498E-13   1.200000E+02  -1.092118E+00
  1.089000000000E+01   8.172583E+00   1.966102E-01   6.583618E+01  -6.547902E-17   1.638340E-15   5.486086E-13   1.200000E+02  -1.087007E+00
  1.089500000000E+01   8.173557E+00   1.931176E-01   6.583630E+01  -5.621163E-17   2.076958E-15   7.080617E-13   1.200000E+02  -1.081782E+00
  1.090000000000E+01   8.174516E+00   1.906399E-01   6.584126E+01  -4.518775E-17   2.179827E-15   7.528461E-13   1.200000E+02  -1.076548E+00
  1.090500000000E+01   8.175465E+00   1.891828E-01   6.585093E+01  -3.520192E-17   1.689506E-15   5.880850E-13   1.200000E+02  -1.071411E+00
  1.091000000000E+01   8.176409E+00   1.886612E-01   6.586467E+01  -2.816586E-17   9.229402E-16   3.222133E-13   1.200000E+02  -1.066465E+00
  1.091500000000E+01   8.177352E+00   1.889049E-01   6.588142E+01  -2.534060E-17   2.041298E-17   7.119119E-15   1.200000E+02  -1.061787E+00
  1.092000000000E+01   8.178299E+00   1.896685E-01   6.589975E+01  -2.684340E-17  -6.126949E-16  -2.128790E-13   1.200000E+02  -1.057427E+00
  1.092500000000E+01   8.179250E+00   1.906490E-01   6.591804E+01  -3.187705E-17  -1.429228E-15  -4.941642E-13   1.200000E+02  -1.053405E+00
  1.093000000000E+01   8.180205E+00   1.915097E-01   6.593464E+01  -4.047402E-17  -1.924396E-15  -6.625479E-13   1.200000E+02  -1.049703E+00
  1.093500000000E+01   8.181164E+00   1.919131E-01   6.594803E+01  -5.072272E-17  -2.303437E-15  -7.915411E-13   1.200000E+02  -1.046273E+00
  1.094000000000E+01   8.182123E+00   1.915578E-01   6.595699E+01  -6.315887E-17  -2.524358E-15  -8.691843E-13   1.200000E+02  -1.043034E+00
  1.094500000000E+01   8.183078E+00   1.902181E-01   6.596071E+01  -7.422430E-17  -1.902543E-15  -6.597326E-13   1.200000E+02  -1.039880E+00
  1.095000000000E+01   8.184023E+00   1.877780E-01   6.595888E+01  -8.255913E-17  -1.348944E-15  -4.738297E-13   1.200000E+02  -1.036695E+00
  1.095500000000E+01   8.184954E+00   1.842542E-01   6.595175E+01  -8.670090E-17  -2.199089E-16  -7.871395E-14   1.200000E+02  -1.033362E+00
  1.096000000000E+01   8.185864E+00   1.797995E-01   6.594013E+01  -8.604484E-17   4.910708E-16   1.800966E-13   1.200000E+02  -1.029780E+00
  1.096500000000E+01   8.186751E+00   1.746852E-01   6.592537E+01  -8.123817E-17   1.318729E-15   4.976820E-13   1.200000E+02  -1.025875E+00
  1.097000000000E+01   8.187611E+00   1.692624E-01   6.590923E+01  -7.253014E-17   2.100705E-15   8.179954E-13   1.200000E+02  -1.021612E+00
  1.097500000000E+01   8.188444E+00   1.639096E-01   6.589370E+01  -6.076587E-17   2.475527E-15   9.951925E-13   1.200000E+02  -1.016993E+00
  1.098000000000E+01   8.189251E+00   1.589772E-01   6.588072E+01  -4.821644E-17   2.510602E-15   1.040402E-12   1.200000E+02  -1.012061E+00
  1.098500000000E+01   8.190034E+00   1.547406E-01   6.587194E+01  -3.678963E-17   1.911875E-15   8.138712E-13   1.200000E+02  -1.006889E+00
  1.099000000000E+01   8.190799E+00   1.513705E-01   6.586843E+01  -2.877468E-17   1.212838E-15   5.277629E-13   1.200000E+02  -1.001570E+00
  1.099500000000E+01   8.191550E+00   1.489243E-01   6.587059E+01  -2.433649E-17   5.021043E-16   2.220853E-13   1.200000E+02  -9.962043E-01
  1.100000000000E+01   8.192290E+00   1.473547E-01   6.587805E+01  -2.402411E-17  -4.742601E-16  -2.120281E-13   1.200000E+02  -9.908862E-01
  1.100500000000E+01   8.193024E+00   1.465296E-01   6.588986E+01  -2.815061E-17  -1.149273E-15  -5.167929E-13   1.200000E+02  -9.856972E-01
  1.101000000000E+01   8.193756E+00   1.462583E-01   6.590466E+01  -3.595162E-17  -2.002681E-15  -9.024170E-13   1.200000E+02  -9.806975E-01
  1.101500000000E+01   8.194488E+00   1.463176E-01   6.592088E+01  -4.743444E-17  -2.595276E-15  -1.169257E-12   1.200000E+02  -9.759224E-01
  1.102000000000E+01   8.195220E+00   1.464759E-01   6.593698E+01  -6.161564E-17  -2.867188E-15  -1.290682E-12   1.200000E+02  -9.713817E-01
  1.102500000000E+01   8.195952E+00   1.465145E-01   6.595156E+01  -7.547227E-17  -2.714318E-15  -1.221814E-12   1.200000E+02  -9.670610E-01
  1.103000000000E+01   8.196684E+00   1.462460E-01   6.596351E+01  -8.815103E-17  -2.134808E-15  -9.628941E-13   1.200000E+02  -9.629253E-01
  1.103500000000E+01   8.197414E+00   1.455275E-01   6.597205E+01  -9.734017E-17  -1.512791E-15  -6.857943E-13   1.200000E+02  -9.589238E-01
  1.104000000000E+01   8.198139E+00   1.442697E-01   6.597674E+01  -1.029591E-16  -7.179124E-16  -3.283122E-13   1.200000E+02  -9.549957E-01
  1.104500000000E+01   8.198856E+00   1.424409E-01   6.597749E+01  -1.047317E-16  -4.042270E-17  -1.872346E-14   1.200000E+02  -9.510767E-01
  1.105000000000E+01   8.199562E+00   1.400647E-01   6.597451E+01  -1.033091E-16   5.610810E-16   2.642853E-13   1.200000E+02  -9.471050E-01
  1.105500000000E+01   8.200255E+00   1.372136E-01   6.596829E+01  -9.896520E-17   1.053311E-15   5.064014E-13   1.200000E+02  -9.430265E-01
  1.106000000000E+01   8.200934E+00   1.339982E-01   6.595954E+01  -9.231242E-17   1.663494E-15   8.188417E-13   1.200000E+02  -9.387995E-01
  1.106500000000E+01   8.201595E+00   1.305544E-01   6.594914E+01  -8.272201E-17   2.161111E-15   1.091678E-12   1.200000E+02  -9.343969E-01
  1.107000000000E+01   8.202239E+00   1.270293E-01   6.593808E+01  -7.181614E-17   2.172359E-15   1.127623E-12   1.200000E+02  -9.298078E-01
  1.107500000000E+01   8.202866E+00   1.235674E-01   6.592737E+01  -6.142578E-17   1.916225E-15   1.022371E-12   1.200000E+02  -9.250370E-01
  1.108000000000E+01   8.203475E+00   1.202990E-01   6.591799E+01  -5.259944E-17   1.660947E-15   9.101180E-13   1.200000E+02  -9.201040E-01
  1.108500000000E+01   8.204069E+00   1.173305E-01   6.591080E+01  -4.491523E-17   1.389589E-15   7.806062E-13   1.200000E+02  -9.150395E-01
  1.109000000000E+01   8.204649E+00   1.147373E-01   6.590644E+01  -3.858466E-17   1.132980E-15   6.507967E-13   1.200000E+02  -9.098828E-01
  1.109500000000E+01   8.205217E+00   1.125596E-01   6.590531E+01  -3.417172E-17   6.759836E-16   3.957984E-13   1.200000E+02  -9.046775E-01
  1.110000000000E+01   8.205775E+00   1.108008E-01   6.590746E+01  -3.154720E-17   3.093461E-16   1.840079E-13   1.200000E+02  -8.994679E-01
  1.110500000000E+01   8.206326E+00   1.094286E-01   6.591265E+01  -3.098550E-17  -1.084420E-16  -6.531835E-14   1.200000E+02  -8.942948E-01
  1.111000000000E+01   8.206870E+00   1.083784E-01   6.592031E+01  -3.226507E-17  -4.271784E-16  -2.598280E-13   1.200000E+02  -8.891925E-01
  1.111500000000E+01   8.207410E+00   1.075588E-01   6.592963E+01  -3.575013E-17  -8.899012E-16  -5.454770E-13   1.200000E+02  -8.841856E-01
  1.112000000000E+01   8.207946E+00   1.068604E-01   6.593961E+01  -4.084285E-17  -1.158577E-15  -7.149151E-13   1.200000E+02  -8.792871E-01
  1.112500000000E+01   8.208478E+00   1.061657E-01   6.594923E+01  -4.719012E-17  -1.420041E-15  -8.821172E-13   1.200000E+02  -8.744976E-01
  1.113000000000E+01   8.209007E+00   1.053615E-01   6.595749E+01  -5.459097E-17  -1.582874E-15  -9.908969E-13   1.200000E+02  -8.698052E-01
  1.113500000000E+01   8.209532E+00   1.043510E-01   6.596355E+01  -6.220016E-17  -1.522305E-15  -9.622967E-13   1.200000E+02  -8.651876E-01
  1.114000000000E+01   8.210050E+00   1.030652E-01   6.596681E+01  -6.973924E-17  -1.453054E-15  -9.300267E-13   1.200000E+02  -8.606141E-01
  1.114500000000E+01   8.210562E+00   1.014705E-01   6.596698E+01  -7.676568E-17  -1.276849E-15  -8.300918E-13   1.200000E+02  -8.560501E-01
  1.115000000000E+01   8.211065E+00   9.957256E-02   6.596407E+01  -8.205946E-17  -8.805039E-16  -5.833095E-13   1.200000E+02  -8.514603E-01
  1.115500000000E+01   8.211557E+00   9.741269E-02   6.595842E+01  -8.542736E-17  -4.226508E-16  -2.861781E-13   1.200000E+02  -8.468137E-01
  1.116000000000E+01   8.212038E+00   9.506025E-02   6.595063E+01  -8.634808E-17   4.941309E-17   3.428167E-14   1.200000E+02  -8.420860E-01
  1.116500000000E+01   8.212508E+00   9.260021E-02   6.594145E+01  -8.483528E-17   5.458878E-16   3.887317E-13   1.200000E+02  -8.372621E-01
  1.117000000000E+01   8.212964E+00   9.011955E-02   6.593172E+01  -8.066181E-17   1.024928E-15   7.498401E-13   1.200000E+02  -8.323368E-01
  1.117500000000E+01   8.213409E+00   8.769502E-02   6.592219E+01  -7.476770E-17   1.311822E-15   9.861241E-13   1.200000E+02  -8.273135E-01
  1.118000000000E+01   8.213842E+00   8.538451E-02   6.591350E+01  -6.820171E-17   1.279392E-15   9.876409E-13   1.200000E+02  -8.222030E-01
  1.118500000000E+01   8.214263E+00   8.322309E-02   6.590607E+01  -6.207059E-17   1.112322E-15   8.808707E-13   1.200000E+02  -8.170204E-01
  1.119000000000E+01   8.214674E+00   8.122363E-02   6.590009E+01  -5.760993E-17   6.475431E-16   5.253785E-13   1.200000E+02  -8.117829E-01
  1.119500000000E+01   8.215075E+00   7.938087E-02   6.589556E+01  -5.555922E-17   1.883661E-16   1.563662E-13   1.200000E+02  -8.065074E-01
  1.120000000000E+01   8.215468E+00   7.767730E-02   6.589230E+01  -5.589805E-17  -3.095888E-16  -2.626188E-13   1.200000E+02  -8.012089E-01
  1.120500000000E+01   8.215852E+00   7.608939E-02   6.589007E+01  -5.887665E-17  -7.008801E-16  -6.069314E-13   1.200000E+02  -7.958998E-01
  1.121000000000E+01   8.216229E+00   7.459285E-02   6.588861E+01  -6.312598E-17  -9.404785E-16  -8.307341E-13   1.200000E+02  -7.905894E-01
  1.121500000000E+01   8.216598E+00   7.316618E-02   6.588766E+01  -6.803618E-17  -9.639197E-16  -8.680296E-13   1.200000E+02  -7.852844E-01
  1.122000000000E+01   8.216961E+00   7.179223E-02   6.588702E+01  -7.250340E-17  -8.231644E-16  -7.554557E-13   1.200000E+02  -7.799891E-01
  1.122500000000E+01   8.217316E+00   7.045790E-02   6.588653E+01  -7.616738E-17  -6.265792E-16  -5.859262E-13   1.200000E+02  -7.747063E-01
  1.123000000000E+01   8.217665E+00   6.915260E-02   6.588605E+01  -7.870824E-17  -3.569040E-16  -3.400450E-13   1.200000E+02  -7.694374E-01
  1.123500000000E+01   8.218008E+00   6.786608E-02   6.588544E+01  -7.956536E-17   5.083416E-17   4.935059E-14   1.200000E+02  -7.641825E-01
  1.124000000000E+01   8.218344E+00   6.658657E-02   6.588455E+01  -7.852799E-17   3.680857E-16   3.642050E-13   1.200000E+02  -7.589409E-01
  1.124500000000E+01   8.218674E+00   6.529981E-02   6.588316E+01  -7.607002E-17   6.322773E-16   6.379256E-13   1.200000E+02  -7.537105E-01
  1.125000000000E+01   8.218997E+00   6.398944E-02   6.588102E+01  -7.249635E-17   7.996797E-16   8.233189E-13   1.200000E+02  -7.484874E-01
  1.125500000000E+01   8.219314E+00   6.263864E-02   6.587784E+01  -6.823938E-17   8.094920E-16   8.513530E-13   1.200000E+02  -7.432664E-01
  1.126000000000E+01   8.219623E+00   6.123284E-02   6.587338E+01  -6.449777E-17   6.831805E-16   7.349555E-13   1.200000E+02  -7.380404E-01
  1.126500000000E+01   8.219926E+00   5.976269E-02   6.586742E+01  -6.136604E-17   5.405763E-16   5.957959E-13   1.200000E+02  -7.328014E-01
  1.127000000000E+01   8.220221E+00   5.822656E-02   6.585987E+01  -5.914966E-17   3.269556E-16   3.698184E-13   1.200000E+02  -7.275411E-01
  1.127500000000E+01   8.220508E+00   5.663182E-02   6.585075E+01  -5.792542E-17   1.030878E-16   1.198692E-13   1.200000E+02  -7.222515E-01
  1.128000000000E+01   8.220787E+00   5.499455E-02   6.584024E+01  -5.754922E-17   2.371820E-17   2.839576E-14   1.200000E+02  -7.169263E-01
  1.128500000000E+01   8.221058E+00   5.333746E-02   6.582866E+01  -5.771672E-17  -1.217423E-16  -1.502533E-13   1.200000E+02  -7.115612E-01
  1.129000000000E+01   8.221321E+00   5.168672E-02   6.581640E+01  -5.832855E-17  -1.153929E-16  -1.469380E-13   1.200000E+02  -7.061549E-01
  1.129500000000E+01   8.221575E+00   5.006818E-02   6.580392E+01  -5.891175E-17  -1.054025E-16  -1.385291E-13   1.200000E+02  -7.007088E-01
  1.130000000000E+01   8.221821E+00   4.850406E-02   6.579163E+01  -5.935472E-17  -6.851256E-17  -9.293145E-14   1.200000E+02  -6.952269E-01
  1.130500000000E+01   8.222060E+00   4.701066E-02   6.577988E+01  -5.943852E-17   1.770680E-18   2.477631E-15   1.200000E+02  -6.897151E-01
  1.131000000000E+01   8.222292E+00   4.559749E-02   6.576893E+01  -5.948770E-17   6.788384E-18   9.791433E-15   1.200000E+02  -6.841807E-01
  1.131500000000E+01   8.222516E+00   4.426772E-02   6.575892E+01  -5.952955E-17  -6.281199E-18  -9.330611E-15   1.200000E+02  -6.786312E-01
  1.132000000000E+01   8.222734E+00   4.301971E-02   6.574989E+01  -5.955616E-17  -2.535779E-17  -3.875600E-14   1.200000E+02  -6.730744E-01
  1.132500000000E+01   8.222946E+00   4.184890E-02   6.574182E+01  -5.982897E-17  -1.102673E-16  -1.732226E-13   1.200000E+02  -6.675172E-01
  1.133000000000E+01   8.223153E+00   4.074957E-02   6.573467E+01  -6.056134E-17  -1.613090E-16  -2.602137E-13   1.200000E+02  -6.619660E-01
  1.133500000000E+01   8.223354E+00   3.971596E-02   6.572838E+01  -6.146821E-17  -1.853608E-16  -3.067650E-13   1.200000E+02  -6.564264E-01
  1.134000000000E+01   8.223550E+00   3.874249E-02   6.572287E+01  -6.238199E-17  -1.955835E-16  -3.317885E-13   1.200000E+02  -6.509032E-01
  1.134500000000E+01   8.223742E+00   3.782304E-02   6.571805E+01  -6.312151E-17  -1.029770E-16  -1.789239E-13   1.200000E+02  -6.454008E-01
  1.135000000000E+01   8.223928E+00   3.694972E-02   6.571379E+01  -6.320847E-17   4.934405E-17   8.775668E-14   1.200000E+02  -6.399225E-01
  1.135500000000E+01   8.224111E+00   3.611148E-02   6.570984E+01  -6.263722E-17   1.602798E-16   2.916513E-13   1.200000E+02  -6.344706E-01
  1.136000000000E+01   8.224290E+00   3.529327E-02   6.570582E+01  -6.146233E-17   3.012758E-16   5.608882E-13   1.200000E+02  -6.290462E-01
  1.136500000000E+01   8.224464E+00   3.447621E-02   6.570124E+01  -5.964395E-17   4.112840E-16   7.837830E-13   1.200000E+02  -6.236484E-01
  1.137000000000E+01   8.224634E+00   3.363913E-02   6.569546E+01  -5.730775E-17   4.772632E-16   9.320699E-13   1.200000E+02  -6.182742E-01
  1.137500000000E+01   8.224800E+00   3.276143E-02   6.568784E+01  -5.505127E-17   4.385195E-16   8.792472E-13   1.200000E+02  -6.129184E-01
  1.138000000000E+01   8.224962E+00   3.182682E-02   6.567777E+01  -5.315543E-17   3.086121E-16   6.368514E-13   1.200000E+02  -6.075741E-01
  1.138500000000E+01   8.225119E+00   3.082727E-02   6.566485E+01  -5.193132E-17   1.866581E-16   3.975985E-13   1.200000E+02  -6.022331E-01
  1.139000000000E+01   8.225270E+00   2.976590E-02   6.564894E+01  -5.144458E-17   3.192727E-17   7.041584E-14   1.200000E+02  -5.968869E-01
  1.139500000000E+01   8.225416E+00   2.865810E-02   6.563030E+01  -5.172245E-17  -1.271483E-16  -2.911839E-13   1.200000E+02  -5.915286E-01
  1.140000000000E+01   8.225557E+00   2.753006E-02   6.560957E+01  -5.263974E-17  -2.256603E-16  -5.377931E-13   1.200000E+02  -5.861534E-01
  1.140500000000E+01   8.225691E+00   2.641504E-02   6.558776E+01  -5.396798E-17  -2.905876E-16  -7.215205E-13   1.200000E+02  -5.807598E-01
  1.141000000000E+01   8.225821E+00   2.534810E-02   6.556612E+01  -5.550322E-17  -3.179306E-16  -8.223682E-13   1.200000E+02  -5.753503E-01
  1.141500000000E+01   8.225945E+00   2.436063E-02   6.554594E+01  -5.697580E-17  -2.798232E-16  -7.529062E-13   1.200000E+02  -5.699309E-01
  1.142000000000E+01   8.226065E+00   2.347577E-02   6.552839E+01  -5.829404E-17  -2.385003E-16  -6.657309E-13   1.200000E+02  -5.645104E-01
  1.142500000000E+01   8.226180E+00   2.270552E-02   6.551431E+01  -5.932722E-17  -1.740346E-16  -5.021579E-13   1.200000E+02  -5.590993E-01
  1.143000000000E+01   8.226292E+00   2.204980E-02   6.550405E+01  -6.001214E-17  -9.979463E-17  -2.964631E-13   1.200000E+02  -5.537087E-01
  1.143500000000E+01   8.226401E+00   2.149708E-02   6.549745E+01  -6.030307E-17  -2.726441E-17  -8.306942E-14   1.200000E+02  -5.483488E-01
  1.144000000000E+01   8.226507E+00   2.102637E-02   6.549384E+01  -6.026195E-17   2.598799E-17   8.094852E-14   1.200000E+02  -5.430281E-01
  1.144500000000E+01   8.226611E+00   2.061027E-02   6.549214E+01  -6.001339E-17   8.512668E-17   2.705025E-13   1.200000E+02  -5.377520E-01
  1.145000000000E+01   8.226713E+00   2.021863E-02   6.549107E+01  -5.950768E-17   1.287748E-16   4.171201E-13   1.200000E+02  -5.325229E-01
  1.145500000000E+01   8.226813E+00   1.982263E-02   6.548926E+01  -5.874875E-17   1.603425E-16   5.297337E-13   1.200000E+02  -5.273401E-01
  1.146000000000E+01   8.226911E+00   1.939857E-02   6.548554E+01  -5.793455E-17   1.729678E-16   5.839033E-13   1.200000E+02  -5.221998E-01
  1.146500000000E+01   8.227007E+00   1.893091E-02   6.547904E+01  -5.714527E-17   1.509650E-16   5.221643E-13   1.200000E+02  -5.170965E-01
  1.147000000000E+01   8.227101E+00   1.841376E-02   6.546927E+01  -5.642333E-17   1.318561E-16   4.688082E-13   1.200000E+02  -5.120234E-01
  1.147500000000E+01   8.227191E+00   1.785058E-02   6.545619E+01  -5.588307E-17   7.998433E-17   2.932941E-13   1.200000E+02  -5.069738E-01
  1.148000000000E+01   8.227279E+00   1.725228E-02   6.544015E+01  -5.555882E-17   5.044739E-17   1.913535E-13   1.200000E+02  -5.019420E-01
  1.148500000000E+01   8.227364E+00   1.663414E-02   6.542176E+01  -5.546415E-17  -5.717967E-18  -2.248865E-14   1.200000E+02  -4.969239E-01
  1.149000000000E+01   8.227445E+00   1.601262E-02   6.540180E+01  -5.559363E-17  -3.817772E-17  -1.559328E-13   1.200000E+02  -4.919170E-01
  1.149500000000E+01   8.227524E+00   1.540264E-02   6.538109E+01  -5.583956E-17  -5.599140E-17  -2.376722E-13   1.200000E+02  -4.869207E-01
  1.150000000000E+01   8.227599E+00   1.481600E-02   6.536034E+01  -5.620447E-17  -8.240139E-17  -3.635113E-13   1.200000E+02  -4.819359E-01
  1.150500000000E+01   8.227672E+00   1.426085E-02   6.534016E+01  -5.666776E-17  -9.282856E-17  -4.253206E-13   1.200000E+02  -4.769646E-01
  1.151000000000E+01   8.227742E+00   1.374207E-02   6.532101E+01  -5.712253E-17  -8.757278E-17  -4.162649E-13   1.200000E+02  -4.720094E-01
  1.151500000000E+01   8.227810E+00   1.326216E-02   6.530326E+01  -5.751391E-17  -7.713407E-17  -3.798102E-13   1.200000E+02  -4.670733E-01
  1.152000000000E+01   8.227875E+00   1.282217E-02   6.528716E+01  -5.783397E-17  -4.811965E-17  -2.450128E-13   1.200000E+02  -4.621594E-01
  1.152500000000E+01   8.227938E+00   1.242236E-02   6.527296E+01  -5.803621E-17  -3.412649E-17  -1.793167E-13   1.200000E+02  -4.572710E-01
  1.153000000000E+01   8.227999E+00   1.206250E-02   6.526085E+01  -5.818703E-17  -2.753855E-17  -1.489898E-13   1.200000E+02  -4.524111E-01
  1.153500000000E+01   8.228058E+00   1.174160E-02   6.525097E+01  -5.833147E-17  -3.247068E-17  -1.804476E-13   1.200000E+02  -4.475830E-01
  1.154000000000E+01   8.228116E+00   1.145740E-02   6.524335E+01  -5.853450E-17  -4.567542E-17  -2.600954E-13   1.200000E+02  -4.427895E-01
  1.154500000000E+01   8.228173E+00   1.120570E-02   6.523779E+01  -5.880691E-17  -6.166095E-17  -3.589801E-13   1.200000E+02  -4.380331E-01
  1.155000000000E+01   8.228229E+00   1.097986E-02   6.523389E+01  -5.913981E-17  -6.839185E-17  -4.063317E-13   1.200000E+02  -4.333159E-01
  1.155500000000E+01   8.228283E+00   1.077067E-02   6.523093E+01  -5.950823E-17  -6.745540E-17  -4.085335E-13   1.200000E+02  -4.286388E-01
  1.156000000000E+01   8.228336E+00   1.056680E-02   6.522796E+01  -5.985015E-17  -6.461550E-17  -3.988658E-13   1.200000E+02  -4.240019E-01
  1.156500000000E+01   8.228389E+00   1.035600E-02   6.522386E+01  -6.009617E-17  -2.946244E-17  -1.855595E-13   1.200000E+02  -4.194039E-01
  1.157000000000E+01   8.228440E+00   1.012673E-02   6.521749E+01  -6.013115E-17   2.236400E-17   1.440271E-13   1.200000E+02  -4.148422E-01
  1.157500000000E+01   8.228490E+00   9.870308E-03   6.520789E+01  -5.990468E-17   6.956397E-17   4.595722E-13   1.200000E+02  -4.103133E-01
  1.158000000000E+01   8.228538E+00   9.582692E-03   6.519442E+01  -5.943451E-17   1.182269E-16   8.043394E-13   1.200000E+02  -4.058129E-01
  1.158500000000E+01   8.228586E+00   9.265709E-03   6.517697E+01  -5.874573E-17   1.557442E-16   1.095538E-12   1.200000E+02  -4.013369E-01
  1.159000000000E+01   8.228631E+00   8.927043E-03   6.515600E+01  -5.790143E-17   1.704329E-16   1.243942E-12   1.200000E+02  -3.968813E-01
  1.159500000000E+01   8.228675E+00   8.579011E-03   6.513253E+01  -5.705619E-17   1.625033E-16   1.233738E-12   1.200000E+02  -3.924438E-01
  1.160000000000E+01   8.228717E+00   8.236359E-03   6.510806E+01  -5.629525E-17   1.356644E-16   1.072421E-12   1.200000E+02  -3.880233E-01
  1.160500000000E+01   8.228757E+00   7.913684E-03   6.508429E+01  -5.576380E-17   7.556257E-17   6.214472E-13   1.200000E+02  -3.836205E-01
  1.161000000000E+01   8.228796E+00   7.623085E-03   6.506291E+01  -5.554369E-17   1.250807E-17   1.067562E-13   1.200000E+02  -3.792374E-01
  1.161500000000E+01   8.228834E+00   7.372488E-03   6.504528E+01  -5.564497E-17  -4.773877E-17  -4.211850E-13   1.200000E+02  -3.748773E-01
  1.162000000000E+01   8.228870E+00   7.164786E-03   6.503221E+01  -5.604855E-17  -1.070232E-16  -9.714118E-13   1.200000E+02  -3.705437E-01
  1.162500000000E+01   8.228905E+00   6.997746E-03   6.502384E+01  -5.669909E-17  -1.453652E-16  -1.350749E-12   1.200000E+02  -3.662406E-01
  1.163000000000E+01   8.228940E+00   6.864536E-03   6.501954E+01  -5.749110E-17  -1.628140E-16  -1.542142E-12   1.200000E+02  -3.619711E-01
  1.163500000000E+01   8.228974E+00   6.754759E-03   6.501810E+01  -5.830051E-17  -1.582363E-16  -1.523107E-12   1.200000E+02  -3.577374E-01
  1.164000000000E+01   8.229007E+00   6.655938E-03   6.501787E+01  -5.907310E-17  -1.458953E-16  -1.425163E-12   1.200000E+02  -3.535405E-01
  1.164500000000E+01   8.229041E+00   6.555352E-03   6.501705E+01  -5.972130E-17  -1.117351E-16  -1.108207E-12   1.200000E+02  -3.493801E-01
  1.165000000000E+01   8.229073E+00   6.442022E-03   6.501398E+01  -6.018404E-17  -7.066415E-17  -7.131546E-13   1.200000E+02  -3.452545E-01
  1.165500000000E+01   8.229105E+00   6.308493E-03   6.500745E+01  -6.042963E-17  -2.536298E-17  -2.613592E-13   1.200000E+02  -3.411610E-01
  1.166000000000E+01   8.229136E+00   6.151989E-03   6.499681E+01  -6.048029E-17   7.023575E-18   7.420526E-14   1.200000E+02  -3.370965E-01
  1.166500000000E+01   8.229166E+00   5.974600E-03   6.498211E+01  -6.037727E-17   3.251007E-17   3.535923E-13   1.200000E+02  -3.330579E-01
  1.167000000000E+01   8.229196E+00   5.782453E-03   6.496404E+01  -6.017213E-17   4.799489E-17   5.392074E-13   1.200000E+02  -3.290425E-01
  1.167500000000E+01   8.229224E+00   5.584120E-03   6.494378E+01  -5.989387E-17   6.260622E-17   7.281156E-13   1.200000E+02  -3.250485E-01
  1.168000000000E+01   8.229252E+00   5.388740E-03   6.492277E+01  -5.957032E-17   6.430355E-17   7.747199E-13   1.200000E+02  -3.210752E-01
  1.168500000000E+01   8.229278E+00   5.204351E-03   6.490245E+01  -5.923883E-17   6.577827E-17   8.203080E-13   1.200000E+02  -3.171227E-01
  1.169000000000E+01   8.229304E+00   5.036748E-03   6.488406E+01  -5.889320E-17   6.972435E-17   8.981985E-13   1.200000E+02  -3.131919E-01
  1.169500000000E+01   8.229328E+00   4.888974E-03   6.486843E+01  -5.853949E-17   6.931766E-17   9.197282E-13   1.200000E+02  -3.092843E-01
  1.170000000000E+01   8.229353E+00   4.761373E-03   6.485591E+01  -5.820854E-17   6.348687E-17   8.647714E-13   1.200000E+02  -3.054015E-01
  1.170500000000E+01   8.229376E+00   4.652026E-03   6.484639E+01  -5.790510E-17   6.028199E-17   8.402941E-13   1.200000E+02  -3.015449E-01
  1.171000000000E+01   8.229399E+00   4.557420E-03   6.483937E+01  -5.762628E-17   5.104771E-17   7.262664E-13   1.200000E+02  -2.977158E-01
  1.171500000000E+01   8.229422E+00   4.473202E-03   6.483406E+01  -5.741329E-17   3.151115E-17   4.567190E-13   1.200000E+02  -2.939149E-01
  1.172000000000E+01   8.229444E+00   4.394884E-03   6.482961E+01  -5.732613E-17   1.471328E-18   2.170379E-14   1.200000E+02  -2.901424E-01
  1.172500000000E+01   8.229466E+00   4.318440E-03   6.482518E+01  -5.738934E-17  -2.750594E-17  -4.128986E-13   1.200000E+02  -2.863982E-01
  1.173000000000E+01   8.229487E+00   4.240688E-03   6.482007E+01  -5.760258E-17  -5.777575E-17  -8.831180E-13   1.200000E+02  -2.826818E-01
  1.173500000000E+01   8.229508E+00   4.159469E-03   6.481373E+01  -5.795405E-17  -8.185205E-17  -1.275436E-12   1.200000E+02  -2.789922E-01
  1.174000000000E+01   8.229529E+00   4.073614E-03   6.480586E+01  -5.840820E-17  -9.984005E-17  -1.588324E-12   1.200000E+02  -2.753285E-01
  1.174500000000E+01   8.229549E+00   3.982785E-03   6.479628E+01  -5.893045E-17  -1.069026E-16  -1.739207E-12   1.200000E+02  -2.716896E-01
  1.175000000000E+01   8.229568E+00   3.887256E-03   6.478496E+01  -5.945451E-17  -1.019297E-16  -1.698759E-12   1.200000E+02  -2.680746E-01
  1.175500000000E+01   8.229588E+00   3.787742E-03   6.477197E+01  -5.992921E-17  -8.783843E-17  -1.502074E-12   1.200000E+02  -2.644823E-01
  1.176000000000E+01   8.229606E+00   3.685284E-03   6.475748E+01  -6.030185E-17  -6.161202E-17  -1.082641E-12   1.200000E+02  -2.609119E-01
  1.176500000000E+01   8.229625E+00   3.581223E-03   6.474176E+01  -6.053793E-17  -3.181495E-17  -5.751543E-13   1.200000E+02  -2.573628E-01
  1.177000000000E+01   8.229642E+00   3.477207E-03   6.472516E+01  -6.061551E-17   1.087400E-18   2.024100E-14   1.200000E+02  -2.538344E-01
  1.177500000000E+01   8.229659E+00   3.375176E-03   6.470820E+01  -6.052916E-17   3.345442E-17   6.413815E-13   1.200000E+02  -2.503264E-01
  1.178000000000E+01   8.229676E+00   3.277294E-03   6.469151E+01  -6.030608E-17   5.525143E-17   1.090625E-12   1.200000E+02  -2.468386E-01
  1.178500000000E+01   8.229692E+00   3.185784E-03   6.467582E+01  -5.998584E-17   6.702508E-17   1.360702E-12   1.200000E+02  -2.433712E-01
  1.179000000000E+01   8.229708E+00   3.102692E-03   6.466188E+01  -5.962889E-17   7.015522E-17   1.462075E-12   1.200000E+02  -2.399245E-01
  1.179500000000E+01   8.229723E+00   3.029612E-03   6.465035E+01  -5.929230E-17   5.997024E-17   1.279734E-12   1.200000E+02  -2.364992E-01
  1.180000000000E+01   8.229738E+00   2.967420E-03   6.464173E+01  -5.903447E-17   4.093847E-17   8.917960E-13   1.200000E+02  -2.330961E-01
  1.180500000000E+01   8.229753E+00   2.916058E-03   6.463617E+01  -5.887947E-17   2.026985E-17   4.492934E-13   1.200000E+02  -2.297157E-01
  1.181000000000E+01   8.229767E+00   2.874414E-03   6.463349E+01  -5.883860E-17  -1.487803E-18  -3.345442E-14   1.200000E+02  -2.263589E-01
  1.181500000000E+01   8.229782E+00   2.840329E-03   6.463309E+01  -5.889256E-17  -1.966990E-17  -4.475982E-13   1.200000E+02  -2.230262E-01
  1.182000000000E+01   8.229796E+00   2.810741E-03   6.463401E+01  -5.901842E-17  -2.948222E-17  -6.779544E-13   1.200000E+02  -2.197178E-01
  1.182500000000E+01   8.229810E+00   2.781991E-03   6.463503E+01  -5.918904E-17  -3.771796E-17  -8.763155E-13   1.200000E+02  -2.164336E-01
  1.183000000000E+01   8.229824E+00   2.750267E-03   6.463483E+01  -5.936777E-17  -3.416807E-17  -8.029937E-13   1.200000E+02  -2.131731E-01
  1.183500000000E+01   8.229837E+00   2.712150E-03   6.463217E+01  -5.951672E-17  -2.555043E-17  -6.088821E-13   1.200000E+02  -2.099354E-01
  1.184000000000E+01   8.229851E+00   2.665153E-03   6.462605E+01  -5.961068E-17  -1.083196E-17  -2.626592E-13   1.200000E+02  -2.067192E-01
  1.184500000000E+01   8.229864E+00   2.608151E-03   6.461589E+01  -5.964047E-17  -4.579804E-19  -1.134628E-14   1.200000E+02  -2.035232E-01
  1.185000000000E+01   8.229877E+00   2.541593E-03   6.460161E+01  -5.961572E-17   9.323975E-18   2.369946E-13   1.200000E+02  -2.003460E-01
  1.185500000000E+01   8.229889E+00   2.467417E-03   6.458365E+01  -5.955213E-17   1.340400E-17   3.508443E-13   1.200000E+02  -1.971862E-01
  1.186000000000E+01   8.229901E+00   2.388721E-03   6.456296E+01  -5.949208E-17   1.093677E-17   2.956020E-13   1.200000E+02  -1.940429E-01
  1.186500000000E+01   8.229913E+00   2.309239E-03   6.454084E+01  -5.945251E-17   5.534314E-18   1.546784E-13   1.200000E+02  -1.909154E-01
  1.187000000000E+01   8.229924E+00   2.232792E-03   6.451884E+01  -5.944614E-17  -2.940098E-18  -8.495717E-14   1.200000E+02  -1.878037E-01
  1.187500000000E+01   8.229935E+00   2.162789E-03   6.449853E+01  -5.948415E-17  -1.134098E-17  -3.382098E-13   1.200000E+02  -1.847079E-01
  1.188000000000E+01   8.229946E+00   2.101879E-03   6.448131E+01  -5.955288E-17  -1.602737E-17  -4.916868E-13   1.200000E+02  -1.816286E-01
  1.188500000000E+01   8.229956E+00   2.051745E-03   6.446829E+01  -5.963737E-17  -1.719145E-17  -5.401758E-13   1.200000E+02  -1.785666E-01
  1.189000000000E+01   8.229967E+00   2.013037E-03   6.446010E+01  -5.972203E-17  -1.509427E-17  -4.833383E-13   1.200000E+02  -1.755228E-01
  1.189500000000E+01   8.229977E+00   1.985384E-03   6.445685E+01  -5.977786E-17  -7.817038E-18  -2.537855E-13   1.200000E+02  -1.724981E-01
  1.190000000000E+01   8.229987E+00   1.967467E-03   6.445811E+01  -5.979683E-17   1.019696E-18   3.340724E-14   1.200000E+02  -1.694934E-01
  1.190500000000E+01   8.229996E+00   1.957131E-03   6.446294E+01  -5.976881E-17   1.057402E-17   3.482813E-13   1.200000E+02  -1.665093E-01
  1.191000000000E+01   8.230006E+00   1.951545E-03   6.447003E+01  -5.969669E-17   1.854554E-17   6.126591E-13   1.200000E+02  -1.635462E-01
  1.191500000000E+01   8.230016E+00   1.947422E-03   6.447775E+01  -5.958741E-17   2.446501E-17   8.100188E-13   1.200000E+02  -1.606041E-01
  1.192000000000E+01   8.230026E+00   1.941324E-03   6.448443E+01  -5.946035E-17   2.684493E-17   8.917005E-13   1.200000E+02  -1.576827E-01
  1.192500000000E+01   8.230035E+00   1.930031E-03   6.448845E+01  -5.933436E-17   2.305816E-17   7.704463E-13   1.200000E+02  -1.547813E-01
  1.193000000000E+01   8.230045E+00   1.910948E-03   6.448846E+01  -5.923941E-17   1.453416E-17   4.904822E-13   1.200000E+02  -1.518989E-01
  1.193500000000E+01   8.230054E+00   1.882482E-03   6.448355E+01  -5.919553E-17   2.939786E-18   1.007011E-13   1.200000E+02  -1.490344E-01
  1.194000000000E+01   8.230064E+00   1.844292E-03   6.447332E+01  -5.921431E-17  -1.123209E-17  -3.926549E-13   1.200000E+02  -1.461864E-01
  1.194500000000E+01   8.230073E+00   1.797362E-03   6.445797E+01  -5.929811E-17  -2.156990E-17  -7.735515E-13   1.200000E+02  -1.433536E-01
  1.195000000000E+01   8.230082E+00   1.743843E-03   6.443830E+01  -5.942764E-17  -3.011430E-17  -1.112780E-12   1.200000E+02  -1.405349E-01
  1.195500000000E+01   8.230090E+00   1.686729E-03   6.441563E+01  -5.958623E-17  -3.243487E-17  -1.238677E-12   1.200000E+02  -1.377297E-01
  1.196000000000E+01   8.230098E+00   1.629409E-03   6.439170E+01  -5.974652E-17  -3.048112E-17  -1.204566E-12   1.200000E+02  -1.349374E-01
  1.196500000000E+01   8.230106E+00   1.575218E-03   6.436844E+01  -5.988769E-17  -2.478454E-17  -1.012775E-12   1.200000E+02  -1.321581E-01
  1.197000000000E+01   8.230114E+00   1.527058E-03   6.434780E+01  -5.999188E-17  -1.662836E-17  -7.006931E-13   1.200000E+02  -1.293920E-01
  1.197500000000E+01   8.230122E+00   1.487121E-03   6.433149E+01  -6.004514E-17  -6.584395E-18  -2.848348E-13   1.200000E+02  -1.266396E-01
  1.198000000000E+01   8.230129E+00   1.456746E-03   6.432076E+01  -6.005445E-17   2.880539E-18   1.271865E-13   1.200000E+02  -1.239019E-01
  1.198500000000E+01   8.230136E+00   1.436344E-03   6.431624E+01  -6.001723E-17   1.146115E-17   5.132045E-13   1.200000E+02  -1.211795E-01
  1.199000000000E+01   8.230144E+00   1.425395E-03   6.431787E+01  -5.994379E-17   1.592541E-17   7.185994E-13   1.200000E+02  -1.184733E-01
  1.199500000000E+01   8.230151E+00   1.422484E-03   6.432482E+01  -5.985392E-17   1.885389E-17   8.525747E-13   1.200000E+02  -1.157842E-01
  1.200000000000E+01   8.230158E+00   1.425377E-03   6.433563E+01  -5.976165E-17   1.639762E-17   7.401208E-13   1.200000E+02  -1.131125E-01
  1.200500000000E+01   8.230165E+00   1.431188E-03   6.434834E+01  -5.969078E-17   1.196626E-17   5.380210E-13   1.200000E+02  -1.104587E-01
  1.201000000000E+01   8.230172E+00   1.436633E-03   6.436072E+01  -5.964707E-17   5.007441E-18   2.243318E-13   1.200000E+02  -1.078225E-01
  1.201500000000E+01   8.230179E+00   1.438424E-03   6.437060E+01  -5.963703E-17  -1.352255E-18  -6.051449E-14   1.200000E+02  -1.052036E-01
  1.202000000000E+01   8.230186E+00   1.433727E-03   6.437609E+01  -5.966203E-17  -8.132391E-18  -3.651543E-13   1.200000E+02  -1.026012E-01
  1.202500000000E+01   8.230194E+00   1.420637E-03   6.437586E+01  -5.971486E-17  -1.264293E-17  -5.729116E-13   1.200000E+02  -1.000143E-01
  1.203000000000E+01   8.230201E+00   1.398510E-03   6.436932E+01  -5.978540E-17  -1.471832E-17  -6.774413E-13   1.200000E+02  -9.744171E-02
  1.203500000000E+01   8.230208E+00   1.368076E-03   6.435669E+01  -5.985830E-17  -1.282154E-17  -6.031475E-13   1.200000E+02  -9.488231E-02
  1.204000000000E+01   8.230214E+00   1.331265E-03   6.433895E+01  -5.991381E-17  -8.255614E-18  -3.989870E-13   1.200000E+02  -9.233511E-02
  1.204500000000E+01   8.230221E+00   1.290816E-03   6.431774E+01  -5.994138E-17  -2.756500E-18  -1.373486E-13   1.200000E+02  -8.979941E-02
  1.205000000000E+01   8.230227E+00   1.249768E-03   6.429508E+01  -5.994024E-17   2.906253E-18   1.495140E-13   1.200000E+02  -8.727481E-02
  1.205500000000E+01   8.230233E+00   1.210975E-03   6.427315E+01  -5.991356E-17   7.607573E-18   4.037761E-13   1.200000E+02  -8.476126E-02
  1.206000000000E+01   8.230239E+00   1.176740E-03   6.425391E+01  -5.986891E-17   1.026747E-17   5.606380E-13   1.200000E+02  -8.225896E-02
  1.206500000000E+01   8.230245E+00   1.148611E-03   6.423894E+01  -5.981506E-17   1.083133E-17   6.057692E-13   1.200000E+02  -7.976835E-02
  1.207000000000E+01   8.230251E+00   1.127314E-03   6.422920E+01  -5.976584E-17   8.867680E-18   5.052397E-13   1.200000E+02  -7.728998E-02
  1.207500000000E+01   8.230256E+00   1.112795E-03   6.422493E+01  -5.973216E-17   4.574646E-18   2.640256E-13   1.200000E+02  -7.482443E-02
  1.208000000000E+01   8.230262E+00   1.104324E-03   6.422572E+01  -5.971907E-17   4.439343E-19   2.581852E-14   1.200000E+02  -7.237226E-02
  1.208500000000E+01   8.230267E+00   1.100644E-03   6.423060E+01  -5.972871E-17  -4.327955E-18  -2.525679E-13   1.200000E+02  -6.993388E-02
  1.209000000000E+01   8.230273E+00   1.100141E-03   6.423820E+01  -5.976038E-17  -7.507946E-18  -4.383955E-13   1.200000E+02  -6.750958E-02
  1.209500000000E+01   8.230278E+00   1.101042E-03   6.424698E+01  -5.980467E-17  -9.699658E-18  -5.659856E-13   1.200000E+02  -6.509943E-02
  1.210000000000E+01   8.230284E+00   1.101608E-03   6.425542E+01  -5.985646E-17  -1.033997E-17  -6.031171E-13   1.200000E+02  -6.270334E-02
  1.210500000000E+01   8.230289E+00   1.100332E-03   6.426220E+01  -5.990647E-17  -9.284498E-18  -5.422386E-13   1.200000E+02  -6.032102E-02
  1.211000000000E+01   8.230295E+00   1.096073E-03   6.426633E+01  -5.995019E-17  -7.377263E-18  -4.325532E-13   1.200000E+02  -5.795206E-02
  1.211500000000E+01   8.230300E+00   1.088147E-03   6.426718E+01  -5.997585E-17  -3.383373E-18  -1.998258E-13   1.200000E+02  -5.559595E-02
  1.212000000000E+01   8.230306E+00   1.076334E-03   6.426447E+01  -5.998651E-17  -7.641919E-19  -4.562744E-14   1.200000E+02  -5.325211E-02
  1.212500000000E+01   8.230311E+00   1.060830E-03   6.425828E+01  -5.998264E-17   1.707879E-18   1.034523E-13   1.200000E+02  -5.092000E-02
  1.213000000000E+01   8.230316E+00   1.042154E-03   6.424892E+01  -5.997001E-17   2.822573E-18   1.740120E-13   1.200000E+02  -4.859912E-02
  1.213500000000E+01   8.230322E+00   1.021050E-03   6.423694E+01  -5.995853E-17   2.309552E-18   1.453000E-13   1.200000E+02  -4.628901E-02
  1.214000000000E+01   8.230327E+00   9.984041E-04   6.422303E+01  -5.994640E-17   1.922819E-18   1.236867E-13   1.200000E+02  -4.398933E-02
  1.214500000000E+01   8.230332E+00   9.751707E-04   6.420802E+01  -5.994140E-17   4.341970E-19   2.858877E-14   1.200000E+02  -4.169986E-02
  1.215000000000E+01   8.230336E+00   9.523260E-04   6.419282E+01  -5.994290E-17  -8.617916E-19  -5.809023E-14   1.200000E+02  -3.942044E-02
  1.215500000000E+01   8.230341E+00   9.308244E-04   6.417842E+01  -5.994727E-17  -2.080868E-18  -1.434715E-13   1.200000E+02  -3.715107E-02
  1.216000000000E+01   8.230346E+00   9.115530E-04   6.416583E+01  -5.995735E-17  -1.828483E-18  -1.287102E-13   1.200000E+02  -3.489180E-02
  1.216500000000E+01   8.230350E+00   8.952774E-04   6.415599E+01  -5.996657E-17  -1.827453E-18  -1.309561E-13   1.200000E+02  -3.264281E-02
  1.217000000000E+01   8.230355E+00   8.825755E-04   6.414970E+01  -5.997227E-17  -1.229863E-18  -8.939217E-14   1.200000E+02  -3.040434E-02
  1.217500000000E+01   8.230359E+00   8.737666E-04   6.414745E+01  -5.998030E-17  -2.353291E-18  -1.727665E-13   1.200000E+02  -2.817667E-02
  1.218000000000E+01   8.230363E+00   8.688406E-04   6.414937E+01  -5.999288E-17  -2.965342E-18  -2.189410E-13   1.200000E+02  -2.596012E-02
  1.218500000000E+01   8.230368E+00   8.674009E-04   6.415509E+01  -6.001073E-17  -3.973978E-18  -2.939251E-13   1.200000E+02  -2.375496E-02
  1.219000000000E+01   8.230372E+00   8.686371E-04   6.416373E+01  -6.002585E-17  -3.535057E-18  -2.611246E-13   1.200000E+02  -2.156141E-02
  1.219500000000E+01   8.230376E+00   8.713459E-04   6.417396E+01  -6.004475E-17  -4.006343E-18  -2.950641E-13   1.200000E+02  -1.937959E-02
  1.220000000000E+01   8.230381E+00   8.740220E-04   6.418410E+01  -6.006684E-17  -4.705490E-18  -3.455492E-13   1.200000E+02  -1.720945E-02
  1.220500000000E+01   8.230385E+00   8.750310E-04   6.419236E+01  -6.009188E-17  -4.879760E-18  -3.579797E-13   1.200000E+02  -1.505079E-02
  1.221000000000E+01   8.230390E+00   8.728543E-04   6.419709E+01  -6.011416E-17  -3.494767E-18  -2.570348E-13   1.200000E+02  -1.290322E-02
  1.221500000000E+01   8.230394E+00   8.663658E-04   6.419702E+01  -6.012821E-17  -1.861643E-18  -1.379463E-13   1.200000E+02  -1.076623E-02
  1.222000000000E+01   8.230398E+00   8.550727E-04   6.419147E+01  -6.013218E-17   1.350249E-19   1.013650E-14   1.200000E+02  -8.639196E-03
  1.222500000000E+01   8.230402E+00   8.392465E-04   6.418056E+01  -6.012373E-17   3.005759E-18   2.298625E-13   1.200000E+02  -6.521511E-03
  1.223000000000E+01   8.230407E+00   8.198959E-04   6.416516E+01  -6.010074E-17   6.538846E-18   5.117309E-13   1.200000E+02  -4.412629E-03
  1.223500000000E+01   8.230411E+00   7.985855E-04   6.414684E+01  -6.006300E-17   9.245229E-18   7.426283E-13   1.200000E+02  -2.312153E-03
  1.224000000000E+01   8.230415E+00   7.771522E-04   6.412766E+01  -6.001508E-17   1.020052E-17   8.417083E-13   1.200000E+02  -2.198765E-04
  1.224500000000E+01   8.230418E+00   7.574002E-04   6.410986E+01  -5.996132E-17   1.027973E-17   8.701237E-13   1.200000E+02   1.864206E-03
  1.225000000000E+01   8.230422E+00   7.408427E-04   6.409552E+01  -5.990886E-17   9.661541E-18   8.358879E-13   1.200000E+02   3.939918E-03
  1.225500000000E+01   8.230426E+00   7.285289E-04   6.408628E+01  -5.986791E-17   6.644377E-18   5.844839E-13   1.200000E+02   6.006940E-03
  1.226000000000E+01   8.230429E+00   7.209565E-04   6.408307E+01  -5.984705E-17   1.718083E-18   1.527138E-13   1.200000E+02   8.064874E-03
  1.226500000000E+01   8.230433E+00   7.180552E-04   6.408600E+01  -5.984768E-17  -2.318827E-18  -2.069539E-13   1.200000E+02   1.011330E-02
  1.227000000000E+01   8.230437E+00   7.192200E-04   6.409431E+01  -5.987314E-17  -6.897736E-18  -6.147015E-13   1.200000E+02   1.215182E-02
  1.227500000000E+01   8.230440E+00   7.233884E-04   6.410658E+01  -5.991740E-17  -1.055117E-17  -9.350428E-13   1.200000E+02   1.418016E-02
  1.228000000000E+01   8.230444E+00   7.291613E-04   6.412091E+01  -5.997565E-17  -1.249747E-17  -1.099002E-12   1.200000E+02   1.619815E-02
  1.228500000000E+01   8.230448E+00   7.349719E-04   6.413518E+01  -6.003746E-17  -1.217775E-17  -1.062656E-12   1.200000E+02   1.820580E-02
  1.229000000000E+01   8.230451E+00   7.392932E-04   6.414743E+01  -6.009698E-17  -1.044796E-17  -9.065546E-13   1.200000E+02   2.020328E-02
  1.229500000000E+01   8.230455E+00   7.408550E-04   6.415605E+01  -6.014113E-17  -7.165269E-18  -6.204930E-13   1.200000E+02   2.219093E-02
  1.230000000000E+01   8.230459E+00   7.388269E-04   6.415998E+01  -6.016661E-17  -3.384432E-18  -2.939053E-13   1.200000E+02   2.416917E-02
  1.230500000000E+01   8.230462E+00   7.329216E-04   6.415880E+01  -6.017271E-17   8.767767E-19   7.675165E-14   1.200000E+02   2.613851E-02
  1.231000000000E+01   8.230466E+00   7.233963E-04   6.415275E+01  -6.016382E-17   2.477959E-18   2.197521E-13   1.200000E+02   2.809945E-02
  1.231500000000E+01   8.230470E+00   7.109568E-04   6.414257E+01  -6.014919E-17   3.081935E-18   2.780524E-13   1.200000E+02   3.005241E-02
  1.232000000000E+01   8.230473E+00   6.966003E-04   6.412944E+01  -6.013606E-17   2.073585E-18   1.908955E-13   1.200000E+02   3.199774E-02
  1.232500000000E+01   8.230477E+00   6.814438E-04   6.411474E+01  -6.013249E-17  -4.524327E-19  -4.256786E-14   1.200000E+02   3.393566E-02
  1.233000000000E+01   8.230480E+00   6.665770E-04   6.409997E+01  -6.014304E-17  -3.273818E-18  -3.148198E-13   1.200000E+02   3.586629E-02
  1.233500000000E+01   8.230483E+00   6.529605E-04   6.408653E+01  -6.016722E-17  -6.330039E-18  -6.212784E-13   1.200000E+02   3.778959E-02
  1.234000000000E+01   8.230486E+00   6.413721E-04   6.407570E+01  -6.020287E-17  -7.420575E-18  -7.413459E-13   1.200000E+02   3.970547E-02
  1.234500000000E+01   8.230490E+00   6.323881E-04   6.406848E+01  -6.024004E-17  -7.480242E-18  -7.578380E-13   1.200000E+02   4.161375E-02
  1.235000000000E+01   8.230493E+00   6.263825E-04   6.406562E+01  -6.027489E-17  -6.086818E-18  -6.225522E-13   1.200000E+02   4.351420E-02
  1.235500000000E+01   8.230496E+00   6.235270E-04   6.406751E+01  -6.029956E-17  -4.067486E-18  -4.179349E-13   1.200000E+02   4.540654E-02
  1.236000000000E+01   8.230499E+00   6.237844E-04   6.407415E+01  -6.031098E-17  -5.331903E-19  -5.476848E-14   1.200000E+02   4.729053E-02
  1.236500000000E+01   8.230502E+00   6.268899E-04   6.408514E+01  -6.030519E-17   3.035821E-18   3.103432E-13   1.200000E+02   4.916589E-02
  1.237000000000E+01   8.230505E+00   6.323296E-04   6.409962E+01  -6.028435E-17   5.727604E-18   5.806105E-13   1.200000E+02   5.103244E-02
  1.237500000000E+01   8.230508E+00   6.393282E-04   6.411635E+01  -6.024868E-17   8.290149E-18   8.313947E-13   1.200000E+02   5.289002E-02
  1.238000000000E+01   8.230512E+00   6.468658E-04   6.413373E+01  -6.020234E-17   9.924324E-18   9.839505E-13   1.200000E+02   5.473860E-02
  1.238500000000E+01   8.230515E+00   6.537453E-04   6.414998E+01  -6.015280E-17   9.321948E-18   9.147336E-13   1.200000E+02   5.657825E-02
  1.239000000000E+01   8.230518E+00   6.587209E-04   6.416333E+01  -6.011128E-17   7.203243E-18   7.016388E-13   1.200000E+02   5.840919E-02
  1.239500000000E+01   8.230521E+00   6.606812E-04   6.417223E+01  -6.008448E-17   3.429542E-18   3.331128E-13   1.200000E+02   6.023177E-02
  1.240000000000E+01   8.230525E+00   6.588544E-04   6.417559E+01  -6.007575E-17  -5.922845E-20  -5.769136E-15   1.200000E+02   6.204641E-02
  1.240500000000E+01   8.230528E+00   6.529808E-04   6.417298E+01  -6.008487E-17  -3.192657E-18  -3.137647E-13   1.200000E+02   6.385363E-02
  1.241000000000E+01   8.230531E+00   6.433980E-04   6.416476E+01  -6.010624E-17  -5.235222E-18  -5.220979E-13   1.200000E+02   6.565390E-02
  1.241500000000E+01   8.230534E+00   6.310031E-04   6.415203E+01  -6.013657E-17  -6.446533E-18  -6.553980E-13   1.200000E+02   6.744766E-02
  1.242000000000E+01   8.230538E+00   6.171003E-04   6.413657E+01  -6.016507E-17  -5.410254E-18  -5.622994E-13   1.200000E+02   6.923519E-02
  1.242500000000E+01   8.230541E+00   6.031785E-04   6.412057E+01  -6.018397E-17  -2.085565E-18  -2.217049E-13   1.200000E+02   7.101664E-02
  1.243000000000E+01   8.230544E+00   5.906799E-04   6.410636E+01  -6.018727E-17   7.334403E-19   7.960012E-14   1.200000E+02   7.279198E-02
  1.243500000000E+01   8.230547E+00   5.808127E-04   6.409605E+01  -6.017597E-17   3.786960E-18   4.179130E-13   1.200000E+02   7.456106E-02
  1.244000000000E+01   8.230549E+00   5.744314E-04   6.409129E+01  -6.014982E-17   6.442439E-18   7.188052E-13   1.200000E+02   7.632358E-02
  1.244500000000E+01   8.230552E+00   5.719842E-04   6.409301E+01  -6.011477E-17   7.660065E-18   8.583395E-13   1.200000E+02   7.807922E-02
  1.245000000000E+01   8.230555E+00   5.735127E-04   6.410137E+01  -6.007512E-17   7.950665E-18   8.886440E-13   1.200000E+02   7.982758E-02
  1.245500000000E+01   8.230558E+00   5.786849E-04   6.411576E+01  -6.004094E-17   5.743095E-18   6.363099E-13   1.200000E+02   8.156831E-02
  1.246000000000E+01   8.230561E+00   5.868541E-04   6.413497E+01  -6.002048E-17   2.331945E-18   2.548491E-13   1.200000E+02   8.330112E-02
  1.246500000000E+01   8.230564E+00   5.971367E-04   6.415736E+01  -6.001862E-17  -1.981059E-18  -2.128483E-13   1.200000E+02   8.502577E-02
  1.247000000000E+01   8.230567E+00   6.085077E-04   6.418116E+01  -6.004181E-17  -7.734666E-18  -8.157988E-13   1.200000E+02   8.674217E-02
  1.247500000000E+01   8.230570E+00   6.199061E-04   6.420464E+01  -6.009039E-17  -1.225976E-17  -1.269762E-12   1.200000E+02   8.845032E-02
  1.248000000000E+01   8.230573E+00   6.303361E-04   6.422629E+01  -6.015953E-17  -1.552816E-17  -1.582198E-12   1.200000E+02   9.015031E-02
  1.248500000000E+01   8.230576E+00   6.389483E-04   6.424493E+01  -6.024377E-17  -1.815085E-17  -1.825031E-12   1.200000E+02   9.184238E-02
  1.249000000000E+01   8.230580E+00   6.450914E-04   6.425970E+01  -6.033459E-17  -1.793567E-17  -1.786632E-12   1.200000E+02   9.352681E-02
  1.249500000000E+01   8.230583E+00   6.483320E-04   6.427007E+01  -6.042086E-17  -1.602056E-17  -1.588141E-12   1.200000E+02   9.520395E-02
  1.250000000000E+01   8.230586E+00   6.484548E-04   6.427579E+01  -6.048983E-17  -1.157972E-17  -1.147799E-12   1.200000E+02   9.687418E-02
  1.250500000000E+01   8.230589E+00   6.454577E-04   6.427686E+01  -6.053344E-17  -6.374440E-18  -6.347883E-13   1.200000E+02   9.853791E-02
  1.251000000000E+01   8.230592E+00   6.395545E-04   6.427354E+01  -6.055121E-17  -6.259992E-19  -6.291127E-14   1.200000E+02   1.001955E-01
  1.251500000000E+01   8.230596E+00   6.311839E-04   6.426637E+01  -6.054190E-17   4.366824E-18   4.446246E-13   1.200000E+02   1.018473E-01
  1.252000000000E+01   8.230599E+00   6.210161E-04   6.425624E+01  -6.050972E-17   8.036920E-18   8.315762E-13   1.200000E+02   1.034936E-01
  1.252500000000E+01   8.230602E+00   6.099395E-04   6.424440E+01  -6.046115E-17   1.072369E-17   1.129517E-12   1.200000E+02   1.051346E-01
  1.253000000000E+01   8.230605E+00   5.990147E-04   6.423247E+01  -6.040593E-17   1.135044E-17   1.217110E-12   1.200000E+02   1.067703E-01
  1.253500000000E+01   8.230608E+00   5.893942E-04   6.422234E+01  -6.034866E-17   1.124802E-17   1.225621E-12   1.200000E+02   1.084008E-01
  1.254000000000E+01   8.230611E+00   5.822153E-04   6.421596E+01  -6.029448E-17   1.027884E-17   1.133714E-12   1.200000E+02   1.100259E-01
  1.254500000000E+01   8.230614E+00   5.784836E-04   6.421516E+01  -6.024801E-17   8.168029E-18   9.067003E-13   1.200000E+02   1.116453E-01
  1.255000000000E+01   8.230617E+00   5.789577E-04   6.422129E+01  -6.021203E-17   6.268059E-18   6.952889E-13   1.200000E+02   1.132586E-01
  1.255500000000E+01   8.230619E+00   5.840439E-04   6.423502E+01  -6.018432E-17   4.712661E-18   5.183136E-13   1.200000E+02   1.148654E-01
  1.256000000000E+01   8.230622E+00   5.937016E-04   6.425607E+01  -6.016874E-17   1.837740E-18   1.988978E-13   1.200000E+02   1.164653E-01
  1.256500000000E+01   8.230625E+00   6.073668E-04   6.428319E+01  -6.016591E-17  -3.843989E-20  -4.068445E-15   1.200000E+02   1.180578E-01
  1.257000000000E+01   8.230628E+00   6.239122E-04   6.431425E+01  -6.017069E-17  -2.143355E-18  -2.209418E-13   1.200000E+02   1.196426E-01
  1.257500000000E+01   8.230632E+00   6.416818E-04   6.434644E+01  -6.018727E-17  -4.603910E-18  -4.616700E-13   1.200000E+02   1.212194E-01
  1.258000000000E+01   8.230635E+00   6.586392E-04   6.437668E+01  -6.021462E-17  -6.479612E-18  -6.333299E-13   1.200000E+02   1.227885E-01
  1.258500000000E+01   8.230638E+00   6.726503E-04   6.440206E+01  -6.025306E-17  -9.057434E-18  -8.671928E-13   1.200000E+02   1.243499E-01
  1.259000000000E+01   8.230642E+00   6.818688E-04   6.442029E+01  -6.030375E-17  -1.129502E-17  -1.067109E-12   1.200000E+02   1.259042E-01
  1.259500000000E+01   8.230645E+00   6.851302E-04   6.443000E+01  -6.036149E-17  -1.198552E-17  -1.127125E-12   1.200000E+02   1.274521E-01
  1.260000000000E+01   8.230648E+00   6.822272E-04   6.443103E+01  -6.042327E-17  -1.208840E-17  -1.141655E-12   1.200000E+02   1.289941E-01
  1.260500000000E+01   8.230652E+00   6.739614E-04   6.442443E+01  -6.048208E-17  -1.121707E-17  -1.072247E-12   1.200000E+02   1.305310E-01
  1.261000000000E+01   8.230655E+00   6.619544E-04   6.441225E+01  -6.052668E-17  -6.919672E-18  -6.733269E-13   1.200000E+02   1.320634E-01
  1.261500000000E+01   8.230658E+00   6.482896E-04   6.439729E+01  -6.055115E-17  -2.224793E-18  -2.209979E-13   1.200000E+02   1.335916E-01
  1.262000000000E+01   8.230662E+00   6.351118E-04   6.438263E+01  -6.054970E-17   3.268332E-18   3.313178E-13   1.200000E+02   1.351156E-01
  1.262500000000E+01   8.230665E+00   6.242950E-04   6.437118E+01  -6.052104E-17   8.614351E-18   8.882275E-13   1.200000E+02   1.366354E-01
  1.263000000000E+01   8.230668E+00   6.172343E-04   6.436529E+01  -6.046533E-17   1.308309E-17   1.364307E-12   1.200000E+02   1.381506E-01
  1.263500000000E+01   8.230671E+00   6.147588E-04   6.436644E+01  -6.039121E-17   1.626558E-17   1.703037E-12   1.200000E+02   1.396608E-01
  1.264000000000E+01   8.230674E+00   6.171307E-04   6.437512E+01  -6.030807E-17   1.749169E-17   1.824621E-12   1.200000E+02   1.411656E-01
  1.264500000000E+01   8.230677E+00   6.240925E-04   6.439086E+01  -6.022448E-17   1.529776E-17   1.578349E-12   1.200000E+02   1.426644E-01
  1.265000000000E+01   8.230680E+00   6.349407E-04   6.441235E+01  -6.015842E-17   1.091989E-17   1.107781E-12   1.200000E+02   1.441569E-01
  1.265500000000E+01   8.230684E+00   6.486192E-04   6.443774E+01  -6.011767E-17   4.590821E-18   4.560798E-13   1.200000E+02   1.456427E-01
  1.266000000000E+01   8.230687E+00   6.638356E-04   6.446491E+01  -6.011377E-17  -3.283764E-18  -3.188855E-13   1.200000E+02   1.471216E-01
  1.266500000000E+01   8.230690E+00   6.791993E-04   6.449175E+01  -6.015204E-17  -1.175973E-17  -1.116617E-12   1.200000E+02   1.485935E-01
  1.267000000000E+01   8.230694E+00   6.933705E-04   6.451643E+01  -6.022844E-17  -1.907786E-17  -1.775148E-12   1.200000E+02   1.500587E-01
  1.267500000000E+01   8.230697E+00   7.051976E-04   6.453751E+01  -6.033578E-17  -2.301822E-17  -2.106556E-12   1.200000E+02   1.515172E-01
  1.268000000000E+01   8.230701E+00   7.138191E-04   6.455399E+01  -6.045548E-17  -2.428259E-17  -2.195987E-12   1.200000E+02   1.529695E-01
  1.268500000000E+01   8.230704E+00   7.187147E-04   6.456534E+01  -6.057240E-17  -2.237845E-17  -2.010356E-12   1.200000E+02   1.544160E-01
  1.269000000000E+01   8.230708E+00   7.197050E-04   6.457144E+01  -6.067066E-17  -1.699958E-17  -1.525190E-12   1.200000E+02   1.558571E-01
  1.269500000000E+01   8.230711E+00   7.169141E-04   6.457248E+01  -6.073810E-17  -9.624474E-18  -8.668767E-13   1.200000E+02   1.572932E-01
  1.270000000000E+01   8.230715E+00   7.107147E-04   6.456889E+01  -6.076430E-17  -1.237403E-18  -1.124188E-13   1.200000E+02   1.587249E-01
  1.270500000000E+01   8.230719E+00   7.016731E-04   6.456133E+01  -6.075221E-17   6.057744E-18   5.573764E-13   1.200000E+02   1.601524E-01
  1.271000000000E+01   8.230722E+00   6.905029E-04   6.455064E+01  -6.071025E-17   1.095221E-17   1.023851E-12   1.200000E+02   1.615761E-01
  1.271500000000E+01   8.230725E+00   6.780264E-04   6.453785E+01  -6.064676E-17   1.379968E-17   1.313520E-12   1.200000E+02   1.629962E-01
  1.272000000000E+01   8.230729E+00   6.651361E-04   6.452412E+01  -6.057598E-17   1.399601E-17   1.357737E-12   1.200000E+02   1.644128E-01
  1.272500000000E+01   8.230732E+00   6.527521E-04   6.451076E+01  -6.051108E-17   1.185062E-17   1.171184E-12   1.200000E+02   1.658260E-01
  1.273000000000E+01   8.230735E+00   6.417712E-04   6.449915E+01  -6.046226E-17   7.380253E-18   7.417286E-13   1.200000E+02   1.672356E-01
  1.273500000000E+01   8.230739E+00   6.330110E-04   6.449061E+01  -6.043628E-17   3.039686E-18   3.096807E-13   1.200000E+02   1.686415E-01
  1.274000000000E+01   8.230742E+00   6.271535E-04   6.448634E+01  -6.043095E-17  -9.312055E-19  -9.575015E-14   1.200000E+02   1.700434E-01
  1.274500000000E+01   8.230745E+00   6.246927E-04   6.448720E+01  -6.044215E-17  -3.250891E-18  -3.355904E-13   1.200000E+02   1.714411E-01
  1.275000000000E+01   8.230748E+00   6.258902E-04   6.449366E+01  -6.046154E-17  -3.850774E-18  -3.967956E-13   1.200000E+02   1.728341E-01
  1.275500000000E+01   8.230751E+00   6.307383E-04   6.450567E+01  -6.047896E-17  -2.770480E-18  -2.833372E-13   1.200000E+02   1.742222E-01
  1.276000000000E+01   8.230754E+00   6.389354E-04   6.452265E+01  -6.049096E-17  -1.578954E-18  -1.594501E-13   1.200000E+02   1.756049E-01
  1.276500000000E+01   8.230757E+00   6.498765E-04   6.454351E+01  -6.049171E-17   1.238573E-18   1.230109E-13   1.200000E+02   1.769819E-01
  1.277000000000E+01   8.230761E+00   6.626694E-04   6.456677E+01  -6.048219E-17   2.490879E-18   2.426973E-13   1.200000E+02   1.783531E-01
  1.277500000000E+01   8.230764E+00   6.761856E-04   6.459068E+01  -6.046688E-17   3.113603E-18   2.974180E-13   1.200000E+02   1.797182E-01
  1.278000000000E+01   8.230767E+00   6.891557E-04   6.461343E+01  -6.045376E-17   1.772149E-18   1.661521E-13   1.200000E+02   1.810775E-01
  1.278500000000E+01   8.230771E+00   7.003058E-04   6.463332E+01  -6.045031E-17  -4.544004E-19  -4.193798E-14   1.200000E+02   1.824309E-01
  1.279000000000E+01   8.230774E+00   7.085208E-04   6.464899E+01  -6.046361E-17  -4.736035E-18  -4.321396E-13   1.200000E+02   1.837788E-01
  1.279500000000E+01   8.230778E+00   7.130042E-04   6.465950E+01  -6.049943E-17  -9.685829E-18  -8.783690E-13   1.200000E+02   1.851217E-01
  1.280000000000E+01   8.230782E+00   7.133993E-04   6.466447E+01  -6.055726E-17  -1.322460E-17  -1.198714E-12   1.200000E+02   1.864599E-01
  1.280500000000E+01   8.230785E+00   7.098405E-04   6.466409E+01  -6.062704E-17  -1.444318E-17  -1.315725E-12   1.200000E+02   1.877939E-01
  1.281000000000E+01   8.230789E+00   7.029217E-04   6.465910E+01  -6.069728E-17  -1.347720E-17  -1.239717E-12   1.200000E+02   1.891242E-01
  1.281500000000E+01   8.230792E+00   6.935903E-04   6.465067E+01  -6.075848E-17  -1.084439E-17  -1.010823E-12   1.200000E+02   1.904511E-01
  1.282000000000E+01   8.230796E+00   6.829932E-04   6.464028E+01  -6.080306E-17  -6.815581E-18  -6.450445E-13   1.200000E+02   1.917748E-01
  1.282500000000E+01   8.230799E+00   6.723095E-04   6.462952E+01  -6.082281E-17  -1.311113E-18  -1.260381E-13   1.200000E+02   1.930954E-01
  1.283000000000E+01   8.230802E+00   6.626015E-04   6.461992E+01  -6.081693E-17   3.641941E-18   3.551787E-13   1.200000E+02   1.944129E-01
  1.283500000000E+01   8.230806E+00   6.546994E-04   6.461276E+01  -6.078681E-17   7.758279E-18   7.656703E-13   1.200000E+02   1.957271E-01
  1.284000000000E+01   8.230809E+00   6.491298E-04   6.460891E+01  -6.074094E-17   1.020621E-17   1.015840E-12   1.200000E+02   1.970379E-01
  1.284500000000E+01   8.230812E+00   6.460822E-04   6.460872E+01  -6.068646E-17   1.105639E-17   1.105647E-12   1.200000E+02   1.983451E-01
  1.285000000000E+01   8.230815E+00   6.454100E-04   6.461205E+01  -6.063303E-17   9.938836E-18   9.949777E-13   1.200000E+02   1.996482E-01
  1.285500000000E+01   8.230819E+00   6.466617E-04   6.461821E+01  -6.058847E-17   7.765128E-18   7.759370E-13   1.200000E+02   2.009473E-01
  1.286000000000E+01   8.230822E+00   6.491436E-04   6.462618E+01  -6.055796E-17   4.482046E-18   4.462149E-13   1.200000E+02   2.022420E-01
  1.286500000000E+01   8.230825E+00   6.520124E-04   6.463470E+01  -6.054389E-17   1.286380E-18   1.275202E-13   1.200000E+02   2.035324E-01
  1.287000000000E+01   8.230828E+00   6.543934E-04   6.464246E+01  -6.054629E-17  -2.395049E-18  -2.365884E-13   1.200000E+02   2.048185E-01
  1.287500000000E+01   8.230832E+00   6.555116E-04   6.464835E+01  -6.056629E-17  -5.077765E-18  -5.007831E-13   1.200000E+02   2.061004E-01
  1.288000000000E+01   8.230835E+00   6.548117E-04   6.465156E+01  -6.059476E-17  -5.973900E-18  -5.898215E-13   1.200000E+02   2.073782E-01
  1.288500000000E+01   8.230838E+00   6.520408E-04   6.465171E+01  -6.062181E-17  -4.968675E-18  -4.926584E-13   1.200000E+02   2.086523E-01
  1.289000000000E+01   8.230841E+00   6.472733E-04   6.464888E+01  -6.064065E-17  -2.236739E-18  -2.234029E-13   1.200000E+02   2.099229E-01
  1.289500000000E+01   8.230845E+00   6.408724E-04   6.464354E+01  -6.064530E-17   8.007760E-19   8.077270E-14   1.200000E+02   2.111901E-01
  1.290000000000E+01   8.230848E+00   6.334016E-04   6.463648E+01  -6.063387E-17   3.151887E-18   3.216393E-13   1.200000E+02   2.124543E-01
  1.290500000000E+01   8.230851E+00   6.255116E-04   6.462863E+01  -6.061068E-17   5.627667E-18   5.814575E-13   1.200000E+02   2.137154E-01
  1.291000000000E+01   8.230854E+00   6.178321E-04   6.462094E+01  -6.058010E-17   6.216270E-18   6.501786E-13   1.200000E+02   2.149735E-01
  1.291500000000E+01   8.230857E+00   6.108922E-04   6.461426E+01  -6.055216E-17   4.816249E-18   5.094161E-13   1.200000E+02   2.162285E-01
  1.292000000000E+01   8.230860E+00   6.050805E-04   6.460923E+01  -6.053494E-17   2.033312E-18   2.171128E-13   1.200000E+02   2.174805E-01
  1.292500000000E+01   8.230863E+00   6.006433E-04   6.460630E+01  -6.053685E-17  -3.146439E-18  -3.384368E-13   1.200000E+02   2.187292E-01
  1.293000000000E+01   8.230866E+00   5.977144E-04   6.460574E+01  -6.056298E-17  -7.257040E-18  -7.843988E-13   1.200000E+02   2.199746E-01
  1.293500000000E+01   8.230869E+00   5.963592E-04   6.460768E+01  -6.060823E-17  -1.088120E-17  -1.178835E-12   1.200000E+02   2.212164E-01
  1.294000000000E+01   8.230872E+00   5.966192E-04   6.461220E+01  -6.066939E-17  -1.338576E-17  -1.449641E-12   1.200000E+02   2.224546E-01
  1.294500000000E+01   8.230875E+00   5.985417E-04   6.461938E+01  -6.073884E-17  -1.394359E-17  -1.505369E-12   1.200000E+02   2.236889E-01
  1.295000000000E+01   8.230878E+00   6.021847E-04   6.462929E+01  -6.080450E-17  -1.207966E-17  -1.296446E-12   1.200000E+02   2.249193E-01
  1.295500000000E+01   8.230881E+00   6.075931E-04   6.464194E+01  -6.085948E-17  -9.253391E-18  -9.844700E-13   1.200000E+02   2.261455E-01
  1.296000000000E+01   8.230884E+00   6.147496E-04   6.465723E+01  -6.089295E-17  -4.035364E-18  -4.244256E-13   1.200000E+02   2.273674E-01
  1.296500000000E+01   8.230887E+00   6.235094E-04   6.467485E+01  -6.090122E-17   1.247854E-18   1.294364E-13   1.200000E+02   2.285848E-01
  1.297000000000E+01   8.230890E+00   6.335339E-04   6.469418E+01  -6.087913E-17   7.390830E-18   7.547248E-13   1.200000E+02   2.297976E-01
  1.297500000000E+01   8.230894E+00   6.442436E-04   6.471428E+01  -6.082956E-17   1.185154E-17   1.190487E-12   1.200000E+02   2.310058E-01
  1.298000000000E+01   8.230897E+00   6.548079E-04   6.473389E+01  -6.076238E-17   1.499583E-17   1.482478E-12   1.200000E+02   2.322092E-01
  1.298500000000E+01   8.230900E+00   6.641921E-04   6.475152E+01  -6.068554E-17   1.546544E-17   1.507712E-12   1.200000E+02   2.334080E-01
  1.299000000000E+01   8.230904E+00   6.712667E-04   6.476565E+01  -6.061310E-17   1.309180E-17   1.263133E-12   1.200000E+02   2.346024E-01
  1.299500000000E+01   8.230907E+00   6.749730E-04   6.477489E+01  -6.055749E-17   8.794509E-18   8.439794E-13   1.200000E+02   2.357927E-01
  1.300000000000E+01   8.230910E+00   6.745129E-04   6.477817E+01  -6.052596E-17   3.827181E-18   3.675508E-13   1.200000E+02   2.369794E-01
  1.300500000000E+01   8.230914E+00   6.695170E-04   6.477495E+01  -6.051991E-17  -1.679637E-18  -1.625028E-13   1.200000E+02   2.381629E-01
  1.301000000000E+01   8.230917E+00   6.601420E-04   6.476533E+01  -6.053859E-17  -5.832636E-18  -5.722294E-13   1.200000E+02   2.393438E-01
  1.301500000000E+01   8.230920E+00   6.470657E-04   6.475003E+01  -6.057722E-17  -8.730810E-18  -8.736674E-13   1.200000E+02   2.405226E-01
  1.302000000000E+01   8.230923E+00   6.313807E-04   6.473038E+01  -6.062580E-17  -1.021623E-17  -1.047388E-12   1.200000E+02   2.416995E-01
  1.302500000000E+01   8.230927E+00   6.144194E-04   6.470813E+01  -6.067477E-17  -9.097225E-18  -9.580824E-13   1.200000E+02   2.428749E-01
  1.303000000000E+01   8.230930E+00   5.975597E-04   6.468532E+01  -6.071720E-17  -7.919105E-18  -8.572362E-13   1.200000E+02   2.440487E-01
  1.303500000000E+01   8.230933E+00   5.820565E-04   6.466397E+01  -6.075191E-17  -5.884921E-18  -6.537894E-13   1.200000E+02   2.452210E-01
  1.304000000000E+01   8.230935E+00   5.689258E-04   6.464594E+01  -6.077611E-17  -3.563776E-18  -4.049450E-13   1.200000E+02   2.463915E-01
  1.304500000000E+01   8.230938E+00   5.588860E-04   6.463273E+01  -6.078943E-17  -1.916673E-18  -2.216549E-13   1.200000E+02   2.475599E-01
  1.305000000000E+01   8.230941E+00   5.523433E-04   6.462529E+01  -6.079485E-17   9.373380E-20   1.096704E-14   1.200000E+02   2.487260E-01
  1.305500000000E+01   8.230944E+00   5.494046E-04   6.462402E+01  -6.079033E-17   1.196299E-18   1.407153E-13   1.200000E+02   2.498893E-01
  1.306000000000E+01   8.230947E+00   5.499003E-04   6.462874E+01  -6.078576E-17   3.851188E-19   4.526228E-14   1.200000E+02   2.510494E-01
  1.306500000000E+01   8.230949E+00   5.534109E-04   6.463868E+01  -6.078747E-17  -1.124645E-18  -1.313591E-13   1.200000E+02   2.522061E-01
  1.307000000000E+01   8.230952E+00   5.592950E-04   6.465266E+01  -6.079413E-17  -1.824649E-18  -2.109235E-13   1.200000E+02   2.533590E-01
  1.307500000000E+01   8.230955E+00   5.667261E-04   6.466914E+01  -6.080442E-17  -2.284559E-18  -2.606911E-13   1.200000E+02   2.545080E-01
  1.308000000000E+01   8.230958E+00   5.747484E-04   6.468643E+01  -6.081380E-17  -1.647653E-18  -1.854390E-13   1.200000E+02   2.556529E-01
  1.308500000000E+01   8.230961E+00   5.823577E-04   6.470284E+01  -6.082172E-17  -1.162816E-18  -1.291947E-13   1.200000E+02   2.567938E-01
  1.309000000000E+01   8.230964E+00   5.886083E-04   6.471686E+01  -6.082376E-17   5.258157E-19   5.781288E-14   1.200000E+02   2.579308E-01
  1.309500000000E+01   8.230967E+00   5.927357E-04   6.472732E+01  -6.081567E-17   2.716262E-18   2.966185E-13   1.200000E+02   2.590641E-01
  1.310000000000E+01   8.230969E+00   5.942716E-04   6.473355E+01  -6.079799E-17   4.304136E-18   4.688463E-13   1.200000E+02   2.601940E-01
  1.310500000000E+01   8.230972E+00   5.931231E-04   6.473543E+01  -6.077278E-17   5.679934E-18   6.199270E-13   1.200000E+02   2.613207E-01
  1.311000000000E+01   8.230975E+00   5.895933E-04   6.473343E+01  -6.074194E-17   6.402706E-18   7.029746E-13   1.200000E+02   2.624447E-01
  1.311500000000E+01   8.230978E+00   5.843327E-04   6.472854E+01  -6.071103E-17   5.248624E-18   5.814082E-13   1.200000E+02   2.635660E-01
  1.312000000000E+01   8.230981E+00   5.782307E-04   6.472217E+01  -6.068743E-17   3.709271E-18   4.151839E-13   1.200000E+02   2.646849E-01
  1.312500000000E+01   8.230984E+00   5.722744E-04   6.471594E+01  -6.067722E-17   5.323816E-19   6.020464E-14   1.200000E+02   2.658015E-01
  1.313000000000E+01   8.230987E+00   5.674016E-04   6.471142E+01  -6.068177E-17  -2.478960E-18  -2.827222E-13   1.200000E+02   2.669156E-01
  1.313500000000E+01   8.230990E+00   5.643771E-04   6.470998E+01  -6.070300E-17  -6.038446E-18  -6.923522E-13   1.200000E+02   2.680271E-01
  1.314000000000E+01   8.230993E+00   5.637020E-04   6.471250E+01  -6.074165E-17  -9.655109E-18  -1.108398E-12   1.200000E+02   2.691359E-01
  1.314500000000E+01   8.230995E+00   5.655635E-04   6.471933E+01  -6.079409E-17  -1.125770E-17  -1.288257E-12   1.200000E+02   2.702416E-01
  1.315000000000E+01   8.230998E+00   5.698191E-04   6.473019E+01  -6.085267E-17  -1.199808E-17  -1.362955E-12   1.200000E+02   2.713440E-01
  1.315500000000E+01   8.231001E+00   5.760167E-04   6.474421E+01  -6.091064E-17  -1.082825E-17  -1.217095E-12   1.200000E+02   2.724429E-01
  1.316000000000E+01   8.231004E+00   5.834472E-04   6.476015E+01  -6.095757E-17  -7.880356E-18  -8.746860E-13   1.200000E+02   2.735381E-01
  1.316500000000E+01   8.231007E+00   5.912305E-04   6.477649E+01  -6.098788E-17  -3.997283E-18  -4.379510E-13   1.200000E+02   2.746296E-01
  1.317000000000E+01   8.231010E+00   5.984299E-04   6.479172E+01  -6.099473E-17   1.363035E-18   1.475752E-13   1.200000E+02   2.757173E-01
  1.317500000000E+01   8.231013E+00   6.041798E-04   6.480449E+01  -6.097519E-17   6.208760E-18   6.659533E-13   1.200000E+02   2.768015E-01
  1.318000000000E+01   8.231016E+00   6.078052E-04   6.481382E+01  -6.093360E-17   1.016218E-17   1.083653E-12   1.200000E+02   2.778822E-01
  1.318500000000E+01   8.231019E+00   6.089089E-04   6.481913E+01  -6.087576E-17   1.305374E-17   1.389588E-12   1.200000E+02   2.789599E-01
  1.319000000000E+01   8.231022E+00   6.074091E-04   6.482033E+01  -6.080768E-17   1.364098E-17   1.455712E-12   1.200000E+02   2.800348E-01
  1.319500000000E+01   8.231025E+00   6.035231E-04   6.481772E+01  -6.074028E-17   1.280576E-17   1.375324E-12   1.200000E+02   2.811071E-01
  1.320000000000E+01   8.231028E+00   5.977089E-04   6.481198E+01  -6.068370E-17   9.729243E-18   1.054981E-12   1.200000E+02   2.821772E-01
  1.320500000000E+01   8.231031E+00   5.905847E-04   6.480401E+01  -6.064444E-17   5.828095E-18   6.395085E-13   1.200000E+02   2.832452E-01
  1.321000000000E+01   8.231034E+00   5.828478E-04   6.479488E+01  -6.062536E-17   1.906893E-18   2.119883E-13   1.200000E+02   2.843112E-01
  1.321500000000E+01   8.231037E+00   5.752063E-04   6.478574E+01  -6.062458E-17  -1.671814E-18  -1.882971E-13   1.200000E+02   2.853753E-01
  1.322000000000E+01   8.231040E+00   5.683297E-04   6.477772E+01  -6.064158E-17  -4.984129E-18  -5.680866E-13   1.200000E+02   2.864375E-01
  1.322500000000E+01   8.231043E+00   5.628138E-04   6.477187E+01  -6.067090E-17  -6.517746E-18  -7.501001E-13   1.200000E+02   2.874976E-01
  1.323000000000E+01   8.231045E+00   5.591526E-04   6.476911E+01  -6.070557E-17  -7.149194E-18  -8.281226E-13   1.200000E+02   2.885554E-01
  1.323500000000E+01   8.231048E+00   5.577107E-04   6.477013E+01  -6.074255E-17  -7.183070E-18  -8.342109E-13   1.200000E+02   2.896108E-01
  1.324000000000E+01   8.231051E+00   5.586884E-04   6.477531E+01  -6.077739E-17  -6.455260E-18  -7.484341E-13   1.200000E+02   2.906635E-01
  1.324500000000E+01   8.231054E+00   5.620815E-04   6.478460E+01  -6.080892E-17  -6.084710E-18  -7.013138E-13   1.200000E+02   2.917133E-01
  1.325000000000E+01   8.231057E+00   5.676404E-04   6.479752E+01  -6.083572E-17  -4.939741E-18  -5.638834E-13   1.200000E+02   2.927600E-01
  1.325500000000E+01   8.231059E+00   5.748403E-04   6.481308E+01  -6.085888E-17  -4.392154E-18  -4.952141E-13   1.200000E+02   2.938033E-01
  1.326000000000E+01   8.231062E+00   5.828807E-04   6.482986E+01  -6.087749E-17  -3.181170E-18  -3.538199E-13   1.200000E+02   2.948430E-01
  1.326500000000E+01   8.231065E+00   5.907339E-04   6.484614E+01  -6.089092E-17  -2.589643E-18  -2.842707E-13   1.200000E+02   2.958793E-01
  1.327000000000E+01   8.231068E+00   5.972578E-04   6.486011E+01  -6.090076E-17  -1.485690E-18  -1.613407E-13   1.200000E+02   2.969122E-01
  1.327500000000E+01   8.231071E+00   6.013700E-04   6.487011E+01  -6.090563E-17  -4.146619E-19  -4.472980E-14   1.200000E+02   2.979419E-01
  1.328000000000E+01   8.231074E+00   6.022568E-04   6.487493E+01  -6.090349E-17   1.507858E-18   1.624261E-13   1.200000E+02   2.989687E-01
  1.328500000000E+01   8.231077E+00   5.995639E-04   6.487403E+01  -6.089002E-17   3.784707E-18   4.095130E-13   1.200000E+02   2.999930E-01
  1.329000000000E+01   8.231080E+00   5.935072E-04   6.486767E+01  -6.086683E-17   5.746960E-18   6.281169E-13   1.200000E+02   3.010153E-01
  1.329500000000E+01   8.231083E+00   5.848626E-04   6.485697E+01  -6.083540E-17   6.896999E-18   7.648266E-13   1.200000E+02   3.020358E-01
  1.330000000000E+01   8.231086E+00   5.748316E-04   6.484374E+01  -6.080080E-17   6.881818E-18   7.763018E-13   1.200000E+02   3.030548E-01
  1.330500000000E+01   8.231089E+00   5.648244E-04   6.483025E+01  -6.076722E-17   6.458384E-18   7.412900E-13   1.200000E+02   3.040723E-01
  1.331000000000E+01   8.231092E+00   5.562216E-04   6.481889E+01  -6.073815E-17   5.020903E-18   5.851074E-13   1.200000E+02   3.050884E-01
  1.331500000000E+01   8.231095E+00   5.501698E-04   6.481175E+01  -6.071939E-17   2.327281E-18   2.741611E-13   1.200000E+02   3.061028E-01
  1.332000000000E+01   8.231097E+00   5.474415E-04   6.481033E+01  -6.071759E-17  -1.325428E-18  -1.569144E-13   1.200000E+02   3.071151E-01
  1.332500000000E+01   8.231100E+00   5.483609E-04   6.481529E+01  -6.073310E-17  -5.016385E-18  -5.929279E-13   1.200000E+02   3.081250E-01
  1.333000000000E+01   8.231103E+00   5.527857E-04   6.482635E+01  -6.076696E-17  -8.546054E-18  -1.002214E-12   1.200000E+02   3.091322E-01
  1.333500000000E+01   8.231106E+00   5.601374E-04   6.484236E+01  -6.081608E-17  -1.154254E-17  -1.336182E-12   1.200000E+02   3.101362E-01
  1.334000000000E+01   8.231108E+00   5.694776E-04   6.486155E+01  -6.087853E-17  -1.285081E-17  -1.463663E-12   1.200000E+02   3.111369E-01
  1.334500000000E+01   8.231111E+00   5.796344E-04   6.488183E+01  -6.094234E-17  -1.237339E-17  -1.385025E-12   1.200000E+02   3.121341E-01
  1.335000000000E+01   8.231114E+00   5.893748E-04   6.490112E+01  -6.100007E-17  -1.064882E-17  -1.172633E-12   1.200000E+02   3.131277E-01
  1.335500000000E+01   8.231117E+00   5.975998E-04   6.491771E+01  -6.104449E-17  -6.891960E-18  -7.486788E-13   1.200000E+02   3.141179E-01
  1.336000000000E+01   8.231120E+00   6.035200E-04   6.493045E+01  -6.106834E-17  -2.526940E-18  -2.718640E-13   1.200000E+02   3.151050E-01
  1.336500000000E+01   8.231123E+00   6.067664E-04   6.493886E+01  -6.106896E-17   1.903043E-18   2.036722E-13   1.200000E+02   3.160892E-01
  1.337000000000E+01   8.231126E+00   6.074044E-04   6.494312E+01  -6.104855E-17   6.470583E-18   6.918289E-13   1.200000E+02   3.170708E-01
  1.337500000000E+01   8.231129E+00   6.058533E-04   6.494392E+01  -6.100903E-17   9.757990E-18   1.045999E-12   1.200000E+02   3.180501E-01
  1.338000000000E+01   8.231132E+00   6.027438E-04   6.494222E+01  -6.095741E-17   1.068399E-17   1.151140E-12   1.200000E+02   3.190273E-01
  1.338500000000E+01   8.231135E+00   5.987601E-04   6.493908E+01  -6.090222E-17   1.087057E-17   1.178978E-12   1.200000E+02   3.200026E-01
  1.339000000000E+01   8.231138E+00   5.945102E-04   6.493547E+01  -6.085205E-17   8.880274E-18   9.699495E-13   1.200000E+02   3.209760E-01
  1.339500000000E+01   8.231141E+00   5.904477E-04   6.493211E+01  -6.081661E-17   5.810946E-18   6.390353E-13   1.200000E+02   3.219475E-01
  1.340000000000E+01   8.231144E+00   5.868505E-04   6.492946E+01  -6.079706E-17   1.838888E-18   2.034556E-13   1.200000E+02   3.229171E-01
  1.340500000000E+01   8.231147E+00   5.838408E-04   6.492773E+01  -6.079775E-17  -2.109979E-18  -2.346464E-13   1.200000E+02   3.238848E-01
  1.341000000000E+01   8.231150E+00   5.814281E-04   6.492696E+01  -6.081900E-17  -6.006413E-18  -6.707246E-13   1.200000E+02   3.248505E-01
  1.341500000000E+01   8.231153E+00   5.795534E-04   6.492705E+01  -6.085870E-17  -9.223997E-18  -1.033359E-12   1.200000E+02   3.258141E-01
  1.342000000000E+01   8.231156E+00   5.781168E-04   6.492786E+01  -6.090893E-17  -1.044408E-17  -1.172967E-12   1.200000E+02   3.267756E-01
  1.342500000000E+01   8.231159E+00   5.769823E-04   6.492916E+01  -6.095980E-17  -9.816060E-18  -1.104624E-12   1.200000E+02   3.277351E-01
  1.343000000000E+01   8.231162E+00   5.759618E-04   6.493063E+01  -6.100641E-17  -8.338981E-18  -9.400890E-13   1.200000E+02   3.286923E-01
  1.343500000000E+01   8.231164E+00   5.747920E-04   6.493185E+01  -6.104236E-17  -5.275808E-18  -5.959859E-13   1.200000E+02   3.296475E-01
  1.344000000000E+01   8.231167E+00   5.731217E-04   6.493221E+01  -6.105993E-17  -1.357513E-18  -1.538004E-13   1.200000E+02   3.306005E-01
  1.344500000000E+01   8.231170E+00   5.705273E-04   6.493101E+01  -6.105779E-17   2.014814E-18   2.293035E-13   1.200000E+02   3.315516E-01
  1.345000000000E+01   8.231173E+00   5.665703E-04   6.492748E+01  -6.104094E-17   4.374238E-18   5.012762E-13   1.200000E+02   3.325008E-01
  1.345500000000E+01   8.231176E+00   5.608909E-04   6.492095E+01  -6.101418E-17   6.442903E-18   7.457410E-13   1.200000E+02   3.334483E-01
  1.346000000000E+01   8.231179E+00   5.533219E-04   6.491104E+01  -6.097826E-17   7.446937E-18   8.736115E-13   1.200000E+02   3.343943E-01
  1.346500000000E+01   8.231181E+00   5.439877E-04   6.489784E+01  -6.094134E-17   7.264278E-18   8.666298E-13   1.200000E+02   3.353391E-01
  1.347000000000E+01   8.231184E+00   5.333535E-04   6.488202E+01  -6.090665E-17   6.467984E-18   7.868250E-13   1.200000E+02   3.362828E-01
  1.347500000000E+01   8.231187E+00   5.222016E-04   6.486486E+01  -6.087843E-17   4.737103E-18   5.884155E-13   1.200000E+02   3.372255E-01
  1.348000000000E+01   8.231189E+00   5.115337E-04   6.484816E+01  -6.085994E-17   2.895617E-18   3.670833E-13   1.200000E+02   3.381672E-01
  1.348500000000E+01   8.231192E+00   5.024245E-04   6.483403E+01  -6.085020E-17   9.201022E-19   1.187322E-13   1.200000E+02   3.391079E-01
  1.349000000000E+01   8.231194E+00   4.958600E-04   6.482452E+01  -6.085040E-17  -9.244000E-19  -1.208482E-13   1.200000E+02   3.400472E-01
  1.349500000000E+01   8.231197E+00   4.925913E-04   6.482128E+01  -6.085757E-17  -1.961192E-18  -2.580779E-13   1.200000E+02   3.409850E-01
  1.350000000000E+01   8.231199E+00   4.930182E-04   6.482522E+01  -6.086961E-17  -3.008957E-18  -3.956371E-13   1.200000E+02   3.419207E-01
  1.350500000000E+01   8.231202E+00   4.971051E-04   6.483624E+01  -6.088748E-17  -4.065731E-18  -5.302835E-13   1.200000E+02   3.428541E-01
  1.351000000000E+01   8.231204E+00   5.043311E-04   6.485318E+01  -6.091070E-17  -5.019597E-18  -6.454823E-13   1.200000E+02   3.437848E-01
  1.351500000000E+01   8.231207E+00   5.136823E-04   6.487389E+01  -6.093678E-17  -5.374796E-18  -6.787930E-13   1.200000E+02   3.447124E-01
  1.352000000000E+01   8.231209E+00   5.237144E-04   6.489552E+01  -6.096553E-17  -5.868242E-18  -7.271571E-13   1.200000E+02   3.456369E-01
  1.352500000000E+01   8.231212E+00   5.327096E-04   6.491493E+01  -6.099508E-17  -5.878682E-18  -7.163644E-13   1.200000E+02   3.465583E-01
  1.353000000000E+01   8.231215E+00   5.389373E-04   6.492913E+01  -6.102339E-17  -5.427024E-18  -6.538273E-13   1.200000E+02   3.474767E-01
  1.353500000000E+01   8.231217E+00   5.409802E-04   6.493580E+01  -6.104871E-17  -4.736319E-18  -5.685174E-13   1.200000E+02   3.483926E-01
  1.354000000000E+01   8.231220E+00   5.380423E-04   6.493360E+01  -6.107072E-17  -4.006776E-18  -4.835576E-13   1.200000E+02   3.493065E-01
  1.354500000000E+01   8.231223E+00   5.301360E-04   6.492242E+01  -6.108718E-17  -2.460726E-18  -3.013496E-13   1.200000E+02   3.502190E-01
  1.355000000000E+01   8.231225E+00   5.180759E-04   6.490335E+01  -6.109402E-17  -2.130088E-19  -2.668524E-14   1.200000E+02   3.511305E-01
  1.355500000000E+01   8.231228E+00   5.032838E-04   6.487856E+01  -6.108886E-17   2.211774E-18   2.851209E-13   1.200000E+02   3.520415E-01
  1.356000000000E+01   8.231230E+00   4.874790E-04   6.485095E+01  -6.107308E-17   3.871653E-18   5.150588E-13   1.200000E+02   3.529521E-01
  1.356500000000E+01   8.231233E+00   4.723582E-04   6.482372E+01  -6.105041E-17   5.062767E-18   6.947849E-13   1.200000E+02   3.538624E-01
  1.357000000000E+01   8.231235E+00   4.593496E-04   6.479992E+01  -6.102351E-17   5.502283E-18   7.762008E-13   1.200000E+02   3.547722E-01
  1.357500000000E+01   8.231237E+00   4.494719E-04   6.478207E+01  -6.099738E-17   5.399940E-18   7.782894E-13   1.200000E+02   3.556812E-01
  1.358000000000E+01   8.231240E+00   4.432874E-04   6.477178E+01  -6.097182E-17   4.629996E-18   6.765206E-13   1.200000E+02   3.565892E-01
  1.358500000000E+01   8.231242E+00   4.409121E-04   6.476963E+01  -6.095236E-17   2.929885E-18   4.303977E-13   1.200000E+02   3.574956E-01
  1.359000000000E+01   8.231244E+00   4.420525E-04   6.477510E+01  -6.094115E-17   1.490003E-18   2.183340E-13   1.200000E+02   3.584000E-01
  1.359500000000E+01   8.231246E+00   4.460508E-04   6.478674E+01  -6.093798E-17  -2.709468E-19  -3.935372E-14   1.200000E+02   3.593022E-01
  1.360000000000E+01   8.231248E+00   4.519422E-04   6.480232E+01  -6.094343E-17  -1.894344E-18  -2.716229E-13   1.200000E+02   3.602019E-01
  1.360500000000E+01   8.231251E+00   4.585364E-04   6.481920E+01  -6.095533E-17  -3.136446E-18  -4.433713E-13   1.200000E+02   3.610989E-01
  1.361000000000E+01   8.231253E+00   4.645381E-04   6.483465E+01  -6.097106E-17  -3.073646E-18  -4.289826E-13   1.200000E+02   3.619933E-01
  1.361500000000E+01   8.231255E+00   4.687068E-04   6.484618E+01  -6.098484E-17  -2.235335E-18  -3.092615E-13   1.200000E+02   3.628852E-01
  1.362000000000E+01   8.231258E+00   4.700373E-04   6.485185E+01  -6.099486E-17  -1.641097E-18  -2.264250E-13   1.200000E+02   3.637749E-01
  1.362500000000E+01   8.231260E+00   4.679226E-04   6.485047E+01  -6.100021E-17  -4.556343E-19  -6.314741E-14   1.200000E+02   3.646626E-01
  1.363000000000E+01   8.231262E+00   4.622548E-04   6.484171E+01  -6.100073E-17   2.868116E-19   4.023182E-14   1.200000E+02   3.655489E-01
  1.363500000000E+01   8.231265E+00   4.534318E-04   6.482614E+01  -6.099933E-17   1.486035E-19   2.124552E-14   1.200000E+02   3.664341E-01
  1.364000000000E+01   8.231267E+00   4.422679E-04   6.480514E+01  -6.099847E-17  -2.256388E-20  -3.306266E-15   1.200000E+02   3.673184E-01
  1.364500000000E+01   8.231269E+00   4.298353E-04   6.478070E+01  -6.099987E-17  -4.760201E-19  -7.174125E-14   1.200000E+02   3.682022E-01
  1.365000000000E+01   8.231271E+00   4.172799E-04   6.475517E+01  -6.100367E-17  -1.265708E-18  -1.964177E-13   1.200000E+02   3.690854E-01
  1.365500000000E+01   8.231273E+00   4.056588E-04   6.473098E+01  -6.101302E-17  -2.123812E-18  -3.388967E-13   1.200000E+02   3.699680E-01
  1.366000000000E+01   8.231275E+00   3.958219E-04   6.471034E+01  -6.102304E-17  -2.017421E-18  -3.298150E-13   1.200000E+02   3.708500E-01
  1.366500000000E+01   8.231277E+00   3.883472E-04   6.469496E+01  -6.103132E-17  -1.415598E-18  -2.358252E-13   1.200000E+02   3.717310E-01
  1.367000000000E+01   8.231279E+00   3.835181E-04   6.468586E+01  -6.103621E-17  -5.812867E-19  -9.804238E-14   1.200000E+02   3.726108E-01
  1.367500000000E+01   8.231281E+00   3.813284E-04   6.468328E+01  -6.103665E-17   2.662757E-19   4.516733E-14   1.200000E+02   3.734891E-01
  1.368000000000E+01   8.231283E+00   3.815019E-04   6.468662E+01  -6.103287E-17   1.037745E-18   1.759578E-13   1.200000E+02   3.743657E-01
  1.368500000000E+01   8.231285E+00   3.835222E-04   6.469459E+01  -6.102677E-17   1.478039E-18   2.493235E-13   1.200000E+02   3.752403E-01
  1.369000000000E+01   8.231287E+00   3.866763E-04   6.470535E+01  -6.101942E-17   1.530287E-18   2.560741E-13   1.200000E+02   3.761128E-01
  1.369500000000E+01   8.231289E+00   3.901161E-04   6.471674E+01  -6.101302E-17   1.123224E-18   1.863328E-13   1.200000E+02   3.769831E-01
  1.370000000000E+01   8.231291E+00   3.929452E-04   6.472655E+01  -6.100735E-17   1.228350E-18   2.023358E-13   1.200000E+02   3.778512E-01
  1.370500000000E+01   8.231293E+00   3.943238E-04   6.473278E+01  -6.100324E-17   3.891333E-19   6.388069E-14   1.200000E+02   3.787172E-01
  1.371000000000E+01   8.231295E+00   3.935824E-04   6.473384E+01  -6.100286E-17  -4.580730E-20  -7.534083E-15   1.200000E+02   3.795814E-01
  1.371500000000E+01   8.231297E+00   3.903181E-04   6.472871E+01  -6.100619E-17  -1.299298E-18  -2.154700E-13   1.200000E+02   3.804440E-01
  1.372000000000E+01   8.231299E+00   3.844542E-04   6.471703E+01  -6.101411E-17  -1.860889E-18  -3.132524E-13   1.200000E+02   3.813053E-01
  1.372500000000E+01   8.231300E+00   3.762471E-04   6.469917E+01  -6.102392E-17  -2.227848E-18  -3.830991E-13   1.200000E+02   3.821656E-01
  1.373000000000E+01   8.231302E+00   3.662385E-04   6.467614E+01  -6.103491E-17  -1.907828E-18  -3.369141E-13   1.200000E+02   3.830251E-01
  1.373500000000E+01   8.231304E+00   3.551688E-04   6.464952E+01  -6.104235E-17  -1.008109E-18  -1.835008E-13   1.200000E+02   3.838840E-01
  1.374000000000E+01   8.231306E+00   3.438707E-04   6.462133E+01  -6.104476E-17   1.503323E-19   2.825096E-14   1.200000E+02   3.847423E-01
  1.374500000000E+01   8.231308E+00   3.331678E-04   6.459382E+01  -6.104118E-17   1.348250E-18   2.613956E-13   1.200000E+02   3.856001E-01
  1.375000000000E+01   8.231309E+00   3.237922E-04   6.456926E+01  -6.103078E-17   2.720836E-18   5.425775E-13   1.200000E+02   3.864572E-01
  1.375500000000E+01   8.231311E+00   3.163276E-04   6.454971E+01  -6.101497E-17   3.451742E-18   7.043612E-13   1.200000E+02   3.873134E-01
  1.376000000000E+01   8.231312E+00   3.111755E-04   6.453678E+01  -6.099681E-17   3.664586E-18   7.600231E-13   1.200000E+02   3.881686E-01
  1.376500000000E+01   8.231314E+00   3.085349E-04   6.453143E+01  -6.098054E-17   2.627360E-18   5.495239E-13   1.200000E+02   3.890225E-01
  1.377000000000E+01   8.231315E+00   3.083885E-04   6.453380E+01  -6.097089E-17   1.085304E-18   2.271122E-13   1.200000E+02   3.898748E-01
  1.377500000000E+01   8.231317E+00   3.104903E-04   6.454314E+01  -6.097075E-17  -9.405828E-19  -1.955236E-13   1.200000E+02   3.907252E-01
  1.378000000000E+01   8.231319E+00   3.143564E-04   6.455783E+01  -6.098189E-17  -3.568017E-18  -7.327462E-13   1.200000E+02   3.915736E-01
  1.378500000000E+01   8.231320E+00   3.192725E-04   6.457554E+01  -6.100516E-17  -5.568183E-18  -1.126212E-12   1.200000E+02   3.924197E-01
  1.379000000000E+01   8.231322E+00   3.243338E-04   6.459343E+01  -6.103823E-17  -7.460736E-18  -1.485860E-12   1.200000E+02   3.932636E-01
  1.379500000000E+01   8.231323E+00   3.285343E-04   6.460858E+01  -6.107694E-17  -7.805986E-18  -1.535102E-12   1.200000E+02   3.941053E-01
  1.380000000000E+01   8.231325E+00   3.309076E-04   6.461827E+01  -6.111493E-17  -7.033399E-18  -1.373453E-12   1.200000E+02   3.949449E-01
  1.380500000000E+01   8.231327E+00   3.306994E-04   6.462045E+01  -6.114679E-17  -5.285984E-18  -1.032910E-12   1.200000E+02   3.957828E-01
  1.381000000000E+01   8.231328E+00   3.275252E-04   6.461396E+01  -6.116621E-17  -2.298340E-18  -4.534150E-13   1.200000E+02   3.966191E-01
  1.381500000000E+01   8.231330E+00   3.214612E-04   6.459879E+01  -6.116939E-17   1.017276E-18   2.044252E-13   1.200000E+02   3.974542E-01
  1.382000000000E+01   8.231332E+00   3.130321E-04   6.457605E+01  -6.115555E-17   4.300720E-18   8.872045E-13   1.200000E+02   3.982885E-01
  1.382500000000E+01   8.231333E+00   3.030970E-04   6.454785E+01  -6.112748E-17   6.843247E-18   1.457345E-12   1.200000E+02   3.991221E-01
  1.383000000000E+01   8.231335E+00   2.926736E-04   6.451701E+01  -6.108921E-17   8.086421E-18   1.782572E-12   1.200000E+02   3.999551E-01
  1.383500000000E+01   8.231336E+00   2.827567E-04   6.448668E+01  -6.104731E-17   8.380843E-18   1.911371E-12   1.200000E+02   4.007876E-01
  1.384000000000E+01   8.231337E+00   2.741772E-04   6.445986E+01  -6.100724E-17   7.343212E-18   1.726411E-12   1.200000E+02   4.016195E-01
  1.384500000000E+01   8.231339E+00   2.675214E-04   6.443902E+01  -6.097508E-17   5.278959E-18   1.271565E-12   1.200000E+02   4.024506E-01
  1.385000000000E+01   8.231340E+00   2.631033E-04   6.442579E+01  -6.095578E-17   2.447945E-18   5.994252E-13   1.200000E+02   4.032806E-01
  1.385500000000E+01   8.231341E+00   2.609730E-04   6.442073E+01  -6.095027E-17  -3.655273E-19  -9.022980E-14   1.200000E+02   4.041093E-01
  1.386000000000E+01   8.231343E+00   2.609413E-04   6.442336E+01  -6.095828E-17  -2.677991E-18  -6.611648E-13   1.200000E+02   4.049365E-01
  1.386500000000E+01   8.231344E+00   2.626127E-04   6.443223E+01  -6.097671E-17  -4.616439E-18  -1.132647E-12   1.200000E+02   4.057620E-01
  1.387000000000E+01   8.231345E+00   2.654250E-04   6.444518E+01  -6.100404E-17  -6.192254E-18  -1.503479E-12   1.200000E+02   4.065856E-01
  1.387500000000E+01   8.231347E+00   2.687019E-04   6.445969E+01  -6.103659E-17  -6.616323E-18  -1.587209E-12   1.200000E+02   4.074073E-01
  1.388000000000E+01   8.231348E+00   2.717224E-04   6.447313E+01  -6.106936E-17  -6.216870E-18  -1.475113E-12   1.200000E+02   4.082270E-01
  1.388500000000E+01   8.231349E+00   2.738052E-04   6.448318E+01  -6.109813E-17  -5.157336E-18  -1.214591E-12   1.200000E+02   4.090448E-01
  1.389000000000E+01   8.231351E+00   2.743968E-04   6.448796E+01  -6.111895E-17  -3.201857E-18  -7.524915E-13   1.200000E+02   4.098609E-01
  1.389500000000E+01   8.231352E+00   2.731453E-04   6.448627E+01  -6.113023E-17  -1.155399E-18  -2.727756E-13   1.200000E+02   4.106754E-01
  1.390000000000E+01   8.231354E+00   2.699430E-04   6.447764E+01  -6.113124E-17   8.312124E-19   1.985405E-13   1.200000E+02   4.114886E-01
  1.390500000000E+01   8.231355E+00   2.649275E-04   6.446233E+01  -6.112256E-17   2.563694E-18   6.237997E-13   1.200000E+02   4.123007E-01
  1.391000000000E+01   8.231356E+00   2.584436E-04   6.444123E+01  -6.110717E-17   3.310098E-18   8.253514E-13   1.200000E+02   4.131118E-01
  1.391500000000E+01   8.231357E+00   2.509763E-04   6.441577E+01  -6.109021E-17   3.345676E-18   8.587038E-13   1.200000E+02   4.139222E-01
  1.392000000000E+01   8.231359E+00   2.430735E-04   6.438774E+01  -6.107533E-17   2.559800E-18   6.780653E-13   1.200000E+02   4.147318E-01
  1.392500000000E+01   8.231360E+00   2.352730E-04   6.435911E+01  -6.106565E-17   1.365472E-18   3.735260E-13   1.200000E+02   4.155407E-01
  1.393000000000E+01   8.231361E+00   2.280441E-04   6.433183E+01  -6.106177E-17   2.543879E-19   7.176350E-14   1.200000E+02   4.163488E-01
  1.393500000000E+01   8.231362E+00   2.217484E-04   6.430763E+01  -6.106361E-17  -1.026454E-18  -2.976743E-13   1.200000E+02   4.171562E-01
  1.394000000000E+01   8.231363E+00   2.166179E-04   6.428784E+01  -6.106999E-17  -1.576516E-18  -4.678783E-13   1.200000E+02   4.179626E-01
  1.394500000000E+01   8.231364E+00   2.127457E-04   6.427319E+01  -6.107842E-17  -1.681065E-18  -5.078711E-13   1.200000E+02   4.187680E-01
  1.395000000000E+01   8.231365E+00   2.100873E-04   6.426379E+01  -6.108692E-17  -1.511950E-18  -4.624918E-13   1.200000E+02   4.195722E-01
  1.395500000000E+01   8.231366E+00   2.084694E-04   6.425903E+01  -6.109310E-17  -7.810940E-19  -2.407659E-13   1.200000E+02   4.203751E-01
  1.396000000000E+01   8.231367E+00   2.076091E-04   6.425771E+01  -6.109439E-17   3.184768E-19   9.857273E-14   1.200000E+02   4.211767E-01
  1.396500000000E+01   8.231369E+00   2.071453E-04   6.425822E+01  -6.108997E-17   1.469762E-18   4.559324E-13   1.200000E+02   4.219767E-01
  1.397000000000E+01   8.231370E+00   2.066877E-04   6.425874E+01  -6.108055E-17   2.201734E-18   6.845140E-13   1.200000E+02   4.227753E-01
  1.397500000000E+01   8.231371E+00   2.058778E-04   6.425762E+01  -6.106773E-17   2.883325E-18   8.999299E-13   1.200000E+02   4.235725E-01
  1.398000000000E+01   8.231372E+00   2.044553E-04   6.425360E+01  -6.105319E-17   2.843766E-18   8.937028E-13   1.200000E+02   4.243683E-01
  1.398500000000E+01   8.231373E+00   2.023119E-04   6.424612E+01  -6.103954E-17   2.522214E-18   8.009538E-13   1.200000E+02   4.251627E-01
  1.399000000000E+01   8.231374E+00   1.995173E-04   6.423539E+01  -6.102927E-17   1.622132E-18   5.222520E-13   1.200000E+02   4.259560E-01
  1.399500000000E+01   8.231375E+00   1.963059E-04   6.422244E+01  -6.102384E-17   5.555171E-19   1.817402E-13   1.200000E+02   4.267481E-01
  1.400000000000E+01   8.231376E+00   1.930284E-04   6.420890E+01  -6.102413E-17  -5.790193E-19  -1.926047E-13   1.200000E+02   4.275390E-01
  1.400500000000E+01   8.231377E+00   1.900817E-04   6.419675E+01  -6.102971E-17  -1.597797E-18  -5.396277E-13   1.200000E+02   4.283289E-01
  1.401000000000E+01   8.231377E+00   1.878354E-04   6.418796E+01  -6.103988E-17  -2.353278E-18  -8.041727E-13   1.200000E+02   4.291175E-01
  1.401500000000E+01   8.231378E+00   1.865702E-04   6.418408E+01  -6.105279E-17  -2.789940E-18  -9.597984E-13   1.200000E+02   4.299049E-01
  1.402000000000E+01   8.231379E+00   1.864354E-04   6.418599E+01  -6.106714E-17  -2.737103E-18  -9.423298E-13   1.200000E+02   4.306909E-01
  1.402500000000E+01   8.231380E+00   1.874259E-04   6.419368E+01  -6.107955E-17  -2.197605E-18  -7.526833E-13   1.200000E+02   4.314754E-01
  1.403000000000E+01   8.231381E+00   1.893769E-04   6.420622E+01  -6.108902E-17  -1.470982E-18  -4.987206E-13   1.200000E+02   4.322582E-01
  1.403500000000E+01   8.231382E+00   1.919785E-04   6.422190E+01  -6.109370E-17  -4.521502E-19  -1.512563E-13   1.200000E+02   4.330394E-01
  1.404000000000E+01   8.231383E+00   1.948101E-04   6.423855E+01  -6.109330E-17   4.672440E-19   1.540735E-13   1.200000E+02   4.338188E-01
  1.404500000000E+01   8.231384E+00   1.973977E-04   6.425379E+01  -6.108971E-17   9.190218E-19   2.991455E-13   1.200000E+02   4.345965E-01
  1.405000000000E+01   8.231385E+00   1.992877E-04   6.426551E+01  -6.108425E-17   1.102793E-18   3.556244E-13   1.200000E+02   4.353726E-01
  1.405500000000E+01   8.231386E+00   2.001242E-04   6.427210E+01  -6.107880E-17   9.405625E-19   3.020721E-13   1.200000E+02   4.361470E-01
  1.406000000000E+01   8.231387E+00   1.997098E-04   6.427267E+01  -6.107583E-17   1.339989E-19   4.312491E-14   1.200000E+02   4.369200E-01
  1.406500000000E+01   8.231388E+00   1.980318E-04   6.426713E+01  -6.107700E-17  -5.242969E-19  -1.701498E-13   1.200000E+02   4.376918E-01
  1.407000000000E+01   8.231389E+00   1.952471E-04   6.425609E+01  -6.108103E-17  -1.227958E-18  -4.041227E-13   1.200000E+02   4.384623E-01
  1.407500000000E+01   8.231390E+00   1.916331E-04   6.424071E+01  -6.108828E-17  -1.697092E-18  -5.689120E-13   1.200000E+02   4.392318E-01
  1.408000000000E+01   8.231391E+00   1.875218E-04   6.422244E+01  -6.109787E-17  -2.029227E-18  -6.949692E-13   1.200000E+02   4.400003E-01
  1.408500000000E+01   8.231392E+00   1.832379E-04   6.420280E+01  -6.110716E-17  -1.714649E-18  -6.007779E-13   1.200000E+02   4.407679E-01
  1.409000000000E+01   8.231393E+00   1.790536E-04   6.418316E+01  -6.111390E-17  -9.401868E-19  -3.370173E-13   1.200000E+02   4.415346E-01
  1.409500000000E+01   8.231394E+00   1.751664E-04   6.416463E+01  -6.111658E-17  -1.243532E-19  -4.555140E-14   1.200000E+02   4.423003E-01
  1.410000000000E+01   8.231395E+00   1.716955E-04   6.414795E+01  -6.111499E-17   8.178377E-19   3.055561E-13   1.200000E+02   4.430650E-01
  1.410500000000E+01   8.231395E+00   1.686924E-04   6.413354E+01  -6.110874E-17   1.651669E-18   6.279323E-13   1.200000E+02   4.438287E-01
  1.411000000000E+01   8.231396E+00   1.661556E-04   6.412153E+01  -6.109865E-17   2.289497E-18   8.835457E-13   1.200000E+02   4.445914E-01
  1.411500000000E+01   8.231397E+00   1.640467E-04   6.411179E+01  -6.108643E-17   2.561015E-18   1.000881E-12   1.200000E+02   4.453529E-01
  1.412000000000E+01   8.231398E+00   1.623009E-04   6.410404E+01  -6.107409E-17   2.222407E-18   8.777848E-13   1.200000E+02   4.461133E-01
  1.412500000000E+01   8.231399E+00   1.608343E-04   6.409784E+01  -6.106412E-17   1.712855E-18   6.826300E-13   1.200000E+02   4.468724E-01
  1.413000000000E+01   8.231400E+00   1.595462E-04   6.409264E+01  -6.105797E-17   7.334359E-19   2.946346E-13   1.200000E+02   4.476304E-01
  1.413500000000E+01   8.231400E+00   1.583220E-04   6.408775E+01  -6.105690E-17  -1.908933E-19  -7.727238E-14   1.200000E+02   4.483872E-01
  1.414000000000E+01   8.231401E+00   1.570376E-04   6.408244E+01  -6.106004E-17  -9.775759E-19  -3.989201E-13   1.200000E+02   4.491427E-01
  1.414500000000E+01   8.231402E+00   1.555693E-04   6.407592E+01  -6.106707E-17  -1.625427E-18  -6.694814E-13   1.200000E+02   4.498970E-01
  1.415000000000E+01   8.231403E+00   1.538094E-04   6.406749E+01  -6.107613E-17  -1.937290E-18  -8.069554E-13   1.200000E+02   4.506502E-01
  1.415500000000E+01   8.231403E+00   1.516851E-04   6.405664E+01  -6.108492E-17  -1.592892E-18  -6.726785E-13   1.200000E+02   4.514023E-01
  1.416000000000E+01   8.231404E+00   1.491765E-04   6.404312E+01  -6.109245E-17  -1.220414E-18  -5.239373E-13   1.200000E+02   4.521533E-01
  1.416500000000E+01   8.231405E+00   1.463275E-04   6.402709E+01  -6.109745E-17  -8.351593E-19  -3.654325E-13   1.200000E+02   4.529032E-01
  1.417000000000E+01   8.231406E+00   1.432461E-04   6.400914E+01  -6.110053E-17  -3.666316E-19  -1.638284E-13   1.200000E+02   4.536522E-01
  1.417500000000E+01   8.231406E+00   1.400914E-04   6.399025E+01  -6.110168E-17  -9.668574E-20  -4.416362E-14   1.200000E+02   4.544001E-01
  1.418000000000E+01   8.231407E+00   1.370506E-04   6.397166E+01  -6.110168E-17   9.770726E-20   4.560721E-14   1.200000E+02   4.551471E-01
  1.418500000000E+01   8.231408E+00   1.343107E-04   6.395474E+01  -6.110087E-17   1.544619E-19   7.355016E-14   1.200000E+02   4.558932E-01
  1.419000000000E+01   8.231408E+00   1.320313E-04   6.394078E+01  -6.110048E-17   4.298772E-20   2.081831E-14   1.200000E+02   4.566381E-01
  1.419500000000E+01   8.231409E+00   1.303233E-04   6.393075E+01  -6.110075E-17  -1.200397E-19  -5.888610E-14   1.200000E+02   4.573820E-01
  1.420000000000E+01   8.231410E+00   1.292343E-04   6.392515E+01  -6.110183E-17  -3.366228E-19  -1.665090E-13   1.200000E+02   4.581248E-01
  1.420500000000E+01   8.231410E+00   1.287433E-04   6.392396E+01  -6.110438E-17  -6.609529E-19  -3.281782E-13   1.200000E+02   4.588663E-01
  1.421000000000E+01   8.231411E+00   1.287621E-04   6.392655E+01  -6.110763E-17  -5.764955E-19  -2.862129E-13   1.200000E+02   4.596066E-01
  1.421500000000E+01   8.231412E+00   1.291441E-04   6.393185E+01  -6.111023E-17  -3.695931E-19  -1.829644E-13   1.200000E+02   4.603456E-01
  1.422000000000E+01   8.231412E+00   1.296993E-04   6.393841E+01  -6.111099E-17   7.741977E-20   3.816594E-14   1.200000E+02   4.610832E-01
  1.422500000000E+01   8.231413E+00   1.302157E-04   6.394467E+01  -6.110969E-17   5.477970E-19   2.690052E-13   1.200000E+02   4.618195E-01
  1.423000000000E+01   8.231414E+00   1.304845E-04   6.394908E+01  -6.110579E-17   1.025032E-18   5.023573E-13   1.200000E+02   4.625545E-01
  1.423500000000E+01   8.231414E+00   1.303269E-04   6.395036E+01  -6.109960E-17   1.557174E-18   7.640930E-13   1.200000E+02   4.632882E-01
  1.424000000000E+01   8.231415E+00   1.296167E-04   6.394754E+01  -6.109098E-17   1.859968E-18   9.176315E-13   1.200000E+02   4.640207E-01
  1.424500000000E+01   8.231416E+00   1.282969E-04   6.394014E+01  -6.108127E-17   1.867621E-18   9.307782E-13   1.200000E+02   4.647521E-01
  1.425000000000E+01   8.231416E+00   1.263847E-04   6.392815E+01  -6.107215E-17   1.631797E-18   8.253989E-13   1.200000E+02   4.654824E-01
  1.425500000000E+01   8.231417E+00   1.239669E-04   6.391202E+01  -6.106525E-17   1.129876E-18   5.825156E-13   1.200000E+02   4.662116E-01
  1.426000000000E+01   8.231417E+00   1.211867E-04   6.389266E+01  -6.106077E-17   6.585046E-19   3.471802E-13   1.200000E+02   4.669399E-01
  1.426500000000E+01   8.231418E+00   1.182242E-04   6.387131E+01  -6.105926E-17  -5.950283E-20  -3.214674E-14   1.200000E+02   4.676673E-01
  1.427000000000E+01   8.231419E+00   1.152763E-04   6.384948E+01  -6.106170E-17  -8.439507E-19  -4.674490E-13   1.200000E+02   4.683938E-01
  1.427500000000E+01   8.231419E+00   1.125364E-04   6.382879E+01  -6.106748E-17  -1.464701E-18  -8.307545E-13   1.200000E+02   4.691193E-01
  1.428000000000E+01   8.231420E+00   1.101775E-04   6.381086E+01  -6.107611E-17  -1.986907E-18  -1.150746E-12   1.200000E+02   4.698439E-01
  1.428500000000E+01   8.231420E+00   1.083389E-04   6.379710E+01  -6.108683E-17  -2.164909E-18  -1.274842E-12   1.200000E+02   4.705675E-01
  1.429000000000E+01   8.231421E+00   1.071157E-04   6.378860E+01  -6.109785E-17  -2.134956E-18  -1.271390E-12   1.200000E+02   4.712900E-01
  1.429500000000E+01   8.231421E+00   1.065510E-04   6.378592E+01  -6.110794E-17  -1.837265E-18  -1.099864E-12   1.200000E+02   4.720114E-01
  1.430000000000E+01   8.231422E+00   1.066298E-04   6.378901E+01  -6.111614E-17  -1.422102E-18  -8.507424E-13   1.200000E+02   4.727316E-01
  1.430500000000E+01   8.231422E+00   1.072750E-04   6.379719E+01  -6.112175E-17  -8.407192E-19  -4.999817E-13   1.200000E+02   4.734506E-01
  1.431000000000E+01   8.231423E+00   1.083474E-04   6.380912E+01  -6.112414E-17  -9.689011E-20  -5.706155E-14   1.200000E+02   4.741683E-01
  1.431500000000E+01   8.231423E+00   1.096519E-04   6.382298E+01  -6.112260E-17   6.513347E-19   3.791100E-13   1.200000E+02   4.748846E-01
  1.432000000000E+01   8.231424E+00   1.109521E-04   6.383667E+01  -6.111803E-17   1.181552E-18   6.798100E-13   1.200000E+02   4.755996E-01
  1.432500000000E+01   8.231425E+00   1.119968E-04   6.384803E+01  -6.111123E-17   1.483477E-18   8.457126E-13   1.200000E+02   4.763132E-01
  1.433000000000E+01   8.231425E+00   1.125538E-04   6.385516E+01  -6.110313E-17   1.633881E-18   9.269496E-13   1.200000E+02   4.770256E-01
  1.433500000000E+01   8.231426E+00   1.124471E-04   6.385660E+01  -6.109505E-17   1.593356E-18   9.048371E-13   1.200000E+02   4.777368E-01
  1.434000000000E+01   8.231426E+00   1.115864E-04   6.385158E+01  -6.108796E-17   1.184522E-18   6.778030E-13   1.200000E+02   4.784468E-01
  1.434500000000E+01   8.231427E+00   1.099815E-04   6.384003E+01  -6.108335E-17   6.077858E-19   3.527962E-13   1.200000E+02   4.791558E-01
  1.435000000000E+01   8.231427E+00   1.077360E-04   6.382257E+01  -6.108165E-17  -4.237440E-21  -2.510250E-15   1.200000E+02   4.798638E-01
  1.435500000000E+01   8.231428E+00   1.050240E-04   6.380044E+01  -6.108343E-17  -6.408304E-19  -3.892945E-13   1.200000E+02   4.805710E-01
  1.436000000000E+01   8.231428E+00   1.020563E-04   6.377526E+01  -6.108774E-17  -1.058198E-18  -6.612709E-13   1.200000E+02   4.812772E-01
  1.436500000000E+01   8.231429E+00   9.904656E-05   6.374887E+01  -6.109357E-17  -1.237858E-18  -7.967170E-13   1.200000E+02   4.819827E-01
  1.437000000000E+01   8.231429E+00   9.618508E-05   6.372306E+01  -6.110018E-17  -1.345280E-18  -8.912539E-13   1.200000E+02   4.826873E-01
  1.437500000000E+01   8.231430E+00   9.362278E-05   6.369947E+01  -6.110629E-17  -1.104284E-18  -7.513375E-13   1.200000E+02   4.833910E-01
  1.438000000000E+01   8.231430E+00   9.146584E-05   6.367943E+01  -6.111067E-17  -5.620038E-19  -3.912726E-13   1.200000E+02   4.840938E-01
  1.438500000000E+01   8.231431E+00   8.977708E-05   6.366386E+01  -6.111224E-17  -6.085231E-20  -4.315236E-14   1.200000E+02   4.847957E-01
  1.439000000000E+01   8.231431E+00   8.858077E-05   6.365331E+01  -6.111138E-17   4.348992E-19   3.125145E-13   1.200000E+02   4.854966E-01
  1.439500000000E+01   8.231432E+00   8.786749E-05   6.364787E+01  -6.110837E-17   7.569745E-19   5.483235E-13   1.200000E+02   4.861965E-01
  1.440000000000E+01   8.231432E+00   8.759729E-05   6.364723E+01  -6.110379E-17   1.035178E-18   7.521490E-13   1.200000E+02   4.868952E-01
  1.440500000000E+01   8.231433E+00   8.770071E-05   6.365067E+01  -6.109837E-17   1.079144E-18   7.832117E-13   1.200000E+02   4.875929E-01
  1.441000000000E+01   8.231433E+00   8.807865E-05   6.365711E+01  -6.109328E-17   9.254333E-19   6.688387E-13   1.200000E+02   4.882893E-01
  1.441500000000E+01   8.231433E+00   8.860333E-05   6.366512E+01  -6.108979E-17   4.746361E-19   3.410455E-13   1.200000E+02   4.889846E-01
  1.442000000000E+01   8.231434E+00   8.912309E-05   6.367303E+01  -6.108854E-17   3.381602E-20   2.415950E-14   1.200000E+02   4.896787E-01
  1.442500000000E+01   8.231434E+00   8.947368E-05   6.367910E+01  -6.108961E-17  -4.524154E-19  -3.219875E-13   1.200000E+02   4.903717E-01
  1.443000000000E+01   8.231435E+00   8.949726E-05   6.368165E+01  -6.109299E-17  -8.179597E-19  -5.820181E-13   1.200000E+02   4.910635E-01
  1.443500000000E+01   8.231435E+00   8.906712E-05   6.367931E+01  -6.109789E-17  -1.043352E-18  -7.459533E-13   1.200000E+02   4.917542E-01
  1.444000000000E+01   8.231436E+00   8.811306E-05   6.367126E+01  -6.110316E-17  -1.044612E-18  -7.548456E-13   1.200000E+02   4.924438E-01
  1.444500000000E+01   8.231436E+00   8.663993E-05   6.365736E+01  -6.110782E-17  -8.058687E-19  -5.920996E-13   1.200000E+02   4.931325E-01
  1.445000000000E+01   8.231437E+00   8.473254E-05   6.363827E+01  -6.111102E-17  -4.409026E-19  -3.311394E-13   1.200000E+02   4.938203E-01
  1.445500000000E+01   8.231437E+00   8.254390E-05   6.361542E+01  -6.111222E-17  -2.133956E-20  -1.644610E-14   1.200000E+02   4.945072E-01
  1.446000000000E+01   8.231437E+00   8.026997E-05   6.359088E+01  -6.111125E-17   3.748791E-19   2.969839E-13   1.200000E+02   4.951932E-01
  1.446500000000E+01   8.231438E+00   7.811776E-05   6.356706E+01  -6.110853E-17   7.313025E-19   5.950855E-13   1.200000E+02   4.958784E-01
  1.447000000000E+01   8.231438E+00   7.627552E-05   6.354642E+01  -6.110449E-17   8.771567E-19   7.307740E-13   1.200000E+02   4.965627E-01
  1.447500000000E+01   8.231439E+00   7.489053E-05   6.353109E+01  -6.110019E-17   8.389034E-19   7.116581E-13   1.200000E+02   4.972461E-01
  1.448000000000E+01   8.231439E+00   7.405668E-05   6.352261E+01  -6.109619E-17   7.265962E-19   6.232427E-13   1.200000E+02   4.979285E-01
  1.448500000000E+01   8.231439E+00   7.381043E-05   6.352167E+01  -6.109321E-17   4.913269E-19   4.228386E-13   1.200000E+02   4.986099E-01
  1.449000000000E+01   8.231440E+00   7.413262E-05   6.352811E+01  -6.109172E-17   1.022135E-19   8.759210E-14   1.200000E+02   4.992902E-01
  1.449500000000E+01   8.231440E+00   7.495427E-05   6.354094E+01  -6.109205E-17  -1.501917E-19  -1.273219E-13   1.200000E+02   4.999694E-01
  1.450000000000E+01   8.231440E+00   7.616546E-05   6.355858E+01  -6.109354E-17  -4.771987E-19  -3.982129E-13   1.200000E+02   5.006474E-01
  1.450500000000E+01   8.231441E+00   7.762723E-05   6.357907E+01  -6.109679E-17  -7.934762E-19  -6.498812E-13   1.200000E+02   5.013242E-01
  1.451000000000E+01   8.231441E+00   7.918621E-05   6.360040E+01  -6.110117E-17  -9.197690E-19  -7.387356E-13   1.200000E+02   5.019997E-01
  1.451500000000E+01   8.231442E+00   8.069029E-05   6.362070E+01  -6.110573E-17  -8.423391E-19  -6.641469E-13   1.200000E+02   5.026740E-01
  1.452000000000E+01   8.231442E+00   8.200279E-05   6.363842E+01  -6.110979E-17  -7.530569E-19  -5.844112E-13   1.200000E+02   5.033471E-01
  1.452500000000E+01   8.231442E+00   8.301231E-05   6.365239E+01  -6.111312E-17  -5.493701E-19  -4.212474E-13   1.200000E+02   5.040190E-01
  1.453000000000E+01   8.231443E+00   8.363674E-05   6.366181E+01  -6.111523E-17  -2.894666E-19  -2.203334E-13   1.200000E+02   5.046898E-01
  1.453500000000E+01   8.231443E+00   8.382246E-05   6.366616E+01  -6.111593E-17  -3.748427E-20  -2.847064E-14   1.200000E+02   5.053595E-01
  1.454000000000E+01   8.231444E+00   8.354125E-05   6.366515E+01  -6.111554E-17   1.731488E-19   1.319533E-13   1.200000E+02   5.060281E-01
  1.454500000000E+01   8.231444E+00   8.278839E-05   6.365868E+01  -6.111447E-17   2.591611E-19   1.992774E-13   1.200000E+02   5.066958E-01
  1.455000000000E+01   8.231444E+00   8.158390E-05   6.364682E+01  -6.111301E-17   3.451518E-19   2.692665E-13   1.200000E+02   5.073625E-01
  1.455500000000E+01   8.231445E+00   7.997661E-05   6.362992E+01  -6.111111E-17   4.479657E-19   3.564045E-13   1.200000E+02   5.080284E-01
  1.456000000000E+01   8.231445E+00   7.804852E-05   6.360870E+01  -6.110870E-17   4.538647E-19   3.698949E-13   1.200000E+02   5.086934E-01
  1.456500000000E+01   8.231446E+00   7.591550E-05   6.358430E+01  -6.110681E-17   3.646479E-19   3.054170E-13   1.200000E+02   5.093576E-01
  1.457000000000E+01   8.231446E+00   7.372181E-05   6.355835E+01  -6.110495E-17   3.251130E-19   2.802922E-13   1.200000E+02   5.100210E-01
  1.457500000000E+01   8.231446E+00   7.162780E-05   6.353289E+01  -6.110327E-17   3.689897E-19   3.272889E-13   1.200000E+02   5.106836E-01
  1.458000000000E+01   8.231447E+00   6.979299E-05   6.351017E+01  -6.110163E-17   2.877426E-19   2.618398E-13   1.200000E+02   5.113454E-01
  1.458500000000E+01   8.231447E+00   6.835825E-05   6.349242E+01  -6.110026E-17   2.947732E-19   2.737908E-13   1.200000E+02   5.120064E-01
  1.459000000000E+01   8.231447E+00   6.742988E-05   6.348148E+01  -6.109882E-17   2.323146E-19   2.187113E-13   1.200000E+02   5.126665E-01
  1.459500000000E+01   8.231448E+00   6.706739E-05   6.347849E+01  -6.109811E-17   7.442585E-20   7.044319E-14   1.200000E+02   5.133256E-01
  1.460000000000E+01   8.231448E+00   6.727481E-05   6.348364E+01  -6.109839E-17  -1.941255E-19  -1.831858E-13   1.200000E+02   5.139837E-01
  1.460500000000E+01   8.231448E+00   6.799537E-05   6.349605E+01  -6.110023E-17  -5.256971E-19  -4.909112E-13   1.200000E+02   5.146408E-01
  1.461000000000E+01   8.231449E+00   6.911064E-05   6.351384E+01  -6.110339E-17  -7.360470E-19  -6.764396E-13   1.200000E+02   5.152968E-01
  1.461500000000E+01   8.231449E+00   7.044678E-05   6.353439E+01  -6.110769E-17  -9.710809E-19  -8.757964E-13   1.200000E+02   5.159516E-01
  1.462000000000E+01   8.231449E+00   7.179170E-05   6.355472E+01  -6.111294E-17  -1.102890E-18  -9.763507E-13   1.200000E+02   5.166053E-01
  1.462500000000E+01   8.231450E+00   7.292464E-05   6.357191E+01  -6.111850E-17  -1.081642E-18  -9.429193E-13   1.200000E+02   5.172579E-01
  1.463000000000E+01   8.231450E+00   7.365497E-05   6.358364E+01  -6.112349E-17  -9.206119E-19  -7.947306E-13   1.200000E+02   5.179094E-01
  1.463500000000E+01   8.231451E+00   7.386087E-05   6.358847E+01  -6.112730E-17  -5.683129E-19  -4.892733E-13   1.200000E+02   5.185598E-01
  1.464000000000E+01   8.231451E+00   7.351532E-05   6.358613E+01  -6.112913E-17  -1.624535E-19  -1.405121E-13   1.200000E+02   5.192093E-01
  1.464500000000E+01   8.231451E+00   7.268979E-05   6.357744E+01  -6.112871E-17   2.818881E-19   2.465507E-13   1.200000E+02   5.198578E-01
  1.465000000000E+01   8.231452E+00   7.153417E-05   6.356420E+01  -6.112629E-17   6.702076E-19   5.955365E-13   1.200000E+02   5.205055E-01
  1.465500000000E+01   8.231452E+00   7.024049E-05   6.354882E+01  -6.112205E-17   9.853723E-19   8.914979E-13   1.200000E+02   5.211523E-01
  1.466000000000E+01   8.231452E+00   6.900271E-05   6.353390E+01  -6.111659E-17   1.180421E-18   1.086866E-12   1.200000E+02   5.217983E-01
  1.466500000000E+01   8.231453E+00   6.798310E-05   6.352174E+01  -6.111070E-17   1.194940E-18   1.116523E-12   1.200000E+02   5.224434E-01
  1.467000000000E+01   8.231453E+00   6.729060E-05   6.351405E+01  -6.110521E-17   9.673307E-19   9.130412E-13   1.200000E+02   5.230877E-01
  1.467500000000E+01   8.231453E+00   6.697132E-05   6.351162E+01  -6.110090E-17   7.359895E-19   6.979687E-13   1.200000E+02   5.237311E-01
  1.468000000000E+01   8.231454E+00   6.700849E-05   6.351428E+01  -6.109791E-17   4.065608E-19   3.853604E-13   1.200000E+02   5.243735E-01
  1.468500000000E+01   8.231454E+00   6.732945E-05   6.352100E+01  -6.109684E-17  -3.294560E-20  -3.108205E-14   1.200000E+02   5.250149E-01
  1.469000000000E+01   8.231454E+00   6.781842E-05   6.353007E+01  -6.109803E-17  -4.463486E-19  -4.181247E-13   1.200000E+02   5.256553E-01
  1.469500000000E+01   8.231455E+00   6.833464E-05   6.353947E+01  -6.110086E-17  -6.941721E-19  -6.454607E-13   1.200000E+02   5.262948E-01
  1.470000000000E+01   8.231455E+00   6.873501E-05   6.354719E+01  -6.110501E-17  -9.580686E-19  -8.857578E-13   1.200000E+02   5.269332E-01
  1.470500000000E+01   8.231455E+00   6.889849E-05   6.355158E+01  -6.111001E-17  -1.013444E-18  -9.347951E-13   1.200000E+02   5.275706E-01
  1.471000000000E+01   8.231456E+00   6.874769E-05   6.355159E+01  -6.111492E-17  -8.960193E-19  -8.282963E-13   1.200000E+02   5.282071E-01
  1.471500000000E+01   8.231456E+00   6.826224E-05   6.354690E+01  -6.111892E-17  -6.592567E-19  -6.137172E-13   1.200000E+02   5.288427E-01
  1.472000000000E+01   8.231456E+00   6.748068E-05   6.353795E+01  -6.112184E-17  -5.030375E-19  -4.736462E-13   1.200000E+02   5.294774E-01
  1.472500000000E+01   8.231457E+00   6.649048E-05   6.352586E+01  -6.112366E-17  -1.743670E-19  -1.665925E-13   1.200000E+02   5.301113E-01
  1.473000000000E+01   8.231457E+00   6.540982E-05   6.351222E+01  -6.112394E-17   4.596052E-20   4.462716E-14   1.200000E+02   5.307443E-01
  1.473500000000E+01   8.231457E+00   6.436616E-05   6.349888E+01  -6.112299E-17   2.702442E-19   2.666029E-13   1.200000E+02   5.313766E-01
  1.474000000000E+01   8.231458E+00   6.347656E-05   6.348761E+01  -6.112099E-17   4.836070E-19   4.836911E-13   1.200000E+02   5.320080E-01
  1.474500000000E+01   8.231458E+00   6.283290E-05   6.347992E+01  -6.111842E-17   5.123050E-19   5.175804E-13   1.200000E+02   5.326386E-01
  1.475000000000E+01   8.231458E+00   6.249256E-05   6.347679E+01  -6.111585E-17   4.792107E-19   4.867581E-13   1.200000E+02   5.332683E-01
  1.475500000000E+01   8.231459E+00   6.247410E-05   6.347859E+01  -6.111371E-17   3.571752E-19   3.629181E-13   1.200000E+02   5.338971E-01
  1.476000000000E+01   8.231459E+00   6.275676E-05   6.348501E+01  -6.111248E-17   1.487548E-19   1.504810E-13   1.200000E+02   5.345249E-01
  1.476500000000E+01   8.231459E+00   6.328334E-05   6.349511E+01  -6.111237E-17  -1.591209E-19  -1.596534E-13   1.200000E+02   5.351519E-01
  1.477000000000E+01   8.231460E+00   6.396642E-05   6.350749E+01  -6.111371E-17  -3.612915E-19  -3.586994E-13   1.200000E+02   5.357778E-01
  1.477500000000E+01   8.231460E+00   6.469863E-05   6.352049E+01  -6.111601E-17  -6.111112E-19  -5.999830E-13   1.200000E+02   5.364027E-01
  1.478000000000E+01   8.231460E+00   6.536682E-05   6.353242E+01  -6.111915E-17  -6.910356E-19  -6.716430E-13   1.200000E+02   5.370267E-01
  1.478500000000E+01   8.231461E+00   6.586880E-05   6.354183E+01  -6.112282E-17  -7.749607E-19  -7.475834E-13   1.200000E+02   5.376497E-01
  1.479000000000E+01   8.231461E+00   6.612995E-05   6.354769E+01  -6.112668E-17  -7.675991E-19  -7.376257E-13   1.200000E+02   5.382717E-01
  1.479500000000E+01   8.231461E+00   6.611554E-05   6.354954E+01  -6.113021E-17  -5.739707E-19  -5.516945E-13   1.200000E+02   5.388928E-01
  1.480000000000E+01   8.231462E+00   6.583564E-05   6.354753E+01  -6.113259E-17  -3.545616E-19  -3.422388E-13   1.200000E+02   5.395131E-01
  1.480500000000E+01   8.231462E+00   6.534115E-05   6.354234E+01  -6.113354E-17  -1.533354E-20  -1.491142E-14   1.200000E+02   5.401325E-01
  1.481000000000E+01   8.231462E+00   6.471218E-05   6.353511E+01  -6.113292E-17   3.006575E-19   2.951888E-13   1.200000E+02   5.407510E-01
  1.481500000000E+01   8.231463E+00   6.404234E-05   6.352717E+01  -6.113087E-17   4.961268E-19   4.921358E-13   1.200000E+02   5.413688E-01
  1.482000000000E+01   8.231463E+00   6.342300E-05   6.351989E+01  -6.112785E-17   6.454009E-19   6.463868E-13   1.200000E+02   5.419857E-01
  1.482500000000E+01   8.231463E+00   6.293064E-05   6.351445E+01  -6.112452E-17   6.529316E-19   6.589888E-13   1.200000E+02   5.426018E-01
  1.483000000000E+01   8.231464E+00   6.261909E-05   6.351172E+01  -6.112147E-17   5.805444E-19   5.888200E-13   1.200000E+02   5.432171E-01
  1.483500000000E+01   8.231464E+00   6.251671E-05   6.351219E+01  -6.111882E-17   4.384485E-19   4.454301E-13   1.200000E+02   5.438315E-01
  1.484000000000E+01   8.231464E+00   6.262744E-05   6.351592E+01  -6.111690E-17   2.835997E-19   2.876230E-13   1.200000E+02   5.444450E-01
  1.484500000000E+01   8.231464E+00   6.293450E-05   6.352265E+01  -6.111608E-17   7.816106E-20   7.889151E-14   1.200000E+02   5.450576E-01
  1.485000000000E+01   8.231465E+00   6.340509E-05   6.353183E+01  -6.111599E-17  -5.460640E-20  -5.471555E-14   1.200000E+02   5.456693E-01
  1.485500000000E+01   8.231465E+00   6.399511E-05   6.354275E+01  -6.111655E-17  -1.741616E-19  -1.729305E-13   1.200000E+02   5.462801E-01
  1.486000000000E+01   8.231465E+00   6.465277E-05   6.355458E+01  -6.111774E-17  -2.158172E-19  -2.121514E-13   1.200000E+02   5.468900E-01
  1.486500000000E+01   8.231466E+00   6.532104E-05   6.356647E+01  -6.111884E-17  -2.317559E-19  -2.255308E-13   1.200000E+02   5.474989E-01
  1.487000000000E+01   8.231466E+00   6.593909E-05   6.357753E+01  -6.112003E-17  -1.755817E-19  -1.692934E-13   1.200000E+02   5.481069E-01
  1.487500000000E+01   8.231466E+00   6.644389E-05   6.358686E+01  -6.112046E-17  -1.861956E-20  -1.781894E-14   1.200000E+02   5.487139E-01
  1.488000000000E+01   8.231467E+00   6.677335E-05   6.359362E+01  -6.112023E-17   1.064130E-19   1.013456E-13   1.200000E+02   5.493201E-01
  1.488500000000E+01   8.231467E+00   6.687217E-05   6.359705E+01  -6.111941E-17   2.064851E-19   1.963723E-13   1.200000E+02   5.499254E-01
  1.489000000000E+01   8.231467E+00   6.670055E-05   6.359659E+01  -6.111817E-17   2.663434E-19   2.539489E-13   1.200000E+02   5.505298E-01
  1.489500000000E+01   8.231468E+00   6.624439E-05   6.359200E+01  -6.111705E-17   2.325880E-19   2.232753E-13   1.200000E+02   5.511334E-01
  1.490000000000E+01   8.231468E+00   6.552430E-05   6.358351E+01  -6.111643E-17   8.040742E-20   7.802579E-14   1.200000E+02   5.517362E-01
  1.490500000000E+01   8.231468E+00   6.459988E-05   6.357186E+01  -6.111654E-17  -1.449210E-19  -1.426148E-13   1.200000E+02   5.523383E-01
  1.491000000000E+01   8.231469E+00   6.356674E-05   6.355838E+01  -6.111785E-17  -3.771445E-19  -3.770949E-13   1.200000E+02   5.529396E-01
  1.491500000000E+01   8.231469E+00   6.254592E-05   6.354483E+01  -6.112002E-17  -4.893713E-19  -4.971869E-13   1.200000E+02   5.535403E-01
  1.492000000000E+01   8.231469E+00   6.166754E-05   6.353324E+01  -6.112276E-17  -6.152024E-19  -6.338148E-13   1.200000E+02   5.541401E-01
  1.492500000000E+01   8.231470E+00   6.105203E-05   6.352560E+01  -6.112585E-17  -6.409008E-19  -6.668674E-13   1.200000E+02   5.547393E-01
  1.493000000000E+01   8.231470E+00   6.079217E-05   6.352349E+01  -6.112902E-17  -6.081253E-19  -6.354476E-13   1.200000E+02   5.553376E-01
  1.493500000000E+01   8.231470E+00   6.093781E-05   6.352776E+01  -6.113172E-17  -4.579914E-19  -4.774568E-13   1.200000E+02   5.559351E-01
  1.494000000000E+01   8.231471E+00   6.148427E-05   6.353831E+01  -6.113365E-17  -3.026154E-19  -3.127251E-13   1.200000E+02   5.565317E-01
  1.494500000000E+01   8.231471E+00   6.236503E-05   6.355394E+01  -6.113453E-17  -8.273131E-20  -8.430848E-14   1.200000E+02   5.571275E-01
  1.495000000000E+01   8.231471E+00   6.345099E-05   6.357249E+01  -6.113448E-17   1.233637E-19   1.236000E-13   1.200000E+02   5.577223E-01
  1.495500000000E+01   8.231472E+00   6.455976E-05   6.359109E+01  -6.113308E-17   4.113261E-19   4.051545E-13   1.200000E+02   5.583161E-01
  1.496000000000E+01   8.231472E+00   6.547846E-05   6.360662E+01  -6.113043E-17   6.296255E-19   6.116263E-13   1.200000E+02   5.589091E-01
  1.496500000000E+01   8.231472E+00   6.600022E-05   6.361620E+01  -6.112701E-17   7.112172E-19   6.855270E-13   1.200000E+02   5.595011E-01
  1.497000000000E+01   8.231473E+00   6.596796E-05   6.361769E+01  -6.112327E-17   7.334311E-19   7.073008E-13   1.200000E+02   5.600923E-01
  1.497500000000E+01   8.231473E+00   6.531288E-05   6.361007E+01  -6.111991E-17   6.160443E-19   5.999830E-13   1.200000E+02   5.606827E-01
  1.498000000000E+01   8.231473E+00   6.407360E-05   6.359363E+01  -6.111718E-17   4.666740E-19   4.631783E-13   1.200000E+02   5.612724E-01
  1.498500000000E+01   8.231473E+00   6.238804E-05   6.356999E+01  -6.111557E-17   1.724362E-19   1.757031E-13   1.200000E+02   5.618614E-01
  1.499000000000E+01   8.231474E+00   6.046139E-05   6.354183E+01  -6.111523E-17  -2.895955E-20  -3.043501E-14   1.200000E+02   5.624499E-01
  1.499500000000E+01   8.231474E+00   5.852244E-05   6.351249E+01  -6.111586E-17  -1.987950E-19  -2.157457E-13   1.200000E+02   5.630377E-01
  1.500000000000E+01   8.231474E+00   5.678306E-05   6.348547E+01  -6.111710E-17  -3.037021E-19  -3.395497E-13   1.200000E+02   5.636250E-01
