# SCEC TPV101 on-fault time series
# problem=TPV101
# author=Tatva validation workflow
# date=2026-08-26
# code=Tatva
# code_version=TPV101-validation-1
# element_size=100 m
# time_step=5.000000000000e-03
# internal_time_step=1.000000000000e-03
# num_time_steps=3001
# location=on fault, 9 km along strike, 7.5 km down-dip
# Column #1 = Time (s)
# Column #2 = horizontal slip (m)
# Column #3 = horizontal slip rate (m/s)
# Column #4 = horizontal shear stress (MPa)
# Column #5 = vertical slip (m)
# Column #6 = vertical slip rate (m/s)
# Column #7 = vertical shear stress (MPa)
# Column #8 = normal stress, positive in compression (MPa)
# Column #9 = log10 of state variable (log-seconds)
t h-slip h-slip-rate h-shear-stress v-slip v-slip-rate v-shear-stress n-stress log-theta
  0.000000000000E+00   0.000000E+00   1.000000E-12   7.500000E+01   0.000000E+00   0.000000E+00   0.000000E+00   1.200000E+02   9.205810E+00
  5.000000000000E-03   5.000356E-15   1.000089E-12   7.500009E+01  -8.221681E-46  -2.571821E-43  -1.928696E-29   1.200000E+02   9.205810E+00
  1.000000000000E-02   1.000080E-14   1.000089E-12   7.500009E+01  -3.116838E-45  -6.689011E-43  -5.016318E-29   1.200000E+02   9.205810E+00
  1.500000000000E-02   1.500124E-14   1.000089E-12   7.500009E+01  -7.047042E-45  -7.650652E-43  -5.737485E-29   1.200000E+02   9.205810E+00
  2.000000000000E-02   2.000169E-14   1.000089E-12   7.500009E+01  -1.059999E-44  -1.095311E-42  -8.214113E-29   1.200000E+02   9.205810E+00
  2.500000000000E-02   2.500213E-14   1.000089E-12   7.500009E+01  -1.752302E-44  -2.075148E-42  -1.556224E-28   1.200000E+02   9.205810E+00
  3.000000000000E-02   3.000258E-14   1.000089E-12   7.500009E+01  -2.699720E-44  -1.947192E-42  -1.460266E-28   1.200000E+02   9.205810E+00
  3.500000000000E-02   3.500302E-14   1.000089E-12   7.500009E+01  -3.911072E-44  -5.492324E-43  -4.118881E-29   1.200000E+02   9.205810E+00
  4.000000000000E-02   4.000347E-14   1.000089E-12   7.500009E+01  -4.301056E-44  -1.063936E-42  -7.978819E-29   1.200000E+02   9.205810E+00
  4.500000000000E-02   4.500391E-14   1.000089E-12   7.500009E+01  -5.884032E-44  -2.855671E-42  -2.141565E-28   1.200000E+02   9.205810E+00
  5.000000000000E-02   5.000436E-14   1.000089E-12   7.500009E+01  -7.026879E-44  -3.871788E-42  -2.903586E-28   1.200000E+02   9.205810E+00
  5.500000000000E-02   5.500480E-14   1.000089E-12   7.500009E+01  -8.448566E-44  -4.698904E-42  -3.523869E-28   1.200000E+02   9.205810E+00
  6.000000000000E-02   6.000525E-14   1.000089E-12   7.500009E+01  -1.109576E-43  -5.893161E-42  -4.419483E-28   1.200000E+02   9.205810E+00
  6.500000000000E-02   6.500569E-14   1.000089E-12   7.500009E+01  -1.399543E-43  -6.409014E-42  -4.806338E-28   1.200000E+02   9.205810E+00
  7.000000000000E-02   7.000613E-14   1.000089E-12   7.500009E+01  -1.636800E-43  -8.505882E-42  -6.378851E-28   1.200000E+02   9.205810E+00
  7.500000000000E-02   7.500658E-14   1.000089E-12   7.500009E+01  -1.975186E-43  -5.502198E-42  -4.126287E-28   1.200000E+02   9.205810E+00
  8.000000000000E-02   8.000702E-14   1.000089E-12   7.500009E+01  -2.247055E-43  -7.001938E-42  -5.250993E-28   1.200000E+02   9.205810E+00
  8.500000000000E-02   8.500747E-14   1.000089E-12   7.500009E+01  -2.629757E-43  -8.100906E-42  -6.075147E-28   1.200000E+02   9.205810E+00
  9.000000000000E-02   9.000791E-14   1.000089E-12   7.500009E+01  -2.986373E-43  -7.661599E-42  -5.745695E-28   1.200000E+02   9.205810E+00
  9.500000000000E-02   9.500836E-14   1.000089E-12   7.500009E+01  -3.423200E-43  -1.286392E-41  -9.647093E-28   1.200000E+02   9.205810E+00
  1.000000000000E-01   1.000088E-13   1.000089E-12   7.500009E+01  -3.942066E-43  -8.113518E-42  -6.084605E-28   1.200000E+02   9.205810E+00
  1.050000000000E-01   1.050092E-13   1.000089E-12   7.500009E+01  -4.391322E-43  -9.764248E-42  -7.322543E-28   1.200000E+02   9.205810E+00
  1.100000000000E-01   1.100097E-13   1.000089E-12   7.500009E+01  -5.008188E-43  -1.270137E-41  -9.525191E-28   1.200000E+02   9.205810E+00
  1.150000000000E-01   1.150101E-13   1.000089E-12   7.500009E+01  -5.614726E-43  -1.101631E-41  -8.261506E-28   1.200000E+02   9.205810E+00
  1.200000000000E-01   1.200106E-13   1.000089E-12   7.500009E+01  -6.241849E-43  -1.017763E-41  -7.632553E-28   1.200000E+02   9.205810E+00
  1.250000000000E-01   1.250110E-13   1.000089E-12   7.500009E+01  -6.734167E-43  -6.495018E-42  -4.870836E-28   1.200000E+02   9.205810E+00
  1.300000000000E-01   1.300115E-13   1.000089E-12   7.500009E+01  -7.168640E-43  -1.318762E-41  -9.889847E-28   1.200000E+02   9.205810E+00
  1.350000000000E-01   1.350119E-13   1.000089E-12   7.500009E+01  -7.895185E-43  -1.678756E-41  -1.258956E-27   1.200000E+02   9.205810E+00
  1.400000000000E-01   1.400124E-13   1.000089E-12   7.500009E+01  -8.527437E-43  -1.025821E-41  -7.692979E-28   1.200000E+02   9.205810E+00
  1.450000000000E-01   1.450128E-13   1.000089E-12   7.500009E+01  -9.099713E-43  -1.456510E-41  -1.092286E-27   1.200000E+02   9.205810E+00
  1.500000000000E-01   1.500132E-13   1.000089E-12   7.500009E+01  -9.567164E-43  -7.692691E-42  -5.769012E-28   1.200000E+02   9.205810E+00
  1.550000000000E-01   1.550137E-13   1.000089E-12   7.500009E+01  -1.052884E-42  -2.316066E-41  -1.736897E-27   1.200000E+02   9.205810E+00
  1.600000000000E-01   1.600141E-13   1.000089E-12   7.500009E+01  -1.117948E-42  -1.840816E-41  -1.380491E-27   1.200000E+02   9.205810E+00
  1.650000000000E-01   1.650146E-13   1.000089E-12   7.500009E+01  -1.176972E-42  -1.227608E-41  -9.206248E-28   1.200000E+02   9.205810E+00
  1.700000000000E-01   1.700150E-13   1.000089E-12   7.500009E+01  -1.217326E-42  -7.309173E-42  -5.481399E-28   1.200000E+02   9.205810E+00
  1.750000000000E-01   1.750155E-13   1.000089E-12   7.500009E+01  -1.236738E-42  -4.769319E-42  -3.576676E-28   1.200000E+02   9.205810E+00
  1.800000000000E-01   1.800159E-13   1.000089E-12   7.500009E+01  -1.279978E-42  -7.020856E-42  -5.265180E-28   1.200000E+02   9.205810E+00
  1.850000000000E-01   1.850164E-13   1.000089E-12   7.500009E+01  -1.313613E-42  -1.081242E-41  -8.108603E-28   1.200000E+02   9.205810E+00
  1.900000000000E-01   1.900168E-13   1.000089E-12   7.500009E+01  -1.361550E-42  -7.805232E-42  -5.853411E-28   1.200000E+02   9.205810E+00
  1.950000000000E-01   1.950172E-13   1.000089E-12   7.500009E+01  -1.461869E-42  -2.931236E-41  -2.198234E-27   1.200000E+02   9.205810E+00
  2.000000000000E-01   2.000177E-13   1.000089E-12   7.500009E+01  -1.603401E-42  -2.909936E-41  -2.182261E-27   1.200000E+02   9.205810E+00
  2.050000000000E-01   2.050181E-13   1.000089E-12   7.500009E+01  -1.763306E-42  -2.926752E-41  -2.194871E-27   1.200000E+02   9.205810E+00
  2.100000000000E-01   2.100186E-13   1.000089E-12   7.500009E+01  -1.927162E-42  -3.224388E-41  -2.418079E-27   1.200000E+02   9.205810E+00
  2.150000000000E-01   2.150190E-13   1.000089E-12   7.500009E+01  -2.058158E-42  -1.903384E-41  -1.427413E-27   1.200000E+02   9.205810E+00
  2.200000000000E-01   2.200195E-13   1.000089E-12   7.500009E+01  -2.183381E-42  -2.778495E-41  -2.083688E-27   1.200000E+02   9.205810E+00
  2.250000000000E-01   2.250199E-13   1.000089E-12   7.500009E+01  -2.328802E-42  -2.503280E-41  -1.877295E-27   1.200000E+02   9.205810E+00
  2.300000000000E-01   2.300204E-13   1.000089E-12   7.500009E+01  -2.419773E-42  -1.597480E-41  -1.198005E-27   1.200000E+02   9.205810E+00
  2.350000000000E-01   2.350208E-13   1.000089E-12   7.500009E+01  -2.439718E-42  -3.868810E-42  -2.901353E-28   1.200000E+02   9.205810E+00
  2.400000000000E-01   2.400212E-13   1.000089E-12   7.500009E+01  -2.446283E-42   6.799801E-42   5.099403E-28   1.200000E+02   9.205810E+00
  2.450000000000E-01   2.450217E-13   1.000089E-12   7.500009E+01  -2.442141E-42   1.370120E-42   1.027500E-28   1.200000E+02   9.205810E+00
  2.500000000000E-01   2.500221E-13   1.000089E-12   7.500009E+01  -2.439369E-42  -1.338240E-42  -1.003592E-28   1.200000E+02   9.205810E+00
  2.550000000000E-01   2.550226E-13   1.000089E-12   7.500009E+01  -2.422602E-42   5.531100E-42   4.147961E-28   1.200000E+02   9.205810E+00
  2.600000000000E-01   2.600230E-13   1.000089E-12   7.500009E+01  -2.418471E-42   1.967554E-42   1.475536E-28   1.200000E+02   9.205810E+00
  2.650000000000E-01   2.650235E-13   1.000089E-12   7.500009E+01  -2.396217E-42   3.959719E-42   2.969529E-28   1.200000E+02   9.205810E+00
  2.700000000000E-01   2.700239E-13   1.000089E-12   7.500009E+01  -2.383897E-42   5.781407E-42   4.335675E-28   1.200000E+02   9.205810E+00
  2.750000000000E-01   2.750244E-13   1.000089E-12   7.500009E+01  -2.417280E-42  -6.758813E-42  -5.068665E-28   1.200000E+02   9.205810E+00
  2.800000000000E-01   2.800248E-13   1.000089E-12   7.500009E+01  -2.507558E-42  -2.330219E-41  -1.747511E-27   1.200000E+02   9.205810E+00
  2.850000000000E-01   2.850252E-13   1.000089E-12   7.500009E+01  -2.675865E-42  -2.859770E-41  -2.144639E-27   1.200000E+02   9.205810E+00
  2.900000000000E-01   2.900257E-13   1.000089E-12   7.500009E+01  -2.827211E-42  -3.834513E-41  -2.875632E-27   1.200000E+02   9.205810E+00
  2.950000000000E-01   2.950261E-13   1.000089E-12   7.500009E+01  -2.994544E-42  -1.702367E-41  -1.276664E-27   1.200000E+02   9.205810E+00
  3.000000000000E-01   3.000266E-13   1.000089E-12   7.500009E+01  -3.114213E-42  -2.344653E-41  -1.758335E-27   1.200000E+02   9.205810E+00
  3.050000000000E-01   3.050270E-13   1.000089E-12   7.500009E+01  -3.210700E-42  -4.606629E-41  -3.454668E-27   1.200000E+02   9.205810E+00
  3.100000000000E-01   3.100275E-13   1.000089E-12   7.500009E+01  -3.413157E-42  -1.188792E-41  -8.915154E-28   1.200000E+02   9.205810E+00
  3.150000000000E-01   3.150279E-13   1.000089E-12   7.500009E+01  -3.416765E-42   9.871272E-42   7.402804E-28   1.200000E+02   9.205810E+00
  3.200000000000E-01   3.200284E-13   1.000089E-12   7.500009E+01  -3.403197E-42  -2.534511E-42  -1.900716E-28   1.200000E+02   9.205810E+00
  3.250000000000E-01   3.250288E-13   1.000089E-12   7.500009E+01  -3.492785E-42  -2.118063E-41  -1.588408E-27   1.200000E+02   9.205810E+00
  3.300000000000E-01   3.300292E-13   1.000089E-12   7.500009E+01  -3.658791E-42  -4.295821E-41  -3.221583E-27   1.200000E+02   9.205810E+00
  3.350000000000E-01   3.350297E-13   1.000089E-12   7.500009E+01  -3.793408E-42  -2.746265E-41  -2.059518E-27   1.200000E+02   9.205810E+00
  3.400000000000E-01   3.400301E-13   1.000089E-12   7.500009E+01  -3.969462E-42  -3.971840E-41  -2.978619E-27   1.200000E+02   9.205810E+00
  3.450000000000E-01   3.450306E-13   1.000089E-12   7.500009E+01  -4.227548E-42  -5.041872E-41  -3.781072E-27   1.200000E+02   9.205810E+00
  3.500000000000E-01   3.500310E-13   1.000089E-12   7.500009E+01  -4.480095E-42  -5.990831E-41  -4.492729E-27   1.200000E+02   9.205810E+00
  3.550000000000E-01   3.550315E-13   1.000089E-12   7.500009E+01  -4.769362E-42  -6.058094E-41  -4.543171E-27   1.200000E+02   9.205810E+00
  3.600000000000E-01   3.600319E-13   1.000089E-12   7.500009E+01  -5.098029E-42  -6.264365E-41  -4.697861E-27   1.200000E+02   9.205810E+00
  3.650000000000E-01   3.650324E-13   1.000089E-12   7.500009E+01  -5.413545E-42  -4.089549E-41  -3.066893E-27   1.200000E+02   9.205810E+00
  3.700000000000E-01   3.700328E-13   1.000089E-12   7.500009E+01  -5.573814E-42  -2.205364E-41  -1.653877E-27   1.200000E+02   9.205810E+00
  3.750000000000E-01   3.750332E-13   1.000089E-12   7.500009E+01  -5.580400E-42   1.442076E-41   1.081462E-27   1.200000E+02   9.205810E+00
  3.800000000000E-01   3.800337E-13   1.000089E-12   7.500009E+01  -5.527491E-42   7.645484E-42   5.733610E-28   1.200000E+02   9.205810E+00
  3.850000000000E-01   3.850341E-13   1.000089E-12   7.500009E+01  -5.402688E-42   2.484222E-41   1.863003E-27   1.200000E+02   9.205810E+00
  3.900000000000E-01   3.900346E-13   1.000089E-12   7.500009E+01  -5.276832E-42   1.305660E-41   9.791589E-28   1.200000E+02   9.205810E+00
  3.950000000000E-01   3.950350E-13   1.000089E-12   7.500009E+01  -5.143217E-42   3.311408E-41   2.483338E-27   1.200000E+02   9.205810E+00
  4.000000000000E-01   4.000355E-13   1.000089E-12   7.500009E+01  -4.911739E-42   5.003196E-41   3.752068E-27   1.200000E+02   9.205810E+00
  4.050000000000E-01   4.050359E-13   1.000089E-12   7.500009E+01  -4.810783E-42   8.733943E-42   6.549882E-28   1.200000E+02   9.205810E+00
  4.100000000000E-01   4.100364E-13   1.000089E-12   7.500009E+01  -4.905948E-42  -3.685695E-41  -2.764029E-27   1.200000E+02   9.205810E+00
  4.150000000000E-01   4.150368E-13   1.000089E-12   7.500009E+01  -5.145570E-42  -6.410660E-41  -4.807573E-27   1.200000E+02   9.205810E+00
  4.200000000000E-01   4.200372E-13   1.000089E-12   7.500009E+01  -5.467544E-42  -7.401098E-41  -5.550336E-27   1.200000E+02   9.205810E+00
  4.250000000000E-01   4.250377E-13   1.000089E-12   7.500009E+01  -5.897821E-42  -8.051861E-41  -6.038366E-27   1.200000E+02   9.205810E+00
  4.300000000000E-01   4.300381E-13   1.000089E-12   7.500009E+01  -6.328210E-42  -6.580498E-41  -4.934940E-27   1.200000E+02   9.205810E+00
  4.350000000000E-01   4.350386E-13   1.000089E-12   7.500009E+01  -6.771166E-42  -9.945856E-41  -7.458737E-27   1.200000E+02   9.205810E+00
  4.400000000000E-01   4.400390E-13   1.000089E-12   7.500009E+01  -7.260612E-42  -9.639252E-41  -7.228804E-27   1.200000E+02   9.205810E+00
  4.450000000000E-01   4.450395E-13   1.000089E-12   7.500009E+01  -7.657852E-42  -7.951528E-41  -5.963123E-27   1.200000E+02   9.205810E+00
  4.500000000000E-01   4.500399E-13   1.000089E-12   7.500009E+01  -7.985005E-42  -4.378777E-41  -3.283795E-27   1.200000E+02   9.205810E+00
  4.550000000000E-01   4.550404E-13   1.000089E-12   7.500009E+01  -8.166027E-42  -9.561059E-42  -7.170165E-28   1.200000E+02   9.205810E+00
  4.600000000000E-01   4.600408E-13   1.000089E-12   7.500009E+01  -8.259717E-42  -2.859722E-42  -2.144603E-28   1.200000E+02   9.205810E+00
  4.650000000000E-01   4.650412E-13   1.000089E-12   7.500009E+01  -8.301842E-42  -3.939751E-42  -2.954554E-28   1.200000E+02   9.205810E+00
  4.700000000000E-01   4.700417E-13   1.000089E-12   7.500009E+01  -8.389040E-42  -1.462605E-41  -1.096858E-27   1.200000E+02   9.205810E+00
  4.750000000000E-01   4.750421E-13   1.000089E-12   7.500009E+01  -8.550895E-42  -4.753485E-41  -3.564801E-27   1.200000E+02   9.205810E+00
  4.800000000000E-01   4.800426E-13   1.000089E-12   7.500009E+01  -8.684793E-42  -2.219166E-41  -1.664229E-27   1.200000E+02   9.205810E+00
  4.850000000000E-01   4.850430E-13   1.000089E-12   7.500009E+01  -8.802185E-42  -2.815209E-42  -2.111221E-28   1.200000E+02   9.205810E+00
  4.900000000000E-01   4.900435E-13   1.000089E-12   7.500009E+01  -8.925031E-42  -1.757649E-41  -1.318121E-27   1.200000E+02   9.205810E+00
  4.950000000000E-01   4.950439E-13   1.000089E-12   7.500009E+01  -9.055840E-42  -4.645865E-41  -3.484093E-27   1.200000E+02   9.205810E+00
  5.000000000000E-01   5.000444E-13   1.000089E-12   7.500009E+01  -9.340309E-42  -5.998678E-41  -4.498614E-27   1.200000E+02   9.205810E+00
  5.050000000000E-01   5.050448E-13   1.000089E-12   7.500009E+01  -9.573670E-42  -8.798753E-42  -6.598486E-28   1.200000E+02   9.205810E+00
  5.100000000000E-01   5.100453E-13   1.000089E-12   7.500009E+01  -9.496252E-42   4.061944E-41   3.046191E-27   1.200000E+02   9.205810E+00
  5.150000000000E-01   5.150457E-13   1.000089E-12   7.500009E+01  -9.350924E-42   1.169813E-41   8.772825E-28   1.200000E+02   9.205810E+00
  5.200000000000E-01   5.200461E-13   1.000089E-12   7.500009E+01  -9.325660E-42  -1.817484E-42  -1.362993E-28   1.200000E+02   9.205810E+00
  5.250000000000E-01   5.250466E-13   1.000089E-12   7.500009E+01  -9.329796E-42  -8.646887E-42  -6.484596E-28   1.200000E+02   9.205810E+00
  5.300000000000E-01   5.300470E-13   1.000089E-12   7.500009E+01  -9.390495E-42  -3.547807E-41  -2.660622E-27   1.200000E+02   9.205810E+00
  5.350000000000E-01   5.350475E-13   1.000089E-12   7.500009E+01  -9.633071E-42  -5.561473E-41  -4.170739E-27   1.200000E+02   9.205810E+00
  5.400000000000E-01   5.400479E-13   1.000089E-12   7.500009E+01  -9.994617E-42  -1.008711E-40  -7.564666E-27   1.200000E+02   9.205810E+00
  5.450000000000E-01   5.450484E-13   1.000089E-12   7.500009E+01  -1.036348E-41  -6.902236E-41  -5.176223E-27   1.200000E+02   9.205810E+00
  5.500000000000E-01   5.500488E-13   1.000089E-12   7.500009E+01  -1.083110E-41  -8.166207E-41  -6.124118E-27   1.200000E+02   9.205810E+00
  5.550000000000E-01   5.550493E-13   1.000089E-12   7.500009E+01  -1.118144E-41  -5.446006E-41  -4.084146E-27   1.200000E+02   9.205810E+00
  5.600000000000E-01   5.600497E-13   1.000089E-12   7.500009E+01  -1.147855E-41  -5.489166E-41  -4.116513E-27   1.200000E+02   9.205810E+00
  5.650000000000E-01   5.650501E-13   1.000089E-12   7.500009E+01  -1.180062E-41  -8.333802E-41  -6.249803E-27   1.200000E+02   9.205810E+00
  5.700000000000E-01   5.700506E-13   1.000089E-12   7.500009E+01  -1.232376E-41  -1.018352E-40  -7.636967E-27   1.200000E+02   9.205810E+00
  5.750000000000E-01   5.750510E-13   1.000089E-12   7.500009E+01  -1.270985E-41  -2.950854E-41  -2.212947E-27   1.200000E+02   9.205810E+00
  5.800000000000E-01   5.800515E-13   1.000089E-12   7.500009E+01  -1.285463E-41  -2.402526E-41  -1.801737E-27   1.200000E+02   9.205810E+00
  5.850000000000E-01   5.850519E-13   1.000089E-12   7.500009E+01  -1.285314E-41   3.931203E-41   2.948143E-27   1.200000E+02   9.205810E+00
  5.900000000000E-01   5.900524E-13   1.000089E-12   7.500009E+01  -1.265826E-41  -3.568407E-42  -2.676070E-28   1.200000E+02   9.205810E+00
  5.950000000000E-01   5.950528E-13   1.000089E-12   7.500009E+01  -1.245644E-41   2.106222E-41   1.579528E-27   1.200000E+02   9.205810E+00
  6.000000000000E-01   6.000533E-13   1.000089E-12   7.500009E+01  -1.232173E-41   2.460680E-41   1.845348E-27   1.200000E+02   9.205810E+00
  6.050000000000E-01   6.050537E-13   1.000089E-12   7.500009E+01  -1.202667E-41   8.379765E-42   6.284272E-28   1.200000E+02   9.205810E+00
  6.100000000000E-01   6.100541E-13   1.000089E-12   7.500009E+01  -1.206161E-41  -5.449860E-41  -4.087036E-27   1.200000E+02   9.205810E+00
  6.150000000000E-01   6.150546E-13   1.000089E-12   7.500009E+01  -1.235882E-41  -1.095703E-40  -8.217054E-27   1.200000E+02   9.205810E+00
  6.200000000000E-01   6.200550E-13   1.000089E-12   7.500009E+01  -1.300761E-41  -1.310494E-40  -9.827845E-27   1.200000E+02   9.205810E+00
  6.250000000000E-01   6.250555E-13   1.000089E-12   7.500009E+01  -1.373315E-41  -1.188750E-40  -8.914839E-27   1.200000E+02   9.205810E+00
  6.300000000000E-01   6.300559E-13   1.000089E-12   7.500009E+01  -1.425277E-41  -1.022612E-40  -7.668914E-27   1.200000E+02   9.205810E+00
  6.350000000000E-01   6.350564E-13   1.000089E-12   7.500009E+01  -1.474001E-41  -7.994127E-41  -5.995069E-27   1.200000E+02   9.205810E+00
  6.400000000000E-01   6.400568E-13   1.000089E-12   7.500009E+01  -1.514839E-41  -8.409472E-41  -6.306551E-27   1.200000E+02   9.205810E+00
  6.450000000000E-01   6.450573E-13   1.000089E-12   7.500009E+01  -1.552870E-41  -4.691547E-41  -3.518352E-27   1.200000E+02   9.205810E+00
  6.500000000000E-01   6.500577E-13   1.000089E-12   7.500009E+01  -1.583118E-41  -3.670561E-41  -2.752679E-27   1.200000E+02   9.205810E+00
  6.550000000000E-01   6.550581E-13   1.000089E-12   7.500009E+01  -1.595732E-41  -4.093263E-41  -3.069678E-27   1.200000E+02   9.205810E+00
  6.600000000000E-01   6.600586E-13   1.000089E-12   7.500009E+01  -1.612568E-41  -2.386867E-41  -1.789993E-27   1.200000E+02   9.205810E+00
  6.650000000000E-01   6.650590E-13   1.000089E-12   7.500009E+01  -1.607420E-41   3.860402E-41   2.895048E-27   1.200000E+02   9.205810E+00
  6.700000000000E-01   6.700595E-13   1.000089E-12   7.500009E+01  -1.581851E-41   5.560072E-41   4.169688E-27   1.200000E+02   9.205810E+00
  6.750000000000E-01   6.750599E-13   1.000089E-12   7.500009E+01  -1.557130E-41   3.816016E-41   2.861761E-27   1.200000E+02   9.205810E+00
  6.800000000000E-01   6.800604E-13   1.000089E-12   7.500009E+01  -1.546734E-41   1.357718E-41   1.018199E-27   1.200000E+02   9.205810E+00
  6.850000000000E-01   6.850608E-13   1.000089E-12   7.500009E+01  -1.534970E-41   3.403404E-42   2.552329E-28   1.200000E+02   9.205810E+00
  6.900000000000E-01   6.900613E-13   1.000089E-12   7.500009E+01  -1.528415E-41   4.067409E-41   3.050289E-27   1.200000E+02   9.205810E+00
  6.950000000000E-01   6.950617E-13   1.000089E-12   7.500009E+01  -1.517061E-41  -2.042252E-41  -1.531555E-27   1.200000E+02   9.205810E+00
  7.000000000000E-01   7.000621E-13   1.000089E-12   7.500009E+01  -1.545431E-41  -1.027488E-40  -7.705484E-27   1.200000E+02   9.205810E+00
  7.050000000000E-01   7.050626E-13   1.000089E-12   7.500009E+01  -1.597986E-41  -1.098730E-40  -8.239753E-27   1.200000E+02   9.205810E+00
  7.100000000000E-01   7.100630E-13   1.000089E-12   7.500009E+01  -1.670089E-41  -1.844781E-40  -1.383465E-26   1.200000E+02   9.205810E+00
  7.150000000000E-01   7.150635E-13   1.000089E-12   7.500009E+01  -1.755909E-41  -1.767318E-40  -1.325372E-26   1.200000E+02   9.205810E+00
  7.200000000000E-01   7.200639E-13   1.000089E-12   7.500009E+01  -1.850061E-41  -1.783461E-40  -1.337478E-26   1.200000E+02   9.205810E+00
  7.250000000000E-01   7.250644E-13   1.000089E-12   7.500009E+01  -1.914812E-41  -9.293972E-41  -6.969867E-27   1.200000E+02   9.205810E+00
  7.300000000000E-01   7.300648E-13   1.000089E-12   7.500009E+01  -1.956377E-41  -1.015493E-40  -7.615529E-27   1.200000E+02   9.205810E+00
  7.350000000000E-01   7.350653E-13   1.000089E-12   7.500009E+01  -2.007071E-41  -1.071377E-40  -8.034621E-27   1.200000E+02   9.205810E+00
  7.400000000000E-01   7.400657E-13   1.000089E-12   7.500009E+01  -2.056213E-41  -9.400471E-41  -7.049734E-27   1.200000E+02   9.205810E+00
  7.450000000000E-01   7.450661E-13   1.000089E-12   7.500009E+01  -2.100193E-41  -7.615777E-41  -5.711331E-27   1.200000E+02   9.205810E+00
  7.500000000000E-01   7.500666E-13   1.000089E-12   7.500009E+01  -2.124518E-41  -2.913514E-41  -2.184944E-27   1.200000E+02   9.205810E+00
  7.550000000000E-01   7.550670E-13   1.000089E-12   7.500009E+01  -2.122573E-41   1.449223E-41   1.086822E-27   1.200000E+02   9.205810E+00
  7.600000000000E-01   7.600675E-13   1.000089E-12   7.500009E+01  -2.142380E-41  -1.001984E-40  -7.514224E-27   1.200000E+02   9.205810E+00
  7.650000000000E-01   7.650679E-13   1.000089E-12   7.500009E+01  -2.195459E-41  -1.051983E-40  -7.889178E-27   1.200000E+02   9.205810E+00
  7.700000000000E-01   7.700684E-13   1.000089E-12   7.500009E+01  -2.255756E-41  -1.385043E-40  -1.038691E-26   1.200000E+02   9.205810E+00
  7.750000000000E-01   7.750688E-13   1.000089E-12   7.500009E+01  -2.333044E-41  -1.940294E-40  -1.455093E-26   1.200000E+02   9.205810E+00
  7.800000000000E-01   7.800693E-13   1.000089E-12   7.500009E+01  -2.433478E-41  -1.888950E-40  -1.416588E-26   1.200000E+02   9.205810E+00
  7.850000000000E-01   7.850697E-13   1.000089E-12   7.500009E+01  -2.520283E-41  -1.201754E-40  -9.012361E-27   1.200000E+02   9.205810E+00
  7.900000000000E-01   7.900701E-13   1.000089E-12   7.500009E+01  -2.566790E-41  -6.337512E-41  -4.752717E-27   1.200000E+02   9.205810E+00
  7.950000000000E-01   7.950706E-13   1.000089E-12   7.500009E+01  -2.587892E-41  -2.511407E-41  -1.883390E-27   1.200000E+02   9.205810E+00
  8.000000000000E-01   8.000710E-13   1.000089E-12   7.500009E+01  -2.565081E-41   1.346816E-40   1.010023E-26   1.200000E+02   9.205810E+00
  8.050000000000E-01   8.050715E-13   1.000089E-12   7.500009E+01  -2.473355E-41   2.154637E-40   1.615836E-26   1.200000E+02   9.205810E+00
  8.100000000000E-01   8.100719E-13   1.000089E-12   7.500009E+01  -2.364821E-41   2.049931E-40   1.537314E-26   1.200000E+02   9.205810E+00
  8.150000000000E-01   8.150724E-13   1.000089E-12   7.500009E+01  -2.245767E-41   2.610899E-40   1.958003E-26   1.200000E+02   9.205810E+00
  8.200000000000E-01   8.200728E-13   1.000089E-12   7.500009E+01  -2.146366E-41   1.746803E-40   1.309987E-26   1.200000E+02   9.205810E+00
  8.250000000000E-01   8.250733E-13   1.000089E-12   7.500009E+01  -2.057531E-41   1.817764E-40   1.363204E-26   1.200000E+02   9.205810E+00
  8.300000000000E-01   8.300737E-13   1.000089E-12   7.500009E+01  -2.012394E-41   2.547333E-41   1.910332E-27   1.200000E+02   9.205810E+00
  8.350000000000E-01   8.350741E-13   1.000089E-12   7.500009E+01  -2.032627E-41  -1.078720E-40  -8.089687E-27   1.200000E+02   9.205810E+00
  8.400000000000E-01   8.400746E-13   1.000089E-12   7.500009E+01  -2.121481E-41  -2.163829E-40  -1.622729E-26   1.200000E+02   9.205810E+00
  8.450000000000E-01   8.450750E-13   1.000089E-12   7.500009E+01  -2.270278E-41  -3.256842E-40  -2.442417E-26   1.200000E+02   9.205810E+00
  8.500000000000E-01   8.500755E-13   1.000089E-12   7.500009E+01  -2.450353E-41  -3.885072E-40  -2.913548E-26   1.200000E+02   9.205810E+00
  8.550000000000E-01   8.550759E-13   1.000089E-12   7.500009E+01  -2.652059E-41  -3.955025E-40  -2.966008E-26   1.200000E+02   9.205810E+00
  8.600000000000E-01   8.600764E-13   1.000089E-12   7.500009E+01  -2.847963E-41  -3.649205E-40  -2.736664E-26   1.200000E+02   9.205810E+00
  8.650000000000E-01   8.650768E-13   1.000089E-12   7.500009E+01  -3.016585E-41  -2.805512E-40  -2.103949E-26   1.200000E+02   9.205810E+00
  8.700000000000E-01   8.700773E-13   1.000089E-12   7.500009E+01  -3.112748E-41  -1.031580E-40  -7.736170E-27   1.200000E+02   9.205810E+00
  8.750000000000E-01   8.750777E-13   1.000089E-12   7.500009E+01  -3.125019E-41   4.641381E-41   3.480730E-27   1.200000E+02   9.205810E+00
  8.800000000000E-01   8.800781E-13   1.000089E-12   7.500009E+01  -3.076200E-41   1.541316E-40   1.155886E-26   1.200000E+02   9.205810E+00
  8.850000000000E-01   8.850786E-13   1.000089E-12   7.500009E+01  -2.966970E-41   2.663364E-40   1.997348E-26   1.200000E+02   9.205810E+00
  8.900000000000E-01   8.900790E-13   1.000089E-12   7.500009E+01  -2.822854E-41   2.714707E-40   2.035852E-26   1.200000E+02   9.205810E+00
  8.950000000000E-01   8.950795E-13   1.000089E-12   7.500009E+01  -2.697195E-41   2.581976E-40   1.936312E-26   1.200000E+02   9.205810E+00
  9.000000000000E-01   9.000799E-13   1.000089E-12   7.500009E+01  -2.576562E-41   2.117418E-40   1.587924E-26   1.200000E+02   9.205810E+00
  9.050000000000E-01   9.050804E-13   1.000089E-12   7.500009E+01  -2.482018E-41   1.547370E-40   1.160426E-26   1.200000E+02   9.205810E+00
  9.100000000000E-01   9.100808E-13   1.000089E-12   7.500009E+01  -2.419610E-41   6.928020E-41   5.195559E-27   1.200000E+02   9.205810E+00
  9.150000000000E-01   9.150813E-13   1.000089E-12   7.500009E+01  -2.394877E-41  -2.049259E-41  -1.536809E-27   1.200000E+02   9.205810E+00
  9.200000000000E-01   9.200817E-13   1.000089E-12   7.500009E+01  -2.400854E-41  -3.990092E-41  -2.992307E-27   1.200000E+02   9.205810E+00
  9.250000000000E-01   9.250821E-13   1.000089E-12   7.500009E+01  -2.446380E-41  -1.204444E-40  -9.032538E-27   1.200000E+02   9.205810E+00
  9.300000000000E-01   9.300826E-13   1.000089E-12   7.500009E+01  -2.526739E-41  -1.980763E-40  -1.485442E-26   1.200000E+02   9.205810E+00
  9.350000000000E-01   9.350830E-13   1.000089E-12   7.500009E+01  -2.643226E-41  -2.068653E-40  -1.551353E-26   1.200000E+02   9.205810E+00
  9.400000000000E-01   9.400835E-13   1.000089E-12   7.500009E+01  -2.745547E-41  -2.236472E-40  -1.677207E-26   1.200000E+02   9.205810E+00
  9.450000000000E-01   9.450839E-13   1.000089E-12   7.500009E+01  -2.867373E-41  -2.448124E-40  -1.835932E-26   1.200000E+02   9.205810E+00
  9.500000000000E-01   9.500844E-13   1.000089E-12   7.500009E+01  -2.977853E-41  -2.223468E-40  -1.667455E-26   1.200000E+02   9.205810E+00
  9.550000000000E-01   9.550848E-13   1.000089E-12   7.500009E+01  -3.096468E-41  -2.456644E-40  -1.842322E-26   1.200000E+02   9.205810E+00
  9.600000000000E-01   9.600853E-13   1.000089E-12   7.500009E+01  -3.225114E-41  -2.766948E-40  -2.075029E-26   1.200000E+02   9.205810E+00
  9.650000000000E-01   9.650857E-13   1.000089E-12   7.500009E+01  -3.359096E-41  -3.159536E-40  -2.369444E-26   1.200000E+02   9.205810E+00
  9.700000000000E-01   9.700861E-13   1.000089E-12   7.500009E+01  -3.543601E-41  -3.982827E-40  -2.986858E-26   1.200000E+02   9.205810E+00
  9.750000000000E-01   9.750866E-13   1.000089E-12   7.500009E+01  -3.760428E-41  -4.677422E-40  -3.507759E-26   1.200000E+02   9.205810E+00
  9.800000000000E-01   9.800870E-13   1.000089E-12   7.500009E+01  -3.967444E-41  -4.040224E-40  -3.029902E-26   1.200000E+02   9.205810E+00
  9.850000000000E-01   9.850875E-13   1.000089E-12   7.500009E+01  -4.150119E-41  -3.321414E-40  -2.490842E-26   1.200000E+02   9.205810E+00
  9.900000000000E-01   9.900879E-13   1.000089E-12   7.500009E+01  -4.283173E-41  -2.254409E-40  -1.690658E-26   1.200000E+02   9.205810E+00
  9.950000000000E-01   9.950884E-13   1.000089E-12   7.500009E+01  -4.349242E-41  -6.939791E-41  -5.204386E-27   1.200000E+02   9.205810E+00
  1.000000000000E+00   1.000089E-12   1.000089E-12   7.500009E+01  -4.326497E-41   1.188245E-40   8.911056E-27   1.200000E+02   9.205810E+00
  1.005000000000E+00   1.005089E-12   1.000089E-12   7.500009E+01  -4.251234E-41   2.750805E-40   2.062923E-26   1.200000E+02   9.205810E+00
  1.010000000000E+00   1.010090E-12   1.000089E-12   7.500009E+01  -4.085540E-41   3.959509E-40   2.969371E-26   1.200000E+02   9.205810E+00
  1.015000000000E+00   1.015090E-12   1.000089E-12   7.500009E+01  -3.870453E-41   4.625854E-40   3.469086E-26   1.200000E+02   9.205810E+00
  1.020000000000E+00   1.020091E-12   1.000089E-12   7.500009E+01  -3.644568E-41   3.871171E-40   2.903124E-26   1.200000E+02   9.205810E+00
  1.025000000000E+00   1.025091E-12   1.000089E-12   7.500009E+01  -3.457444E-41   3.052589E-40   2.289241E-26   1.200000E+02   9.205810E+00
  1.030000000000E+00   1.030091E-12   1.000089E-12   7.500009E+01  -3.336807E-41   1.691535E-40   1.268540E-26   1.200000E+02   9.205810E+00
  1.035000000000E+00   1.035092E-12   1.000089E-12   7.500009E+01  -3.298893E-41  -6.257008E-41  -4.692344E-27   1.200000E+02   9.205810E+00
  1.040000000000E+00   1.040092E-12   1.000089E-12   7.500009E+01  -3.364409E-41  -2.014058E-40  -1.510411E-26   1.200000E+02   9.205810E+00
  1.045000000000E+00   1.045093E-12   1.000089E-12   7.500009E+01  -3.522269E-41  -4.194030E-40  -3.145247E-26   1.200000E+02   9.205810E+00
  1.050000000000E+00   1.050093E-12   1.000089E-12   7.500009E+01  -3.758162E-41  -5.358117E-40  -4.018235E-26   1.200000E+02   9.205810E+00
  1.055000000000E+00   1.055094E-12   1.000089E-12   7.500009E+01  -4.055058E-41  -5.725818E-40  -4.293986E-26   1.200000E+02   9.205810E+00
  1.060000000000E+00   1.060094E-12   1.000089E-12   7.500009E+01  -4.339551E-41  -5.423586E-40  -4.067332E-26   1.200000E+02   9.205810E+00
  1.065000000000E+00   1.065095E-12   1.000089E-12   7.500009E+01  -4.604663E-41  -4.937952E-40  -3.703139E-26   1.200000E+02   9.205810E+00
  1.070000000000E+00   1.070095E-12   1.000089E-12   7.500009E+01  -4.809100E-41  -3.428809E-40  -2.571381E-26   1.200000E+02   9.205810E+00
  1.075000000000E+00   1.075095E-12   1.000089E-12   7.500009E+01  -4.909689E-41  -1.212964E-40  -9.096431E-27   1.200000E+02   9.205810E+00
  1.080000000000E+00   1.080096E-12   1.000089E-12   7.500009E+01  -4.900914E-41   1.440423E-40   1.080222E-26   1.200000E+02   9.205810E+00
  1.085000000000E+00   1.085096E-12   1.000089E-12   7.500009E+01  -4.767033E-41   3.860185E-40   2.894885E-26   1.200000E+02   9.205810E+00
  1.090000000000E+00   1.090097E-12   1.000089E-12   7.500009E+01  -4.534260E-41   5.480086E-40   4.109704E-26   1.200000E+02   9.205810E+00
  1.095000000000E+00   1.095097E-12   1.000089E-12   7.500009E+01  -4.253014E-41   5.977827E-40   4.482977E-26   1.200000E+02   9.205810E+00
  1.100000000000E+00   1.100098E-12   1.000089E-12   7.500009E+01  -3.977741E-41   5.498023E-40   4.123155E-26   1.200000E+02   9.205810E+00
  1.105000000000E+00   1.105098E-12   1.000089E-12   7.500009E+01  -3.732547E-41   4.147843E-40   3.110610E-26   1.200000E+02   9.205810E+00
  1.110000000000E+00   1.110099E-12   1.000089E-12   7.500009E+01  -3.558643E-41   2.514042E-40   1.885366E-26   1.200000E+02   9.205810E+00
  1.115000000000E+00   1.115099E-12   1.000089E-12   7.500009E+01  -3.473520E-41   6.060616E-41   4.545063E-27   1.200000E+02   9.205810E+00
  1.120000000000E+00   1.120099E-12   1.000089E-12   7.500009E+01  -3.479068E-41  -7.755907E-41  -5.816420E-27   1.200000E+02   9.205810E+00
  1.125000000000E+00   1.125100E-12   1.000089E-12   7.500009E+01  -3.596584E-41  -3.436656E-40  -2.577266E-26   1.200000E+02   9.205810E+00
  1.130000000000E+00   1.130100E-12   1.000089E-12   7.500009E+01  -3.841024E-41  -6.872416E-40  -5.153860E-26   1.200000E+02   9.205810E+00
  1.135000000000E+00   1.135101E-12   1.000089E-12   7.500009E+01  -4.223235E-41  -8.042781E-40  -6.031556E-26   1.200000E+02   9.205810E+00
  1.140000000000E+00   1.140101E-12   1.000089E-12   7.500009E+01  -4.635616E-41  -7.482710E-40  -5.611540E-26   1.200000E+02   9.205810E+00
  1.145000000000E+00   1.145102E-12   1.000089E-12   7.500009E+01  -4.937059E-41  -5.321347E-40  -3.990660E-26   1.200000E+02   9.205810E+00
  1.150000000000E+00   1.150102E-12   1.000089E-12   7.500009E+01  -5.172289E-41  -3.669160E-40  -2.751628E-26   1.200000E+02   9.205810E+00
  1.155000000000E+00   1.155103E-12   1.000089E-12   7.500009E+01  -5.339185E-41  -2.625249E-40  -1.968764E-26   1.200000E+02   9.205810E+00
  1.160000000000E+00   1.160103E-12   1.000089E-12   7.500009E+01  -5.376944E-41   7.243032E-41   5.431797E-27   1.200000E+02   9.205810E+00
  1.165000000000E+00   1.165103E-12   1.000089E-12   7.500009E+01  -5.285669E-41   3.349888E-40   2.512196E-26   1.200000E+02   9.205810E+00
  1.170000000000E+00   1.170104E-12   1.000089E-12   7.500009E+01  -5.132091E-41   3.125905E-40   2.344223E-26   1.200000E+02   9.205810E+00
  1.175000000000E+00   1.175104E-12   1.000089E-12   7.500009E+01  -4.974226E-41   2.886002E-40   2.164312E-26   1.200000E+02   9.205810E+00
  1.180000000000E+00   1.180105E-12   1.000089E-12   7.500009E+01  -4.822855E-41   2.656638E-40   1.992303E-26   1.200000E+02   9.205810E+00
  1.185000000000E+00   1.185105E-12   1.000089E-12   7.500009E+01  -4.709081E-41   2.012152E-40   1.508982E-26   1.200000E+02   9.205810E+00
  1.190000000000E+00   1.190106E-12   1.000089E-12   7.500009E+01  -4.637636E-41   6.613288E-41   4.959531E-27   1.200000E+02   9.205810E+00
  1.195000000000E+00   1.195106E-12   1.000089E-12   7.500009E+01  -4.617729E-41   6.038896E-42   4.528774E-28   1.200000E+02   9.205810E+00
  1.200000000000E+00   1.200107E-12   1.000089E-12   7.500009E+01  -4.653724E-41  -1.051422E-40  -7.884975E-27   1.200000E+02   9.205810E+00
  1.205000000000E+00   1.205107E-12   1.000089E-12   7.500009E+01  -4.681311E-41  -7.643242E-41  -5.731929E-27   1.200000E+02   9.205810E+00
  1.210000000000E+00   1.210107E-12   1.000089E-12   7.500009E+01  -4.696993E-41  -5.375241E-41  -4.031077E-27   1.200000E+02   9.205810E+00
  1.215000000000E+00   1.215108E-12   1.000089E-12   7.500009E+01  -4.694554E-41  -2.552395E-41  -1.914128E-27   1.200000E+02   9.205810E+00
  1.220000000000E+00   1.220108E-12   1.000089E-12   7.500009E+01  -4.650460E-41   1.139984E-40   8.549132E-27   1.200000E+02   9.205810E+00
  1.225000000000E+00   1.225109E-12   1.000089E-12   7.500009E+01  -4.642423E-41  -5.681144E-41  -4.260484E-27   1.200000E+02   9.205810E+00
  1.230000000000E+00   1.230109E-12   1.000089E-12   7.500009E+01  -4.699944E-41  -2.389382E-40  -1.791879E-26   1.200000E+02   9.205810E+00
  1.235000000000E+00   1.235110E-12   1.000089E-12   7.500009E+01  -4.840366E-41  -3.522080E-40  -2.641328E-26   1.200000E+02   9.205810E+00
  1.240000000000E+00   1.240110E-12   1.000089E-12   7.500009E+01  -5.040911E-41  -4.221384E-40  -3.165760E-26   1.200000E+02   9.205810E+00
  1.245000000000E+00   1.245111E-12   1.000089E-12   7.500009E+01  -5.298373E-41  -5.915497E-40  -4.436234E-26   1.200000E+02   9.205810E+00
  1.250000000000E+00   1.250111E-12   1.000089E-12   7.500009E+01  -5.614649E-41  -6.242392E-40  -4.681383E-26   1.200000E+02   9.205810E+00
  1.255000000000E+00   1.255111E-12   1.000089E-12   7.500009E+01  -5.959257E-41  -7.108283E-40  -5.330744E-26   1.200000E+02   9.205810E+00
  1.260000000000E+00   1.260112E-12   1.000089E-12   7.500009E+01  -6.299819E-41  -6.344183E-40  -4.757719E-26   1.200000E+02   9.205810E+00
  1.265000000000E+00   1.265112E-12   1.000089E-12   7.500009E+01  -6.593074E-41  -4.938400E-40  -3.703475E-26   1.200000E+02   9.205810E+00
  1.270000000000E+00   1.270113E-12   1.000089E-12   7.500009E+01  -6.759140E-41  -2.243647E-40  -1.682588E-26   1.200000E+02   9.205810E+00
  1.275000000000E+00   1.275113E-12   1.000089E-12   7.500009E+01  -6.807977E-41   2.169771E-41   1.627185E-27   1.200000E+02   9.205810E+00
  1.280000000000E+00   1.280114E-12   1.000089E-12   7.500009E+01  -6.721155E-41   2.955731E-40   2.216604E-26   1.200000E+02   9.205810E+00
  1.285000000000E+00   1.285114E-12   1.000089E-12   7.500009E+01  -6.541345E-41   4.587291E-40   3.440166E-26   1.200000E+02   9.205810E+00
  1.290000000000E+00   1.290115E-12   1.000089E-12   7.500009E+01  -6.294483E-41   5.136600E-40   3.852112E-26   1.200000E+02   9.205810E+00
  1.295000000000E+00   1.295115E-12   1.000089E-12   7.500009E+01  -6.051263E-41   4.299408E-40   3.224273E-26   1.200000E+02   9.205810E+00
  1.300000000000E+00   1.300115E-12   1.000089E-12   7.500009E+01  -5.846404E-41   3.486206E-40   2.614425E-26   1.200000E+02   9.205810E+00
  1.305000000000E+00   1.305116E-12   1.000089E-12   7.500009E+01  -5.660782E-41   2.525476E-40   1.893941E-26   1.200000E+02   9.205810E+00
  1.310000000000E+00   1.310116E-12   1.000089E-12   7.500009E+01  -5.615813E-41  -6.063699E-41  -4.547375E-27   1.200000E+02   9.205810E+00
  1.315000000000E+00   1.315117E-12   1.000089E-12   7.500009E+01  -5.734710E-41  -3.421859E-40  -2.566169E-26   1.200000E+02   9.205810E+00
  1.320000000000E+00   1.320117E-12   1.000089E-12   7.500009E+01  -5.951358E-41  -4.904320E-40  -3.677918E-26   1.200000E+02   9.205810E+00
  1.325000000000E+00   1.325118E-12   1.000089E-12   7.500009E+01  -6.236129E-41  -5.883211E-40  -4.412021E-26   1.200000E+02   9.205810E+00
  1.330000000000E+00   1.330118E-12   1.000089E-12   7.500009E+01  -6.521079E-41  -5.421792E-40  -4.065987E-26   1.200000E+02   9.205810E+00
  1.335000000000E+00   1.335119E-12   1.000089E-12   7.500009E+01  -6.730906E-41  -3.457956E-40  -2.593240E-26   1.200000E+02   9.205810E+00
  1.340000000000E+00   1.340119E-12   1.000089E-12   7.500009E+01  -6.807073E-41  -3.206591E-41  -2.404732E-27   1.200000E+02   9.205810E+00
  1.345000000000E+00   1.345119E-12   1.000089E-12   7.500009E+01  -6.759281E-41   2.078182E-40   1.558499E-26   1.200000E+02   9.205810E+00
  1.350000000000E+00   1.350120E-12   1.000089E-12   7.500009E+01  -6.627693E-41   3.186441E-40   2.389621E-26   1.200000E+02   9.205810E+00
  1.355000000000E+00   1.355120E-12   1.000089E-12   7.500009E+01  -6.436368E-41   5.002972E-40   3.751900E-26   1.200000E+02   9.205810E+00
  1.360000000000E+00   1.360121E-12   1.000089E-12   7.500009E+01  -6.163614E-41   5.345113E-40   4.008483E-26   1.200000E+02   9.205810E+00
  1.365000000000E+00   1.365121E-12   1.000089E-12   7.500009E+01  -5.942864E-41   2.629733E-40   1.972126E-26   1.200000E+02   9.205810E+00
  1.370000000000E+00   1.370122E-12   1.000089E-12   7.500009E+01  -5.867462E-41   3.740346E-41   2.805013E-27   1.200000E+02   9.205810E+00
  1.375000000000E+00   1.375122E-12   1.000089E-12   7.500009E+01  -5.905595E-41  -1.982893E-40  -1.487040E-26   1.200000E+02   9.205810E+00
  1.380000000000E+00   1.380123E-12   1.000089E-12   7.500009E+01  -6.062388E-41  -4.959924E-40  -3.719617E-26   1.200000E+02   9.205810E+00
  1.385000000000E+00   1.385123E-12   1.000089E-12   7.500009E+01  -6.394305E-41  -8.519895E-40  -6.389360E-26   1.200000E+02   9.205810E+00
  1.390000000000E+00   1.390123E-12   1.000089E-12   7.500009E+01  -6.840622E-41  -9.358432E-40  -7.018208E-26   1.200000E+02   9.205810E+00
  1.395000000000E+00   1.395124E-12   1.000089E-12   7.500009E+01  -7.373735E-41  -1.089201E-39  -8.168293E-26   1.200000E+02   9.205810E+00
  1.400000000000E+00   1.400124E-12   1.000089E-12   7.500009E+01  -7.892928E-41  -9.776355E-40  -7.331623E-26   1.200000E+02   9.205810E+00
  1.405000000000E+00   1.405125E-12   1.000089E-12   7.500009E+01  -8.322528E-41  -7.738755E-40  -5.803557E-26   1.200000E+02   9.205810E+00
  1.410000000000E+00   1.410125E-12   1.000089E-12   7.500009E+01  -8.614303E-41  -3.553244E-40  -2.664700E-26   1.200000E+02   9.205810E+00
  1.415000000000E+00   1.415126E-12   1.000089E-12   7.500009E+01  -8.721283E-41   2.881070E-42   2.160613E-28   1.200000E+02   9.205810E+00
  1.420000000000E+00   1.420126E-12   1.000089E-12   7.500009E+01  -8.606274E-41   4.356805E-40   3.267317E-26   1.200000E+02   9.205810E+00
  1.425000000000E+00   1.425127E-12   1.000089E-12   7.500009E+01  -8.288464E-41   8.268782E-40   6.201042E-26   1.200000E+02   9.205810E+00
  1.430000000000E+00   1.430127E-12   1.000089E-12   7.500009E+01  -7.790777E-41   1.098259E-39   8.236222E-26   1.200000E+02   9.205810E+00
  1.435000000000E+00   1.435127E-12   1.000089E-12   7.500009E+01  -7.232930E-41   1.086690E-39   8.149461E-26   1.200000E+02   9.205810E+00
  1.440000000000E+00   1.440128E-12   1.000089E-12   7.500009E+01  -6.719674E-41   9.848998E-40   7.386100E-26   1.200000E+02   9.205810E+00
  1.445000000000E+00   1.445128E-12   1.000089E-12   7.500009E+01  -6.296907E-41   7.297514E-40   5.472655E-26   1.200000E+02   9.205810E+00
  1.450000000000E+00   1.450129E-12   1.000089E-12   7.500009E+01  -5.997339E-41   3.319620E-40   2.489497E-26   1.200000E+02   9.205810E+00
  1.455000000000E+00   1.455129E-12   1.000089E-12   7.500009E+01  -5.912457E-41   2.936561E-41   2.202228E-27   1.200000E+02   9.205810E+00
  1.460000000000E+00   1.460130E-12   1.000089E-12   7.500009E+01  -6.002591E-41  -3.500780E-40  -2.625354E-26   1.200000E+02   9.205810E+00
  1.465000000000E+00   1.465130E-12   1.000089E-12   7.500009E+01  -6.259062E-41  -6.965238E-40  -5.223470E-26   1.200000E+02   9.205810E+00
  1.470000000000E+00   1.470131E-12   1.000089E-12   7.500009E+01  -6.680375E-41  -1.045257E-39  -7.838736E-26   1.200000E+02   9.205810E+00
  1.475000000000E+00   1.475131E-12   1.000089E-12   7.500009E+01  -7.213936E-41  -1.069561E-39  -8.021001E-26   1.200000E+02   9.205810E+00
  1.480000000000E+00   1.480131E-12   1.000089E-12   7.500009E+01  -7.749577E-41  -1.021670E-39  -7.661852E-26   1.200000E+02   9.205810E+00
  1.485000000000E+00   1.485132E-12   1.000089E-12   7.500009E+01  -8.233525E-41  -8.582673E-40  -6.436440E-26   1.200000E+02   9.205810E+00
  1.490000000000E+00   1.490132E-12   1.000089E-12   7.500009E+01  -8.594383E-41  -5.810120E-40  -4.357207E-26   1.200000E+02   9.205810E+00
  1.495000000000E+00   1.495133E-12   1.000089E-12   7.500009E+01  -8.806183E-41  -2.005090E-40  -1.503685E-26   1.200000E+02   9.205810E+00
  1.500000000000E+00   1.500133E-12   1.000089E-12   7.500009E+01  -8.864887E-41   1.460083E-41   1.094966E-27   1.200000E+02   9.205810E+00
  1.505000000000E+00   1.505134E-12   1.000089E-12   7.500009E+01  -8.797694E-41   2.391848E-40   1.793729E-26   1.200000E+02   9.205810E+00
  1.510000000000E+00   1.510134E-12   1.000089E-12   7.500009E+01  -8.631578E-41   3.392936E-40   2.544479E-26   1.200000E+02   9.205810E+00
  1.515000000000E+00   1.515135E-12   1.000089E-12   7.500009E+01  -8.452365E-41   2.985775E-40   2.239134E-26   1.200000E+02   9.205810E+00
  1.520000000000E+00   1.520135E-12   1.000089E-12   7.500009E+01  -8.305060E-41   2.719192E-40   2.039215E-26   1.200000E+02   9.205810E+00
  1.525000000000E+00   1.525135E-12   1.000089E-12   7.500009E+01  -8.179289E-41   1.400906E-40   1.050587E-26   1.200000E+02   9.205810E+00
  1.530000000000E+00   1.530136E-12   1.000089E-12   7.500009E+01  -8.107556E-41   1.104391E-40   8.282208E-27   1.200000E+02   9.205810E+00
  1.535000000000E+00   1.535136E-12   1.000089E-12   7.500009E+01  -8.092117E-41  -5.797452E-41  -4.347707E-27   1.200000E+02   9.205810E+00
  1.540000000000E+00   1.540137E-12   1.000089E-12   7.500009E+01  -8.159599E-41  -1.746242E-40  -1.309567E-26   1.200000E+02   9.205810E+00
  1.545000000000E+00   1.545137E-12   1.000089E-12   7.500009E+01  -8.314805E-41  -4.744684E-40  -3.558201E-26   1.200000E+02   9.205810E+00
  1.550000000000E+00   1.550138E-12   1.000089E-12   7.500009E+01  -8.583872E-41  -5.577392E-40  -4.182677E-26   1.200000E+02   9.205810E+00
  1.555000000000E+00   1.555138E-12   1.000089E-12   7.500009E+01  -8.902884E-41  -7.040123E-40  -5.279629E-26   1.200000E+02   9.205810E+00
  1.560000000000E+00   1.560139E-12   1.000089E-12   7.500009E+01  -9.258621E-41  -7.280026E-40  -5.459540E-26   1.200000E+02   9.205810E+00
  1.565000000000E+00   1.565139E-12   1.000089E-12   7.500009E+01  -9.615165E-41  -7.453563E-40  -5.589681E-26   1.200000E+02   9.205810E+00
  1.570000000000E+00   1.570139E-12   1.000089E-12   7.500009E+01  -9.989404E-41  -7.187652E-40  -5.390266E-26   1.200000E+02   9.205810E+00
  1.575000000000E+00   1.575140E-12   1.000089E-12   7.500009E+01  -1.036446E-40  -7.771938E-40  -5.828442E-26   1.200000E+02   9.205810E+00
  1.580000000000E+00   1.580140E-12   1.000089E-12   7.500009E+01  -1.074658E-40  -7.250879E-40  -5.437682E-26   1.200000E+02   9.205810E+00
  1.585000000000E+00   1.585141E-12   1.000089E-12   7.500009E+01  -1.112891E-40  -6.938782E-40  -5.203630E-26   1.200000E+02   9.205810E+00
  1.590000000000E+00   1.590141E-12   1.000089E-12   7.500009E+01  -1.147630E-40  -6.025359E-40  -4.518623E-26   1.200000E+02   9.205810E+00
  1.595000000000E+00   1.595142E-12   1.000089E-12   7.500009E+01  -1.173744E-40  -3.492708E-40  -2.619301E-26   1.200000E+02   9.205810E+00
  1.600000000000E+00   1.600142E-12   1.000089E-12   7.500009E+01  -1.192386E-40  -3.434863E-40  -2.575921E-26   1.200000E+02   9.205810E+00
  1.605000000000E+00   1.605143E-12   1.000089E-12   7.500009E+01  -1.209132E-40  -3.399886E-40  -2.549691E-26   1.200000E+02   9.205810E+00
  1.610000000000E+00   1.610143E-12   1.000089E-12   7.500009E+01  -1.228237E-40  -4.070716E-40  -3.052769E-26   1.200000E+02   9.205810E+00
  1.615000000000E+00   1.615143E-12   1.000089E-12   7.500009E+01  -1.255760E-40  -8.164750E-40  -6.123025E-26   1.200000E+02   9.205810E+00
  1.620000000000E+00   1.620144E-12   1.000089E-12   7.500009E+01  -1.309744E-40  -1.357712E-39  -1.018195E-25   1.200000E+02   9.205810E+00
  1.625000000000E+00   1.625144E-12   1.000089E-12   7.500009E+01  -1.380752E-40  -1.508021E-39  -1.130917E-25   1.200000E+02   9.205810E+00
  1.630000000000E+00   1.630145E-12   1.000089E-12   7.500009E+01  -1.477714E-40  -2.289968E-39  -1.717326E-25   1.200000E+02   9.205810E+00
  1.635000000000E+00   1.635145E-12   1.000089E-12   7.500009E+01  -1.605480E-40  -2.872550E-39  -2.154223E-25   1.200000E+02   9.205810E+00
  1.640000000000E+00   1.640146E-12   1.000089E-12   7.500009E+01  -1.760542E-40  -3.608131E-39  -2.705860E-25   1.200000E+02   9.205810E+00
  1.645000000000E+00   1.645146E-12   1.000089E-12   7.500009E+01  -1.942893E-40  -3.673061E-39  -2.754554E-25   1.200000E+02   9.205810E+00
  1.650000000000E+00   1.650147E-12   1.000089E-12   7.500009E+01  -2.137362E-40  -4.218693E-39  -3.163742E-25   1.200000E+02   9.205810E+00
  1.655000000000E+00   1.655147E-12   1.000089E-12   7.500009E+01  -2.372546E-40  -5.264398E-39  -3.947952E-25   1.200000E+02   9.205810E+00
  1.660000000000E+00   1.660147E-12   1.000089E-12   7.500009E+01  -2.629564E-40  -5.393900E-39  -4.045070E-25   1.200000E+02   9.205810E+00
  1.665000000000E+00   1.665148E-12   1.000089E-12   7.500009E+01  -2.913788E-40  -6.115670E-39  -4.586350E-25   1.200000E+02   9.205810E+00
  1.670000000000E+00   1.670148E-12   1.000089E-12   7.500009E+01  -3.256477E-40  -7.771579E-39  -5.828173E-25   1.200000E+02   9.205810E+00
  1.675000000000E+00   1.675149E-12   1.000089E-12   7.500009E+01  -3.662462E-40  -8.974767E-39  -6.730485E-25   1.200000E+02   9.205810E+00
  1.680000000000E+00   1.680149E-12   1.000089E-12   7.500009E+01  -4.149865E-40  -9.621921E-39  -7.215807E-25   1.200000E+02   9.205810E+00
  1.685000000000E+00   1.685150E-12   1.000089E-12   7.500009E+01  -4.693143E-40  -1.162006E-38  -8.714280E-25   1.200000E+02   9.205810E+00
  1.690000000000E+00   1.690150E-12   1.000089E-12   7.500009E+01  -5.316333E-40  -1.365623E-38  -1.024127E-24   1.200000E+02   9.205810E+00
  1.695000000000E+00   1.695151E-12   1.000089E-12   7.500009E+01  -6.066859E-40  -1.513564E-38  -1.135073E-24   1.200000E+02   9.205810E+00
  1.700000000000E+00   1.700151E-12   1.000089E-12   7.500009E+01  -6.908416E-40  -1.809733E-38  -1.357181E-24   1.200000E+02   9.205810E+00
  1.705000000000E+00   1.705151E-12   1.000089E-12   7.500009E+01  -7.731463E-40  -1.876170E-38  -1.407004E-24   1.200000E+02   9.205810E+00
  1.710000000000E+00   1.710152E-12   1.000089E-12   7.500009E+01  -8.698836E-40  -2.094567E-38  -1.570787E-24   1.200000E+02   9.205810E+00
  1.715000000000E+00   1.715152E-12   1.000089E-12   7.500009E+01  -9.770584E-40  -2.124270E-38  -1.593063E-24   1.200000E+02   9.205810E+00
  1.720000000000E+00   1.720153E-12   1.000089E-12   7.500009E+01  -1.095480E-39  -2.405373E-38  -1.803871E-24   1.200000E+02   9.205810E+00
  1.725000000000E+00   1.725153E-12   1.000089E-12   7.500009E+01  -1.236253E-39  -3.086534E-38  -2.314697E-24   1.200000E+02   9.205810E+00
  1.730000000000E+00   1.730154E-12   1.000089E-12   7.500009E+01  -1.394652E-39  -3.582445E-38  -2.686598E-24   1.200000E+02   9.205810E+00
  1.735000000000E+00   1.735154E-12   1.000089E-12   7.500009E+01  -1.594933E-39  -4.322295E-38  -3.241437E-24   1.200000E+02   9.205810E+00
  1.740000000000E+00   1.740155E-12   1.000089E-12   7.500009E+01  -1.875893E-39  -6.084102E-38  -4.562676E-24   1.200000E+02   9.205810E+00
  1.745000000000E+00   1.745155E-12   1.000089E-12   7.500009E+01  -2.195331E-39  -6.764832E-38  -5.073179E-24   1.200000E+02   9.205810E+00
  1.750000000000E+00   1.750155E-12   1.000089E-12   7.500009E+01  -2.548817E-39  -8.111944E-38  -6.083424E-24   1.200000E+02   9.205810E+00
  1.755000000000E+00   1.755156E-12   1.000089E-12   7.500009E+01  -2.955316E-39  -9.444133E-38  -7.082478E-24   1.200000E+02   9.205810E+00
  1.760000000000E+00   1.760156E-12   1.000089E-12   7.500009E+01  -3.392292E-39  -8.082098E-38  -6.061041E-24   1.200000E+02   9.205810E+00
  1.765000000000E+00   1.765157E-12   1.000089E-12   7.500009E+01  -3.844673E-39  -9.740302E-38  -7.304586E-24   1.200000E+02   9.205810E+00
  1.770000000000E+00   1.770157E-12   1.000089E-12   7.500009E+01  -4.426130E-39  -1.234499E-37  -9.257927E-24   1.200000E+02   9.205810E+00
  1.775000000000E+00   1.775158E-12   1.000089E-12   7.500009E+01  -5.229645E-39  -1.957014E-37  -1.467632E-23   1.200000E+02   9.205810E+00
  1.780000000000E+00   1.780158E-12   1.000089E-12   7.500009E+01  -6.241580E-39  -1.882972E-37  -1.412105E-23   1.200000E+02   9.205810E+00
  1.785000000000E+00   1.785159E-12   1.000089E-12   7.500009E+01  -7.364200E-39  -2.854018E-37  -2.140325E-23   1.200000E+02   9.205810E+00
  1.790000000000E+00   1.790159E-12   1.000089E-12   7.500009E+01  -8.921454E-39  -3.363245E-37  -2.522213E-23   1.200000E+02   9.205810E+00
  1.795000000000E+00   1.795159E-12   1.000089E-12   7.500009E+01  -1.068947E-38  -3.789592E-37  -2.841944E-23   1.200000E+02   9.205810E+00
  1.800000000000E+00   1.800160E-12   1.000089E-12   7.500009E+01  -1.247769E-38  -3.239038E-37  -2.429065E-23   1.200000E+02   9.205810E+00
  1.805000000000E+00   1.805160E-12   1.000089E-12   7.500009E+01  -1.433814E-38  -3.754235E-37  -2.815429E-23   1.200000E+02   9.205810E+00
  1.810000000000E+00   1.810161E-12   1.000089E-12   7.500009E+01  -1.621154E-38  -4.298820E-37  -3.223832E-23   1.200000E+02   9.205810E+00
  1.815000000000E+00   1.815161E-12   1.000089E-12   7.500009E+01  -1.847822E-38  -4.891159E-37  -3.668047E-23   1.200000E+02   9.205810E+00
  1.820000000000E+00   1.820162E-12   1.000089E-12   7.500009E+01  -2.083720E-38  -5.376509E-37  -4.032028E-23   1.200000E+02   9.205810E+00
  1.825000000000E+00   1.825162E-12   1.000089E-12   7.500009E+01  -2.376942E-38  -6.442260E-37  -4.831271E-23   1.200000E+02   9.205810E+00
  1.830000000000E+00   1.830163E-12   1.000089E-12   7.500009E+01  -2.735761E-38  -6.951488E-37  -5.213158E-23   1.200000E+02   9.205810E+00
  1.835000000000E+00   1.835163E-12   1.000089E-12   7.500009E+01  -3.137459E-38  -9.710685E-37  -7.282375E-23   1.200000E+02   9.205810E+00
  1.840000000000E+00   1.840163E-12   1.000089E-12   7.500009E+01  -3.650470E-38  -1.020843E-36  -7.655653E-23   1.200000E+02   9.205810E+00
  1.845000000000E+00   1.845164E-12   1.000089E-12   7.500009E+01  -4.204220E-38  -1.186606E-36  -8.898767E-23   1.200000E+02   9.205810E+00
  1.850000000000E+00   1.850164E-12   1.000089E-12   7.500009E+01  -4.844185E-38  -1.293227E-36  -9.698355E-23   1.200000E+02   9.205810E+00
  1.855000000000E+00   1.855165E-12   1.000089E-12   7.500009E+01  -5.505456E-38  -1.527775E-36  -1.145731E-22   1.200000E+02   9.205810E+00
  1.860000000000E+00   1.860165E-12   1.000089E-12   7.500009E+01  -6.281355E-38  -1.515653E-36  -1.136640E-22   1.200000E+02   9.205810E+00
  1.865000000000E+00   1.865166E-12   1.000089E-12   7.500009E+01  -7.063904E-38  -1.747997E-36  -1.310883E-22   1.200000E+02   9.205810E+00
  1.870000000000E+00   1.870166E-12   1.000089E-12   7.500009E+01  -7.877750E-38  -1.643672E-36  -1.232646E-22   1.200000E+02   9.205810E+00
  1.875000000000E+00   1.875167E-12   1.000089E-12   7.500009E+01  -8.859251E-38  -2.316459E-36  -1.737191E-22   1.200000E+02   9.205810E+00
  1.880000000000E+00   1.880167E-12   1.000089E-12   7.500009E+01  -9.979975E-38  -2.325826E-36  -1.744216E-22   1.200000E+02   9.205810E+00
  1.885000000000E+00   1.885167E-12   1.000089E-12   7.500009E+01  -1.124190E-37  -3.183202E-36  -2.387192E-22   1.200000E+02   9.205810E+00
  1.890000000000E+00   1.890168E-12   1.000089E-12   7.500009E+01  -1.302109E-37  -3.922478E-36  -2.941600E-22   1.200000E+02   9.205810E+00
  1.895000000000E+00   1.895168E-12   1.000089E-12   7.500009E+01  -1.498784E-37  -3.865172E-36  -2.898625E-22   1.200000E+02   9.205810E+00
  1.900000000000E+00   1.900169E-12   1.000089E-12   7.500009E+01  -1.701895E-37  -4.196882E-36  -3.147385E-22   1.200000E+02   9.205810E+00
  1.905000000000E+00   1.905169E-12   1.000089E-12   7.500009E+01  -1.935715E-37  -4.443001E-36  -3.331959E-22   1.200000E+02   9.205810E+00
  1.910000000000E+00   1.910170E-12   1.000089E-12   7.500009E+01  -2.213110E-37  -6.357220E-36  -4.767497E-22   1.200000E+02   9.205810E+00
  1.915000000000E+00   1.915170E-12   1.000089E-12   7.500009E+01  -2.556457E-37  -7.579000E-36  -5.683751E-22   1.200000E+02   9.205810E+00
  1.920000000000E+00   1.920171E-12   1.000089E-12   7.500009E+01  -2.975197E-37  -8.962410E-36  -6.721217E-22   1.200000E+02   9.205810E+00
  1.925000000000E+00   1.925171E-12   1.000089E-12   7.500009E+01  -3.437534E-37  -9.569259E-36  -7.176314E-22   1.200000E+02   9.205810E+00
  1.930000000000E+00   1.930171E-12   1.000089E-12   7.500009E+01  -3.908584E-37  -9.777174E-36  -7.332237E-22   1.200000E+02   9.205810E+00
  1.935000000000E+00   1.935172E-12   1.000089E-12   7.500009E+01  -4.434559E-37  -1.170939E-35  -8.781274E-22   1.200000E+02   9.205810E+00
  1.940000000000E+00   1.940172E-12   1.000089E-12   7.500009E+01  -5.034472E-37  -1.214580E-35  -9.108547E-22   1.200000E+02   9.205810E+00
  1.945000000000E+00   1.945173E-12   1.000089E-12   7.500009E+01  -5.642703E-37  -1.328309E-35  -9.961440E-22   1.200000E+02   9.205810E+00
  1.950000000000E+00   1.950173E-12   1.000089E-12   7.500009E+01  -6.380913E-37  -1.568844E-35  -1.176530E-21   1.200000E+02   9.205810E+00
  1.955000000000E+00   1.955174E-12   1.000089E-12   7.500009E+01  -7.137285E-37  -1.542249E-35  -1.156585E-21   1.200000E+02   9.205810E+00
  1.960000000000E+00   1.960174E-12   1.000089E-12   7.500009E+01  -7.946730E-37  -2.004806E-35  -1.503472E-21   1.200000E+02   9.205810E+00
  1.965000000000E+00   1.965175E-12   1.000089E-12   7.500009E+01  -8.939612E-37  -2.213162E-35  -1.659726E-21   1.200000E+02   9.205810E+00
  1.970000000000E+00   1.970175E-12   1.000089E-12   7.500009E+01  -1.031902E-36  -3.054522E-35  -2.290691E-21   1.200000E+02   9.205810E+00
  1.975000000000E+00   1.975175E-12   1.000089E-12   7.500009E+01  -1.188184E-36  -2.963421E-35  -2.222371E-21   1.200000E+02   9.205810E+00
  1.980000000000E+00   1.980176E-12   1.000089E-12   7.500009E+01  -1.345524E-36  -3.569682E-35  -2.677027E-21   1.200000E+02   9.205810E+00
  1.985000000000E+00   1.985176E-12   1.000089E-12   7.500009E+01  -1.521666E-36  -3.509145E-35  -2.631627E-21   1.200000E+02   9.205810E+00
  1.990000000000E+00   1.990177E-12   1.000089E-12   7.500009E+01  -1.695687E-36  -3.554695E-35  -2.665787E-21   1.200000E+02   9.205810E+00
  1.995000000000E+00   1.995177E-12   1.000089E-12   7.500009E+01  -1.885776E-36  -3.979342E-35  -2.984245E-21   1.200000E+02   9.205810E+00
  2.000000000000E+00   2.000178E-12   1.000089E-12   7.500009E+01  -2.114515E-36  -4.767217E-35  -3.575099E-21   1.200000E+02   9.205810E+00
  2.005000000000E+00   2.005178E-12   1.000089E-12   7.500009E+01  -2.335220E-36  -4.835396E-35  -3.626229E-21   1.200000E+02   9.205810E+00
  2.010000000000E+00   2.010179E-12   1.000089E-12   7.500009E+01  -2.569120E-36  -4.896522E-35  -3.672069E-21   1.200000E+02   9.205810E+00
  2.015000000000E+00   2.015179E-12   1.000089E-12   7.500009E+01  -2.807716E-36  -5.078136E-35  -3.808267E-21   1.200000E+02   9.205810E+00
  2.020000000000E+00   2.020179E-12   1.000089E-12   7.500009E+01  -3.066019E-36  -4.395761E-35  -3.296532E-21   1.200000E+02   9.205810E+00
  2.025000000000E+00   2.025180E-12   1.000089E-12   7.500009E+01  -3.291579E-36  -4.895934E-35  -3.671628E-21   1.200000E+02   9.205810E+00
  2.030000000000E+00   2.030180E-12   1.000089E-12   7.500009E+01  -3.552597E-36  -5.744641E-35  -4.308103E-21   1.200000E+02   9.205810E+00
  2.035000000000E+00   2.035181E-12   1.000089E-12   7.500009E+01  -3.867289E-36  -6.593936E-35  -4.945018E-21   1.200000E+02   9.205810E+00
  2.040000000000E+00   2.040181E-12   1.000089E-12   7.500009E+01  -4.208958E-36  -7.487899E-35  -5.615431E-21   1.200000E+02   9.205810E+00
  2.045000000000E+00   2.045182E-12   1.000089E-12   7.500009E+01  -4.673396E-36  -1.142933E-34  -8.571246E-21   1.200000E+02   9.205810E+00
  2.050000000000E+00   2.050182E-12   1.000089E-12   7.500009E+01  -5.290648E-36  -1.224865E-34  -9.185682E-21   1.200000E+02   9.205810E+00
  2.055000000000E+00   2.055183E-12   1.000089E-12   7.500009E+01  -5.888834E-36  -1.258132E-34  -9.435159E-21   1.200000E+02   9.205810E+00
  2.060000000000E+00   2.060183E-12   1.000089E-12   7.500009E+01  -6.597657E-36  -1.691654E-34  -1.268629E-20   1.200000E+02   9.205810E+00
  2.065000000000E+00   2.065183E-12   1.000089E-12   7.500009E+01  -7.433809E-36  -1.500754E-34  -1.125466E-20   1.200000E+02   9.205810E+00
  2.070000000000E+00   2.070184E-12   1.000089E-12   7.500009E+01  -8.359723E-36  -1.985880E-34  -1.489279E-20   1.200000E+02   9.205810E+00
  2.075000000000E+00   2.075184E-12   1.000089E-12   7.500009E+01  -9.374786E-36  -2.170903E-34  -1.628034E-20   1.200000E+02   9.205810E+00
  2.080000000000E+00   2.080185E-12   1.000089E-12   7.500009E+01  -1.037104E-35  -1.897953E-34  -1.423340E-20   1.200000E+02   9.205810E+00
  2.085000000000E+00   2.085185E-12   1.000089E-12   7.500009E+01  -1.141211E-35  -2.146453E-34  -1.609698E-20   1.200000E+02   9.205810E+00
  2.090000000000E+00   2.090186E-12   1.000089E-12   7.500009E+01  -1.252662E-35  -2.564929E-34  -1.923528E-20   1.200000E+02   9.205810E+00
  2.095000000000E+00   2.095186E-12   1.000089E-12   7.500009E+01  -1.395160E-35  -3.028779E-34  -2.271385E-20   1.200000E+02   9.205810E+00
  2.100000000000E+00   2.100187E-12   1.000089E-12   7.500009E+01  -1.553301E-35  -3.889946E-34  -2.917203E-20   1.200000E+02   9.205810E+00
  2.105000000000E+00   2.105187E-12   1.000089E-12   7.500009E+01  -1.734247E-35  -3.480639E-34  -2.610250E-20   1.200000E+02   9.205810E+00
  2.110000000000E+00   2.110187E-12   1.000089E-12   7.500009E+01  -1.937867E-35  -4.990679E-34  -3.742681E-20   1.200000E+02   9.205810E+00
  2.115000000000E+00   2.115188E-12   1.000089E-12   7.500009E+01  -2.196062E-35  -5.681869E-34  -4.261028E-20   1.200000E+02   9.205810E+00
  2.120000000000E+00   2.120188E-12   1.000089E-12   7.500009E+01  -2.459720E-35  -4.778149E-34  -3.583298E-20   1.200000E+02   9.205810E+00
  2.125000000000E+00   2.125189E-12   1.000089E-12   7.500009E+01  -2.721555E-35  -5.924492E-34  -4.442979E-20   1.200000E+02   9.205810E+00
  2.130000000000E+00   2.130189E-12   1.000089E-12   7.500009E+01  -2.967872E-35  -5.427493E-34  -4.070262E-20   1.200000E+02   9.205810E+00
  2.135000000000E+00   2.135190E-12   1.000089E-12   7.500009E+01  -3.220858E-35  -4.814825E-34  -3.610802E-20   1.200000E+02   9.205810E+00
  2.140000000000E+00   2.140190E-12   1.000089E-12   7.500009E+01  -3.496036E-35  -5.590651E-34  -4.192620E-20   1.200000E+02   9.205810E+00
  2.145000000000E+00   2.145191E-12   1.000089E-12   7.500009E+01  -3.787831E-35  -6.216014E-34  -4.661601E-20   1.200000E+02   9.205810E+00
  2.150000000000E+00   2.150191E-12   1.000089E-12   7.500009E+01  -4.075395E-35  -5.985147E-34  -4.488466E-20   1.200000E+02   9.205810E+00
  2.155000000000E+00   2.155191E-12   1.000089E-12   7.500009E+01  -4.382613E-35  -6.046273E-34  -4.534307E-20   1.200000E+02   9.205810E+00
  2.160000000000E+00   2.160192E-12   1.000089E-12   7.500009E+01  -4.777861E-35  -8.804923E-34  -6.603113E-20   1.200000E+02   9.205810E+00
  2.165000000000E+00   2.165192E-12   1.000089E-12   7.500009E+01  -5.240441E-35  -1.173990E-33  -8.804150E-20   1.200000E+02   9.205810E+00
  2.170000000000E+00   2.170193E-12   1.000089E-12   7.500009E+01  -5.750324E-35  -1.102520E-33  -8.268172E-20   1.200000E+02   9.205810E+00
  2.175000000000E+00   2.175193E-12   1.000311E-12   7.500030E+01  -6.246900E-35  -1.028511E-33  -7.711462E-20   1.200000E+02   9.205810E+00
  2.180000000000E+00   2.180195E-12   1.000311E-12   7.500030E+01  -6.748563E-35  -9.970073E-34  -7.475260E-20   1.200000E+02   9.205810E+00
  2.185000000000E+00   2.185197E-12   1.000311E-12   7.500030E+01  -7.300669E-35  -1.180196E-33  -8.848756E-20   1.200000E+02   9.205810E+00
  2.190000000000E+00   2.190198E-12   1.000311E-12   7.500030E+01  -7.856199E-35  -1.198440E-33  -8.985542E-20   1.200000E+02   9.205810E+00
  2.195000000000E+00   2.195200E-12   1.000311E-12   7.500030E+01  -8.448121E-35  -1.301507E-33  -9.758310E-20   1.200000E+02   9.205810E+00
  2.200000000000E+00   2.200201E-12   1.000311E-12   7.500030E+01  -9.112586E-35  -1.518645E-33  -1.138634E-19   1.200000E+02   9.205810E+00
  2.205000000000E+00   2.205203E-12   1.000311E-12   7.500030E+01  -9.857153E-35  -1.260412E-33  -9.450190E-20   1.200000E+02   9.205810E+00
  2.210000000000E+00   2.210204E-12   1.000311E-12   7.500030E+01  -1.050928E-34  -1.306397E-33  -9.794974E-20   1.200000E+02   9.205810E+00
  2.215000000000E+00   2.215206E-12   1.000311E-12   7.500030E+01  -1.122084E-34  -1.641366E-33  -1.230647E-19   1.200000E+02   9.205810E+00
  2.220000000000E+00   2.220207E-12   1.000311E-12   7.500030E+01  -1.195574E-34  -1.433915E-33  -1.075106E-19   1.200000E+02   9.205810E+00
  2.225000000000E+00   2.225209E-12   1.000311E-12   7.500030E+01  -1.278506E-34  -1.586823E-33  -1.189752E-19   1.200000E+02   9.205810E+00
  2.230000000000E+00   2.230211E-12   1.000311E-12   7.500030E+01  -1.366944E-34  -1.829445E-33  -1.371663E-19   1.200000E+02   9.205810E+00
  2.235000000000E+00   2.235213E-12   1.000533E-12   7.500051E+01  -1.457132E-34  -2.127927E-33  -1.595106E-19   1.200000E+02   9.205810E+00
  2.240000000000E+00   2.240215E-12   1.000533E-12   7.500051E+01  -1.566759E-34  -2.365847E-33  -1.773452E-19   1.200000E+02   9.205810E+00
  2.245000000000E+00   2.245218E-12   1.000533E-12   7.500051E+01  -1.708413E-34  -2.795232E-33  -2.095321E-19   1.200000E+02   9.205810E+00
  2.250000000000E+00   2.250221E-12   1.000533E-12   7.500051E+01  -1.906231E-34  -4.117804E-33  -3.086729E-19   1.200000E+02   9.205810E+00
  2.255000000000E+00   2.255223E-12   1.000533E-12   7.500051E+01  -2.143406E-34  -4.765924E-33  -3.572563E-19   1.200000E+02   9.205810E+00
  2.260000000000E+00   2.260226E-12   1.000533E-12   7.500051E+01  -2.415053E-34  -5.901922E-33  -4.424114E-19   1.200000E+02   9.205810E+00
  2.265000000000E+00   2.265229E-12   1.000533E-12   7.500051E+01  -2.682915E-34  -4.843789E-33  -3.630931E-19   1.200000E+02   9.205810E+00
  2.270000000000E+00   2.270231E-12   1.000644E-12   7.500062E+01  -2.896279E-34  -3.555447E-33  -2.664891E-19   1.200000E+02   9.205810E+00
  2.275000000000E+00   2.275235E-12   1.000755E-12   7.500072E+01  -3.080770E-34  -3.433948E-33  -2.573543E-19   1.200000E+02   9.205810E+00
  2.280000000000E+00   2.280239E-12   1.000755E-12   7.500072E+01  -3.252313E-34  -3.621275E-33  -2.713933E-19   1.200000E+02   9.205810E+00
  2.285000000000E+00   2.285243E-12   1.000755E-12   7.500072E+01  -3.415994E-34  -2.436941E-33  -1.826344E-19   1.200000E+02   9.205810E+00
  2.290000000000E+00   2.290247E-12   1.000755E-12   7.500072E+01  -3.571525E-34  -3.007385E-33  -2.253859E-19   1.200000E+02   9.205810E+00
  2.295000000000E+00   2.295250E-12   1.000755E-12   7.500072E+01  -3.713908E-34  -2.844696E-33  -2.131933E-19   1.200000E+02   9.205810E+00
  2.300000000000E+00   2.300254E-12   1.000977E-12   7.500094E+01  -3.872948E-34  -3.155591E-33  -2.364413E-19   1.200000E+02   9.205810E+00
  2.305000000000E+00   2.305259E-12   1.000977E-12   7.500094E+01  -4.058258E-34  -3.133962E-33  -2.348206E-19   1.200000E+02   9.205810E+00
  2.310000000000E+00   2.310264E-12   1.000977E-12   7.500094E+01  -4.216395E-34  -3.340473E-33  -2.502940E-19   1.200000E+02   9.205810E+00
  2.315000000000E+00   2.315269E-12   1.000977E-12   7.500094E+01  -4.403327E-34  -5.285023E-33  -3.959947E-19   1.200000E+02   9.205810E+00
  2.320000000000E+00   2.320274E-12   1.000977E-12   7.500094E+01  -4.690629E-34  -5.924115E-33  -4.438805E-19   1.200000E+02   9.205810E+00
  2.325000000000E+00   2.325279E-12   1.001199E-12   7.500115E+01  -5.039471E-34  -7.645791E-33  -5.727563E-19   1.200000E+02   9.205810E+00
  2.330000000000E+00   2.330285E-12   1.001199E-12   7.500115E+01  -5.526866E-34  -1.034360E-32  -7.748526E-19   1.200000E+02   9.205810E+00
  2.335000000000E+00   2.335291E-12   1.001199E-12   7.500115E+01  -6.152824E-34  -1.423684E-32  -1.066500E-18   1.200000E+02   9.205810E+00
  2.340000000000E+00   2.340297E-12   1.001199E-12   7.500115E+01  -6.805624E-34  -1.190766E-32  -8.920188E-19   1.200000E+02   9.205810E+00
  2.345000000000E+00   2.345303E-12   1.001310E-12   7.500126E+01  -7.227086E-34  -4.883662E-33  -3.658015E-19   1.200000E+02   9.205810E+00
  2.350000000000E+00   2.350310E-12   1.001421E-12   7.500136E+01  -7.479270E-34  -4.991243E-33  -3.738188E-19   1.200000E+02   9.205810E+00
  2.355000000000E+00   2.355317E-12   1.001421E-12   7.500136E+01  -7.748464E-34  -5.778166E-33  -4.327553E-19   1.200000E+02   9.205810E+00
  2.360000000000E+00   2.360324E-12   1.001421E-12   7.500136E+01  -7.981524E-34  -5.197754E-33  -3.892854E-19   1.200000E+02   9.205810E+00
  2.365000000000E+00   2.365331E-12   1.001532E-12   7.500147E+01  -8.179880E-34  -2.300207E-33  -1.722550E-19   1.200000E+02   9.205810E+00
  2.370000000000E+00   2.370340E-12   1.001643E-12   7.500158E+01  -8.415009E-34  -6.301402E-33  -4.718398E-19   1.200000E+02   9.205810E+00
  2.375000000000E+00   2.375348E-12   1.001643E-12   7.500158E+01  -8.705892E-34  -6.887457E-33  -5.157227E-19   1.200000E+02   9.205810E+00
  2.380000000000E+00   2.380356E-12   1.001643E-12   7.500158E+01  -9.005284E-34  -7.810549E-33  -5.848424E-19   1.200000E+02   9.205810E+00
  2.385000000000E+00   2.385365E-12   1.001865E-12   7.500179E+01  -9.334625E-34  -7.390756E-33  -5.532879E-19   1.200000E+02   9.205810E+00
  2.390000000000E+00   2.390374E-12   1.001865E-12   7.500179E+01  -9.663847E-34  -7.156033E-33  -5.357161E-19   1.200000E+02   9.205810E+00
  2.395000000000E+00   2.395384E-12   1.001865E-12   7.500179E+01  -1.013260E-33  -9.388908E-33  -7.028739E-19   1.200000E+02   9.205810E+00
  2.400000000000E+00   2.400393E-12   1.002087E-12   7.500200E+01  -1.069648E-33  -1.245159E-32  -9.319488E-19   1.200000E+02   9.205810E+00
  2.405000000000E+00   2.405404E-12   1.002087E-12   7.500200E+01  -1.142511E-33  -1.971821E-32  -1.475825E-18   1.200000E+02   9.205810E+00
  2.410000000000E+00   2.410414E-12   1.002087E-12   7.500200E+01  -1.232551E-33  -1.938569E-32  -1.450937E-18   1.200000E+02   9.205810E+00
  2.415000000000E+00   2.415425E-12   1.002309E-12   7.500221E+01  -1.332254E-33  -1.982354E-32  -1.483384E-18   1.200000E+02   9.205810E+00
  2.420000000000E+00   2.420437E-12   1.002309E-12   7.500221E+01  -1.443137E-33  -2.335341E-32  -1.747521E-18   1.200000E+02   9.205810E+00
  2.425000000000E+00   2.425448E-12   1.002309E-12   7.500221E+01  -1.552909E-33  -2.108893E-32  -1.578072E-18   1.200000E+02   9.205810E+00
  2.430000000000E+00   2.430460E-12   1.002531E-12   7.500243E+01  -1.649930E-33  -2.003870E-32  -1.499156E-18   1.200000E+02   9.205810E+00
  2.435000000000E+00   2.435473E-12   1.002531E-12   7.500243E+01  -1.726523E-33  -5.609271E-33  -4.196466E-19   1.200000E+02   9.205810E+00
  2.440000000000E+00   2.440486E-12   1.002531E-12   7.500243E+01  -1.762559E-33  -6.293127E-33  -4.708080E-19   1.200000E+02   9.205810E+00
  2.445000000000E+00   2.445499E-12   1.002753E-12   7.500264E+01  -1.800246E-33  -9.330228E-33  -6.978702E-19   1.200000E+02   9.205810E+00
  2.450000000000E+00   2.450513E-12   1.002753E-12   7.500264E+01  -1.850668E-33  -8.502680E-33  -6.359723E-19   1.200000E+02   9.205810E+00
  2.455000000000E+00   2.455527E-12   1.002975E-12   7.500285E+01  -1.925192E-33  -1.826022E-32  -1.365506E-18   1.200000E+02   9.205810E+00
  2.460000000000E+00   2.460542E-12   1.002975E-12   7.500285E+01  -2.007120E-33  -1.554436E-32  -1.162413E-18   1.200000E+02   9.205810E+00
  2.465000000000E+00   2.465557E-12   1.003087E-12   7.500296E+01  -2.101162E-33  -1.725663E-32  -1.290316E-18   1.200000E+02   9.205810E+00
  2.470000000000E+00   2.470573E-12   1.003198E-12   7.500306E+01  -2.205785E-33  -2.457216E-32  -1.837113E-18   1.200000E+02   9.205810E+00
  2.475000000000E+00   2.475589E-12   1.003198E-12   7.500306E+01  -2.327724E-33  -2.149669E-32  -1.607179E-18   1.200000E+02   9.205810E+00
  2.480000000000E+00   2.480606E-12   1.003420E-12   7.500328E+01  -2.423184E-33  -1.603638E-32  -1.198682E-18   1.200000E+02   9.205810E+00
  2.485000000000E+00   2.485623E-12   1.003420E-12   7.500328E+01  -2.498420E-33  -1.664274E-32  -1.244006E-18   1.200000E+02   9.205810E+00
  2.490000000000E+00   2.490641E-12   1.003642E-12   7.500349E+01  -2.571504E-33  -8.859842E-33  -6.621079E-19   1.200000E+02   9.205810E+00
  2.495000000000E+00   2.495659E-12   1.003642E-12   7.500349E+01  -2.611222E-33  -1.148260E-32  -8.581105E-19   1.200000E+02   9.205810E+00
  2.500000000000E+00   2.500678E-12   1.003864E-12   7.500370E+01  -2.660805E-33  -8.414659E-33  -6.287015E-19   1.200000E+02   9.205810E+00
  2.505000000000E+00   2.505697E-12   1.003864E-12   7.500370E+01  -2.714695E-33  -1.657804E-32  -1.238629E-18   1.200000E+02   9.205810E+00
  2.510000000000E+00   2.510718E-12   1.004086E-12   7.500391E+01  -2.786726E-33  -2.008083E-32  -1.500012E-18   1.200000E+02   9.205810E+00
  2.515000000000E+00   2.515738E-12   1.004197E-12   7.500402E+01  -2.899137E-33  -1.863638E-32  -1.391962E-18   1.200000E+02   9.205810E+00
  2.520000000000E+00   2.520760E-12   1.004308E-12   7.500413E+01  -3.005918E-33  -2.470607E-32  -1.845109E-18   1.200000E+02   9.205810E+00
  2.525000000000E+00   2.525781E-12   1.004530E-12   7.500434E+01  -3.121957E-33  -2.489565E-32  -1.858862E-18   1.200000E+02   9.205810E+00
  2.530000000000E+00   2.530804E-12   1.004530E-12   7.500434E+01  -3.227323E-33  -2.462031E-32  -1.838303E-18   1.200000E+02   9.205810E+00
  2.535000000000E+00   2.535828E-12   1.004752E-12   7.500455E+01  -3.311530E-33  -1.021871E-32  -7.628252E-19   1.200000E+02   9.205810E+00
  2.540000000000E+00   2.540852E-12   1.004974E-12   7.500476E+01  -3.319021E-33   4.359673E-34   3.253779E-20   1.200000E+02   9.205810E+00
  2.545000000000E+00   2.545877E-12   1.004974E-12   7.500476E+01  -3.333250E-33   1.897906E-33   1.416475E-19   1.200000E+02   9.205810E+00
  2.550000000000E+00   2.550902E-12   1.005196E-12   7.500498E+01  -3.314535E-33   2.158772E-33   1.610817E-19   1.200000E+02   9.205810E+00
  2.555000000000E+00   2.555929E-12   1.005418E-12   7.500519E+01  -3.409160E-33  -2.404855E-32  -1.794046E-18   1.200000E+02   9.205810E+00
  2.560000000000E+00   2.560956E-12   1.005640E-12   7.500540E+01  -3.509613E-33  -2.467598E-32  -1.840451E-18   1.200000E+02   9.205810E+00
  2.565000000000E+00   2.565984E-12   1.005640E-12   7.500540E+01  -3.641103E-33  -3.433572E-32  -2.560921E-18   1.200000E+02   9.205810E+00
  2.570000000000E+00   2.571013E-12   1.005862E-12   7.500561E+01  -3.841357E-33  -4.696862E-32  -3.502379E-18   1.200000E+02   9.205810E+00
  2.575000000000E+00   2.576043E-12   1.006084E-12   7.500582E+01  -4.055424E-33  -4.675496E-32  -3.485687E-18   1.200000E+02   9.205810E+00
  2.580000000000E+00   2.581074E-12   1.006306E-12   7.500603E+01  -4.297706E-33  -5.455197E-32  -4.066085E-18   1.200000E+02   9.205810E+00
  2.585000000000E+00   2.586106E-12   1.006528E-12   7.500625E+01  -4.550111E-33  -4.702880E-32  -3.504575E-18   1.200000E+02   9.205810E+00
  2.590000000000E+00   2.591139E-12   1.006750E-12   7.500646E+01  -4.797130E-33  -3.419428E-32  -2.547595E-18   1.200000E+02   9.205810E+00
  2.595000000000E+00   2.596174E-12   1.006972E-12   7.500667E+01  -4.973449E-33  -3.244891E-32  -2.417032E-18   1.200000E+02   9.205810E+00
  2.600000000000E+00   2.601209E-12   1.007194E-12   7.500688E+01  -5.072631E-33  -1.451369E-32  -1.080850E-18   1.200000E+02   9.205810E+00
  2.605000000000E+00   2.606246E-12   1.007416E-12   7.500709E+01  -5.081286E-33   1.079931E-32   8.040619E-19   1.200000E+02   9.205810E+00
  2.610000000000E+00   2.611283E-12   1.007638E-12   7.500731E+01  -5.006957E-33   1.251177E-32   9.313603E-19   1.200000E+02   9.205810E+00
  2.615000000000E+00   2.616322E-12   1.007971E-12   7.500762E+01  -4.946547E-33   8.398860E-33   6.249964E-19   1.200000E+02   9.205810E+00
  2.620000000000E+00   2.621363E-12   1.008305E-12   7.500794E+01  -4.875592E-33   2.579091E-32   1.918590E-18   1.200000E+02   9.205810E+00
  2.625000000000E+00   2.626405E-12   1.008527E-12   7.500815E+01  -4.734397E-33   1.822712E-32   1.355624E-18   1.200000E+02   9.205810E+00
  2.630000000000E+00   2.631449E-12   1.008860E-12   7.500847E+01  -4.678484E-33   2.723536E-32   2.024942E-18   1.200000E+02   9.205810E+00
  2.635000000000E+00   2.636494E-12   1.009193E-12   7.500878E+01  -4.576307E-33   1.252607E-33   9.310066E-20   1.200000E+02   9.205810E+00
  2.640000000000E+00   2.641541E-12   1.009526E-12   7.500910E+01  -4.631769E-33  -1.138951E-32  -8.462553E-19   1.200000E+02   9.205810E+00
  2.645000000000E+00   2.646589E-12   1.009859E-12   7.500942E+01  -4.879039E-33  -7.434090E-32  -5.521828E-18   1.200000E+02   9.205810E+00
  2.650000000000E+00   2.651640E-12   1.010303E-12   7.500984E+01  -5.298350E-33  -1.024354E-31  -7.605306E-18   1.200000E+02   9.205810E+00
  2.655000000000E+00   2.656693E-12   1.010747E-12   7.501026E+01  -5.748320E-33  -8.067841E-32  -5.987362E-18   1.200000E+02   9.205810E+00
  2.660000000000E+00   2.661747E-12   1.011191E-12   7.501068E+01  -6.146482E-33  -7.958304E-32  -5.903511E-18   1.200000E+02   9.205810E+00
  2.665000000000E+00   2.666804E-12   1.011635E-12   7.501111E+01  -6.447445E-33  -3.247900E-32  -2.408265E-18   1.200000E+02   9.205810E+00
  2.670000000000E+00   2.671863E-12   1.012079E-12   7.501153E+01  -6.641259E-33  -2.501452E-32  -1.853982E-18   1.200000E+02   9.205810E+00
  2.675000000000E+00   2.676925E-12   1.012634E-12   7.501205E+01  -6.824376E-33  -4.117277E-32  -3.049920E-18   1.200000E+02   9.205810E+00
  2.680000000000E+00   2.681990E-12   1.013190E-12   7.501258E+01  -7.023337E-33  -2.289600E-32  -1.695130E-18   1.200000E+02   9.205810E+00
  2.685000000000E+00   2.687057E-12   1.013745E-12   7.501311E+01  -7.073781E-33  -3.716819E-33  -2.750300E-19   1.200000E+02   9.205810E+00
  2.690000000000E+00   2.692127E-12   1.014300E-12   7.501363E+01  -7.081890E-33  -1.603713E-32  -1.186043E-18   1.200000E+02   9.205810E+00
  2.695000000000E+00   2.697200E-12   1.014966E-12   7.501426E+01  -7.119563E-33   1.498614E-33   1.107598E-19   1.200000E+02   9.205810E+00
  2.700000000000E+00   2.702277E-12   1.015743E-12   7.501500E+01  -7.289612E-33  -6.435013E-32  -4.752408E-18   1.200000E+02   9.205810E+00
  2.705000000000E+00   2.707357E-12   1.016409E-12   7.501562E+01  -7.533387E-33  -4.140448E-32  -3.055839E-18   1.200000E+02   9.205810E+00
  2.710000000000E+00   2.712442E-12   1.017297E-12   7.501646E+01  -7.749509E-33  -4.546398E-32  -3.352557E-18   1.200000E+02   9.205810E+00
  2.715000000000E+00   2.717530E-12   1.018075E-12   7.501720E+01  -7.964354E-33  -8.373281E-33  -6.169883E-19   1.200000E+02   9.205810E+00
  2.720000000000E+00   2.722622E-12   1.019074E-12   7.501814E+01  -8.012885E-33   3.150851E-32   2.319469E-18   1.200000E+02   9.205810E+00
  2.725000000000E+00   2.727720E-12   1.019962E-12   7.501897E+01  -7.807137E-33   2.698418E-32   1.984707E-18   1.200000E+02   9.205810E+00
  2.730000000000E+00   2.732822E-12   1.021072E-12   7.502002E+01  -7.655416E-33   4.539778E-32   3.335457E-18   1.200000E+02   9.205810E+00
  2.735000000000E+00   2.737930E-12   1.022182E-12   7.502106E+01  -7.572447E-33  -1.348602E-32  -9.897802E-19   1.200000E+02   9.205810E+00
  2.740000000000E+00   2.743044E-12   1.023293E-12   7.502210E+01  -7.618931E-33  -8.415411E-33  -6.169710E-19   1.200000E+02   9.205810E+00
  2.745000000000E+00   2.748164E-12   1.024625E-12   7.502335E+01  -7.668683E-33  -5.477917E-32  -4.010948E-18   1.200000E+02   9.205810E+00
  2.750000000000E+00   2.753291E-12   1.025957E-12   7.502460E+01  -8.151586E-33  -8.445805E-32  -6.176117E-18   1.200000E+02   9.205810E+00
  2.755000000000E+00   2.758424E-12   1.027511E-12   7.502605E+01  -8.693025E-33  -1.623800E-31  -1.185654E-17   1.200000E+02   9.205810E+00
  2.760000000000E+00   2.763566E-12   1.029177E-12   7.502761E+01  -9.694461E-33  -2.252375E-31  -1.641995E-17   1.200000E+02   9.205810E+00
  2.765000000000E+00   2.768716E-12   1.030953E-12   7.502926E+01  -1.092864E-32  -2.352283E-31  -1.711911E-17   1.200000E+02   9.205810E+00
  2.770000000000E+00   2.773875E-12   1.032729E-12   7.503092E+01  -1.234131E-32  -2.831358E-31  -2.057067E-17   1.200000E+02   9.205810E+00
  2.775000000000E+00   2.779044E-12   1.034839E-12   7.503288E+01  -1.343830E-32  -1.756568E-31  -1.273632E-17   1.200000E+02   9.205810E+00
  2.780000000000E+00   2.784224E-12   1.037059E-12   7.503493E+01  -1.455929E-32  -2.477709E-31  -1.792711E-17   1.200000E+02   9.205810E+00
  2.785000000000E+00   2.789415E-12   1.039391E-12   7.503709E+01  -1.566949E-32  -2.683543E-31  -1.937339E-17   1.200000E+02   9.205810E+00
  2.790000000000E+00   2.794619E-12   1.042055E-12   7.503955E+01  -1.684553E-32  -2.434616E-31  -1.753194E-17   1.200000E+02   9.205810E+00
  2.795000000000E+00   2.799836E-12   1.044831E-12   7.504210E+01  -1.792206E-32  -2.353486E-31  -1.690327E-17   1.200000E+02   9.205810E+00
  2.800000000000E+00   2.805068E-12   1.047940E-12   7.504495E+01  -1.889268E-32  -1.830476E-31  -1.310839E-17   1.200000E+02   9.205810E+00
  2.805000000000E+00   2.810315E-12   1.051270E-12   7.504800E+01  -1.968960E-32  -9.225957E-32  -6.586219E-18   1.200000E+02   9.205810E+00
  2.810000000000E+00   2.815580E-12   1.054712E-12   7.505114E+01  -1.995807E-32   2.585599E-32   1.839859E-18   1.200000E+02   9.205810E+00
  2.815000000000E+00   2.820863E-12   1.058598E-12   7.505467E+01  -2.010484E-32   9.227010E-32   6.541958E-18   1.200000E+02   9.205810E+00
  2.820000000000E+00   2.826166E-12   1.062705E-12   7.505839E+01  -1.981398E-32   6.297189E-32   4.447675E-18   1.200000E+02   9.205810E+00
  2.825000000000E+00   2.831491E-12   1.067146E-12   7.506239E+01  -1.964479E-32  -8.636592E-33  -6.074923E-19   1.200000E+02   9.205810E+00
  2.830000000000E+00   2.836838E-12   1.071920E-12   7.506667E+01  -1.998181E-32  -4.923986E-32  -3.448272E-18   1.200000E+02   9.205810E+00
  2.835000000000E+00   2.842211E-12   1.077138E-12   7.507134E+01  -2.064248E-32  -1.496448E-31  -1.042952E-17   1.200000E+02   9.205810E+00
  2.840000000000E+00   2.847610E-12   1.082689E-12   7.507627E+01  -2.175003E-32  -2.215903E-31  -1.536560E-17   1.200000E+02   9.205810E+00
  2.845000000000E+00   2.853038E-12   1.088685E-12   7.508157E+01  -2.322320E-32  -4.141712E-31  -2.856348E-17   1.200000E+02   9.205810E+00
  2.850000000000E+00   2.858497E-12   1.094902E-12   7.508704E+01  -2.537326E-32  -4.763306E-31  -3.266617E-17   1.200000E+02   9.205810E+00
  2.855000000000E+00   2.863989E-12   1.101785E-12   7.509305E+01  -2.781914E-32  -6.087383E-31  -4.148904E-17   1.200000E+02   9.205810E+00
  2.860000000000E+00   2.869515E-12   1.109002E-12   7.509932E+01  -3.101455E-32  -6.938644E-31  -4.698707E-17   1.200000E+02   9.205810E+00
  2.865000000000E+00   2.875079E-12   1.116551E-12   7.510583E+01  -3.497590E-32  -7.359460E-31  -4.950407E-17   1.200000E+02   9.205810E+00
  2.870000000000E+00   2.880682E-12   1.124767E-12   7.511287E+01  -3.891346E-32  -6.714755E-31  -4.484169E-17   1.200000E+02   9.205810E+00
  2.875000000000E+00   2.886327E-12   1.133316E-12   7.512014E+01  -4.212211E-32  -6.701273E-31  -4.441839E-17   1.200000E+02   9.205810E+00
  2.880000000000E+00   2.892016E-12   1.142197E-12   7.512764E+01  -4.498024E-32  -6.081605E-31  -4.000155E-17   1.200000E+02   9.205810E+00
  2.885000000000E+00   2.897750E-12   1.151634E-12   7.513553E+01  -4.716814E-32  -4.245953E-31  -2.770167E-17   1.200000E+02   9.205810E+00
  2.890000000000E+00   2.903532E-12   1.161404E-12   7.514364E+01  -4.888241E-32  -3.562248E-31  -2.304799E-17   1.200000E+02   9.205810E+00
  2.895000000000E+00   2.909364E-12   1.171507E-12   7.515196E+01  -5.144881E-32  -3.497730E-31  -2.243786E-17   1.200000E+02   9.205810E+00
  2.900000000000E+00   2.915248E-12   1.181943E-12   7.516047E+01  -5.393052E-32  -6.298272E-31  -4.005108E-17   1.200000E+02   9.205810E+00
  2.905000000000E+00   2.921185E-12   1.192824E-12   7.516927E+01  -5.710811E-32  -6.073902E-31  -3.827647E-17   1.200000E+02   9.205810E+00
  2.910000000000E+00   2.927177E-12   1.203926E-12   7.517816E+01  -6.018449E-32  -5.653086E-31  -3.530023E-17   1.200000E+02   9.205810E+00
  2.915000000000E+00   2.933224E-12   1.215139E-12   7.518706E+01  -6.452352E-32  -7.661831E-31  -4.740779E-17   1.200000E+02   9.205810E+00
  2.920000000000E+00   2.939328E-12   1.226574E-12   7.519606E+01  -6.974298E-32  -1.095373E-30  -6.715264E-17   1.200000E+02   9.205810E+00
  2.925000000000E+00   2.945490E-12   1.238232E-12   7.520514E+01  -7.534782E-32  -1.153247E-30  -7.004350E-17   1.200000E+02   9.205810E+00
  2.930000000000E+00   2.951711E-12   1.250000E-12   7.521422E+01  -8.100216E-32  -1.008465E-30  -6.068072E-17   1.200000E+02   9.205810E+00
  2.935000000000E+00   2.957990E-12   1.261657E-12   7.522313E+01  -8.699353E-32  -1.538529E-30  -9.173090E-17   1.200000E+02   9.205810E+00
  2.940000000000E+00   2.964328E-12   1.273426E-12   7.523204E+01  -9.317789E-32  -1.269092E-30  -7.497598E-17   1.200000E+02   9.205810E+00
  2.945000000000E+00   2.970724E-12   1.285194E-12   7.524087E+01  -9.935608E-32  -1.307032E-30  -7.651938E-17   1.200000E+02   9.205810E+00
  2.950000000000E+00   2.977180E-12   1.296852E-12   7.524954E+01  -1.053647E-31  -1.115450E-30  -6.472378E-17   1.200000E+02   9.205810E+00
  2.955000000000E+00   2.983693E-12   1.308509E-12   7.525813E+01  -1.107430E-31  -1.188154E-30  -6.833601E-17   1.200000E+02   9.205810E+00
  2.960000000000E+00   2.990265E-12   1.320166E-12   7.526665E+01  -1.176652E-31  -1.076306E-30  -6.136344E-17   1.200000E+02   9.205810E+00
  2.965000000000E+00   2.996894E-12   1.331601E-12   7.527493E+01  -1.220196E-31  -1.529477E-30  -8.646077E-17   1.200000E+02   9.205810E+00
  2.970000000000E+00   3.003581E-12   1.343148E-12   7.528322E+01  -1.318876E-31  -2.031182E-30  -1.138474E-16   1.200000E+02   9.205810E+00
  2.975000000000E+00   3.010326E-12   1.354694E-12   7.529143E+01  -1.417002E-31  -2.460761E-30  -1.367646E-16   1.200000E+02   9.205810E+00
  2.980000000000E+00   3.017128E-12   1.366351E-12   7.529966E+01  -1.511640E-31  -1.574111E-30  -8.674927E-17   1.200000E+02   9.205810E+00
  2.985000000000E+00   3.023989E-12   1.378009E-12   7.530781E+01  -1.602037E-31  -1.968204E-30  -1.075618E-16   1.200000E+02   9.205810E+00
  2.990000000000E+00   3.030909E-12   1.389888E-12   7.531605E+01  -1.699799E-31  -1.833004E-30  -9.932786E-17   1.200000E+02   9.205810E+00
  2.995000000000E+00   3.037889E-12   1.402101E-12   7.532445E+01  -1.763261E-31  -1.027821E-30  -5.521717E-17   1.200000E+02   9.205810E+00
  3.000000000000E+00   3.044930E-12   1.414535E-12   7.533293E+01  -1.851713E-31  -2.009515E-30  -1.070194E-16   1.200000E+02   9.205810E+00
  3.005000000000E+00   3.052034E-12   1.427303E-12   7.534155E+01  -1.951592E-31  -2.868287E-30  -1.514053E-16   1.200000E+02   9.205810E+00
  3.010000000000E+00   3.059204E-12   1.440625E-12   7.535047E+01  -2.120511E-31  -4.295209E-30  -2.246566E-16   1.200000E+02   9.205810E+00
  3.015000000000E+00   3.066441E-12   1.454392E-12   7.535960E+01  -2.305450E-31  -4.292127E-30  -2.223974E-16   1.200000E+02   9.205810E+00
  3.020000000000E+00   3.073749E-12   1.468714E-12   7.536901E+01  -2.527726E-31  -4.198335E-30  -2.154431E-16   1.200000E+02   9.205810E+00
  3.025000000000E+00   3.081129E-12   1.483480E-12   7.537862E+01  -2.805114E-31  -5.912605E-30  -3.004314E-16   1.200000E+02   9.205810E+00
  3.030000000000E+00   3.088585E-12   1.499023E-12   7.538862E+01  -3.104576E-31  -5.407434E-30  -2.719497E-16   1.200000E+02   9.205810E+00
  3.035000000000E+00   3.096120E-12   1.515010E-12   7.539881E+01  -3.358757E-31  -4.865284E-30  -2.421347E-16   1.200000E+02   9.205810E+00
  3.040000000000E+00   3.103736E-12   1.531553E-12   7.540923E+01  -3.602379E-31  -3.679682E-30  -1.811769E-16   1.200000E+02   9.205810E+00
  3.045000000000E+00   3.111436E-12   1.548650E-12   7.541989E+01  -3.740126E-31  -2.148471E-30  -1.046314E-16   1.200000E+02   9.205810E+00
  3.050000000000E+00   3.119223E-12   1.566303E-12   7.543077E+01  -3.903159E-31  -3.196370E-30  -1.539323E-16   1.200000E+02   9.205810E+00
  3.055000000000E+00   3.127100E-12   1.584288E-12   7.544173E+01  -4.017286E-31  -1.925352E-30  -9.168275E-17   1.200000E+02   9.205810E+00
  3.060000000000E+00   3.135067E-12   1.602829E-12   7.545290E+01  -4.120897E-31  -1.662559E-30  -7.826468E-17   1.200000E+02   9.205810E+00
  3.065000000000E+00   3.143127E-12   1.621481E-12   7.546401E+01  -4.241268E-31  -2.089634E-30  -9.725194E-17   1.200000E+02   9.205810E+00
  3.070000000000E+00   3.151283E-12   1.640799E-12   7.547538E+01  -4.347920E-31  -4.210275E-30  -1.936692E-16   1.200000E+02   9.205810E+00
  3.075000000000E+00   3.159535E-12   1.660228E-12   7.548668E+01  -4.605221E-31  -7.107067E-30  -3.231418E-16   1.200000E+02   9.205810E+00
  3.080000000000E+00   3.167886E-12   1.679989E-12   7.549804E+01  -4.973374E-31  -8.367395E-30  -3.760273E-16   1.200000E+02   9.205810E+00
  3.085000000000E+00   3.176336E-12   1.700196E-12   7.550951E+01  -5.421607E-31  -9.410864E-30  -4.179577E-16   1.200000E+02   9.205810E+00
  3.090000000000E+00   3.184888E-12   1.720735E-12   7.552104E+01  -5.780392E-31  -5.893346E-30  -2.586521E-16   1.200000E+02   9.205810E+00
  3.095000000000E+00   3.193543E-12   1.741607E-12   7.553262E+01  -6.104522E-31  -4.678084E-30  -2.028861E-16   1.200000E+02   9.205810E+00
  3.100000000000E+00   3.202305E-12   1.763034E-12   7.554435E+01  -6.315460E-31  -4.365313E-30  -1.870495E-16   1.200000E+02   9.205810E+00
  3.105000000000E+00   3.211175E-12   1.785017E-12   7.555625E+01  -6.533082E-31  -4.471624E-30  -1.892751E-16   1.200000E+02   9.205810E+00
  3.110000000000E+00   3.220156E-12   1.807665E-12   7.556835E+01  -6.714355E-31  -1.100525E-30  -4.600677E-17   1.200000E+02   9.205810E+00
  3.115000000000E+00   3.229253E-12   1.831091E-12   7.558072E+01  -6.728952E-31   5.933068E-32   2.448953E-18   1.200000E+02   9.205810E+00
  3.120000000000E+00   3.238468E-12   1.855183E-12   7.559326E+01  -6.706826E-31   7.196959E-31   2.932550E-17   1.200000E+02   9.205810E+00
  3.125000000000E+00   3.247805E-12   1.880163E-12   7.560610E+01  -6.756470E-31  -7.428312E-31  -2.987112E-17   1.200000E+02   9.205810E+00
  3.130000000000E+00   3.257270E-12   1.906031E-12   7.561922E+01  -6.772523E-31   2.834969E-31   1.124736E-17   1.200000E+02   9.205810E+00
  3.135000000000E+00   3.266867E-12   1.932676E-12   7.563255E+01  -6.550987E-31   7.298504E-30   2.856166E-16   1.200000E+02   9.205810E+00
  3.140000000000E+00   3.276599E-12   1.960321E-12   7.564618E+01  -6.232472E-31   6.162398E-30   2.377988E-16   1.200000E+02   9.205810E+00
  3.145000000000E+00   3.286471E-12   1.988854E-12   7.566006E+01  -5.850992E-31   3.855712E-30   1.466792E-16   1.200000E+02   9.205810E+00
  3.150000000000E+00   3.296489E-12   2.018274E-12   7.567415E+01  -5.632107E-31   1.152476E-30   4.321151E-17   1.200000E+02   9.205810E+00
  3.155000000000E+00   3.306655E-12   2.048361E-12   7.568836E+01  -5.638205E-31  -7.028922E-31  -2.597235E-17   1.200000E+02   9.205810E+00
  3.160000000000E+00   3.316974E-12   2.079226E-12   7.570272E+01  -5.653453E-31  -2.185642E-30  -7.957722E-17   1.200000E+02   9.205810E+00
  3.165000000000E+00   3.327448E-12   2.110867E-12   7.571721E+01  -5.733046E-31  -2.504190E-30  -8.982580E-17   1.200000E+02   9.205810E+00
  3.170000000000E+00   3.338083E-12   2.143175E-12   7.573180E+01  -5.880480E-31  -2.176000E-30  -7.689172E-17   1.200000E+02   9.205810E+00
  3.175000000000E+00   3.348881E-12   2.176037E-12   7.574641E+01  -6.014972E-31  -3.123858E-30  -1.087394E-16   1.200000E+02   9.205810E+00
  3.180000000000E+00   3.359846E-12   2.209788E-12   7.576118E+01  -6.198891E-31  -6.219309E-31  -2.132251E-17   1.200000E+02   9.205810E+00
  3.185000000000E+00   3.370980E-12   2.244316E-12   7.577606E+01  -6.157713E-31  -1.892226E-31  -6.388827E-18   1.200000E+02   9.205810E+00
  3.190000000000E+00   3.382289E-12   2.279510E-12   7.579100E+01  -6.100255E-31   1.644359E-30   5.467299E-17   1.200000E+02   9.205810E+00
  3.195000000000E+00   3.393777E-12   2.315814E-12   7.580617E+01  -5.922662E-31   4.216438E-30   1.380215E-16   1.200000E+02   9.205810E+00
  3.200000000000E+00   3.405448E-12   2.353007E-12   7.582147E+01  -5.761683E-31   1.048332E-30   3.378063E-17   1.200000E+02   9.205810E+00
  3.205000000000E+00   3.417308E-12   2.391309E-12   7.583697E+01  -5.802728E-31  -2.574487E-30  -8.164618E-17   1.200000E+02   9.205810E+00
  3.210000000000E+00   3.429363E-12   2.430944E-12   7.585275E+01  -6.192480E-31  -8.795337E-30  -2.744409E-16   1.200000E+02   9.205810E+00
  3.215000000000E+00   3.441620E-12   2.472023E-12   7.586884E+01  -6.761331E-31  -6.739407E-30  -2.068391E-16   1.200000E+02   9.205810E+00
  3.220000000000E+00   3.454085E-12   2.514322E-12   7.588512E+01  -7.141525E-31  -4.514572E-30  -1.362550E-16   1.200000E+02   9.205810E+00
  3.225000000000E+00   3.466767E-12   2.558398E-12   7.590181E+01  -7.576419E-31  -8.992552E-30  -2.667884E-16   1.200000E+02   9.205810E+00
  3.230000000000E+00   3.479671E-12   2.603695E-12   7.591865E+01  -8.100746E-31  -8.641070E-30  -2.519567E-16   1.200000E+02   9.205810E+00
  3.235000000000E+00   3.492806E-12   2.650657E-12   7.593582E+01  -8.595149E-31  -1.286136E-29  -3.684512E-16   1.200000E+02   9.205810E+00
  3.240000000000E+00   3.506180E-12   2.699063E-12   7.595319E+01  -9.250327E-31  -7.227534E-30  -2.033869E-16   1.200000E+02   9.205810E+00
  3.245000000000E+00   3.519799E-12   2.748801E-12   7.597072E+01  -9.456034E-31  -7.291956E-30  -2.015334E-16   1.200000E+02   9.205810E+00
  3.250000000000E+00   3.533670E-12   2.799982E-12   7.598843E+01  -9.538144E-31   5.925966E-30   1.608242E-16   1.200000E+02   9.205810E+00
  3.255000000000E+00   3.547801E-12   2.852496E-12   7.600627E+01  -8.764286E-31   3.051212E-29   8.130117E-16   1.200000E+02   9.205810E+00
  3.260000000000E+00   3.562198E-12   2.906231E-12   7.602418E+01  -6.869803E-31   4.288661E-29   1.121872E-15   1.200000E+02   9.205810E+00
  3.265000000000E+00   3.576866E-12   2.961409E-12   7.604224E+01  -4.534806E-31   5.424959E-29   1.393006E-15   1.200000E+02   9.205810E+00
  3.270000000000E+00   3.591814E-12   3.018030E-12   7.606042E+01  -1.874865E-31   5.816925E-29   1.465982E-15   1.200000E+02   9.205810E+00
  3.275000000000E+00   3.607049E-12   3.076095E-12   7.607871E+01   1.084781E-31   2.782584E-29   6.881952E-16   1.200000E+02   9.205810E+00
  3.280000000000E+00   3.622578E-12   3.135825E-12   7.609718E+01   1.696587E-31   1.078742E-29   2.617788E-16   1.200000E+02   9.205810E+00
  3.285000000000E+00   3.638410E-12   3.197220E-12   7.611579E+01   1.521907E-31  -4.728327E-30  -1.125666E-16   1.200000E+02   9.205810E+00
  3.290000000000E+00   3.654554E-12   3.260836E-12   7.613470E+01   6.740207E-32  -1.910445E-29  -4.460549E-16   1.200000E+02   9.205810E+00
  3.295000000000E+00   3.671021E-12   3.326561E-12   7.615386E+01  -4.084829E-32  -2.825647E-29  -6.468661E-16   1.200000E+02   9.205810E+00
  3.300000000000E+00   3.687823E-12   3.394618E-12   7.617330E+01  -1.873661E-31  -3.248505E-29  -7.289460E-16   1.200000E+02   9.205810E+00
  3.305000000000E+00   3.704972E-12   3.465339E-12   7.619310E+01  -3.100902E-31  -1.440846E-29  -3.168017E-16   1.200000E+02   9.205810E+00
  3.310000000000E+00   3.722480E-12   3.538614E-12   7.621319E+01  -4.071991E-31  -2.912006E-29  -6.271757E-16   1.200000E+02   9.205810E+00
  3.315000000000E+00   3.740361E-12   3.614442E-12   7.623354E+01  -5.439024E-31  -1.065193E-29  -2.246639E-16   1.200000E+02   9.205810E+00
  3.320000000000E+00   3.758630E-12   3.693268E-12   7.625425E+01  -6.720476E-31  -5.043779E-29  -1.041380E-15   1.200000E+02   9.205810E+00
  3.325000000000E+00   3.777298E-12   3.774536E-12   7.627515E+01  -7.742674E-31  -1.446908E-29  -2.923885E-16   1.200000E+02   9.205810E+00
  3.330000000000E+00   3.796379E-12   3.858580E-12   7.629629E+01  -7.528403E-31   2.957612E-29   5.848131E-16   1.200000E+02   9.205810E+00
  3.335000000000E+00   3.815888E-12   3.945178E-12   7.631759E+01  -5.357326E-31   3.587776E-29   6.940384E-16   1.200000E+02   9.205810E+00
  3.340000000000E+00   3.835835E-12   4.034328E-12   7.633905E+01  -3.150364E-31   5.255632E-29   9.944900E-16   1.200000E+02   9.205810E+00
  3.345000000000E+00   3.856235E-12   4.126033E-12   7.636062E+01  -5.046600E-32   6.240321E-29   1.154898E-15   1.200000E+02   9.205810E+00
  3.350000000000E+00   3.877100E-12   4.220402E-12   7.638233E+01   2.500407E-31   4.445200E-29   8.045082E-16   1.200000E+02   9.205810E+00
  3.355000000000E+00   3.898444E-12   4.317546E-12   7.640418E+01   4.333939E-31   4.103849E-29   7.262254E-16   1.200000E+02   9.205810E+00
  3.360000000000E+00   3.920280E-12   4.417577E-12   7.642617E+01   5.500940E-31   1.460991E-29   2.527584E-16   1.200000E+02   9.205810E+00
  3.365000000000E+00   3.942625E-12   4.520717E-12   7.644832E+01   5.441903E-31  -9.399694E-30  -1.589551E-16   1.200000E+02   9.205810E+00
  3.370000000000E+00   3.965493E-12   4.627410E-12   7.647072E+01   4.854771E-31  -1.538780E-29  -2.542925E-16   1.200000E+02   9.205810E+00
  3.375000000000E+00   3.988905E-12   4.737877E-12   7.649337E+01   3.100749E-31  -6.817638E-29  -1.100713E-15   1.200000E+02   9.205810E+00
  3.380000000000E+00   4.012878E-12   4.852452E-12   7.651630E+01  -7.251954E-32  -7.865036E-29  -1.240205E-15   1.200000E+02   9.205810E+00
  3.385000000000E+00   4.037436E-12   4.971468E-12   7.653957E+01  -3.906113E-31  -3.780860E-29  -5.820925E-16   1.200000E+02   9.205810E+00
  3.390000000000E+00   4.062600E-12   5.095258E-12   7.656318E+01  -5.351867E-31  -3.512357E-29  -5.277794E-16   1.200000E+02   9.205810E+00
  3.395000000000E+00   4.088396E-12   5.223821E-12   7.658710E+01  -5.915813E-31   1.726981E-29   2.531949E-16   1.200000E+02   9.205810E+00
  3.400000000000E+00   4.114847E-12   5.357603E-12   7.661138E+01  -5.904802E-31   2.673846E-29   3.823482E-16   1.200000E+02   9.205810E+00
  3.405000000000E+00   4.141980E-12   5.496381E-12   7.663593E+01  -4.095167E-31   4.183120E-29   5.832515E-16   1.200000E+02   9.205810E+00
  3.410000000000E+00   4.169820E-12   5.640377E-12   7.666075E+01  -1.237311E-31   9.445223E-29   1.283740E-15   1.200000E+02   9.205810E+00
  3.415000000000E+00   4.198392E-12   5.789369E-12   7.668578E+01   3.984517E-31   1.331311E-28   1.763449E-15   1.200000E+02   9.205810E+00
  3.420000000000E+00   4.227722E-12   5.943357E-12   7.671098E+01   1.024567E-30   1.074546E-28   1.386917E-15   1.200000E+02   9.205810E+00
  3.425000000000E+00   4.257834E-12   6.102341E-12   7.673633E+01   1.653080E-30   1.460178E-28   1.836160E-15   1.200000E+02   9.205810E+00
  3.430000000000E+00   4.288753E-12   6.266321E-12   7.676178E+01   2.308789E-30   1.621340E-28   1.986125E-15   1.200000E+02   9.205810E+00
  3.435000000000E+00   4.320506E-12   6.435630E-12   7.678738E+01   3.040747E-30   9.089311E-29   1.084500E-15   1.200000E+02   9.205810E+00
  3.440000000000E+00   4.353118E-12   6.610157E-12   7.681306E+01   3.604718E-30   9.634734E-29   1.119600E-15   1.200000E+02   9.205810E+00
  3.445000000000E+00   4.386616E-12   6.790457E-12   7.683890E+01   4.058443E-30   9.059729E-29   1.025173E-15   1.200000E+02   9.205810E+00
  3.450000000000E+00   4.421032E-12   6.976975E-12   7.686491E+01   4.376774E-30   1.750812E-29   1.928859E-16   1.200000E+02   9.205810E+00
  3.455000000000E+00   4.456396E-12   7.170153E-12   7.689113E+01   4.503847E-30   4.180154E-29   4.482704E-16   1.200000E+02   9.205810E+00
  3.460000000000E+00   4.492745E-12   7.370549E-12   7.691759E+01   4.510806E-30  -9.470029E-29  -9.882735E-16   1.200000E+02   9.205810E+00
  3.465000000000E+00   4.530114E-12   7.578715E-12   7.694433E+01   3.827180E-30  -1.074446E-28  -1.090851E-15   1.200000E+02   9.205810E+00
  3.470000000000E+00   4.568545E-12   7.795431E-12   7.697140E+01   3.309091E-30  -1.022237E-28  -1.009348E-15   1.200000E+02   9.205810E+00
  3.475000000000E+00   4.608082E-12   8.020806E-12   7.699876E+01   2.932424E-30  -6.488111E-29  -6.228507E-16   1.200000E+02   9.205810E+00
  3.480000000000E+00   4.648769E-12   8.255618E-12   7.702646E+01   2.903547E-30   3.469466E-29   3.237077E-16   1.200000E+02   9.205810E+00
  3.485000000000E+00   4.690653E-12   8.499978E-12   7.705446E+01   3.056648E-30   6.319053E-29   5.728382E-16   1.200000E+02   9.205810E+00
  3.490000000000E+00   4.733784E-12   8.754109E-12   7.708274E+01   3.174720E-30   1.222966E-30   1.076860E-17   1.200000E+02   9.205810E+00
  3.495000000000E+00   4.778210E-12   9.018009E-12   7.711125E+01   3.123898E-30  -5.538166E-29  -4.735579E-16   1.200000E+02   9.205810E+00
  3.500000000000E+00   4.823980E-12   9.291790E-12   7.713997E+01   2.642008E-30  -1.648935E-28  -1.368937E-15   1.200000E+02   9.205810E+00
  3.505000000000E+00   4.871143E-12   9.575229E-12   7.716881E+01   1.689995E-30  -1.419279E-28  -1.143827E-15   1.200000E+02   9.205810E+00
  3.510000000000E+00   4.919748E-12   9.868328E-12   7.719776E+01   1.357998E-30  -5.759156E-30  -4.505261E-17   1.200000E+02   9.205810E+00
  3.515000000000E+00   4.969842E-12   1.017109E-11   7.722677E+01   1.178313E-30  -5.532503E-29  -4.200705E-16   1.200000E+02   9.205810E+00
  3.520000000000E+00   5.021474E-12   1.048350E-11   7.725581E+01   1.427365E-30   1.028739E-28   7.581063E-16   1.200000E+02   9.205810E+00
  3.525000000000E+00   5.074693E-12   1.080569E-11   7.728487E+01   2.445501E-30   4.244996E-28   3.036122E-15   1.200000E+02   9.205810E+00
  3.530000000000E+00   5.129547E-12   1.113798E-11   7.731395E+01   5.553847E-30   6.978461E-28   4.844077E-15   1.200000E+02   9.205810E+00
  3.535000000000E+00   5.186089E-12   1.148071E-11   7.734304E+01   9.807854E-30   9.477486E-28   6.384778E-15   1.200000E+02   9.205810E+00
  3.540000000000E+00   5.244371E-12   1.183431E-11   7.737216E+01   1.426041E-29   1.004392E-27   6.566670E-15   1.200000E+02   9.205810E+00
  3.545000000000E+00   5.304450E-12   1.219935E-11   7.740133E+01   1.870980E-29   6.798933E-28   4.313724E-15   1.200000E+02   9.205810E+00
  3.550000000000E+00   5.366383E-12   1.257627E-11   7.743054E+01   2.242265E-29   5.833472E-28   3.591596E-15   1.200000E+02   9.205810E+00
  3.555000000000E+00   5.430233E-12   1.296574E-11   7.745982E+01   2.476341E-29   4.309368E-28   2.574499E-15   1.200000E+02   9.205810E+00
  3.560000000000E+00   5.496061E-12   1.336775E-11   7.748913E+01   2.581512E-29   1.237402E-28   7.172876E-16   1.200000E+02   9.205810E+00
  3.565000000000E+00   5.563932E-12   1.378264E-11   7.751847E+01   2.587052E-29  -4.905055E-29  -2.758777E-16   1.200000E+02   9.205810E+00
  3.570000000000E+00   5.633907E-12   1.420986E-11   7.754778E+01   2.487641E-29  -1.979062E-28  -1.080038E-15   1.200000E+02   9.205810E+00
  3.575000000000E+00   5.706049E-12   1.464873E-11   7.757698E+01   2.269993E-29  -4.977219E-28  -2.635844E-15   1.200000E+02   9.205810E+00
  3.580000000000E+00   5.780412E-12   1.509826E-11   7.760600E+01   1.992396E-29  -4.399286E-28  -2.261261E-15   1.200000E+02   9.205810E+00
  3.585000000000E+00   5.857047E-12   1.555700E-11   7.763473E+01   1.874827E-29  -4.818571E-29  -2.404631E-16   1.200000E+02   9.205810E+00
  3.590000000000E+00   5.935994E-12   1.602296E-11   7.766306E+01   1.957788E-29   3.889300E-28   1.885138E-15   1.200000E+02   9.205810E+00
  3.595000000000E+00   6.017285E-12   1.649403E-11   7.769088E+01   2.172649E-29   3.994949E-28   1.881718E-15   1.200000E+02   9.205810E+00
  3.600000000000E+00   6.100939E-12   1.696765E-11   7.771806E+01   2.407796E-29   5.208824E-28   2.385832E-15   1.200000E+02   9.205810E+00
  3.605000000000E+00   6.186961E-12   1.744116E-11   7.774448E+01   2.683549E-29   7.617500E-28   3.395523E-15   1.200000E+02   9.205810E+00
  3.610000000000E+00   6.275346E-12   1.791189E-11   7.777005E+01   3.081009E-29   5.648213E-28   2.452347E-15   1.200000E+02   9.205810E+00
  3.615000000000E+00   6.366071E-12   1.837686E-11   7.779465E+01   3.432519E-29   8.824827E-28   3.735809E-15   1.200000E+02   9.205810E+00
  3.620000000000E+00   6.459100E-12   1.883316E-11   7.781819E+01   3.811818E-29   9.429877E-28   3.896405E-15   1.200000E+02   9.205810E+00
  3.625000000000E+00   6.554383E-12   1.927747E-11   7.784058E+01   4.372810E-29   1.198674E-27   4.840132E-15   1.200000E+02   9.205810E+00
  3.630000000000E+00   6.651851E-12   1.970679E-11   7.786172E+01   5.015971E-29   1.253673E-27   4.953272E-15   1.200000E+02   9.205810E+00
  3.635000000000E+00   6.751420E-12   2.011702E-11   7.788150E+01   5.636102E-29   1.204437E-27   4.662884E-15   1.200000E+02   9.205810E+00
  3.640000000000E+00   6.852984E-12   2.050415E-11   7.789980E+01   6.299100E-29   1.233581E-27   4.686647E-15   1.200000E+02   9.205810E+00
  3.645000000000E+00   6.956416E-12   2.086320E-11   7.791647E+01   6.714992E-29   5.726391E-28   2.138599E-15   1.200000E+02   9.205810E+00
  3.650000000000E+00   7.061563E-12   2.118883E-11   7.793134E+01   6.757517E-29  -3.714549E-28  -1.366190E-15   1.200000E+02   9.205810E+00
  3.655000000000E+00   7.168240E-12   2.147460E-11   7.794420E+01   6.422192E-29  -1.109021E-27  -4.025303E-15   1.200000E+02   9.205810E+00
  3.660000000000E+00   7.276234E-12   2.171385E-11   7.795483E+01   5.822920E-29  -1.144908E-27  -4.110332E-15   1.200000E+02   9.205810E+00
  3.665000000000E+00   7.385293E-12   2.189926E-11   7.796299E+01   5.267635E-29  -9.734728E-28  -3.465636E-15   1.200000E+02   9.205810E+00
  3.670000000000E+00   7.495128E-12   2.202327E-11   7.796842E+01   4.833054E-29  -6.591303E-28  -2.333502E-15   1.200000E+02   9.205810E+00
  3.675000000000E+00   7.605416E-12   2.207867E-11   7.797083E+01   4.571404E-29  -4.352216E-28  -1.536985E-15   1.200000E+02   9.205810E+00
  3.680000000000E+00   7.715795E-12   2.205858E-11   7.796995E+01   4.673818E-29   5.823951E-28   2.058579E-15   1.200000E+02   9.205810E+00
  3.685000000000E+00   7.825872E-12   2.195710E-11   7.796553E+01   5.251220E-29   1.730681E-27   6.145320E-15   1.200000E+02   9.205810E+00
  3.690000000000E+00   7.935228E-12   2.176936E-11   7.795728E+01   6.592993E-29   3.068435E-27   1.098823E-14   1.200000E+02   9.205810E+00
  3.695000000000E+00   8.043422E-12   2.149203E-11   7.794497E+01   8.174316E-29   3.540975E-27   1.284202E-14   1.200000E+02   9.205810E+00
  3.700000000000E+00   8.150001E-12   2.112321E-11   7.792836E+01   9.951152E-29   3.497119E-27   1.290167E-14   1.200000E+02   9.205810E+00
  3.705000000000E+00   8.254508E-12   2.066314E-11   7.790722E+01   1.165619E-28   3.176053E-27   1.197482E-14   1.200000E+02   9.205810E+00
  3.710000000000E+00   8.356489E-12   2.011336E-11   7.788133E+01   1.316138E-28   2.646259E-27   1.024663E-14   1.200000E+02   9.205810E+00
  3.715000000000E+00   8.455504E-12   1.947775E-11   7.785050E+01   1.445909E-28   2.425883E-27   9.695995E-15   1.200000E+02   9.205810E+00
  3.720000000000E+00   8.551137E-12   1.876166E-11   7.781454E+01   1.512029E-28   4.278199E-28   1.774396E-15   1.200000E+02   9.205810E+00
  3.725000000000E+00   8.643003E-12   1.797207E-11   7.777327E+01   1.519728E-28  -3.137725E-28  -1.357836E-15   1.200000E+02   9.205810E+00
  3.730000000000E+00   8.730755E-12   1.711786E-11   7.772652E+01   1.501217E-28  -8.318292E-28  -3.777059E-15   1.200000E+02   9.205810E+00
  3.735000000000E+00   8.814094E-12   1.620903E-11   7.767415E+01   1.438484E-28  -1.355466E-27  -6.495433E-15   1.200000E+02   9.205810E+00
  3.740000000000E+00   8.892776E-12   1.525702E-11   7.761604E+01   1.372350E-28  -1.110198E-27  -5.647841E-15   1.200000E+02   9.205810E+00
  3.745000000000E+00   8.966615E-12   1.427403E-11   7.755210E+01   1.321504E-28  -8.274596E-28  -4.495665E-15   1.200000E+02   9.205810E+00
  3.750000000000E+00   9.035487E-12   1.327294E-11   7.748230E+01   1.291770E-28  -2.762893E-28  -1.612870E-15   1.200000E+02   9.205810E+00
  3.755000000000E+00   9.099336E-12   1.226674E-11   7.740662E+01   1.291747E-28   1.624491E-28   1.025100E-15   1.200000E+02   9.205810E+00
  3.760000000000E+00   9.158167E-12   1.126810E-11   7.732510E+01   1.310337E-28   7.139869E-28   4.899594E-15   1.200000E+02   9.205810E+00
  3.765000000000E+00   9.212049E-12   1.028921E-11   7.723785E+01   1.351814E-28   7.950978E-28   5.968546E-15   1.200000E+02   9.205810E+00
  3.770000000000E+00   9.261108E-12   9.340972E-12   7.714503E+01   1.391073E-28   8.571713E-28   7.079189E-15   1.200000E+02   9.205810E+00
  3.775000000000E+00   9.305522E-12   8.432921E-12   7.704686E+01   1.428686E-28   6.642394E-28   6.068782E-15   1.200000E+02   9.205810E+00
  3.780000000000E+00   9.345514E-12   7.572942E-12   7.694360E+01   1.463626E-28   6.445487E-28   6.548828E-15   1.200000E+02   9.205810E+00
  3.785000000000E+00   9.381339E-12   6.767031E-12   7.683558E+01   1.488295E-28   4.559616E-28   5.177170E-15   1.200000E+02   9.205810E+00
  3.790000000000E+00   9.413279E-12   6.019851E-12   7.672326E+01   1.507302E-28   2.628694E-28   3.350282E-15   1.200000E+02   9.205810E+00
  3.795000000000E+00   9.441636E-12   5.333733E-12   7.660709E+01   1.523826E-28   2.762184E-28   3.967256E-15   1.200000E+02   9.205810E+00
  3.800000000000E+00   9.466717E-12   4.709788E-12   7.648766E+01   1.536237E-28   1.933819E-28   3.140550E-15   1.200000E+02   9.205810E+00
  3.805000000000E+00   9.488833E-12   4.147571E-12   7.636562E+01   1.548573E-28   2.792814E-28   5.142166E-15   1.200000E+02   9.205810E+00
  3.810000000000E+00   9.508288E-12   3.645306E-12   7.624170E+01   1.561560E-28   2.397274E-28   5.013907E-15   1.200000E+02   9.205810E+00
  3.815000000000E+00   9.525377E-12   3.200107E-12   7.611666E+01   1.578222E-28   3.771741E-28   8.971336E-15   1.200000E+02   9.205810E+00
  3.820000000000E+00   9.540376E-12   2.808864E-12   7.599147E+01   1.598865E-28   4.296827E-28   1.162470E-14   1.200000E+02   9.205810E+00
  3.825000000000E+00   9.553545E-12   2.467360E-12   7.586702E+01   1.620184E-28   3.966614E-28   1.219665E-14   1.200000E+02   9.205810E+00
  3.830000000000E+00   9.565122E-12   2.171152E-12   7.574425E+01   1.640144E-28   3.588578E-28   1.251935E-14   1.200000E+02   9.205810E+00
  3.835000000000E+00   9.575323E-12   1.915912E-12   7.562419E+01   1.654357E-28   2.274631E-28   8.978342E-15   1.200000E+02   9.205810E+00
  3.840000000000E+00   9.584340E-12   1.697420E-12   7.550795E+01   1.663809E-28   1.563239E-28   6.953904E-15   1.200000E+02   9.205810E+00
  3.845000000000E+00   9.592348E-12   1.511236E-12   7.539641E+01   1.670197E-28   3.635077E-29   1.813561E-15   1.200000E+02   9.205810E+00
  3.850000000000E+00   9.599498E-12   1.353473E-12   7.529057E+01   1.669077E-28  -6.593768E-29  -3.667961E-15   1.200000E+02   9.205810E+00
  3.855000000000E+00   9.605922E-12   1.220690E-12   7.519144E+01   1.665111E-28  -7.836224E-29  -4.826916E-15   1.200000E+02   9.205810E+00
  3.860000000000E+00   9.611739E-12   1.109668E-12   7.509990E+01   1.659950E-28  -1.095900E-28  -7.416814E-15   1.200000E+02   9.205810E+00
  3.865000000000E+00   9.617050E-12   1.017741E-12   7.501688E+01   1.654259E-28  -1.149025E-28  -8.469370E-15   1.200000E+02   9.205810E+00
  3.870000000000E+00   9.621944E-12   9.426904E-13   7.494334E+01   1.648963E-28  -9.860145E-29  -7.838759E-15   1.200000E+02   9.205810E+00
  3.875000000000E+00   9.626500E-12   8.822942E-13   7.487978E+01   1.645592E-28  -4.330723E-29  -3.675459E-15   1.200000E+02   9.205810E+00
  3.880000000000E+00   9.630788E-12   8.352208E-13   7.482714E+01   1.644996E-28   1.884176E-29   1.688027E-15   1.200000E+02   9.205810E+00
  3.885000000000E+00   9.634871E-12   8.001377E-13   7.478595E+01   1.646660E-28   5.511549E-29   5.151444E-15   1.200000E+02   9.205810E+00
  3.890000000000E+00   9.638807E-12   7.761569E-13   7.475674E+01   1.649889E-28   6.759552E-29   6.510565E-15   1.200000E+02   9.205810E+00
  3.895000000000E+00   9.642649E-12   7.626122E-13   7.473983E+01   1.654071E-28   9.582195E-29   9.391033E-15   1.200000E+02   9.205810E+00
  3.900000000000E+00   9.646450E-12   7.593925E-13   7.473577E+01   1.658712E-28   9.340606E-29   9.192577E-15   1.200000E+02   9.205810E+00
  3.905000000000E+00   9.650259E-12   7.661649E-13   7.474430E+01   1.663547E-28   9.779410E-29   9.540441E-15   1.200000E+02   9.205810E+00
  3.910000000000E+00   9.654128E-12   7.833734E-13   7.476562E+01   1.668710E-28   9.907600E-29   9.455872E-15   1.200000E+02   9.205810E+00
  3.915000000000E+00   9.658109E-12   8.111289E-13   7.479904E+01   1.674093E-28   1.167884E-28   1.076976E-14   1.200000E+02   9.205810E+00
  3.920000000000E+00   9.662258E-12   8.504308E-13   7.484447E+01   1.679758E-28   1.100831E-28   9.688159E-15   1.200000E+02   9.205810E+00
  3.925000000000E+00   9.666633E-12   9.020562E-13   7.490104E+01   1.684930E-28   9.908833E-29   8.227668E-15   1.200000E+02   9.205810E+00
  3.930000000000E+00   9.671300E-12   9.671153E-13   7.496790E+01   1.689721E-28   1.001422E-28   7.762725E-15   1.200000E+02   9.205810E+00
  3.935000000000E+00   9.676329E-12   1.047051E-12   7.504414E+01   1.693533E-28   5.865920E-29   4.204215E-15   1.200000E+02   9.205810E+00
  3.940000000000E+00   9.681797E-12   1.143419E-12   7.512866E+01   1.695634E-28   2.421741E-29   1.591212E-15   1.200000E+02   9.205810E+00
  3.945000000000E+00   9.687792E-12   1.257772E-12   7.522017E+01   1.696068E-28  -1.640584E-29  -9.811401E-16   1.200000E+02   9.205810E+00
  3.950000000000E+00   9.694407E-12   1.391776E-12   7.531736E+01   1.693855E-28  -6.669264E-29  -3.609140E-15   1.200000E+02   9.205810E+00
  3.955000000000E+00   9.701743E-12   1.546763E-12   7.541872E+01   1.690137E-28  -7.816502E-29  -3.811254E-15   1.200000E+02   9.205810E+00
  3.960000000000E+00   9.709910E-12   1.724176E-12   7.552296E+01   1.686444E-28  -5.587662E-29  -2.447527E-15   1.200000E+02   9.205810E+00
  3.965000000000E+00   9.719021E-12   1.924461E-12   7.562846E+01   1.685191E-28   1.270151E-29   4.991505E-16   1.200000E+02   9.205810E+00
  3.970000000000E+00   9.729191E-12   2.147504E-12   7.573373E+01   1.686602E-28   6.367278E-29   2.245480E-15   1.200000E+02   9.205810E+00
  3.975000000000E+00   9.740531E-12   2.392198E-12   7.583732E+01   1.691552E-28   1.407993E-28   4.463614E-15   1.200000E+02   9.205810E+00
  3.980000000000E+00   9.753142E-12   2.655542E-12   7.593758E+01   1.699534E-28   1.823378E-28   5.214111E-15   1.200000E+02   9.205810E+00
  3.985000000000E+00   9.767110E-12   2.933542E-12   7.603316E+01   1.709167E-28   2.062995E-28   5.346983E-15   1.200000E+02   9.205810E+00
  3.990000000000E+00   9.782492E-12   3.220091E-12   7.612263E+01   1.720568E-28   2.088633E-28   4.937507E-15   1.200000E+02   9.205810E+00
  3.995000000000E+00   9.799314E-12   3.508194E-12   7.620490E+01   1.729880E-28   1.646870E-28   3.577328E-15   1.200000E+02   9.205810E+00
  4.000000000000E+00   9.817562E-12   3.789191E-12   7.627887E+01   1.734965E-28   5.737268E-29   1.154949E-15   1.200000E+02   9.205810E+00
  4.005000000000E+00   9.837180E-12   4.053979E-12   7.634371E+01   1.735794E-28  -3.592976E-29  -6.766220E-16   1.200000E+02   9.205810E+00
  4.010000000000E+00   9.858062E-12   4.293788E-12   7.639888E+01   1.731827E-28  -1.367811E-28  -2.433731E-15   1.200000E+02   9.205810E+00
  4.015000000000E+00   9.880064E-12   4.500289E-12   7.644398E+01   1.724203E-28  -1.727482E-28  -2.934380E-15   1.200000E+02   9.205810E+00
  4.020000000000E+00   9.903002E-12   4.667267E-12   7.647895E+01   1.714671E-28  -1.915792E-28  -3.139263E-15   1.200000E+02   9.205810E+00
  4.025000000000E+00   9.926666E-12   4.789835E-12   7.650384E+01   1.708042E-28  -6.955766E-29  -1.110983E-15   1.200000E+02   9.205810E+00
  4.030000000000E+00   9.950826E-12   4.865885E-12   7.651896E+01   1.710047E-28   1.406206E-28   2.211343E-15   1.200000E+02   9.205810E+00
  4.035000000000E+00   9.975250E-12   4.895750E-12   7.652483E+01   1.723335E-28   4.071878E-28   6.364699E-15   1.200000E+02   9.205810E+00
  4.040000000000E+00   9.999713E-12   4.881762E-12   7.652209E+01   1.749200E-28   6.272554E-28   9.832288E-15   1.200000E+02   9.205810E+00
  4.045000000000E+00   1.002401E-11   4.828582E-12   7.651157E+01   1.785924E-28   8.298200E-28   1.314896E-14   1.200000E+02   9.205810E+00
  4.050000000000E+00   1.004795E-11   4.741874E-12   7.649418E+01   1.830502E-28   9.134146E-28   1.473487E-14   1.200000E+02   9.205810E+00
  4.055000000000E+00   1.007138E-11   4.628631E-12   7.647097E+01   1.876940E-28   9.160154E-28   1.513376E-14   1.200000E+02   9.205810E+00
  4.060000000000E+00   1.009420E-11   4.496514E-12   7.644317E+01   1.919716E-28   7.695708E-28   1.308312E-14   1.200000E+02   9.205810E+00
  4.065000000000E+00   1.011633E-11   4.353184E-12   7.641207E+01   1.953867E-28   5.774832E-28   1.013664E-14   1.200000E+02   9.205810E+00
  4.070000000000E+00   1.013773E-11   4.205747E-12   7.637899E+01   1.978055E-28   3.753376E-28   6.816365E-15   1.200000E+02   9.205810E+00
  4.075000000000E+00   1.015839E-11   4.061085E-12   7.634539E+01   1.991720E-28   1.636085E-28   3.075719E-15   1.200000E+02   9.205810E+00
  4.080000000000E+00   1.017835E-11   3.924860E-12   7.631264E+01   1.994985E-28  -2.022621E-29  -3.932664E-16   1.200000E+02   9.205810E+00
  4.085000000000E+00   1.019766E-11   3.801848E-12   7.628207E+01   1.989895E-28  -1.769267E-28  -3.549941E-15   1.200000E+02   9.205810E+00
  4.090000000000E+00   1.021640E-11   3.696043E-12   7.625497E+01   1.978204E-28  -2.877863E-28  -5.937467E-15   1.200000E+02   9.205810E+00
  4.095000000000E+00   1.023465E-11   3.610001E-12   7.623236E+01   1.962488E-28  -3.422239E-28  -7.226738E-15   1.200000E+02   9.205810E+00
  4.100000000000E+00   1.025253E-11   3.545608E-12   7.621508E+01   1.944980E-28  -3.521771E-28  -7.570268E-15   1.200000E+02   9.205810E+00
  4.105000000000E+00   1.027014E-11   3.503975E-12   7.620374E+01   1.927807E-28  -3.280367E-28  -7.134077E-15   1.200000E+02   9.205810E+00
  4.110000000000E+00   1.028761E-11   3.485767E-12   7.619874E+01   1.912898E-28  -2.691926E-28  -5.884541E-15   1.200000E+02   9.205810E+00
  4.115000000000E+00   1.030504E-11   3.491096E-12   7.620021E+01   1.901686E-28  -1.743352E-28  -3.805216E-15   1.200000E+02   9.205810E+00
  4.120000000000E+00   1.032256E-11   3.519629E-12   7.620802E+01   1.895508E-28  -6.617495E-29  -1.432839E-15   1.200000E+02   9.205810E+00
  4.125000000000E+00   1.034027E-11   3.571143E-12   7.622197E+01   1.895206E-28   5.657535E-29   1.207536E-15   1.200000E+02   9.205810E+00
  4.130000000000E+00   1.035830E-11   3.644973E-12   7.624162E+01   1.900990E-28   1.713770E-28   3.584678E-15   1.200000E+02   9.205810E+00
  4.135000000000E+00   1.037676E-11   3.740563E-12   7.626647E+01   1.912206E-28   2.741045E-28   5.588726E-15   1.200000E+02   9.205810E+00
  4.140000000000E+00   1.039574E-11   3.856915E-12   7.629587E+01   1.928251E-28   3.604786E-28   7.130837E-15   1.200000E+02   9.205810E+00
  4.145000000000E+00   1.041536E-11   3.992917E-12   7.632914E+01   1.947802E-28   4.107870E-28   7.852659E-15   1.200000E+02   9.205810E+00
  4.150000000000E+00   1.043570E-11   4.147460E-12   7.636560E+01   1.968606E-28   4.164693E-28   7.668289E-15   1.200000E+02   9.205810E+00
  4.155000000000E+00   1.045686E-11   4.318657E-12   7.640443E+01   1.988903E-28   3.874540E-28   6.854724E-15   1.200000E+02   9.205810E+00
  4.160000000000E+00   1.047891E-11   4.503842E-12   7.644473E+01   2.007064E-28   3.301445E-28   5.603617E-15   1.200000E+02   9.205810E+00
  4.165000000000E+00   1.050192E-11   4.700129E-12   7.648569E+01   2.021927E-28   2.635720E-28   4.289134E-15   1.200000E+02   9.205810E+00
  4.170000000000E+00   1.052592E-11   4.903966E-12   7.652644E+01   2.032899E-28   1.836752E-28   2.866253E-15   1.200000E+02   9.205810E+00
  4.175000000000E+00   1.055096E-11   5.111356E-12   7.656621E+01   2.039879E-28   1.044825E-28   1.565108E-15   1.200000E+02   9.205810E+00
  4.180000000000E+00   1.057704E-11   5.317857E-12   7.660423E+01   2.043510E-28   4.369319E-29   6.294044E-16   1.200000E+02   9.205810E+00
  4.185000000000E+00   1.060413E-11   5.519918E-12   7.664003E+01   2.044189E-28  -1.354429E-29  -1.880526E-16   1.200000E+02   9.205810E+00
  4.190000000000E+00   1.063222E-11   5.714207E-12   7.667324E+01   2.044123E-28  -6.187676E-30  -8.302624E-17   1.200000E+02   9.205810E+00
  4.195000000000E+00   1.066126E-11   5.898837E-12   7.670377E+01   2.044555E-28   3.646556E-29   4.741690E-16   1.200000E+02   9.205810E+00
  4.200000000000E+00   1.069119E-11   6.073031E-12   7.673170E+01   2.046315E-28   3.353506E-29   4.237098E-16   1.200000E+02   9.205810E+00
  4.205000000000E+00   1.072198E-11   6.237899E-12   7.675742E+01   2.048933E-28   6.652778E-29   8.186251E-16   1.200000E+02   9.205810E+00
  4.210000000000E+00   1.075356E-11   6.395773E-12   7.678141E+01   2.051530E-28   3.581999E-29   4.300198E-16   1.200000E+02   9.205810E+00
  4.215000000000E+00   1.078593E-11   6.549983E-12   7.680428E+01   2.054583E-28   1.066688E-28   1.250785E-15   1.200000E+02   9.205810E+00
  4.220000000000E+00   1.081906E-11   6.705303E-12   7.682678E+01   2.059249E-28   1.405359E-28   1.610206E-15   1.200000E+02   9.205810E+00
  4.225000000000E+00   1.085299E-11   6.866507E-12   7.684959E+01   2.069805E-28   2.525249E-28   2.826245E-15   1.200000E+02   9.205810E+00
  4.230000000000E+00   1.088775E-11   7.038592E-12   7.687335E+01   2.082484E-28   3.171344E-28   3.463645E-15   1.200000E+02   9.205810E+00
  4.235000000000E+00   1.092340E-11   7.226664E-12   7.689867E+01   2.103773E-28   5.161307E-28   5.492128E-15   1.200000E+02   9.205810E+00
  4.240000000000E+00   1.096005E-11   7.435830E-12   7.692606E+01   2.132852E-28   6.314893E-28   6.532961E-15   1.200000E+02   9.205810E+00
  4.245000000000E+00   1.099780E-11   7.670864E-12   7.695593E+01   2.169533E-28   7.929408E-28   7.954971E-15   1.200000E+02   9.205810E+00
  4.250000000000E+00   1.103681E-11   7.937317E-12   7.698871E+01   2.212025E-28   8.337027E-28   8.086573E-15   1.200000E+02   9.205810E+00
  4.255000000000E+00   1.107723E-11   8.240186E-12   7.702466E+01   2.253545E-28   8.638766E-28   8.075037E-15   1.200000E+02   9.205810E+00
  4.260000000000E+00   1.111928E-11   8.585577E-12   7.706408E+01   2.290682E-28   7.066653E-28   6.343023E-15   1.200000E+02   9.205810E+00
  4.265000000000E+00   1.116317E-11   8.979262E-12   7.710712E+01   2.319400E-28   4.144940E-28   3.559362E-15   1.200000E+02   9.205810E+00
  4.270000000000E+00   1.120916E-11   9.427348E-12   7.715387E+01   2.333309E-28   1.265367E-28   1.035582E-15   1.200000E+02   9.205810E+00
  4.275000000000E+00   1.125754E-11   9.935386E-12   7.720426E+01   2.330472E-28  -3.145059E-28  -2.443911E-15   1.200000E+02   9.205810E+00
  4.280000000000E+00   1.130861E-11   1.050793E-11   7.725804E+01   2.305649E-28  -6.043414E-28  -4.443334E-15   1.200000E+02   9.205810E+00
  4.285000000000E+00   1.136272E-11   1.114764E-11   7.731478E+01   2.267328E-28  -9.453512E-28  -6.556511E-15   1.200000E+02   9.205810E+00
  4.290000000000E+00   1.142020E-11   1.185463E-11   7.737381E+01   2.215833E-28  -1.235097E-27  -8.061340E-15   1.200000E+02   9.205810E+00
  4.295000000000E+00   1.148137E-11   1.262590E-11   7.743432E+01   2.152537E-28  -1.244021E-27  -7.629551E-15   1.200000E+02   9.205810E+00
  4.300000000000E+00   1.154655E-11   1.345424E-11   7.749532E+01   2.090188E-28  -1.268451E-27  -7.306177E-15   1.200000E+02   9.205810E+00
  4.305000000000E+00   1.161599E-11   1.432954E-11   7.755583E+01   2.033387E-28  -9.339928E-28  -5.055054E-15   1.200000E+02   9.205810E+00
  4.310000000000E+00   1.168990E-11   1.523814E-11   7.761485E+01   2.002433E-28  -2.164177E-28  -1.102315E-15   1.200000E+02   9.205810E+00
  4.315000000000E+00   1.176840E-11   1.616429E-11   7.767149E+01   2.006206E-28   5.389307E-28   2.589631E-15   1.200000E+02   9.205810E+00
  4.320000000000E+00   1.185154E-11   1.709233E-11   7.772508E+01   2.052919E-28   1.303192E-27   5.926092E-15   1.200000E+02   9.205810E+00
  4.325000000000E+00   1.193930E-11   1.800715E-11   7.777514E+01   2.129893E-28   1.719427E-27   7.426421E-15   1.200000E+02   9.205810E+00
  4.330000000000E+00   1.203158E-11   1.889711E-11   7.782145E+01   2.222006E-28   1.786653E-27   7.357736E-15   1.200000E+02   9.205810E+00
  4.335000000000E+00   1.212822E-11   1.975342E-11   7.786399E+01   2.306302E-28   1.481284E-27   5.838920E-15   1.200000E+02   9.205810E+00
  4.340000000000E+00   1.222905E-11   2.057177E-11   7.790296E+01   2.378974E-28   1.105459E-27   4.186249E-15   1.200000E+02   9.205810E+00
  4.345000000000E+00   1.233388E-11   2.135214E-11   7.793871E+01   2.408501E-28   1.290901E-28   4.711993E-16   1.200000E+02   9.205810E+00
  4.350000000000E+00   1.244251E-11   2.209766E-11   7.797165E+01   2.394971E-28  -1.005483E-27  -3.547851E-15   1.200000E+02   9.205810E+00
  4.355000000000E+00   1.255481E-11   2.281519E-11   7.800233E+01   2.320120E-28  -1.876429E-27  -6.415279E-15   1.200000E+02   9.205810E+00
  4.360000000000E+00   1.267064E-11   2.351441E-11   7.803131E+01   2.213173E-28  -2.559681E-27  -8.494163E-15   1.200000E+02   9.205810E+00
  4.365000000000E+00   1.278994E-11   2.420852E-11   7.805924E+01   2.080768E-28  -2.526272E-27  -8.145843E-15   1.200000E+02   9.205810E+00
  4.370000000000E+00   1.291274E-11   2.491440E-11   7.808683E+01   1.971881E-28  -1.992903E-27  -6.246165E-15   1.200000E+02   9.205810E+00
  4.375000000000E+00   1.303914E-11   2.565304E-11   7.811488E+01   1.897712E-28  -8.724571E-28  -2.656679E-15   1.200000E+02   9.205810E+00
  4.380000000000E+00   1.316936E-11   2.645040E-11   7.814426E+01   1.873770E-28  -1.526825E-28  -4.510807E-16   1.200000E+02   9.205810E+00
  4.385000000000E+00   1.330379E-11   2.733713E-11   7.817592E+01   1.904056E-28   1.387462E-27   3.967720E-15   1.200000E+02   9.205810E+00
  4.390000000000E+00   1.344293E-11   2.834799E-11   7.821077E+01   1.989946E-28   2.004643E-27   5.530717E-15   1.200000E+02   9.205810E+00
  4.395000000000E+00   1.358753E-11   2.952205E-11   7.824973E+01   2.104153E-28   2.648748E-27   7.020645E-15   1.200000E+02   9.205810E+00
  4.400000000000E+00   1.373848E-11   3.089984E-11   7.829352E+01   2.229953E-28   2.284141E-27   5.787519E-15   1.200000E+02   9.205810E+00
  4.405000000000E+00   1.389692E-11   3.252298E-11   7.834267E+01   2.352845E-28   2.346245E-27   5.651729E-15   1.200000E+02   9.205810E+00
  4.410000000000E+00   1.406417E-11   3.443223E-11   7.839743E+01   2.449136E-28   2.005938E-27   4.567243E-15   1.200000E+02   9.205810E+00
  4.415000000000E+00   1.424176E-11   3.666534E-11   7.845776E+01   2.513768E-28   6.882411E-28   1.472722E-15   1.200000E+02   9.205810E+00
  4.420000000000E+00   1.443139E-11   3.925582E-11   7.852330E+01   2.530234E-28  -6.498222E-29  -1.299837E-16   1.200000E+02   9.205810E+00
  4.425000000000E+00   1.463493E-11   4.223144E-11   7.859344E+01   2.506723E-28  -3.068237E-28  -5.710041E-16   1.200000E+02   9.205810E+00
  4.430000000000E+00   1.485436E-11   4.561407E-11   7.866741E+01   2.464670E-28  -1.209254E-27  -2.085517E-15   1.200000E+02   9.205810E+00
  4.435000000000E+00   1.509175E-11   4.941891E-11   7.874432E+01   2.392909E-28  -1.450587E-27  -2.311372E-15   1.200000E+02   9.205810E+00
  4.440000000000E+00   1.534924E-11   5.365586E-11   7.882329E+01   2.332461E-28   7.163766E-29   1.052395E-16   1.200000E+02   9.205810E+00
  4.445000000000E+00   1.562901E-11   5.833056E-11   7.890348E+01   2.388806E-28   2.655808E-27   3.592499E-15   1.200000E+02   9.205810E+00
  4.450000000000E+00   1.593325E-11   6.344547E-11   7.898417E+01   2.652723E-28   8.298558E-27   1.033099E-14   1.200000E+02   9.205810E+00
  4.455000000000E+00   1.626417E-11   6.900125E-11   7.906476E+01   3.209568E-28   1.374238E-26   1.574664E-14   1.200000E+02   9.205810E+00
  4.460000000000E+00   1.662396E-11   7.499545E-11   7.914473E+01   4.021254E-28   1.776066E-26   1.874331E-14   1.200000E+02   9.205810E+00
  4.465000000000E+00   1.701482E-11   8.142276E-11   7.922367E+01   5.028842E-28   2.161269E-26   2.102897E-14   1.200000E+02   9.205810E+00
  4.470000000000E+00   1.743887E-11   8.827206E-11   7.930121E+01   6.166271E-28   2.340718E-26   2.102837E-14   1.200000E+02   9.205810E+00
  4.475000000000E+00   1.789818E-11   9.552570E-11   7.937702E+01   7.370483E-28   2.499284E-26   2.076778E-14   1.200000E+02   9.205810E+00
  4.480000000000E+00   1.839473E-11   1.031604E-10   7.945083E+01   8.684084E-28   2.627126E-26   2.023329E-14   1.200000E+02   9.205810E+00
  4.485000000000E+00   1.893036E-11   1.111509E-10   7.952245E+01   9.907109E-28   2.341016E-26   1.674871E-14   1.200000E+02   9.205810E+00
  4.490000000000E+00   1.950678E-11   1.194775E-10   7.959180E+01   1.114062E-27   2.257752E-26   1.504036E-14   1.200000E+02   9.205810E+00
  4.495000000000E+00   2.012566E-11   1.281376E-10   7.965898E+01   1.217776E-27   1.842732E-26   1.145567E-14   1.200000E+02   9.205810E+00
  4.500000000000E+00   2.078873E-11   1.371577E-10   7.972429E+01   1.302966E-27   1.654188E-26   9.615133E-15   1.200000E+02   9.205810E+00
  4.505000000000E+00   2.149793E-11   1.466069E-10   7.978824E+01   1.374898E-27   9.561573E-27   5.203718E-15   1.200000E+02   9.205810E+00
  4.510000000000E+00   2.225567E-11   1.566053E-10   7.985158E+01   1.404440E-27   2.618157E-27   1.334974E-15   1.200000E+02   9.205810E+00
  4.515000000000E+00   2.306513E-11   1.673285E-10   7.991516E+01   1.403265E-27  -3.573639E-27  -1.706750E-15   1.200000E+02   9.205810E+00
  4.520000000000E+00   2.393049E-11   1.790077E-10   7.997993E+01   1.383579E-27  -7.440176E-27  -3.324241E-15   1.200000E+02   9.205810E+00
  4.525000000000E+00   2.485719E-11   1.919231E-10   8.004681E+01   1.366185E-27  -2.768678E-28  -1.154753E-16   1.200000E+02   9.205810E+00
  4.530000000000E+00   2.585221E-11   2.063982E-10   8.011662E+01   1.370040E-27   6.803670E-27   2.640948E-15   1.200000E+02   9.205810E+00
  4.535000000000E+00   2.692424E-11   2.227912E-10   8.018999E+01   1.446212E-27   1.775895E-26   6.392039E-15   1.200000E+02   9.205810E+00
  4.540000000000E+00   2.808381E-11   2.414923E-10   8.026736E+01   1.569706E-27   3.300043E-26   1.096871E-14   1.200000E+02   9.205810E+00
  4.545000000000E+00   2.934353E-11   2.629247E-10   8.034899E+01   1.809206E-27   6.109819E-26   1.867142E-14   1.200000E+02   9.205810E+00
  4.550000000000E+00   3.071817E-11   2.875544E-10   8.043496E+01   2.151288E-27   7.940070E-26   2.221003E-14   1.200000E+02   9.205810E+00
  4.555000000000E+00   3.222502E-11   3.159069E-10   8.052523E+01   2.564011E-27   8.689409E-26   2.214946E-14   1.200000E+02   9.205810E+00
  4.560000000000E+00   3.388417E-11   3.485933E-10   8.061975E+01   2.989244E-27   8.722250E-26   2.017209E-14   1.200000E+02   9.205810E+00
  4.565000000000E+00   3.571905E-11   3.863430E-10   8.071846E+01   3.383477E-27   6.116143E-26   1.277843E-14   1.200000E+02   9.205810E+00
  4.570000000000E+00   3.775710E-11   4.300409E-10   8.082133E+01   3.636004E-27   3.495292E-26   6.569007E-15   1.200000E+02   9.205810E+00
  4.575000000000E+00   4.003068E-11   4.807666E-10   8.092837E+01   3.710405E-27  -4.378950E-27  -7.371170E-16   1.200000E+02   9.205810E+00
  4.580000000000E+00   4.257810E-11   5.398317E-10   8.103961E+01   3.575803E-27  -4.702169E-26  -7.058902E-15   1.200000E+02   9.205810E+00
  4.585000000000E+00   4.544485E-11   6.088152E-10   8.115505E+01   3.223557E-27  -8.486567E-26  -1.131259E-14   1.200000E+02   9.205810E+00
  4.590000000000E+00   4.868511E-11   6.895987E-10   8.127467E+01   2.691009E-27  -1.317785E-25  -1.553114E-14   1.200000E+02   9.205810E+00
  4.595000000000E+00   5.236326E-11   7.844092E-10   8.139833E+01   2.002999E-27  -1.316946E-25  -1.366598E-14   1.200000E+02   9.205810E+00
  4.600000000000E+00   5.655583E-11   8.958803E-10   8.152589E+01   1.380386E-27  -9.973512E-26  -9.075984E-15   1.200000E+02   9.205810E+00
  4.605000000000E+00   6.135371E-11   1.027156E-09   8.165717E+01   8.649586E-28  -8.221263E-26  -6.535766E-15   1.200000E+02   9.205810E+00
  4.610000000000E+00   6.686514E-11   1.182064E-09   8.179202E+01   7.579655E-28   5.380124E-26   3.722737E-15   1.200000E+02   9.205810E+00
  4.615000000000E+00   7.321974E-11   1.365395E-09   8.193043E+01   1.219262E-27   1.629803E-25   9.779618E-15   1.200000E+02   9.205810E+00
  4.620000000000E+00   8.057435E-11   1.583336E-09   8.207260E+01   2.294578E-27   2.454971E-25   1.272540E-14   1.200000E+02   9.205810E+00
  4.625000000000E+00   8.912142E-11   1.844084E-09   8.221895E+01   3.774387E-27   3.548623E-25   1.582162E-14   1.200000E+02   9.205810E+00
  4.630000000000E+00   9.910115E-11   2.158710E-09   8.237018E+01   5.577148E-27   3.791657E-25   1.446788E-14   1.200000E+02   9.205810E+00
  4.635000000000E+00   1.108185E-10   2.542308E-09   8.252719E+01   7.360742E-27   3.096064E-25   1.005030E-14   1.200000E+02   9.205810E+00
  4.640000000000E+00   1.246672E-10   3.015520E-09   8.269107E+01   8.351772E-27   2.993037E-26   8.207457E-16   1.200000E+02   9.205810E+00
  4.645000000000E+00   1.411616E-10   3.606519E-09   8.286288E+01   7.688189E-27  -4.462755E-25  -1.025356E-14   1.200000E+02   9.205810E+00
  4.650000000000E+00   1.609813E-10   4.353617E-09   8.304361E+01   5.497398E-27  -6.374274E-25  -1.215869E-14   1.200000E+02   9.205810E+00
  4.655000000000E+00   1.850294E-10   5.308693E-09   8.323402E+01   1.324097E-27  -1.036842E-24  -1.625646E-14   1.200000E+02   9.205810E+00
  4.660000000000E+00   2.145118E-10   6.541979E-09   8.343456E+01  -3.190793E-27  -8.338550E-25  -1.063475E-14   1.200000E+02   9.205810E+00
  4.665000000000E+00   2.510454E-10   8.149250E-09   8.364545E+01  -5.250391E-27  -1.628146E-25  -1.671160E-15   1.200000E+02   9.205810E+00
  4.670000000000E+00   2.968122E-10   1.026352E-08   8.386690E+01  -6.178415E-27  -6.488052E-26  -5.301618E-16   1.200000E+02   9.205810E+00
  4.675000000000E+00   3.547906E-10   1.307486E-08   8.409931E+01  -3.859614E-27   8.474039E-25   5.450618E-15   1.200000E+02   9.205810E+00
  4.680000000000E+00   4.291166E-10   1.686400E-08   8.434362E+01  -2.399419E-27  -4.095892E-25  -2.048519E-15   1.200000E+02   9.205810E+00
  4.685000000000E+00   5.256647E-10   2.205826E-08   8.460138E+01  -2.065293E-27   6.200567E-25   2.378141E-15   1.200000E+02   9.205810E+00
  4.690000000000E+00   6.529891E-10   2.932308E-08   8.487468E+01  -3.639349E-27  -2.231605E-24  -6.459308E-15   1.200000E+02   9.205810E+00
  4.695000000000E+00   8.238585E-10   3.971345E-08   8.516587E+01  -3.056961E-26  -7.928881E-24  -1.700356E-14   1.200000E+02   9.205810E+00
  4.700000000000E+00   1.057775E-09   5.492496E-08   8.547717E+01  -7.530377E-26  -9.740626E-24  -1.515889E-14   1.200000E+02   9.205810E+00
  4.705000000000E+00   1.385110E-09   7.770021E-08   8.581019E+01  -1.358034E-25  -1.447874E-23  -1.598996E-14   1.200000E+02   9.205810E+00
  4.710000000000E+00   1.853795E-09   1.124584E-07   8.616512E+01  -1.940693E-25  -1.268749E-23  -9.721099E-15   1.200000E+02   9.205810E+00
  4.715000000000E+00   2.539853E-09   1.662105E-07   8.654017E+01  -2.397120E-25  -2.111325E-25  -1.099295E-16   1.200000E+02   9.205810E+00
  4.720000000000E+00   3.563398E-09   2.498891E-07   8.693162E+01  -1.716831E-25   3.687207E-23   1.282708E-14   1.200000E+02   9.205810E+00
  4.725000000000E+00   5.115286E-09   3.823066E-07   8.733982E+01   1.376015E-25   9.314270E-23   2.127890E-14   1.200000E+02   9.205810E+00
  4.730000000000E+00   7.537139E-09   6.125922E-07   8.779244E+01   7.772206E-25   1.694334E-22   2.428201E-14   1.200000E+02   9.205810E+00
  4.735000000000E+00   1.164171E-08   1.106630E-06   8.836016E+01   1.918226E-24   3.213668E-22   2.565991E-14   1.200000E+02   9.205810E+00
  4.740000000000E+00   1.992942E-08   2.491073E-06   8.913909E+01   3.949474E-24   4.869983E-22   1.742646E-14   1.200000E+02   9.205810E+00
  4.745000000000E+00   4.212049E-08   7.729549E-06   9.022614E+01   7.769956E-24   1.038165E-21   1.211839E-14   1.200000E+02   9.205809E+00
  4.750000000000E+00   1.289445E-07   3.587371E-05   9.169969E+01   1.685888E-23   4.126941E-22   1.054921E-15   1.200000E+02   9.205807E+00
  4.755000000000E+00   6.594600E-07   2.607431E-04   9.360384E+01  -2.260237E-23  -3.239364E-20  -1.162895E-14   1.200000E+02   9.205796E+00
  4.760000000000E+00   5.719065E-06   2.822847E-03   9.589016E+01  -8.173642E-22  -5.157888E-19  -1.752098E-14   1.200000E+02   9.205686E+00
  4.765000000000E+00   6.134265E-05   2.793395E-02   9.808657E+01  -1.208240E-20  -6.235823E-18  -2.189631E-14   1.200000E+02   9.204478E+00
  4.770000000000E+00   4.212169E-04   1.377121E-01   9.959217E+01  -1.262635E-19  -5.060789E-17  -3.659918E-14   1.200000E+02   9.196664E+00
  4.775000000000E+00   1.670061E-03   3.905343E-01   1.005029E+02  -6.103330E-19  -1.684337E-16  -4.334594E-14   1.200000E+02   9.169545E+00
  4.780000000000E+00   4.586214E-03   8.042486E-01   1.009864E+02  -2.053166E-18  -4.278794E-16  -5.372720E-14   1.200000E+02   9.106222E+00
  4.785000000000E+00   9.941747E-03   1.360202E+00   1.011053E+02  -4.593361E-18  -5.693081E-16  -4.231731E-14   1.200000E+02   8.989928E+00
  4.790000000000E+00   1.834453E-02   2.013244E+00   1.008767E+02  -8.252273E-18  -9.838058E-16  -4.929513E-14   1.200000E+02   8.807464E+00
  4.795000000000E+00   3.013252E-02   2.702586E+00   1.003107E+02  -1.451926E-17  -1.563704E-15  -5.803930E-14   1.200000E+02   8.551491E+00
  4.800000000000E+00   4.532381E-02   3.363058E+00   9.942680E+01  -2.409340E-17  -2.363360E-15  -6.987133E-14   1.200000E+02   8.221616E+00
  4.805000000000E+00   6.362150E-02   3.935605E+00   9.826029E+01  -3.822353E-17  -3.283657E-15  -8.198310E-14   1.200000E+02   7.824287E+00
  4.810000000000E+00   8.446745E-02   4.376267E+00   9.686127E+01  -5.668153E-17  -4.063323E-15  -8.993479E-14   1.200000E+02   7.371623E+00
  4.815000000000E+00   1.071371E-01   4.663527E+00   9.529009E+01  -7.828348E-17  -4.598791E-15  -9.396732E-14   1.200000E+02   6.879358E+00
  4.820000000000E+00   1.308630E-01   4.801872E+00   9.360989E+01  -1.026041E-16  -4.932318E-15  -9.615285E-14   1.200000E+02   6.364157E+00
  4.825000000000E+00   1.549618E-01   4.819571E+00   9.187831E+01  -1.266088E-16  -4.628569E-15  -8.823712E-14   1.200000E+02   5.840858E+00
  4.830000000000E+00   1.789370E-01   4.761474E+00   9.014045E+01  -1.485561E-16  -4.061700E-15  -7.689287E-14   1.200000E+02   5.320242E+00
  4.835000000000E+00   2.025376E-01   4.678910E+00   8.842441E+01  -1.663047E-16  -3.109868E-15  -5.877187E-14   1.200000E+02   4.807762E+00
  4.840000000000E+00   2.257633E-01   4.619105E+00   8.673981E+01  -1.797323E-16  -2.345175E-15  -4.403884E-14   1.200000E+02   4.303422E+00
  4.845000000000E+00   2.488212E-01   4.616423E+00   8.507909E+01  -1.895565E-16  -1.577016E-15  -2.906385E-14   1.200000E+02   3.802727E+00
  4.850000000000E+00   2.720461E-01   4.687085E+00   8.342148E+01  -1.962467E-16  -1.142697E-15  -2.033790E-14   1.200000E+02   3.298405E+00
  4.855000000000E+00   2.958056E-01   4.828050E+00   8.173926E+01  -2.013281E-16  -9.717464E-16  -1.645174E-14   1.200000E+02   2.782477E+00
  4.860000000000E+00   3.204084E-01   5.019676E+00   8.000524E+01  -2.070671E-16  -1.503509E-15  -2.396341E-14   1.200000E+02   2.248241E+00
  4.865000000000E+00   3.460339E-01   5.230859E+00   7.819985E+01  -2.157167E-16  -2.099008E-15  -3.137956E-14   1.200000E+02   1.691814E+00
  4.870000000000E+00   3.726901E-01   5.425325E+00   7.631595E+01  -2.282331E-16  -2.846706E-15  -4.004351E-14   1.200000E+02   1.113074E+00
  4.875000000000E+00   4.002046E-01   5.568498E+00   7.436110E+01  -2.445633E-16  -3.754203E-15  -5.013321E-14   1.200000E+02   5.159638E-01
  4.880000000000E+00   4.282502E-01   5.634112E+00   7.235785E+01  -2.656531E-16  -4.579436E-15  -5.881283E-14   1.200000E+02  -9.159634E-02
  4.885000000000E+00   4.563995E-01   5.608869E+00   7.034616E+01  -2.898898E-16  -5.004248E-15  -6.276304E-14   1.200000E+02  -6.970082E-01
  4.890000000000E+00   4.841937E-01   5.493227E+00   6.840084E+01  -3.146612E-16  -4.916394E-15  -6.121820E-14   1.200000E+02  -1.277673E+00
  4.895000000000E+00   5.112017E-01   5.296202E+00   6.668541E+01  -3.374616E-16  -4.064813E-15  -5.118077E-14   1.200000E+02  -1.784457E+00
  4.900000000000E+00   5.370360E-01   5.023962E+00   6.547399E+01  -3.551441E-16  -2.910630E-15  -3.793232E-14   1.200000E+02  -2.134536E+00
  4.905000000000E+00   5.613203E-01   4.676695E+00   6.487980E+01  -3.662011E-16  -1.521963E-15  -2.111419E-14   1.200000E+02  -2.293002E+00
  4.910000000000E+00   5.837039E-01   4.268623E+00   6.467525E+01  -3.706930E-16  -4.885610E-16  -7.402341E-15   1.200000E+02  -2.328259E+00
  4.915000000000E+00   6.039703E-01   3.838321E+00   6.462696E+01  -3.716316E-16   1.132012E-16   1.906003E-15   1.200000E+02  -2.312059E+00
  4.920000000000E+00   6.221310E-01   3.435217E+00   6.463489E+01  -3.692552E-16   7.356187E-16   1.384094E-14   1.200000E+02  -2.277541E+00
  4.925000000000E+00   6.384390E-01   3.104416E+00   6.466768E+01  -3.654606E-16   7.731444E-16   1.610527E-14   1.200000E+02  -2.238337E+00
  4.930000000000E+00   6.533426E-01   2.877592E+00   6.471579E+01  -3.610447E-16   1.005817E-15   2.262038E-14   1.200000E+02  -2.201859E+00
  4.935000000000E+00   6.674050E-01   2.768811E+00   6.477328E+01  -3.547425E-16   1.567265E-15   3.666444E-14   1.200000E+02  -2.173363E+00
  4.940000000000E+00   6.812141E-01   2.773999E+00   6.483092E+01  -3.455386E-16   1.942231E-15   4.539174E-14   1.200000E+02  -2.156522E+00
  4.945000000000E+00   6.952954E-01   2.872745E+00   6.487630E+01  -3.359013E-16   1.906766E-15   4.306122E-14   1.200000E+02  -2.152963E+00
  4.950000000000E+00   7.100381E-01   3.031574E+00   6.489885E+01  -3.266952E-16   1.705093E-15   3.650203E-14   1.200000E+02  -2.161742E+00
  4.955000000000E+00   7.256409E-01   3.208904E+00   6.489521E+01  -3.172714E-16   2.084616E-15   4.215819E-14   1.200000E+02  -2.179300E+00
  4.960000000000E+00   7.420875E-01   3.361652E+00   6.487041E+01  -3.063609E-16   2.204338E-15   4.253752E-14   1.200000E+02  -2.200241E+00
  4.965000000000E+00   7.591574E-01   3.452353E+00   6.483461E+01  -2.955677E-16   2.208307E-15   4.147163E-14   1.200000E+02  -2.218747E+00
  4.970000000000E+00   7.764698E-01   3.455425E+00   6.479813E+01  -2.852098E-16   1.954023E-15   3.664296E-14   1.200000E+02  -2.230009E+00
  4.975000000000E+00   7.935551E-01   3.361366E+00   6.476821E+01  -2.756273E-16   1.856157E-15   3.576521E-14   1.200000E+02  -2.231039E+00
  4.980000000000E+00   8.099398E-01   3.178112E+00   6.474843E+01  -2.670229E-16   1.589859E-15   3.239058E-14   1.200000E+02  -2.220774E+00
  4.985000000000E+00   8.252307E-01   2.929315E+00   6.473979E+01  -2.609422E-16   9.016721E-16   1.992755E-14   1.200000E+02  -2.199777E+00
  4.990000000000E+00   8.391837E-01   2.649923E+00   6.474252E+01  -2.566482E-16   6.942058E-16   1.696073E-14   1.200000E+02  -2.169933E+00
  4.995000000000E+00   8.517449E-01   2.379829E+00   6.475768E+01  -2.542940E-16   3.412565E-16   9.285953E-15   1.200000E+02  -2.134236E+00
  5.000000000000E+00   8.630577E-01   2.156729E+00   6.478793E+01  -2.526831E-16   2.899466E-16   8.709967E-15   1.200000E+02  -2.096613E+00
  5.005000000000E+00   8.734345E-01   2.009543E+00   6.483611E+01  -2.520761E-16   3.392789E-17   1.094653E-15   1.200000E+02  -2.061617E+00
  5.010000000000E+00   8.833003E-01   1.953713E+00   6.490105E+01  -2.523719E-16  -1.629727E-16  -5.413843E-15   1.200000E+02  -2.033875E+00
  5.015000000000E+00   8.931189E-01   1.989320E+00   6.497335E+01  -2.531983E-16  -1.421655E-16  -4.643281E-15   1.200000E+02  -2.017297E+00
  5.020000000000E+00   9.033176E-01   2.102059E+00   6.503661E+01  -2.542510E-16  -3.481657E-16  -1.077207E-14   1.200000E+02  -2.014178E+00
  5.025000000000E+00   9.142224E-01   2.266382E+00   6.507479E+01  -2.550512E-16   1.202185E-18   3.451842E-17   1.200000E+02  -2.024457E+00
  5.030000000000E+00   9.260123E-01   2.449940E+00   6.507993E+01  -2.531677E-16   7.472752E-16   1.985054E-14   1.200000E+02  -2.045453E+00
  5.035000000000E+00   9.386979E-01   2.618693E+00   6.505484E+01  -2.476114E-16   1.564379E-15   3.886304E-14   1.200000E+02  -2.072308E+00
  5.040000000000E+00   9.521262E-01   2.742152E+00   6.501007E+01  -2.378312E-16   2.363490E-15   5.603287E-14   1.200000E+02  -2.099148E+00
  5.045000000000E+00   9.660106E-01   2.798066E+00   6.495850E+01  -2.247667E-16   2.813242E-15   6.531083E-14   1.200000E+02  -2.120546E+00
  5.050000000000E+00   9.799811E-01   2.775834E+00   6.491063E+01  -2.102032E-16   2.901893E-15   6.785841E-14   1.200000E+02  -2.132672E+00
  5.055000000000E+00   9.936472E-01   2.677969E+00   6.487270E+01  -1.969278E-16   2.328315E-15   5.640247E-14   1.200000E+02  -2.133721E+00
  5.060000000000E+00   1.006663E+00   2.519313E+00   6.484720E+01  -1.893657E-16   7.569810E-16   1.948471E-14   1.200000E+02  -2.123730E+00
  5.065000000000E+00   1.018782E+00   2.324153E+00   6.483470E+01  -1.886135E-16  -2.854185E-16  -7.962051E-15   1.200000E+02  -2.104155E+00
  5.070000000000E+00   1.029893E+00   2.121787E+00   6.483565E+01  -1.922901E-16  -1.153921E-15  -3.526049E-14   1.200000E+02  -2.077493E+00
  5.075000000000E+00   1.040035E+00   1.941383E+00   6.485144E+01  -1.985907E-16  -1.448596E-15  -4.839003E-14   1.200000E+02  -2.047001E+00
  5.080000000000E+00   1.049381E+00   1.807059E+00   6.488403E+01  -2.056220E-16  -1.293960E-15  -4.646077E-14   1.200000E+02  -2.016415E+00
  5.085000000000E+00   1.058204E+00   1.734118E+00   6.493347E+01  -2.119069E-16  -1.058418E-15  -3.963213E-14   1.200000E+02  -1.989575E+00
  5.090000000000E+00   1.066828E+00   1.727112E+00   6.499477E+01  -2.159917E-16  -5.069989E-16  -1.907941E-14   1.200000E+02  -1.969916E+00
  5.095000000000E+00   1.075572E+00   1.779944E+00   6.505698E+01  -2.169189E-16   2.508965E-16   9.170274E-15   1.200000E+02  -1.959877E+00
  5.100000000000E+00   1.084700E+00   1.877636E+00   6.510663E+01  -2.131195E-16   1.235779E-15   4.285037E-14   1.200000E+02  -1.960374E+00
  5.105000000000E+00   1.094386E+00   1.999180E+00   6.513331E+01  -2.048308E-16   2.036786E-15   6.635851E-14   1.200000E+02  -1.970487E+00
  5.110000000000E+00   1.104692E+00   2.120935E+00   6.513354E+01  -1.938355E-16   2.323055E-15   7.134059E-14   1.200000E+02  -1.987535E+00
  5.115000000000E+00   1.115560E+00   2.220202E+00   6.511096E+01  -1.833484E-16   1.764560E-15   5.174854E-14   1.200000E+02  -2.007587E+00
  5.120000000000E+00   1.126828E+00   2.278594E+00   6.507378E+01  -1.755423E-16   1.305513E-15   3.728381E-14   1.200000E+02  -2.026316E+00
  5.125000000000E+00   1.138261E+00   2.284787E+00   6.503128E+01  -1.717056E-16   1.475659E-16   4.200129E-15   1.200000E+02  -2.039921E+00
  5.130000000000E+00   1.149588E+00   2.236211E+00   6.499112E+01  -1.748211E-16  -1.557339E-15  -4.526101E-14   1.200000E+02  -2.045811E+00
  5.135000000000E+00   1.160546E+00   2.139398E+00   6.495835E+01  -1.857113E-16  -2.602518E-15  -7.902000E-14   1.200000E+02  -2.042878E+00
  5.140000000000E+00   1.170928E+00   2.008855E+00   6.493588E+01  -2.003313E-16  -3.201506E-15  -1.034881E-13   1.200000E+02  -2.031428E+00
  5.145000000000E+00   1.180612E+00   1.864639E+00   6.492563E+01  -2.161487E-16  -3.038706E-15  -1.058059E-13   1.200000E+02  -2.012951E+00
  5.150000000000E+00   1.189588E+00   1.729011E+00   6.492968E+01  -2.292656E-16  -1.987876E-15  -7.465089E-14   1.200000E+02  -1.989862E+00
  5.155000000000E+00   1.197950E+00   1.622728E+00   6.495045E+01  -2.359453E-16  -6.295255E-16  -2.519706E-14   1.200000E+02  -1.965232E+00
  5.160000000000E+00   1.205888E+00   1.561643E+00   6.498909E+01  -2.355178E-16   9.170124E-16   3.816224E-14   1.200000E+02  -1.942469E+00
  5.165000000000E+00   1.213653E+00   1.554246E+00   6.504275E+01  -2.281346E-16   1.849836E-15   7.741274E-14   1.200000E+02  -1.924911E+00
  5.170000000000E+00   1.221517E+00   1.600532E+00   6.510274E+01  -2.184018E-16   1.914148E-15   7.785928E-14   1.200000E+02  -1.915316E+00
  5.175000000000E+00   1.229731E+00   1.692225E+00   6.515615E+01  -2.094981E-16   1.522318E-15   5.861418E-14   1.200000E+02  -1.915335E+00
  5.180000000000E+00   1.238487E+00   1.814076E+00   6.519061E+01  -2.036935E-16   8.413907E-16   3.023621E-14   1.200000E+02  -1.925075E+00
  5.185000000000E+00   1.247888E+00   1.945965E+00   6.519892E+01  -2.010185E-16   2.519667E-16   8.442063E-15   1.200000E+02  -1.942887E+00
  5.190000000000E+00   1.257927E+00   2.065621E+00   6.518111E+01  -2.010030E-16  -3.415478E-16  -1.077761E-14   1.200000E+02  -1.965537E+00
  5.195000000000E+00   1.268490E+00   2.151746E+00   6.514326E+01  -2.034697E-16  -5.814286E-16  -1.760252E-14   1.200000E+02  -1.988779E+00
  5.200000000000E+00   1.279363E+00   2.187225E+00   6.509449E+01  -2.064112E-16  -6.452598E-16  -1.920372E-14   1.200000E+02  -2.008221E+00
  5.205000000000E+00   1.290265E+00   2.161926E+00   6.504365E+01  -2.088458E-16  -2.313887E-16  -6.961555E-15   1.200000E+02  -2.020186E+00
  5.210000000000E+00   1.300883E+00   2.074613E+00   6.499713E+01  -2.086782E-16   2.454180E-16   7.688886E-15   1.200000E+02  -2.022281E+00
  5.215000000000E+00   1.310924E+00   1.933564E+00   6.495838E+01  -2.047008E-16   1.431149E-15   4.807968E-14   1.200000E+02  -2.013581E+00
  5.220000000000E+00   1.320159E+00   1.755719E+00   6.492891E+01  -1.964683E-16   1.783379E-15   6.595183E-14   1.200000E+02  -1.994534E+00
  5.225000000000E+00   1.328460E+00   1.564402E+00   6.491016E+01  -1.861320E-16   2.268975E-15   9.414427E-14   1.200000E+02  -1.966786E+00
  5.230000000000E+00   1.335824E+00   1.385878E+00   6.490579E+01  -1.746745E-16   2.098684E-15   9.828917E-14   1.200000E+02  -1.933021E+00
  5.235000000000E+00   1.342379E+00   1.245197E+00   6.492308E+01  -1.661851E-16   1.254635E-15   6.541517E-14   1.200000E+02  -1.896816E+00
  5.240000000000E+00   1.348368E+00   1.162090E+00   6.497092E+01  -1.619280E-16   4.796691E-16   2.681768E-14   1.200000E+02  -1.862387E+00
  5.245000000000E+00   1.354111E+00   1.147859E+00   6.505259E+01  -1.613391E-16  -4.096305E-16  -2.321499E-14   1.200000E+02  -1.834187E+00
  5.250000000000E+00   1.359960E+00   1.204042E+00   6.515775E+01  -1.663823E-16  -1.567715E-15  -8.483827E-14   1.200000E+02  -1.816307E+00
  5.255000000000E+00   1.366252E+00   1.322758E+00   6.526300E+01  -1.760098E-16  -2.227735E-15  -1.099133E-13   1.200000E+02  -1.811793E+00
  5.260000000000E+00   1.373263E+00   1.488028E+00   6.534230E+01  -1.888661E-16  -2.938435E-15  -1.290326E-13   1.200000E+02  -1.821963E+00
  5.265000000000E+00   1.381172E+00   1.677595E+00   6.537813E+01  -2.050230E-16  -3.505888E-15  -1.366291E-13   1.200000E+02  -1.845873E+00
  5.270000000000E+00   1.390036E+00   1.865337E+00   6.536637E+01  -2.219850E-16  -3.255120E-15  -1.140681E-13   1.200000E+02  -1.880132E+00
  5.275000000000E+00   1.399779E+00   2.024379E+00   6.531505E+01  -2.358236E-16  -2.169774E-15  -7.000614E-14   1.200000E+02  -1.919301E+00
  5.280000000000E+00   1.410195E+00   2.130730E+00   6.523945E+01  -2.444986E-16  -9.377836E-16  -2.871339E-14   1.200000E+02  -1.956927E+00
  5.285000000000E+00   1.420973E+00   2.166954E+00   6.515602E+01  -2.451579E-16   5.365849E-16   1.613405E-14   1.200000E+02  -1.986969E+00
  5.290000000000E+00   1.431739E+00   2.125206E+00   6.507749E+01  -2.378190E-16   2.255037E-15   6.905314E-14   1.200000E+02  -2.005022E+00
  5.295000000000E+00   1.442106E+00   2.008985E+00   6.501071E+01  -2.231551E-16   3.328478E-15   1.077095E-13   1.200000E+02  -2.008879E+00
  5.300000000000E+00   1.451733E+00   1.833134E+00   6.495751E+01  -2.055725E-16   3.588343E-15   1.271537E-13   1.200000E+02  -1.998403E+00
  5.305000000000E+00   1.460380E+00   1.621917E+00   6.491728E+01  -1.895217E-16   2.787710E-15   1.115782E-13   1.200000E+02  -1.975090E+00
  5.310000000000E+00   1.467943E+00   1.405356E+00   6.489044E+01  -1.789534E-16   1.437648E-15   6.638148E-14   1.200000E+02  -1.941691E+00
  5.315000000000E+00   1.474475E+00   1.214294E+00   6.488190E+01  -1.749779E-16   1.853086E-16   9.901373E-15   1.200000E+02  -1.901957E+00
  5.320000000000E+00   1.480170E+00   1.074998E+00   6.490263E+01  -1.766318E-16  -7.413792E-16  -4.476051E-14   1.200000E+02  -1.860428E+00
  5.325000000000E+00   1.485335E+00   1.004526E+00   6.496475E+01  -1.832367E-16  -1.734292E-15  -1.121602E-13   1.200000E+02  -1.822061E+00
  5.330000000000E+00   1.490334E+00   1.008232E+00   6.506908E+01  -1.927647E-16  -2.014526E-15  -1.300132E-13   1.200000E+02  -1.791663E+00
  5.335000000000E+00   1.495527E+00   1.080052E+00   6.519645E+01  -2.034874E-16  -2.292959E-15  -1.384126E-13   1.200000E+02  -1.773171E+00
  5.340000000000E+00   1.501220E+00   1.204722E+00   6.531530E+01  -2.154468E-16  -2.393492E-15  -1.297658E-13   1.200000E+02  -1.768956E+00
  5.345000000000E+00   1.507625E+00   1.360628E+00   6.539791E+01  -2.276028E-16  -2.367590E-15  -1.137971E-13   1.200000E+02  -1.779275E+00
  5.350000000000E+00   1.514836E+00   1.522883E+00   6.543064E+01  -2.372914E-16  -1.370801E-15  -5.889646E-14   1.200000E+02  -1.802022E+00
  5.355000000000E+00   1.522824E+00   1.666704E+00   6.541478E+01  -2.393263E-16   5.411807E-16   2.124026E-14   1.200000E+02  -1.832933E+00
  5.360000000000E+00   1.531440E+00   1.770935E+00   6.536220E+01  -2.328543E-16   2.029500E-15   7.490540E-14   1.200000E+02  -1.866355E+00
  5.365000000000E+00   1.540446E+00   1.821218E+00   6.528930E+01  -2.192607E-16   3.146896E-15   1.128139E-13   1.200000E+02  -1.896446E+00
  5.370000000000E+00   1.549556E+00   1.812198E+00   6.521159E+01  -2.034724E-16   3.033918E-15   1.091749E-13   1.200000E+02  -1.918447E+00
  5.375000000000E+00   1.558480E+00   1.748296E+00   6.514036E+01  -1.890445E-16   2.622864E-15   9.772618E-14   1.200000E+02  -1.929535E+00
  5.380000000000E+00   1.566972E+00   1.642789E+00   6.508224E+01  -1.782612E-16   1.759136E-15   6.969158E-14   1.200000E+02  -1.929042E+00
  5.385000000000E+00   1.574872E+00   1.515317E+00   6.504078E+01  -1.714967E-16   8.770741E-16   3.764598E-14   1.200000E+02  -1.918162E+00
  5.390000000000E+00   1.582126E+00   1.388230E+00   6.501873E+01  -1.686924E-16   2.830664E-16   1.325762E-14   1.200000E+02  -1.899449E+00
  5.395000000000E+00   1.588789E+00   1.282452E+00   6.501937E+01  -1.684352E-16  -1.744752E-16  -8.845761E-15   1.200000E+02  -1.876308E+00
  5.400000000000E+00   1.595010E+00   1.213728E+00   6.504540E+01  -1.691482E-16  -1.751626E-17  -9.387209E-16   1.200000E+02  -1.852513E+00
  5.405000000000E+00   1.600999E+00   1.190086E+00   6.509547E+01  -1.691181E-16  -6.416183E-17  -3.509532E-15   1.200000E+02  -1.831717E+00
  5.410000000000E+00   1.606983E+00   1.211026E+00   6.516120E+01  -1.686172E-16   2.480609E-16   1.334731E-14   1.200000E+02  -1.816943E+00
  5.415000000000E+00   1.613168E+00   1.268365E+00   6.522823E+01  -1.669127E-16   3.086996E-16   1.587550E-14   1.200000E+02  -1.810120E+00
  5.420000000000E+00   1.619703E+00   1.348224E+00   6.528149E+01  -1.649629E-16   4.358528E-16   2.110415E-14   1.200000E+02  -1.811736E+00
  5.425000000000E+00   1.626659E+00   1.433626E+00   6.531067E+01  -1.629791E-16   3.170912E-16   1.444550E-14   1.200000E+02  -1.820720E+00
  5.430000000000E+00   1.634020E+00   1.507333E+00   6.531270E+01  -1.621543E-16   3.464825E-18   1.501308E-16   1.200000E+02  -1.834622E+00
  5.435000000000E+00   1.641690E+00   1.554605E+00   6.529104E+01  -1.631755E-16  -5.365040E-16  -2.253234E-14   1.200000E+02  -1.850094E+00
  5.440000000000E+00   1.649508E+00   1.565543E+00   6.525307E+01  -1.675925E-16  -1.208812E-15  -5.038422E-14   1.200000E+02  -1.863577E+00
  5.445000000000E+00   1.657281E+00   1.536651E+00   6.520719E+01  -1.744497E-16  -1.574742E-15  -6.682360E-14   1.200000E+02  -1.872019E+00
  5.450000000000E+00   1.664816E+00   1.471370E+00   6.516088E+01  -1.825683E-16  -1.741247E-15  -7.711262E-14   1.200000E+02  -1.873419E+00
  5.455000000000E+00   1.671952E+00   1.379476E+00   6.511997E+01  -1.904073E-16  -1.442276E-15  -6.808451E-14   1.200000E+02  -1.867085E+00
  5.460000000000E+00   1.678591E+00   1.275427E+00   6.508931E+01  -1.977776E-16  -1.427420E-15  -7.284601E-14   1.200000E+02  -1.853625E+00
  5.465000000000E+00   1.684714E+00   1.175933E+00   6.507388E+01  -2.043728E-16  -1.190222E-15  -6.586461E-14   1.200000E+02  -1.834764E+00
  5.470000000000E+00   1.690384E+00   1.097156E+00   6.507922E+01  -2.097807E-16  -9.769984E-16  -5.795189E-14   1.200000E+02  -1.813078E+00
  5.475000000000E+00   1.695739E+00   1.052068E+00   6.510996E+01  -2.140049E-16  -8.523866E-16  -5.275217E-14   1.200000E+02  -1.791656E+00
  5.480000000000E+00   1.700971E+00   1.048496E+00   6.516615E+01  -2.178000E-16  -6.419916E-16  -3.990109E-14   1.200000E+02  -1.773725E+00
  5.485000000000E+00   1.706294E+00   1.088203E+00   6.523999E+01  -2.196229E-16  -1.170834E-16  -7.019388E-15   1.200000E+02  -1.762217E+00
  5.490000000000E+00   1.711916E+00   1.166925E+00   6.531659E+01  -2.201015E-16  -1.645720E-16  -9.211631E-15   1.200000E+02  -1.759336E+00
  5.495000000000E+00   1.718010E+00   1.275038E+00   6.537905E+01  -2.198359E-16   1.896737E-16   9.725737E-15   1.200000E+02  -1.766153E+00
  5.500000000000E+00   1.724691E+00   1.398628E+00   6.541432E+01  -2.181370E-16   4.616484E-16   2.159146E-14   1.200000E+02  -1.782302E+00
  5.505000000000E+00   1.731995E+00   1.520933E+00   6.541668E+01  -2.148465E-16   1.084574E-15   4.664849E-14   1.200000E+02  -1.805863E+00
  5.510000000000E+00   1.739870E+00   1.624233E+00   6.538803E+01  -2.080172E-16   1.712328E-15   6.893454E-14   1.200000E+02  -1.833528E+00
  5.515000000000E+00   1.748180E+00   1.692118E+00   6.533593E+01  -1.974676E-16   2.635511E-15   1.017622E-13   1.200000E+02  -1.861097E+00
  5.520000000000E+00   1.756714E+00   1.711906E+00   6.527042E+01  -1.818744E-16   3.421728E-15   1.304614E-13   1.200000E+02  -1.884220E+00
  5.525000000000E+00   1.765211E+00   1.676839E+00   6.520091E+01  -1.639542E-16   3.756127E-15   1.460504E-13   1.200000E+02  -1.899191E+00
  5.530000000000E+00   1.773395E+00   1.587628E+00   6.513409E+01  -1.461142E-16   3.080779E-15   1.263921E-13   1.200000E+02  -1.903516E+00
  5.535000000000E+00   1.781014E+00   1.453029E+00   6.507341E+01  -1.331538E-16   1.930347E-15   8.644995E-14   1.200000E+02  -1.896166E+00
  5.540000000000E+00   1.787878E+00   1.289203E+00   6.502032E+01  -1.276666E-16   2.101368E-16   1.059815E-14   1.200000E+02  -1.877544E+00
  5.545000000000E+00   1.793894E+00   1.117799E+00   6.497685E+01  -1.301612E-16  -1.069373E-15  -6.216189E-14   1.200000E+02  -1.849348E+00
  5.550000000000E+00   1.799083E+00   9.627951E-01   6.494938E+01  -1.380610E-16  -2.030681E-15  -1.369881E-13   1.200000E+02  -1.814412E+00
  5.555000000000E+00   1.803584E+00   8.464711E-01   6.495141E+01  -1.495243E-16  -2.491434E-15  -1.911727E-13   1.200000E+02  -1.776520E+00
  5.560000000000E+00   1.807636E+00   7.853382E-01   6.500020E+01  -1.621021E-16  -2.459367E-15  -2.035548E-13   1.200000E+02  -1.740101E+00
  5.565000000000E+00   1.811539E+00   7.873774E-01   6.510332E+01  -1.748823E-16  -2.585835E-15  -2.138066E-13   1.200000E+02  -1.709750E+00
  5.570000000000E+00   1.815610E+00   8.515268E-01   6.524524E+01  -1.874627E-16  -2.291229E-15  -1.755573E-13   1.200000E+02  -1.689627E+00
  5.575000000000E+00   1.820140E+00   9.688246E-01   6.539164E+01  -1.979948E-16  -1.813830E-15  -1.224260E-13   1.200000E+02  -1.682838E+00
  5.580000000000E+00   1.825359E+00   1.123900E+00   6.550755E+01  -2.059542E-16  -1.322306E-15  -7.707178E-14   1.200000E+02  -1.690869E+00
  5.585000000000E+00   1.831407E+00   1.296516E+00   6.557093E+01  -2.098279E-16  -2.795455E-16  -1.413794E-14   1.200000E+02  -1.713120E+00
  5.590000000000E+00   1.838315E+00   1.463641E+00   6.557599E+01  -2.091867E-16   5.425397E-16   2.430758E-14   1.200000E+02  -1.746698E+00
  5.595000000000E+00   1.845998E+00   1.602295E+00   6.553040E+01  -2.040756E-16   1.390143E-15   5.685382E-14   1.200000E+02  -1.786654E+00
  5.600000000000E+00   1.854261E+00   1.692823E+00   6.545007E+01  -1.966457E-16   1.477794E-15   5.713637E-14   1.200000E+02  -1.826794E+00
  5.605000000000E+00   1.862827E+00   1.722034E+00   6.535327E+01  -1.893860E-16   1.490576E-15   5.656916E-14   1.200000E+02  -1.860942E+00
  5.610000000000E+00   1.871375E+00   1.685555E+00   6.525553E+01  -1.821340E-16   1.345749E-15   5.210007E-14   1.200000E+02  -1.884220E+00
  5.615000000000E+00   1.879586E+00   1.588895E+00   6.516684E+01  -1.752998E-16   1.428464E-15   5.858693E-14   1.200000E+02  -1.893869E+00
  5.620000000000E+00   1.887191E+00   1.446898E+00   6.509180E+01  -1.683138E-16   1.221790E-15   5.496483E-14   1.200000E+02  -1.889397E+00
  5.625000000000E+00   1.894017E+00   1.281517E+00   6.503218E+01  -1.626407E-16   1.029796E-15   5.225829E-14   1.200000E+02  -1.872236E+00
  5.630000000000E+00   1.900010E+00   1.118147E+00   6.499071E+01  -1.577653E-16   9.150671E-16   5.318699E-14   1.200000E+02  -1.845259E+00
  5.635000000000E+00   1.905241E+00   9.810786E-01   6.497435E+01  -1.535004E-16   8.607523E-16   5.700545E-14   1.200000E+02  -1.812330E+00
  5.640000000000E+00   1.909893E+00   8.890268E-01   6.499403E+01  -1.489881E-16   9.961214E-16   7.282339E-14   1.200000E+02  -1.777867E+00
  5.645000000000E+00   1.914220E+00   8.519154E-01   6.505758E+01  -1.445832E-16   7.974689E-16   6.089970E-14   1.200000E+02  -1.746357E+00
  5.650000000000E+00   1.918501E+00   8.699372E-01   6.515915E+01  -1.413453E-16   3.665270E-16   2.745324E-14   1.200000E+02  -1.721784E+00
  5.655000000000E+00   1.922995E+00   9.348358E-01   6.527698E+01  -1.412541E-16  -4.297865E-16  -3.001079E-14   1.200000E+02  -1.707078E+00
  5.660000000000E+00   1.927902E+00   1.032327E+00   6.538349E+01  -1.460693E-16  -1.597760E-15  -1.011957E-13   1.200000E+02  -1.703679E+00
  5.665000000000E+00   1.933342E+00   1.144726E+00   6.545746E+01  -1.576716E-16  -3.088239E-15  -1.765909E-13   1.200000E+02  -1.711293E+00
  5.670000000000E+00   1.939343E+00   1.253563E+00   6.548958E+01  -1.762800E-16  -4.185154E-15  -2.186439E-13   1.200000E+02  -1.727901E+00
  5.675000000000E+00   1.945845E+00   1.342174E+00   6.548158E+01  -1.988012E-16  -4.692990E-15  -2.289602E-13   1.200000E+02  -1.750088E+00
  5.680000000000E+00   1.952712E+00   1.398051E+00   6.544254E+01  -2.232950E-16  -4.854597E-15  -2.272428E-13   1.200000E+02  -1.773673E+00
  5.685000000000E+00   1.959762E+00   1.414589E+00   6.538464E+01  -2.459150E-16  -4.025305E-15  -1.860563E-13   1.200000E+02  -1.794540E+00
  5.690000000000E+00   1.966795E+00   1.391901E+00   6.531976E+01  -2.618177E-16  -2.197229E-15  -1.031125E-13   1.200000E+02  -1.809425E+00
  5.695000000000E+00   1.973629E+00   1.336558E+00   6.525755E+01  -2.676643E-16  -3.396808E-16  -1.658494E-14   1.200000E+02  -1.816441E+00
  5.700000000000E+00   1.980127E+00   1.260281E+00   6.520511E+01  -2.647590E-16   1.648589E-15   8.529555E-14   1.200000E+02  -1.815243E+00
  5.705000000000E+00   1.986221E+00   1.177814E+00   6.516788E+01  -2.532535E-16   2.812356E-15   1.556064E-13   1.200000E+02  -1.806878E+00
  5.710000000000E+00   1.991920E+00   1.104306E+00   6.515053E+01  -2.377403E-16   3.263767E-15   1.925518E-13   1.200000E+02  -1.793451E+00
  5.715000000000E+00   1.997300E+00   1.052692E+00   6.515673E+01  -2.211544E-16   3.345970E-15   2.070999E-13   1.200000E+02  -1.777722E+00
  5.720000000000E+00   2.002496E+00   1.031554E+00   6.518716E+01  -2.050097E-16   3.205500E-15   2.025656E-13   1.200000E+02  -1.762671E+00
  5.725000000000E+00   2.007669E+00   1.043899E+00   6.523706E+01  -1.895193E-16   2.917521E-15   1.823266E-13   1.200000E+02  -1.751066E+00
  5.730000000000E+00   2.012984E+00   1.086954E+00   6.529581E+01  -1.762803E-16   2.209889E-15   1.327531E-13   1.200000E+02  -1.745051E+00
  5.735000000000E+00   2.018576E+00   1.152817E+00   6.534982E+01  -1.661969E-16   1.744829E-15   9.890924E-14   1.200000E+02  -1.745794E+00
  5.740000000000E+00   2.024530E+00   1.229693E+00   6.538706E+01  -1.591331E-16   1.147214E-15   6.100140E-14   1.200000E+02  -1.753252E+00
  5.745000000000E+00   2.030868E+00   1.303564E+00   6.540045E+01  -1.540321E-16   8.081714E-16   4.054636E-14   1.200000E+02  -1.766104E+00
  5.750000000000E+00   2.037538E+00   1.360202E+00   6.538886E+01  -1.519015E-16  -6.988082E-17  -3.359373E-15   1.200000E+02  -1.781917E+00
  5.755000000000E+00   2.044422E+00   1.387361E+00   6.535602E+01  -1.544757E-16  -8.277252E-16  -3.899260E-14   1.200000E+02  -1.797543E+00
  5.760000000000E+00   2.051351E+00   1.376872E+00   6.530842E+01  -1.611244E-16  -1.863900E-15  -8.840938E-14   1.200000E+02  -1.809701E+00
  5.765000000000E+00   2.058126E+00   1.326303E+00   6.525301E+01  -1.723016E-16  -2.623638E-15  -1.290809E-13   1.200000E+02  -1.815578E+00
  5.770000000000E+00   2.064556E+00   1.239861E+00   6.519579E+01  -1.863268E-16  -3.070033E-15  -1.614320E-13   1.200000E+02  -1.813324E+00
  5.775000000000E+00   2.070485E+00   1.128288E+00   6.514170E+01  -2.023626E-16  -2.975990E-15  -1.718188E-13   1.200000E+02  -1.802334E+00
  5.780000000000E+00   2.075824E+00   1.007614E+00   6.509612E+01  -2.159260E-16  -2.578317E-15  -1.665702E-13   1.200000E+02  -1.783331E+00
  5.785000000000E+00   2.080576E+00   8.967635E-01   6.506724E+01  -2.274501E-16  -2.068380E-15  -1.500773E-13   1.200000E+02  -1.758297E+00
  5.790000000000E+00   2.084838E+00   8.142955E-01   6.506756E+01  -2.363279E-16  -1.345185E-15  -1.074891E-13   1.200000E+02  -1.730271E+00
  5.795000000000E+00   2.088789E+00   7.749561E-01   6.511034E+01  -2.417170E-16  -7.774767E-16  -6.532211E-14   1.200000E+02  -1.703032E+00
  5.800000000000E+00   2.092670E+00   7.870913E-01   6.519952E+01  -2.445717E-16  -2.406032E-16  -1.993062E-14   1.200000E+02  -1.680633E+00
  5.805000000000E+00   2.096744E+00   8.516239E-01   6.532088E+01  -2.444481E-16   2.130770E-16   1.634333E-14   1.200000E+02  -1.666846E+00
  5.810000000000E+00   2.101260E+00   9.622852E-01   6.544567E+01  -2.417472E-16   7.888702E-16   5.365160E-14   1.200000E+02  -1.664581E+00
  5.815000000000E+00   2.106421E+00   1.106341E+00   6.554399E+01  -2.370903E-16   1.261014E-15   7.470740E-14   1.200000E+02  -1.675320E+00
  5.820000000000E+00   2.112348E+00   1.265665E+00   6.559584E+01  -2.289146E-16   2.197192E-15   1.138742E-13   1.200000E+02  -1.698635E+00
  5.825000000000E+00   2.119067E+00   1.418536E+00   6.559492E+01  -2.163318E-16   2.756635E-15   1.274703E-13   1.200000E+02  -1.731928E+00
  5.830000000000E+00   2.126487E+00   1.542342E+00   6.554703E+01  -2.013967E-16   3.085698E-15   1.311372E-13   1.200000E+02  -1.770595E+00
  5.835000000000E+00   2.134411E+00   1.616942E+00   6.546593E+01  -1.871902E-16   2.582031E-15   1.045400E-13   1.200000E+02  -1.808733E+00
  5.840000000000E+00   2.142554E+00   1.628081E+00   6.536785E+01  -1.761005E-16   1.897461E-15   7.618350E-14   1.200000E+02  -1.840299E+00
  5.845000000000E+00   2.150581E+00   1.570150E+00   6.526660E+01  -1.695576E-16   7.397343E-16   3.074861E-14   1.200000E+02  -1.860346E+00
  5.850000000000E+00   2.158152E+00   1.447717E+00   6.517037E+01  -1.685840E-16  -3.694883E-16  -1.663287E-14   1.200000E+02  -1.865862E+00
  5.855000000000E+00   2.164978E+00   1.275526E+00   6.508152E+01  -1.712183E-16  -6.805630E-16  -3.472455E-14   1.200000E+02  -1.855997E+00
  5.860000000000E+00   2.170865E+00   1.076864E+00   6.499904E+01  -1.747576E-16  -7.252721E-16  -4.377713E-14   1.200000E+02  -1.831854E+00
  5.865000000000E+00   2.175750E+00   8.802774E-01   6.492391E+01  -1.778839E-16  -5.924495E-16  -4.369548E-14   1.200000E+02  -1.796152E+00
  5.870000000000E+00   2.179718E+00   7.148357E-01   6.486734E+01  -1.805836E-16  -3.960408E-16  -3.593849E-14   1.200000E+02  -1.752937E+00
  5.875000000000E+00   2.182987E+00   6.044797E-01   6.485784E+01  -1.819710E-16  -2.671929E-16  -2.866854E-14   1.200000E+02  -1.707253E+00
  5.880000000000E+00   2.185874E+00   5.630858E-01   6.493102E+01  -1.828105E-16  -1.346547E-16  -1.552741E-14   1.200000E+02  -1.664645E+00
  5.885000000000E+00   2.188732E+00   5.928910E-01   6.509392E+01  -1.843020E-16  -3.463871E-16  -3.803008E-14   1.200000E+02  -1.630448E+00
  5.890000000000E+00   2.191906E+00   6.869024E-01   6.530595E+01  -1.858199E-16  -2.439447E-16  -2.319258E-14   1.200000E+02  -1.609114E+00
  5.895000000000E+00   2.195683E+00   8.319706E-01   6.550788E+01  -1.862385E-16   2.037661E-16   1.604417E-14   1.200000E+02  -1.603690E+00
  5.900000000000E+00   2.200279E+00   1.010252E+00   6.565551E+01  -1.844581E-16   5.418053E-16   3.521151E-14   1.200000E+02  -1.615380E+00
  5.905000000000E+00   2.205805E+00   1.200147E+00   6.572884E+01  -1.807742E-16   8.734712E-16   4.783768E-14   1.200000E+02  -1.643134E+00
  5.910000000000E+00   2.212261E+00   1.378012E+00   6.572780E+01  -1.746280E-16   1.405957E-15   6.706071E-14   1.200000E+02  -1.683459E+00
  5.915000000000E+00   2.219528E+00   1.520786E+00   6.566593E+01  -1.668905E-16   1.825344E-15   7.881641E-14   1.200000E+02  -1.730663E+00
  5.920000000000E+00   2.227381E+00   1.609048E+00   6.556404E+01  -1.579685E-16   1.831608E-15   7.463273E-14   1.200000E+02  -1.777726E+00
  5.925000000000E+00   2.235510E+00   1.629909E+00   6.544402E+01  -1.488809E-16   1.952644E-15   7.840245E-14   1.200000E+02  -1.817651E+00
  5.930000000000E+00   2.243565E+00   1.579236E+00   6.532342E+01  -1.391206E-16   1.676717E-15   6.935561E-14   1.200000E+02  -1.844880E+00
  5.935000000000E+00   2.251197E+00   1.462845E+00   6.521238E+01  -1.315214E-16   1.356863E-15   6.048776E-14   1.200000E+02  -1.856204E+00
  5.940000000000E+00   2.258113E+00   1.296393E+00   6.511393E+01  -1.269416E-16   3.924937E-16   1.971377E-14   1.200000E+02  -1.850921E+00
  5.945000000000E+00   2.264119E+00   1.103721E+00   6.502726E+01  -1.278038E-16  -6.886177E-16  -4.057085E-14   1.200000E+02  -1.830475E+00
  5.950000000000E+00   2.269154E+00   9.135501E-01   6.495353E+01  -1.334747E-16  -1.544519E-15  -1.098155E-13   1.200000E+02  -1.797961E+00
  5.955000000000E+00   2.273305E+00   7.546875E-01   6.490352E+01  -1.430230E-16  -2.018767E-15  -1.736150E-13   1.200000E+02  -1.757732E+00
  5.960000000000E+00   2.276789E+00   6.504267E-01   6.490241E+01  -1.535610E-16  -2.189011E-15  -2.184290E-13   1.200000E+02  -1.715023E+00
  5.965000000000E+00   2.279918E+00   6.137950E-01   6.497809E+01  -1.650478E-16  -2.306707E-15  -2.441946E-13   1.200000E+02  -1.675413E+00
  5.970000000000E+00   2.283038E+00   6.460008E-01   6.513090E+01  -1.753338E-16  -1.771845E-15  -1.786405E-13   1.200000E+02  -1.644133E+00
  5.975000000000E+00   2.286475E+00   7.384028E-01   6.532150E+01  -1.822430E-16  -1.004453E-15  -8.885720E-14   1.200000E+02  -1.625357E+00
  5.980000000000E+00   2.290493E+00   8.752973E-01   6.549713E+01  -1.851349E-16  -1.692502E-16  -1.266473E-14   1.200000E+02  -1.621629E+00
  5.985000000000E+00   2.295266E+00   1.035872E+00   6.561977E+01  -1.841041E-16   6.039121E-16   3.825625E-14   1.200000E+02  -1.633409E+00
  5.990000000000E+00   2.300852E+00   1.196195E+00   6.567383E+01  -1.770693E-16   2.151197E-15   1.181056E-13   1.200000E+02  -1.658769E+00
  5.995000000000E+00   2.307188E+00   1.332103E+00   6.566213E+01  -1.639984E-16   3.016793E-15   1.487040E-13   1.200000E+02  -1.693455E+00
  6.000000000000E+00   2.314100E+00   1.422797E+00   6.559925E+01  -1.477112E-16   3.441385E-15   1.586680E-13   1.200000E+02  -1.731489E+00
  6.005000000000E+00   2.321321E+00   1.454356E+00   6.550485E+01  -1.313281E-16   3.056108E-15   1.376485E-13   1.200000E+02  -1.766312E+00
  6.010000000000E+00   2.328541E+00   1.422364E+00   6.539774E+01  -1.182959E-16   2.066861E-15   9.503054E-14   1.200000E+02  -1.792174E+00
  6.015000000000E+00   2.335452E+00   1.333010E+00   6.529199E+01  -1.105640E-16   1.047574E-15   5.131107E-14   1.200000E+02  -1.805283E+00
  6.020000000000E+00   2.341805E+00   1.202389E+00   6.519615E+01  -1.082511E-16  -1.155856E-16  -6.267304E-15   1.200000E+02  -1.804329E+00
  6.025000000000E+00   2.347448E+00   1.053955E+00   6.511589E+01  -1.097184E-16  -4.728465E-16  -2.921359E-14   1.200000E+02  -1.790387E+00
  6.030000000000E+00   2.352358E+00   9.143291E-01   6.505882E+01  -1.127341E-16  -5.501491E-16  -3.914570E-14   1.200000E+02  -1.766453E+00
  6.035000000000E+00   2.356645E+00   8.080963E-01   6.503836E+01  -1.150475E-16  -4.293393E-16  -3.455470E-14   1.200000E+02  -1.736863E+00
  6.040000000000E+00   2.360521E+00   7.528006E-01   6.507050E+01  -1.166238E-16  -1.590363E-16  -1.374677E-14   1.200000E+02  -1.706649E+00
  6.045000000000E+00   2.364267E+00   7.558048E-01   6.515995E+01  -1.168840E-16   2.052223E-16   1.769276E-14   1.200000E+02  -1.680824E+00
  6.050000000000E+00   2.368168E+00   8.140122E-01   6.528812E+01  -1.143168E-16   8.184596E-16   6.564483E-14   1.200000E+02  -1.663649E+00
  6.055000000000E+00   2.372477E+00   9.156687E-01   6.541987E+01  -1.096067E-16   1.174627E-15   8.392116E-14   1.200000E+02  -1.657986E+00
  6.060000000000E+00   2.377366E+00   1.042793E+00   6.552206E+01  -1.036425E-16   1.038639E-15   6.526106E-14   1.200000E+02  -1.664805E+00
  6.065000000000E+00   2.382911E+00   1.173799E+00   6.557563E+01  -9.923548E-17   8.713121E-16   4.867686E-14   1.200000E+02  -1.682913E+00
  6.070000000000E+00   2.389075E+00   1.286540E+00   6.557709E+01  -9.606983E-17   5.901251E-17   3.007966E-15   1.200000E+02  -1.709025E+00
  6.075000000000E+00   2.395716E+00   1.361664E+00   6.553454E+01  -9.869222E-17  -8.998133E-16  -4.330646E-14   1.200000E+02  -1.738290E+00
  6.080000000000E+00   2.402609E+00   1.385744E+00   6.546204E+01  -1.071742E-16  -2.474890E-15  -1.169129E-13   1.200000E+02  -1.765232E+00
  6.085000000000E+00   2.409483E+00   1.353545E+00   6.537431E+01  -1.223493E-16  -3.777818E-15  -1.824633E-13   1.200000E+02  -1.784882E+00
  6.090000000000E+00   2.416060E+00   1.268978E+00   6.528302E+01  -1.444015E-16  -4.536934E-15  -2.334042E-13   1.200000E+02  -1.793736E+00
  6.095000000000E+00   2.422108E+00   1.144613E+00   6.519556E+01  -1.656320E-16  -3.867198E-15  -2.202701E-13   1.200000E+02  -1.790250E+00
  6.100000000000E+00   2.427473E+00   9.998053E-01   6.511672E+01  -1.825865E-16  -2.624418E-15  -1.709268E-13   1.200000E+02  -1.774865E+00
  6.105000000000E+00   2.432110E+00   8.576102E-01   6.505276E+01  -1.923415E-16  -1.184378E-15  -8.983925E-14   1.200000E+02  -1.749738E+00
  6.110000000000E+00   2.436090E+00   7.408214E-01   6.501631E+01  -1.943572E-16   1.354123E-16   1.188412E-14   1.200000E+02  -1.718347E+00
  6.115000000000E+00   2.439589E+00   6.677986E-01   6.502709E+01  -1.920725E-16   9.545926E-16   9.295374E-14   1.200000E+02  -1.685052E+00
  6.120000000000E+00   2.442856E+00   6.493196E-01   6.510127E+01  -1.851559E-16   1.726226E-15   1.730727E-13   1.200000E+02  -1.654554E+00
  6.125000000000E+00   2.446174E+00   6.876878E-01   6.523343E+01  -1.747574E-16   2.320679E-15   2.201375E-13   1.200000E+02  -1.631318E+00
  6.130000000000E+00   2.449816E+00   7.778695E-01   6.539250E+01  -1.618070E-16   2.694263E-15   2.264963E-13   1.200000E+02  -1.619018E+00
  6.135000000000E+00   2.454018E+00   9.089984E-01   6.553858E+01  -1.481883E-16   2.658317E-15   1.916641E-13   1.200000E+02  -1.620068E+00
  6.140000000000E+00   2.458947E+00   1.065351E+00   6.564079E+01  -1.362930E-16   1.972174E-15   1.215140E-13   1.200000E+02  -1.635194E+00
  6.145000000000E+00   2.464681E+00   1.227320E+00   6.568418E+01  -1.310012E-16   1.715996E-16   9.183733E-15   1.200000E+02  -1.663083E+00
  6.150000000000E+00   2.471194E+00   1.373074E+00   6.566860E+01  -1.343070E-16  -1.608384E-15  -7.692254E-14   1.200000E+02  -1.700275E+00
  6.155000000000E+00   2.478351E+00   1.481060E+00   6.560471E+01  -1.474918E-16  -3.268622E-15  -1.447862E-13   1.200000E+02  -1.741462E+00
  6.160000000000E+00   2.485915E+00   1.533053E+00   6.550901E+01  -1.646149E-16  -3.512013E-15  -1.500721E-13   1.200000E+02  -1.780315E+00
  6.165000000000E+00   2.493572E+00   1.517205E+00   6.539834E+01  -1.812971E-16  -3.054028E-15  -1.316423E-13   1.200000E+02  -1.810683E+00
  6.170000000000E+00   2.500973E+00   1.430541E+00   6.528526E+01  -1.942389E-16  -2.056809E-15  -9.386610E-14   1.200000E+02  -1.827757E+00
  6.175000000000E+00   2.507776E+00   1.280538E+00   6.517546E+01  -2.008356E-16  -5.627574E-16  -2.864263E-14   1.200000E+02  -1.828802E+00
  6.180000000000E+00   2.513706E+00   1.085424E+00   6.506811E+01  -2.007343E-16   5.005183E-16   3.000466E-14   1.200000E+02  -1.813315E+00
  6.185000000000E+00   2.518602E+00   8.727345E-01   6.495971E+01  -1.970551E-16   9.962730E-16   7.415497E-14   1.200000E+02  -1.782864E+00
  6.190000000000E+00   2.522458E+00   6.756318E-01   6.485325E+01  -1.921435E-16   9.130196E-16   8.763987E-14   1.200000E+02  -1.740856E+00
  6.195000000000E+00   2.525436E+00   5.267448E-01   6.477519E+01  -1.883860E-16   5.569917E-16   6.849472E-14   1.200000E+02  -1.692326E+00
  6.200000000000E+00   2.527842E+00   4.502247E-01   6.478636E+01  -1.859856E-16   3.453954E-16   4.970166E-14   1.200000E+02  -1.643510E+00
  6.205000000000E+00   2.530070E+00   4.558067E-01   6.493905E+01  -1.855284E-16  -2.115135E-16  -3.013445E-14   1.200000E+02  -1.601025E+00
  6.210000000000E+00   2.532526E+00   5.399714E-01   6.520167E+01  -1.872649E-16  -5.816109E-16  -7.022965E-14   1.200000E+02  -1.570882E+00
  6.215000000000E+00   2.535577E+00   6.908509E-01   6.548170E+01  -1.908541E-16  -9.233387E-16  -8.751785E-14   1.200000E+02  -1.557769E+00
  6.220000000000E+00   2.539512E+00   8.898879E-01   6.570251E+01  -1.957549E-16  -1.034372E-15  -7.637009E-14   1.200000E+02  -1.564475E+00
  6.225000000000E+00   2.544513E+00   1.111662E+00   6.582758E+01  -2.004520E-16  -5.981078E-16  -3.541722E-14   1.200000E+02  -1.591181E+00
  6.230000000000E+00   2.550616E+00   1.325519E+00   6.585173E+01  -2.013268E-16   5.025729E-16   2.496780E-14   1.200000E+02  -1.634838E+00
  6.235000000000E+00   2.557704E+00   1.499562E+00   6.579031E+01  -1.954152E-16   2.021106E-15   8.867204E-14   1.200000E+02  -1.689080E+00
  6.240000000000E+00   2.565503E+00   1.605937E+00   6.567040E+01  -1.802323E-16   3.953669E-15   1.616744E-13   1.200000E+02  -1.745087E+00
  6.245000000000E+00   2.573624E+00   1.625999E+00   6.552205E+01  -1.574497E-16   4.968507E-15   2.002134E-13   1.200000E+02  -1.793424E+00
  6.250000000000E+00   2.581615E+00   1.554134E+00   6.536975E+01  -1.310744E-16   5.162385E-15   2.171394E-13   1.200000E+02  -1.826268E+00
  6.255000000000E+00   2.589032E+00   1.399565E+00   6.522685E+01  -1.075319E-16   4.114240E-15   1.917445E-13   1.200000E+02  -1.839035E+00
  6.260000000000E+00   2.595515E+00   1.185789E+00   6.509512E+01  -9.055901E-17   2.800427E-15   1.537323E-13   1.200000E+02  -1.830774E+00
  6.265000000000E+00   2.600851E+00   9.474485E-01   6.496974E+01  -8.127127E-17   9.958998E-16   6.829221E-14   1.200000E+02  -1.803622E+00
  6.270000000000E+00   2.605015E+00   7.245798E-01   6.485020E+01  -7.940479E-17  -1.521239E-16  -1.361516E-14   1.200000E+02  -1.762026E+00
  6.275000000000E+00   2.608182E+00   5.545828E-01   6.475903E+01  -8.253266E-17  -9.852557E-16  -1.150490E-13   1.200000E+02  -1.712109E+00
  6.280000000000E+00   2.610687E+00   4.630944E-01   6.475542E+01  -8.861100E-17  -1.477873E-15  -2.066540E-13   1.200000E+02  -1.661001E+00
  6.285000000000E+00   2.612952E+00   4.578446E-01   6.489418E+01  -9.562801E-17  -1.461309E-15  -2.071237E-13   1.200000E+02  -1.615851E+00
  6.290000000000E+00   2.615392E+00   5.308982E-01   6.514609E+01  -1.029119E-16  -1.490819E-15  -1.829372E-13   1.200000E+02  -1.582739E+00
  6.295000000000E+00   2.618360E+00   6.656950E-01   6.541891E+01  -1.108114E-16  -1.652957E-15  -1.624387E-13   1.200000E+02  -1.565966E+00
  6.300000000000E+00   2.622113E+00   8.408154E-01   6.563749E+01  -1.192420E-16  -1.666851E-15  -1.301212E-13   1.200000E+02  -1.567660E+00
  6.305000000000E+00   2.626792E+00   1.031239E+00   6.576794E+01  -1.266240E-16  -1.316714E-15  -8.397429E-14   1.200000E+02  -1.587424E+00
  6.310000000000E+00   2.632408E+00   1.210455E+00   6.580671E+01  -1.318895E-16  -6.437239E-16  -3.499621E-14   1.200000E+02  -1.622125E+00
  6.315000000000E+00   2.638839E+00   1.353794E+00   6.576818E+01  -1.336474E-16  -1.129270E-16  -5.486070E-15   1.200000E+02  -1.666148E+00
  6.320000000000E+00   2.645857E+00   1.441968E+00   6.567580E+01  -1.348904E-16  -2.993165E-16  -1.363265E-14   1.200000E+02  -1.712276E+00
  6.325000000000E+00   2.653152E+00   1.463857E+00   6.555486E+01  -1.367431E-16  -4.166753E-16  -1.865967E-14   1.200000E+02  -1.753115E+00
  6.330000000000E+00   2.660386E+00   1.417921E+00   6.542647E+01  -1.389017E-16  -4.226253E-16  -1.950100E-14   1.200000E+02  -1.782606E+00
  6.335000000000E+00   2.667235E+00   1.312223E+00   6.530409E+01  -1.408092E-16  -2.630239E-16  -1.308964E-14   1.200000E+02  -1.797084E+00
  6.340000000000E+00   2.673439E+00   1.163253E+00   6.519352E+01  -1.431439E-16  -3.195485E-16  -1.790882E-14   1.200000E+02  -1.795543E+00
  6.345000000000E+00   2.678835E+00   9.937157E-01   6.509620E+01  -1.430823E-16   7.382626E-17   4.836201E-15   1.200000E+02  -1.779285E+00
  6.350000000000E+00   2.683384E+00   8.293083E-01   6.501523E+01  -1.416381E-16   6.863446E-16   5.380732E-14   1.200000E+02  -1.751340E+00
  6.355000000000E+00   2.687176E+00   6.946633E-01   6.496252E+01  -1.363819E-16   1.204816E-15   1.126702E-13   1.200000E+02  -1.715943E+00
  6.360000000000E+00   2.690410E+00   6.089990E-01   6.496178E+01  -1.296038E-16   1.532711E-15   1.634939E-13   1.200000E+02  -1.678061E+00
  6.365000000000E+00   2.693362E+00   5.828038E-01   6.503626E+01  -1.212701E-16   1.946048E-15   2.171634E-13   1.200000E+02  -1.642870E+00
  6.370000000000E+00   2.696335E+00   6.171874E-01   6.518312E+01  -1.100370E-16   2.572852E-15   2.717271E-13   1.200000E+02  -1.615173E+00
  6.375000000000E+00   2.699620E+00   7.056831E-01   6.536585E+01  -9.568318E-17   3.142346E-15   2.910685E-13   1.200000E+02  -1.598859E+00
  6.380000000000E+00   2.703460E+00   8.361719E-01   6.553664E+01  -7.975842E-17   3.278353E-15   2.569474E-13   1.200000E+02  -1.596473E+00
  6.385000000000E+00   2.708023E+00   9.918015E-01   6.565960E+01  -6.494344E-17   2.618123E-15   1.733259E-13   1.200000E+02  -1.608810E+00
  6.390000000000E+00   2.713385E+00   1.151850E+00   6.571784E+01  -5.379745E-17   1.847966E-15   1.054342E-13   1.200000E+02  -1.634559E+00
  6.395000000000E+00   2.719512E+00   1.293524E+00   6.571111E+01  -4.988201E-17  -4.049568E-16  -2.057183E-14   1.200000E+02  -1.670175E+00
  6.400000000000E+00   2.726255E+00   1.394823E+00   6.565081E+01  -5.788064E-17  -2.976610E-15  -1.401015E-13   1.200000E+02  -1.710189E+00
  6.405000000000E+00   2.733366E+00   1.437971E+00   6.555448E+01  -8.088793E-17  -6.159493E-15  -2.808000E-13   1.200000E+02  -1.748062E+00
  6.410000000000E+00   2.740525E+00   1.412726E+00   6.544000E+01  -1.169817E-16  -8.206432E-15  -3.801368E-13   1.200000E+02  -1.777460E+00
  6.415000000000E+00   2.747383E+00   1.318941E+00   6.532087E+01  -1.588593E-16  -8.247732E-15  -4.084709E-13   1.200000E+02  -1.793501E+00
  6.420000000000E+00   2.753622E+00   1.167896E+00   6.520387E+01  -1.972536E-16  -6.655081E-15  -3.715546E-13   1.200000E+02  -1.793575E+00
  6.425000000000E+00   2.759006E+00   9.818346E-01   6.509034E+01  -2.240617E-16  -3.985822E-15  -2.642385E-13   1.200000E+02  -1.777569E+00
  6.430000000000E+00   2.763433E+00   7.912096E-01   6.498218E+01  -2.375709E-16  -1.660809E-15  -1.364026E-13   1.200000E+02  -1.747691E+00
  6.435000000000E+00   2.766964E+00   6.293644E-01   6.489364E+01  -2.416838E-16  -1.164074E-16  -1.200274E-14   1.200000E+02  -1.708135E+00
  6.440000000000E+00   2.769819E+00   5.251085E-01   6.486408E+01  -2.389086E-16   1.120132E-15   1.383645E-13   1.200000E+02  -1.664615E+00
  6.445000000000E+00   2.772335E+00   4.954676E-01   6.494419E+01  -2.317997E-16   1.638172E-15   2.147259E-13   1.200000E+02  -1.623633E+00
  6.450000000000E+00   2.774898E+00   5.430803E-01   6.513885E+01  -2.214749E-16   2.347182E-15   2.815288E-13   1.200000E+02  -1.591491E+00
  6.455000000000E+00   2.777876E+00   6.592073E-01   6.538493E+01  -2.085318E-16   2.855991E-15   2.832778E-13   1.200000E+02  -1.573380E+00
  6.460000000000E+00   2.781573E+00   8.269788E-01   6.560488E+01  -1.939111E-16   2.928780E-15   2.323424E-13   1.200000E+02  -1.572692E+00
  6.465000000000E+00   2.786191E+00   1.022647E+00   6.575011E+01  -1.798916E-16   2.422816E-15   1.557727E-13   1.200000E+02  -1.590380E+00
  6.470000000000E+00   2.791798E+00   1.217383E+00   6.580460E+01  -1.713403E-16   7.084081E-16   3.829239E-14   1.200000E+02  -1.624414E+00
  6.475000000000E+00   2.798315E+00   1.380990E+00   6.577561E+01  -1.722660E-16  -1.358953E-15  -6.472599E-14   1.200000E+02  -1.669666E+00
  6.480000000000E+00   2.805515E+00   1.486847E+00   6.568434E+01  -1.840626E-16  -3.279248E-15  -1.448671E-13   1.200000E+02  -1.718577E+00
  6.485000000001E+00   2.813061E+00   1.516760E+00   6.555726E+01  -2.034959E-16  -4.320019E-15  -1.867194E-13   1.200000E+02  -1.762668E+00
  6.490000000001E+00   2.820551E+00   1.464505E+00   6.541812E+01  -2.246946E-16  -4.121993E-15  -1.841257E-13   1.200000E+02  -1.794481E+00
  6.495000000001E+00   2.827586E+00   1.337360E+00   6.528223E+01  -2.434773E-16  -2.810621E-15  -1.371983E-13   1.200000E+02  -1.809170E+00
  6.500000000001E+00   2.833836E+00   1.155387E+00   6.515520E+01  -2.508685E-16  -2.160744E-16  -1.218498E-14   1.200000E+02  -1.805136E+00
  6.505000000001E+00   2.839099E+00   9.484288E-01   6.503661E+01  -2.461543E-16   2.041857E-15   1.400162E-13   1.200000E+02  -1.783752E+00
  6.510000000001E+00   2.843336E+00   7.509736E-01   6.492874E+01  -2.323678E-16   3.441035E-15   2.975099E-13   1.200000E+02  -1.748698E+00
  6.515000000001E+00   2.846676E+00   5.953648E-01   6.484979E+01  -2.148854E-16   3.512408E-15   3.825872E-13   1.200000E+02  -1.705281E+00
  6.520000000001E+00   2.849394E+00   5.045173E-01   6.484186E+01  -1.982413E-16   3.086941E-15   3.967417E-13   1.200000E+02  -1.659735E+00
  6.525000000001E+00   2.851840E+00   4.870188E-01   6.494515E+01  -1.839382E-16   2.641921E-15   3.523066E-13   1.200000E+02  -1.618363E+00
  6.530000000001E+00   2.854374E+00   5.380948E-01   6.514612E+01  -1.724391E-16   1.918257E-15   2.322397E-13   1.200000E+02  -1.586627E+00
  6.535000000001E+00   2.857310E+00   6.447511E-01   6.537981E+01  -1.646711E-16   9.272808E-16   9.402923E-14   1.200000E+02  -1.568503E+00
  6.540000000001E+00   2.860883E+00   7.896096E-01   6.558219E+01  -1.644629E-16  -1.043424E-15  -8.666309E-14   1.200000E+02  -1.566148E+00
  6.545000000001E+00   2.865235E+00   9.525584E-01   6.571751E+01  -1.763908E-16  -3.739533E-15  -2.579924E-13   1.200000E+02  -1.579655E+00
  6.550000000001E+00   2.870403E+00   1.112307E+00   6.577590E+01  -2.006184E-16  -5.916022E-15  -3.498419E-13   1.200000E+02  -1.606933E+00
  6.555000000001E+00   2.876320E+00   1.248596E+00   6.576445E+01  -2.361138E-16  -8.007531E-15  -4.217623E-13   1.200000E+02  -1.643851E+00
  6.560000000001E+00   2.882825E+00   1.344626E+00   6.569977E+01  -2.776067E-16  -8.168956E-15  -3.991432E-13   1.200000E+02  -1.684812E+00
  6.565000000001E+00   2.889684E+00   1.389105E+00   6.560205E+01  -3.134037E-16  -5.975853E-15  -2.822164E-13   1.200000E+02  -1.723705E+00
  6.570000000001E+00   2.896626E+00   1.377530E+00   6.549014E+01  -3.361971E-16  -2.833388E-15  -1.347042E-13   1.200000E+02  -1.755035E+00
  6.575000000001E+00   2.903373E+00   1.312620E+00   6.537808E+01  -3.398511E-16   1.392662E-15   6.936475E-14   1.200000E+02  -1.774857E+00
  6.580000000001E+00   2.909681E+00   1.203986E+00   6.527397E+01  -3.238492E-16   4.899520E-15   2.656269E-13   1.200000E+02  -1.781245E+00
  6.585000000001E+00   2.915368E+00   1.067063E+00   6.518127E+01  -2.952339E-16   6.251837E-15   3.818919E-13   1.200000E+02  -1.774246E+00
  6.590000000001E+00   2.920338E+00   9.212517E-01   6.510221E+01  -2.637271E-16   6.220350E-15   4.395743E-13   1.200000E+02  -1.755551E+00
  6.595000000001E+00   2.924599E+00   7.872531E-01   6.504237E+01  -2.355579E-16   4.889771E-15   4.039899E-13   1.200000E+02  -1.728087E+00
  6.600000000001E+00   2.928259E+00   6.837835E-01   6.501467E+01  -2.156790E-16   2.884053E-15   2.742180E-13   1.200000E+02  -1.695644E+00
  6.605000000001E+00   2.931508E+00   6.243063E-01   6.503727E+01  -2.061010E-16   1.074108E-15   1.118955E-13   1.200000E+02  -1.662482E+00
  6.610000000001E+00   2.934583E+00   6.149026E-01   6.512089E+01  -2.044449E-16  -2.054111E-16  -2.175395E-14   1.200000E+02  -1.632867E+00
  6.615000000001E+00   2.937735E+00   6.541460E-01   6.525421E+01  -2.087852E-16  -1.483018E-15  -1.479382E-13   1.200000E+02  -1.610573E+00
  6.620000000001E+00   2.941190E+00   7.344239E-01   6.540558E+01  -2.195712E-16  -2.653388E-15  -2.363027E-13   1.200000E+02  -1.598436E+00
  6.625000000001E+00   2.945125E+00   8.433822E-01   6.553989E+01  -2.340339E-16  -2.928961E-15  -2.276119E-13   1.200000E+02  -1.597980E+00
  6.630000000001E+00   2.949645E+00   9.651572E-01   6.563238E+01  -2.476431E-16  -2.206677E-15  -1.500579E-13   1.200000E+02  -1.609134E+00
  6.635000000001E+00   2.954769E+00   1.081953E+00   6.567257E+01  -2.530219E-16  -2.267923E-17  -1.376587E-15   1.200000E+02  -1.630088E+00
  6.640000000001E+00   2.960428E+00   1.176302E+00   6.566220E+01  -2.471588E-16   2.047552E-15   1.142962E-13   1.200000E+02  -1.657422E+00
  6.645000000001E+00   2.966473E+00   1.233761E+00   6.561124E+01  -2.315107E-16   4.007959E-15   2.131427E-13   1.200000E+02  -1.686598E+00
  6.650000000001E+00   2.972692E+00   1.245499E+00   6.553353E+01  -2.079854E-16   5.266138E-15   2.770846E-13   1.200000E+02  -1.712776E+00
  6.655000000001E+00   2.978852E+00   1.210145E+00   6.544292E+01  -1.819680E-16   4.917753E-15   2.659452E-13   1.200000E+02  -1.731767E+00
  6.660000000001E+00   2.984729E+00   1.134451E+00   6.535087E+01  -1.619349E-16   3.010445E-15   1.734188E-13   1.200000E+02  -1.740828E+00
  6.665000000001E+00   2.990154E+00   1.032474E+00   6.526624E+01  -1.525872E-16   8.896201E-16   5.623597E-14   1.200000E+02  -1.739081E+00
  6.670000000001E+00   2.995042E+00   9.231828E-01   6.519715E+01  -1.520357E-16  -8.826460E-16  -6.233436E-14   1.200000E+02  -1.727523E+00
  6.675000000001E+00   2.999407E+00   8.267914E-01   6.515365E+01  -1.603995E-16  -2.044513E-15  -1.611138E-13   1.200000E+02  -1.708715E+00
  6.680000000001E+00   3.003358E+00   7.605228E-01   6.514784E+01  -1.722199E-16  -2.384124E-15  -2.042286E-13   1.200000E+02  -1.686279E+00
  6.685000000001E+00   3.007078E+00   7.350260E-01   6.518806E+01  -1.831475E-16  -2.122619E-15  -1.882511E-13   1.200000E+02  -1.664273E+00
  6.690000000001E+00   3.010778E+00   7.526057E-01   6.526962E+01  -1.911648E-16  -9.464798E-16  -8.208332E-14   1.200000E+02  -1.646520E+00
  6.695000000001E+00   3.014664E+00   8.075639E-01   6.537222E+01  -1.915626E-16   9.269373E-16   7.503548E-14   1.200000E+02  -1.635984E+00
  6.700000000001E+00   3.018894E+00   8.879300E-01   6.546895E+01  -1.821946E-16   2.916725E-15   2.150563E-13   1.200000E+02  -1.634278E+00
  6.705000000001E+00   3.023558E+00   9.778139E-01   6.553797E+01  -1.634550E-16   4.339030E-15   2.908235E-13   1.200000E+02  -1.641380E+00
  6.710000000001E+00   3.028660E+00   1.060122E+00   6.556839E+01  -1.396409E-16   5.093148E-15   3.150104E-13   1.200000E+02  -1.655604E+00
  6.715000000001E+00   3.034123E+00   1.119479E+00   6.556003E+01  -1.140951E-16   4.952553E-15   2.900362E-13   1.200000E+02  -1.673899E+00
  6.720000000001E+00   3.039801E+00   1.144948E+00   6.552011E+01  -9.164193E-17   3.875071E-15   2.217526E-13   1.200000E+02  -1.692453E+00
  6.725000000001E+00   3.045510E+00   1.132007E+00   6.545931E+01  -7.918696E-17   8.850578E-16   5.117924E-14   1.200000E+02  -1.707498E+00
  6.730000000001E+00   3.051063E+00   1.083357E+00   6.538865E+01  -8.352281E-17  -2.339417E-15  -1.412013E-13   1.200000E+02  -1.716091E+00
  6.735000000001E+00   3.056301E+00   1.008348E+00   6.531791E+01  -1.005507E-16  -4.412723E-15  -2.858437E-13   1.200000E+02  -1.716652E+00
  6.740000000001E+00   3.061127E+00   9.211392E-01   6.525589E+01  -1.253942E-16  -5.176711E-15  -3.667316E-13   1.200000E+02  -1.709167E+00
  6.745000000001E+00   3.065519E+00   8.378947E-01   6.521171E+01  -1.502738E-16  -4.739210E-15  -3.688434E-13   1.200000E+02  -1.695066E+00
  6.750000000001E+00   3.069536E+00   7.735904E-01   6.519537E+01  -1.710451E-16  -3.587172E-15  -3.023137E-13   1.200000E+02  -1.676875E+00
  6.755000000001E+00   3.073303E+00   7.391901E-01   6.521515E+01  -1.841930E-16  -1.651759E-15  -1.457267E-13   1.200000E+02  -1.657739E+00
  6.760000000001E+00   3.076985E+00   7.399525E-01   6.527195E+01  -1.883025E-16  -4.143830E-17  -3.655314E-15   1.200000E+02  -1.640907E+00
  6.765000000001E+00   3.080758E+00   7.751930E-01   6.535533E+01  -1.829041E-16   2.232177E-15   1.881914E-13   1.200000E+02  -1.629233E+00
  6.770000000001E+00   3.084783E+00   8.391345E-01   6.544621E+01  -1.679405E-16   3.440219E-15   2.683113E-13   1.200000E+02  -1.624771E+00
  6.775000000001E+00   3.089180E+00   9.221985E-01   6.552452E+01  -1.484540E-16   4.456289E-15   3.166305E-13   1.200000E+02  -1.628482E+00
  6.780000000001E+00   3.094016E+00   1.012378E+00   6.557565E+01  -1.252225E-16   4.678797E-15   3.030638E-13   1.200000E+02  -1.640072E+00
  6.785000000001E+00   3.099295E+00   1.096675E+00   6.559303E+01  -1.031142E-16   4.030661E-15   2.410771E-13   1.200000E+02  -1.657989E+00
  6.790000000001E+00   3.104954E+00   1.162633E+00   6.557740E+01  -8.598608E-17   2.565318E-15   1.446947E-13   1.200000E+02  -1.679613E+00
  6.795000000001E+00   3.110875E+00   1.199895E+00   6.553465E+01  -7.742675E-17   9.258728E-16   5.056841E-14   1.200000E+02  -1.701638E+00
  6.800000000001E+00   3.116896E+00   1.201628E+00   6.547313E+01  -7.740180E-17  -7.871694E-16  -4.289050E-14   1.200000E+02  -1.720611E+00
  6.805000000001E+00   3.122830E+00   1.165655E+00   6.540123E+01  -8.396398E-17  -1.839735E-15  -1.032217E-13   1.200000E+02  -1.733495E+00
  6.810000000001E+00   3.128496E+00   1.095121E+00   6.532589E+01  -9.476197E-17  -2.362957E-15  -1.409546E-13   1.200000E+02  -1.738146E+00
  6.815000000001E+00   3.133740E+00   9.985620E-01   6.525236E+01  -1.050164E-16  -1.469374E-15  -9.601819E-14   1.200000E+02  -1.733598E+00
  6.820000000001E+00   3.138461E+00   8.891980E-01   6.518553E+01  -1.089345E-16  -1.010765E-16  -7.409742E-15   1.200000E+02  -1.720168E+00
  6.825000000001E+00   3.142637E+00   7.832893E-01   6.513265E+01  -1.055798E-16   1.369964E-15   1.139162E-13   1.200000E+02  -1.699400E+00
  6.830000000001E+00   3.146327E+00   6.975864E-01   6.510593E+01  -9.723377E-17   1.840460E-15   1.717707E-13   1.200000E+02  -1.673909E+00
  6.835000000001E+00   3.149668E+00   6.462634E-01   6.512146E+01  -8.740979E-17   1.926553E-15   1.941313E-13   1.200000E+02  -1.647100E+00
  6.840000000001E+00   3.152859E+00   6.382466E-01   6.519017E+01  -7.889966E-17   1.491321E-15   1.523228E-13   1.200000E+02  -1.622763E+00
  6.845000000001E+00   3.156124E+00   6.758867E-01   6.530547E+01  -7.313025E-17   7.565129E-16   7.309573E-14   1.200000E+02  -1.604579E+00
  6.850000000001E+00   3.159685E+00   7.550105E-01   6.544154E+01  -7.256669E-17  -7.310085E-16  -6.336114E-14   1.200000E+02  -1.595592E+00
  6.855000000001E+00   3.163725E+00   8.655481E-01   6.556564E+01  -8.077630E-17  -2.685437E-15  -2.034230E-13   1.200000E+02  -1.597724E+00
  6.860000000001E+00   3.168367E+00   9.923763E-01   6.565179E+01  -1.001567E-16  -5.248422E-15  -3.472154E-13   1.200000E+02  -1.611331E+00
  6.865000000001E+00   3.173645E+00   1.116784E+00   6.568701E+01  -1.337955E-16  -8.072834E-15  -4.748278E-13   1.200000E+02  -1.634907E+00
  6.870000000001E+00   3.179499E+00   1.218924E+00   6.567099E+01  -1.780579E-16  -9.103471E-15  -4.904604E-13   1.200000E+02  -1.665076E+00
  6.875000000001E+00   3.185770E+00   1.281057E+00   6.561279E+01  -2.227919E-16  -8.462699E-15  -4.334399E-13   1.200000E+02  -1.697023E+00
  6.880000000001E+00   3.192225E+00   1.290975E+00   6.552621E+01  -2.586534E-16  -5.860343E-15  -2.974543E-13   1.200000E+02  -1.725369E+00
  6.885000000001E+00   3.198589E+00   1.244789E+00   6.542525E+01  -2.807807E-16  -2.566348E-15  -1.348855E-13   1.200000E+02  -1.745270E+00
  6.890000000001E+00   3.204592E+00   1.148411E+00   6.532091E+01  -2.813028E-16   2.198988E-15   1.250770E-13   1.200000E+02  -1.753404E+00
  6.895000000001E+00   3.210017E+00   1.017238E+00   6.522062E+01  -2.615920E-16   5.403580E-15   3.464528E-13   1.200000E+02  -1.748534E+00
  6.900000000001E+00   3.214745E+00   8.738211E-01   6.513089E+01  -2.290534E-16   7.254395E-15   5.407116E-13   1.200000E+02  -1.731596E+00
  6.905000000001E+00   3.218777E+00   7.436532E-01   6.506284E+01  -1.921322E-16   7.022724E-15   6.144240E-13   1.200000E+02  -1.705418E+00
  6.910000000001E+00   3.222240E+00   6.497119E-01   6.503659E+01  -1.593329E-16   6.127402E-15   6.133570E-13   1.200000E+02  -1.674234E+00
  6.915000000001E+00   3.225357E+00   6.072728E-01   6.507526E+01  -1.306894E-16   5.077660E-15   5.441213E-13   1.200000E+02  -1.643014E+00
  6.920000000001E+00   3.228403E+00   6.211082E-01   6.518423E+01  -1.095377E-16   3.392503E-15   3.560373E-13   1.200000E+02  -1.616673E+00
  6.925000000001E+00   3.231650E+00   6.860565E-01   6.533730E+01  -9.586687E-17   1.997266E-15   1.902117E-13   1.200000E+02  -1.599302E+00
  6.930000000001E+00   3.235325E+00   7.894426E-01   6.549109E+01  -9.212027E-17  -6.858790E-16  -5.689959E-14   1.200000E+02  -1.593561E+00
  6.935000000001E+00   3.239578E+00   9.135735E-01   6.560907E+01  -1.027969E-16  -3.847636E-15  -2.763213E-13   1.200000E+02  -1.600262E+00
  6.940000000001E+00   3.244462E+00   1.038240E+00   6.567250E+01  -1.290159E-16  -6.639934E-15  -4.200005E-13   1.200000E+02  -1.618166E+00
  6.945000000001E+00   3.249929E+00   1.143632E+00   6.567933E+01  -1.665821E-16  -8.177029E-15  -4.696107E-13   1.200000E+02  -1.644101E+00
  6.950000000001E+00   3.255841E+00   1.213458E+00   6.563880E+01  -2.078417E-16  -8.113605E-15  -4.388838E-13   1.200000E+02  -1.673482E+00
  6.955000000001E+00   3.261990E+00   1.237601E+00   6.556579E+01  -2.449428E-16  -6.330639E-15  -3.353854E-13   1.200000E+02  -1.701205E+00
  6.960000000001E+00   3.268140E+00   1.213674E+00   6.547584E+01  -2.699362E-16  -3.460663E-15  -1.866975E-13   1.200000E+02  -1.722683E+00
  6.965000000001E+00   3.274059E+00   1.147153E+00   6.538183E+01  -2.778330E-16   2.092205E-16   1.192449E-14   1.200000E+02  -1.734714E+00
  6.970000000001E+00   3.279562E+00   1.050122E+00   6.529296E+01  -2.692811E-16   3.103446E-15   1.929615E-13   1.200000E+02  -1.735930E+00
  6.975000000001E+00   3.284537E+00   9.389338E-01   6.521587E+01  -2.487724E-16   4.656053E-15   3.233972E-13   1.200000E+02  -1.726775E+00
  6.980000000001E+00   3.288957E+00   8.312491E-01   6.515730E+01  -2.241955E-16   4.998902E-15   3.918379E-13   1.200000E+02  -1.709172E+00
  6.985000000001E+00   3.292881E+00   7.429751E-01   6.512617E+01  -2.007837E-16   4.250815E-15   3.726091E-13   1.200000E+02  -1.686056E+00
  6.990000000001E+00   3.296437E+00   6.857294E-01   6.513268E+01  -1.827032E-16   3.047667E-15   2.894768E-13   1.200000E+02  -1.660877E+00
  6.995000000001E+00   3.299798E+00   6.654675E-01   6.518263E+01  -1.714541E-16   1.474438E-15   1.444214E-13   1.200000E+02  -1.637130E+00
  7.000000000001E+00   3.303152E+00   6.825832E-01   6.527061E+01  -1.689027E-16  -5.242655E-16  -5.013181E-14   1.200000E+02  -1.617948E+00
  7.005000000001E+00   3.306677E+00   7.330714E-01   6.537942E+01  -1.753097E-16  -1.959654E-15  -1.747729E-13   1.200000E+02  -1.605790E+00
  7.010000000001E+00   3.310525E+00   8.098733E-01   6.548687E+01  -1.887087E-16  -3.223701E-15  -2.606705E-13   1.200000E+02  -1.602232E+00
  7.015000000001E+00   3.314803E+00   9.038258E-01   6.557366E+01  -2.073474E-16  -4.061381E-15  -2.946581E-13   1.200000E+02  -1.607835E+00
  7.020000000001E+00   3.319573E+00   1.004241E+00   6.562763E+01  -2.270200E-16  -3.564285E-15  -2.329277E-13   1.200000E+02  -1.622061E+00
  7.025000000001E+00   3.324837E+00   1.099424E+00   6.564427E+01  -2.421856E-16  -2.010419E-15  -1.200378E-13   1.200000E+02  -1.643260E+00
  7.030000000001E+00   3.330540E+00   1.177401E+00   6.562547E+01  -2.454696E-16   9.173720E-16   5.113208E-14   1.200000E+02  -1.668768E+00
  7.035000000001E+00   3.336566E+00   1.226996E+00   6.557752E+01  -2.339989E-16   3.672314E-15   1.962690E-13   1.200000E+02  -1.695176E+00
  7.040000000001E+00   3.342750E+00   1.239235E+00   6.550887E+01  -2.088895E-16   6.293828E-15   3.327066E-13   1.200000E+02  -1.718753E+00
  7.045000000001E+00   3.348890E+00   1.208940E+00   6.542796E+01  -1.748191E-16   7.413754E-15   4.012330E-13   1.200000E+02  -1.735991E+00
  7.050000000001E+00   3.354771E+00   1.136257E+00   6.534147E+01  -1.387855E-16   6.764493E-15   3.889982E-13   1.200000E+02  -1.744124E+00
  7.055000000001E+00   3.360195E+00   1.027749E+00   6.525368E+01  -1.098548E-16   4.531332E-15   2.877025E-13   1.200000E+02  -1.741540E+00
  7.060000000001E+00   3.365012E+00   8.966254E-01   6.516751E+01  -9.440982E-17   1.595428E-15   1.159571E-13   1.200000E+02  -1.728010E+00
  7.065000000001E+00   3.369155E+00   7.616102E-01   6.508793E+01  -9.257093E-17  -7.768225E-16  -6.638798E-14   1.200000E+02  -1.704760E+00
  7.070000000001E+00   3.372656E+00   6.441620E-01   6.502773E+01  -1.000053E-16  -1.976988E-15  -1.995756E-13   1.200000E+02  -1.674424E+00
  7.075000000001E+00   3.375657E+00   5.642298E-01   6.501195E+01  -1.120816E-16  -2.706152E-15  -3.118095E-13   1.200000E+02  -1.640823E+00
  7.080000000001E+00   3.378382E+00   5.357667E-01   6.506931E+01  -1.256297E-16  -2.702209E-15  -3.281855E-13   1.200000E+02  -1.608537E+00
  7.085000000001E+00   3.381106E+00   5.641483E-01   6.520594E+01  -1.383825E-16  -2.288735E-15  -2.645389E-13   1.200000E+02  -1.582275E+00
  7.090000000001E+00   3.384110E+00   6.464125E-01   6.538988E+01  -1.485921E-16  -1.452836E-15  -1.469662E-13   1.200000E+02  -1.566210E+00
  7.095000000001E+00   3.387640E+00   7.725393E-01   6.557040E+01  -1.521734E-16   4.765919E-17   4.045144E-15   1.200000E+02  -1.563374E+00
  7.100000000001E+00   3.391880E+00   9.262983E-01   6.570577E+01  -1.476124E-16   1.939253E-15   1.375584E-13   1.200000E+02  -1.575101E+00
  7.105000000001E+00   3.396914E+00   1.086400E+00   6.577448E+01  -1.327726E-16   3.868301E-15   2.342006E-13   1.200000E+02  -1.600538E+00
  7.110000000001E+00   3.402715E+00   1.228936E+00   6.577387E+01  -1.102994E-16   5.257168E-15   2.813688E-13   1.200000E+02  -1.636417E+00
  7.115000000001E+00   3.409138E+00   1.331048E+00   6.571483E+01  -8.251498E-17   5.330993E-15   2.631950E-13   1.200000E+02  -1.677331E+00
  7.120000000001E+00   3.415932E+00   1.375021E+00   6.561569E+01  -5.924909E-17   3.827892E-15   1.826662E-13   1.200000E+02  -1.716641E+00
  7.125000000001E+00   3.422780E+00   1.351807E+00   6.549587E+01  -4.698670E-17   1.189626E-15   5.763812E-14   1.200000E+02  -1.747850E+00
  7.130000000001E+00   3.429345E+00   1.263177E+00   6.537065E+01  -4.655932E-17  -1.249381E-15  -6.465668E-14   1.200000E+02  -1.765980E+00
  7.135000000001E+00   3.435327E+00   1.122022E+00   6.524869E+01  -5.747926E-17  -3.044983E-15  -1.770742E-13   1.200000E+02  -1.768456E+00
  7.140000000001E+00   3.440517E+00   9.506283E-01   6.513319E+01  -7.621303E-17  -4.313536E-15  -2.955459E-13   1.200000E+02  -1.755296E+00
  7.145000000001E+00   3.444830E+00   7.769750E-01   6.502740E+01  -9.946095E-17  -4.505023E-15  -3.770391E-13   1.200000E+02  -1.728798E+00
  7.150000000001E+00   3.448328E+00   6.293954E-01   6.494387E+01  -1.191216E-16  -3.065518E-15  -3.163140E-13   1.200000E+02  -1.693002E+00
  7.155000000001E+00   3.451202E+00   5.304611E-01   6.491207E+01  -1.304801E-16  -1.683837E-15  -2.060497E-13   1.200000E+02  -1.653077E+00
  7.160000000001E+00   3.453730E+00   4.919930E-01   6.496749E+01  -1.361116E-16  -6.232503E-16  -8.229996E-14   1.200000E+02  -1.614569E+00
  7.165000000001E+00   3.456220E+00   5.139643E-01   6.511550E+01  -1.374891E-16   1.105918E-16   1.401117E-14   1.200000E+02  -1.582579E+00
  7.170000000001E+00   3.458953E+00   5.876290E-01   6.531533E+01  -1.347516E-16   8.453287E-16   9.395883E-14   1.200000E+02  -1.561091E+00
  7.175000000001E+00   3.462157E+00   6.993057E-01   6.551056E+01  -1.295811E-16   1.336581E-15   1.252102E-13   1.200000E+02  -1.552587E+00
  7.180000000001E+00   3.465981E+00   8.325656E-01   6.566059E+01  -1.210457E-16   1.868276E-15   1.473423E-13   1.200000E+02  -1.557838E+00
  7.185000000001E+00   3.470489E+00   9.697303E-01   6.574744E+01  -1.113958E-16   1.782188E-15   1.208319E-13   1.200000E+02  -1.575802E+00
  7.190000000001E+00   3.475657E+00   1.093629E+00   6.577037E+01  -1.031703E-16   1.729257E-15   1.039968E-13   1.200000E+02  -1.603698E+00
  7.195000000001E+00   3.481380E+00   1.189534E+00   6.573941E+01  -9.690571E-17   8.069649E-16   4.459681E-14   1.200000E+02  -1.637373E+00
  7.200000000001E+00   3.487490E+00   1.246836E+00   6.566994E+01  -9.367101E-17   3.326034E-16   1.751798E-14   1.200000E+02  -1.671946E+00
  7.205000000001E+00   3.493778E+00   1.260124E+00   6.557834E+01  -9.451709E-17  -6.457388E-16  -3.360500E-14   1.200000E+02  -1.702641E+00
  7.210000000001E+00   3.500021E+00   1.229571E+00   6.547874E+01  -9.978382E-17  -1.249138E-15  -6.652078E-14   1.200000E+02  -1.725574E+00
  7.215000000001E+00   3.506012E+00   1.160700E+00   6.538125E+01  -1.061557E-16  -1.356843E-15  -7.642982E-14   1.200000E+02  -1.738288E+00
  7.220000000001E+00   3.511582E+00   1.063628E+00   6.529198E+01  -1.125430E-16  -1.209411E-15  -7.424104E-14   1.200000E+02  -1.739925E+00
  7.225000000001E+00   3.516624E+00   9.518071E-01   6.521463E+01  -1.187493E-16  -9.333118E-16  -6.394739E-14   1.200000E+02  -1.731092E+00
  7.230000000001E+00   3.521101E+00   8.403127E-01   6.515313E+01  -1.211667E-16  -1.109942E-16  -8.605868E-15   1.200000E+02  -1.713568E+00
  7.235000000001E+00   3.525051E+00   7.437677E-01   6.511420E+01  -1.200097E-16   5.696913E-16   4.987443E-14   1.200000E+02  -1.689975E+00
  7.240000000001E+00   3.528582E+00   6.741705E-01   6.510781E+01  -1.162797E-16   9.356157E-16   9.035680E-14   1.200000E+02  -1.663455E+00
  7.245000000001E+00   3.531849E+00   6.391132E-01   6.514316E+01  -1.117850E-16   9.319853E-16   9.499485E-14   1.200000E+02  -1.637333E+00
  7.250000000001E+00   3.535033E+00   6.409546E-01   6.522079E+01  -1.065431E-16   1.002443E-15   1.020043E-13   1.200000E+02  -1.614754E+00
  7.255000000001E+00   3.538313E+00   6.771046E-01   6.532785E+01  -1.018353E-16   1.079088E-15   1.041116E-13   1.200000E+02  -1.598350E+00
  7.260000000001E+00   3.541848E+00   7.409576E-01   6.544222E+01  -9.638289E-17   9.536534E-16   8.422776E-14   1.200000E+02  -1.589948E+00
  7.265000000001E+00   3.545752E+00   8.229283E-01   6.554161E+01  -9.303516E-17   3.847771E-16   3.064534E-14   1.200000E+02  -1.590352E+00
  7.270000000001E+00   3.550088E+00   9.115157E-01   6.561039E+01  -9.253595E-17  -4.760116E-16  -3.426305E-14   1.200000E+02  -1.599210E+00
  7.275000000001E+00   3.554858E+00   9.945920E-01   6.564173E+01  -9.650429E-17  -1.037036E-15  -6.844296E-14   1.200000E+02  -1.615011E+00
  7.280000000001E+00   3.560007E+00   1.060975E+00   6.563664E+01  -1.044959E-16  -2.001762E-15  -1.238379E-13   1.200000E+02  -1.635253E+00
  7.285000000001E+00   3.565427E+00   1.102087E+00   6.560162E+01  -1.155090E-16  -2.558721E-15  -1.523077E-13   1.200000E+02  -1.656822E+00
  7.290000000001E+00   3.570980E+00   1.113345E+00   6.554606E+01  -1.284044E-16  -2.442806E-15  -1.438155E-13   1.200000E+02  -1.676523E+00
  7.295000000001E+00   3.576513E+00   1.094969E+00   6.547994E+01  -1.390524E-16  -1.666769E-15  -9.967402E-14   1.200000E+02  -1.691646E+00
  7.300000000001E+00   3.581890E+00   1.051941E+00   6.541237E+01  -1.445880E-16  -6.946716E-16  -4.319643E-14   1.200000E+02  -1.700416E+00
  7.305000000001E+00   3.587007E+00   9.930874E-01   6.535107E+01  -1.457762E-16   7.779550E-17   5.119407E-15   1.200000E+02  -1.702235E+00
  7.310000000001E+00   3.591813E+00   9.293588E-01   6.530258E+01  -1.451913E-16   3.704362E-16   2.602918E-14   1.200000E+02  -1.697657E+00
  7.315000000001E+00   3.596311E+00   8.716691E-01   6.527250E+01  -1.427710E-16   3.242476E-16   2.428037E-14   1.200000E+02  -1.688173E+00
  7.320000000001E+00   3.600554E+00   8.287679E-01   6.526489E+01  -1.421329E-16  -1.766976E-17  -1.391481E-15   1.200000E+02  -1.675857E+00
  7.325000000001E+00   3.604630E+00   8.056998E-01   6.528055E+01  -1.428291E-16  -3.097992E-16  -2.510099E-14   1.200000E+02  -1.662961E+00
  7.330000000001E+00   3.608644E+00   8.032285E-01   6.531551E+01  -1.441993E-16  -6.599999E-17  -5.366870E-15   1.200000E+02  -1.651527E+00
  7.335000000001E+00   3.612691E+00   8.182655E-01   6.536135E+01  -1.443173E-16   1.589038E-16   1.269290E-14   1.200000E+02  -1.643073E+00
  7.340000000001E+00   3.616845E+00   8.450355E-01   6.540772E+01  -1.415697E-16   1.098218E-15   8.500461E-14   1.200000E+02  -1.638407E+00
  7.345000000001E+00   3.621149E+00   8.765858E-01   6.544569E+01  -1.331007E-16   2.211798E-15   1.651323E-13   1.200000E+02  -1.637569E+00
  7.350000000001E+00   3.625608E+00   9.062915E-01   6.546985E+01  -1.198756E-16   3.033628E-15   2.191471E-13   1.200000E+02  -1.639933E+00
  7.355000000001E+00   3.630200E+00   9.290775E-01   6.547882E+01  -1.034408E-16   3.512100E-15   2.475231E-13   1.200000E+02  -1.644416E+00
  7.360000000001E+00   3.634883E+00   9.421545E-01   6.547454E+01  -8.724520E-17   3.127279E-15   2.173286E-13   1.200000E+02  -1.649755E+00
  7.365000000001E+00   3.639606E+00   9.451689E-01   6.546093E+01  -7.308267E-17   2.480227E-15   1.717767E-13   1.200000E+02  -1.654785E+00
  7.370000000001E+00   3.644321E+00   9.398058E-01   6.544265E+01  -6.245318E-17   1.502243E-15   1.046075E-13   1.200000E+02  -1.658647E+00
  7.375000000001E+00   3.648995E+00   9.290206E-01   6.542410E+01  -5.861033E-17  -3.219426E-17  -2.267205E-15   1.200000E+02  -1.660901E+00
  7.380000000001E+00   3.653608E+00   9.161497E-01   6.540868E+01  -6.323289E-17  -1.912911E-15  -1.365726E-13   1.200000E+02  -1.661514E+00
  7.385000000001E+00   3.658158E+00   9.041500E-01   6.539847E+01  -7.790323E-17  -3.548064E-15  -2.566366E-13   1.200000E+02  -1.660774E+00
  7.390000000001E+00   3.662655E+00   8.951341E-01   6.539422E+01  -9.846990E-17  -4.812386E-15  -3.515699E-13   1.200000E+02  -1.659156E+00
  7.395000000001E+00   3.667116E+00   8.902540E-01   6.539547E+01  -1.255440E-16  -5.561622E-15  -4.085406E-13   1.200000E+02  -1.657195E+00
  7.400000000001E+00   3.671564E+00   8.898589E-01   6.540105E+01  -1.534538E-16  -5.466060E-15  -4.017334E-13   1.200000E+02  -1.655384E+00
  7.405000000001E+00   3.676022E+00   8.937761E-01   6.540945E+01  -1.774446E-16  -3.971130E-15  -2.906203E-13   1.200000E+02  -1.654121E+00
  7.410000000001E+00   3.680508E+00   9.015492E-01   6.541918E+01  -1.928675E-16  -2.132464E-15  -1.547381E-13   1.200000E+02  -1.653693E+00
  7.415000000001E+00   3.685042E+00   9.125205E-01   6.542887E+01  -1.958672E-16   6.912515E-16   4.956360E-14   1.200000E+02  -1.654275E+00
  7.420000000001E+00   3.689637E+00   9.257359E-01   6.543719E+01  -1.851068E-16   3.585514E-15   2.534481E-13   1.200000E+02  -1.655929E+00
  7.425000000001E+00   3.694301E+00   9.397489E-01   6.544280E+01  -1.616593E-16   5.715902E-15   3.980474E-13   1.200000E+02  -1.658587E+00
  7.430000000001E+00   3.699033E+00   9.524652E-01   6.544432E+01  -1.294533E-16   6.860176E-15   4.713658E-13   1.200000E+02  -1.662019E+00
  7.435000000001E+00   3.703819E+00   9.611833E-01   6.544051E+01  -9.481942E-17   6.701226E-15   4.562414E-13   1.200000E+02  -1.665806E+00
  7.440000000001E+00   3.708633E+00   9.629358E-01   6.543058E+01  -6.496537E-17   4.904569E-15   3.332608E-13   1.200000E+02  -1.669329E+00
  7.445000000001E+00   3.713433E+00   9.551395E-01   6.541449E+01  -4.665065E-17   1.972124E-15   1.350645E-13   1.200000E+02  -1.671828E+00
  7.450000000001E+00   3.718167E+00   9.364366E-01   6.539325E+01  -4.591793E-17  -1.677476E-15  -1.171415E-13   1.200000E+02  -1.672506E+00
  7.455000000001E+00   3.722781E+00   9.074964E-01   6.536910E+01  -6.218495E-17  -4.738338E-15  -3.413136E-13   1.200000E+02  -1.670703E+00
  7.460000000001E+00   3.727230E+00   8.714895E-01   6.534556E+01  -9.105715E-17  -6.681897E-15  -5.010185E-13   1.200000E+02  -1.666079E+00
  7.465000000001E+00   3.731493E+00   8.339749E-01   6.532750E+01  -1.273818E-16  -7.528676E-15  -5.897414E-13   1.200000E+02  -1.658788E+00
  7.470000000001E+00   3.735579E+00   8.020794E-01   6.532068E+01  -1.632244E-16  -6.549214E-15  -5.333625E-13   1.200000E+02  -1.649555E+00
  7.475000000001E+00   3.739535E+00   7.830732E-01   6.533049E+01  -1.914209E-16  -4.470567E-15  -3.729719E-13   1.200000E+02  -1.639652E+00
  7.480000000001E+00   3.743440E+00   7.826776E-01   6.535956E+01  -2.072618E-16  -1.937545E-15  -1.617999E-13   1.200000E+02  -1.630738E+00
  7.485000000001E+00   3.747396E+00   8.035656E-01   6.540530E+01  -2.094323E-16   1.031430E-15   8.395204E-14   1.200000E+02  -1.624570E+00
  7.490000000001E+00   3.751508E+00   8.444359E-01   6.545925E+01  -1.966744E-16   4.169348E-15   3.232008E-13   1.200000E+02  -1.622662E+00
  7.495000000001E+00   3.755864E+00   8.998530E-01   6.550947E+01  -1.689442E-16   6.858238E-15   4.992810E-13   1.200000E+02  -1.625919E+00
  7.500000000001E+00   3.760515E+00   9.608970E-01   6.554452E+01  -1.299885E-16   8.354176E-15   5.698535E-13   1.200000E+02  -1.634350E+00
  7.505000000001E+00   3.765464E+00   1.016584E+00   6.555688E+01  -8.727862E-17   8.396978E-15   5.414992E-13   1.200000E+02  -1.646934E+00
  7.510000000001E+00   3.770655E+00   1.055897E+00   6.554436E+01  -4.982149E-17   6.401124E-15   3.973472E-13   1.200000E+02  -1.661696E+00
  7.515000000001E+00   3.775983E+00   1.070070E+00   6.550960E+01  -2.432777E-17   3.685654E-15   2.256354E-13   1.200000E+02  -1.676041E+00
  7.520000000001E+00   3.781308E+00   1.054653E+00   6.545846E+01  -1.445452E-17   2.828456E-16   1.755519E-14   1.200000E+02  -1.687261E+00
  7.525000000001E+00   3.786483E+00   1.010802E+00   6.539827E+01  -1.914282E-17  -2.096823E-15  -1.356631E-13   1.200000E+02  -1.693117E+00
  7.530000000001E+00   3.791381E+00   9.454236E-01   6.533674E+01  -3.334643E-17  -3.364642E-15  -2.325251E-13   1.200000E+02  -1.692317E+00
  7.535000000001E+00   3.795921E+00   8.700020E-01   6.528192E+01  -5.176712E-17  -3.979963E-15  -2.986425E-13   1.200000E+02  -1.684780E+00
  7.540000000001E+00   3.800087E+00   7.982732E-01   6.524287E+01  -7.165160E-17  -3.881537E-15  -3.172380E-13   1.200000E+02  -1.671644E+00
  7.545000000001E+00   3.803931E+00   7.432524E-01   6.522935E+01  -9.001921E-17  -3.445879E-15  -3.024174E-13   1.200000E+02  -1.655045E+00
  7.550000000001E+00   3.807562E+00   7.144249E-01   6.524885E+01  -1.061660E-16  -3.180276E-15  -2.904565E-13   1.200000E+02  -1.637710E+00
  7.555000000001E+00   3.811124E+00   7.159501E-01   6.530144E+01  -1.209051E-16  -2.733673E-15  -2.493369E-13   1.200000E+02  -1.622468E+00
  7.560000000001E+00   3.814768E+00   7.463146E-01   6.537682E+01  -1.339034E-16  -2.301451E-15  -2.016060E-13   1.200000E+02  -1.611760E+00
  7.565000000001E+00   3.818624E+00   7.992152E-01   6.545757E+01  -1.442102E-16  -2.029492E-15  -1.662201E-13   1.200000E+02  -1.607234E+00
  7.570000000001E+00   3.822781E+00   8.651232E-01   6.552616E+01  -1.546642E-16  -2.245124E-15  -1.700502E-13   1.200000E+02  -1.609491E+00
  7.575000000001E+00   3.827278E+00   9.331082E-01   6.557054E+01  -1.656619E-16  -1.896803E-15  -1.332905E-13   1.200000E+02  -1.618006E+00
  7.580000000001E+00   3.832098E+00   9.926734E-01   6.558605E+01  -1.744749E-16  -1.660146E-15  -1.096860E-13   1.200000E+02  -1.631245E+00
  7.585000000001E+00   3.837178E+00   1.035359E+00   6.557437E+01  -1.811882E-16  -1.024213E-15  -6.486844E-14   1.200000E+02  -1.646958E+00
  7.590000000001E+00   3.842416E+00   1.055858E+00   6.554128E+01  -1.833026E-16   3.842114E-16   2.384952E-14   1.200000E+02  -1.662613E+00
  7.595000000001E+00   3.847698E+00   1.052473E+00   6.549434E+01  -1.757081E-16   2.613762E-15   1.626519E-13   1.200000E+02  -1.675840E+00
  7.600000000001E+00   3.852905E+00   1.026894E+00   6.544098E+01  -1.585443E-16   4.279210E-15   2.727015E-13   1.200000E+02  -1.684812E+00
  7.605000000001E+00   3.857938E+00   9.834889E-01   6.538744E+01  -1.333093E-16   5.901309E-15   3.923496E-13   1.200000E+02  -1.688453E+00
  7.610000000001E+00   3.862721E+00   9.283311E-01   6.533858E+01  -1.019260E-16   6.485938E-15   4.564987E-13   1.200000E+02  -1.686479E+00
  7.615000000001E+00   3.867214E+00   8.682589E-01   6.529815E+01  -6.883346E-17   6.658010E-15   5.007213E-13   1.200000E+02  -1.679304E+00
  7.620000000001E+00   3.871407E+00   8.101136E-01   6.526946E+01  -3.843714E-17   5.387982E-15   4.341005E-13   1.200000E+02  -1.667886E+00
  7.625000000001E+00   3.875328E+00   7.602196E-01   6.525593E+01  -1.579315E-17   3.665996E-15   3.146827E-13   1.200000E+02  -1.653563E+00
  7.630000000001E+00   3.879031E+00   7.240508E-01   6.526100E+01  -2.432251E-18   1.835704E-15   1.654578E-13   1.200000E+02  -1.637921E+00
  7.635000000001E+00   3.882598E+00   7.059760E-01   6.528726E+01   1.294928E-18  -2.064254E-16  -1.908981E-14   1.200000E+02  -1.622683E+00
  7.640000000001E+00   3.886125E+00   7.089852E-01   6.533469E+01  -3.668618E-18  -1.894398E-15  -1.745734E-13   1.200000E+02  -1.609607E+00
  7.645000000001E+00   3.889723E+00   7.343353E-01   6.539905E+01  -1.671743E-17  -3.192340E-15  -2.843061E-13   1.200000E+02  -1.600370E+00
  7.650000000001E+00   3.893503E+00   7.811018E-01   6.547146E+01  -3.564689E-17  -4.172905E-15  -3.497703E-13   1.200000E+02  -1.596407E+00
  7.655000000001E+00   3.897563E+00   8.456994E-01   6.554009E+01  -5.794567E-17  -4.636141E-15  -3.592920E-13   1.200000E+02  -1.598713E+00
  7.660000000001E+00   3.901978E+00   9.215541E-01   6.559307E+01  -8.145466E-17  -4.722461E-15  -3.361286E-13   1.200000E+02  -1.607605E+00
  7.665000000001E+00   3.906782E+00   9.992098E-01   6.562135E+01  -1.034565E-16  -4.150020E-15  -2.725453E-13   1.200000E+02  -1.622499E+00
  7.670000000001E+00   3.911955E+00   1.067138E+00   6.562054E+01  -1.241848E-16  -4.062417E-15  -2.498064E-13   1.200000E+02  -1.641786E+00
  7.675000000001E+00   3.917418E+00   1.113342E+00   6.559124E+01  -1.432524E-16  -3.543689E-15  -2.087723E-13   1.200000E+02  -1.662897E+00
  7.680000000001E+00   3.923037E+00   1.127576E+00   6.553805E+01  -1.584037E-16  -2.792656E-15  -1.623174E-13   1.200000E+02  -1.682616E+00
  7.685000000001E+00   3.928633E+00   1.103754E+00   6.546781E+01  -1.710103E-16  -2.182674E-15  -1.294626E-13   1.200000E+02  -1.697617E+00
  7.690000000001E+00   3.934013E+00   1.041941E+00   6.538767E+01  -1.807257E-16  -1.776340E-15  -1.114753E-13   1.200000E+02  -1.705100E+00
  7.695000000001E+00   3.939002E+00   9.493432E-01   6.530411E+01  -1.864973E-16  -7.418540E-16  -5.103120E-14   1.200000E+02  -1.703354E+00
  7.700000000001E+00   3.943479E+00   8.397980E-01   6.522368E+01  -1.878697E-16   3.143604E-16   2.441508E-14   1.200000E+02  -1.692114E+00
  7.705000000001E+00   3.947402E+00   7.315652E-01   6.515572E+01  -1.829647E-16   1.555580E-15   1.385453E-13   1.200000E+02  -1.672662E+00
  7.710000000001E+00   3.950827E+00   6.436181E-01   6.511566E+01  -1.728998E-16   2.401563E-15   2.429692E-13   1.200000E+02  -1.647660E+00
  7.715000000001E+00   3.953896E+00   5.913049E-01   6.512349E+01  -1.589954E-16   3.103857E-15   3.418439E-13   1.200000E+02  -1.620756E+00
  7.720000000001E+00   3.956811E+00   5.829216E-01   6.519191E+01  -1.417682E-16   3.701120E-15   4.139203E-13   1.200000E+02  -1.595985E+00
  7.725000000001E+00   3.959796E+00   6.185843E-01   6.531152E+01  -1.227854E-16   3.823819E-15   4.037274E-13   1.200000E+02  -1.577105E+00
  7.730000000001E+00   3.963056E+00   6.912553E-01   6.545169E+01  -1.027740E-16   4.238959E-15   4.013669E-13   1.200000E+02  -1.566989E+00
  7.735000000001E+00   3.966748E+00   7.886101E-01   6.557756E+01  -8.147616E-17   4.033182E-15   3.353828E-13   1.200000E+02  -1.567176E+00
  7.740000000001E+00   3.970957E+00   8.950885E-01   6.566462E+01  -6.222081E-17   3.144854E-15   2.307098E-13   1.200000E+02  -1.577590E+00
  7.745000000001E+00   3.975687E+00   9.942711E-01   6.570280E+01  -4.974129E-17   1.448441E-15   9.571496E-14   1.200000E+02  -1.596499E+00
  7.750000000001E+00   3.980865E+00   1.071535E+00   6.569415E+01  -4.906617E-17  -1.288225E-15  -7.897910E-14   1.200000E+02  -1.620777E+00
  7.755000000001E+00   3.986351E+00   1.116492E+00   6.564841E+01  -6.314217E-17  -4.333765E-15  -2.548202E-13   1.200000E+02  -1.646471E+00
  7.760000000001E+00   3.991970E+00   1.124601E+00   6.557869E+01  -8.888766E-17  -5.878823E-15  -3.428108E-13   1.200000E+02  -1.669593E+00
  7.765000000001E+00   3.997540E+00   1.097543E+00   6.549797E+01  -1.219183E-16  -7.104650E-15  -4.239833E-13   1.200000E+02  -1.686886E+00
  7.770000000001E+00   4.002900E+00   1.042329E+00   6.541701E+01  -1.569445E-16  -6.592243E-15  -4.137319E-13   1.200000E+02  -1.696360E+00
  7.775000000001E+00   4.007935E+00   9.694181E-01   6.534373E+01  -1.874441E-16  -5.671611E-15  -3.822955E-13   1.200000E+02  -1.697463E+00
  7.780000000001E+00   4.012585E+00   8.903643E-01   6.528381E+01  -2.132281E-16  -4.400158E-15  -3.226309E-13   1.200000E+02  -1.690908E+00
  7.785000000001E+00   4.016846E+00   8.155745E-01   6.524140E+01  -2.303211E-16  -2.587738E-15  -2.070046E-13   1.200000E+02  -1.678294E+00
  7.790000000001E+00   4.020760E+00   7.527257E-01   6.521955E+01  -2.390807E-16  -9.176105E-16  -7.950591E-14   1.200000E+02  -1.661667E+00
  7.795000000001E+00   4.024399E+00   7.061720E-01   6.521969E+01  -2.401053E-16   4.438573E-16   4.099318E-14   1.200000E+02  -1.643140E+00
  7.800000000001E+00   4.027850E+00   6.773504E-01   6.524109E+01  -2.347380E-16   1.752194E-15   1.687680E-13   1.200000E+02  -1.624622E+00
  7.805000000001E+00   4.031200E+00   6.658528E-01   6.528081E+01  -2.252448E-16   1.869957E-15   1.833323E-13   1.200000E+02  -1.607686E+00
  7.810000000001E+00   4.034535E+00   6.706242E-01   6.533449E+01  -2.165494E-16   1.746854E-15   1.701845E-13   1.200000E+02  -1.593564E+00
  7.815000000001E+00   4.037931E+00   6.907767E-01   6.539721E+01  -2.088840E-16   1.499290E-15   1.419407E-13   1.200000E+02  -1.583220E+00
  7.820000000001E+00   4.041466E+00   7.257320E-01   6.546379E+01  -2.018024E-16   1.459851E-15   1.316841E-13   1.200000E+02  -1.577431E+00
  7.825000000001E+00   4.045211E+00   7.746935E-01   6.552848E+01  -1.931785E-16   1.986636E-15   1.680423E-13   1.200000E+02  -1.576823E+00
  7.830000000001E+00   4.049232E+00   8.357011E-01   6.558474E+01  -1.819305E-16   2.449298E-15   1.922177E-13   1.200000E+02  -1.581803E+00
  7.835000000001E+00   4.053581E+00   9.046734E-01   6.562575E+01  -1.686006E-16   2.694990E-15   1.954968E-13   1.200000E+02  -1.592396E+00
  7.840000000001E+00   4.058281E+00   9.748800E-01   6.564565E+01  -1.564369E-16   2.338102E-15   1.574412E-13   1.200000E+02  -1.608034E+00
  7.845000000001E+00   4.063317E+00   1.037207E+00   6.564099E+01  -1.458704E-16   1.670437E-15   1.057158E-13   1.200000E+02  -1.627381E+00
  7.850000000001E+00   4.068624E+00   1.081364E+00   6.561168E+01  -1.389982E-16   9.720195E-16   5.897721E-14   1.200000E+02  -1.648294E+00
  7.855000000001E+00   4.074087E+00   1.097900E+00   6.556087E+01  -1.337165E-16   9.558891E-16   5.708070E-14   1.200000E+02  -1.668012E+00
  7.860000000001E+00   4.079549E+00   1.080590E+00   6.549400E+01  -1.304151E-16   4.479918E-16   2.715256E-14   1.200000E+02  -1.683576E+00
  7.865000000001E+00   4.084836E+00   1.028562E+00   6.541743E+01  -1.290244E-16   3.611853E-18   2.297170E-16   1.200000E+02  -1.692382E+00
  7.870000000001E+00   4.089787E+00   9.475062E-01   6.533747E+01  -1.296654E-16  -7.120547E-16  -4.910137E-14   1.200000E+02  -1.692733E+00
  7.875000000001E+00   4.094284E+00   8.494127E-01   6.526077E+01  -1.328881E-16  -7.839540E-16  -6.023154E-14   1.200000E+02  -1.684224E+00
  7.880000000001E+00   4.098280E+00   7.506154E-01   6.519626E+01  -1.362708E-16  -4.967263E-16  -4.314419E-14   1.200000E+02  -1.667879E+00
  7.885000000001E+00   4.101817E+00   6.683650E-01   6.515729E+01  -1.371641E-16   1.219655E-16   1.189012E-14   1.200000E+02  -1.646030E+00
  7.890000000001E+00   4.105014E+00   6.167784E-01   6.516003E+01  -1.362918E-16   2.887266E-16   3.050275E-14   1.200000E+02  -1.621945E+00
  7.895000000001E+00   4.108046E+00   6.035593E-01   6.521444E+01  -1.335530E-16   5.819777E-16   6.288255E-14   1.200000E+02  -1.599265E+00
  7.900000000001E+00   4.111111E+00   6.287395E-01   6.531303E+01  -1.303568E-16   5.563932E-16   5.779775E-14   1.200000E+02  -1.581362E+00
  7.905000000001E+00   4.114385E+00   6.854980E-01   6.543116E+01  -1.266718E-16   9.393732E-16   8.966367E-14   1.200000E+02  -1.570761E+00
  7.910000000001E+00   4.117998E+00   7.621023E-01   6.553962E+01  -1.203922E-16   1.457740E-15   1.253633E-13   1.200000E+02  -1.568720E+00
  7.915000000001E+00   4.122015E+00   8.442683E-01   6.561699E+01  -1.144095E-16   1.016766E-15   7.902363E-14   1.200000E+02  -1.575030E+00
  7.920000000001E+00   4.126427E+00   9.177758E-01   6.565393E+01  -1.104986E-16   2.410846E-16   1.724621E-14   1.200000E+02  -1.588062E+00
  7.925000000001E+00   4.131160E+00   9.710952E-01   6.565163E+01  -1.109482E-16  -6.301523E-16  -4.260192E-14   1.200000E+02  -1.605103E+00
  7.930000000001E+00   4.136094E+00   9.974935E-01   6.561823E+01  -1.152395E-16  -1.091896E-15  -7.182834E-14   1.200000E+02  -1.622943E+00
  7.935000000001E+00   4.141090E+00   9.960646E-01   6.556505E+01  -1.208111E-16  -1.022149E-15  -6.728203E-14   1.200000E+02  -1.638566E+00
  7.940000000001E+00   4.146017E+00   9.713964E-01   6.550384E+01  -1.253368E-16  -8.568705E-16  -5.778106E-14   1.200000E+02  -1.649766E+00
  7.945000000001E+00   4.150780E+00   9.319714E-01   6.544505E+01  -1.285052E-16  -7.433215E-16  -5.219764E-14   1.200000E+02  -1.655501E+00
  7.950000000001E+00   4.155329E+00   8.877575E-01   6.539701E+01  -1.335050E-16  -9.397415E-16  -6.922643E-14   1.200000E+02  -1.655919E+00
  7.955000000001E+00   4.159664E+00   8.476634E-01   6.536532E+01  -1.360296E-16  -5.239112E-16  -4.040003E-14   1.200000E+02  -1.652096E+00
  7.960000000001E+00   4.163822E+00   8.175726E-01   6.535213E+01  -1.370311E-16   1.904275E-16   1.522170E-14   1.200000E+02  -1.645609E+00
  7.965000000001E+00   4.167860E+00   7.994708E-01   6.535559E+01  -1.343186E-16   9.551652E-16   7.808339E-14   1.200000E+02  -1.638081E+00
  7.970000000001E+00   4.171834E+00   7.918048E-01   6.537045E+01  -1.277677E-16   1.843709E-15   1.522144E-13   1.200000E+02  -1.630810E+00
  7.975000000001E+00   4.175788E+00   7.908009E-01   6.538995E+01  -1.174663E-16   2.343045E-15   1.937423E-13   1.200000E+02  -1.624563E+00
  7.980000000001E+00   4.179746E+00   7.922136E-01   6.540824E+01  -1.067520E-16   2.006644E-15   1.656763E-13   1.200000E+02  -1.619562E+00
  7.985000000001E+00   4.183709E+00   7.929254E-01   6.542216E+01  -9.646181E-17   2.007638E-15   1.656449E-13   1.200000E+02  -1.615624E+00
  7.990000000001E+00   4.187672E+00   7.919262E-01   6.543164E+01  -8.912180E-17   1.280618E-15   1.058090E-13   1.200000E+02  -1.612401E+00
  7.995000000001E+00   4.191628E+00   7.904148E-01   6.543898E+01  -8.256750E-17   1.690137E-15   1.399276E-13   1.200000E+02  -1.609633E+00
  8.000000000001E+00   4.195580E+00   7.910479E-01   6.544746E+01  -7.519896E-17   8.344486E-16   6.903822E-14   1.200000E+02  -1.607308E+00
  8.005000000001E+00   4.199546E+00   7.966354E-01   6.545954E+01  -7.502741E-17  -7.540298E-16  -6.195864E-14   1.200000E+02  -1.605702E+00
  8.010000000001E+00   4.203557E+00   8.087653E-01   6.547550E+01  -8.109809E-17  -1.317506E-15  -1.066618E-13   1.200000E+02  -1.605265E+00
  8.015000000001E+00   4.207643E+00   8.268505E-01   6.549290E+01  -9.078186E-17  -2.347122E-15  -1.859101E-13   1.200000E+02  -1.606419E+00
  8.020000000001E+00   4.211830E+00   8.479294E-01   6.550743E+01  -1.034630E-16  -3.044761E-15  -2.352253E-13   1.200000E+02  -1.609327E+00
  8.025000000001E+00   4.216120E+00   8.673063E-01   6.551452E+01  -1.203164E-16  -3.755779E-15  -2.837037E-13   1.200000E+02  -1.613729E+00
  8.030000000001E+00   4.220492E+00   8.798586E-01   6.551113E+01  -1.395146E-16  -4.199956E-15  -3.127138E-13   1.200000E+02  -1.618912E+00
  8.035000000001E+00   4.224901E+00   8.816359E-01   6.549675E+01  -1.622038E-16  -4.641319E-15  -3.448037E-13   1.200000E+02  -1.623832E+00
  8.040000000001E+00   4.229289E+00   8.712641E-01   6.547364E+01  -1.846440E-16  -4.287225E-15  -3.221758E-13   1.200000E+02  -1.627376E+00
  8.045000000001E+00   4.233597E+00   8.506787E-01   6.544636E+01  -2.055949E-16  -3.778049E-15  -2.906615E-13   1.200000E+02  -1.628681E+00
  8.050000000001E+00   4.237787E+00   8.248773E-01   6.542103E+01  -2.211196E-16  -2.397779E-15  -1.901678E-13   1.200000E+02  -1.627404E+00
  8.055000000001E+00   4.241849E+00   8.006725E-01   6.540418E+01  -2.307354E-16  -1.372929E-15  -1.121498E-13   1.200000E+02  -1.623864E+00
  8.060000000001E+00   4.245807E+00   7.847706E-01   6.540107E+01  -2.341370E-16   2.229384E-16   1.857920E-14   1.200000E+02  -1.618991E+00
  8.065000000001E+00   4.249717E+00   7.817677E-01   6.541360E+01  -2.290340E-16   1.596731E-15   1.336048E-13   1.200000E+02  -1.614102E+00
  8.070000000001E+00   4.253647E+00   7.926998E-01   6.543874E+01  -2.174174E-16   3.001161E-15   2.477511E-13   1.200000E+02  -1.610542E+00
  8.075000000001E+00   4.257662E+00   8.145892E-01   6.546897E+01  -2.012410E-16   3.582761E-15   2.879484E-13   1.200000E+02  -1.609312E+00
  8.080000000001E+00   4.261801E+00   8.410998E-01   6.549491E+01  -1.816574E-16   4.207572E-15   3.276360E-13   1.200000E+02  -1.610761E+00
  8.085000000001E+00   4.266067E+00   8.641292E-01   6.550864E+01  -1.592585E-16   4.603671E-15   3.489990E-13   1.200000E+02  -1.614442E+00
  8.090000000001E+00   4.270424E+00   8.759616E-01   6.550595E+01  -1.356220E-16   4.980564E-15   3.724553E-13   1.200000E+02  -1.619190E+00
  8.095000000001E+00   4.274801E+00   8.714567E-01   6.548701E+01  -1.098826E-16   5.336214E-15   4.009984E-13   1.200000E+02  -1.623407E+00
  8.100000000001E+00   4.279111E+00   8.496837E-01   6.545579E+01  -8.502774E-17   4.674433E-15   3.600972E-13   1.200000E+02  -1.625498E+00
  8.105000000001E+00   4.283276E+00   8.144882E-01   6.541906E+01  -6.335726E-17   3.792585E-15   3.046175E-13   1.200000E+02  -1.624327E+00
  8.110000000001E+00   4.287246E+00   7.737248E-01   6.538556E+01  -4.587806E-17   3.145206E-15   2.657935E-13   1.200000E+02  -1.619567E+00
  8.115000000001E+00   4.291020E+00   7.372714E-01   6.536487E+01  -3.286001E-17   2.093582E-15   1.856124E-13   1.200000E+02  -1.611834E+00
  8.120000000001E+00   4.294641E+00   7.143655E-01   6.536530E+01  -2.605393E-17   9.001808E-16   8.236762E-14   1.200000E+02  -1.602565E+00
  8.125000000001E+00   4.298195E+00   7.110915E-01   6.539033E+01  -2.500324E-17  -5.043415E-16  -4.637807E-14   1.200000E+02  -1.593687E+00
  8.130000000001E+00   4.301786E+00   7.288037E-01   6.543563E+01  -3.040375E-17  -1.677599E-15  -1.506232E-13   1.200000E+02  -1.587148E+00
  8.135000000001E+00   4.305511E+00   7.638637E-01   6.548970E+01  -4.161480E-17  -2.824125E-15  -2.421258E-13   1.200000E+02  -1.584443E+00
  8.140000000001E+00   4.309440E+00   8.086032E-01   6.553836E+01  -5.844538E-17  -3.927520E-15  -3.183307E-13   1.200000E+02  -1.586249E+00
  8.145000000001E+00   4.313597E+00   8.531762E-01   6.557002E+01  -8.292932E-17  -5.546237E-15  -4.262506E-13   1.200000E+02  -1.592236E+00
  8.150000000001E+00   4.317956E+00   8.878843E-01   6.557881E+01  -1.109088E-16  -5.533531E-15  -4.087045E-13   1.200000E+02  -1.601130E+00
  8.155000000001E+00   4.322448E+00   9.054765E-01   6.556489E+01  -1.389642E-16  -5.517174E-15  -3.994946E-13   1.200000E+02  -1.611008E+00
  8.160000000001E+00   4.326978E+00   9.028631E-01   6.553306E+01  -1.643179E-16  -4.115818E-15  -2.987409E-13   1.200000E+02  -1.619771E+00
  8.165000000001E+00   4.331447E+00   8.817685E-01   6.549084E+01  -1.801064E-16  -1.888540E-15  -1.402659E-13   1.200000E+02  -1.625660E+00
  8.170000000001E+00   4.335776E+00   8.481065E-01   6.544683E+01  -1.817493E-16   5.627886E-16   4.342936E-14   1.200000E+02  -1.627663E+00
  8.175000000001E+00   4.339921E+00   8.102303E-01   6.540948E+01  -1.731266E-16   2.886446E-15   2.330214E-13   1.200000E+02  -1.625698E+00
  8.180000000001E+00   4.343885E+00   7.765629E-01   6.538583E+01  -1.547363E-16   4.306703E-15   3.626202E-13   1.200000E+02  -1.620545E+00
  8.185000000001E+00   4.347704E+00   7.533370E-01   6.537987E+01  -1.314391E-16   4.979093E-15   4.321206E-13   1.200000E+02  -1.613550E+00
  8.190000000001E+00   4.351439E+00   7.431381E-01   6.539106E+01  -1.074435E-16   4.197274E-15   3.693313E-13   1.200000E+02  -1.606229E+00
  8.195000000001E+00   4.355154E+00   7.446505E-01   6.541411E+01  -9.013592E-17   2.641340E-15   2.320295E-13   1.200000E+02  -1.599865E+00
  8.200000000001E+00   4.358898E+00   7.535697E-01   6.544093E+01  -7.936028E-17   2.021455E-15   1.755457E-13   1.200000E+02  -1.595223E+00
  8.205000000001E+00   4.362693E+00   7.642994E-01   6.546376E+01  -7.081421E-17   9.416906E-16   8.065767E-14   1.200000E+02  -1.592432E+00
  8.210000000001E+00   4.366535E+00   7.718826E-01   6.547775E+01  -7.157388E-17  -1.026890E-15  -8.710965E-14   1.200000E+02  -1.591071E+00
  8.215000000001E+00   4.370402E+00   7.736078E-01   6.548208E+01  -7.891989E-17  -2.141508E-15  -1.812681E-13   1.200000E+02  -1.590413E+00
  8.220000000001E+00   4.374263E+00   7.698239E-01   6.547959E+01  -9.022853E-17  -2.060766E-15  -1.752844E-13   1.200000E+02  -1.589744E+00
  8.225000000001E+00   4.378096E+00   7.637124E-01   6.547552E+01  -1.007264E-16  -2.025088E-15  -1.736173E-13   1.200000E+02  -1.588663E+00
  8.230000000001E+00   4.381904E+00   7.600761E-01   6.547562E+01  -1.091095E-16  -1.419803E-15  -1.223068E-13   1.200000E+02  -1.587250E+00
  8.235000000001E+00   4.385709E+00   7.635339E-01   6.548395E+01  -1.148953E-16  -5.933585E-16  -5.088897E-14   1.200000E+02  -1.586053E+00
  8.240000000001E+00   4.389555E+00   7.767187E-01   6.550092E+01  -1.163653E-16   2.307601E-16   1.946007E-14   1.200000E+02  -1.585892E+00
  8.245000000001E+00   4.393491E+00   7.990659E-01   6.552266E+01  -1.121112E-16   9.999425E-16   8.199435E-14   1.200000E+02  -1.587549E+00
  8.250000000001E+00   4.397554E+00   8.265719E-01   6.554227E+01  -1.069756E-16   1.376581E-15   1.091547E-13   1.200000E+02  -1.591431E+00
  8.255000000001E+00   4.401754E+00   8.526056E-01   6.555249E+01  -1.002597E-16   1.065182E-15   8.189643E-14   1.200000E+02  -1.597329E+00
  8.260000000001E+00   4.406065E+00   8.695847E-01   6.554818E+01  -9.711783E-17  -2.049279E-17  -1.544721E-15   1.200000E+02  -1.604336E+00
  8.265000000001E+00   4.410425E+00   8.711047E-01   6.552777E+01  -9.967142E-17  -1.219582E-15  -9.174158E-14   1.200000E+02  -1.610998E+00
  8.270000000001E+00   4.414746E+00   8.539554E-01   6.549328E+01  -1.092039E-16  -2.685191E-15  -2.059381E-13   1.200000E+02  -1.615643E+00
  8.275000000001E+00   4.418936E+00   8.194271E-01   6.544973E+01  -1.242270E-16  -3.526455E-15  -2.816669E-13   1.200000E+02  -1.616827E+00
  8.280000000001E+00   4.422922E+00   7.734406E-01   6.540448E+01  -1.415414E-16  -3.383909E-15  -2.861536E-13   1.200000E+02  -1.613752E+00
  8.285000000001E+00   4.426667E+00   7.253305E-01   6.536677E+01  -1.581051E-16  -3.096435E-15  -2.790507E-13   1.200000E+02  -1.606533E+00
  8.290000000001E+00   4.430189E+00   6.855278E-01   6.534674E+01  -1.708576E-16  -1.954921E-15  -1.863494E-13   1.200000E+02  -1.596233E+00
  8.295000000001E+00   4.433550E+00   6.628107E-01   6.535276E+01  -1.781824E-16  -7.699427E-16  -7.591591E-14   1.200000E+02  -1.584660E+00
  8.300000000001E+00   4.436852E+00   6.620202E-01   6.538709E+01  -1.785523E-16   5.593769E-16   5.524911E-14   1.200000E+02  -1.573961E+00
  8.305000000001E+00   4.440206E+00   6.829475E-01   6.544288E+01  -1.720297E-16   2.077534E-15   1.990779E-13   1.200000E+02  -1.566147E+00
  8.310000000001E+00   4.443709E+00   7.205736E-01   6.550599E+01  -1.577064E-16   3.538508E-15   3.216791E-13   1.200000E+02  -1.562640E+00
  8.315000000001E+00   4.447424E+00   7.663889E-01   6.556080E+01  -1.373977E-16   4.480084E-15   3.832491E-13   1.200000E+02  -1.563958E+00
  8.320000000001E+00   4.451369E+00   8.103961E-01   6.559570E+01  -1.136838E-16   4.726068E-15   3.825410E-13   1.200000E+02  -1.569595E+00
  8.325000000001E+00   4.455511E+00   8.433922E-01   6.560566E+01  -9.210298E-17   3.907976E-15   3.039930E-13   1.200000E+02  -1.578147E+00
  8.330000000001E+00   4.459775E+00   8.590558E-01   6.559185E+01  -7.450769E-17   2.557746E-15   1.952926E-13   1.200000E+02  -1.587641E+00
  8.335000000001E+00   4.464070E+00   8.553291E-01   6.555988E+01  -6.871993E-17  -1.302981E-16  -9.987187E-15   1.200000E+02  -1.596023E+00
  8.340000000001E+00   4.468301E+00   8.347083E-01   6.551783E+01  -7.692126E-17  -2.968847E-15  -2.330304E-13   1.200000E+02  -1.601640E+00
  8.345000000001E+00   4.472400E+00   8.033396E-01   6.547456E+01  -9.759998E-17  -5.011929E-15  -4.084871E-13   1.200000E+02  -1.603599E+00
  8.350000000001E+00   4.476330E+00   7.691710E-01   6.543846E+01  -1.252835E-16  -5.859772E-15  -4.985295E-13   1.200000E+02  -1.601902E+00
  8.355000000001E+00   4.480099E+00   7.397121E-01   6.541613E+01  -1.526189E-16  -4.829426E-15  -4.270883E-13   1.200000E+02  -1.597330E+00
  8.360000000001E+00   4.483743E+00   7.200911E-01   6.541083E+01  -1.749251E-16  -4.086306E-15  -3.711873E-13   1.200000E+02  -1.591145E+00
  8.365000000001E+00   4.487319E+00   7.119918E-01   6.542132E+01  -1.906495E-16  -1.863136E-15  -1.711941E-13   1.200000E+02  -1.584706E+00
  8.370000000001E+00   4.490879E+00   7.137229E-01   6.544217E+01  -1.938379E-16   3.222243E-16   2.954516E-14   1.200000E+02  -1.579122E+00
  8.375000000001E+00   4.494465E+00   7.212754E-01   6.546590E+01  -1.862067E-16   2.577212E-15   2.339182E-13   1.200000E+02  -1.575013E+00
  8.380000000001E+00   4.498094E+00   7.299436E-01   6.548585E+01  -1.679829E-16   4.724073E-15   4.238135E-13   1.200000E+02  -1.572453E+00
  8.385000000001E+00   4.501760E+00   7.359820E-01   6.549832E+01  -1.416183E-16   5.799435E-15   5.161176E-13   1.200000E+02  -1.571079E+00
  8.390000000001E+00   4.505447E+00   7.378073E-01   6.550320E+01  -1.113283E-16   6.013000E-15   5.338396E-13   1.200000E+02  -1.570324E+00
  8.395000000001E+00   4.509133E+00   7.363910E-01   6.550345E+01  -8.391033E-17   4.986108E-15   4.435243E-13   1.200000E+02  -1.569693E+00
  8.400000000001E+00   4.512810E+00   7.347264E-01   6.550363E+01  -6.282371E-17   3.236422E-15   2.885392E-13   1.200000E+02  -1.568983E+00
  8.405000000001E+00   4.516486E+00   7.365540E-01   6.550803E+01  -5.331266E-17   3.307159E-16   2.941339E-14   1.200000E+02  -1.568375E+00
  8.410000000001E+00   4.520186E+00   7.447799E-01   6.551874E+01  -5.850920E-17  -2.304789E-15  -2.027537E-13   1.200000E+02  -1.568359E+00
  8.415000000001E+00   4.523945E+00   7.601316E-01   6.553445E+01  -7.454484E-17  -4.129185E-15  -3.559960E-13   1.200000E+02  -1.569531E+00
  8.420000000001E+00   4.527796E+00   7.805018E-01   6.555061E+01  -9.895671E-17  -5.429174E-15  -4.559703E-13   1.200000E+02  -1.572313E+00
  8.425000000001E+00   4.531751E+00   8.012063E-01   6.556118E+01  -1.284356E-16  -6.176137E-15  -5.053815E-13   1.200000E+02  -1.576705E+00
  8.430000000001E+00   4.535798E+00   8.161127E-01   6.556082E+01  -1.554168E-16  -4.502017E-15  -3.616607E-13   1.200000E+02  -1.582151E+00
  8.435000000001E+00   4.539893E+00   8.193640E-01   6.554665E+01  -1.731790E-16  -2.317030E-15  -1.853554E-13   1.200000E+02  -1.587575E+00
  8.440000000001E+00   4.543967E+00   8.072348E-01   6.551898E+01  -1.786199E-16   2.658242E-16   2.157555E-14   1.200000E+02  -1.591602E+00
  8.445000000001E+00   4.547941E+00   7.795788E-01   6.548117E+01  -1.722657E-16   2.340785E-15   1.966156E-13   1.200000E+02  -1.592913E+00
  8.450000000001E+00   4.551744E+00   7.403729E-01   6.543922E+01  -1.566465E-16   3.902161E-15   3.448997E-13   1.200000E+02  -1.590623E+00
  8.455000000001E+00   4.555338E+00   6.970753E-01   6.540140E+01  -1.357701E-16   4.157600E-15   3.900767E-13   1.200000E+02  -1.584584E+00
  8.460000000001E+00   4.558723E+00   6.588660E-01   6.537741E+01  -1.165221E-16   3.430539E-15   3.404027E-13   1.200000E+02  -1.575497E+00
  8.465000000001E+00   4.561948E+00   6.342429E-01   6.537628E+01  -1.020991E-16   2.019878E-15   2.082043E-13   1.200000E+02  -1.564811E+00
  8.470000000001E+00   4.565096E+00   6.287488E-01   6.540238E+01  -9.712055E-17   4.705092E-16   4.894232E-14   1.200000E+02  -1.554420E+00
  8.475000000001E+00   4.568268E+00   6.435693E-01   6.545187E+01  -9.695450E-17  -4.941820E-16  -5.025897E-14   1.200000E+02  -1.546239E+00
  8.480000000001E+00   4.571559E+00   6.753395E-01   6.551295E+01  -1.002702E-16  -7.897692E-16  -7.661348E-14   1.200000E+02  -1.541771E+00
  8.485000000001E+00   4.575038E+00   7.170350E-01   6.557047E+01  -1.053953E-16  -1.352570E-15  -1.236880E-13   1.200000E+02  -1.541767E+00
  8.490000000001E+00   4.578731E+00   7.596268E-01   6.561167E+01  -1.112141E-16  -8.470694E-16  -7.316440E-14   1.200000E+02  -1.546047E+00
  8.495000000001E+00   4.582621E+00   7.941484E-01   6.562950E+01  -1.135593E-16  -1.932297E-17  -1.596877E-15   1.200000E+02  -1.553537E+00
  8.500000000001E+00   4.586649E+00   8.137606E-01   6.562316E+01  -1.098829E-16   1.394964E-15   1.124925E-13   1.200000E+02  -1.562515E+00
  8.505000000001E+00   4.590730E+00   8.153246E-01   6.559677E+01  -1.007372E-16   2.421068E-15   1.947865E-13   1.200000E+02  -1.571028E+00
  8.510000000001E+00   4.594775E+00   8.000418E-01   6.555761E+01  -8.344944E-17   3.941874E-15   3.230079E-13   1.200000E+02  -1.577362E+00
  8.515000000001E+00   4.598711E+00   7.729467E-01   6.551434E+01  -6.444176E-17   3.778072E-15   3.202264E-13   1.200000E+02  -1.580434E+00
  8.520000000001E+00   4.602497E+00   7.413635E-01   6.547574E+01  -4.796524E-17   2.860344E-15   2.526198E-13   1.200000E+02  -1.579997E+00
  8.525000000001E+00   4.606129E+00   7.127758E-01   6.544924E+01  -3.850917E-17   8.211443E-16   7.539997E-14   1.200000E+02  -1.576604E+00
  8.530000000001E+00   4.609639E+00   6.927614E-01   6.543927E+01  -3.870571E-17  -1.105716E-15  -1.044476E-13   1.200000E+02  -1.571366E+00
  8.535000000001E+00   4.613075E+00   6.836359E-01   6.544570E+01  -4.786462E-17  -2.917450E-15  -2.792927E-13   1.200000E+02  -1.565586E+00
  8.540000000001E+00   4.616491E+00   6.841798E-01   6.546369E+01  -6.725843E-17  -4.320659E-15  -4.134092E-13   1.200000E+02  -1.560390E+00
  8.545000000001E+00   4.619926E+00   6.904376E-01   6.548550E+01  -8.987200E-17  -4.625123E-15  -4.386761E-13   1.200000E+02  -1.556448E+00
  8.550000000001E+00   4.623396E+00   6.972551E-01   6.550354E+01  -1.168761E-16  -5.774066E-15  -5.424440E-13   1.200000E+02  -1.553853E+00
  8.555000000001E+00   4.626892E+00   7.000648E-01   6.551292E+01  -1.453311E-16  -5.583835E-15  -5.225421E-13   1.200000E+02  -1.552189E+00
  8.560000000001E+00   4.630386E+00   6.964067E-01   6.551265E+01  -1.697802E-16  -4.195539E-15  -3.946844E-13   1.200000E+02  -1.550755E+00
  8.565000000001E+00   4.633846E+00   6.867414E-01   6.550549E+01  -1.853576E-16  -2.239891E-15  -2.136542E-13   1.200000E+02  -1.548866E+00
  8.570000000001E+00   4.637249E+00   6.742994E-01   6.549698E+01  -1.915376E-16  -4.582803E-16  -4.451432E-14   1.200000E+02  -1.546140E+00
  8.575000000001E+00   4.640592E+00   6.639952E-01   6.549368E+01  -1.902555E-16   1.288556E-15   1.270977E-13   1.200000E+02  -1.542677E+00
  8.580000000001E+00   4.643900E+00   6.607500E-01   6.550096E+01  -1.787750E-16   3.189385E-15   3.161676E-13   1.200000E+02  -1.539064E+00
  8.585000000001E+00   4.647217E+00   6.677782E-01   6.552057E+01  -1.590071E-16   4.612864E-15   4.526016E-13   1.200000E+02  -1.536211E+00
  8.590000000001E+00   4.650595E+00   6.853926E-01   6.554937E+01  -1.355111E-16   4.808743E-15   4.598971E-13   1.200000E+02  -1.535064E+00
  8.595000000001E+00   4.654083E+00   7.106719E-01   6.558008E+01  -1.128664E-16   3.973357E-15   3.666573E-13   1.200000E+02  -1.536288E+00
  8.600000000001E+00   4.657705E+00   7.380573E-01   6.560405E+01  -9.686162E-17   2.627028E-15   2.335098E-13   1.200000E+02  -1.540007E+00
  8.605000000001E+00   4.661456E+00   7.607107E-01   6.561425E+01  -8.534554E-17   1.730921E-15   1.492987E-13   1.200000E+02  -1.545682E+00
  8.610000000001E+00   4.665295E+00   7.723036E-01   6.560723E+01  -7.818514E-17   1.015021E-15   8.622609E-14   1.200000E+02  -1.552180E+00
  8.615000000001E+00   4.669155E+00   7.687827E-01   6.558348E+01  -7.494960E-17   9.685986E-17   8.262942E-15   1.200000E+02  -1.558020E+00
  8.620000000001E+00   4.672957E+00   7.496190E-01   6.554693E+01  -7.413979E-17   4.684812E-17   4.096415E-15   1.200000E+02  -1.561732E+00
  8.625000000001E+00   4.676631E+00   7.181393E-01   6.550403E+01  -7.310250E-17   1.684177E-16   1.536198E-14   1.200000E+02  -1.562250E+00
  8.630000000001E+00   4.680129E+00   6.807690E-01   6.546288E+01  -7.231264E-17  -2.110024E-17  -2.029004E-15   1.200000E+02  -1.559189E+00
  8.635000000001E+00   4.683442E+00   6.453462E-01   6.543226E+01  -7.313352E-17  -4.746241E-16  -4.812259E-14   1.200000E+02  -1.552952E+00
  8.640000000001E+00   4.686597E+00   6.189933E-01   6.541986E+01  -7.486762E-17  -3.207234E-16  -3.389646E-14   1.200000E+02  -1.544620E+00
  8.645000000001E+00   4.689654E+00   6.062299E-01   6.542952E+01  -7.744327E-17  -7.914308E-16  -8.541800E-14   1.200000E+02  -1.535673E+00
  8.650000000001E+00   4.692683E+00   6.079290E-01   6.545893E+01  -8.351586E-17  -1.552880E-15  -1.672068E-13   1.200000E+02  -1.527615E+00
  8.655000000001E+00   4.695752E+00   6.213703E-01   6.549981E+01  -9.193699E-17  -1.698076E-15  -1.789974E-13   1.200000E+02  -1.521618E+00
  8.660000000001E+00   4.698907E+00   6.412415E-01   6.554113E+01  -1.017972E-16  -2.184222E-15  -2.232488E-13   1.200000E+02  -1.518271E+00
  8.665000000001E+00   4.702164E+00   6.612178E-01   6.557319E+01  -1.155969E-16  -3.092703E-15  -3.067044E-13   1.200000E+02  -1.517483E+00
  8.670000000001E+00   4.705510E+00   6.756950E-01   6.559036E+01  -1.321566E-16  -3.411457E-15  -3.311534E-13   1.200000E+02  -1.518575E+00
  8.675000000001E+00   4.708907E+00   6.812555E-01   6.559182E+01  -1.477161E-16  -2.646476E-15  -2.548048E-13   1.200000E+02  -1.520509E+00
  8.680000000001E+00   4.712308E+00   6.774847E-01   6.558083E+01  -1.569631E-16  -9.674201E-16  -9.364671E-14   1.200000E+02  -1.522215E+00
  8.685000000001E+00   4.715671E+00   6.668973E-01   6.556345E+01  -1.587833E-16   3.203019E-16   3.148925E-14   1.200000E+02  -1.522898E+00
  8.690000000001E+00   4.718973E+00   6.539807E-01   6.554681E+01  -1.542802E-16   1.536497E-15   1.539992E-13   1.200000E+02  -1.522253E+00
  8.695000000001E+00   4.722215E+00   6.436484E-01   6.553731E+01  -1.435734E-16   2.574954E-15   2.621859E-13   1.200000E+02  -1.520506E+00
  8.700000000001E+00   4.725419E+00   6.396067E-01   6.553861E+01  -1.285064E-16   3.595857E-15   3.684568E-13   1.200000E+02  -1.518292E+00
  8.705000000001E+00   4.728623E+00   6.431611E-01   6.555020E+01  -1.074709E-16   4.653235E-15   4.742520E-13   1.200000E+02  -1.516401E+00
  8.710000000001E+00   4.731861E+00   6.528180E-01   6.556752E+01  -8.451072E-17   4.687036E-15   4.707550E-13   1.200000E+02  -1.515491E+00
  8.715000000001E+00   4.735155E+00   6.647554E-01   6.558374E+01  -6.228341E-17   4.259984E-15   4.202835E-13   1.200000E+02  -1.515845E+00
  8.720000000001E+00   4.738504E+00   6.739878E-01   6.559234E+01  -4.367653E-17   3.042505E-15   2.960959E-13   1.200000E+02  -1.517247E+00
  8.725000000001E+00   4.741883E+00   6.758858E-01   6.558916E+01  -3.418009E-17   8.691232E-16   8.434125E-14   1.200000E+02  -1.519020E+00
  8.730000000001E+00   4.745247E+00   6.676288E-01   6.557343E+01  -3.252867E-17  -2.796412E-16  -2.746591E-14   1.200000E+02  -1.520206E+00
  8.735000000001E+00   4.748543E+00   6.491680E-01   6.554770E+01  -3.698549E-17  -1.475293E-15  -1.489631E-13   1.200000E+02  -1.519846E+00
  8.740000000001E+00   4.751726E+00   6.233844E-01   6.551730E+01  -4.845099E-17  -2.959578E-15  -3.110497E-13   1.200000E+02  -1.517281E+00
  8.745000000001E+00   4.754773E+00   5.953481E-01   6.548946E+01  -6.436393E-17  -2.954699E-15  -3.250227E-13   1.200000E+02  -1.512354E+00
  8.750000000001E+00   4.757686E+00   5.708722E-01   6.547192E+01  -7.859623E-17  -2.655745E-15  -3.045808E-13   1.200000E+02  -1.505490E+00
  8.755000000001E+00   4.760495E+00   5.548218E-01   6.547076E+01  -8.995155E-17  -1.622083E-15  -1.914110E-13   1.200000E+02  -1.497582E+00
  8.760000000001E+00   4.763252E+00   5.497451E-01   6.548784E+01  -9.598000E-17  -7.187682E-16  -8.562256E-14   1.200000E+02  -1.489768E+00
  8.765000000001E+00   4.766010E+00   5.552593E-01   6.551945E+01  -9.728326E-17   3.215962E-16   3.794769E-14   1.200000E+02  -1.483124E+00
  8.770000000001E+00   4.768816E+00   5.683161E-01   6.555743E+01  -9.414140E-17   9.491614E-16   1.094894E-13   1.200000E+02  -1.478400E+00
  8.775000000001E+00   4.771698E+00   5.841783E-01   6.559233E+01  -8.881345E-17   1.005694E-15   1.129207E-13   1.200000E+02  -1.475845E+00
  8.780000000001E+00   4.774655E+00   5.977949E-01   6.561668E+01  -8.333515E-17   1.176273E-15   1.291131E-13   1.200000E+02  -1.475171E+00
  8.785000000001E+00   4.777665E+00   6.052131E-01   6.562686E+01  -7.879740E-17   5.495273E-16   5.958852E-14   1.200000E+02  -1.475671E+00
  8.790000000001E+00   4.780694E+00   6.046554E-01   6.562342E+01  -7.976475E-17  -9.609126E-16  -1.042881E-13   1.200000E+02  -1.476443E+00
  8.795000000001E+00   4.783700E+00   5.969480E-01   6.561038E+01  -8.698867E-17  -1.918650E-15  -2.108783E-13   1.200000E+02  -1.476663E+00
  8.800000000001E+00   4.786657E+00   5.851453E-01   6.559397E+01  -9.835727E-17  -2.477145E-15  -2.776845E-13   1.200000E+02  -1.475828E+00
  8.805000000001E+00   4.789552E+00   5.734436E-01   6.558102E+01  -1.113205E-16  -2.483000E-15  -2.839646E-13   1.200000E+02  -1.473885E+00
  8.810000000001E+00   4.792398E+00   5.657264E-01   6.557690E+01  -1.234609E-16  -2.284675E-15  -2.648311E-13   1.200000E+02  -1.471207E+00
  8.815000000001E+00   4.795219E+00   5.642253E-01   6.558356E+01  -1.323501E-16  -1.165136E-15  -1.354312E-13   1.200000E+02  -1.468429E+00
  8.820000000001E+00   4.798050E+00   5.687347E-01   6.559857E+01  -1.341148E-16   2.603553E-16   3.002971E-14   1.200000E+02  -1.466204E+00
  8.825000000001E+00   4.800912E+00   5.766066E-01   6.561595E+01  -1.297531E-16   1.789208E-15   2.036060E-13   1.200000E+02  -1.464945E+00
  8.830000000001E+00   4.803814E+00   5.835055E-01   6.562836E+01  -1.166303E-16   3.337796E-15   3.754105E-13   1.200000E+02  -1.464645E+00
  8.835000000001E+00   4.806738E+00   5.847019E-01   6.562972E+01  -9.662643E-17   4.643555E-15   5.212146E-13   1.200000E+02  -1.464828E+00
  8.840000000001E+00   4.809646E+00   5.765626E-01   6.561685E+01  -7.091087E-17   5.156118E-15   5.868023E-13   1.200000E+02  -1.464649E+00
  8.845000000001E+00   4.812487E+00   5.578225E-01   6.559020E+01  -4.591955E-17   4.797468E-15   5.640985E-13   1.200000E+02  -1.463122E+00
  8.850000000001E+00   4.815210E+00   5.302428E-01   6.555379E+01  -2.397734E-17   3.844424E-15   4.752852E-13   1.200000E+02  -1.459420E+00
  8.855000000001E+00   4.817782E+00   4.983805E-01   6.551509E+01  -1.039427E-17   1.474543E-15   1.938374E-13   1.200000E+02  -1.453151E+00
  8.860000000001E+00   4.820197E+00   4.684525E-01   6.548423E+01  -8.209897E-18  -3.549054E-16  -4.961167E-14   1.200000E+02  -1.444526E+00
  8.865000000001E+00   4.822480E+00   4.465992E-01   6.547209E+01  -1.361251E-17  -1.953523E-15  -2.863894E-13   1.200000E+02  -1.434355E+00
  8.870000000001E+00   4.824683E+00   4.371374E-01   6.548629E+01  -2.558366E-17  -2.878849E-15  -4.312720E-13   1.200000E+02  -1.423873E+00
  8.875000000001E+00   4.826873E+00   4.414168E-01   6.552689E+01  -4.182255E-17  -3.318471E-15  -4.926163E-13   1.200000E+02  -1.414449E+00
  8.880000000001E+00   4.829116E+00   4.575852E-01   6.558527E+01  -5.865712E-17  -3.361215E-15  -4.817599E-13   1.200000E+02  -1.407257E+00
  8.885000000001E+00   4.831461E+00   4.811599E-01   6.564758E+01  -7.418230E-17  -2.803826E-15  -3.825430E-13   1.200000E+02  -1.403012E+00
  8.890000000001E+00   4.833930E+00   5.061257E-01   6.570013E+01  -8.608073E-17  -1.903947E-15  -2.471512E-13   1.200000E+02  -1.401807E+00
  8.895000000001E+00   4.836515E+00   5.263143E-01   6.573341E+01  -9.433992E-17  -1.481312E-15  -1.850067E-13   1.200000E+02  -1.403096E+00
  8.900000000001E+00   4.839178E+00   5.368201E-01   6.574334E+01  -1.003863E-16  -9.830071E-16  -1.203870E-13   1.200000E+02  -1.405822E+00
  8.905000000001E+00   4.841863E+00   5.351377E-01   6.573089E+01  -1.039882E-16  -4.658060E-16  -5.721488E-14   1.200000E+02  -1.408669E+00
  8.910000000001E+00   4.844510E+00   5.217063E-01   6.570084E+01  -1.053703E-16   2.454047E-17   3.090493E-15   1.200000E+02  -1.410374E+00
  8.915000000000E+00   4.847066E+00   4.996654E-01   6.566058E+01  -1.042336E-16   4.372941E-16   5.746442E-14   1.200000E+02  -1.410018E+00
  8.920000000000E+00   4.849501E+00   4.738607E-01   6.561896E+01  -1.026893E-16   1.264758E-16   1.751403E-14   1.200000E+02  -1.407216E+00
  8.925000000000E+00   4.851807E+00   4.493855E-01   6.558487E+01  -1.032927E-16  -3.092813E-16  -4.513758E-14   1.200000E+02  -1.402144E+00
  8.930000000000E+00   4.854003E+00   4.301282E-01   6.556511E+01  -1.049705E-16  -3.171877E-16  -4.834941E-14   1.200000E+02  -1.395421E+00
  8.935000000000E+00   4.856120E+00   4.178062E-01   6.556223E+01  -1.057012E-16  -3.494624E-16  -5.483771E-14   1.200000E+02  -1.387874E+00
  8.940000000000E+00   4.858191E+00   4.117712E-01   6.557345E+01  -1.070905E-16  -2.831940E-17  -4.509788E-15   1.200000E+02  -1.380279E+00
  8.945000000000E+00   4.860243E+00   4.095593E-01   6.559191E+01  -1.074412E-16  -1.658995E-17  -2.656920E-15   1.200000E+02  -1.373152E+00
  8.950000000000E+00   4.862288E+00   4.079201E-01   6.560961E+01  -1.074372E-16  -1.000935E-16  -1.609898E-14   1.200000E+02  -1.366653E+00
  8.955000000000E+00   4.864319E+00   4.039748E-01   6.562035E+01  -1.076466E-16   1.161362E-16   1.886479E-14   1.200000E+02  -1.360601E+00
  8.960000000000E+00   4.866321E+00   3.961744E-01   6.562151E+01  -1.060953E-16   4.647826E-16   7.698563E-14   1.200000E+02  -1.354605E+00
  8.965000000000E+00   4.868275E+00   3.847888E-01   6.561458E+01  -1.036040E-16   4.939004E-16   8.422042E-14   1.200000E+02  -1.348251E+00
  8.970000000000E+00   4.870166E+00   3.717732E-01   6.560464E+01  -1.014828E-16   4.982885E-16   8.793005E-14   1.200000E+02  -1.341287E+00
  8.975000000000E+00   4.871995E+00   3.600453E-01   6.559887E+01  -9.864221E-17   6.358211E-16   1.158441E-13   1.200000E+02  -1.333748E+00
  8.980000000000E+00   4.873773E+00   3.524218E-01   6.560413E+01  -9.611466E-17   5.409021E-16   1.006902E-13   1.200000E+02  -1.325964E+00
  8.985000000000E+00   4.875528E+00   3.506020E-01   6.562400E+01  -9.344148E-17   4.006227E-16   7.498663E-14   1.200000E+02  -1.318473E+00
  8.990000000000E+00   4.877289E+00   3.545469E-01   6.565671E+01  -9.097415E-17   5.958626E-16   1.103447E-13   1.200000E+02  -1.311846E+00
  8.995000000000E+00   4.879080E+00   3.624144E-01   6.569550E+01  -8.850912E-17   3.683805E-16   6.677698E-14   1.200000E+02  -1.306503E+00
  9.000000000000E+00   4.880914E+00   3.710067E-01   6.573107E+01  -8.624928E-17   5.026730E-16   8.905831E-14   1.200000E+02  -1.302559E+00
  9.005000000000E+00   4.882785E+00   3.765882E-01   6.575470E+01  -8.459540E-17   5.452493E-17   9.520399E-15   1.200000E+02  -1.299756E+00
  9.010000000000E+00   4.884670E+00   3.758802E-01   6.576040E+01  -8.533612E-17  -2.620088E-16  -4.583855E-14   1.200000E+02  -1.297491E+00
  9.015000000000E+00   4.886531E+00   3.669986E-01   6.574589E+01  -8.794103E-17  -7.154983E-16  -1.281778E-13   1.200000E+02  -1.294946E+00
  9.020000000000E+00   4.888327E+00   3.500672E-01   6.571267E+01  -9.320516E-17  -1.338503E-15  -2.512564E-13   1.200000E+02  -1.291287E+00
  9.025000000000E+00   4.890022E+00   3.272819E-01   6.566599E+01  -1.001888E-16  -1.509854E-15  -3.029377E-13   1.200000E+02  -1.285882E+00
  9.030000000000E+00   4.891596E+00   3.023359E-01   6.561447E+01  -1.079399E-16  -1.393623E-15  -3.024511E-13   1.200000E+02  -1.278462E+00
  9.035000000000E+00   4.893049E+00   2.793359E-01   6.556924E+01  -1.136419E-16  -9.382275E-16  -2.202326E-13   1.200000E+02  -1.269196E+00
  9.040000000000E+00   4.894398E+00   2.615699E-01   6.554123E+01  -1.175084E-16  -4.207760E-16  -1.054333E-13   1.200000E+02  -1.258619E+00
  9.045000000000E+00   4.895675E+00   2.506036E-01   6.553709E+01  -1.180668E-16   2.181823E-16   5.705836E-14   1.200000E+02  -1.247467E+00
  9.050000000000E+00   4.896914E+00   2.460351E-01   6.555589E+01  -1.152993E-16   8.347782E-16   2.224261E-13   1.200000E+02  -1.236468E+00
  9.055000000000E+00   4.898143E+00   2.458859E-01   6.558949E+01  -1.091425E-16   1.599358E-15   4.266250E-13   1.200000E+02  -1.226159E+00
  9.060000000000E+00   4.899376E+00   2.473501E-01   6.562629E+01  -9.976102E-17   2.136593E-15   5.668754E-13   1.200000E+02  -1.216780E+00
  9.065000000000E+00   4.900614E+00   2.476256E-01   6.565562E+01  -8.788921E-17   2.499502E-15   6.627196E-13   1.200000E+02  -1.208257E+00
  9.070000000000E+00   4.901847E+00   2.446533E-01   6.567052E+01  -7.517134E-17   2.575701E-15   6.913770E-13   1.200000E+02  -1.200266E+00
  9.075000000000E+00   4.903054E+00   2.376254E-01   6.566875E+01  -6.264155E-17   2.260106E-15   6.245897E-13   1.200000E+02  -1.192361E+00
  9.080000000000E+00   4.904217E+00   2.271288E-01   6.565271E+01  -5.200855E-17   1.808259E-15   5.226860E-13   1.200000E+02  -1.184119E+00
  9.085000000000E+00   4.905323E+00   2.148517E-01   6.562870E+01  -4.509058E-17   9.480236E-16   2.895837E-13   1.200000E+02  -1.175271E+00
  9.090000000000E+00   4.906366E+00   2.029270E-01   6.560536E+01  -4.239408E-17   1.571323E-16   5.080016E-14   1.200000E+02  -1.165777E+00
  9.095000000000E+00   4.907355E+00   1.931540E-01   6.559104E+01  -4.369972E-17  -6.171897E-16  -2.095847E-13   1.200000E+02  -1.155804E+00
  9.100000000000E+00   4.908303E+00   1.864058E-01   6.559056E+01  -4.854757E-17  -1.373294E-15  -4.832207E-13   1.200000E+02  -1.145654E+00
  9.105000000000E+00   4.909224E+00   1.824305E-01   6.560308E+01  -5.740774E-17  -2.013591E-15  -7.240991E-13   1.200000E+02  -1.135636E+00
  9.110000000000E+00   4.910130E+00   1.800480E-01   6.562254E+01  -6.860280E-17  -2.431897E-15  -8.863596E-13   1.200000E+02  -1.125961E+00
  9.115000000000E+00   4.911024E+00   1.775984E-01   6.564018E+01  -8.151312E-17  -2.686460E-15  -9.929126E-13   1.200000E+02  -1.116675E+00
  9.120000000000E+00   4.911903E+00   1.734829E-01   6.564762E+01  -9.464080E-17  -2.574563E-15  -9.742395E-13   1.200000E+02  -1.107644E+00
  9.125000000000E+00   4.912755E+00   1.666695E-01   6.563913E+01  -1.072471E-16  -2.381787E-15  -9.380147E-13   1.200000E+02  -1.098602E+00
  9.130000000000E+00   4.913565E+00   1.570414E-01   6.561305E+01  -1.178463E-16  -1.873463E-15  -7.827465E-13   1.200000E+02  -1.089241E+00
  9.135000000000E+00   4.914322E+00   1.454612E-01   6.557246E+01  -1.257331E-16  -1.238889E-15  -5.584788E-13   1.200000E+02  -1.079306E+00
  9.140000000000E+00   4.915019E+00   1.334822E-01   6.552515E+01  -1.302180E-16  -5.684322E-16  -2.790379E-13   1.200000E+02  -1.068692E+00
  9.145000000000E+00   4.915659E+00   1.227834E-01   6.548214E+01  -1.317478E-16  -9.715840E-17  -5.181598E-14   1.200000E+02  -1.057472E+00
  9.150000000000E+00   4.916251E+00   1.145679E-01   6.545413E+01  -1.309473E-16   3.575808E-16   2.042905E-13   1.200000E+02  -1.045869E+00
  9.155000000000E+00   4.916809E+00   1.092146E-01   6.544695E+01  -1.282538E-16   7.271360E-16   4.357370E-13   1.200000E+02  -1.034179E+00
  9.160000000000E+00   4.917347E+00   1.062921E-01   6.545906E+01  -1.239417E-16   9.603439E-16   5.914195E-13   1.200000E+02  -1.022676E+00
  9.165000000000E+00   4.917875E+00   1.048196E-01   6.548258E+01  -1.187709E-16   1.115324E-15   6.967621E-13   1.200000E+02  -1.011542E+00
  9.170000000000E+00   4.918396E+00   1.035938E-01   6.550679E+01  -1.130508E-16   1.114960E-15   7.050367E-13   1.200000E+02  -1.000834E+00
  9.175000000000E+00   4.918909E+00   1.015020E-01   6.552153E+01  -1.075637E-16   1.069739E-15   6.905378E-13   1.200000E+02  -9.904834E-01
  9.180000000000E+00   4.919408E+00   9.780419E-02   6.551959E+01  -1.026941E-16   8.419068E-16   5.639982E-13   1.200000E+02  -9.803236E-01
  9.185000000000E+00   4.919884E+00   9.234340E-02   6.549817E+01  -9.927883E-17   5.346006E-16   3.791864E-13   1.200000E+02  -9.701500E-01
  9.190000000000E+00   4.920329E+00   8.559525E-02   6.545969E+01  -9.745426E-17   1.544855E-16   1.181441E-13   1.200000E+02  -9.597851E-01
  9.195000000000E+00   4.920740E+00   7.849088E-02   6.541181E+01  -9.726462E-17  -1.107664E-16  -9.230925E-14   1.200000E+02  -9.491365E-01
  9.200000000000E+00   4.921115E+00   7.205378E-02   6.536585E+01  -9.856393E-17  -3.810666E-16  -3.456965E-13   1.200000E+02  -9.382233E-01
  9.205000000000E+00   4.921462E+00   6.702413E-02   6.533307E+01  -1.008342E-16  -5.264455E-16  -5.131630E-13   1.200000E+02  -9.271597E-01
  9.210000000000E+00   4.921788E+00   6.366214E-02   6.532031E+01  -1.037371E-16  -6.069139E-16  -6.227218E-13   1.200000E+02  -9.161085E-01
  9.215000000000E+00   4.922101E+00   6.177545E-02   6.532750E+01  -1.066824E-16  -5.539689E-16  -5.858218E-13   1.200000E+02  -9.052285E-01
  9.220000000000E+00   4.922408E+00   6.086262E-02   6.534834E+01  -1.092245E-16  -4.456242E-16  -4.784678E-13   1.200000E+02  -8.946344E-01
  9.225000000000E+00   4.922711E+00   6.026537E-02   6.537289E+01  -1.108776E-16  -2.335847E-16  -2.533811E-13   1.200000E+02  -8.843743E-01
  9.230000000000E+00   4.923010E+00   5.931171E-02   6.539057E+01  -1.115768E-16  -4.668955E-17  -5.147476E-14   1.200000E+02  -8.744233E-01
  9.235000000000E+00   4.923302E+00   5.747171E-02   6.539258E+01  -1.113310E-16   1.533457E-16   1.744801E-13   1.200000E+02  -8.646927E-01
  9.240000000000E+00   4.923583E+00   5.451326E-02   6.537380E+01  -1.101304E-16   3.228355E-16   3.871532E-13   1.200000E+02  -8.550563E-01
  9.245000000000E+00   4.923846E+00   5.059204E-02   6.533419E+01  -1.083902E-16   3.687390E-16   4.761868E-13   1.200000E+02  -8.453884E-01
  9.250000000000E+00   4.924088E+00   4.620120E-02   6.527948E+01  -1.064422E-16   3.949193E-16   5.579969E-13   1.200000E+02  -8.356037E-01
  9.255000000000E+00   4.924308E+00   4.197355E-02   6.522025E+01  -1.044957E-16   3.526611E-16   5.479795E-13   1.200000E+02  -8.256826E-01
  9.260000000000E+00   4.924509E+00   3.843757E-02   6.516896E+01  -1.029182E-16   2.993440E-16   5.075227E-13   1.200000E+02  -8.156697E-01
  9.265000000000E+00   4.924694E+00   3.586787E-02   6.513575E+01  -1.016320E-16   2.093533E-16   3.801838E-13   1.200000E+02  -8.056519E-01
  9.270000000000E+00   4.924869E+00   3.427973E-02   6.512518E+01  -1.008163E-16   1.068009E-16   2.029020E-13   1.200000E+02  -7.957282E-01
  9.275000000000E+00   4.925038E+00   3.350157E-02   6.513544E+01  -1.005694E-16   7.374191E-18   1.433728E-14   1.200000E+02  -7.859858E-01
  9.280000000000E+00   4.925205E+00   3.324745E-02   6.515963E+01  -1.007697E-16  -7.042647E-17  -1.380245E-13   1.200000E+02  -7.764846E-01
  9.285000000000E+00   4.925371E+00   3.317189E-02   6.518807E+01  -1.012821E-16  -1.255320E-16  -2.466905E-13   1.200000E+02  -7.672491E-01
  9.290000000000E+00   4.925536E+00   3.292853E-02   6.521079E+01  -1.019871E-16  -1.591387E-16  -3.151540E-13   1.200000E+02  -7.582658E-01
  9.295000000000E+00   4.925699E+00   3.224675E-02   6.521981E+01  -1.027426E-16  -1.375130E-16  -2.781232E-13   1.200000E+02  -7.494888E-01
  9.300000000000E+00   4.925858E+00   3.100915E-02   6.521087E+01  -1.033688E-16  -1.066074E-16  -2.241907E-13   1.200000E+02  -7.408522E-01
  9.305000000000E+00   4.926009E+00   2.928849E-02   6.518446E+01  -1.037974E-16  -7.584014E-17  -1.687898E-13   1.200000E+02  -7.322900E-01
  9.310000000000E+00   4.926150E+00   2.731131E-02   6.514566E+01  -1.040677E-16  -3.178173E-17  -7.580895E-14   1.200000E+02  -7.237551E-01
  9.315000000000E+00   4.926282E+00   2.535952E-02   6.510275E+01  -1.042239E-16  -2.509219E-17  -6.441647E-14   1.200000E+02  -7.152300E-01
  9.320000000000E+00   4.926404E+00   2.366466E-02   6.506454E+01  -1.042921E-16  -1.347583E-17  -3.705097E-14   1.200000E+02  -7.067262E-01
  9.325000000000E+00   4.926519E+00   2.234792E-02   6.503760E+01  -1.044017E-16  -3.045784E-17  -8.863934E-14   1.200000E+02  -6.982742E-01
  9.330000000000E+00   4.926628E+00   2.141536E-02   6.502442E+01  -1.046046E-16  -4.946990E-17  -1.502076E-13   1.200000E+02  -6.899104E-01
  9.335000000000E+00   4.926734E+00   2.078441E-02   6.502304E+01  -1.048689E-16  -6.892830E-17  -2.156390E-13   1.200000E+02  -6.816663E-01
  9.340000000000E+00   4.926837E+00   2.031929E-02   6.502819E+01  -1.052148E-16  -5.862612E-17  -1.876223E-13   1.200000E+02  -6.735606E-01
  9.345000000000E+00   4.926937E+00   1.986928E-02   6.503310E+01  -1.055092E-16  -5.558914E-17  -1.819459E-13   1.200000E+02  -6.655961E-01
  9.350000000000E+00   4.927035E+00   1.930992E-02   6.503167E+01  -1.057629E-16  -4.676402E-17  -1.574911E-13   1.200000E+02  -6.577606E-01
  9.355000000000E+00   4.927130E+00   1.858031E-02   6.502031E+01  -1.059334E-16  -2.546096E-17  -8.909862E-14   1.200000E+02  -6.500323E-01
  9.360000000000E+00   4.927221E+00   1.770102E-02   6.499912E+01  -1.059876E-16   6.410399E-18   2.353933E-14   1.200000E+02  -6.423877E-01
  9.365000000000E+00   4.927307E+00   1.676110E-02   6.497187E+01  -1.059340E-16   2.050365E-17   7.947928E-14   1.200000E+02  -6.348103E-01
  9.370000000000E+00   4.927388E+00   1.587906E-02   6.494489E+01  -1.058051E-16   3.228108E-17   1.320287E-13   1.200000E+02  -6.272956E-01
  9.375000000000E+00   4.927466E+00   1.515888E-02   6.492501E+01  -1.056323E-16   3.753950E-17   1.607805E-13   1.200000E+02  -6.198516E-01
  9.380000000000E+00   4.927540E+00   1.466043E-02   6.491730E+01  -1.054452E-16   3.661196E-17   1.621201E-13   1.200000E+02  -6.124953E-01
  9.385000000000E+00   4.927613E+00   1.438897E-02   6.492340E+01  -1.053159E-16   1.630761E-17   7.358034E-14   1.200000E+02  -6.052472E-01
  9.390000000000E+00   4.927684E+00   1.429776E-02   6.494091E+01  -1.052605E-16  -1.440470E-18  -6.542664E-15   1.200000E+02  -5.981248E-01
  9.395000000000E+00   4.927756E+00   1.429799E-02   6.496409E+01  -1.052874E-16  -1.339940E-17  -6.088130E-14   1.200000E+02  -5.911384E-01
  9.400000000000E+00   4.927827E+00   1.427678E-02   6.498538E+01  -1.054338E-16  -3.295141E-17  -1.499891E-13   1.200000E+02  -5.842869E-01
  9.405000000000E+00   4.927898E+00   1.412534E-02   6.499746E+01  -1.055994E-16  -3.071540E-17  -1.413362E-13   1.200000E+02  -5.775573E-01
  9.410000000000E+00   4.927968E+00   1.377331E-02   6.499521E+01  -1.057513E-16  -2.899837E-17  -1.368411E-13   1.200000E+02  -5.709270E-01
  9.415000000000E+00   4.928036E+00   1.321510E-02   6.497723E+01  -1.058749E-16  -1.972328E-17  -9.697732E-14   1.200000E+02  -5.643698E-01
  9.420000000000E+00   4.928100E+00   1.251222E-02   6.494634E+01  -1.059451E-16  -6.675314E-18  -3.464910E-14   1.200000E+02  -5.578629E-01
  9.425000000000E+00   4.928161E+00   1.176787E-02   6.490891E+01  -1.059513E-16   1.403896E-18   7.743575E-15   1.200000E+02  -5.513936E-01
  9.430000000000E+00   4.928218E+00   1.108798E-02   6.487311E+01  -1.059062E-16   1.169911E-17   6.844869E-14   1.200000E+02  -5.449609E-01
  9.435000000000E+00   4.928272E+00   1.054986E-02   6.484653E+01  -1.058297E-16   1.929596E-17   1.186060E-13   1.200000E+02  -5.385739E-01
  9.440000000000E+00   4.928324E+00   1.018845E-02   6.483404E+01  -1.057605E-16   9.609332E-18   6.114885E-14   1.200000E+02  -5.322479E-01
  9.445000000000E+00   4.928374E+00   9.997027E-03   6.483655E+01  -1.057376E-16  -2.856950E-18  -1.852899E-14   1.200000E+02  -5.259992E-01
  9.450000000000E+00   4.928424E+00   9.934509E-03   6.485095E+01  -1.057893E-16  -1.954769E-17  -1.276043E-13   1.200000E+02  -5.198413E-01
  9.455000000000E+00   4.928474E+00   9.935740E-03   6.487116E+01  -1.059325E-16  -3.753748E-17  -2.450849E-13   1.200000E+02  -5.137820E-01
  9.460000000000E+00   4.928523E+00   9.925935E-03   6.488997E+01  -1.061552E-16  -4.927072E-17  -3.221032E-13   1.200000E+02  -5.078211E-01
  9.465000000000E+00   4.928573E+00   9.840063E-03   6.490110E+01  -1.064160E-16  -4.980417E-17  -3.284883E-13   1.200000E+02  -5.019506E-01
  9.470000000000E+00   4.928622E+00   9.642866E-03   6.490087E+01  -1.066564E-16  -4.248298E-17  -2.859297E-13   1.200000E+02  -4.961576E-01
  9.475000000000E+00   4.928669E+00   9.340352E-03   6.488927E+01  -1.068335E-16  -2.733447E-17  -1.898979E-13   1.200000E+02  -4.904275E-01
  9.480000000000E+00   4.928715E+00   8.975457E-03   6.486984E+01  -1.069347E-16  -5.554229E-18  -4.014303E-14   1.200000E+02  -4.847488E-01
  9.485000000000E+00   4.928759E+00   8.609662E-03   6.484858E+01  -1.068952E-16   2.036349E-17   1.533792E-13   1.200000E+02  -4.791162E-01
  9.490000000000E+00   4.928801E+00   8.300607E-03   6.483200E+01  -1.067188E-16   4.801660E-17   3.750343E-13   1.200000E+02  -4.735310E-01
  9.495000000000E+00   4.928842E+00   8.085630E-03   6.482515E+01  -1.064374E-16   6.480953E-17   5.195993E-13   1.200000E+02  -4.679998E-01
  9.500000000000E+00   4.928882E+00   7.974552E-03   6.483000E+01  -1.060978E-16   7.060107E-17   5.739592E-13   1.200000E+02  -4.625317E-01
  9.505000000000E+00   4.928922E+00   7.949594E-03   6.484489E+01  -1.057527E-16   6.332761E-17   5.165637E-13   1.200000E+02  -4.571353E-01
  9.510000000000E+00   4.928962E+00   7.970000E-03   6.486498E+01  -1.054798E-16   4.831786E-17   3.932418E-13   1.200000E+02  -4.518160E-01
  9.515000000000E+00   4.929002E+00   7.981295E-03   6.488373E+01  -1.052857E-16   2.816872E-17   2.289969E-13   1.200000E+02  -4.465737E-01
  9.520000000000E+00   4.929041E+00   7.929770E-03   6.489465E+01  -1.052017E-16   5.558867E-18   4.549196E-14   1.200000E+02  -4.414024E-01
  9.525000000000E+00   4.929081E+00   7.779728E-03   6.489326E+01  -1.052310E-16  -1.861759E-17  -1.552954E-13   1.200000E+02  -4.362914E-01
  9.530000000000E+00   4.929119E+00   7.526622E-03   6.487830E+01  -1.053885E-16  -4.192708E-17  -3.614049E-13   1.200000E+02  -4.312279E-01
  9.535000000000E+00   4.929156E+00   7.198614E-03   6.485219E+01  -1.056278E-16  -5.506807E-17  -4.961073E-13   1.200000E+02  -4.262005E-01
  9.540000000000E+00   4.929191E+00   6.845074E-03   6.482042E+01  -1.059092E-16  -5.716126E-17  -5.412969E-13   1.200000E+02  -4.212024E-01
  9.545000000000E+00   4.929224E+00   6.518576E-03   6.478998E+01  -1.061712E-16  -4.690120E-17  -4.661644E-13   1.200000E+02  -4.162327E-01
  9.550000000000E+00   4.929256E+00   6.259574E-03   6.476743E+01  -1.063787E-16  -3.439715E-17  -3.559052E-13   1.200000E+02  -4.112954E-01
  9.555000000000E+00   4.929287E+00   6.088656E-03   6.475709E+01  -1.065212E-16  -2.272507E-17  -2.416969E-13   1.200000E+02  -4.063981E-01
  9.560000000000E+00   4.929317E+00   6.005549E-03   6.475997E+01  -1.066190E-16  -1.424042E-17  -1.535596E-13   1.200000E+02  -4.015493E-01
  9.565000000000E+00   4.929347E+00   5.991906E-03   6.477368E+01  -1.066703E-16  -7.217131E-18  -7.801861E-14   1.200000E+02  -3.967562E-01
  9.570000000000E+00   4.929377E+00   6.016250E-03   6.479327E+01  -1.066852E-16   1.776947E-18   1.913721E-14   1.200000E+02  -3.920235E-01
  9.575000000000E+00   4.929407E+00   6.041247E-03   6.481274E+01  -1.066719E-16   5.402237E-18   5.795720E-14   1.200000E+02  -3.873518E-01
  9.580000000000E+00   4.929438E+00   6.033320E-03   6.482678E+01  -1.066625E-16   2.190116E-19   2.353234E-15   1.200000E+02  -3.827379E-01
  9.585000000000E+00   4.929468E+00   5.972427E-03   6.483216E+01  -1.066697E-16  -2.561029E-18  -2.780060E-14   1.200000E+02  -3.781757E-01
  9.590000000000E+00   4.929497E+00   5.857874E-03   6.482855E+01  -1.066751E-16  -2.214319E-18  -2.450566E-14   1.200000E+02  -3.736582E-01
  9.595000000000E+00   4.929526E+00   5.706906E-03   6.481834E+01  -1.066717E-16   2.128905E-18   2.417984E-14   1.200000E+02  -3.691792E-01
  9.600000000000E+00   4.929554E+00   5.546658E-03   6.480573E+01  -1.066608E-16   2.698801E-18   3.153209E-14   1.200000E+02  -3.647352E-01
  9.605000000000E+00   4.929582E+00   5.403605E-03   6.479527E+01  -1.066408E-16   6.271300E-18   7.519990E-14   1.200000E+02  -3.603257E-01
  9.610000000000E+00   4.929608E+00   5.295001E-03   6.479027E+01  -1.065999E-16   1.019842E-17   1.247891E-13   1.200000E+02  -3.559529E-01
  9.615000000000E+00   4.929635E+00   5.224504E-03   6.479178E+01  -1.065441E-16   1.376007E-17   1.706458E-13   1.200000E+02  -3.516197E-01
  9.620000000000E+00   4.929661E+00   5.181967E-03   6.479815E+01  -1.064665E-16   1.561138E-17   1.952132E-13   1.200000E+02  -3.473290E-01
  9.625000000000E+00   4.929686E+00   5.146760E-03   6.480569E+01  -1.063760E-16   1.882321E-17   2.370134E-13   1.200000E+02  -3.430819E-01
  9.630000000000E+00   4.929712E+00   5.094178E-03   6.480978E+01  -1.062724E-16   2.130840E-17   2.710923E-13   1.200000E+02  -3.388767E-01
  9.635000000000E+00   4.929737E+00   5.003859E-03   6.480642E+01  -1.061823E-16   1.549796E-17   2.007186E-13   1.200000E+02  -3.347097E-01
  9.640000000000E+00   4.929762E+00   4.867649E-03   6.479363E+01  -1.061267E-16   7.931113E-18   1.055716E-13   1.200000E+02  -3.305751E-01
  9.645000000000E+00   4.929786E+00   4.693357E-03   6.477225E+01  -1.061135E-16  -4.633273E-18  -6.394304E-14   1.200000E+02  -3.264677E-01
  9.650000000000E+00   4.929809E+00   4.502322E-03   6.474590E+01  -1.061532E-16  -1.234151E-17  -1.774778E-13   1.200000E+02  -3.223837E-01
  9.655000000000E+00   4.929831E+00   4.322103E-03   6.472015E+01  -1.062476E-16  -2.220737E-17  -3.325382E-13   1.200000E+02  -3.183219E-01
  9.660000000000E+00   4.929852E+00   4.178078E-03   6.470100E+01  -1.063826E-16  -3.041940E-17  -4.710696E-13   1.200000E+02  -3.142845E-01
  9.665000000000E+00   4.929873E+00   4.087311E-03   6.469321E+01  -1.065427E-16  -3.291042E-17  -5.209000E-13   1.200000E+02  -3.102758E-01
  9.670000000000E+00   4.929893E+00   4.055617E-03   6.469891E+01  -1.067056E-16  -2.993203E-17  -4.775032E-13   1.200000E+02  -3.063011E-01
  9.675000000000E+00   4.929914E+00   4.076989E-03   6.471701E+01  -1.068499E-16  -2.653123E-17  -4.211494E-13   1.200000E+02  -3.023661E-01
  9.680000000000E+00   4.929934E+00   4.134510E-03   6.474336E+01  -1.069618E-16  -1.746515E-17  -2.734913E-13   1.200000E+02  -2.984748E-01
  9.685000000000E+00   4.929955E+00   4.202919E-03   6.477186E+01  -1.070276E-16  -6.781120E-18  -1.045049E-13   1.200000E+02  -2.946291E-01
  9.690000000000E+00   4.929976E+00   4.253618E-03   6.479598E+01  -1.070284E-16   7.095280E-18   1.080834E-13   1.200000E+02  -2.908277E-01
  9.695000000000E+00   4.929997E+00   4.261986E-03   6.481034E+01  -1.069589E-16   2.019585E-17   3.071103E-13   1.200000E+02  -2.870668E-01
  9.700000000000E+00   4.930019E+00   4.214824E-03   6.481201E+01  -1.068372E-16   2.675632E-17   4.114362E-13   1.200000E+02  -2.833400E-01
  9.705000000000E+00   4.930039E+00   4.114350E-03   6.480111E+01  -1.066972E-16   2.739640E-17   4.314941E-13   1.200000E+02  -2.796407E-01
  9.710000000000E+00   4.930060E+00   3.976428E-03   6.478057E+01  -1.065677E-16   2.349853E-17   3.828181E-13   1.200000E+02  -2.759635E-01
  9.715000000000E+00   4.930079E+00   3.823954E-03   6.475517E+01  -1.064712E-16   1.263180E-17   2.139080E-13   1.200000E+02  -2.723048E-01
  9.720000000000E+00   4.930098E+00   3.678969E-03   6.473013E+01  -1.064373E-16   1.092946E-18   1.922998E-14   1.200000E+02  -2.686640E-01
  9.725000000000E+00   4.930116E+00   3.556879E-03   6.470974E+01  -1.064630E-16  -1.090544E-17  -1.984009E-13   1.200000E+02  -2.650422E-01
  9.730000000000E+00   4.930134E+00   3.464112E-03   6.469631E+01  -1.065493E-16  -2.302640E-17  -4.300448E-13   1.200000E+02  -2.614421E-01
  9.735000000000E+00   4.930151E+00   3.398678E-03   6.468986E+01  -1.066880E-16  -3.113738E-17  -5.926637E-13   1.200000E+02  -2.578661E-01
  9.740000000000E+00   4.930168E+00   3.352587E-03   6.468852E+01  -1.068520E-16  -3.262348E-17  -6.294736E-13   1.200000E+02  -2.543165E-01
  9.745000000000E+00   4.930184E+00   3.315281E-03   6.468946E+01  -1.070086E-16  -3.007493E-17  -5.868375E-13   1.200000E+02  -2.507941E-01
  9.750000000000E+00   4.930201E+00   3.277394E-03   6.469001E+01  -1.071429E-16  -2.418889E-17  -4.774463E-13   1.200000E+02  -2.472991E-01
  9.755000000000E+00   4.930217E+00   3.233884E-03   6.468869E+01  -1.072379E-16  -1.365755E-17  -2.731975E-13   1.200000E+02  -2.438304E-01
  9.760000000000E+00   4.930233E+00   3.185488E-03   6.468563E+01  -1.072765E-16  -2.701433E-18  -5.485623E-14   1.200000E+02  -2.403869E-01
  9.765000000000E+00   4.930249E+00   3.137926E-03   6.468252E+01  -1.072597E-16   1.042956E-17   2.149860E-13   1.200000E+02  -2.369681E-01
  9.770000000000E+00   4.930264E+00   3.099233E-03   6.468187E+01  -1.071849E-16   1.827269E-17   3.813562E-13   1.200000E+02  -2.335738E-01
  9.775000000000E+00   4.930280E+00   3.076345E-03   6.468592E+01  -1.070738E-16   2.524776E-17   5.308813E-13   1.200000E+02  -2.302051E-01
  9.780000000000E+00   4.930295E+00   3.072138E-03   6.469569E+01  -1.069398E-16   2.717665E-17   5.723091E-13   1.200000E+02  -2.268635E-01
  9.785000000000E+00   4.930311E+00   3.083625E-03   6.471025E+01  -1.068090E-16   2.558419E-17   5.368874E-13   1.200000E+02  -2.235503E-01
  9.790000000000E+00   4.930326E+00   3.101747E-03   6.472677E+01  -1.066952E-16   1.907558E-17   3.980663E-13   1.200000E+02  -2.202665E-01
  9.795000000000E+00   4.930342E+00   3.113026E-03   6.474104E+01  -1.066260E-16   8.557310E-18   1.779648E-13   1.200000E+02  -2.170116E-01
  9.800000000000E+00   4.930357E+00   3.103156E-03   6.474870E+01  -1.066066E-16  -3.831304E-19  -7.994182E-15   1.200000E+02  -2.137835E-01
  9.805000000000E+00   4.930373E+00   3.061781E-03   6.474644E+01  -1.066354E-16  -1.063240E-17  -2.248399E-13   1.200000E+02  -2.105791E-01
  9.810000000000E+00   4.930388E+00   2.986679E-03   6.473316E+01  -1.067089E-16  -1.795896E-17  -3.892418E-13   1.200000E+02  -2.073943E-01
  9.815000000000E+00   4.930402E+00   2.885233E-03   6.471049E+01  -1.068070E-16  -2.119169E-17  -4.752908E-13   1.200000E+02  -2.042253E-01
  9.820000000000E+00   4.930417E+00   2.772272E-03   6.468261E+01  -1.069166E-16  -2.205812E-17  -5.146598E-13   1.200000E+02  -2.010699E-01
  9.825000000000E+00   4.930430E+00   2.665414E-03   6.465530E+01  -1.070239E-16  -1.969458E-17  -4.777340E-13   1.200000E+02  -1.979274E-01
  9.830000000000E+00   4.930443E+00   2.580197E-03   6.463447E+01  -1.071120E-16  -1.610717E-17  -4.034880E-13   1.200000E+02  -1.947990E-01
  9.835000000000E+00   4.930456E+00   2.526754E-03   6.462470E+01  -1.071837E-16  -1.150299E-17  -2.942025E-13   1.200000E+02  -1.916875E-01
  9.840000000000E+00   4.930469E+00   2.508360E-03   6.462793E+01  -1.072289E-16  -5.703247E-18  -1.469442E-13   1.200000E+02  -1.885962E-01
  9.845000000000E+00   4.930481E+00   2.521292E-03   6.464304E+01  -1.072449E-16  -3.397478E-19  -8.710744E-15   1.200000E+02  -1.855284E-01
  9.850000000000E+00   4.930494E+00   2.555533E-03   6.466608E+01  -1.072368E-16   3.835929E-18   9.706563E-14   1.200000E+02  -1.824868E-01
  9.855000000000E+00   4.930507E+00   2.596445E-03   6.469132E+01  -1.072125E-16   5.614793E-18   1.398945E-13   1.200000E+02  -1.794724E-01
  9.860000000000E+00   4.930520E+00   2.627797E-03   6.471275E+01  -1.071823E-16   5.472102E-18   1.347573E-13   1.200000E+02  -1.764848E-01
  9.865000000000E+00   4.930533E+00   2.636001E-03   6.472557E+01  -1.071554E-16   5.556712E-18   1.364420E-13   1.200000E+02  -1.735218E-01
  9.870000000000E+00   4.930546E+00   2.614205E-03   6.472735E+01  -1.071346E-16   2.821486E-18   6.985960E-14   1.200000E+02  -1.705801E-01
  9.875000000000E+00   4.930559E+00   2.564326E-03   6.471855E+01  -1.071255E-16   1.132456E-18   2.858097E-14   1.200000E+02  -1.676561E-01
  9.880000000000E+00   4.930572E+00   2.495844E-03   6.470221E+01  -1.071240E-16  -8.751451E-19  -2.268725E-14   1.200000E+02  -1.647471E-01
  9.885000000000E+00   4.930584E+00   2.422003E-03   6.468298E+01  -1.071293E-16  -1.047224E-18  -2.796757E-14   1.200000E+02  -1.618514E-01
  9.890000000000E+00   4.930596E+00   2.355390E-03   6.466576E+01  -1.071384E-16  -1.856598E-18  -5.097175E-14   1.200000E+02  -1.589689E-01
  9.895000000000E+00   4.930608E+00   2.304636E-03   6.465436E+01  -1.071471E-16  -1.499454E-18  -4.206576E-14   1.200000E+02  -1.561007E-01
  9.900000000000E+00   4.930619E+00   2.272944E-03   6.465053E+01  -1.071536E-16  -1.069985E-18  -3.043415E-14   1.200000E+02  -1.532486E-01
  9.905000000000E+00   4.930630E+00   2.258198E-03   6.465368E+01  -1.071535E-16   1.220444E-18   3.494211E-14   1.200000E+02  -1.504142E-01
  9.910000000000E+00   4.930642E+00   2.254205E-03   6.466131E+01  -1.071447E-16   2.342363E-18   6.719010E-14   1.200000E+02  -1.475988E-01
  9.915000000000E+00   4.930653E+00   2.252763E-03   6.466997E+01  -1.071325E-16   2.423532E-18   6.957222E-14   1.200000E+02  -1.448029E-01
  9.920000000000E+00   4.930664E+00   2.246225E-03   6.467638E+01  -1.071227E-16   1.365601E-18   3.932025E-14   1.200000E+02  -1.420261E-01
  9.925000000000E+00   4.930675E+00   2.229920E-03   6.467854E+01  -1.071249E-16  -1.733224E-18  -5.027193E-14   1.200000E+02  -1.392673E-01
  9.930000000000E+00   4.930686E+00   2.203561E-03   6.467622E+01  -1.071385E-16  -4.410207E-18  -1.294430E-13   1.200000E+02  -1.365251E-01
  9.935000000000E+00   4.930697E+00   2.171007E-03   6.467097E+01  -1.071693E-16  -7.995645E-18  -2.381780E-13   1.200000E+02  -1.337983E-01
  9.940000000000E+00   4.930708E+00   2.138521E-03   6.466549E+01  -1.072177E-16  -1.094480E-17  -3.309534E-13   1.200000E+02  -1.310865E-01
  9.945000000000E+00   4.930719E+00   2.112304E-03   6.466259E+01  -1.072803E-16  -1.344135E-17  -4.114711E-13   1.200000E+02  -1.283897E-01
  9.950000000000E+00   4.930729E+00   2.096296E-03   6.466417E+01  -1.073531E-16  -1.512429E-17  -4.665372E-13   1.200000E+02  -1.257087E-01
  9.955000000000E+00   4.930740E+00   2.090823E-03   6.467050E+01  -1.074285E-16  -1.408744E-17  -4.357336E-13   1.200000E+02  -1.230443E-01
  9.960000000000E+00   4.930750E+00   2.092363E-03   6.467998E+01  -1.074968E-16  -1.221346E-17  -3.775474E-13   1.200000E+02  -1.203975E-01
  9.965000000000E+00   4.930761E+00   2.094441E-03   6.468965E+01  -1.075463E-16  -7.723056E-18  -2.385371E-13   1.200000E+02  -1.177683E-01
  9.970000000000E+00   4.930771E+00   2.089573E-03   6.469608E+01  -1.075723E-16  -2.442412E-18  -7.562047E-14   1.200000E+02  -1.151562E-01
  9.975000000000E+00   4.930782E+00   2.071851E-03   6.469651E+01  -1.075684E-16   2.694266E-18   8.413232E-14   1.200000E+02  -1.125599E-01
  9.980000000000E+00   4.930792E+00   2.039283E-03   6.468986E+01  -1.075396E-16   8.766698E-18   2.780960E-13   1.200000E+02  -1.099776E-01
  9.985000000000E+00   4.930802E+00   1.994845E-03   6.467723E+01  -1.074867E-16   1.214460E-17   3.937544E-13   1.200000E+02  -1.074077E-01
  9.990000000000E+00   4.930812E+00   1.945677E-03   6.466176E+01  -1.074184E-16   1.471212E-17   4.889360E-13   1.200000E+02  -1.048491E-01
  9.995000000000E+00   4.930821E+00   1.900829E-03   6.464782E+01  -1.073472E-16   1.291508E-17   4.392460E-13   1.200000E+02  -1.023015E-01
  1.000000000000E+01   4.930831E+00   1.868574E-03   6.463980E+01  -1.072876E-16   1.015113E-17   3.511593E-13   1.200000E+02  -9.976572E-02
  1.000500000000E+01   4.930840E+00   1.854233E-03   6.464076E+01  -1.072461E-16   5.999005E-18   2.091324E-13   1.200000E+02  -9.724331E-02
  1.001000000000E+01   4.930849E+00   1.858881E-03   6.465148E+01  -1.072297E-16   1.431821E-19   4.979843E-15   1.200000E+02  -9.473612E-02
  1.001500000000E+01   4.930859E+00   1.878902E-03   6.467002E+01  -1.072441E-16  -5.088118E-18  -1.751282E-13   1.200000E+02  -9.224586E-02
  1.002000000000E+01   4.930868E+00   1.906400E-03   6.469217E+01  -1.072794E-16  -9.592118E-18  -3.255008E-13   1.200000E+02  -8.977362E-02
  1.002500000000E+01   4.930878E+00   1.930681E-03   6.471245E+01  -1.073301E-16  -1.094473E-17  -3.668449E-13   1.200000E+02  -8.731945E-02
  1.003000000000E+01   4.930887E+00   1.940934E-03   6.472562E+01  -1.073825E-16  -9.580189E-18  -3.194770E-13   1.200000E+02  -8.488219E-02
  1.003500000000E+01   4.930897E+00   1.929601E-03   6.472803E+01  -1.074255E-16  -7.126374E-18  -2.390526E-13   1.200000E+02  -8.245970E-02
  1.004000000000E+01   4.930907E+00   1.895109E-03   6.471871E+01  -1.074549E-16  -3.699381E-18  -1.263353E-13   1.200000E+02  -8.004931E-02
  1.004500000000E+01   4.930916E+00   1.842515E-03   6.469965E+01  -1.074648E-16  -2.875620E-19  -1.009770E-14   1.200000E+02  -7.764858E-02
  1.005000000000E+01   4.930925E+00   1.781670E-03   6.467534E+01  -1.074623E-16   1.692348E-18   6.143293E-14   1.200000E+02  -7.525591E-02
  1.005500000000E+01   4.930934E+00   1.723892E-03   6.465160E+01  -1.074485E-16   3.398875E-18   1.274690E-13   1.200000E+02  -7.287089E-02
  1.006000000000E+01   4.930942E+00   1.678773E-03   6.463402E+01  -1.074311E-16   3.753352E-18   1.445069E-13   1.200000E+02  -7.049429E-02
  1.006500000000E+01   4.930951E+00   1.652149E-03   6.462652E+01  -1.074141E-16   3.228609E-18   1.262924E-13   1.200000E+02  -6.812771E-02
  1.007000000000E+01   4.930959E+00   1.645349E-03   6.463037E+01  -1.074052E-16   1.053793E-19   4.139365E-15   1.200000E+02  -6.577313E-02
  1.007500000000E+01   4.930967E+00   1.655363E-03   6.464396E+01  -1.074113E-16  -3.029494E-18  -1.183055E-13   1.200000E+02  -6.343243E-02
  1.008000000000E+01   4.930975E+00   1.675644E-03   6.466336E+01  -1.074357E-16  -5.892130E-18  -2.273782E-13   1.200000E+02  -6.110696E-02
  1.008500000000E+01   4.930984E+00   1.697602E-03   6.468352E+01  -1.074698E-16  -7.083512E-18  -2.699022E-13   1.200000E+02  -5.879721E-02
  1.009000000000E+01   4.930992E+00   1.712786E-03   6.469967E+01  -1.075068E-16  -7.586156E-18  -2.865634E-13   1.200000E+02  -5.650272E-02
  1.009500000000E+01   4.931001E+00   1.715325E-03   6.470866E+01  -1.075443E-16  -6.789881E-18  -2.561404E-13   1.200000E+02  -5.422226E-02
  1.010000000000E+01   4.931010E+00   1.703698E-03   6.470965E+01  -1.075760E-16  -6.057195E-18  -2.300636E-13   1.200000E+02  -5.195419E-02
  1.010500000000E+01   4.931018E+00   1.680942E-03   6.470422E+01  -1.076007E-16  -4.274895E-18  -1.645529E-13   1.200000E+02  -4.969694E-02
  1.011000000000E+01   4.931026E+00   1.653165E-03   6.469568E+01  -1.076177E-16  -2.716076E-18  -1.062921E-13   1.200000E+02  -4.744952E-02
  1.011500000000E+01   4.931035E+00   1.627122E-03   6.468785E+01  -1.076261E-16  -1.305923E-18  -5.191827E-14   1.200000E+02  -4.521162E-02
  1.012000000000E+01   4.931043E+00   1.607890E-03   6.468383E+01  -1.076289E-16  -3.338667E-19  -1.343113E-14   1.200000E+02  -4.298361E-02
  1.012500000000E+01   4.931051E+00   1.597372E-03   6.468488E+01  -1.076299E-16  -1.402082E-19  -5.677667E-15   1.200000E+02  -4.076626E-02
  1.013000000000E+01   4.931059E+00   1.593854E-03   6.469008E+01  -1.076361E-16  -2.150730E-18  -8.729214E-14   1.200000E+02  -3.856033E-02
  1.013500000000E+01   4.931067E+00   1.592567E-03   6.469658E+01  -1.076490E-16  -3.547100E-18  -1.440977E-13   1.200000E+02  -3.636621E-02
  1.014000000000E+01   4.931075E+00   1.587218E-03   6.470058E+01  -1.076681E-16  -4.124860E-18  -1.681438E-13   1.200000E+02  -3.418370E-02
  1.014500000000E+01   4.931082E+00   1.572190E-03   6.469865E+01  -1.076896E-16  -4.355336E-18  -1.792305E-13   1.200000E+02  -3.201190E-02
  1.015000000000E+01   4.931090E+00   1.544802E-03   6.468895E+01  -1.077128E-16  -4.243389E-18  -1.776929E-13   1.200000E+02  -2.984947E-02
  1.015500000000E+01   4.931098E+00   1.506629E-03   6.467207E+01  -1.077338E-16  -3.802203E-18  -1.632096E-13   1.200000E+02  -2.769500E-02
  1.016000000000E+01   4.931105E+00   1.463232E-03   6.465114E+01  -1.077480E-16  -1.877379E-18  -8.294972E-14   1.200000E+02  -2.554750E-02
  1.016500000000E+01   4.931113E+00   1.422414E-03   6.463107E+01  -1.077508E-16   6.142647E-19   2.791072E-14   1.200000E+02  -2.340671E-02
  1.017000000000E+01   4.931120E+00   1.391890E-03   6.461732E+01  -1.077436E-16   2.531606E-18   1.175276E-13   1.200000E+02  -2.127326E-02
  1.017500000000E+01   4.931126E+00   1.377293E-03   6.461425E+01  -1.077263E-16   4.209994E-18   1.975074E-13   1.200000E+02  -1.914851E-02
  1.018000000000E+01   4.931133E+00   1.380885E-03   6.462376E+01  -1.077033E-16   5.294896E-18   2.477948E-13   1.200000E+02  -1.703423E-02
  1.018500000000E+01   4.931140E+00   1.400924E-03   6.464456E+01  -1.076783E-16   4.328385E-18   1.997299E-13   1.200000E+02  -1.493223E-02
  1.019000000000E+01   4.931147E+00   1.431551E-03   6.467224E+01  -1.076609E-16   2.572505E-18   1.162163E-13   1.200000E+02  -1.284390E-02
  1.019500000000E+01   4.931155E+00   1.463437E-03   6.470027E+01  -1.076553E-16  -9.284955E-19  -4.104988E-14   1.200000E+02  -1.076979E-02
  1.020000000000E+01   4.931162E+00   1.485622E-03   6.472155E+01  -1.076704E-16  -4.752090E-18  -2.070262E-13   1.200000E+02  -8.709314E-03
  1.020500000000E+01   4.931169E+00   1.488592E-03   6.473026E+01  -1.077057E-16  -8.986309E-18  -3.907627E-13   1.200000E+02  -6.660760E-03
  1.021000000000E+01   4.931177E+00   1.467637E-03   6.472341E+01  -1.077609E-16  -1.275022E-17  -5.622903E-13   1.200000E+02  -4.621619E-03
  1.021500000000E+01   4.931184E+00   1.424790E-03   6.470170E+01  -1.078273E-16  -1.349990E-17  -6.130493E-13   1.200000E+02  -2.589249E-03
  1.022000000000E+01   4.931191E+00   1.368136E-03   6.466947E+01  -1.078920E-16  -1.196314E-17  -5.654774E-13   1.200000E+02  -5.615863E-04
  1.022500000000E+01   4.931198E+00   1.308873E-03   6.463367E+01  -1.079454E-16  -8.944498E-18  -4.416898E-13   1.200000E+02   1.462340E-03
  1.023000000000E+01   4.931204E+00   1.257801E-03   6.460216E+01  -1.079784E-16  -3.807120E-18  -1.955382E-13   1.200000E+02   3.482275E-03
  1.023500000000E+01   4.931210E+00   1.222808E-03   6.458175E+01  -1.079858E-16   7.181936E-19   3.793090E-14   1.200000E+02   5.496933E-03
  1.024000000000E+01   4.931216E+00   1.207774E-03   6.457653E+01  -1.079695E-16   5.330680E-18   2.850177E-13   1.200000E+02   7.504396E-03
  1.024500000000E+01   4.931222E+00   1.212452E-03   6.458687E+01  -1.079315E-16   9.628343E-18   5.128985E-13   1.200000E+02   9.502555E-03
  1.025000000000E+01   4.931229E+00   1.232739E-03   6.460939E+01  -1.078753E-16   1.260047E-17   6.604063E-13   1.200000E+02   1.148955E-02
  1.025500000000E+01   4.931235E+00   1.261239E-03   6.463788E+01  -1.078085E-16   1.375209E-17   7.047876E-13   1.200000E+02   1.346417E-02
  1.026000000000E+01   4.931241E+00   1.288435E-03   6.466486E+01  -1.077420E-16   1.270918E-17   6.378568E-13   1.200000E+02   1.542613E-02
  1.026500000000E+01   4.931248E+00   1.304798E-03   6.468344E+01  -1.076835E-16   1.047466E-17   5.192660E-13   1.200000E+02   1.737620E-02
  1.027000000000E+01   4.931254E+00   1.303480E-03   6.468891E+01  -1.076422E-16   6.821810E-18   3.385518E-13   1.200000E+02   1.931606E-02
  1.027500000000E+01   4.931261E+00   1.282491E-03   6.467973E+01  -1.076209E-16   2.029456E-18   1.023513E-13   1.200000E+02   2.124788E-02
  1.028000000000E+01   4.931267E+00   1.245156E-03   6.465775E+01  -1.076186E-16  -1.066105E-18  -5.536008E-14   1.200000E+02   2.317374E-02
  1.028500000000E+01   4.931273E+00   1.198567E-03   6.462751E+01  -1.076311E-16  -3.549859E-18  -1.914107E-13   1.200000E+02   2.509513E-02
  1.029000000000E+01   4.931279E+00   1.150947E-03   6.459495E+01  -1.076532E-16  -4.875049E-18  -2.736037E-13   1.200000E+02   2.701264E-02
  1.029500000000E+01   4.931285E+00   1.109247E-03   6.456587E+01  -1.076809E-16  -5.660842E-18  -3.295002E-13   1.200000E+02   2.892606E-02
  1.030000000000E+01   4.931290E+00   1.077776E-03   6.454457E+01  -1.077100E-16  -5.891135E-18  -3.528013E-13   1.200000E+02   3.083454E-02
  1.030500000000E+01   4.931295E+00   1.057905E-03   6.453301E+01  -1.077396E-16  -6.419518E-18  -3.915954E-13   1.200000E+02   3.273693E-02
  1.031000000000E+01   4.931301E+00   1.048466E-03   6.453069E+01  -1.077703E-16  -6.343949E-18  -3.904555E-13   1.200000E+02   3.463208E-02
  1.031500000000E+01   4.931306E+00   1.046509E-03   6.453515E+01  -1.078035E-16  -7.009323E-18  -4.322443E-13   1.200000E+02   3.651909E-02
  1.032000000000E+01   4.931311E+00   1.048261E-03   6.454299E+01  -1.078395E-16  -7.265494E-18  -4.473471E-13   1.200000E+02   3.839742E-02
  1.032500000000E+01   4.931316E+00   1.050168E-03   6.455093E+01  -1.078782E-16  -8.126333E-18  -4.995033E-13   1.200000E+02   4.026694E-02
  1.033000000000E+01   4.931322E+00   1.049813E-03   6.455678E+01  -1.079228E-16  -8.886032E-18  -5.464339E-13   1.200000E+02   4.212787E-02
  1.033500000000E+01   4.931327E+00   1.046428E-03   6.455982E+01  -1.079701E-16  -9.809168E-18  -6.051805E-13   1.200000E+02   4.398057E-02
  1.034000000000E+01   4.931332E+00   1.040787E-03   6.456075E+01  -1.080183E-16  -9.008318E-18  -5.587923E-13   1.200000E+02   4.582542E-02
  1.034500000000E+01   4.931337E+00   1.034540E-03   6.456106E+01  -1.080604E-16  -7.764096E-18  -4.845227E-13   1.200000E+02   4.766265E-02
  1.035000000000E+01   4.931342E+00   1.029287E-03   6.456224E+01  -1.080932E-16  -5.549674E-18  -3.481045E-13   1.200000E+02   4.949230E-02
  1.035500000000E+01   4.931348E+00   1.025729E-03   6.456495E+01  -1.081123E-16  -2.321105E-18  -1.461030E-13   1.200000E+02   5.131428E-02
  1.036000000000E+01   4.931353E+00   1.023195E-03   6.456860E+01  -1.081127E-16   2.119169E-18   1.337299E-13   1.200000E+02   5.312851E-02
  1.036500000000E+01   4.931358E+00   1.019659E-03   6.457126E+01  -1.080915E-16   6.308516E-18   3.994952E-13   1.200000E+02   5.493502E-02
  1.037000000000E+01   4.931363E+00   1.012293E-03   6.457027E+01  -1.080500E-16   1.010192E-17   6.443626E-13   1.200000E+02   5.673416E-02
  1.037500000000E+01   4.931368E+00   9.984347E-04   6.456298E+01  -1.079914E-16   1.294212E-17   8.368920E-13   1.200000E+02   5.852655E-02
  1.038000000000E+01   4.931373E+00   9.766630E-04   6.454774E+01  -1.079242E-16   1.351238E-17   8.930342E-13   1.200000E+02   6.031306E-02
  1.038500000000E+01   4.931378E+00   9.475523E-04   6.452459E+01  -1.078574E-16   1.282624E-17   8.734165E-13   1.200000E+02   6.209457E-02
  1.039000000000E+01   4.931382E+00   9.137293E-04   6.449559E+01  -1.077999E-16   1.002585E-17   7.076749E-13   1.200000E+02   6.387183E-02
  1.039500000000E+01   4.931387E+00   8.791995E-04   6.446449E+01  -1.077578E-16   6.567775E-18   4.815611E-13   1.200000E+02   6.564517E-02
  1.040000000000E+01   4.931391E+00   8.482673E-04   6.443597E+01  -1.077364E-16   2.131663E-18   1.619251E-13   1.200000E+02   6.741450E-02
  1.040500000000E+01   4.931395E+00   8.245039E-04   6.441455E+01  -1.077360E-16  -2.067829E-18  -1.615496E-13   1.200000E+02   6.917926E-02
  1.041000000000E+01   4.931399E+00   8.100523E-04   6.440341E+01  -1.077569E-16  -6.213163E-18  -4.939790E-13   1.200000E+02   7.093859E-02
  1.041500000000E+01   4.931403E+00   8.053037E-04   6.440357E+01  -1.077966E-16  -9.423405E-18  -7.536299E-13   1.200000E+02   7.269150E-02
  1.042000000000E+01   4.931408E+00   8.088423E-04   6.441357E+01  -1.078510E-16  -1.226754E-17  -9.769473E-13   1.200000E+02   7.443706E-02
  1.042500000000E+01   4.931412E+00   8.176036E-04   6.442967E+01  -1.079144E-16  -1.299790E-17  -1.024275E-12   1.200000E+02   7.617457E-02
  1.043000000000E+01   4.931416E+00   8.273054E-04   6.444673E+01  -1.079794E-16  -1.257554E-17  -9.796287E-13   1.200000E+02   7.790377E-02
  1.043500000000E+01   4.931420E+00   8.332487E-04   6.445931E+01  -1.080378E-16  -1.091576E-17  -8.444329E-13   1.200000E+02   7.962486E-02
  1.044000000000E+01   4.931424E+00   8.314330E-04   6.446290E+01  -1.080848E-16  -7.568599E-18  -5.868108E-13   1.200000E+02   8.133855E-02
  1.044500000000E+01   4.931428E+00   8.196658E-04   6.445488E+01  -1.081144E-16  -4.105871E-18  -3.228675E-13   1.200000E+02   8.304587E-02
  1.045000000000E+01   4.931432E+00   7.981851E-04   6.443503E+01  -1.081237E-16   3.475030E-19   2.805285E-14   1.200000E+02   8.474798E-02
  1.045500000000E+01   4.931436E+00   7.694764E-04   6.440549E+01  -1.081155E-16   3.116160E-18   2.608238E-13   1.200000E+02   8.644584E-02
  1.046000000000E+01   4.931440E+00   7.373868E-04   6.437021E+01  -1.080943E-16   5.271306E-18   4.601589E-13   1.200000E+02   8.814010E-02
  1.046500000000E+01   4.931443E+00   7.059812E-04   6.433404E+01  -1.080643E-16   6.805696E-18   6.201835E-13   1.200000E+02   8.983094E-02
  1.047000000000E+01   4.931447E+00   6.786199E-04   6.430169E+01  -1.080302E-16   6.771114E-18   6.415875E-13   1.200000E+02   9.151813E-02
  1.047500000000E+01   4.931450E+00   6.574868E-04   6.427689E+01  -1.079975E-16   6.283385E-18   6.142731E-13   1.200000E+02   9.320114E-02
  1.048000000000E+01   4.931454E+00   6.435328E-04   6.426187E+01  -1.079685E-16   5.205448E-18   5.198054E-13   1.200000E+02   9.487927E-02
  1.048500000000E+01   4.931457E+00   6.366673E-04   6.425711E+01  -1.079455E-16   3.976580E-18   4.013455E-13   1.200000E+02   9.655180E-02
  1.049000000000E+01   4.931460E+00   6.360449E-04   6.426170E+01  -1.079298E-16   2.202580E-18   2.225339E-13   1.200000E+02   9.821804E-02
  1.049500000000E+01   4.931463E+00   6.403590E-04   6.427369E+01  -1.079236E-16   1.888999E-19   1.896013E-14   1.200000E+02   9.987744E-02
  1.050000000000E+01   4.931466E+00   6.481053E-04   6.429071E+01  -1.079284E-16  -1.971567E-18  -1.955754E-13   1.200000E+02   1.015296E-01
  1.050500000000E+01   4.931470E+00   6.577916E-04   6.431041E+01  -1.079432E-16  -3.964909E-18  -3.876379E-13   1.200000E+02   1.031743E-01
  1.051000000000E+01   4.931473E+00   6.680702E-04   6.433072E+01  -1.079670E-16  -5.466449E-18  -5.263828E-13   1.200000E+02   1.048114E-01
  1.051500000000E+01   4.931476E+00   6.777762E-04   6.434997E+01  -1.079993E-16  -7.310256E-18  -6.940562E-13   1.200000E+02   1.064409E-01
  1.052000000000E+01   4.931480E+00   6.858884E-04   6.436677E+01  -1.080369E-16  -7.842525E-18  -7.359769E-13   1.200000E+02   1.080632E-01
  1.052500000000E+01   4.931483E+00   6.914617E-04   6.437990E+01  -1.080762E-16  -7.656824E-18  -7.129036E-13   1.200000E+02   1.096784E-01
  1.053000000000E+01   4.931487E+00   6.936033E-04   6.438820E+01  -1.081126E-16  -6.848056E-18  -6.357150E-13   1.200000E+02   1.112869E-01
  1.053500000000E+01   4.931490E+00   6.915447E-04   6.439066E+01  -1.081430E-16  -5.184393E-18  -4.827258E-13   1.200000E+02   1.128891E-01
  1.054000000000E+01   4.931493E+00   6.848175E-04   6.438657E+01  -1.081635E-16  -2.960496E-18  -2.783459E-13   1.200000E+02   1.144857E-01
  1.054500000000E+01   4.931497E+00   6.734694E-04   6.437580E+01  -1.081713E-16  -2.882544E-19  -2.755375E-14   1.200000E+02   1.160772E-01
  1.055000000000E+01   4.931500E+00   6.582180E-04   6.435907E+01  -1.081668E-16   2.190352E-18   2.141677E-13   1.200000E+02   1.176640E-01
  1.055500000000E+01   4.931503E+00   6.404425E-04   6.433804E+01  -1.081500E-16   4.380830E-18   4.400926E-13   1.200000E+02   1.192466E-01
  1.056000000000E+01   4.931507E+00   6.219832E-04   6.431520E+01  -1.081248E-16   5.669221E-18   5.862169E-13   1.200000E+02   1.208251E-01
  1.056500000000E+01   4.931510E+00   6.048029E-04   6.429353E+01  -1.080953E-16   6.143539E-18   6.530885E-13   1.200000E+02   1.223997E-01
  1.057000000000E+01   4.931513E+00   5.906143E-04   6.427594E+01  -1.080660E-16   5.505300E-18   5.991361E-13   1.200000E+02   1.239700E-01
  1.057500000000E+01   4.931516E+00   5.805713E-04   6.426467E+01  -1.080404E-16   4.119138E-18   4.559561E-13   1.200000E+02   1.255358E-01
  1.058000000000E+01   4.931518E+00   5.750728E-04   6.426071E+01  -1.080241E-16   2.421731E-18   2.706129E-13   1.200000E+02   1.270965E-01
  1.058500000000E+01   4.931521E+00   5.736864E-04   6.426355E+01  -1.080178E-16   1.703405E-19   1.908131E-14   1.200000E+02   1.286518E-01
  1.059000000000E+01   4.931524E+00   5.751944E-04   6.427121E+01  -1.080225E-16  -1.975017E-18  -2.206849E-13   1.200000E+02   1.302014E-01
  1.059500000000E+01   4.931527E+00   5.777780E-04   6.428063E+01  -1.080377E-16  -3.742248E-18  -4.163434E-13   1.200000E+02   1.317449E-01
  1.060000000000E+01   4.931530E+00   5.793585E-04   6.428835E+01  -1.080593E-16  -4.985911E-18  -5.532602E-13   1.200000E+02   1.332825E-01
  1.060500000000E+01   4.931533E+00   5.780688E-04   6.429129E+01  -1.080861E-16  -5.500311E-18  -6.117301E-13   1.200000E+02   1.348144E-01
  1.061000000000E+01   4.931536E+00   5.727441E-04   6.428747E+01  -1.081134E-16  -5.424599E-18  -6.088823E-13   1.200000E+02   1.363411E-01
  1.061500000000E+01   4.931539E+00   5.632570E-04   6.427648E+01  -1.081378E-16  -4.231859E-18  -4.829217E-13   1.200000E+02   1.378630E-01
  1.062000000000E+01   4.931541E+00   5.505526E-04   6.425961E+01  -1.081558E-16  -2.987714E-18  -3.487212E-13   1.200000E+02   1.393806E-01
  1.062500000000E+01   4.931544E+00   5.363661E-04   6.423957E+01  -1.081679E-16  -1.970909E-18  -2.360521E-13   1.200000E+02   1.408942E-01
  1.063000000000E+01   4.931547E+00   5.227477E-04   6.421988E+01  -1.081749E-16  -8.276765E-19  -1.016806E-13   1.200000E+02   1.424039E-01
  1.063500000000E+01   4.931549E+00   5.115806E-04   6.420415E+01  -1.081772E-16  -2.298754E-19  -2.884971E-14   1.200000E+02   1.439094E-01
  1.064000000000E+01   4.931552E+00   5.042298E-04   6.419523E+01  -1.081769E-16   2.818483E-19   3.588308E-14   1.200000E+02   1.454106E-01
  1.064500000000E+01   4.931554E+00   5.013613E-04   6.419471E+01  -1.081743E-16   6.342143E-19   8.120532E-14   1.200000E+02   1.469070E-01
  1.065000000000E+01   4.931557E+00   5.029013E-04   6.420260E+01  -1.081706E-16   8.145971E-19   1.039951E-13   1.200000E+02   1.483982E-01
  1.065500000000E+01   4.931559E+00   5.080911E-04   6.421738E+01  -1.081670E-16   5.649606E-19   7.140509E-14   1.200000E+02   1.498836E-01
  1.066000000000E+01   4.931562E+00   5.156173E-04   6.423641E+01  -1.081646E-16   4.111738E-19   5.122467E-14   1.200000E+02   1.513632E-01
  1.066500000000E+01   4.931565E+00   5.238159E-04   6.425644E+01  -1.081631E-16  -9.714836E-20  -1.191718E-14   1.200000E+02   1.528366E-01
  1.067000000000E+01   4.931567E+00   5.309475E-04   6.427428E+01  -1.081628E-16   1.878123E-19   2.273577E-14   1.200000E+02   1.543040E-01
  1.067500000000E+01   4.931570E+00   5.355030E-04   6.428733E+01  -1.081619E-16   1.609509E-19   1.932221E-14   1.200000E+02   1.557657E-01
  1.068000000000E+01   4.931573E+00   5.364669E-04   6.429389E+01  -1.081610E-16   7.303778E-20   8.753350E-15   1.200000E+02   1.572219E-01
  1.068500000000E+01   4.931575E+00   5.334618E-04   6.429331E+01  -1.081611E-16  -1.782751E-19  -2.148588E-14   1.200000E+02   1.586732E-01
  1.069000000000E+01   4.931578E+00   5.267341E-04   6.428592E+01  -1.081636E-16  -8.106790E-19  -9.894032E-14   1.200000E+02   1.601200E-01
  1.069500000000E+01   4.931581E+00   5.170081E-04   6.427281E+01  -1.081688E-16  -1.467354E-18  -1.824168E-13   1.200000E+02   1.615627E-01
  1.070000000000E+01   4.931583E+00   5.052768E-04   6.425555E+01  -1.081785E-16  -2.389312E-18  -3.038464E-13   1.200000E+02   1.630016E-01
  1.070500000000E+01   4.931586E+00   4.926062E-04   6.423593E+01  -1.081917E-16  -2.911249E-18  -3.796274E-13   1.200000E+02   1.644369E-01
  1.071000000000E+01   4.931588E+00   4.800003E-04   6.421579E+01  -1.082077E-16  -3.346288E-18  -4.476758E-13   1.200000E+02   1.658687E-01
  1.071500000000E+01   4.931590E+00   4.683341E-04   6.419690E+01  -1.082236E-16  -2.809723E-18  -3.851428E-13   1.200000E+02   1.672969E-01
  1.072000000000E+01   4.931593E+00   4.583358E-04   6.418091E+01  -1.082363E-16  -2.337982E-18  -3.273884E-13   1.200000E+02   1.687214E-01
  1.072500000000E+01   4.931595E+00   4.505851E-04   6.416925E+01  -1.082453E-16  -1.294734E-18  -1.843871E-13   1.200000E+02   1.701421E-01
  1.073000000000E+01   4.931597E+00   4.455044E-04   6.416306E+01  -1.082481E-16  -3.812349E-20  -5.490674E-15   1.200000E+02   1.715587E-01
  1.073500000000E+01   4.931599E+00   4.433276E-04   6.416304E+01  -1.082451E-16   1.350306E-18   1.954305E-13   1.200000E+02   1.729710E-01
  1.074000000000E+01   4.931602E+00   4.440455E-04   6.416926E+01  -1.082361E-16   2.302603E-18   3.327505E-13   1.200000E+02   1.743786E-01
  1.074500000000E+01   4.931604E+00   4.473406E-04   6.418101E+01  -1.082218E-16   3.366241E-18   4.829625E-13   1.200000E+02   1.757812E-01
  1.075000000000E+01   4.931606E+00   4.525314E-04   6.419672E+01  -1.082033E-16   3.897905E-18   5.529620E-13   1.200000E+02   1.771787E-01
  1.075500000000E+01   4.931608E+00   4.585614E-04   6.421404E+01  -1.081844E-16   3.543657E-18   4.962313E-13   1.200000E+02   1.785710E-01
  1.076000000000E+01   4.931611E+00   4.640705E-04   6.423010E+01  -1.081686E-16   2.711284E-18   3.752577E-13   1.200000E+02   1.799580E-01
  1.076500000000E+01   4.931613E+00   4.675785E-04   6.424192E+01  -1.081588E-16   1.175439E-18   1.614968E-13   1.200000E+02   1.813399E-01
  1.077000000000E+01   4.931615E+00   4.677722E-04   6.424688E+01  -1.081570E-16  -5.181359E-19  -7.116416E-14   1.200000E+02   1.827171E-01
  1.077500000000E+01   4.931618E+00   4.638299E-04   6.424331E+01  -1.081646E-16  -2.353526E-18  -3.259779E-13   1.200000E+02   1.840900E-01
  1.078000000000E+01   4.931620E+00   4.556743E-04   6.423082E+01  -1.081806E-16  -3.943512E-18  -5.558685E-13   1.200000E+02   1.854590E-01
  1.078500000000E+01   4.931622E+00   4.440440E-04   6.421052E+01  -1.082026E-16  -4.829936E-18  -6.984279E-13   1.200000E+02   1.868247E-01
  1.079000000000E+01   4.931624E+00   4.303462E-04   6.418496E+01  -1.082278E-16  -5.100791E-18  -7.607690E-13   1.200000E+02   1.881873E-01
  1.079500000000E+01   4.931627E+00   4.163457E-04   6.415772E+01  -1.082521E-16  -4.566418E-18  -7.036723E-13   1.200000E+02   1.895470E-01
  1.080000000000E+01   4.931629E+00   4.038094E-04   6.413287E+01  -1.082723E-16  -3.461142E-18  -5.496974E-13   1.200000E+02   1.909038E-01
  1.080500000000E+01   4.931631E+00   3.942144E-04   6.411427E+01  -1.082855E-16  -1.768044E-18  -2.875512E-13   1.200000E+02   1.922574E-01
  1.081000000000E+01   4.931633E+00   3.885718E-04   6.410491E+01  -1.082900E-16  -1.412430E-19  -2.330166E-14   1.200000E+02   1.936076E-01
  1.081500000000E+01   4.931634E+00   3.873513E-04   6.410635E+01  -1.082872E-16   1.142624E-18   1.891033E-13   1.200000E+02   1.949538E-01
  1.082000000000E+01   4.931636E+00   3.904649E-04   6.411848E+01  -1.082791E-16   2.004505E-18   3.291610E-13   1.200000E+02   1.962955E-01
  1.082500000000E+01   4.931638E+00   3.972756E-04   6.413952E+01  -1.082676E-16   2.396241E-18   3.868694E-13   1.200000E+02   1.976325E-01
  1.083000000000E+01   4.931640E+00   4.066309E-04   6.416628E+01  -1.082555E-16   2.296099E-18   3.623239E-13   1.200000E+02   1.989644E-01
  1.083500000000E+01   4.931642E+00   4.169506E-04   6.419474E+01  -1.082461E-16   1.619791E-18   2.493869E-13   1.200000E+02   2.002910E-01
  1.084000000000E+01   4.931645E+00   4.264073E-04   6.422065E+01  -1.082400E-16   8.709152E-19   1.311674E-13   1.200000E+02   2.016123E-01
  1.084500000000E+01   4.931647E+00   4.332122E-04   6.424021E+01  -1.082387E-16  -1.844376E-19  -2.734990E-14   1.200000E+02   2.029285E-01
  1.085000000000E+01   4.931649E+00   4.359608E-04   6.425063E+01  -1.082432E-16  -1.407052E-18  -2.073672E-13   1.200000E+02   2.042401E-01
  1.085500000000E+01   4.931651E+00   4.339384E-04   6.425050E+01  -1.082521E-16  -2.326961E-18  -3.445384E-13   1.200000E+02   2.055476E-01
  1.086000000000E+01   4.931653E+00   4.272739E-04   6.423997E+01  -1.082648E-16  -2.535951E-18  -3.812763E-13   1.200000E+02   2.068515E-01
  1.086500000000E+01   4.931655E+00   4.168821E-04   6.422064E+01  -1.082772E-16  -2.362833E-18  -3.639941E-13   1.200000E+02   2.081523E-01
  1.087000000000E+01   4.931657E+00   4.042210E-04   6.419534E+01  -1.082891E-16  -2.164247E-18  -3.437093E-13   1.200000E+02   2.094503E-01
  1.087500000000E+01   4.931659E+00   3.909598E-04   6.416761E+01  -1.082987E-16  -1.500820E-18  -2.463272E-13   1.200000E+02   2.107458E-01
  1.088000000000E+01   4.931661E+00   3.786701E-04   6.414124E+01  -1.083052E-16  -9.903114E-19  -1.677444E-13   1.200000E+02   2.120387E-01
  1.088500000000E+01   4.931663E+00   3.686103E-04   6.411967E+01  -1.083080E-16  -2.417482E-19  -4.205205E-14   1.200000E+02   2.133288E-01
  1.089000000000E+01   4.931665E+00   3.616164E-04   6.410555E+01  -1.083086E-16   2.464865E-19   4.369588E-14   1.200000E+02   2.146159E-01
  1.089500000000E+01   4.931667E+00   3.580748E-04   6.410035E+01  -1.083055E-16   8.919104E-19   1.596643E-13   1.200000E+02   2.158997E-01
  1.090000000000E+01   4.931669E+00   3.579341E-04   6.410422E+01  -1.083004E-16   1.060486E-18   1.899277E-13   1.200000E+02   2.171797E-01
  1.090500000000E+01   4.931670E+00   3.607344E-04   6.411593E+01  -1.082953E-16   1.069503E-18   1.900905E-13   1.200000E+02   2.184558E-01
  1.091000000000E+01   4.931672E+00   3.656473E-04   6.413314E+01  -1.082895E-16   1.210128E-18   2.122517E-13   1.200000E+02   2.197276E-01
  1.091500000000E+01   4.931674E+00   3.715462E-04   6.415270E+01  -1.082836E-16   1.205247E-18   2.081029E-13   1.200000E+02   2.209949E-01
  1.092000000000E+01   4.931676E+00   3.771309E-04   6.417121E+01  -1.082789E-16   7.979740E-19   1.357803E-13   1.200000E+02   2.222578E-01
  1.092500000000E+01   4.931678E+00   3.811148E-04   6.418547E+01  -1.082760E-16   2.865234E-19   4.825486E-14   1.200000E+02   2.235164E-01
  1.093000000000E+01   4.931680E+00   3.824523E-04   6.419300E+01  -1.082756E-16  -2.286500E-19  -3.837794E-14   1.200000E+02   2.247709E-01
  1.093500000000E+01   4.931682E+00   3.805480E-04   6.419235E+01  -1.082785E-16  -7.539393E-19  -1.271775E-13   1.200000E+02   2.260217E-01
  1.094000000000E+01   4.931684E+00   3.753752E-04   6.418335E+01  -1.082836E-16  -1.357267E-18  -2.320716E-13   1.200000E+02   2.272692E-01
  1.094500000000E+01   4.931685E+00   3.674579E-04   6.416701E+01  -1.082908E-16  -1.552443E-18  -2.710939E-13   1.200000E+02   2.285138E-01
  1.095000000000E+01   4.931687E+00   3.577225E-04   6.414535E+01  -1.082987E-16  -1.526275E-18  -2.736855E-13   1.200000E+02   2.297556E-01
  1.095500000000E+01   4.931689E+00   3.472750E-04   6.412101E+01  -1.083071E-16  -1.607060E-18  -2.967283E-13   1.200000E+02   2.309949E-01
  1.096000000000E+01   4.931691E+00   3.371792E-04   6.409678E+01  -1.083149E-16  -1.680772E-18  -3.195099E-13   1.200000E+02   2.322317E-01
  1.096500000000E+01   4.931692E+00   3.282930E-04   6.407524E+01  -1.083221E-16  -1.213166E-18  -2.367822E-13   1.200000E+02   2.334658E-01
  1.097000000000E+01   4.931694E+00   3.211835E-04   6.405830E+01  -1.083272E-16  -8.167138E-19  -1.628891E-13   1.200000E+02   2.346973E-01
  1.097500000000E+01   4.931696E+00   3.161121E-04   6.404710E+01  -1.083300E-16  -2.947477E-19  -5.971849E-14   1.200000E+02   2.359258E-01
  1.098000000000E+01   4.931697E+00   3.130665E-04   6.404186E+01  -1.083308E-16   4.129324E-20   8.447075E-15   1.200000E+02   2.371512E-01
  1.098500000000E+01   4.931699E+00   3.118169E-04   6.404208E+01  -1.083297E-16   3.961738E-19   8.136759E-14   1.200000E+02   2.383733E-01
  1.099000000000E+01   4.931700E+00   3.119806E-04   6.404662E+01  -1.083272E-16   5.205366E-19   1.068612E-13   1.200000E+02   2.395920E-01
  1.099500000000E+01   4.931702E+00   3.130857E-04   6.405405E+01  -1.083244E-16   4.720039E-19   9.656704E-14   1.200000E+02   2.408070E-01
  1.100000000000E+01   4.931703E+00   3.146288E-04   6.406278E+01  -1.083222E-16   3.361436E-19   6.844348E-14   1.200000E+02   2.420184E-01
  1.100500000000E+01   4.931705E+00   3.161238E-04   6.407134E+01  -1.083221E-16  -2.104202E-19  -4.264755E-14   1.200000E+02   2.432262E-01
  1.101000000000E+01   4.931707E+00   3.171389E-04   6.407841E+01  -1.083241E-16  -7.494882E-19  -1.514353E-13   1.200000E+02   2.444304E-01
  1.101500000000E+01   4.931708E+00   3.173245E-04   6.408295E+01  -1.083302E-16  -1.475505E-18  -2.979749E-13   1.200000E+02   2.456311E-01
  1.102000000000E+01   4.931710E+00   3.164360E-04   6.408423E+01  -1.083389E-16  -1.897291E-18  -3.842370E-13   1.200000E+02   2.468285E-01
  1.102500000000E+01   4.931711E+00   3.143549E-04   6.408185E+01  -1.083498E-16  -2.402149E-18  -4.896828E-13   1.200000E+02   2.480226E-01
  1.103000000000E+01   4.931713E+00   3.111094E-04   6.407584E+01  -1.083626E-16  -2.621114E-18  -5.398424E-13   1.200000E+02   2.492136E-01
  1.103500000000E+01   4.931714E+00   3.068883E-04   6.406667E+01  -1.083757E-16  -2.555406E-18  -5.334721E-13   1.200000E+02   2.504017E-01
  1.104000000000E+01   4.931716E+00   3.020397E-04   6.405531E+01  -1.083877E-16  -2.110858E-18  -4.476620E-13   1.200000E+02   2.515870E-01
  1.104500000000E+01   4.931717E+00   2.970441E-04   6.404322E+01  -1.083964E-16  -1.359542E-18  -2.931195E-13   1.200000E+02   2.527695E-01
  1.105000000000E+01   4.931719E+00   2.924607E-04   6.403220E+01  -1.084007E-16  -4.765269E-19  -1.043322E-13   1.200000E+02   2.539492E-01
  1.105500000000E+01   4.931720E+00   2.888499E-04   6.402418E+01  -1.084021E-16  -3.538678E-20  -7.843551E-15   1.200000E+02   2.551260E-01
  1.106000000000E+01   4.931722E+00   2.866861E-04   6.402085E+01  -1.084005E-16   6.297532E-19   1.406323E-13   1.200000E+02   2.562999E-01
  1.106500000000E+01   4.931723E+00   2.862699E-04   6.402334E+01  -1.083951E-16   1.421770E-18   3.179743E-13   1.200000E+02   2.574708E-01
  1.107000000000E+01   4.931725E+00   2.876524E-04   6.403183E+01  -1.083870E-16   1.830294E-18   4.074261E-13   1.200000E+02   2.586383E-01
  1.107500000000E+01   4.931726E+00   2.905791E-04   6.404541E+01  -1.083768E-16   2.105993E-18   4.641736E-13   1.200000E+02   2.598024E-01
  1.108000000000E+01   4.931728E+00   2.944696E-04   6.406203E+01  -1.083659E-16   2.152452E-18   4.682672E-13   1.200000E+02   2.609629E-01
  1.108500000000E+01   4.931729E+00   2.984547E-04   6.407877E+01  -1.083554E-16   1.980252E-18   4.251637E-13   1.200000E+02   2.621198E-01
  1.109000000000E+01   4.931731E+00   3.014954E-04   6.409232E+01  -1.083463E-16   1.518750E-18   3.228581E-13   1.200000E+02   2.632731E-01
  1.109500000000E+01   4.931732E+00   3.025859E-04   6.409960E+01  -1.083411E-16   7.069345E-19   1.497566E-13   1.200000E+02   2.644231E-01
  1.110000000000E+01   4.931734E+00   3.010041E-04   6.409837E+01  -1.083398E-16  -2.206602E-19  -4.698925E-14   1.200000E+02   2.655700E-01
  1.110500000000E+01   4.931735E+00   2.965302E-04   6.408779E+01  -1.083432E-16  -1.140091E-18  -2.464029E-13   1.200000E+02   2.667140E-01
  1.111000000000E+01   4.931737E+00   2.895402E-04   6.406868E+01  -1.083506E-16  -1.698256E-18  -3.757855E-13   1.200000E+02   2.678557E-01
  1.111500000000E+01   4.931738E+00   2.809302E-04   6.404347E+01  -1.083607E-16  -2.302015E-18  -5.247887E-13   1.200000E+02   2.689951E-01
  1.112000000000E+01   4.931739E+00   2.718997E-04   6.401588E+01  -1.083723E-16  -2.316402E-18  -5.453721E-13   1.200000E+02   2.701324E-01
  1.112500000000E+01   4.931741E+00   2.636824E-04   6.399018E+01  -1.083834E-16  -2.127856E-18  -5.163858E-13   1.200000E+02   2.712676E-01
  1.113000000000E+01   4.931742E+00   2.573169E-04   6.397048E+01  -1.083930E-16  -1.727406E-18  -4.294433E-13   1.200000E+02   2.724006E-01
  1.113500000000E+01   4.931743E+00   2.535013E-04   6.395989E+01  -1.083999E-16  -1.136649E-18  -2.867833E-13   1.200000E+02   2.735311E-01
  1.114000000000E+01   4.931744E+00   2.525301E-04   6.395994E+01  -1.084040E-16  -4.853894E-19  -1.229377E-13   1.200000E+02   2.746588E-01
  1.114500000000E+01   4.931746E+00   2.542806E-04   6.397030E+01  -1.084045E-16   2.070354E-19   5.208465E-14   1.200000E+02   2.757836E-01
  1.115000000000E+01   4.931747E+00   2.582275E-04   6.398881E+01  -1.084031E-16   4.661169E-19   1.155038E-13   1.200000E+02   2.769050E-01
  1.115500000000E+01   4.931748E+00   2.634871E-04   6.401187E+01  -1.084003E-16   7.271148E-19   1.766461E-13   1.200000E+02   2.780230E-01
  1.116000000000E+01   4.931750E+00   2.689123E-04   6.403513E+01  -1.083970E-16   5.519684E-19   1.314382E-13   1.200000E+02   2.791374E-01
  1.116500000000E+01   4.931751E+00   2.732595E-04   6.405421E+01  -1.083946E-16   3.827010E-19   8.970817E-14   1.200000E+02   2.802484E-01
  1.117000000000E+01   4.931752E+00   2.754165E-04   6.406543E+01  -1.083937E-16  -7.953648E-20  -1.850121E-14   1.200000E+02   2.813560E-01
  1.117500000000E+01   4.931754E+00   2.746383E-04   6.406638E+01  -1.083952E-16  -3.979282E-19  -9.282688E-14   1.200000E+02   2.824608E-01
  1.118000000000E+01   4.931755E+00   2.707081E-04   6.405619E+01  -1.083985E-16  -7.267430E-19  -1.719652E-13   1.200000E+02   2.835629E-01
  1.118500000000E+01   4.931756E+00   2.639620E-04   6.403561E+01  -1.084027E-16  -7.768684E-19  -1.884636E-13   1.200000E+02   2.846627E-01
  1.119000000000E+01   4.931758E+00   2.551715E-04   6.400674E+01  -1.084062E-16  -5.897285E-19  -1.479264E-13   1.200000E+02   2.857605E-01
  1.119500000000E+01   4.931759E+00   2.453390E-04   6.397265E+01  -1.084085E-16  -3.786763E-19  -9.874064E-14   1.200000E+02   2.868565E-01
  1.120000000000E+01   4.931760E+00   2.354875E-04   6.393693E+01  -1.084097E-16  -7.278735E-20  -1.976241E-14   1.200000E+02   2.879507E-01
  1.120500000000E+01   4.931761E+00   2.265050E-04   6.390322E+01  -1.084093E-16   1.693469E-19   4.777737E-14   1.200000E+02   2.890432E-01
  1.121000000000E+01   4.931763E+00   2.190666E-04   6.387478E+01  -1.084084E-16   3.404404E-19   9.926460E-14   1.200000E+02   2.901337E-01
  1.121500000000E+01   4.931764E+00   2.136217E-04   6.385423E+01  -1.084068E-16   3.818801E-19   1.141488E-13   1.200000E+02   2.912222E-01
  1.122000000000E+01   4.931765E+00   2.104162E-04   6.384332E+01  -1.084053E-16   2.215405E-19   6.721861E-14   1.200000E+02   2.923083E-01
  1.122500000000E+01   4.931766E+00   2.095224E-04   6.384282E+01  -1.084043E-16   1.001661E-19   3.052126E-14   1.200000E+02   2.933919E-01
  1.123000000000E+01   4.931767E+00   2.108579E-04   6.385250E+01  -1.084045E-16  -1.188586E-19  -3.599307E-14   1.200000E+02   2.944728E-01
  1.123500000000E+01   4.931768E+00   2.141857E-04   6.387111E+01  -1.084055E-16  -2.639948E-19  -7.872437E-14   1.200000E+02   2.955506E-01
  1.124000000000E+01   4.931769E+00   2.191006E-04   6.389645E+01  -1.084067E-16  -1.822345E-19  -5.314519E-14   1.200000E+02   2.966252E-01
  1.124500000000E+01   4.931770E+00   2.250139E-04   6.392557E+01  -1.084080E-16  -2.702457E-19  -7.677573E-14   1.200000E+02   2.976966E-01
  1.125000000000E+01   4.931771E+00   2.311617E-04   6.395499E+01  -1.084095E-16  -1.991472E-19  -5.509761E-14   1.200000E+02   2.987646E-01
  1.125500000000E+01   4.931772E+00   2.366573E-04   6.398108E+01  -1.084112E-16  -4.117669E-19  -1.113225E-13   1.200000E+02   2.998293E-01
  1.126000000000E+01   4.931774E+00   2.406053E-04   6.400048E+01  -1.084133E-16  -5.566993E-19  -1.480808E-13   1.200000E+02   3.008907E-01
  1.126500000000E+01   4.931775E+00   2.422641E-04   6.401059E+01  -1.084165E-16  -8.431474E-19  -2.227748E-13   1.200000E+02   3.019493E-01
  1.127000000000E+01   4.931776E+00   2.412166E-04   6.400993E+01  -1.084218E-16  -1.269346E-18  -3.368372E-13   1.200000E+02   3.030051E-01
  1.127500000000E+01   4.931777E+00   2.374833E-04   6.399845E+01  -1.084291E-16  -1.607738E-18  -4.332629E-13   1.200000E+02   3.040586E-01
  1.128000000000E+01   4.931778E+00   2.315298E-04   6.397756E+01  -1.084385E-16  -2.132001E-18  -5.891261E-13   1.200000E+02   3.051100E-01
  1.128500000000E+01   4.931779E+00   2.241564E-04   6.394997E+01  -1.084496E-16  -2.213180E-18  -6.314021E-13   1.200000E+02   3.061595E-01
  1.129000000000E+01   4.931781E+00   2.163139E-04   6.391925E+01  -1.084603E-16  -1.961578E-18  -5.796327E-13   1.200000E+02   3.072073E-01
  1.129500000000E+01   4.931782E+00   2.089101E-04   6.388929E+01  -1.084693E-16  -1.551910E-18  -4.746079E-13   1.200000E+02   3.082534E-01
  1.130000000000E+01   4.931783E+00   2.026635E-04   6.386361E+01  -1.084759E-16  -1.042846E-18  -3.286231E-13   1.200000E+02   3.092976E-01
  1.130500000000E+01   4.931784E+00   1.980253E-04   6.384484E+01  -1.084788E-16  -1.101829E-19  -3.552380E-14   1.200000E+02   3.103398E-01
  1.131000000000E+01   4.931785E+00   1.951620E-04   6.383430E+01  -1.084772E-16   7.333432E-19   2.398646E-13   1.200000E+02   3.113799E-01
  1.131500000000E+01   4.931786E+00   1.939782E-04   6.383190E+01  -1.084718E-16   1.473925E-18   4.850208E-13   1.200000E+02   3.124177E-01
  1.132000000000E+01   4.931787E+00   1.941619E-04   6.383625E+01  -1.084626E-16   2.225705E-18   7.317635E-13   1.200000E+02   3.134531E-01
  1.132500000000E+01   4.931788E+00   1.952482E-04   6.384503E+01  -1.084502E-16   2.672541E-18   8.739051E-13   1.200000E+02   3.144858E-01
  1.133000000000E+01   4.931789E+00   1.966987E-04   6.385555E+01  -1.084364E-16   2.707960E-18   8.791023E-13   1.200000E+02   3.155159E-01
  1.133500000000E+01   4.931789E+00   1.979943E-04   6.386526E+01  -1.084232E-16   2.433106E-18   7.848253E-13   1.200000E+02   3.165433E-01
  1.134000000000E+01   4.931790E+00   1.987259E-04   6.387220E+01  -1.084129E-16   1.628343E-18   5.233631E-13   1.200000E+02   3.175682E-01
  1.134500000000E+01   4.931791E+00   1.986593E-04   6.387526E+01  -1.084078E-16   4.370381E-19   1.405216E-13   1.200000E+02   3.185905E-01
  1.135000000000E+01   4.931792E+00   1.977560E-04   6.387427E+01  -1.084081E-16  -6.100370E-19  -1.970392E-13   1.200000E+02   3.196105E-01
  1.135500000000E+01   4.931793E+00   1.961441E-04   6.386979E+01  -1.084138E-16  -1.711495E-18  -5.573088E-13   1.200000E+02   3.206281E-01
  1.136000000000E+01   4.931794E+00   1.940543E-04   6.386287E+01  -1.084244E-16  -2.515760E-18  -8.279314E-13   1.200000E+02   3.216436E-01
  1.136500000000E+01   4.931795E+00   1.917442E-04   6.385473E+01  -1.084388E-16  -3.131585E-18  -1.042882E-12   1.200000E+02   3.226568E-01
  1.137000000000E+01   4.931796E+00   1.894368E-04   6.384646E+01  -1.084545E-16  -3.148903E-18  -1.061284E-12   1.200000E+02   3.236679E-01
  1.137500000000E+01   4.931797E+00   1.872862E-04   6.383885E+01  -1.084699E-16  -2.950836E-18  -1.005830E-12   1.200000E+02   3.246769E-01
  1.138000000000E+01   4.931798E+00   1.853724E-04   6.383233E+01  -1.084833E-16  -2.360936E-18  -8.129799E-13   1.200000E+02   3.256837E-01
  1.138500000000E+01   4.931799E+00   1.837182E-04   6.382705E+01  -1.084928E-16  -1.526752E-18  -5.304217E-13   1.200000E+02   3.266883E-01
  1.139000000000E+01   4.931800E+00   1.823153E-04   6.382302E+01  -1.084983E-16  -6.627008E-19  -2.319913E-13   1.200000E+02   3.276907E-01
  1.139500000000E+01   4.931801E+00   1.811483E-04   6.382017E+01  -1.085001E-16   5.514620E-20   1.942850E-14   1.200000E+02   3.286908E-01
  1.140000000000E+01   4.931802E+00   1.802068E-04   6.381848E+01  -1.084978E-16   7.886933E-19   2.793080E-13   1.200000E+02   3.296888E-01
  1.140500000000E+01   4.931803E+00   1.794822E-04   6.381791E+01  -1.084931E-16   1.121064E-18   3.986132E-13   1.200000E+02   3.306845E-01
  1.141000000000E+01   4.931804E+00   1.789522E-04   6.381836E+01  -1.084869E-16   1.295981E-18   4.621759E-13   1.200000E+02   3.316780E-01
  1.141500000000E+01   4.931805E+00   1.785609E-04   6.381955E+01  -1.084803E-16   1.288541E-18   4.605380E-13   1.200000E+02   3.326692E-01
  1.142000000000E+01   4.931805E+00   1.782058E-04   6.382092E+01  -1.084744E-16   1.021666E-18   3.658898E-13   1.200000E+02   3.336581E-01
  1.142500000000E+01   4.931806E+00   1.777407E-04   6.382168E+01  -1.084702E-16   6.483481E-19   2.328035E-13   1.200000E+02   3.346448E-01
  1.143000000000E+01   4.931807E+00   1.770015E-04   6.382094E+01  -1.084680E-16   2.571286E-19   9.271214E-14   1.200000E+02   3.356293E-01
  1.143500000000E+01   4.931808E+00   1.758508E-04   6.381794E+01  -1.084677E-16  -1.269395E-19  -4.606754E-14   1.200000E+02   3.366116E-01
  1.144000000000E+01   4.931809E+00   1.742316E-04   6.381231E+01  -1.084691E-16  -4.174084E-19  -1.528758E-13   1.200000E+02   3.375917E-01
  1.144500000000E+01   4.931810E+00   1.722099E-04   6.380435E+01  -1.084718E-16  -6.057041E-19  -2.244154E-13   1.200000E+02   3.385699E-01
  1.145000000000E+01   4.931811E+00   1.699904E-04   6.379513E+01  -1.084749E-16  -6.210439E-19  -2.330695E-13   1.200000E+02   3.395460E-01
  1.145500000000E+01   4.931812E+00   1.678934E-04   6.378644E+01  -1.084775E-16  -4.479639E-19  -1.701915E-13   1.200000E+02   3.405202E-01
  1.146000000000E+01   4.931812E+00   1.662983E-04   6.378050E+01  -1.084793E-16  -2.801751E-19  -1.074557E-13   1.200000E+02   3.414923E-01
  1.146500000000E+01   4.931813E+00   1.655685E-04   6.377950E+01  -1.084802E-16  -1.728966E-20  -6.660237E-15   1.200000E+02   3.424623E-01
  1.147000000000E+01   4.931814E+00   1.659724E-04   6.378505E+01  -1.084796E-16   1.907820E-19   7.331966E-14   1.200000E+02   3.434302E-01
  1.147500000000E+01   4.931815E+00   1.676138E-04   6.379769E+01  -1.084785E-16   2.254898E-19   8.582663E-14   1.200000E+02   3.443957E-01
  1.148000000000E+01   4.931816E+00   1.703779E-04   6.381659E+01  -1.084779E-16   4.169621E-21   1.561769E-15   1.200000E+02   3.453589E-01
  1.148500000000E+01   4.931817E+00   1.739011E-04   6.383942E+01  -1.084784E-16  -1.998370E-19  -7.336055E-14   1.200000E+02   3.463195E-01
  1.149000000000E+01   4.931817E+00   1.775817E-04   6.386271E+01  -1.084800E-16  -4.175885E-19  -1.501750E-13   1.200000E+02   3.472775E-01
  1.149500000000E+01   4.931818E+00   1.806518E-04   6.388233E+01  -1.084828E-16  -7.144291E-19  -2.526374E-13   1.200000E+02   3.482331E-01
  1.150000000000E+01   4.931819E+00   1.823217E-04   6.389432E+01  -1.084868E-16  -8.970258E-19  -3.143611E-13   1.200000E+02   3.491862E-01
  1.150500000000E+01   4.931820E+00   1.819758E-04   6.389565E+01  -1.084912E-16  -8.936090E-19  -3.137655E-13   1.200000E+02   3.501371E-01
  1.151000000000E+01   4.931821E+00   1.793568E-04   6.388488E+01  -1.084952E-16  -7.236805E-19  -2.577668E-13   1.200000E+02   3.510861E-01
  1.151500000000E+01   4.931822E+00   1.746618E-04   6.386256E+01  -1.084978E-16  -3.822369E-19  -1.397594E-13   1.200000E+02   3.520333E-01
  1.152000000000E+01   4.931823E+00   1.684997E-04   6.383122E+01  -1.084992E-16  -8.815881E-20  -3.339641E-14   1.200000E+02   3.529790E-01
  1.152500000000E+01   4.931824E+00   1.617313E-04   6.379499E+01  -1.084989E-16   1.664421E-19   6.565315E-14   1.200000E+02   3.539234E-01
  1.153000000000E+01   4.931824E+00   1.552620E-04   6.375893E+01  -1.084973E-16   4.422294E-19   1.816032E-13   1.200000E+02   3.548664E-01
  1.153500000000E+01   4.931825E+00   1.498669E-04   6.372810E+01  -1.084948E-16   5.923134E-19   2.518702E-13   1.200000E+02   3.558080E-01
  1.154000000000E+01   4.931826E+00   1.460905E-04   6.370671E+01  -1.084921E-16   4.669523E-19   2.036272E-13   1.200000E+02   3.567479E-01
  1.154500000000E+01   4.931827E+00   1.442156E-04   6.369742E+01  -1.084902E-16   1.847408E-19   8.159668E-14   1.200000E+02   3.576862E-01
  1.155000000000E+01   4.931827E+00   1.442726E-04   6.370091E+01  -1.084901E-16  -1.300388E-19  -5.741624E-14   1.200000E+02   3.586225E-01
  1.155500000000E+01   4.931828E+00   1.460633E-04   6.371585E+01  -1.084916E-16  -4.214518E-19  -1.838461E-13   1.200000E+02   3.595566E-01
  1.156000000000E+01   4.931829E+00   1.491873E-04   6.373925E+01  -1.084948E-16  -7.653064E-19  -3.269720E-13   1.200000E+02   3.604884E-01
  1.156500000000E+01   4.931830E+00   1.530797E-04   6.376706E+01  -1.084993E-16  -1.028324E-18  -4.283598E-13   1.200000E+02   3.614178E-01
  1.157000000000E+01   4.931830E+00   1.570740E-04   6.379486E+01  -1.085046E-16  -1.070898E-18  -4.349402E-13   1.200000E+02   3.623447E-01
  1.157500000000E+01   4.931831E+00   1.604963E-04   6.381862E+01  -1.085095E-16  -8.755158E-19  -3.481338E-13   1.200000E+02   3.632693E-01
  1.158000000000E+01   4.931832E+00   1.627794E-04   6.383524E+01  -1.085131E-16  -5.536721E-19  -2.171269E-13   1.200000E+02   3.641915E-01
  1.158500000000E+01   4.931833E+00   1.635636E-04   6.384290E+01  -1.085149E-16  -1.265766E-19  -4.940593E-14   1.200000E+02   3.651115E-01
  1.159000000000E+01   4.931834E+00   1.627516E-04   6.384117E+01  -1.085145E-16   2.599134E-19   1.019540E-13   1.200000E+02   3.660296E-01
  1.159500000000E+01   4.931834E+00   1.604981E-04   6.383082E+01  -1.085124E-16   6.000642E-19   2.386483E-13   1.200000E+02   3.669459E-01
  1.160000000000E+01   4.931835E+00   1.571442E-04   6.381358E+01  -1.085095E-16   5.097405E-19   2.069969E-13   1.200000E+02   3.678605E-01
  1.160500000000E+01   4.931836E+00   1.531266E-04   6.379174E+01  -1.085070E-16   4.171651E-19   1.737889E-13   1.200000E+02   3.687735E-01
  1.161000000000E+01   4.931837E+00   1.488917E-04   6.376784E+01  -1.085057E-16   3.011616E-20   1.289825E-14   1.200000E+02   3.696851E-01
  1.161500000000E+01   4.931837E+00   1.448377E-04   6.374436E+01  -1.085064E-16  -3.394415E-19  -1.493912E-13   1.200000E+02   3.705952E-01
  1.162000000000E+01   4.931838E+00   1.412860E-04   6.372354E+01  -1.085090E-16  -7.498987E-19  -3.382232E-13   1.200000E+02   3.715037E-01
  1.162500000000E+01   4.931839E+00   1.384765E-04   6.370726E+01  -1.085134E-16  -1.026939E-18  -4.724518E-13   1.200000E+02   3.724107E-01
  1.163000000000E+01   4.931840E+00   1.365736E-04   6.369698E+01  -1.085190E-16  -1.168054E-18  -5.447722E-13   1.200000E+02   3.733160E-01
  1.163500000000E+01   4.931840E+00   1.356729E-04   6.369362E+01  -1.085246E-16  -1.083162E-18  -5.085062E-13   1.200000E+02   3.742195E-01
  1.164000000000E+01   4.931841E+00   1.358014E-04   6.369752E+01  -1.085294E-16  -8.117173E-19  -3.807353E-13   1.200000E+02   3.751212E-01
  1.164500000000E+01   4.931842E+00   1.369103E-04   6.370831E+01  -1.085326E-16  -4.492263E-19  -2.090380E-13   1.200000E+02   3.760209E-01
  1.165000000000E+01   4.931842E+00   1.388606E-04   6.372487E+01  -1.085340E-16  -7.482164E-20  -3.433658E-14   1.200000E+02   3.769185E-01
  1.165500000000E+01   4.931843E+00   1.414100E-04   6.374530E+01  -1.085333E-16   3.256142E-19   1.467815E-13   1.200000E+02   3.778140E-01
  1.166000000000E+01   4.931844E+00   1.442097E-04   6.376708E+01  -1.085309E-16   6.000496E-19   2.653317E-13   1.200000E+02   3.787074E-01
  1.166500000000E+01   4.931844E+00   1.468259E-04   6.378730E+01  -1.085277E-16   7.059622E-19   3.066995E-13   1.200000E+02   3.795986E-01
  1.167000000000E+01   4.931845E+00   1.487925E-04   6.380302E+01  -1.085246E-16   5.170602E-19   2.217182E-13   1.200000E+02   3.804876E-01
  1.167500000000E+01   4.931846E+00   1.496960E-04   6.381177E+01  -1.085228E-16   1.949770E-19   8.311398E-14   1.200000E+02   3.813747E-01
  1.168000000000E+01   4.931847E+00   1.492720E-04   6.381198E+01  -1.085227E-16  -1.713657E-19  -7.325681E-14   1.200000E+02   3.822599E-01
  1.168500000000E+01   4.931847E+00   1.474820E-04   6.380333E+01  -1.085246E-16  -6.036273E-19  -2.611398E-13   1.200000E+02   3.831434E-01
  1.169000000000E+01   4.931848E+00   1.445383E-04   6.378690E+01  -1.085282E-16  -8.085948E-19  -3.568450E-13   1.200000E+02   3.840253E-01
  1.169500000000E+01   4.931849E+00   1.408622E-04   6.376509E+01  -1.085324E-16  -7.967639E-19  -3.606769E-13   1.200000E+02   3.849058E-01
  1.170000000000E+01   4.931850E+00   1.369923E-04   6.374126E+01  -1.085361E-16  -6.170213E-19  -2.870944E-13   1.200000E+02   3.857848E-01
  1.170500000000E+01   4.931850E+00   1.334741E-04   6.371919E+01  -1.085381E-16  -1.376453E-19  -6.571045E-14   1.200000E+02   3.866625E-01
  1.171000000000E+01   4.931851E+00   1.307657E-04   6.370242E+01  -1.085376E-16   3.893845E-19   1.896883E-13   1.200000E+02   3.875387E-01
  1.171500000000E+01   4.931852E+00   1.291749E-04   6.369357E+01  -1.085346E-16   7.735059E-19   3.814003E-13   1.200000E+02   3.884133E-01
  1.172000000000E+01   4.931852E+00   1.288292E-04   6.369389E+01  -1.085300E-16   1.073932E-18   5.309585E-13   1.200000E+02   3.892863E-01
  1.172500000000E+01   4.931853E+00   1.296665E-04   6.370300E+01  -1.085242E-16   1.174900E-18   5.772087E-13   1.200000E+02   3.901575E-01
  1.173000000000E+01   4.931854E+00   1.314426E-04   6.371894E+01  -1.085187E-16   1.006147E-18   4.877464E-13   1.200000E+02   3.910267E-01
  1.173500000000E+01   4.931854E+00   1.337541E-04   6.373855E+01  -1.085147E-16   5.669598E-19   2.701764E-13   1.200000E+02   3.918940E-01
  1.174000000000E+01   4.931855E+00   1.360892E-04   6.375804E+01  -1.085134E-16  -2.468110E-20  -1.156314E-14   1.200000E+02   3.927592E-01
  1.174500000000E+01   4.931856E+00   1.379099E-04   6.377366E+01  -1.085156E-16  -8.571728E-19  -3.963822E-13   1.200000E+02   3.936225E-01
  1.175000000000E+01   4.931856E+00   1.387587E-04   6.378240E+01  -1.085218E-16  -1.599921E-18  -7.354267E-13   1.200000E+02   3.944838E-01
  1.175500000000E+01   4.931857E+00   1.383616E-04   6.378250E+01  -1.085312E-16  -2.094920E-18  -9.657246E-13   1.200000E+02   3.953434E-01
  1.176000000000E+01   4.931858E+00   1.366927E-04   6.377370E+01  -1.085425E-16  -2.322796E-18  -1.083696E-12   1.200000E+02   3.962014E-01
  1.176500000000E+01   4.931858E+00   1.339718E-04   6.375724E+01  -1.085543E-16  -2.270277E-18  -1.080426E-12   1.200000E+02   3.970579E-01
  1.177000000000E+01   4.931859E+00   1.305999E-04   6.373560E+01  -1.085646E-16  -1.805190E-18  -8.809718E-13   1.200000E+02   3.979131E-01
  1.177500000000E+01   4.931860E+00   1.270583E-04   6.371204E+01  -1.085722E-16  -1.109470E-18  -5.563317E-13   1.200000E+02   3.987669E-01
  1.178000000000E+01   4.931860E+00   1.238082E-04   6.368999E+01  -1.085756E-16  -2.309792E-19  -1.188214E-13   1.200000E+02   3.996193E-01
  1.178500000000E+01   4.931861E+00   1.212180E-04   6.367251E+01  -1.085746E-16   6.032359E-19   3.168634E-13   1.200000E+02   4.004704E-01
  1.179000000000E+01   4.931861E+00   1.195252E-04   6.366183E+01  -1.085698E-16   1.336122E-18   7.116492E-13   1.200000E+02   4.013201E-01
  1.179500000000E+01   4.931862E+00   1.188262E-04   6.365901E+01  -1.085617E-16   1.786897E-18   9.572982E-13   1.200000E+02   4.021682E-01
  1.180000000000E+01   4.931863E+00   1.190826E-04   6.366389E+01  -1.085521E-16   1.932165E-18   1.032973E-12   1.200000E+02   4.030146E-01
  1.180500000000E+01   4.931863E+00   1.201342E-04   6.367513E+01  -1.085427E-16   1.769890E-18   9.381006E-13   1.200000E+02   4.038593E-01
  1.181000000000E+01   4.931864E+00   1.217181E-04   6.369050E+01  -1.085351E-16   1.235564E-18   6.465244E-13   1.200000E+02   4.047021E-01
  1.181500000000E+01   4.931864E+00   1.234946E-04   6.370720E+01  -1.085306E-16   4.977535E-19   2.567763E-13   1.200000E+02   4.055432E-01
  1.182000000000E+01   4.931865E+00   1.250850E-04   6.372226E+01  -1.085302E-16  -3.582289E-19  -1.824931E-13   1.200000E+02   4.063824E-01
  1.182500000000E+01   4.931866E+00   1.261223E-04   6.373297E+01  -1.085335E-16  -1.003420E-18  -5.070546E-13   1.200000E+02   4.072198E-01
  1.183000000000E+01   4.931866E+00   1.263089E-04   6.373716E+01  -1.085402E-16  -1.599760E-18  -8.072602E-13   1.200000E+02   4.080555E-01
  1.183500000000E+01   4.931867E+00   1.254705E-04   6.373353E+01  -1.085492E-16  -1.856751E-18  -9.431487E-13   1.200000E+02   4.088896E-01
  1.184000000000E+01   4.931868E+00   1.235913E-04   6.372180E+01  -1.085585E-16  -1.792822E-18  -9.243518E-13   1.200000E+02   4.097222E-01
  1.184500000000E+01   4.931868E+00   1.208197E-04   6.370279E+01  -1.085663E-16  -1.338588E-18  -7.057773E-13   1.200000E+02   4.105534E-01
  1.185000000000E+01   4.931869E+00   1.174415E-04   6.367831E+01  -1.085717E-16  -8.515249E-19  -4.617080E-13   1.200000E+02   4.113834E-01
  1.185500000000E+01   4.931869E+00   1.138287E-04   6.365107E+01  -1.085747E-16  -3.678488E-19  -2.056948E-13   1.200000E+02   4.122122E-01
  1.186000000000E+01   4.931870E+00   1.103793E-04   6.362427E+01  -1.085749E-16   2.172056E-19   1.252006E-13   1.200000E+02   4.130397E-01
  1.186500000000E+01   4.931870E+00   1.074617E-04   6.360129E+01  -1.085729E-16   5.796698E-19   3.430781E-13   1.200000E+02   4.138660E-01
  1.187000000000E+01   4.931871E+00   1.053741E-04   6.358519E+01  -1.085693E-16   7.885478E-19   4.758283E-13   1.200000E+02   4.146910E-01
  1.187500000000E+01   4.931872E+00   1.043189E-04   6.357826E+01  -1.085655E-16   7.706602E-19   4.696870E-13   1.200000E+02   4.155145E-01
  1.188000000000E+01   4.931872E+00   1.043877E-04   6.358162E+01  -1.085622E-16   5.413320E-19   3.297204E-13   1.200000E+02   4.163366E-01
  1.188500000000E+01   4.931873E+00   1.055501E-04   6.359497E+01  -1.085602E-16   2.296149E-19   1.383453E-13   1.200000E+02   4.171570E-01
  1.189000000000E+01   4.931873E+00   1.076430E-04   6.361654E+01  -1.085600E-16  -1.890437E-19  -1.117241E-13   1.200000E+02   4.179756E-01
  1.189500000000E+01   4.931874E+00   1.103654E-04   6.364322E+01  -1.085620E-16  -5.834536E-19  -3.364539E-13   1.200000E+02   4.187924E-01
  1.190000000000E+01   4.931874E+00   1.132886E-04   6.367102E+01  -1.085655E-16  -7.977652E-19  -4.483641E-13   1.200000E+02   4.196074E-01
  1.190500000000E+01   4.931875E+00   1.158972E-04   6.369557E+01  -1.085698E-16  -9.008501E-19  -4.950953E-13   1.200000E+02   4.204205E-01
  1.191000000000E+01   4.931875E+00   1.176695E-04   6.371283E+01  -1.085742E-16  -7.980291E-19  -4.320976E-13   1.200000E+02   4.212318E-01
  1.191500000000E+01   4.931876E+00   1.181860E-04   6.371972E+01  -1.085775E-16  -4.766780E-19  -2.569998E-13   1.200000E+02   4.220414E-01
  1.192000000000E+01   4.931877E+00   1.172362E-04   6.371465E+01  -1.085784E-16   5.165930E-20   2.807540E-14   1.200000E+02   4.228496E-01
  1.192500000000E+01   4.931877E+00   1.148794E-04   6.369783E+01  -1.085772E-16   4.625051E-19   2.564479E-13   1.200000E+02   4.236564E-01
  1.193000000000E+01   4.931878E+00   1.114329E-04   6.367126E+01  -1.085739E-16   8.015491E-19   4.579942E-13   1.200000E+02   4.244620E-01
  1.193500000000E+01   4.931878E+00   1.073914E-04   6.363846E+01  -1.085694E-16   9.843965E-19   5.833379E-13   1.200000E+02   4.252665E-01
  1.194000000000E+01   4.931879E+00   1.033106E-04   6.360394E+01  -1.085645E-16   9.360315E-19   5.762747E-13   1.200000E+02   4.260699E-01
  1.194500000000E+01   4.931879E+00   9.970002E-05   6.357245E+01  -1.085602E-16   7.041976E-19   4.490226E-13   1.200000E+02   4.268722E-01
  1.195000000000E+01   4.931880E+00   9.695163E-05   6.354827E+01  -1.085574E-16   3.848726E-19   2.522700E-13   1.200000E+02   4.276734E-01
  1.195500000000E+01   4.931880E+00   9.530885E-05   6.353451E+01  -1.085569E-16  -1.655541E-19  -1.103612E-13   1.200000E+02   4.284734E-01
  1.196000000000E+01   4.931881E+00   9.486287E-05   6.353266E+01  -1.085589E-16  -6.466633E-19  -4.330908E-13   1.200000E+02   4.292719E-01
  1.196500000000E+01   4.931881E+00   9.556000E-05   6.354233E+01  -1.085636E-16  -1.173246E-18  -7.801466E-13   1.200000E+02   4.300690E-01
  1.197000000000E+01   4.931882E+00   9.721053E-05   6.356141E+01  -1.085704E-16  -1.512213E-18  -9.887655E-13   1.200000E+02   4.308645E-01
  1.197500000000E+01   4.931882E+00   9.950035E-05   6.358639E+01  -1.085785E-16  -1.697354E-18  -1.084706E-12   1.200000E+02   4.316582E-01
  1.198000000000E+01   4.931883E+00   1.020147E-04   6.361298E+01  -1.085870E-16  -1.707238E-18  -1.064577E-12   1.200000E+02   4.324502E-01
  1.198500000000E+01   4.931883E+00   1.042850E-04   6.363673E+01  -1.085950E-16  -1.473261E-18  -8.990128E-13   1.200000E+02   4.332406E-01
  1.199000000000E+01   4.931884E+00   1.058611E-04   6.365374E+01  -1.086013E-16  -1.019712E-18  -6.131478E-13   1.200000E+02   4.340292E-01
  1.199500000000E+01   4.931884E+00   1.063973E-04   6.366120E+01  -1.086053E-16  -5.144053E-19  -3.077865E-13   1.200000E+02   4.348163E-01
  1.200000000000E+01   4.931885E+00   1.057248E-04   6.365772E+01  -1.086062E-16   1.119258E-19   6.739133E-14   1.200000E+02   4.356019E-01
  1.200500000000E+01   4.931885E+00   1.038852E-04   6.364347E+01  -1.086044E-16   6.266261E-19   3.838916E-13   1.200000E+02   4.363862E-01
  1.201000000000E+01   4.931886E+00   1.011102E-04   6.362007E+01  -1.086002E-16   1.031408E-18   6.489775E-13   1.200000E+02   4.371694E-01
  1.201500000000E+01   4.931886E+00   9.775866E-05   6.359031E+01  -1.085944E-16   1.255312E-18   8.165589E-13   1.200000E+02   4.379514E-01
  1.202000000000E+01   4.931887E+00   9.423423E-05   6.355765E+01  -1.085880E-16   1.285044E-18   8.667169E-13   1.200000E+02   4.387324E-01
  1.202500000000E+01   4.931887E+00   9.091254E-05   6.352578E+01  -1.085818E-16   1.130294E-18   7.898007E-13   1.200000E+02   4.395124E-01
  1.203000000000E+01   4.931888E+00   8.809282E-05   6.349812E+01  -1.085768E-16   8.964507E-19   6.461699E-13   1.200000E+02   4.402913E-01
  1.203500000000E+01   4.931888E+00   8.597670E-05   6.347735E+01  -1.085734E-16   5.173497E-19   3.819638E-13   1.200000E+02   4.410690E-01
  1.204000000000E+01   4.931889E+00   8.466640E-05   6.346519E+01  -1.085717E-16   1.231367E-19   9.230217E-14   1.200000E+02   4.418455E-01
  1.204500000000E+01   4.931889E+00   8.417226E-05   6.346214E+01  -1.085720E-16  -2.468675E-19  -1.861271E-13   1.200000E+02   4.426207E-01
  1.205000000000E+01   4.931889E+00   8.442193E-05   6.346755E+01  -1.085742E-16  -6.323257E-19  -4.753761E-13   1.200000E+02   4.433946E-01
  1.205500000000E+01   4.931890E+00   8.526847E-05   6.347968E+01  -1.085778E-16  -8.119142E-19  -6.044445E-13   1.200000E+02   4.441669E-01
  1.206000000000E+01   4.931890E+00   8.649921E-05   6.349600E+01  -1.085821E-16  -9.237532E-19  -6.780944E-13   1.200000E+02   4.449378E-01
  1.206500000000E+01   4.931891E+00   8.785010E-05   6.351343E+01  -1.085865E-16  -8.928997E-19  -6.455441E-13   1.200000E+02   4.457072E-01
  1.207000000000E+01   4.931891E+00   8.903081E-05   6.352879E+01  -1.085908E-16  -8.041098E-19  -5.737802E-13   1.200000E+02   4.464750E-01
  1.207500000000E+01   4.931892E+00   8.976246E-05   6.353919E+01  -1.085945E-16  -6.454684E-19  -4.569007E-13   1.200000E+02   4.472413E-01
  1.208000000000E+01   4.931892E+00   8.982401E-05   6.354238E+01  -1.085974E-16  -4.568962E-19  -3.232128E-13   1.200000E+02   4.480063E-01
  1.208500000000E+01   4.931892E+00   8.909662E-05   6.353711E+01  -1.085992E-16  -2.952978E-19  -2.105845E-13   1.200000E+02   4.487699E-01
  1.209000000000E+01   4.931893E+00   8.759184E-05   6.352328E+01  -1.086004E-16  -1.703639E-19  -1.235512E-13   1.200000E+02   4.495323E-01
  1.209500000000E+01   4.931893E+00   8.545279E-05   6.350207E+01  -1.086010E-16  -3.899197E-20  -2.897590E-14   1.200000E+02   4.502935E-01
  1.210000000000E+01   4.931894E+00   8.292648E-05   6.347578E+01  -1.086010E-16  -1.673265E-21  -1.280795E-15   1.200000E+02   4.510536E-01
  1.210500000000E+01   4.931894E+00   8.031612E-05   6.344759E+01  -1.086008E-16   4.067173E-20   3.212958E-14   1.200000E+02   4.518127E-01
  1.211000000000E+01   4.931895E+00   7.792829E-05   6.342113E+01  -1.086005E-16   8.611614E-20   7.008473E-14   1.200000E+02   4.525707E-01
  1.211500000000E+01   4.931895E+00   7.602828E-05   6.339995E+01  -1.085999E-16   1.456309E-19   1.214415E-13   1.200000E+02   4.533276E-01
  1.212000000000E+01   4.931895E+00   7.481007E-05   6.338695E+01  -1.085991E-16   1.798747E-19   1.524087E-13   1.200000E+02   4.540833E-01
  1.212500000000E+01   4.931896E+00   7.437971E-05   6.338391E+01  -1.085980E-16   2.453383E-19   2.090691E-13   1.200000E+02   4.548378E-01
  1.213000000000E+01   4.931896E+00   7.474657E-05   6.339113E+01  -1.085967E-16   2.962103E-19   2.512103E-13   1.200000E+02   4.555910E-01
  1.213500000000E+01   4.931896E+00   7.581795E-05   6.340729E+01  -1.085951E-16   3.088441E-19   2.582893E-13   1.200000E+02   4.563428E-01
  1.214000000000E+01   4.931897E+00   7.739750E-05   6.342957E+01  -1.085935E-16   3.054762E-19   2.503469E-13   1.200000E+02   4.570931E-01
  1.214500000000E+01   4.931897E+00   7.919411E-05   6.345408E+01  -1.085921E-16   2.783164E-19   2.230003E-13   1.200000E+02   4.578420E-01
  1.215000000000E+01   4.931898E+00   8.085146E-05   6.347644E+01  -1.085913E-16   6.399389E-20   5.024157E-14   1.200000E+02   4.585893E-01
  1.215500000000E+01   4.931898E+00   8.200465E-05   6.349251E+01  -1.085914E-16  -1.230059E-19  -9.523796E-14   1.200000E+02   4.593352E-01
  1.216000000000E+01   4.931898E+00   8.235802E-05   6.349911E+01  -1.085926E-16  -3.818881E-19  -2.944407E-13   1.200000E+02   4.600797E-01
  1.216500000000E+01   4.931899E+00   8.176174E-05   6.349460E+01  -1.085950E-16  -5.821199E-19  -4.520631E-13   1.200000E+02   4.608229E-01
  1.217000000000E+01   4.931899E+00   8.025665E-05   6.347922E+01  -1.085983E-16  -7.321294E-19  -5.790798E-13   1.200000E+02   4.615650E-01
  1.217500000000E+01   4.931900E+00   7.806608E-05   6.345511E+01  -1.086023E-16  -8.465693E-19  -6.881241E-13   1.200000E+02   4.623060E-01
  1.218000000000E+01   4.931900E+00   7.553743E-05   6.342595E+01  -1.086066E-16  -8.538466E-19  -7.169430E-13   1.200000E+02   4.630459E-01
  1.218500000000E+01   4.931900E+00   7.305842E-05   6.339637E+01  -1.086107E-16  -7.628161E-19  -6.619329E-13   1.200000E+02   4.637849E-01
  1.219000000000E+01   4.931901E+00   7.097926E-05   6.337110E+01  -1.086140E-16  -5.897958E-19  -5.265765E-13   1.200000E+02   4.645228E-01
  1.219500000000E+01   4.931901E+00   6.956033E-05   6.335416E+01  -1.086163E-16  -3.504801E-19  -3.192103E-13   1.200000E+02   4.652597E-01
  1.220000000000E+01   4.931901E+00   6.894727E-05   6.334810E+01  -1.086175E-16  -1.237104E-19  -1.136639E-13   1.200000E+02   4.659954E-01
  1.220500000000E+01   4.931902E+00   6.916420E-05   6.335355E+01  -1.086175E-16   9.483998E-20   8.687224E-14   1.200000E+02   4.667299E-01
  1.221000000000E+01   4.931902E+00   7.011513E-05   6.336909E+01  -1.086164E-16   3.522504E-19   3.183591E-13   1.200000E+02   4.674631E-01
  1.221500000000E+01   4.931903E+00   7.159044E-05   6.339151E+01  -1.086142E-16   5.065056E-19   4.484978E-13   1.200000E+02   4.681949E-01
  1.222000000000E+01   4.931903E+00   7.328456E-05   6.341638E+01  -1.086114E-16   5.774079E-19   4.996567E-13   1.200000E+02   4.689253E-01
  1.222500000000E+01   4.931903E+00   7.483457E-05   6.343889E+01  -1.086085E-16   5.540515E-19   4.696815E-13   1.200000E+02   4.696542E-01
  1.223000000000E+01   4.931904E+00   7.588408E-05   6.345467E+01  -1.086059E-16   4.736227E-19   3.960459E-13   1.200000E+02   4.703818E-01
  1.223500000000E+01   4.931904E+00   7.616204E-05   6.346059E+01  -1.086040E-16   3.034879E-19   2.528756E-13   1.200000E+02   4.711080E-01
  1.224000000000E+01   4.931904E+00   7.555089E-05   6.345526E+01  -1.086030E-16   9.728977E-20   8.171377E-14   1.200000E+02   4.718331E-01
  1.224500000000E+01   4.931905E+00   7.411549E-05   6.343925E+01  -1.086029E-16  -7.732395E-20  -6.618553E-14   1.200000E+02   4.725571E-01
  1.225000000000E+01   4.931905E+00   7.207966E-05   6.341490E+01  -1.086037E-16  -2.131494E-19  -1.875266E-13   1.200000E+02   4.732800E-01
  1.225500000000E+01   4.931905E+00   6.976157E-05   6.338592E+01  -1.086052E-16  -3.740036E-19  -3.398227E-13   1.200000E+02   4.740019E-01
  1.226000000000E+01   4.931906E+00   6.749601E-05   6.335661E+01  -1.086073E-16  -4.127140E-19  -3.874030E-13   1.200000E+02   4.747229E-01
  1.226500000000E+01   4.931906E+00   6.557078E-05   6.333122E+01  -1.086094E-16  -4.525038E-19  -4.370486E-13   1.200000E+02   4.754429E-01
  1.227000000000E+01   4.931906E+00   6.418995E-05   6.331317E+01  -1.086117E-16  -4.815390E-19  -4.749616E-13   1.200000E+02   4.761619E-01
  1.227500000000E+01   4.931907E+00   6.346232E-05   6.330461E+01  -1.086139E-16  -4.103686E-19  -4.093488E-13   1.200000E+02   4.768798E-01
  1.228000000000E+01   4.931907E+00   6.340500E-05   6.330612E+01  -1.086158E-16  -3.319443E-19  -3.314266E-13   1.200000E+02   4.775966E-01
  1.228500000000E+01   4.931907E+00   6.395350E-05   6.331676E+01  -1.086172E-16  -2.255715E-19  -2.233257E-13   1.200000E+02   4.783121E-01
  1.229000000000E+01   4.931908E+00   6.497367E-05   6.333432E+01  -1.086181E-16  -1.572350E-19  -1.532678E-13   1.200000E+02   4.790263E-01
  1.229500000000E+01   4.931908E+00   6.627643E-05   6.335574E+01  -1.086186E-16  -4.758744E-20  -4.549034E-14   1.200000E+02   4.797393E-01
  1.230000000000E+01   4.931908E+00   6.763781E-05   6.337762E+01  -1.086187E-16   4.167670E-20   3.905168E-14   1.200000E+02   4.804509E-01
  1.230500000000E+01   4.931909E+00   6.882624E-05   6.339670E+01  -1.086183E-16   1.135298E-19   1.045737E-13   1.200000E+02   4.811612E-01
  1.231000000000E+01   4.931909E+00   6.963496E-05   6.341026E+01  -1.086175E-16   2.036780E-19   1.854711E-13   1.200000E+02   4.818702E-01
  1.231500000000E+01   4.931909E+00   6.991360E-05   6.341644E+01  -1.086165E-16   2.360598E-19   2.141224E-13   1.200000E+02   4.825780E-01
  1.232000000000E+01   4.931910E+00   6.959121E-05   6.341435E+01  -1.086152E-16   2.822136E-19   2.571646E-13   1.200000E+02   4.832846E-01
  1.232500000000E+01   4.931910E+00   6.868459E-05   6.340410E+01  -1.086137E-16   3.041436E-19   2.807610E-13   1.200000E+02   4.839902E-01
  1.233000000000E+01   4.931910E+00   6.729050E-05   6.338675E+01  -1.086124E-16   2.203811E-19   2.075960E-13   1.200000E+02   4.846947E-01
  1.233500000000E+01   4.931911E+00   6.556486E-05   6.336414E+01  -1.086115E-16   1.094420E-19   1.057685E-13   1.200000E+02   4.853982E-01
  1.234000000000E+01   4.931911E+00   6.369562E-05   6.333870E+01  -1.086112E-16   8.711422E-21   8.662608E-15   1.200000E+02   4.861007E-01
  1.234500000000E+01   4.931911E+00   6.187563E-05   6.331320E+01  -1.086115E-16  -9.192005E-20  -9.405565E-14   1.200000E+02   4.868024E-01
  1.235000000000E+01   4.931912E+00   6.028040E-05   6.329045E+01  -1.086122E-16  -1.768935E-19  -1.857265E-13   1.200000E+02   4.875030E-01
  1.235500000000E+01   4.931912E+00   5.905218E-05   6.327301E+01  -1.086133E-16  -2.549172E-19  -2.731377E-13   1.200000E+02   4.882027E-01
  1.236000000000E+01   4.931912E+00   5.828974E-05   6.326285E+01  -1.086147E-16  -2.843878E-19  -3.086509E-13   1.200000E+02   4.889014E-01
  1.236500000000E+01   4.931913E+00   5.804145E-05   6.326106E+01  -1.086162E-16  -3.373523E-19  -3.676900E-13   1.200000E+02   4.895990E-01
  1.237000000000E+01   4.931913E+00   5.829954E-05   6.326763E+01  -1.086180E-16  -3.707648E-19  -4.023601E-13   1.200000E+02   4.902954E-01
  1.237500000000E+01   4.931913E+00   5.899475E-05   6.328132E+01  -1.086198E-16  -3.682651E-19  -3.950233E-13   1.200000E+02   4.909907E-01
  1.238000000000E+01   4.931914E+00   5.999318E-05   6.329973E+01  -1.086216E-16  -3.391975E-19  -3.578925E-13   1.200000E+02   4.916847E-01
  1.238500000000E+01   4.931914E+00   6.110040E-05   6.331958E+01  -1.086232E-16  -2.985958E-19  -3.094409E-13   1.200000E+02   4.923776E-01
  1.239000000000E+01   4.931914E+00   6.207900E-05   6.333713E+01  -1.086246E-16  -2.577902E-19  -2.630147E-13   1.200000E+02   4.930691E-01
  1.239500000000E+01   4.931914E+00   6.268406E-05   6.334873E+01  -1.086257E-16  -1.843704E-19  -1.863254E-13   1.200000E+02   4.937595E-01
  1.240000000000E+01   4.931915E+00   6.271316E-05   6.335146E+01  -1.086265E-16  -1.184891E-19  -1.196950E-13   1.200000E+02   4.944488E-01
  1.240500000000E+01   4.931915E+00   6.205808E-05   6.334366E+01  -1.086268E-16   1.038706E-21   1.060224E-15   1.200000E+02   4.951370E-01
  1.241000000000E+01   4.931915E+00   6.073860E-05   6.332531E+01  -1.086267E-16   6.850777E-20   7.142535E-14   1.200000E+02   4.958242E-01
  1.241500000000E+01   4.931916E+00   5.890302E-05   6.329813E+01  -1.086261E-16   1.447038E-19   1.555010E-13   1.200000E+02   4.965104E-01
  1.242000000000E+01   4.931916E+00   5.679380E-05   6.326539E+01  -1.086252E-16   2.195797E-19   2.446005E-13   1.200000E+02   4.971958E-01
  1.242500000000E+01   4.931916E+00   5.469248E-05   6.323147E+01  -1.086239E-16   2.794320E-19   3.230589E-13   1.200000E+02   4.978804E-01
  1.243000000000E+01   4.931917E+00   5.286461E-05   6.320110E+01  -1.086225E-16   3.123831E-19   3.734626E-13   1.200000E+02   4.985640E-01
  1.243500000000E+01   4.931917E+00   5.152033E-05   6.317864E+01  -1.086210E-16   2.957804E-19   3.627113E-13   1.200000E+02   4.992468E-01
  1.244000000000E+01   4.931917E+00   5.079443E-05   6.316728E+01  -1.086198E-16   1.680472E-19   2.089812E-13   1.200000E+02   4.999286E-01
  1.244500000000E+01   4.931917E+00   5.074078E-05   6.316852E+01  -1.086194E-16   1.265366E-20   1.575287E-14   1.200000E+02   5.006093E-01
  1.245000000000E+01   4.931918E+00   5.133279E-05   6.318191E+01  -1.086198E-16  -1.699325E-19  -2.091580E-13   1.200000E+02   5.012889E-01
  1.245500000000E+01   4.931918E+00   5.246543E-05   6.320511E+01  -1.086211E-16  -3.420018E-19  -4.120096E-13   1.200000E+02   5.019674E-01
  1.246000000000E+01   4.931918E+00   5.396001E-05   6.323432E+01  -1.086233E-16  -5.094116E-19  -5.969660E-13   1.200000E+02   5.026447E-01
  1.246500000000E+01   4.931918E+00   5.557830E-05   6.326493E+01  -1.086262E-16  -6.382492E-19  -7.265208E-13   1.200000E+02   5.033207E-01
  1.247000000000E+01   4.931919E+00   5.705257E-05   6.329230E+01  -1.086296E-16  -6.909269E-19  -7.664923E-13   1.200000E+02   5.039955E-01
  1.247500000000E+01   4.931919E+00   5.813242E-05   6.331254E+01  -1.086330E-16  -6.584444E-19  -7.171177E-13   1.200000E+02   5.046691E-01
  1.248000000000E+01   4.931919E+00   5.863817E-05   6.332308E+01  -1.086358E-16  -4.667034E-19  -5.039908E-13   1.200000E+02   5.053416E-01
  1.248500000000E+01   4.931919E+00   5.850259E-05   6.332308E+01  -1.086376E-16  -2.434384E-19  -2.634972E-13   1.200000E+02   5.060130E-01
  1.249000000000E+01   4.931920E+00   5.778361E-05   6.331344E+01  -1.086382E-16   4.878466E-20   5.345330E-14   1.200000E+02   5.066834E-01
  1.249500000000E+01   4.931920E+00   5.664294E-05   6.329652E+01  -1.086374E-16   2.687427E-19   3.003106E-13   1.200000E+02   5.073529E-01
  1.250000000000E+01   4.931920E+00   5.530047E-05   6.327571E+01  -1.086356E-16   4.346230E-19   4.973028E-13   1.200000E+02   5.080214E-01
  1.250500000000E+01   4.931921E+00   5.398287E-05   6.325477E+01  -1.086331E-16   5.502370E-19   6.447437E-13   1.200000E+02   5.086891E-01
  1.251000000000E+01   4.931921E+00   5.288220E-05   6.323720E+01  -1.086303E-16   5.452848E-19   6.520584E-13   1.200000E+02   5.093558E-01
  1.251500000000E+01   4.931921E+00   5.213152E-05   6.322569E+01  -1.086279E-16   4.245315E-19   5.148765E-13   1.200000E+02   5.100217E-01
  1.252000000000E+01   4.931921E+00   5.179573E-05   6.322169E+01  -1.086261E-16   2.983279E-19   3.641380E-13   1.200000E+02   5.106865E-01
  1.252500000000E+01   4.931922E+00   5.187232E-05   6.322531E+01  -1.086250E-16   1.572098E-19   1.916173E-13   1.200000E+02   5.113504E-01
  1.253000000000E+01   4.931922E+00   5.229703E-05   6.323533E+01  -1.086246E-16  -1.027868E-20  -1.242854E-14   1.200000E+02   5.120132E-01
  1.253500000000E+01   4.931922E+00   5.295298E-05   6.324949E+01  -1.086251E-16  -1.846296E-19  -2.205301E-13   1.200000E+02   5.126749E-01
  1.254000000000E+01   4.931922E+00   5.368421E-05   6.326485E+01  -1.086263E-16  -2.906426E-19  -3.425115E-13   1.200000E+02   5.133355E-01
  1.254500000000E+01   4.931923E+00   5.431545E-05   6.327826E+01  -1.086279E-16  -3.198057E-19  -3.725781E-13   1.200000E+02   5.139951E-01
  1.255000000000E+01   4.931923E+00   5.467826E-05   6.328683E+01  -1.086295E-16  -3.475437E-19  -4.022612E-13   1.200000E+02   5.146536E-01
  1.255500000000E+01   4.931923E+00   5.464024E-05   6.328835E+01  -1.086312E-16  -3.516966E-19  -4.073609E-13   1.200000E+02   5.153110E-01
  1.256000000000E+01   4.931924E+00   5.413038E-05   6.328152E+01  -1.086328E-16  -2.896882E-19  -3.386621E-13   1.200000E+02   5.159675E-01
  1.256500000000E+01   4.931924E+00   5.315327E-05   6.326621E+01  -1.086341E-16  -2.137944E-19  -2.544709E-13   1.200000E+02   5.166231E-01
  1.257000000000E+01   4.931924E+00   5.178735E-05   6.324339E+01  -1.086350E-16  -1.793903E-19  -2.190737E-13   1.200000E+02   5.172778E-01
  1.257500000000E+01   4.931924E+00   5.016792E-05   6.321506E+01  -1.086360E-16  -1.913476E-19  -2.411112E-13   1.200000E+02   5.179316E-01
  1.258000000000E+01   4.931925E+00   4.846075E-05   6.318398E+01  -1.086370E-16  -1.980426E-19  -2.582114E-13   1.200000E+02   5.185847E-01
  1.258500000000E+01   4.931925E+00   4.683435E-05   6.315338E+01  -1.086380E-16  -2.035306E-19  -2.744491E-13   1.200000E+02   5.192369E-01
  1.259000000000E+01   4.931925E+00   4.543758E-05   6.312647E+01  -1.086391E-16  -2.059691E-19  -2.861530E-13   1.200000E+02   5.198884E-01
  1.259500000000E+01   4.931925E+00   4.438545E-05   6.310614E+01  -1.086400E-16  -1.863663E-19  -2.649710E-13   1.200000E+02   5.205389E-01
  1.260000000000E+01   4.931925E+00   4.375270E-05   6.309451E+01  -1.086408E-16  -1.266478E-19  -1.826352E-13   1.200000E+02   5.211886E-01
  1.260500000000E+01   4.931926E+00   4.357210E-05   6.309269E+01  -1.086413E-16  -4.913277E-20  -7.114456E-14   1.200000E+02   5.218374E-01
  1.261000000000E+01   4.931926E+00   4.383460E-05   6.310060E+01  -1.086414E-16   3.615760E-20   5.204944E-14   1.200000E+02   5.224852E-01
  1.261500000000E+01   4.931926E+00   4.448957E-05   6.311698E+01  -1.086408E-16   1.831470E-19   2.598291E-13   1.200000E+02   5.231319E-01
  1.262000000000E+01   4.931926E+00   4.544567E-05   6.313954E+01  -1.086397E-16   2.696267E-19   3.746035E-13   1.200000E+02   5.237776E-01
  1.262500000000E+01   4.931927E+00   4.657448E-05   6.316523E+01  -1.086381E-16   3.594599E-19   4.875066E-13   1.200000E+02   5.244222E-01
  1.263000000000E+01   4.931927E+00   4.772047E-05   6.319070E+01  -1.086362E-16   4.328250E-19   5.731401E-13   1.200000E+02   5.250658E-01
  1.263500000000E+01   4.931927E+00   4.871924E-05   6.321271E+01  -1.086341E-16   4.198964E-19   5.448113E-13   1.200000E+02   5.257082E-01
  1.264000000000E+01   4.931927E+00   4.942314E-05   6.322861E+01  -1.086321E-16   3.364196E-19   4.303924E-13   1.200000E+02   5.263496E-01
  1.264500000000E+01   4.931928E+00   4.972889E-05   6.323665E+01  -1.086307E-16   2.317584E-19   2.947105E-13   1.200000E+02   5.269900E-01
  1.265000000000E+01   4.931928E+00   4.959886E-05   6.323626E+01  -1.086299E-16   4.327293E-20   5.517098E-14   1.200000E+02   5.276295E-01
  1.265500000000E+01   4.931928E+00   4.906850E-05   6.322806E+01  -1.086303E-16  -1.759531E-19  -2.267274E-13   1.200000E+02   5.282680E-01
  1.266000000000E+01   4.931928E+00   4.823707E-05   6.321376E+01  -1.086317E-16  -4.165281E-19  -5.458522E-13   1.200000E+02   5.289056E-01
  1.266500000000E+01   4.931929E+00   4.724535E-05   6.319593E+01  -1.086343E-16  -6.035352E-19  -8.072958E-13   1.200000E+02   5.295424E-01
  1.267000000000E+01   4.931929E+00   4.624795E-05   6.317756E+01  -1.086376E-16  -7.195007E-19  -9.828824E-13   1.200000E+02   5.301784E-01
  1.267500000000E+01   4.931929E+00   4.538818E-05   6.316165E+01  -1.086413E-16  -7.583073E-19  -1.055251E-12   1.200000E+02   5.308136E-01
  1.268000000000E+01   4.931929E+00   4.478013E-05   6.315081E+01  -1.086451E-16  -7.163936E-19  -1.010288E-12   1.200000E+02   5.314478E-01
  1.268500000000E+01   4.931929E+00   4.449871E-05   6.314685E+01  -1.086484E-16  -6.066945E-19  -8.609429E-13   1.200000E+02   5.320812E-01
  1.269000000000E+01   4.931930E+00   4.457539E-05   6.315060E+01  -1.086509E-16  -3.938377E-19  -5.579555E-13   1.200000E+02   5.327137E-01
  1.269500000000E+01   4.931930E+00   4.499703E-05   6.316174E+01  -1.086523E-16  -1.629659E-19  -2.287531E-13   1.200000E+02   5.333453E-01
  1.270000000000E+01   4.931930E+00   4.570606E-05   6.317884E+01  -1.086524E-16   7.714230E-20   1.066327E-13   1.200000E+02   5.339758E-01
  1.270500000000E+01   4.931930E+00   4.660245E-05   6.319957E+01  -1.086514E-16   3.046290E-19   4.131203E-13   1.200000E+02   5.346054E-01
  1.271000000000E+01   4.931931E+00   4.754940E-05   6.322096E+01  -1.086493E-16   4.996313E-19   6.643022E-13   1.200000E+02   5.352339E-01
  1.271500000000E+01   4.931931E+00   4.838573E-05   6.323978E+01  -1.086465E-16   6.109804E-19   7.985469E-13   1.200000E+02   5.358614E-01
  1.272000000000E+01   4.931931E+00   4.894650E-05   6.325292E+01  -1.086433E-16   6.542925E-19   8.455337E-13   1.200000E+02   5.364879E-01
  1.272500000000E+01   4.931931E+00   4.909042E-05   6.325781E+01  -1.086403E-16   5.536473E-19   7.134288E-13   1.200000E+02   5.371134E-01
  1.273000000000E+01   4.931932E+00   4.872849E-05   6.325278E+01  -1.086379E-16   3.830644E-19   4.972428E-13   1.200000E+02   5.377381E-01
  1.273500000000E+01   4.931932E+00   4.784530E-05   6.323729E+01  -1.086365E-16   1.679022E-19   2.219170E-13   1.200000E+02   5.383619E-01
  1.274000000000E+01   4.931932E+00   4.650543E-05   6.321209E+01  -1.086363E-16  -7.833494E-20  -1.064761E-13   1.200000E+02   5.389850E-01
  1.274500000000E+01   4.931932E+00   4.484177E-05   6.317918E+01  -1.086372E-16  -2.663579E-19  -3.752812E-13   1.200000E+02   5.396073E-01
  1.275000000000E+01   4.931933E+00   4.302957E-05   6.314164E+01  -1.086389E-16  -4.170549E-19  -6.119868E-13   1.200000E+02   5.402289E-01
  1.275500000000E+01   4.931933E+00   4.125492E-05   6.310327E+01  -1.086412E-16  -4.922832E-19  -7.529933E-13   1.200000E+02   5.408498E-01
  1.276000000000E+01   4.931933E+00   3.968673E-05   6.306812E+01  -1.086437E-16  -5.227819E-19  -8.307782E-13   1.200000E+02   5.414700E-01
  1.276500000000E+01   4.931933E+00   3.845801E-05   6.303998E+01  -1.086463E-16  -4.677812E-19  -7.667822E-13   1.200000E+02   5.420895E-01
  1.277000000000E+01   4.931933E+00   3.765691E-05   6.302182E+01  -1.086484E-16  -3.900996E-19  -6.528627E-13   1.200000E+02   5.427082E-01
  1.277500000000E+01   4.931933E+00   3.732457E-05   6.301536E+01  -1.086501E-16  -2.562902E-19  -4.326967E-13   1.200000E+02   5.433260E-01
  1.278000000000E+01   4.931934E+00   3.745551E-05   6.302077E+01  -1.086509E-16  -1.014978E-19  -1.707751E-13   1.200000E+02   5.439430E-01
  1.278500000000E+01   4.931934E+00   3.799792E-05   6.303661E+01  -1.086511E-16   4.112853E-20   6.823014E-14   1.200000E+02   5.445591E-01
  1.279000000000E+01   4.931934E+00   3.885407E-05   6.306004E+01  -1.086505E-16   1.804572E-19   2.928815E-13   1.200000E+02   5.451742E-01
  1.279500000000E+01   4.931934E+00   3.988416E-05   6.308720E+01  -1.086493E-16   2.903915E-19   4.593299E-13   1.200000E+02   5.457883E-01
  1.280000000000E+01   4.931934E+00   4.091841E-05   6.311381E+01  -1.086477E-16   3.190029E-19   4.920399E-13   1.200000E+02   5.464015E-01
  1.280500000000E+01   4.931935E+00   4.178077E-05   6.313586E+01  -1.086462E-16   2.924167E-19   4.418774E-13   1.200000E+02   5.470136E-01
  1.281000000000E+01   4.931935E+00   4.232224E-05   6.315025E+01  -1.086449E-16   2.146337E-19   3.202613E-13   1.200000E+02   5.476249E-01
  1.281500000000E+01   4.931935E+00   4.245495E-05   6.315528E+01  -1.086441E-16   8.914583E-20   1.326119E-13   1.200000E+02   5.482352E-01
  1.282000000000E+01   4.931935E+00   4.217432E-05   6.315093E+01  -1.086439E-16  -3.370033E-20  -5.046216E-14   1.200000E+02   5.488446E-01
  1.282500000000E+01   4.931936E+00   4.155963E-05   6.313886E+01  -1.086444E-16  -1.454697E-19  -2.210027E-13   1.200000E+02   5.494533E-01
  1.283000000000E+01   4.931936E+00   4.075249E-05   6.312204E+01  -1.086454E-16  -2.469472E-19  -3.824996E-13   1.200000E+02   5.500612E-01
  1.283500000000E+01   4.931936E+00   3.992217E-05   6.310430E+01  -1.086468E-16  -3.219442E-19  -5.088916E-13   1.200000E+02   5.506683E-01
  1.284000000000E+01   4.931936E+00   3.923032E-05   6.308952E+01  -1.086485E-16  -3.385091E-19  -5.443844E-13   1.200000E+02   5.512746E-01
  1.284500000000E+01   4.931936E+00   3.880412E-05   6.308104E+01  -1.086502E-16  -3.387475E-19  -5.506773E-13   1.200000E+02   5.518802E-01
  1.285000000000E+01   4.931936E+00   3.872064E-05   6.308098E+01  -1.086519E-16  -3.065095E-19  -4.993440E-13   1.200000E+02   5.524849E-01
  1.285500000000E+01   4.931937E+00   3.900002E-05   6.308989E+01  -1.086532E-16  -2.107562E-19  -3.409379E-13   1.200000E+02   5.530888E-01
  1.286000000000E+01   4.931937E+00   3.960404E-05   6.310664E+01  -1.086540E-16  -1.319784E-19  -2.102996E-13   1.200000E+02   5.536918E-01
  1.286500000000E+01   4.931937E+00   4.043898E-05   6.312866E+01  -1.086545E-16  -6.150846E-20  -9.601990E-14   1.200000E+02   5.542938E-01
  1.287000000000E+01   4.931937E+00   4.136464E-05   6.315238E+01  -1.086546E-16  -2.345694E-21  -3.581227E-15   1.200000E+02   5.548949E-01
  1.287500000000E+01   4.931938E+00   4.221261E-05   6.317386E+01  -1.086544E-16   5.277118E-20   7.897544E-14   1.200000E+02   5.554951E-01
  1.288000000000E+01   4.931938E+00   4.281499E-05   6.318945E+01  -1.086541E-16   7.048104E-20   1.040210E-13   1.200000E+02   5.560944E-01
  1.288500000000E+01   4.931938E+00   4.303905E-05   6.319644E+01  -1.086538E-16   5.699290E-20   8.368559E-14   1.200000E+02   5.566928E-01
  1.289000000000E+01   4.931938E+00   4.281782E-05   6.319347E+01  -1.086534E-16   7.888299E-20   1.164209E-13   1.200000E+02   5.572904E-01
  1.289500000000E+01   4.931938E+00   4.216535E-05   6.318071E+01  -1.086530E-16   9.832993E-20   1.473379E-13   1.200000E+02   5.578872E-01
  1.290000000000E+01   4.931939E+00   4.117039E-05   6.315976E+01  -1.086524E-16   1.444237E-19   2.215613E-13   1.200000E+02   5.584832E-01
  1.290500000000E+01   4.931939E+00   3.997158E-05   6.313337E+01  -1.086515E-16   2.074117E-19   3.275977E-13   1.200000E+02   5.590786E-01
  1.291000000000E+01   4.931939E+00   3.872416E-05   6.310490E+01  -1.086504E-16   2.420459E-19   3.944381E-13   1.200000E+02   5.596732E-01
  1.291500000000E+01   4.931939E+00   3.756969E-05   6.307782E+01  -1.086491E-16   2.520434E-19   4.231696E-13   1.200000E+02   5.602672E-01
  1.292000000000E+01   4.931939E+00   3.661583E-05   6.305510E+01  -1.086479E-16   2.319423E-19   3.994214E-13   1.200000E+02   5.608605E-01
  1.292500000000E+01   4.931940E+00   3.592725E-05   6.303884E+01  -1.086469E-16   1.424943E-19   2.500239E-13   1.200000E+02   5.614530E-01
  1.293000000000E+01   4.931940E+00   3.552505E-05   6.302999E+01  -1.086465E-16   3.714710E-20   6.590789E-14   1.200000E+02   5.620448E-01
  1.293500000000E+01   4.931940E+00   3.539105E-05   6.302832E+01  -1.086467E-16  -1.275943E-19  -2.272342E-13   1.200000E+02   5.626358E-01
  1.294000000000E+01   4.931940E+00   3.547437E-05   6.303254E+01  -1.086478E-16  -2.886954E-19  -5.129677E-13   1.200000E+02   5.632260E-01
  1.294500000000E+01   4.931940E+00   3.569979E-05   6.304057E+01  -1.086497E-16  -4.604973E-19  -8.131705E-13   1.200000E+02   5.638154E-01
  1.295000000000E+01   4.931940E+00   3.597800E-05   6.304998E+01  -1.086524E-16  -5.984265E-19  -1.048718E-12   1.200000E+02   5.644039E-01
  1.295500000000E+01   4.931941E+00   3.621805E-05   6.305831E+01  -1.086555E-16  -6.505557E-19  -1.132666E-12   1.200000E+02   5.649917E-01
  1.296000000000E+01   4.931941E+00   3.634112E-05   6.306351E+01  -1.086587E-16  -5.914859E-19  -1.026418E-12   1.200000E+02   5.655786E-01
  1.296500000000E+01   4.931941E+00   3.629319E-05   6.306419E+01  -1.086614E-16  -4.802616E-19  -8.345177E-13   1.200000E+02   5.661647E-01
  1.297000000000E+01   4.931941E+00   3.605374E-05   6.305977E+01  -1.086633E-16  -2.533689E-19  -4.431548E-13   1.200000E+02   5.667500E-01
  1.297500000000E+01   4.931941E+00   3.563821E-05   6.305058E+01  -1.086640E-16  -2.995332E-20  -5.299296E-14   1.200000E+02   5.673345E-01
  1.298000000000E+01   4.931941E+00   3.509350E-05   6.303773E+01  -1.086636E-16   2.018740E-19   3.626221E-13   1.200000E+02   5.679184E-01
  1.298500000000E+01   4.931942E+00   3.448830E-05   6.302297E+01  -1.086621E-16   3.535681E-19   6.461006E-13   1.200000E+02   5.685015E-01
  1.299000000000E+01   4.931942E+00   3.390086E-05   6.300840E+01  -1.086600E-16   4.695632E-19   8.727339E-13   1.200000E+02   5.690838E-01
  1.299500000000E+01   4.931942E+00   3.340734E-05   6.299626E+01  -1.086576E-16   4.621764E-19   8.715265E-13   1.200000E+02   5.696655E-01
  1.300000000000E+01   4.931942E+00   3.307251E-05   6.298851E+01  -1.086555E-16   3.662860E-19   6.976130E-13   1.200000E+02   5.702464E-01
  1.300500000000E+01   4.931942E+00   3.294324E-05   6.298667E+01  -1.086540E-16   2.026864E-19   3.875315E-13   1.200000E+02   5.708265E-01
  1.301000000000E+01   4.931943E+00   3.304448E-05   6.299154E+01  -1.086535E-16   1.018909E-20   1.942312E-14   1.200000E+02   5.714059E-01
  1.301500000000E+01   4.931943E+00   3.337662E-05   6.300306E+01  -1.086539E-16  -1.482537E-19  -2.798496E-13   1.200000E+02   5.719845E-01
  1.302000000000E+01   4.931943E+00   3.391394E-05   6.302031E+01  -1.086551E-16  -3.107274E-19  -5.774067E-13   1.200000E+02   5.725623E-01
  1.302500000000E+01   4.931943E+00   3.460416E-05   6.304156E+01  -1.086569E-16  -3.929706E-19  -7.159105E-13   1.200000E+02   5.731392E-01
  1.303000000000E+01   4.931943E+00   3.537053E-05   6.306450E+01  -1.086589E-16  -3.926018E-19  -6.999963E-13   1.200000E+02   5.737152E-01
  1.303500000000E+01   4.931943E+00   3.611784E-05   6.308648E+01  -1.086607E-16  -3.089821E-19  -5.396944E-13   1.200000E+02   5.742905E-01
  1.304000000000E+01   4.931944E+00   3.674362E-05   6.310488E+01  -1.086619E-16  -1.817762E-19  -3.121893E-13   1.200000E+02   5.748648E-01
  1.304500000000E+01   4.931944E+00   3.715388E-05   6.311744E+01  -1.086624E-16  -1.753736E-20  -2.979267E-14   1.200000E+02   5.754384E-01
  1.305000000000E+01   4.931944E+00   3.728067E-05   6.312261E+01  -1.086621E-16   1.401200E-19   2.372474E-13   1.200000E+02   5.760112E-01
  1.305500000000E+01   4.931944E+00   3.709650E-05   6.311975E+01  -1.086611E-16   2.661968E-19   4.529344E-13   1.200000E+02   5.765832E-01
  1.306000000000E+01   4.931944E+00   3.662101E-05   6.310926E+01  -1.086596E-16   3.491824E-19   6.017486E-13   1.200000E+02   5.771544E-01
  1.306500000000E+01   4.931944E+00   3.591716E-05   6.309252E+01  -1.086578E-16   3.538774E-19   6.216254E-13   1.200000E+02   5.777250E-01
  1.307000000000E+01   4.931945E+00   3.507820E-05   6.307172E+01  -1.086560E-16   3.097372E-19   5.569173E-13   1.200000E+02   5.782950E-01
  1.307500000000E+01   4.931945E+00   3.420979E-05   6.304954E+01  -1.086547E-16   2.222225E-19   4.095620E-13   1.200000E+02   5.788642E-01
  1.308000000000E+01   4.931945E+00   3.341222E-05   6.302878E+01  -1.086539E-16   1.181381E-19   2.228556E-13   1.200000E+02   5.794328E-01
  1.308500000000E+01   4.931945E+00   3.276684E-05   6.301194E+01  -1.086536E-16  -1.211781E-20  -2.330302E-14   1.200000E+02   5.800008E-01
  1.309000000000E+01   4.931945E+00   3.232779E-05   6.300087E+01  -1.086540E-16  -1.441227E-19  -2.808684E-13   1.200000E+02   5.805680E-01
  1.309500000000E+01   4.931945E+00   3.211858E-05   6.299652E+01  -1.086550E-16  -2.562528E-19  -5.026073E-13   1.200000E+02   5.811346E-01
  1.310000000000E+01   4.931946E+00   3.213201E-05   6.299879E+01  -1.086566E-16  -3.781810E-19  -7.414708E-13   1.200000E+02   5.817004E-01
  1.310500000000E+01   4.931946E+00   3.233231E-05   6.300663E+01  -1.086587E-16  -4.530364E-19  -8.828413E-13   1.200000E+02   5.822654E-01
  1.311000000000E+01   4.931946E+00   3.265944E-05   6.301817E+01  -1.086610E-16  -4.683437E-19  -9.036946E-13   1.200000E+02   5.828297E-01
  1.311500000000E+01   4.931946E+00   3.303609E-05   6.303104E+01  -1.086634E-16  -4.776004E-19  -9.112355E-13   1.200000E+02   5.833932E-01
  1.312000000000E+01   4.931946E+00   3.337795E-05   6.304279E+01  -1.086657E-16  -4.294922E-19  -8.112059E-13   1.200000E+02   5.839560E-01
  1.312500000000E+01   4.931946E+00   3.360669E-05   6.305121E+01  -1.086676E-16  -3.375706E-19  -6.333333E-13   1.200000E+02   5.845179E-01
  1.313000000000E+01   4.931947E+00   3.366359E-05   6.305470E+01  -1.086690E-16  -2.284577E-19  -4.279203E-13   1.200000E+02   5.850792E-01
  1.313500000000E+01   4.931947E+00   3.352036E-05   6.305246E+01  -1.086698E-16  -8.967947E-20  -1.686889E-13   1.200000E+02   5.856397E-01
  1.314000000000E+01   4.931947E+00   3.318400E-05   6.304464E+01  -1.086699E-16   4.134024E-20   7.854028E-14   1.200000E+02   5.861995E-01
  1.314500000000E+01   4.931947E+00   3.269405E-05   6.303221E+01  -1.086694E-16   1.792707E-19   3.456235E-13   1.200000E+02   5.867586E-01
  1.315000000000E+01   4.931947E+00   3.211321E-05   6.301686E+01  -1.086683E-16   2.422165E-19   4.753097E-13   1.200000E+02   5.873170E-01
  1.315500000000E+01   4.931947E+00   3.151446E-05   6.300064E+01  -1.086669E-16   3.228011E-19   6.453125E-13   1.200000E+02   5.878748E-01
  1.316000000000E+01   4.931948E+00   3.096809E-05   6.298569E+01  -1.086652E-16   3.429543E-19   6.975313E-13   1.200000E+02   5.884320E-01
  1.316500000000E+01   4.931948E+00   3.053155E-05   6.297391E+01  -1.086635E-16   3.426502E-19   7.067450E-13   1.200000E+02   5.889884E-01
  1.317000000000E+01   4.931948E+00   3.024304E-05   6.296664E+01  -1.086618E-16   3.043872E-19   6.337405E-13   1.200000E+02   5.895442E-01
  1.317500000000E+01   4.931948E+00   3.011879E-05   6.296453E+01  -1.086605E-16   2.292345E-19   4.792238E-13   1.200000E+02   5.900994E-01
  1.318000000000E+01   4.931948E+00   3.015318E-05   6.296746E+01  -1.086596E-16   1.259153E-19   2.629430E-13   1.200000E+02   5.906538E-01
  1.318500000000E+01   4.931948E+00   3.032093E-05   6.297462E+01  -1.086592E-16  -3.579782E-22  -7.434976E-16   1.200000E+02   5.912074E-01
  1.319000000000E+01   4.931949E+00   3.058127E-05   6.298466E+01  -1.086595E-16  -1.299516E-19  -2.676461E-13   1.200000E+02   5.917604E-01
  1.319500000000E+01   4.931949E+00   3.088364E-05   6.299594E+01  -1.086606E-16  -2.814784E-19  -5.741549E-13   1.200000E+02   5.923126E-01
  1.320000000000E+01   4.931949E+00   3.117500E-05   6.300678E+01  -1.086623E-16  -4.090583E-19  -8.267345E-13   1.200000E+02   5.928641E-01
  1.320500000000E+01   4.931949E+00   3.140761E-05   6.301574E+01  -1.086646E-16  -4.923498E-19  -9.878431E-13   1.200000E+02   5.934148E-01
  1.321000000000E+01   4.931949E+00   3.154611E-05   6.302179E+01  -1.086672E-16  -5.469865E-19  -1.092752E-12   1.200000E+02   5.939648E-01
  1.321500000000E+01   4.931949E+00   3.157211E-05   6.302440E+01  -1.086698E-16  -5.086086E-19  -1.015287E-12   1.200000E+02   5.945141E-01
  1.322000000000E+01   4.931949E+00   3.148520E-05   6.302358E+01  -1.086722E-16  -4.220896E-19  -8.448922E-13   1.200000E+02   5.950627E-01
  1.322500000000E+01   4.931950E+00   3.130013E-05   6.301974E+01  -1.086739E-16  -2.546782E-19  -5.127694E-13   1.200000E+02   5.956106E-01
  1.323000000000E+01   4.931950E+00   3.104126E-05   6.301358E+01  -1.086747E-16  -6.074246E-20  -1.233068E-13   1.200000E+02   5.961579E-01
  1.323500000000E+01   4.931950E+00   3.073572E-05   6.300589E+01  -1.086745E-16   1.375708E-19   2.820097E-13   1.200000E+02   5.967045E-01
  1.324000000000E+01   4.931950E+00   3.040740E-05   6.299739E+01  -1.086734E-16   3.178823E-19   6.585817E-13   1.200000E+02   5.972504E-01
  1.324500000000E+01   4.931950E+00   3.007278E-05   6.298858E+01  -1.086715E-16   4.330234E-19   9.069839E-13   1.200000E+02   5.977957E-01
  1.325000000000E+01   4.931950E+00   2.973949E-05   6.297969E+01  -1.086691E-16   5.079938E-19   1.075784E-12   1.200000E+02   5.983404E-01
  1.325500000000E+01   4.931951E+00   2.940744E-05   6.297071E+01  -1.086666E-16   4.821416E-19   1.032419E-12   1.200000E+02   5.988843E-01
  1.326000000000E+01   4.931951E+00   2.907199E-05   6.296150E+01  -1.086644E-16   3.911213E-19   8.470555E-13   1.200000E+02   5.994277E-01
  1.326500000000E+01   4.931951E+00   2.872820E-05   6.295188E+01  -1.086628E-16   2.510741E-19   5.501766E-13   1.200000E+02   5.999704E-01
  1.327000000000E+01   4.931951E+00   2.837512E-05   6.294180E+01  -1.086620E-16   7.624078E-20   1.691176E-13   1.200000E+02   6.005124E-01
  1.327500000000E+01   4.931951E+00   2.801881E-05   6.293147E+01  -1.086620E-16  -9.375372E-20  -2.105750E-13   1.200000E+02   6.010538E-01
  1.328000000000E+01   4.931951E+00   2.767345E-05   6.292135E+01  -1.086628E-16  -2.240193E-19  -5.093547E-13   1.200000E+02   6.015946E-01
  1.328500000000E+01   4.931951E+00   2.736026E-05   6.291222E+01  -1.086641E-16  -2.957978E-19  -6.801577E-13   1.200000E+02   6.021347E-01
  1.329000000000E+01   4.931952E+00   2.710450E-05   6.290499E+01  -1.086657E-16  -3.194632E-19  -7.414204E-13   1.200000E+02   6.026742E-01
  1.329500000000E+01   4.931952E+00   2.693127E-05   6.290062E+01  -1.086672E-16  -2.733438E-19  -6.384212E-13   1.200000E+02   6.032130E-01
  1.330000000000E+01   4.931952E+00   2.686123E-05   6.289991E+01  -1.086685E-16  -2.216854E-19  -5.191120E-13   1.200000E+02   6.037512E-01
  1.330500000000E+01   4.931952E+00   2.690683E-05   6.290332E+01  -1.086694E-16  -1.334214E-19  -3.119153E-13   1.200000E+02   6.042887E-01
  1.331000000000E+01   4.931952E+00   2.706960E-05   6.291089E+01  -1.086698E-16  -6.835284E-20  -1.588548E-13   1.200000E+02   6.048255E-01
  1.331500000000E+01   4.931952E+00   2.733910E-05   6.292217E+01  -1.086700E-16  -4.994470E-21  -1.149500E-14   1.200000E+02   6.053617E-01
  1.332000000000E+01   4.931952E+00   2.769334E-05   6.293631E+01  -1.086700E-16   4.835725E-21   1.098974E-14   1.200000E+02   6.058971E-01
  1.332500000000E+01   4.931952E+00   2.810121E-05   6.295212E+01  -1.086700E-16   2.980028E-21   6.675836E-15   1.200000E+02   6.064318E-01
  1.333000000000E+01   4.931953E+00   2.852658E-05   6.296831E+01  -1.086700E-16  -3.122328E-20  -6.892090E-14   1.200000E+02   6.069659E-01
  1.333500000000E+01   4.931953E+00   2.893365E-05   6.298368E+01  -1.086703E-16  -8.147438E-20  -1.773560E-13   1.200000E+02   6.074992E-01
  1.334000000000E+01   4.931953E+00   2.929259E-05   6.299728E+01  -1.086709E-16  -1.168939E-19  -2.513946E-13   1.200000E+02   6.080318E-01
  1.334500000000E+01   4.931953E+00   2.958411E-05   6.300855E+01  -1.086715E-16  -1.397140E-19  -2.975644E-13   1.200000E+02   6.085637E-01
  1.335000000000E+01   4.931953E+00   2.980158E-05   6.301735E+01  -1.086722E-16  -1.341066E-19  -2.835769E-13   1.200000E+02   6.090950E-01
  1.335500000000E+01   4.931953E+00   2.995018E-05   6.302388E+01  -1.086729E-16  -1.224006E-19  -2.575664E-13   1.200000E+02   6.096256E-01
  1.336000000000E+01   4.931953E+00   3.004304E-05   6.302861E+01  -1.086734E-16  -8.917458E-20  -1.870833E-13   1.200000E+02   6.101555E-01
  1.336500000000E+01   4.931954E+00   3.009549E-05   6.303204E+01  -1.086738E-16  -5.377666E-20  -1.126299E-13   1.200000E+02   6.106847E-01
  1.337000000000E+01   4.931954E+00   3.011892E-05   6.303454E+01  -1.086739E-16  -1.134678E-20  -2.374717E-14   1.200000E+02   6.112133E-01
  1.337500000000E+01   4.931954E+00   3.011563E-05   6.303618E+01  -1.086740E-16   1.357651E-20   2.841750E-14   1.200000E+02   6.117413E-01
  1.338000000000E+01   4.931954E+00   3.007603E-05   6.303667E+01  -1.086739E-16   1.772481E-20   3.714963E-14   1.200000E+02   6.122686E-01
  1.338500000000E+01   4.931954E+00   2.997888E-05   6.303531E+01  -1.086738E-16  -1.396507E-20  -2.936375E-14   1.200000E+02   6.127953E-01
  1.339000000000E+01   4.931954E+00   2.979491E-05   6.303115E+01  -1.086740E-16  -6.684732E-20  -1.414156E-13   1.200000E+02   6.133213E-01
  1.339500000000E+01   4.931955E+00   2.949331E-05   6.302312E+01  -1.086745E-16  -1.315775E-19  -2.811630E-13   1.200000E+02   6.138467E-01
  1.340000000000E+01   4.931955E+00   2.905006E-05   6.301032E+01  -1.086753E-16  -1.798532E-19  -3.901062E-13   1.200000E+02   6.143716E-01
  1.340500000000E+01   4.931955E+00   2.845589E-05   6.299222E+01  -1.086762E-16  -2.001425E-19  -4.430514E-13   1.200000E+02   6.148958E-01
  1.341000000000E+01   4.931955E+00   2.772193E-05   6.296887E+01  -1.086772E-16  -1.685771E-19  -3.829138E-13   1.200000E+02   6.154195E-01
  1.341500000000E+01   4.931955E+00   2.688101E-05   6.294104E+01  -1.086779E-16  -1.155112E-19  -2.704658E-13   1.200000E+02   6.159427E-01
  1.342000000000E+01   4.931955E+00   2.598424E-05   6.291020E+01  -1.086783E-16  -2.870243E-20  -6.949118E-14   1.200000E+02   6.164653E-01
  1.342500000000E+01   4.931955E+00   2.509398E-05   6.287846E+01  -1.086782E-16   7.903712E-20   1.980448E-13   1.200000E+02   6.169873E-01
  1.343000000000E+01   4.931955E+00   2.427520E-05   6.284834E+01  -1.086775E-16   1.859611E-19   4.814522E-13   1.200000E+02   6.175089E-01
  1.343500000000E+01   4.931956E+00   2.358761E-05   6.282249E+01  -1.086763E-16   2.772222E-19   7.383449E-13   1.200000E+02   6.180298E-01
  1.344000000000E+01   4.931956E+00   2.307998E-05   6.280333E+01  -1.086748E-16   3.229312E-19   8.787335E-13   1.200000E+02   6.185503E-01
  1.344500000000E+01   4.931956E+00   2.278697E-05   6.279278E+01  -1.086732E-16   3.203825E-19   8.828602E-13   1.200000E+02   6.190701E-01
  1.345000000000E+01   4.931956E+00   2.272779E-05   6.279201E+01  -1.086717E-16   2.735942E-19   7.558822E-13   1.200000E+02   6.195893E-01
  1.345500000000E+01   4.931956E+00   2.290583E-05   6.280122E+01  -1.086705E-16   1.815280E-19   4.976975E-13   1.200000E+02   6.201080E-01
  1.346000000000E+01   4.931956E+00   2.330842E-05   6.281966E+01  -1.086700E-16   3.036657E-20   8.184243E-14   1.200000E+02   6.206259E-01
  1.346500000000E+01   4.931956E+00   2.390645E-05   6.284570E+01  -1.086703E-16  -1.470114E-19  -3.864662E-13   1.200000E+02   6.211432E-01
  1.347000000000E+01   4.931956E+00   2.465441E-05   6.287699E+01  -1.086714E-16  -3.110469E-19  -7.932737E-13   1.200000E+02   6.216598E-01
  1.347500000000E+01   4.931957E+00   2.549179E-05   6.291076E+01  -1.086734E-16  -4.638541E-19  -1.144738E-12   1.200000E+02   6.221757E-01
  1.348000000000E+01   4.931957E+00   2.634680E-05   6.294414E+01  -1.086759E-16  -5.390343E-19  -1.287786E-12   1.200000E+02   6.226908E-01
  1.348500000000E+01   4.931957E+00   2.714301E-05   6.297443E+01  -1.086786E-16  -5.429480E-19  -1.259692E-12   1.200000E+02   6.232053E-01
  1.349000000000E+01   4.931957E+00   2.780831E-05   6.299938E+01  -1.086812E-16  -4.565314E-19  -1.034266E-12   1.200000E+02   6.237191E-01
  1.349500000000E+01   4.931957E+00   2.828448E-05   6.301738E+01  -1.086830E-16  -2.860222E-19  -6.372530E-13   1.200000E+02   6.242322E-01
  1.350000000000E+01   4.931957E+00   2.853497E-05   6.302754E+01  -1.086839E-16  -7.737610E-20  -1.709070E-13   1.200000E+02   6.247446E-01
  1.350500000000E+01   4.931957E+00   2.854865E-05   6.302970E+01  -1.086838E-16   1.337511E-19   2.952957E-13   1.200000E+02   6.252565E-01
  1.351000000000E+01   4.931958E+00   2.833865E-05   6.302431E+01  -1.086827E-16   2.951243E-19   6.563474E-13   1.200000E+02   6.257677E-01
  1.351500000000E+01   4.931958E+00   2.793683E-05   6.301229E+01  -1.086808E-16   4.066357E-19   9.171781E-13   1.200000E+02   6.262784E-01
  1.352000000000E+01   4.931958E+00   2.738580E-05   6.299486E+01  -1.086787E-16   4.242311E-19   9.758481E-13   1.200000E+02   6.267885E-01
  1.352500000000E+01   4.931958E+00   2.673090E-05   6.297331E+01  -1.086767E-16   3.569650E-19   8.409470E-13   1.200000E+02   6.272981E-01
  1.353000000000E+01   4.931958E+00   2.601379E-05   6.294889E+01  -1.086752E-16   2.353322E-19   5.694634E-13   1.200000E+02   6.278071E-01
  1.353500000000E+01   4.931958E+00   2.526889E-05   6.292269E+01  -1.086744E-16   6.699655E-20   1.668297E-13   1.200000E+02   6.283157E-01
  1.354000000000E+01   4.931958E+00   2.452257E-05   6.289559E+01  -1.086745E-16  -9.158466E-20  -2.348967E-13   1.200000E+02   6.288237E-01
  1.354500000000E+01   4.931958E+00   2.379464E-05   6.286835E+01  -1.086754E-16  -2.320330E-19  -6.130597E-13   1.200000E+02   6.293312E-01
  1.355000000000E+01   4.931959E+00   2.310124E-05   6.284164E+01  -1.086768E-16  -3.148360E-19  -8.564391E-13   1.200000E+02   6.298382E-01
  1.355500000000E+01   4.931959E+00   2.245819E-05   6.281621E+01  -1.086784E-16  -3.370845E-19  -9.428354E-13   1.200000E+02   6.303446E-01
  1.356000000000E+01   4.931959E+00   2.188391E-05   6.279303E+01  -1.086801E-16  -3.257190E-19  -9.346080E-13   1.200000E+02   6.308506E-01
  1.356500000000E+01   4.931959E+00   2.140151E-05   6.277330E+01  -1.086816E-16  -2.598411E-19  -7.621466E-13   1.200000E+02   6.313560E-01
  1.357000000000E+01   4.931959E+00   2.103955E-05   6.275860E+01  -1.086827E-16  -1.908852E-19  -5.693889E-13   1.200000E+02   6.318608E-01
  1.357500000000E+01   4.931959E+00   2.083173E-05   6.275074E+01  -1.086834E-16  -1.007673E-19  -3.035381E-13   1.200000E+02   6.323651E-01
  1.358000000000E+01   4.931959E+00   2.081564E-05   6.275167E+01  -1.086837E-16  -2.932920E-20  -8.841697E-14   1.200000E+02   6.328689E-01
  1.358500000000E+01   4.931959E+00   2.103084E-05   6.276321E+01  -1.086837E-16   4.401683E-20   1.313613E-13   1.200000E+02   6.333720E-01
  1.359000000000E+01   4.931959E+00   2.151613E-05   6.278678E+01  -1.086833E-16   9.864091E-20   2.878466E-13   1.200000E+02   6.338745E-01
  1.359500000000E+01   4.931960E+00   2.230569E-05   6.282304E+01  -1.086827E-16   1.414806E-19   3.984744E-13   1.200000E+02   6.343764E-01
  1.360000000000E+01   4.931960E+00   2.342290E-05   6.287162E+01  -1.086820E-16   1.724303E-19   4.628363E-13   1.200000E+02   6.348775E-01
  1.360500000000E+01   4.931960E+00   2.487099E-05   6.293087E+01  -1.086811E-16   1.675254E-19   4.238883E-13   1.200000E+02   6.353780E-01
  1.361000000000E+01   4.931960E+00   2.661971E-05   6.299776E+01  -1.086803E-16   1.807046E-19   4.276523E-13   1.200000E+02   6.358777E-01
  1.361500000000E+01   4.931960E+00   2.858945E-05   6.306794E+01  -1.086794E-16   1.508510E-19   3.327752E-13   1.200000E+02   6.363766E-01
  1.362000000000E+01   4.931960E+00   3.063699E-05   6.313600E+01  -1.086787E-16   1.216031E-19   2.505969E-13   1.200000E+02   6.368747E-01
  1.362500000000E+01   4.931960E+00   3.255124E-05   6.319583E+01  -1.086782E-16   1.011894E-19   1.964517E-13   1.200000E+02   6.373720E-01
  1.363000000000E+01   4.931960E+00   3.406903E-05   6.324123E+01  -1.086778E-16   5.208766E-20   9.668862E-14   1.200000E+02   6.378686E-01
  1.363500000000E+01   4.931961E+00   3.491773E-05   6.326649E+01  -1.086777E-16  -1.682948E-20  -3.049288E-14   1.200000E+02   6.383645E-01
  1.364000000000E+01   4.931961E+00   3.487990E-05   6.326709E+01  -1.086780E-16  -9.291565E-20  -1.685356E-13   1.200000E+02   6.388597E-01
  1.364500000000E+01   4.931961E+00   3.385976E-05   6.324024E+01  -1.086787E-16  -1.737962E-19  -3.246011E-13   1.200000E+02   6.393545E-01
  1.365000000000E+01   4.931961E+00   3.192212E-05   6.318531E+01  -1.086798E-16  -2.555699E-19  -5.058643E-13   1.200000E+02   6.398488E-01
  1.365500000000E+01   4.931961E+00   2.928233E-05   6.310408E+01  -1.086812E-16  -3.150776E-19  -6.789992E-13   1.200000E+02   6.403428E-01
  1.366000000000E+01   4.931961E+00   2.624902E-05   6.300074E+01  -1.086829E-16  -3.327372E-19  -7.986085E-13   1.200000E+02   6.408366E-01
  1.366500000000E+01   4.931962E+00   2.314534E-05   6.288157E+01  -1.086845E-16  -2.998410E-19  -8.146122E-13   1.200000E+02   6.413301E-01
  1.367000000000E+01   4.931962E+00   2.024179E-05   6.275453E+01  -1.086858E-16  -2.406929E-19  -7.462071E-13   1.200000E+02   6.418234E-01
  1.367500000000E+01   4.931962E+00   1.772179E-05   6.262852E+01  -1.086869E-16  -1.673371E-19  -5.913667E-13   1.200000E+02   6.423164E-01
  1.368000000000E+01   4.931962E+00   1.568139E-05   6.251273E+01  -1.086875E-16  -8.544642E-20  -3.406261E-13   1.200000E+02   6.428092E-01
  1.368500000000E+01   4.931962E+00   1.415100E-05   6.241578E+01  -1.086877E-16  -5.670761E-21  -2.501202E-14   1.200000E+02   6.433015E-01
  1.369000000000E+01   4.931962E+00   1.312419E-05   6.234510E+01  -1.086876E-16   6.045404E-20   2.871807E-13   1.200000E+02   6.437935E-01
  1.369500000000E+01   4.931962E+00   1.258335E-05   6.230633E+01  -1.086871E-16   1.120501E-19   5.548146E-13   1.200000E+02   6.442849E-01
  1.370000000000E+01   4.931962E+00   1.251825E-05   6.230298E+01  -1.086865E-16   1.482906E-19   7.380385E-13   1.200000E+02   6.447758E-01
  1.370500000000E+01   4.931962E+00   1.293740E-05   6.233622E+01  -1.086857E-16   1.721972E-19   8.296975E-13   1.200000E+02   6.452662E-01
  1.371000000000E+01   4.931962E+00   1.387370E-05   6.240492E+01  -1.086848E-16   1.861675E-19   8.373952E-13   1.200000E+02   6.457559E-01
  1.371500000000E+01   4.931962E+00   1.538485E-05   6.250579E+01  -1.086838E-16   1.828125E-19   7.427335E-13   1.200000E+02   6.462450E-01
  1.372000000000E+01   4.931962E+00   1.754759E-05   6.263369E+01  -1.086830E-16   1.479935E-19   5.282424E-13   1.200000E+02   6.467333E-01
  1.372500000000E+01   4.931963E+00   2.044297E-05   6.278192E+01  -1.086824E-16   9.533582E-20   2.927835E-13   1.200000E+02   6.472208E-01
  1.373000000000E+01   4.931963E+00   2.412876E-05   6.294266E+01  -1.086821E-16   3.603069E-21   9.399022E-15   1.200000E+02   6.477073E-01
  1.373500000000E+01   4.931963E+00   2.859623E-05   6.310735E+01  -1.086824E-16  -1.297778E-19  -2.863990E-13   1.200000E+02   6.481929E-01
  1.374000000000E+01   4.931963E+00   3.371417E-05   6.326701E+01  -1.086834E-16  -2.964789E-19  -5.563635E-13   1.200000E+02   6.486774E-01
  1.374500000000E+01   4.931963E+00   3.917357E-05   6.341270E+01  -1.086853E-16  -4.863470E-19  -7.872802E-13   1.200000E+02   6.491608E-01
  1.375000000000E+01   4.931963E+00   4.446056E-05   6.353583E+01  -1.086883E-16  -6.925258E-19  -9.896458E-13   1.200000E+02   6.496431E-01
  1.375500000000E+01   4.931964E+00   4.889258E-05   6.362865E+01  -1.086922E-16  -8.358922E-19  -1.087827E-12   1.200000E+02   6.501242E-01
  1.376000000000E+01   4.931964E+00   5.174142E-05   6.368461E+01  -1.086966E-16  -8.726464E-19  -1.074075E-12   1.200000E+02   6.506045E-01
  1.376500000000E+01   4.931964E+00   5.242702E-05   6.369884E+01  -1.087009E-16  -8.110994E-19  -9.854859E-13   1.200000E+02   6.510840E-01
  1.377000000000E+01   4.931964E+00   5.071420E-05   6.366854E+01  -1.087045E-16  -6.137644E-19  -7.705432E-13   1.200000E+02   6.515630E-01
  1.377500000000E+01   4.931965E+00   4.681657E-05   6.359336E+01  -1.087069E-16  -3.217963E-19  -4.371125E-13   1.200000E+02   6.520418E-01
  1.378000000000E+01   4.931965E+00   4.134415E-05   6.347561E+01  -1.087078E-16  -4.595498E-20  -7.055461E-14   1.200000E+02   6.525206E-01
  1.378500000000E+01   4.931965E+00   3.511308E-05   6.332037E+01  -1.087075E-16   1.568122E-19   2.827836E-13   1.200000E+02   6.529995E-01
  1.379000000000E+01   4.931965E+00   2.891032E-05   6.313536E+01  -1.087063E-16   2.817093E-19   6.152066E-13   1.200000E+02   6.534786E-01
  1.379500000000E+01   4.931965E+00   2.331826E-05   6.293059E+01  -1.087047E-16   3.400399E-19   9.176890E-13   1.200000E+02   6.539577E-01
  1.380000000000E+01   4.931965E+00   1.865199E-05   6.271782E+01  -1.087030E-16   3.159318E-19   1.062330E-12   1.200000E+02   6.544369E-01
  1.380500000000E+01   4.931965E+00   1.499472E-05   6.250989E+01  -1.087016E-16   2.464190E-19   1.027270E-12   1.200000E+02   6.549160E-01
  1.381000000000E+01   4.931966E+00   1.228087E-05   6.231981E+01  -1.087006E-16   1.648029E-19   8.362998E-13   1.200000E+02   6.553949E-01
  1.381500000000E+01   4.931966E+00   1.037962E-05   6.215992E+01  -1.086999E-16   8.609440E-20   5.155894E-13   1.200000E+02   6.558736E-01
  1.382000000000E+01   4.931966E+00   9.155451E-06   6.204103E+01  -1.086997E-16   1.212002E-20   8.213013E-14   1.200000E+02   6.563519E-01
  1.382500000000E+01   4.931966E+00   8.502695E-06   6.197161E+01  -1.086998E-16  -5.166445E-20  -3.765546E-13   1.200000E+02   6.568297E-01
  1.383000000000E+01   4.931966E+00   8.362011E-06   6.195718E+01  -1.087002E-16  -1.110589E-19  -8.228761E-13   1.200000E+02   6.573071E-01
  1.383500000000E+01   4.931966E+00   8.727961E-06   6.199988E+01  -1.087009E-16  -1.538095E-19  -1.092600E-12   1.200000E+02   6.577839E-01
  1.384000000000E+01   4.931966E+00   9.654109E-06   6.209827E+01  -1.087017E-16  -1.933961E-19  -1.243985E-12   1.200000E+02   6.582602E-01
  1.384500000000E+01   4.931966E+00   1.125767E-05   6.224737E+01  -1.087028E-16  -2.131567E-19  -1.178614E-12   1.200000E+02   6.587358E-01
  1.385000000000E+01   4.931966E+00   1.372039E-05   6.243886E+01  -1.087038E-16  -1.930780E-19  -8.786609E-13   1.200000E+02   6.592106E-01
  1.385500000000E+01   4.931966E+00   1.727538E-05   6.266162E+01  -1.087046E-16  -1.254824E-19  -4.551524E-13   1.200000E+02   6.596846E-01
  1.386000000000E+01   4.931966E+00   2.216183E-05   6.290231E+01  -1.087050E-16   3.464299E-21   9.832783E-15   1.200000E+02   6.601576E-01
  1.386500000000E+01   4.931966E+00   2.852670E-05   6.314625E+01  -1.087044E-16   2.287086E-19   5.062657E-13   1.200000E+02   6.606295E-01
  1.387000000000E+01   4.931966E+00   3.626667E-05   6.337827E+01  -1.087026E-16   5.085277E-19   8.886839E-13   1.200000E+02   6.611001E-01
  1.387500000000E+01   4.931967E+00   4.484835E-05   6.358371E+01  -1.086995E-16   7.397097E-19   1.048723E-12   1.200000E+02   6.615694E-01
  1.388000000000E+01   4.931967E+00   5.321163E-05   6.374942E+01  -1.086953E-16   9.015479E-19   1.080086E-12   1.200000E+02   6.620371E-01
  1.388500000000E+01   4.931967E+00   5.989584E-05   6.386456E+01  -1.086908E-16   8.110244E-19   8.647632E-13   1.200000E+02   6.625035E-01
  1.389000000000E+01   4.931967E+00   6.345063E-05   6.392145E+01  -1.086876E-16   4.598531E-19   4.632653E-13   1.200000E+02   6.629689E-01
  1.389500000000E+01   4.931968E+00   6.299516E-05   6.391608E+01  -1.086866E-16  -3.776236E-20  -3.831440E-14   1.200000E+02   6.634336E-01
  1.390000000000E+01   4.931968E+00   5.861368E-05   6.384841E+01  -1.086880E-16  -5.170672E-19  -5.632459E-13   1.200000E+02   6.638980E-01
  1.390500000000E+01   4.931968E+00   5.132445E-05   6.372246E+01  -1.086913E-16  -7.794151E-19  -9.676918E-13   1.200000E+02   6.643626E-01
  1.391000000000E+01   4.931969E+00   4.263928E-05   6.354603E+01  -1.086953E-16  -8.117660E-19  -1.209788E-12   1.200000E+02   6.648275E-01
  1.391500000000E+01   4.931969E+00   3.399881E-05   6.333018E+01  -1.086991E-16  -6.967502E-19  -1.297849E-12   1.200000E+02   6.652930E-01
  1.392000000000E+01   4.931969E+00   2.639007E-05   6.308852E+01  -1.087021E-16  -4.916503E-19  -1.175347E-12   1.200000E+02   6.657587E-01
  1.392500000000E+01   4.931969E+00   2.025955E-05   6.283628E+01  -1.087040E-16  -2.722399E-19  -8.443694E-13   1.200000E+02   6.662248E-01
  1.393000000000E+01   4.931969E+00   1.563876E-05   6.258930E+01  -1.087049E-16  -9.568314E-20  -3.829422E-13   1.200000E+02   6.666909E-01
  1.393500000000E+01   4.931969E+00   1.233516E-05   6.236304E+01  -1.087051E-16   2.158370E-20   1.091210E-13   1.200000E+02   6.671570E-01
  1.394000000000E+01   4.931969E+00   1.008817E-05   6.217154E+01  -1.087048E-16   8.839384E-20   5.447550E-13   1.200000E+02   6.676228E-01
  1.394500000000E+01   4.931969E+00   8.660248E-06   6.202657E+01  -1.087042E-16   1.230718E-19   8.814666E-13   1.200000E+02   6.680883E-01
  1.395000000000E+01   4.931969E+00   7.875197E-06   6.193689E+01  -1.087036E-16   1.265230E-19   9.950790E-13   1.200000E+02   6.685535E-01
  1.395500000000E+01   4.931969E+00   7.627129E-06   6.190770E+01  -1.087030E-16   1.147188E-19   9.311466E-13   1.200000E+02   6.690182E-01
  1.396000000000E+01   4.931969E+00   7.878276E-06   6.194034E+01  -1.087025E-16   9.261210E-20   7.281320E-13   1.200000E+02   6.694824E-01
  1.396500000000E+01   4.931969E+00   8.655287E-06   6.203218E+01  -1.087021E-16   5.450564E-20   3.906403E-13   1.200000E+02   6.699461E-01
  1.397000000000E+01   4.931969E+00   1.004622E-05   6.217678E+01  -1.087020E-16  -4.644236E-21  -2.874351E-14   1.200000E+02   6.704091E-01
  1.397500000000E+01   4.931970E+00   1.219414E-05   6.236432E+01  -1.087022E-16  -7.997665E-20  -4.090233E-13   1.200000E+02   6.708715E-01
  1.398000000000E+01   4.931970E+00   1.527698E-05   6.258223E+01  -1.087028E-16  -1.725582E-19  -7.068856E-13   1.200000E+02   6.713331E-01
  1.398500000000E+01   4.931970E+00   1.945820E-05   6.281600E+01  -1.087039E-16  -2.543707E-19  -8.211733E-13   1.200000E+02   6.717938E-01
  1.399000000000E+01   4.931970E+00   2.479506E-05   6.305020E+01  -1.087053E-16  -3.017754E-19  -7.673704E-13   1.200000E+02   6.722535E-01
  1.399500000000E+01   4.931970E+00   3.111021E-05   6.326954E+01  -1.087068E-16  -2.841033E-19  -5.777874E-13   1.200000E+02   6.727121E-01
  1.400000000000E+01   4.931970E+00   3.787365E-05   6.345991E+01  -1.087079E-16  -1.408790E-19  -2.360525E-13   1.200000E+02   6.731695E-01
  1.400500000000E+01   4.931970E+00   4.418562E-05   6.360940E+01  -1.087081E-16   5.339848E-20   7.687218E-14   1.200000E+02   6.736256E-01
  1.401000000000E+01   4.931971E+00   4.894576E-05   6.370913E+01  -1.087072E-16   2.981678E-19   3.881032E-13   1.200000E+02   6.740807E-01
  1.401500000000E+01   4.931971E+00   5.119892E-05   6.375384E+01  -1.087052E-16   4.469485E-19   5.565485E-13   1.200000E+02   6.745349E-01
  1.402000000000E+01   4.931971E+00   5.050447E-05   6.374223E+01  -1.087029E-16   4.506944E-19   5.688263E-13   1.200000E+02   6.749886E-01
  1.402500000000E+01   4.931971E+00   4.711292E-05   6.367700E+01  -1.087008E-16   3.612246E-19   4.882249E-13   1.200000E+02   6.754420E-01
  1.403000000000E+01   4.931972E+00   4.184065E-05   6.356457E+01  -1.086995E-16   1.484176E-19   2.254769E-13   1.200000E+02   6.758953E-01
  1.403500000000E+01   4.931972E+00   3.573243E-05   6.341458E+01  -1.086992E-16  -3.633244E-20  -6.447942E-14   1.200000E+02   6.763489E-01
  1.404000000000E+01   4.931972E+00   2.971676E-05   6.323911E+01  -1.086999E-16  -2.003172E-19  -4.262875E-13   1.200000E+02   6.768026E-01
  1.404500000000E+01   4.931972E+00   2.441087E-05   6.305180E+01  -1.087011E-16  -2.746343E-19  -7.093637E-13   1.200000E+02   6.772565E-01
  1.405000000000E+01   4.931972E+00   2.010120E-05   6.286683E+01  -1.087025E-16  -2.711309E-19  -8.479665E-13   1.200000E+02   6.777104E-01
  1.405500000000E+01   4.931972E+00   1.683105E-05   6.269788E+01  -1.087037E-16  -2.268765E-19  -8.451450E-13   1.200000E+02   6.781642E-01
  1.406000000000E+01   4.931972E+00   1.451371E-05   6.255718E+01  -1.087047E-16  -1.520250E-19  -6.552601E-13   1.200000E+02   6.786179E-01
  1.406500000000E+01   4.931972E+00   1.302219E-05   6.245458E+01  -1.087053E-16  -7.591278E-20  -3.640787E-13   1.200000E+02   6.790713E-01
  1.407000000000E+01   4.931972E+00   1.224312E-05   6.239686E+01  -1.087054E-16   2.987923E-21   1.522790E-14   1.200000E+02   6.795244E-01
  1.407500000000E+01   4.931972E+00   1.210152E-05   6.238719E+01  -1.087052E-16   7.716021E-20   3.977853E-13   1.200000E+02   6.799770E-01
  1.408000000000E+01   4.931973E+00   1.256662E-05   6.242489E+01  -1.087047E-16   1.454315E-19   7.224336E-13   1.200000E+02   6.804292E-01
  1.408500000000E+01   4.931973E+00   1.364539E-05   6.250546E+01  -1.087038E-16   1.934162E-19   8.859815E-13   1.200000E+02   6.808807E-01
  1.409000000000E+01   4.931973E+00   1.536450E-05   6.262086E+01  -1.087028E-16   2.055920E-19   8.379281E-13   1.200000E+02   6.813317E-01
  1.409500000000E+01   4.931973E+00   1.773743E-05   6.276023E+01  -1.087018E-16   1.880761E-19   6.654682E-13   1.200000E+02   6.817820E-01
  1.410000000000E+01   4.931973E+00   2.071459E-05   6.291067E+01  -1.087010E-16   1.262216E-19   3.833378E-13   1.200000E+02   6.822315E-01
  1.410500000000E+01   4.931973E+00   2.412310E-05   6.305840E+01  -1.087006E-16   1.758722E-20   4.597345E-14   1.200000E+02   6.826802E-01
  1.411000000000E+01   4.931973E+00   2.762081E-05   6.318987E+01  -1.087009E-16  -1.469337E-19  -3.361494E-13   1.200000E+02   6.831280E-01
  1.411500000000E+01   4.931973E+00   3.070525E-05   6.329298E+01  -1.087020E-16  -2.883532E-19  -5.943848E-13   1.200000E+02   6.835751E-01
  1.412000000000E+01   4.931973E+00   3.281110E-05   6.335814E+01  -1.087038E-16  -4.233401E-19  -8.174684E-13   1.200000E+02   6.840213E-01
  1.412500000000E+01   4.931974E+00   3.348405E-05   6.337911E+01  -1.087060E-16  -4.670979E-19  -8.841299E-13   1.200000E+02   6.844670E-01
  1.413000000000E+01   4.931974E+00   3.255444E-05   6.335355E+01  -1.087083E-16  -4.367261E-19  -8.499040E-13   1.200000E+02   6.849122E-01
  1.413500000000E+01   4.931974E+00   3.020974E-05   6.328327E+01  -1.087102E-16  -3.299549E-19  -6.911886E-13   1.200000E+02   6.853571E-01
  1.414000000000E+01   4.931974E+00   2.691842E-05   6.317401E+01  -1.087117E-16  -2.378788E-19  -5.582704E-13   1.200000E+02   6.858019E-01
  1.414500000000E+01   4.931974E+00   2.325335E-05   6.303497E+01  -1.087126E-16  -1.273786E-19  -3.452966E-13   1.200000E+02   6.862466E-01
  1.415000000000E+01   4.931974E+00   1.971649E-05   6.287805E+01  -1.087131E-16  -7.436024E-20  -2.371429E-13   1.200000E+02   6.866913E-01
  1.415500000000E+01   4.931974E+00   1.664220E-05   6.271679E+01  -1.087134E-16  -2.855355E-20  -1.076052E-13   1.200000E+02   6.871358E-01
  1.416000000000E+01   4.931974E+00   1.419068E-05   6.256529E+01  -1.087134E-16   4.795687E-21   2.114370E-14   1.200000E+02   6.875802E-01
  1.416500000000E+01   4.931975E+00   1.239682E-05   6.243702E+01  -1.087133E-16   1.682104E-20   8.471973E-14   1.200000E+02   6.880244E-01
  1.417000000000E+01   4.931975E+00   1.123243E-05   6.234380E+01  -1.087132E-16   2.980748E-20   1.654416E-13   1.200000E+02   6.884683E-01
  1.417500000000E+01   4.931975E+00   1.065744E-05   6.229483E+01  -1.087131E-16   3.555884E-20   2.078484E-13   1.200000E+02   6.889118E-01
  1.418000000000E+01   4.931975E+00   1.065355E-05   6.229594E+01  -1.087128E-16   5.868363E-20   3.431489E-13   1.200000E+02   6.893549E-01
  1.418500000000E+01   4.931975E+00   1.124384E-05   6.234918E+01  -1.087125E-16   7.633233E-20   4.232769E-13   1.200000E+02   6.897975E-01
  1.419000000000E+01   4.931975E+00   1.250296E-05   6.245255E+01  -1.087120E-16   1.062665E-19   5.308035E-13   1.200000E+02   6.902395E-01
  1.419500000000E+01   4.931975E+00   1.455819E-05   6.260011E+01  -1.087114E-16   1.414775E-19   6.083524E-13   1.200000E+02   6.906810E-01
  1.420000000000E+01   4.931975E+00   1.757547E-05   6.278239E+01  -1.087106E-16   1.809846E-19   6.465061E-13   1.200000E+02   6.911217E-01
  1.420500000000E+01   4.931975E+00   2.171689E-05   6.298697E+01  -1.087096E-16   2.144938E-19   6.221110E-13   1.200000E+02   6.915615E-01
  1.421000000000E+01   4.931975E+00   2.705408E-05   6.319938E+01  -1.087085E-16   2.222768E-19   5.192471E-13   1.200000E+02   6.920004E-01
  1.421500000000E+01   4.931975E+00   3.343493E-05   6.340413E+01  -1.087075E-16   1.722345E-19   3.266159E-13   1.200000E+02   6.924383E-01
  1.422000000000E+01   4.931975E+00   4.034008E-05   6.358581E+01  -1.087068E-16   5.167881E-20   8.145841E-14   1.200000E+02   6.928749E-01
  1.422500000000E+01   4.931976E+00   4.682204E-05   6.373030E+01  -1.087070E-16  -1.450420E-19  -1.974192E-13   1.200000E+02   6.933104E-01
  1.423000000000E+01   4.931976E+00   5.164370E-05   6.382584E+01  -1.087084E-16  -4.116086E-19  -5.087022E-13   1.200000E+02   6.937448E-01
  1.423500000000E+01   4.931976E+00   5.365497E-05   6.386395E+01  -1.087110E-16  -6.306386E-19  -7.506309E-13   1.200000E+02   6.941784E-01
  1.424000000000E+01   4.931976E+00   5.226640E-05   6.384022E+01  -1.087146E-16  -7.751284E-19  -9.467720E-13   1.200000E+02   6.946115E-01
  1.424500000000E+01   4.931977E+00   4.773864E-05   6.375466E+01  -1.087185E-16  -7.908489E-19  -1.056174E-12   1.200000E+02   6.950445E-01
  1.425000000000E+01   4.931977E+00   4.108030E-05   6.361190E+01  -1.087222E-16  -6.737289E-19  -1.043254E-12   1.200000E+02   6.954777E-01
  1.425500000000E+01   4.931977E+00   3.361630E-05   6.342084E+01  -1.087251E-16  -4.771682E-19  -9.002303E-13   1.200000E+02   6.959112E-01
  1.426000000000E+01   4.931977E+00   2.650587E-05   6.319414E+01  -1.087270E-16  -2.939315E-19  -7.007786E-13   1.200000E+02   6.963451E-01
  1.426500000000E+01   4.931977E+00   2.046517E-05   6.294728E+01  -1.087280E-16  -1.399708E-19  -4.305257E-13   1.200000E+02   6.967793E-01
  1.427000000000E+01   4.931978E+00   1.575227E-05   6.269745E+01  -1.087284E-16  -3.423903E-20  -1.362787E-13   1.200000E+02   6.972136E-01
  1.427500000000E+01   4.931978E+00   1.231079E-05   6.246224E+01  -1.087284E-16   2.645282E-20   1.342158E-13   1.200000E+02   6.976479E-01
  1.428000000000E+01   4.931978E+00   9.939950E-06   6.225832E+01  -1.087282E-16   6.419560E-20   4.020855E-13   1.200000E+02   6.980821E-01
  1.428500000000E+01   4.931978E+00   8.417380E-06   6.210015E+01  -1.087278E-16   8.115235E-20   5.987105E-13   1.200000E+02   6.985161E-01
  1.429000000000E+01   4.931978E+00   7.562955E-06   6.199883E+01  -1.087274E-16   8.226382E-20   6.743741E-13   1.200000E+02   6.989498E-01
  1.429500000000E+01   4.931978E+00   7.261878E-06   6.196127E+01  -1.087270E-16   7.193576E-20   6.137849E-13   1.200000E+02   6.993830E-01
  1.430000000000E+01   4.931978E+00   7.468259E-06   6.198961E+01  -1.087267E-16   5.559162E-20   4.614332E-13   1.200000E+02   6.998159E-01
  1.430500000000E+01   4.931978E+00   8.202580E-06   6.208108E+01  -1.087265E-16   3.703932E-20   2.803314E-13   1.200000E+02   7.002483E-01
  1.431000000000E+01   4.931978E+00   9.547209E-06   6.222824E+01  -1.087263E-16   1.233479E-20   8.039753E-14   1.200000E+02   7.006802E-01
  1.431500000000E+01   4.931978E+00   1.163586E-05   6.241960E+01  -1.087263E-16  -1.473867E-20  -7.906437E-14   1.200000E+02   7.011114E-01
  1.432000000000E+01   4.931978E+00   1.462559E-05   6.264056E+01  -1.087265E-16  -3.824164E-20  -1.637867E-13   1.200000E+02   7.015419E-01
  1.432500000000E+01   4.931978E+00   1.863590E-05   6.287461E+01  -1.087267E-16  -6.106308E-20  -2.060173E-13   1.200000E+02   7.019716E-01
  1.433000000000E+01   4.931978E+00   2.364668E-05   6.310464E+01  -1.087271E-16  -7.411340E-20  -1.977824E-13   1.200000E+02   7.024004E-01
  1.433500000000E+01   4.931978E+00   2.937484E-05   6.331429E+01  -1.087274E-16  -6.847363E-20  -1.475875E-13   1.200000E+02   7.028282E-01
  1.434000000000E+01   4.931978E+00   3.519468E-05   6.348924E+01  -1.087277E-16  -5.203568E-20  -9.386947E-14   1.200000E+02   7.032550E-01
  1.434500000000E+01   4.931979E+00   4.019518E-05   6.361819E+01  -1.087280E-16  -3.585620E-20  -5.675073E-14   1.200000E+02   7.036807E-01
  1.435000000000E+01   4.931979E+00   4.342234E-05   6.369373E+01  -1.087281E-16  -4.622610E-20  -6.780641E-14   1.200000E+02   7.041055E-01
  1.435500000000E+01   4.931979E+00   4.422840E-05   6.371280E+01  -1.087284E-16  -1.031297E-19  -1.485624E-13   1.200000E+02   7.045297E-01
  1.436000000000E+01   4.931979E+00   4.253665E-05   6.367676E+01  -1.087291E-16  -1.755157E-19  -2.627444E-13   1.200000E+02   7.049535E-01
  1.436500000000E+01   4.931980E+00   3.885507E-05   6.359126E+01  -1.087302E-16  -2.640496E-19  -4.321508E-13   1.200000E+02   7.053772E-01
  1.437000000000E+01   4.931980E+00   3.403994E-05   6.346565E+01  -1.087317E-16  -3.088422E-19  -5.758198E-13   1.200000E+02   7.058010E-01
  1.437500000000E+01   4.931980E+00   2.896998E-05   6.331223E+01  -1.087332E-16  -2.883727E-19  -6.302220E-13   1.200000E+02   7.062249E-01
  1.438000000000E+01   4.931980E+00   2.430869E-05   6.314523E+01  -1.087346E-16  -2.349766E-19  -6.103847E-13   1.200000E+02   7.066489E-01
  1.438500000000E+01   4.931980E+00   2.042796E-05   6.297966E+01  -1.087356E-16  -1.614071E-19  -4.976203E-13   1.200000E+02   7.070730E-01
  1.439000000000E+01   4.931980E+00   1.745642E-05   6.283016E+01  -1.087361E-16  -5.662168E-20  -2.037961E-13   1.200000E+02   7.074970E-01
  1.439500000000E+01   4.931980E+00   1.537660E-05   6.270978E+01  -1.087362E-16   3.211486E-20   1.309728E-13   1.200000E+02   7.079208E-01
  1.440000000000E+01   4.931980E+00   1.411433E-05   6.262895E+01  -1.087358E-16   9.401813E-20   4.171829E-13   1.200000E+02   7.083445E-01
  1.440500000000E+01   4.931980E+00   1.359849E-05   6.259462E+01  -1.087352E-16   1.502047E-19   6.914006E-13   1.200000E+02   7.087678E-01
  1.441000000000E+01   4.931980E+00   1.379200E-05   6.260958E+01  -1.087344E-16   1.798874E-19   8.166095E-13   1.200000E+02   7.091907E-01
  1.441500000000E+01   4.931981E+00   1.470120E-05   6.267227E+01  -1.087334E-16   1.934156E-19   8.245445E-13   1.200000E+02   7.096132E-01
  1.442000000000E+01   4.931981E+00   1.636792E-05   6.277677E+01  -1.087325E-16   1.732825E-19   6.645998E-13   1.200000E+02   7.100351E-01
  1.442500000000E+01   4.931981E+00   1.884170E-05   6.291328E+01  -1.087317E-16   1.243728E-19   4.152864E-13   1.200000E+02   7.104563E-01
  1.443000000000E+01   4.931981E+00   2.212637E-05   6.306895E+01  -1.087313E-16   4.083422E-20   1.163938E-13   1.200000E+02   7.108769E-01
  1.443500000000E+01   4.931981E+00   2.610024E-05   6.322891E+01  -1.087314E-16  -8.910413E-20  -2.158584E-13   1.200000E+02   7.112966E-01
  1.444000000000E+01   4.931981E+00   3.042951E-05   6.337763E+01  -1.087323E-16  -2.290015E-19  -4.769571E-13   1.200000E+02   7.117155E-01
  1.444500000000E+01   4.931981E+00   3.452650E-05   6.350027E+01  -1.087338E-16  -3.637653E-19  -6.690280E-13   1.200000E+02   7.121335E-01
  1.445000000000E+01   4.931981E+00   3.762174E-05   6.358408E+01  -1.087358E-16  -4.318970E-19  -7.299441E-13   1.200000E+02   7.125506E-01
  1.445500000000E+01   4.931982E+00   3.897996E-05   6.361951E+01  -1.087379E-16  -3.922949E-19  -6.402677E-13   1.200000E+02   7.129672E-01
  1.446000000000E+01   4.931982E+00   3.818760E-05   6.360117E+01  -1.087397E-16  -2.983702E-19  -4.969333E-13   1.200000E+02   7.133833E-01
  1.446500000000E+01   4.931982E+00   3.534798E-05   6.352837E+01  -1.087409E-16  -1.457104E-19  -2.618749E-13   1.200000E+02   7.137992E-01
  1.447000000000E+01   4.931982E+00   3.104760E-05   6.340522E+01  -1.087412E-16  -1.120954E-20  -2.289205E-14   1.200000E+02   7.142151E-01
  1.447500000000E+01   4.931982E+00   2.611043E-05   6.324034E+01  -1.087410E-16   7.950481E-20   1.925633E-13   1.200000E+02   7.146311E-01
  1.448000000000E+01   4.931982E+00   2.129855E-05   6.304617E+01  -1.087405E-16   1.075538E-19   3.183715E-13   1.200000E+02   7.150473E-01
  1.448500000000E+01   4.931983E+00   1.712082E-05   6.283794E+01  -1.087400E-16   1.073954E-19   3.941696E-13   1.200000E+02   7.154635E-01
  1.449000000000E+01   4.931983E+00   1.380112E-05   6.263240E+01  -1.087395E-16   7.621637E-20   3.458860E-13   1.200000E+02   7.158797E-01
  1.449500000000E+01   4.931983E+00   1.135422E-05   6.244642E+01  -1.087392E-16   4.404976E-20   2.422668E-13   1.200000E+02   7.162959E-01
  1.450000000000E+01   4.931983E+00   9.689899E-06   6.229564E+01  -1.087391E-16   4.571641E-21   2.939074E-14   1.200000E+02   7.167119E-01
  1.450500000000E+01   4.931983E+00   8.695818E-06   6.219310E+01  -1.087391E-16  -2.396977E-20  -1.714334E-13   1.200000E+02   7.171276E-01
  1.451000000000E+01   4.931983E+00   8.286908E-06   6.214824E+01  -1.087393E-16  -4.857662E-20  -3.643037E-13   1.200000E+02   7.175430E-01
  1.451500000000E+01   4.931983E+00   8.429802E-06   6.216603E+01  -1.087396E-16  -6.306044E-20  -4.650426E-13   1.200000E+02   7.179580E-01
  1.452000000000E+01   4.931983E+00   9.154254E-06   6.224655E+01  -1.087399E-16  -6.944718E-20  -4.722228E-13   1.200000E+02   7.183726E-01
  1.452500000000E+01   4.931983E+00   1.055852E-05   6.238493E+01  -1.087403E-16  -6.496197E-20  -3.838274E-13   1.200000E+02   7.187866E-01
  1.453000000000E+01   4.931983E+00   1.280717E-05   6.257165E+01  -1.087406E-16  -5.875266E-20  -2.870464E-13   1.200000E+02   7.192001E-01
  1.453500000000E+01   4.931983E+00   1.610968E-05   6.279326E+01  -1.087408E-16  -2.998507E-20  -1.168776E-13   1.200000E+02   7.196128E-01
  1.454000000000E+01   4.931983E+00   2.065854E-05   6.303338E+01  -1.087409E-16   1.070039E-21   3.264907E-15   1.200000E+02   7.200248E-01
  1.454500000000E+01   4.931983E+00   2.650607E-05   6.327402E+01  -1.087408E-16   5.188125E-20   1.238484E-13   1.200000E+02   7.204358E-01
  1.455000000000E+01   4.931983E+00   3.338795E-05   6.349697E+01  -1.087404E-16   8.105818E-20   1.541559E-13   1.200000E+02   7.208457E-01
  1.455500000000E+01   4.931984E+00   4.056770E-05   6.368531E+01  -1.087399E-16   1.059091E-19   1.662617E-13   1.200000E+02   7.212545E-01
  1.456000000000E+01   4.931984E+00   4.684720E-05   6.382482E+01  -1.087395E-16   6.611716E-20   9.007831E-14   1.200000E+02   7.216621E-01
  1.456500000000E+01   4.931984E+00   5.086631E-05   6.390519E+01  -1.087393E-16   1.830077E-21   2.299192E-15   1.200000E+02   7.220687E-01
  1.457000000000E+01   4.931984E+00   5.163227E-05   6.392088E+01  -1.087394E-16  -2.525247E-20  -3.126262E-14   1.200000E+02   7.224747E-01
  1.457500000000E+01   4.931985E+00   4.898392E-05   6.387168E+01  -1.087396E-16  -6.663538E-20  -8.688797E-14   1.200000E+02   7.228805E-01
  1.458000000000E+01   4.931985E+00   4.366561E-05   6.376269E+01  -1.087400E-16  -7.867356E-20  -1.148831E-13   1.200000E+02   7.232863E-01
  1.458500000000E+01   4.931985E+00   3.695824E-05   6.360394E+01  -1.087403E-16  -4.247659E-20  -7.310084E-14   1.200000E+02   7.236923E-01
  1.459000000000E+01   4.931985E+00   3.013870E-05   6.340947E+01  -1.087403E-16   9.520734E-21   2.003088E-14   1.200000E+02   7.240988E-01
  1.459500000000E+01   4.931985E+00   2.409873E-05   6.319611E+01  -1.087403E-16   1.945279E-20   5.101269E-14   1.200000E+02   7.245055E-01
  1.460000000000E+01   4.931985E+00   1.925386E-05   6.298199E+01  -1.087402E-16   2.197626E-20   7.188734E-14   1.200000E+02   7.249125E-01
  1.460500000000E+01   4.931986E+00   1.565858E-05   6.278491E+01  -1.087401E-16   1.133508E-20   4.544934E-14   1.200000E+02   7.253195E-01
  1.461000000000E+01   4.931986E+00   1.317991E-05   6.262083E+01  -1.087400E-16  -3.362495E-21  -1.597599E-14   1.200000E+02   7.257265E-01
  1.461500000000E+01   4.931986E+00   1.163477E-05   6.250247E+01  -1.087401E-16  -2.325402E-20  -1.249216E-13   1.200000E+02   7.261333E-01
  1.462000000000E+01   4.931986E+00   1.086738E-05   6.243832E+01  -1.087403E-16  -5.179103E-20  -2.975642E-13   1.200000E+02   7.265399E-01
  1.462500000000E+01   4.931986E+00   1.078068E-05   6.243197E+01  -1.087406E-16  -8.348857E-20  -4.834907E-13   1.200000E+02   7.269461E-01
  1.463000000000E+01   4.931986E+00   1.134140E-05   6.248200E+01  -1.087412E-16  -1.290860E-19  -7.111602E-13   1.200000E+02   7.273519E-01
  1.463500000000E+01   4.931986E+00   1.257101E-05   6.258216E+01  -1.087419E-16  -1.612094E-19  -8.025473E-13   1.200000E+02   7.277573E-01
  1.464000000000E+01   4.931986E+00   1.452376E-05   6.272212E+01  -1.087428E-16  -1.834992E-19  -7.924575E-13   1.200000E+02   7.281620E-01
  1.464500000000E+01   4.931986E+00   1.724657E-05   6.288841E+01  -1.087437E-16  -1.875483E-19  -6.838817E-13   1.200000E+02   7.285662E-01
  1.465000000000E+01   4.931986E+00   2.071503E-05   6.306566E+01  -1.087446E-16  -1.514317E-19  -4.610248E-13   1.200000E+02   7.289696E-01
  1.465500000000E+01   4.931986E+00   2.475162E-05   6.323791E+01  -1.087451E-16  -5.143099E-20  -1.314010E-13   1.200000E+02   7.293723E-01
  1.466000000000E+01   4.931986E+00   2.895774E-05   6.338991E+01  -1.087450E-16   1.083124E-19   2.371010E-13   1.200000E+02   7.297741E-01
  1.466500000000E+01   4.931987E+00   3.271652E-05   6.350840E+01  -1.087440E-16   3.062666E-19   5.945163E-13   1.200000E+02   7.301751E-01
  1.467000000000E+01   4.931987E+00   3.531664E-05   6.358314E+01  -1.087420E-16   5.047519E-19   9.087419E-13   1.200000E+02   7.305754E-01
  1.467500000000E+01   4.931987E+00   3.618353E-05   6.360775E+01  -1.087391E-16   6.297633E-19   1.107074E-12   1.200000E+02   7.309752E-01
  1.468000000000E+01   4.931987E+00   3.511153E-05   6.358020E+01  -1.087357E-16   6.615529E-19   1.197944E-12   1.200000E+02   7.313745E-01
  1.468500000000E+01   4.931987E+00   3.235571E-05   6.350306E+01  -1.087326E-16   5.418386E-19   1.063441E-12   1.200000E+02   7.317737E-01
  1.469000000000E+01   4.931987E+00   2.852091E-05   6.338327E+01  -1.087304E-16   3.693790E-19   8.208872E-13   1.200000E+02   7.321729E-01
  1.469500000000E+01   4.931988E+00   2.432178E-05   6.323170E+01  -1.087290E-16   1.692460E-19   4.400051E-13   1.200000E+02   7.325722E-01
  1.470000000000E+01   4.931988E+00   2.035771E-05   6.306223E+01  -1.087286E-16   3.400650E-21   1.053422E-14   1.200000E+02   7.329716E-01
  1.470500000000E+01   4.931988E+00   1.700212E-05   6.289064E+01  -1.087289E-16  -1.124898E-19  -4.160986E-13   1.200000E+02   7.333709E-01
  1.471000000000E+01   4.931988E+00   1.441143E-05   6.273326E+01  -1.087296E-16  -1.852875E-19  -8.065604E-13   1.200000E+02   7.337703E-01
  1.471500000000E+01   4.931988E+00   1.259877E-05   6.260554E+01  -1.087306E-16  -2.134304E-19  -1.060574E-12   1.200000E+02   7.341695E-01
  1.472000000000E+01   4.931988E+00   1.151628E-05   6.252061E+01  -1.087317E-16  -2.225434E-19  -1.208163E-12   1.200000E+02   7.345685E-01
  1.472500000000E+01   4.931988E+00   1.111736E-05   6.248809E+01  -1.087328E-16  -2.158277E-19  -1.213118E-12   1.200000E+02   7.349672E-01
  1.473000000000E+01   4.931988E+00   1.139465E-05   6.251306E+01  -1.087339E-16  -1.923202E-19  -1.055103E-12   1.200000E+02   7.353655E-01
  1.473500000000E+01   4.931988E+00   1.240016E-05   6.259557E+01  -1.087347E-16  -1.574738E-19  -7.949224E-13   1.200000E+02   7.357635E-01
  1.474000000000E+01   4.931988E+00   1.425174E-05   6.273049E+01  -1.087354E-16  -1.010989E-19  -4.449973E-13   1.200000E+02   7.361609E-01
  1.474500000000E+01   4.931988E+00   1.712207E-05   6.290795E+01  -1.087357E-16  -7.433991E-21  -2.731311E-14   1.200000E+02   7.365576E-01
  1.475000000000E+01   4.931988E+00   2.119590E-05   6.311417E+01  -1.087354E-16   1.183173E-19   3.523086E-13   1.200000E+02   7.369537E-01
  1.475500000000E+01   4.931988E+00   2.657556E-05   6.333261E+01  -1.087345E-16   2.649491E-19   6.314041E-13   1.200000E+02   7.373488E-01
  1.476000000000E+01   4.931989E+00   3.312846E-05   6.354551E+01  -1.087327E-16   4.308532E-19   8.264431E-13   1.200000E+02   7.377430E-01
  1.476500000000E+01   4.931989E+00   4.031693E-05   6.373533E+01  -1.087302E-16   5.696173E-19   9.004840E-13   1.200000E+02   7.381360E-01
  1.477000000000E+01   4.931989E+00   4.712259E-05   6.388637E+01  -1.087271E-16   6.671166E-19   9.044423E-13   1.200000E+02   7.385279E-01
  1.477500000000E+01   4.931989E+00   5.220667E-05   6.398603E+01  -1.087239E-16   5.984218E-19   7.334434E-13   1.200000E+02   7.389188E-01
  1.478000000000E+01   4.931990E+00   5.434535E-05   6.402587E+01  -1.087214E-16   4.116075E-19   4.849270E-13   1.200000E+02   7.393090E-01
  1.478500000000E+01   4.931990E+00   5.295632E-05   6.400230E+01  -1.087200E-16   1.505972E-19   1.820098E-13   1.200000E+02   7.396987E-01
  1.479000000000E+01   4.931990E+00   4.838305E-05   6.391689E+01  -1.087199E-16  -9.480855E-20  -1.252477E-13   1.200000E+02   7.400884E-01
  1.479500000000E+01   4.931990E+00   4.173006E-05   6.377617E+01  -1.087210E-16  -2.830122E-19  -4.325284E-13   1.200000E+02   7.404784E-01
  1.480000000000E+01   4.931990E+00   3.436838E-05   6.359114E+01  -1.087226E-16  -3.571298E-19  -6.607903E-13   1.200000E+02   7.408688E-01
  1.480500000000E+01   4.931991E+00   2.744129E-05   6.337636E+01  -1.087245E-16  -3.925653E-19  -9.066394E-13   1.200000E+02   7.412596E-01
  1.481000000000E+01   4.931991E+00   2.161909E-05   6.314872E+01  -1.087264E-16  -3.623735E-19  -1.058482E-12   1.200000E+02   7.416508E-01
  1.481500000000E+01   4.931991E+00   1.712206E-05   6.292614E+01  -1.087281E-16  -2.905828E-19  -1.067935E-12   1.200000E+02   7.420422E-01
  1.482000000000E+01   4.931991E+00   1.388167E-05   6.272603E+01  -1.087293E-16  -2.129171E-19  -9.620922E-13   1.200000E+02   7.424336E-01
  1.482500000000E+01   4.931991E+00   1.170856E-05   6.256389E+01  -1.087302E-16  -1.582983E-19  -8.458560E-13   1.200000E+02   7.428250E-01
  1.483000000000E+01   4.931991E+00   1.040617E-05   6.245198E+01  -1.087309E-16  -1.076244E-19  -6.459013E-13   1.200000E+02   7.432162E-01
  1.483500000000E+01   4.931991E+00   9.826941E-06   6.239830E+01  -1.087313E-16  -4.952890E-20  -3.144945E-13   1.200000E+02   7.436071E-01
  1.484000000000E+01   4.931991E+00   9.891204E-06   6.240585E+01  -1.087314E-16   6.784419E-21   4.280444E-14   1.200000E+02   7.439978E-01
  1.484500000000E+01   4.931991E+00   1.058700E-05   6.247240E+01  -1.087312E-16   6.540055E-20   3.859195E-13   1.200000E+02   7.443880E-01
  1.485000000000E+01   4.931991E+00   1.195884E-05   6.259067E+01  -1.087307E-16   1.339288E-19   7.009620E-13   1.200000E+02   7.447778E-01
  1.485500000000E+01   4.931991E+00   1.408303E-05   6.274892E+01  -1.087299E-16   2.054698E-19   9.154998E-13   1.200000E+02   7.451670E-01
  1.486000000000E+01   4.931991E+00   1.702016E-05   6.293206E+01  -1.087287E-16   2.754278E-19   1.018394E-12   1.200000E+02   7.455556E-01
  1.486500000000E+01   4.931991E+00   2.073704E-05   6.312296E+01  -1.087271E-16   3.285259E-19   1.000023E-12   1.200000E+02   7.459436E-01
  1.487000000000E+01   4.931992E+00   2.500826E-05   6.330404E+01  -1.087254E-16   3.463528E-19   8.767316E-13   1.200000E+02   7.463307E-01
  1.487500000000E+01   4.931992E+00   2.934387E-05   6.345880E+01  -1.087238E-16   2.883850E-19   6.236589E-13   1.200000E+02   7.467170E-01
  1.488000000000E+01   4.931992E+00   3.301977E-05   6.357338E+01  -1.087227E-16   1.394294E-19   2.684452E-13   1.200000E+02   7.471025E-01
  1.488500000000E+01   4.931992E+00   3.526415E-05   6.363779E+01  -1.087225E-16  -7.451645E-20  -1.344726E-13   1.200000E+02   7.474873E-01
  1.489000000000E+01   4.931992E+00   3.555040E-05   6.364683E+01  -1.087233E-16  -2.670474E-19  -4.781020E-13   1.200000E+02   7.478717E-01
  1.489500000000E+01   4.931992E+00   3.383359E-05   6.360058E+01  -1.087250E-16  -3.910854E-19  -7.351647E-13   1.200000E+02   7.482558E-01
  1.490000000000E+01   4.931993E+00   3.056921E-05   6.350445E+01  -1.087272E-16  -4.505369E-19  -9.359451E-13   1.200000E+02   7.486398E-01
  1.490500000000E+01   4.931993E+00   2.650222E-05   6.336867E+01  -1.087294E-16  -4.137380E-19  -9.892766E-13   1.200000E+02   7.490239E-01
  1.491000000000E+01   4.931993E+00   2.237426E-05   6.320740E+01  -1.087313E-16  -3.450728E-19  -9.748324E-13   1.200000E+02   7.494081E-01
  1.491500000000E+01   4.931993E+00   1.871914E-05   6.303745E+01  -1.087328E-16  -2.451902E-19  -8.256878E-13   1.200000E+02   7.497923E-01
  1.492000000000E+01   4.931993E+00   1.581217E-05   6.287670E+01  -1.087337E-16  -1.445572E-19  -5.748279E-13   1.200000E+02   7.501766E-01
  1.492500000000E+01   4.931993E+00   1.373097E-05   6.274250E+01  -1.087342E-16  -6.501386E-20  -2.970754E-13   1.200000E+02   7.505609E-01
  1.493000000000E+01   4.931993E+00   1.245203E-05   6.264991E+01  -1.087344E-16  -5.819635E-21  -2.928033E-14   1.200000E+02   7.509449E-01
  1.493500000000E+01   4.931993E+00   1.193331E-05   6.261034E+01  -1.087343E-16   4.658861E-20   2.444358E-13   1.200000E+02   7.513288E-01
  1.494000000000E+01   4.931993E+00   1.216814E-05   6.263032E+01  -1.087340E-16   8.581672E-20   4.417049E-13   1.200000E+02   7.517122E-01
  1.494500000000E+01   4.931993E+00   1.321559E-05   6.271086E+01  -1.087334E-16   1.256061E-19   5.960287E-13   1.200000E+02   7.520953E-01
  1.495000000000E+01   4.931993E+00   1.521326E-05   6.284727E+01  -1.087327E-16   1.642925E-19   6.787065E-13   1.200000E+02   7.524779E-01
  1.495500000000E+01   4.931993E+00   1.836951E-05   6.302952E+01  -1.087318E-16   1.893651E-19   6.497501E-13   1.200000E+02   7.528599E-01
  1.496000000000E+01   4.931994E+00   2.291805E-05   6.324316E+01  -1.087308E-16   2.055117E-19   5.671170E-13   1.200000E+02   7.532411E-01
  1.496500000000E+01   4.931994E+00   2.900851E-05   6.347066E+01  -1.087298E-16   1.915864E-19   4.191913E-13   1.200000E+02   7.536214E-01
  1.497000000000E+01   4.931994E+00   3.652041E-05   6.369299E+01  -1.087290E-16   1.376066E-19   2.399912E-13   1.200000E+02   7.540007E-01
  1.497500000000E+01   4.931994E+00   4.484576E-05   6.389139E+01  -1.087285E-16   2.438954E-20   3.474757E-14   1.200000E+02   7.543787E-01
  1.498000000000E+01   4.931994E+00   5.278117E-05   6.404905E+01  -1.087287E-16  -1.056128E-19  -1.281593E-13   1.200000E+02   7.547555E-01
  1.498500000000E+01   4.931995E+00   5.871588E-05   6.415259E+01  -1.087297E-16  -2.715661E-19  -2.967114E-13   1.200000E+02   7.551312E-01
  1.499000000000E+01   4.931995E+00   6.117335E-05   6.419319E+01  -1.087315E-16  -4.465972E-19  -4.686436E-13   1.200000E+02   7.555061E-01
  1.499500000000E+01   4.931995E+00   5.946941E-05   6.416731E+01  -1.087340E-16  -5.347767E-19  -5.770224E-13   1.200000E+02   7.558806E-01
  1.500000000000E+01   4.931995E+00   5.405507E-05   6.407691E+01  -1.087368E-16  -5.509426E-19  -6.530877E-13   1.200000E+02   7.562552E-01
