# SCEC TPV101 on-fault time series
# problem=TPV101
# author=Tatva validation workflow
# date=2026-08-26
# code=Tatva
# code_version=TPV101-validation-1
# element_size=100 m
# time_step=5.000000000000e-03
# internal_time_step=1.000000000000e-03
# num_time_steps=3001
# location=on fault, -9 km along strike, 7.5 km down-dip
# Column #1 = Time (s)
# Column #2 = horizontal slip (m)
# Column #3 = horizontal slip rate (m/s)
# Column #4 = horizontal shear stress (MPa)
# Column #5 = vertical slip (m)
# Column #6 = vertical slip rate (m/s)
# Column #7 = vertical shear stress (MPa)
# Column #8 = normal stress, positive in compression (MPa)
# Column #9 = log10 of state variable (log-seconds)
t h-slip h-slip-rate h-shear-stress v-slip v-slip-rate v-shear-stress n-stress log-theta
  0.000000000000E+00   0.000000E+00   1.000000E-12   7.500000E+01   0.000000E+00   0.000000E+00   0.000000E+00   1.200000E+02   9.205810E+00
  5.000000000000E-03   5.000356E-15   1.000089E-12   7.500009E+01   6.426076E-46   2.894557E-43   2.170727E-29   1.200000E+02   9.205810E+00
  1.000000000000E-02   1.000080E-14   1.000089E-12   7.500009E+01   3.029719E-45   6.830016E-43   5.122063E-29   1.200000E+02   9.205810E+00
  1.500000000000E-02   1.500124E-14   1.000089E-12   7.500009E+01   7.951605E-45   9.947030E-43   7.459618E-29   1.200000E+02   9.205810E+00
  2.000000000000E-02   2.000169E-14   1.000089E-12   7.500009E+01   1.334529E-44   1.619726E-42   1.214688E-28   1.200000E+02   9.205810E+00
  2.500000000000E-02   2.500213E-14   1.000089E-12   7.500009E+01   1.929415E-44   2.133302E-42   1.599836E-28   1.200000E+02   9.205810E+00
  3.000000000000E-02   3.000258E-14   1.000089E-12   7.500009E+01   2.894052E-44   2.972504E-42   2.229183E-28   1.200000E+02   9.205810E+00
  3.500000000000E-02   3.500302E-14   1.000089E-12   7.500009E+01   4.468305E-44   2.744268E-42   2.058020E-28   1.200000E+02   9.205810E+00
  4.000000000000E-02   4.000347E-14   1.000089E-12   7.500009E+01   5.956414E-44   2.426699E-42   1.819864E-28   1.200000E+02   9.205810E+00
  4.500000000000E-02   4.500391E-14   1.000089E-12   7.500009E+01   7.729302E-44   3.144163E-42   2.357916E-28   1.200000E+02   9.205810E+00
  5.000000000000E-02   5.000436E-14   1.000089E-12   7.500009E+01   9.336171E-44   4.022077E-42   3.016293E-28   1.200000E+02   9.205810E+00
  5.500000000000E-02   5.500480E-14   1.000089E-12   7.500009E+01   1.120571E-43   3.461207E-42   2.595678E-28   1.200000E+02   9.205810E+00
  6.000000000000E-02   6.000525E-14   1.000089E-12   7.500009E+01   1.370927E-43   4.122270E-42   3.091431E-28   1.200000E+02   9.205810E+00
  6.500000000000E-02   6.500569E-14   1.000089E-12   7.500009E+01   1.597643E-43   5.081108E-42   3.810497E-28   1.200000E+02   9.205810E+00
  7.000000000000E-02   7.000613E-14   1.000089E-12   7.500009E+01   1.794063E-43   5.409362E-42   4.056666E-28   1.200000E+02   9.205810E+00
  7.500000000000E-02   7.500658E-14   1.000089E-12   7.500009E+01   2.075553E-43   5.729559E-42   4.296792E-28   1.200000E+02   9.205810E+00
  8.000000000000E-02   8.000702E-14   1.000089E-12   7.500009E+01   2.378990E-43   5.900167E-42   4.424737E-28   1.200000E+02   9.205810E+00
  8.500000000000E-02   8.500747E-14   1.000089E-12   7.500009E+01   2.707433E-43   7.823449E-42   5.867072E-28   1.200000E+02   9.205810E+00
  9.000000000000E-02   9.000791E-14   1.000089E-12   7.500009E+01   3.064666E-43   7.000186E-42   5.249679E-28   1.200000E+02   9.205810E+00
  9.500000000000E-02   9.500836E-14   1.000089E-12   7.500009E+01   3.411642E-43   1.028693E-41   7.714522E-28   1.200000E+02   9.205810E+00
  1.000000000000E-01   1.000088E-13   1.000089E-12   7.500009E+01   3.794259E-43   5.403757E-42   4.052462E-28   1.200000E+02   9.205810E+00
  1.050000000000E-01   1.050092E-13   1.000089E-12   7.500009E+01   4.175651E-43   8.833085E-42   6.624232E-28   1.200000E+02   9.205810E+00
  1.100000000000E-01   1.100097E-13   1.000089E-12   7.500009E+01   4.626533E-43   8.128582E-42   6.095902E-28   1.200000E+02   9.205810E+00
  1.150000000000E-01   1.150101E-13   1.000089E-12   7.500009E+01   4.970909E-43   6.287626E-42   4.715306E-28   1.200000E+02   9.205810E+00
  1.200000000000E-01   1.200106E-13   1.000089E-12   7.500009E+01   5.353736E-43   7.281147E-42   5.460381E-28   1.200000E+02   9.205810E+00
  1.250000000000E-01   1.250110E-13   1.000089E-12   7.500009E+01   5.972676E-43   1.103873E-41   8.278320E-28   1.200000E+02   9.205810E+00
  1.300000000000E-01   1.300115E-13   1.000089E-12   7.500009E+01   6.671097E-43   1.482854E-41   1.112043E-27   1.200000E+02   9.205810E+00
  1.350000000000E-01   1.350119E-13   1.000089E-12   7.500009E+01   7.695054E-43   2.425928E-41   1.819286E-27   1.200000E+02   9.205810E+00
  1.400000000000E-01   1.400124E-13   1.000089E-12   7.500009E+01   9.001849E-43   2.940204E-41   2.204960E-27   1.200000E+02   9.205810E+00
  1.450000000000E-01   1.450128E-13   1.000089E-12   7.500009E+01   1.031481E-42   2.924790E-41   2.193400E-27   1.200000E+02   9.205810E+00
  1.500000000000E-01   1.500132E-13   1.000089E-12   7.500009E+01   1.140370E-42   1.294520E-41   9.708044E-28   1.200000E+02   9.205810E+00
  1.550000000000E-01   1.550137E-13   1.000089E-12   7.500009E+01   1.199177E-42   9.743929E-42   7.307305E-28   1.200000E+02   9.205810E+00
  1.600000000000E-01   1.600141E-13   1.000089E-12   7.500009E+01   1.217956E-42  -3.358037E-42  -2.518306E-28   1.200000E+02   9.205810E+00
  1.650000000000E-01   1.650146E-13   1.000089E-12   7.500009E+01   1.202718E-42  -2.084804E-42  -1.563466E-28   1.200000E+02   9.205810E+00
  1.700000000000E-01   1.700150E-13   1.000089E-12   7.500009E+01   1.184637E-42  -2.849343E-42  -2.136820E-28   1.200000E+02   9.205810E+00
  1.750000000000E-01   1.750155E-13   1.000089E-12   7.500009E+01   1.175453E-42  -2.109480E-42  -1.581971E-28   1.200000E+02   9.205810E+00
  1.800000000000E-01   1.800159E-13   1.000089E-12   7.500009E+01   1.177508E-42  -2.075673E-42  -1.556618E-28   1.200000E+02   9.205810E+00
  1.850000000000E-01   1.850164E-13   1.000089E-12   7.500009E+01   1.163592E-42   5.491119E-42   4.117978E-28   1.200000E+02   9.205810E+00
  1.900000000000E-01   1.900168E-13   1.000089E-12   7.500009E+01   1.196471E-42   6.758638E-42   5.068533E-28   1.200000E+02   9.205810E+00
  1.950000000000E-01   1.950172E-13   1.000089E-12   7.500009E+01   1.267868E-42   1.372642E-41   1.029391E-27   1.200000E+02   9.205810E+00
  2.000000000000E-01   2.000177E-13   1.000089E-12   7.500009E+01   1.368847E-42   2.696379E-41   2.022106E-27   1.200000E+02   9.205810E+00
  2.050000000000E-01   2.050181E-13   1.000089E-12   7.500009E+01   1.517447E-42   3.843762E-41   2.882568E-27   1.200000E+02   9.205810E+00
  2.100000000000E-01   2.100186E-13   1.000089E-12   7.500009E+01   1.724396E-42   4.028733E-41   3.021285E-27   1.200000E+02   9.205810E+00
  2.150000000000E-01   2.150190E-13   1.000089E-12   7.500009E+01   1.920180E-42   3.890005E-41   2.917247E-27   1.200000E+02   9.205810E+00
  2.200000000000E-01   2.200195E-13   1.000089E-12   7.500009E+01   2.112516E-42   4.418014E-41   3.313220E-27   1.200000E+02   9.205810E+00
  2.250000000000E-01   2.250199E-13   1.000089E-12   7.500009E+01   2.313754E-42   3.867304E-41   2.900223E-27   1.200000E+02   9.205810E+00
  2.300000000000E-01   2.300204E-13   1.000089E-12   7.500009E+01   2.478793E-42   2.909936E-41   2.182261E-27   1.200000E+02   9.205810E+00
  2.350000000000E-01   2.350208E-13   1.000089E-12   7.500009E+01   2.592909E-42   1.554460E-41   1.165743E-27   1.200000E+02   9.205810E+00
  2.400000000000E-01   2.400212E-13   1.000089E-12   7.500009E+01   2.674919E-42   1.109828E-41   8.322982E-28   1.200000E+02   9.205810E+00
  2.450000000000E-01   2.450217E-13   1.000089E-12   7.500009E+01   2.745071E-42   1.630551E-41   1.222806E-27   1.200000E+02   9.205810E+00
  2.500000000000E-01   2.500221E-13   1.000089E-12   7.500009E+01   2.832642E-42   2.281174E-41   1.710730E-27   1.200000E+02   9.205810E+00
  2.550000000000E-01   2.550226E-13   1.000089E-12   7.500009E+01   2.897456E-42   1.265092E-41   9.487359E-28   1.200000E+02   9.205810E+00
  2.600000000000E-01   2.600230E-13   1.000089E-12   7.500009E+01   2.990723E-42   2.663308E-41   1.997306E-27   1.200000E+02   9.205810E+00
  2.650000000000E-01   2.650235E-13   1.000089E-12   7.500009E+01   3.090260E-42   2.598708E-41   1.948860E-27   1.200000E+02   9.205810E+00
  2.700000000000E-01   2.700239E-13   1.000089E-12   7.500009E+01   3.214335E-42   2.005678E-41   1.504127E-27   1.200000E+02   9.205810E+00
  2.750000000000E-01   2.750244E-13   1.000089E-12   7.500009E+01   3.302530E-42   1.539466E-41   1.154499E-27   1.200000E+02   9.205810E+00
  2.800000000000E-01   2.800248E-13   1.000089E-12   7.500009E+01   3.416750E-42   3.217662E-41   2.413034E-27   1.200000E+02   9.205810E+00
  2.850000000000E-01   2.850252E-13   1.000089E-12   7.500009E+01   3.570136E-42   1.755337E-41   1.316387E-27   1.200000E+02   9.205810E+00
  2.900000000000E-01   2.900257E-13   1.000089E-12   7.500009E+01   3.682640E-42   3.233636E-41   2.425014E-27   1.200000E+02   9.205810E+00
  2.950000000000E-01   2.950261E-13   1.000089E-12   7.500009E+01   3.794687E-42   1.266213E-41   9.495766E-28   1.200000E+02   9.205810E+00
  3.000000000000E-01   3.000266E-13   1.000089E-12   7.500009E+01   3.897492E-42   1.093884E-41   8.203412E-28   1.200000E+02   9.205810E+00
  3.050000000000E-01   3.050270E-13   1.000089E-12   7.500009E+01   3.966211E-42   3.548368E-41   2.661042E-27   1.200000E+02   9.205810E+00
  3.100000000000E-01   3.100275E-13   1.000089E-12   7.500009E+01   4.194975E-42   5.166868E-41   3.874811E-27   1.200000E+02   9.205810E+00
  3.150000000000E-01   3.150279E-13   1.000089E-12   7.500009E+01   4.541589E-42   8.402746E-41   6.301507E-27   1.200000E+02   9.205810E+00
  3.200000000000E-01   3.200284E-13   1.000089E-12   7.500009E+01   4.888876E-42   6.200465E-41   4.649941E-27   1.200000E+02   9.205810E+00
  3.250000000000E-01   3.250288E-13   1.000089E-12   7.500009E+01   5.189314E-42   4.958074E-41   3.718229E-27   1.200000E+02   9.205810E+00
  3.300000000000E-01   3.300292E-13   1.000089E-12   7.500009E+01   5.445674E-42   4.926965E-41   3.694900E-27   1.200000E+02   9.205810E+00
  3.350000000000E-01   3.350297E-13   1.000089E-12   7.500009E+01   5.642769E-42   2.394259E-41   1.795536E-27   1.200000E+02   9.205810E+00
  3.400000000000E-01   3.400301E-13   1.000089E-12   7.500009E+01   5.756644E-42   1.820707E-41   1.365410E-27   1.200000E+02   9.205810E+00
  3.450000000000E-01   3.450306E-13   1.000089E-12   7.500009E+01   5.840072E-42   1.013559E-41   7.601027E-28   1.200000E+02   9.205810E+00
  3.500000000000E-01   3.500310E-13   1.000089E-12   7.500009E+01   5.913106E-42   8.382567E-42   6.286374E-28   1.200000E+02   9.205810E+00
  3.550000000000E-01   3.550315E-13   1.000089E-12   7.500009E+01   6.018709E-42   2.975797E-41   2.231652E-27   1.200000E+02   9.205810E+00
  3.600000000000E-01   3.600319E-13   1.000089E-12   7.500009E+01   6.080303E-42   2.863904E-43   2.147739E-29   1.200000E+02   9.205810E+00
  3.650000000000E-01   3.650324E-13   1.000089E-12   7.500009E+01   6.138289E-42   2.087935E-41   1.565814E-27   1.200000E+02   9.205810E+00
  3.700000000000E-01   3.700328E-13   1.000089E-12   7.500009E+01   6.275922E-42   3.244286E-41   2.433001E-27   1.200000E+02   9.205810E+00
  3.750000000000E-01   3.750332E-13   1.000089E-12   7.500009E+01   6.421590E-42   3.868985E-41   2.901484E-27   1.200000E+02   9.205810E+00
  3.800000000000E-01   3.800337E-13   1.000089E-12   7.500009E+01   6.719792E-42   9.508651E-41   7.130862E-27   1.200000E+02   9.205810E+00
  3.850000000000E-01   3.850341E-13   1.000089E-12   7.500009E+01   7.113388E-42   6.861878E-41   5.145957E-27   1.200000E+02   9.205810E+00
  3.900000000000E-01   3.900346E-13   1.000089E-12   7.500009E+01   7.399679E-42   6.018857E-41   4.513747E-27   1.200000E+02   9.205810E+00
  3.950000000000E-01   3.950350E-13   1.000089E-12   7.500009E+01   7.676867E-42   3.495119E-41   2.621109E-27   1.200000E+02   9.205810E+00
  4.000000000000E-01   4.000355E-13   1.000089E-12   7.500009E+01   7.885089E-42   3.842360E-41   2.881517E-27   1.200000E+02   9.205810E+00
  4.050000000000E-01   4.050359E-13   1.000089E-12   7.500009E+01   8.098574E-42   4.697713E-41   3.522976E-27   1.200000E+02   9.205810E+00
  4.100000000000E-01   4.100364E-13   1.000089E-12   7.500009E+01   8.245262E-42   1.702227E-41   1.276558E-27   1.200000E+02   9.205810E+00
  4.150000000000E-01   4.150368E-13   1.000089E-12   7.500009E+01   8.351016E-42   1.822389E-41   1.366672E-27   1.200000E+02   9.205810E+00
  4.200000000000E-01   4.200372E-13   1.000089E-12   7.500009E+01   8.467036E-42   1.897498E-41   1.422999E-27   1.200000E+02   9.205810E+00
  4.250000000000E-01   4.250377E-13   1.000089E-12   7.500009E+01   8.499429E-42  -5.312673E-42  -3.984155E-28   1.200000E+02   9.205810E+00
  4.300000000000E-01   4.300381E-13   1.000089E-12   7.500009E+01   8.458497E-42  -7.579361E-42  -5.684022E-28   1.200000E+02   9.205810E+00
  4.350000000000E-01   4.350386E-13   1.000089E-12   7.500009E+01   8.378060E-42  -4.170825E-41  -3.127844E-27   1.200000E+02   9.205810E+00
  4.400000000000E-01   4.400390E-13   1.000089E-12   7.500009E+01   8.204341E-42  -2.813667E-41  -2.110065E-27   1.200000E+02   9.205810E+00
  4.450000000000E-01   4.450395E-13   1.000089E-12   7.500009E+01   8.079440E-42  -2.027959E-41  -1.520836E-27   1.200000E+02   9.205810E+00
  4.500000000000E-01   4.500399E-13   1.000089E-12   7.500009E+01   7.926165E-42  -4.090110E-41  -3.067313E-27   1.200000E+02   9.205810E+00
  4.550000000000E-01   4.550404E-13   1.000089E-12   7.500009E+01   7.739765E-42  -3.541922E-41  -2.656208E-27   1.200000E+02   9.205810E+00
  4.600000000000E-01   4.600408E-13   1.000089E-12   7.500009E+01   7.779625E-42   2.312703E-41   1.734375E-27   1.200000E+02   9.205810E+00
  4.650000000000E-01   4.650412E-13   1.000089E-12   7.500009E+01   8.016287E-42   3.878234E-41   2.908420E-27   1.200000E+02   9.205810E+00
  4.700000000000E-01   4.700417E-13   1.000089E-12   7.500009E+01   8.406935E-42   1.288074E-40   9.659704E-27   1.200000E+02   9.205810E+00
  4.750000000000E-01   4.750421E-13   1.000089E-12   7.500009E+01   9.167919E-42   1.898367E-40   1.423650E-26   1.200000E+02   9.205810E+00
  4.800000000000E-01   4.800426E-13   1.000089E-12   7.500009E+01   1.010639E-41   1.899152E-40   1.424239E-26   1.200000E+02   9.205810E+00
  4.850000000000E-01   4.850430E-13   1.000089E-12   7.500009E+01   1.101644E-41   1.635596E-40   1.226589E-26   1.200000E+02   9.205810E+00
  4.900000000000E-01   4.900435E-13   1.000089E-12   7.500009E+01   1.190673E-41   1.712723E-40   1.284430E-26   1.200000E+02   9.205810E+00
  4.950000000000E-01   4.950439E-13   1.000089E-12   7.500009E+01   1.278681E-41   1.814289E-40   1.360597E-26   1.200000E+02   9.205810E+00
  5.000000000000E-01   5.000444E-13   1.000089E-12   7.500009E+01   1.356472E-41   1.357690E-40   1.018178E-26   1.200000E+02   9.205810E+00
  5.050000000000E-01   5.050448E-13   1.000089E-12   7.500009E+01   1.412751E-41   9.228952E-41   6.921106E-27   1.200000E+02   9.205810E+00
  5.100000000000E-01   5.100453E-13   1.000089E-12   7.500009E+01   1.440596E-41   1.187320E-41   8.904120E-28   1.200000E+02   9.205810E+00
  5.150000000000E-01   5.150457E-13   1.000089E-12   7.500009E+01   1.436456E-41  -3.534635E-41  -2.650744E-27   1.200000E+02   9.205810E+00
  5.200000000000E-01   5.200461E-13   1.000089E-12   7.500009E+01   1.418250E-41  -3.640714E-41  -2.730296E-27   1.200000E+02   9.205810E+00
  5.250000000000E-01   5.250466E-13   1.000089E-12   7.500009E+01   1.403966E-41  -2.159681E-41  -1.619619E-27   1.200000E+02   9.205810E+00
  5.300000000000E-01   5.300470E-13   1.000089E-12   7.500009E+01   1.386452E-41  -2.294346E-41  -1.720608E-27   1.200000E+02   9.205810E+00
  5.350000000000E-01   5.350475E-13   1.000089E-12   7.500009E+01   1.384145E-41   7.040123E-42   5.279629E-28   1.200000E+02   9.205810E+00
  5.400000000000E-01   5.400479E-13   1.000089E-12   7.500009E+01   1.399853E-41   4.032096E-41   3.023807E-27   1.200000E+02   9.205810E+00
  5.450000000000E-01   5.450484E-13   1.000089E-12   7.500009E+01   1.410722E-41   6.990377E-42   5.242323E-28   1.200000E+02   9.205810E+00
  5.500000000000E-01   5.500488E-13   1.000089E-12   7.500009E+01   1.415989E-41   1.004591E-41   7.533770E-28   1.200000E+02   9.205810E+00
  5.550000000000E-01   5.550493E-13   1.000089E-12   7.500009E+01   1.423402E-41   3.675326E-41   2.756252E-27   1.200000E+02   9.205810E+00
  5.600000000000E-01   5.600497E-13   1.000089E-12   7.500009E+01   1.450797E-41   6.863560E-41   5.147218E-27   1.200000E+02   9.205810E+00
  5.650000000000E-01   5.650501E-13   1.000089E-12   7.500009E+01   1.490948E-41   9.564703E-41   7.172898E-27   1.200000E+02   9.205810E+00
  5.700000000000E-01   5.700506E-13   1.000089E-12   7.500009E+01   1.545769E-41   1.117564E-40   8.380991E-27   1.200000E+02   9.205810E+00
  5.750000000000E-01   5.750510E-13   1.000089E-12   7.500009E+01   1.603204E-41   1.239645E-40   9.296519E-27   1.200000E+02   9.205810E+00
  5.800000000000E-01   5.800515E-13   1.000089E-12   7.500009E+01   1.667500E-41   1.241438E-40   9.309970E-27   1.200000E+02   9.205810E+00
  5.850000000000E-01   5.850519E-13   1.000089E-12   7.500009E+01   1.726499E-41   1.201305E-40   9.008998E-27   1.200000E+02   9.205810E+00
  5.900000000000E-01   5.900524E-13   1.000089E-12   7.500009E+01   1.776013E-41   6.133203E-41   4.599499E-27   1.200000E+02   9.205810E+00
  5.950000000000E-01   5.950528E-13   1.000089E-12   7.500009E+01   1.785783E-41  -1.200773E-41  -9.005005E-28   1.200000E+02   9.205810E+00
  6.000000000000E-01   6.000533E-13   1.000089E-12   7.500009E+01   1.773047E-41  -3.607643E-41  -2.705495E-27   1.200000E+02   9.205810E+00
  6.050000000000E-01   6.050537E-13   1.000089E-12   7.500009E+01   1.736608E-41  -7.820647E-41  -5.864970E-27   1.200000E+02   9.205810E+00
  6.100000000000E-01   6.100541E-13   1.000089E-12   7.500009E+01   1.693231E-41  -9.412242E-41  -7.058562E-27   1.200000E+02   9.205810E+00
  6.150000000000E-01   6.150546E-13   1.000089E-12   7.500009E+01   1.648791E-41  -6.893828E-41  -5.169917E-27   1.200000E+02   9.205810E+00
  6.200000000000E-01   6.200550E-13   1.000089E-12   7.500009E+01   1.616046E-41  -6.122553E-41  -4.591512E-27   1.200000E+02   9.205810E+00
  6.250000000000E-01   6.250555E-13   1.000089E-12   7.500009E+01   1.602342E-41  -4.075536E-41  -3.056384E-27   1.200000E+02   9.205810E+00
  6.300000000000E-01   6.300559E-13   1.000089E-12   7.500009E+01   1.596282E-41   1.882995E-41   1.412122E-27   1.200000E+02   9.205810E+00
  6.350000000000E-01   6.350564E-13   1.000089E-12   7.500009E+01   1.623523E-41   8.144347E-41   6.107724E-27   1.200000E+02   9.205810E+00
  6.400000000000E-01   6.400568E-13   1.000089E-12   7.500009E+01   1.684989E-41   1.760479E-40   1.320244E-26   1.200000E+02   9.205810E+00
  6.450000000000E-01   6.450573E-13   1.000089E-12   7.500009E+01   1.781948E-41   2.139390E-40   1.604402E-26   1.200000E+02   9.205810E+00
  6.500000000000E-01   6.500577E-13   1.000089E-12   7.500009E+01   1.895406E-41   2.183784E-40   1.637694E-26   1.200000E+02   9.205810E+00
  6.550000000000E-01   6.550581E-13   1.000089E-12   7.500009E+01   2.009990E-41   2.540498E-40   1.905206E-26   1.200000E+02   9.205810E+00
  6.600000000000E-01   6.600586E-13   1.000089E-12   7.500009E+01   2.134578E-41   2.366737E-40   1.774897E-26   1.200000E+02   9.205810E+00
  6.650000000000E-01   6.650590E-13   1.000089E-12   7.500009E+01   2.241112E-41   1.801173E-40   1.350761E-26   1.200000E+02   9.205810E+00
  6.700000000000E-01   6.700595E-13   1.000089E-12   7.500009E+01   2.327598E-41   1.391097E-40   1.043231E-26   1.200000E+02   9.205810E+00
  6.750000000000E-01   6.750599E-13   1.000089E-12   7.500009E+01   2.391105E-41   1.072161E-40   8.040505E-27   1.200000E+02   9.205810E+00
  6.800000000000E-01   6.800604E-13   1.000089E-12   7.500009E+01   2.420431E-41   5.544658E-41   4.158128E-27   1.200000E+02   9.205810E+00
  6.850000000000E-01   6.850608E-13   1.000089E-12   7.500009E+01   2.439214E-41   2.532427E-41   1.899153E-27   1.200000E+02   9.205810E+00
  6.900000000000E-01   6.900613E-13   1.000089E-12   7.500009E+01   2.437742E-41  -1.194747E-41  -8.959817E-28   1.200000E+02   9.205810E+00
  6.950000000000E-01   6.950617E-13   1.000089E-12   7.500009E+01   2.418343E-41  -3.706154E-41  -2.779372E-27   1.200000E+02   9.205810E+00
  7.000000000000E-01   7.000621E-13   1.000089E-12   7.500009E+01   2.401751E-41  -3.210655E-41  -2.407780E-27   1.200000E+02   9.205810E+00
  7.050000000000E-01   7.050626E-13   1.000089E-12   7.500009E+01   2.382240E-41  -6.069864E-41  -4.551999E-27   1.200000E+02   9.205810E+00
  7.100000000000E-01   7.100630E-13   1.000089E-12   7.500009E+01   2.359151E-41  -3.278198E-41  -2.458432E-27   1.200000E+02   9.205810E+00
  7.150000000000E-01   7.150635E-13   1.000089E-12   7.500009E+01   2.350036E-41   3.165183E-43   2.373679E-29   1.200000E+02   9.205810E+00
  7.200000000000E-01   7.200639E-13   1.000089E-12   7.500009E+01   2.349422E-41   5.303915E-42   3.977587E-28   1.200000E+02   9.205810E+00
  7.250000000000E-01   7.250644E-13   1.000089E-12   7.500009E+01   2.354304E-41  -2.024176E-41  -1.517999E-27   1.200000E+02   9.205810E+00
  7.300000000000E-01   7.300648E-13   1.000089E-12   7.500009E+01   2.341781E-41  -1.656335E-41  -1.242142E-27   1.200000E+02   9.205810E+00
  7.350000000000E-01   7.350653E-13   1.000089E-12   7.500009E+01   2.333166E-41  -6.060616E-42  -4.545063E-28   1.200000E+02   9.205810E+00
  7.400000000000E-01   7.400657E-13   1.000089E-12   7.500009E+01   2.339557E-41   3.002702E-41   2.251829E-27   1.200000E+02   9.205810E+00
  7.450000000000E-01   7.450661E-13   1.000089E-12   7.500009E+01   2.352805E-41   4.446320E-41   3.334447E-27   1.200000E+02   9.205810E+00
  7.500000000000E-01   7.500666E-13   1.000089E-12   7.500009E+01   2.385195E-41   9.317514E-41   6.987522E-27   1.200000E+02   9.205810E+00
  7.550000000000E-01   7.550670E-13   1.000089E-12   7.500009E+01   2.435519E-41   1.414639E-40   1.060886E-26   1.200000E+02   9.205810E+00
  7.600000000000E-01   7.600675E-13   1.000089E-12   7.500009E+01   2.522991E-41   1.925720E-40   1.444164E-26   1.200000E+02   9.205810E+00
  7.650000000000E-01   7.650679E-13   1.000089E-12   7.500009E+01   2.619484E-41   1.977512E-40   1.483004E-26   1.200000E+02   9.205810E+00
  7.700000000000E-01   7.700684E-13   1.000089E-12   7.500009E+01   2.708109E-41   1.517102E-40   1.137726E-26   1.200000E+02   9.205810E+00
  7.750000000000E-01   7.750688E-13   1.000089E-12   7.500009E+01   2.788628E-41   1.734247E-40   1.300571E-26   1.200000E+02   9.205810E+00
  7.800000000000E-01   7.800693E-13   1.000089E-12   7.500009E+01   2.871195E-41   1.617211E-40   1.212801E-26   1.200000E+02   9.205810E+00
  7.850000000000E-01   7.850697E-13   1.000089E-12   7.500009E+01   2.943152E-41   1.403541E-40   1.052563E-26   1.200000E+02   9.205810E+00
  7.900000000000E-01   7.900701E-13   1.000089E-12   7.500009E+01   3.016876E-41   1.407352E-40   1.055421E-26   1.200000E+02   9.205810E+00
  7.950000000000E-01   7.950706E-13   1.000089E-12   7.500009E+01   3.075056E-41   9.406636E-41   7.054358E-27   1.200000E+02   9.205810E+00
  8.000000000000E-01   8.000710E-13   1.000089E-12   7.500009E+01   3.134635E-41   1.234376E-40   9.257006E-27   1.200000E+02   9.205810E+00
  8.050000000000E-01   8.050715E-13   1.000089E-12   7.500009E+01   3.193752E-41   1.228434E-40   9.212449E-27   1.200000E+02   9.205810E+00
  8.100000000000E-01   8.100719E-13   1.000089E-12   7.500009E+01   3.268155E-41   1.631448E-40   1.223478E-26   1.200000E+02   9.205810E+00
  8.150000000000E-01   8.150724E-13   1.000089E-12   7.500009E+01   3.346688E-41   1.829759E-40   1.372199E-26   1.200000E+02   9.205810E+00
  8.200000000000E-01   8.200728E-13   1.000089E-12   7.500009E+01   3.447893E-41   2.052174E-40   1.538995E-26   1.200000E+02   9.205810E+00
  8.250000000000E-01   8.250733E-13   1.000089E-12   7.500009E+01   3.537792E-41   1.725391E-40   1.293930E-26   1.200000E+02   9.205810E+00
  8.300000000000E-01   8.300737E-13   1.000089E-12   7.500009E+01   3.626878E-41   1.639856E-40   1.229784E-26   1.200000E+02   9.205810E+00
  8.350000000000E-01   8.350741E-13   1.000089E-12   7.500009E+01   3.708566E-41   1.461162E-40   1.095775E-26   1.200000E+02   9.205810E+00
  8.400000000000E-01   8.400746E-13   1.000089E-12   7.500009E+01   3.756437E-41   5.360527E-41   4.020043E-27   1.200000E+02   9.205810E+00
  8.450000000000E-01   8.450750E-13   1.000089E-12   7.500009E+01   3.766981E-41   1.685902E-41   1.264316E-27   1.200000E+02   9.205810E+00
  8.500000000000E-01   8.500755E-13   1.000089E-12   7.500009E+01   3.734386E-41  -9.887562E-41  -7.415021E-27   1.200000E+02   9.205810E+00
  8.550000000000E-01   8.550759E-13   1.000089E-12   7.500009E+01   3.681587E-41  -1.022836E-40  -7.670595E-27   1.200000E+02   9.205810E+00
  8.600000000000E-01   8.600764E-13   1.000089E-12   7.500009E+01   3.615596E-41  -1.519904E-40  -1.139828E-26   1.200000E+02   9.205810E+00
  8.650000000000E-01   8.650768E-13   1.000089E-12   7.500009E+01   3.519745E-41  -2.276381E-40  -1.707136E-26   1.200000E+02   9.205810E+00
  8.700000000000E-01   8.700773E-13   1.000089E-12   7.500009E+01   3.427277E-41  -1.806666E-40  -1.354881E-26   1.200000E+02   9.205810E+00
  8.750000000000E-01   8.750777E-13   1.000089E-12   7.500009E+01   3.343973E-41  -1.580665E-40  -1.185394E-26   1.200000E+02   9.205810E+00
  8.800000000000E-01   8.800781E-13   1.000089E-12   7.500009E+01   3.265731E-41  -1.411836E-40  -1.058784E-26   1.200000E+02   9.205810E+00
  8.850000000000E-01   8.850786E-13   1.000089E-12   7.500009E+01   3.225718E-41  -7.006492E-42  -5.254408E-28   1.200000E+02   9.205810E+00
  8.900000000000E-01   8.900790E-13   1.000089E-12   7.500009E+01   3.257912E-41   9.842720E-41   7.381392E-27   1.200000E+02   9.205810E+00
  8.950000000000E-01   8.950795E-13   1.000089E-12   7.500009E+01   3.317611E-41   2.142305E-40   1.606588E-26   1.200000E+02   9.205810E+00
  9.000000000000E-01   9.000799E-13   1.000089E-12   7.500009E+01   3.441795E-41   2.927929E-40   2.195754E-26   1.200000E+02   9.205810E+00
  9.050000000000E-01   9.050804E-13   1.000089E-12   7.500009E+01   3.587889E-41   3.367600E-40   2.525479E-26   1.200000E+02   9.205810E+00
  9.100000000000E-01   9.100808E-13   1.000089E-12   7.500009E+01   3.751385E-41   3.044517E-40   2.283187E-26   1.200000E+02   9.205810E+00
  9.150000000000E-01   9.150813E-13   1.000089E-12   7.500009E+01   3.922685E-41   3.856822E-40   2.892363E-26   1.200000E+02   9.205810E+00
  9.200000000000E-01   9.200817E-13   1.000089E-12   7.500009E+01   4.108078E-41   3.422307E-40   2.566505E-26   1.200000E+02   9.205810E+00
  9.250000000000E-01   9.250821E-13   1.000089E-12   7.500009E+01   4.243073E-41   1.130512E-40   8.478093E-27   1.200000E+02   9.205810E+00
  9.300000000000E-01   9.300826E-13   1.000089E-12   7.500009E+01   4.288936E-41   4.416192E-41   3.311853E-27   1.200000E+02   9.205810E+00
  9.350000000000E-01   9.350830E-13   1.000089E-12   7.500009E+01   4.298166E-41  -1.589913E-41  -1.192330E-27   1.200000E+02   9.205810E+00
  9.400000000000E-01   9.400835E-13   1.000089E-12   7.500009E+01   4.284674E-41  -3.273468E-41  -2.454886E-27   1.200000E+02   9.205810E+00
  9.450000000000E-01   9.450839E-13   1.000089E-12   7.500009E+01   4.251959E-41  -5.692635E-41  -4.269101E-27   1.200000E+02   9.205810E+00
  9.500000000000E-01   9.500844E-13   1.000089E-12   7.500009E+01   4.229413E-41   1.597060E-41   1.197690E-27   1.200000E+02   9.205810E+00
  9.550000000000E-01   9.550848E-13   1.000089E-12   7.500009E+01   4.255877E-41   6.298556E-41   4.723503E-27   1.200000E+02   9.205810E+00
  9.600000000000E-01   9.600853E-13   1.000089E-12   7.500009E+01   4.311411E-41   1.778192E-40   1.333527E-26   1.200000E+02   9.205810E+00
  9.650000000000E-01   9.650857E-13   1.000089E-12   7.500009E+01   4.429793E-41   3.466252E-40   2.599461E-26   1.200000E+02   9.205810E+00
  9.700000000000E-01   9.700861E-13   1.000089E-12   7.500009E+01   4.648230E-41   4.477429E-40   3.357777E-26   1.200000E+02   9.205810E+00
  9.750000000000E-01   9.750866E-13   1.000089E-12   7.500009E+01   4.870330E-41   4.742442E-40   3.556520E-26   1.200000E+02   9.205810E+00
  9.800000000000E-01   9.800870E-13   1.000089E-12   7.500009E+01   5.115676E-41   4.840645E-40   3.630165E-26   1.200000E+02   9.205810E+00
  9.850000000000E-01   9.850875E-13   1.000089E-12   7.500009E+01   5.348583E-41   4.082375E-40   3.061512E-26   1.200000E+02   9.205810E+00
  9.900000000000E-01   9.900879E-13   1.000089E-12   7.500009E+01   5.512246E-41   3.234645E-40   2.425771E-26   1.200000E+02   9.205810E+00
  9.950000000000E-01   9.950884E-13   1.000089E-12   7.500009E+01   5.624928E-41   1.272379E-40   9.542005E-27   1.200000E+02   9.205810E+00
  1.000000000000E+00   1.000089E-12   1.000089E-12   7.500009E+01   5.628600E-41  -1.182920E-40  -8.871122E-27   1.200000E+02   9.205810E+00
  1.005000000000E+00   1.005089E-12   1.000089E-12   7.500009E+01   5.524799E-41  -3.258636E-40  -2.443762E-26   1.200000E+02   9.205810E+00
  1.010000000000E+00   1.010090E-12   1.000089E-12   7.500009E+01   5.340818E-41  -4.445143E-40  -3.333565E-26   1.200000E+02   9.205810E+00
  1.015000000000E+00   1.015090E-12   1.000089E-12   7.500009E+01   5.093580E-41  -5.418205E-40  -4.063297E-26   1.200000E+02   9.205810E+00
  1.020000000000E+00   1.020091E-12   1.000089E-12   7.500009E+01   4.824450E-41  -5.054540E-40  -3.790572E-26   1.200000E+02   9.205810E+00
  1.025000000000E+00   1.025091E-12   1.000089E-12   7.500009E+01   4.594260E-41  -4.160399E-40  -3.120025E-26   1.200000E+02   9.205810E+00
  1.030000000000E+00   1.030091E-12   1.000089E-12   7.500009E+01   4.428109E-41  -2.749460E-40  -2.061914E-26   1.200000E+02   9.205810E+00
  1.035000000000E+00   1.035092E-12   1.000089E-12   7.500009E+01   4.315808E-41  -1.512393E-40  -1.134196E-26   1.200000E+02   9.205810E+00
  1.040000000000E+00   1.040092E-12   1.000089E-12   7.500009E+01   4.283367E-41   3.053569E-41   2.289976E-27   1.200000E+02   9.205810E+00
  1.045000000000E+00   1.045093E-12   1.000089E-12   7.500009E+01   4.369042E-41   3.137563E-40   2.352966E-26   1.200000E+02   9.205810E+00
  1.050000000000E+00   1.050093E-12   1.000089E-12   7.500009E+01   4.545372E-41   4.440210E-40   3.329866E-26   1.200000E+02   9.205810E+00
  1.055000000000E+00   1.055094E-12   1.000089E-12   7.500009E+01   4.779813E-41   4.807911E-40   3.605617E-26   1.200000E+02   9.205810E+00
  1.060000000000E+00   1.060094E-12   1.000089E-12   7.500009E+01   5.038091E-41   5.529860E-40   4.147031E-26   1.200000E+02   9.205810E+00
  1.065000000000E+00   1.065095E-12   1.000089E-12   7.500009E+01   5.279258E-41   4.385952E-40   3.289175E-26   1.200000E+02   9.205810E+00
  1.070000000000E+00   1.070095E-12   1.000089E-12   7.500009E+01   5.495403E-41   4.251427E-40   3.188291E-26   1.200000E+02   9.205810E+00
  1.075000000000E+00   1.075095E-12   1.000089E-12   7.500009E+01   5.710813E-41   4.316448E-40   3.237052E-26   1.200000E+02   9.205810E+00
  1.080000000000E+00   1.080096E-12   1.000089E-12   7.500009E+01   5.903484E-41   3.270519E-40   2.452674E-26   1.200000E+02   9.205810E+00
  1.085000000000E+00   1.085096E-12   1.000089E-12   7.500009E+01   6.084536E-41   3.500780E-40   2.625354E-26   1.200000E+02   9.205810E+00
  1.090000000000E+00   1.090097E-12   1.000089E-12   7.500009E+01   6.265593E-41   3.767587E-40   2.825442E-26   1.200000E+02   9.205810E+00
  1.095000000000E+00   1.095097E-12   1.000089E-12   7.500009E+01   6.432363E-41   2.561798E-40   1.921180E-26   1.200000E+02   9.205810E+00
  1.100000000000E+00   1.100098E-12   1.000089E-12   7.500009E+01   6.500572E-41   4.722656E-41   3.541681E-27   1.200000E+02   9.205810E+00
  1.105000000000E+00   1.105098E-12   1.000089E-12   7.500009E+01   6.488023E-41  -4.064606E-41  -3.048187E-27   1.200000E+02   9.205810E+00
  1.110000000000E+00   1.110099E-12   1.000089E-12   7.500009E+01   6.403556E-41  -2.773450E-40  -2.079905E-26   1.200000E+02   9.205810E+00
  1.115000000000E+00   1.115099E-12   1.000089E-12   7.500009E+01   6.239346E-41  -4.241114E-40  -3.180556E-26   1.200000E+02   9.205810E+00
  1.120000000000E+00   1.120099E-12   1.000089E-12   7.500009E+01   5.989875E-41  -5.332557E-40  -3.999067E-26   1.200000E+02   9.205810E+00
  1.125000000000E+00   1.125100E-12   1.000089E-12   7.500009E+01   5.743802E-41  -4.307479E-40  -3.230326E-26   1.200000E+02   9.205810E+00
  1.130000000000E+00   1.130100E-12   1.000089E-12   7.500009E+01   5.584036E-41  -2.070559E-40  -1.552783E-26   1.200000E+02   9.205810E+00
  1.135000000000E+00   1.135101E-12   1.000089E-12   7.500009E+01   5.515039E-41   3.411601E-41   2.558476E-27   1.200000E+02   9.205810E+00
  1.140000000000E+00   1.140101E-12   1.000089E-12   7.500009E+01   5.575573E-41   2.137373E-40   1.602889E-26   1.200000E+02   9.205810E+00
  1.145000000000E+00   1.145102E-12   1.000089E-12   7.500009E+01   5.711272E-41   3.030840E-40   2.272931E-26   1.200000E+02   9.205810E+00
  1.150000000000E+00   1.150102E-12   1.000089E-12   7.500009E+01   5.892728E-41   4.801633E-40   3.600909E-26   1.200000E+02   9.205810E+00
  1.155000000000E+00   1.155103E-12   1.000089E-12   7.500009E+01   6.166916E-41   5.612369E-40   4.208907E-26   1.200000E+02   9.205810E+00
  1.160000000000E+00   1.160103E-12   1.000089E-12   7.500009E+01   6.462306E-41   5.815052E-40   4.360907E-26   1.200000E+02   9.205810E+00
  1.165000000000E+00   1.165103E-12   1.000089E-12   7.500009E+01   6.741068E-41   5.689048E-40   4.266411E-26   1.200000E+02   9.205810E+00
  1.170000000000E+00   1.170104E-12   1.000089E-12   7.500009E+01   6.987015E-41   4.039327E-40   3.029229E-26   1.200000E+02   9.205810E+00
  1.175000000000E+00   1.175104E-12   1.000089E-12   7.500009E+01   7.183811E-41   3.385761E-40   2.539098E-26   1.200000E+02   9.205810E+00
  1.180000000000E+00   1.180105E-12   1.000089E-12   7.500009E+01   7.313353E-41   2.142305E-40   1.606588E-26   1.200000E+02   9.205810E+00
  1.185000000000E+00   1.185105E-12   1.000089E-12   7.500009E+01   7.364492E-41  -2.061590E-41  -1.546057E-27   1.200000E+02   9.205810E+00
  1.190000000000E+00   1.190106E-12   1.000089E-12   7.500009E+01   7.355056E-41  -6.580357E-41  -4.934835E-27   1.200000E+02   9.205810E+00
  1.195000000000E+00   1.195106E-12   1.000089E-12   7.500009E+01   7.317118E-41  -1.523604E-40  -1.142603E-26   1.200000E+02   9.205810E+00
  1.200000000000E+00   1.200107E-12   1.000089E-12   7.500009E+01   7.235822E-41  -1.992310E-40  -1.494101E-26   1.200000E+02   9.205810E+00
  1.205000000000E+00   1.205107E-12   1.000089E-12   7.500009E+01   7.101804E-41  -2.875240E-40  -2.156241E-26   1.200000E+02   9.205810E+00
  1.210000000000E+00   1.210107E-12   1.000089E-12   7.500009E+01   6.991323E-41  -1.715862E-40  -1.286784E-26   1.200000E+02   9.205810E+00
  1.215000000000E+00   1.215108E-12   1.000089E-12   7.500009E+01   6.903952E-41  -1.675392E-40  -1.256434E-26   1.200000E+02   9.205810E+00
  1.220000000000E+00   1.220108E-12   1.000089E-12   7.500009E+01   6.833817E-41  -8.448148E-41  -6.335555E-27   1.200000E+02   9.205810E+00
  1.225000000000E+00   1.225109E-12   1.000089E-12   7.500009E+01   6.807283E-41   5.734113E-41   4.300208E-27   1.200000E+02   9.205810E+00
  1.230000000000E+00   1.230109E-12   1.000089E-12   7.500009E+01   6.850556E-41   5.098484E-41   3.823528E-27   1.200000E+02   9.205810E+00
  1.235000000000E+00   1.235110E-12   1.000089E-12   7.500009E+01   6.888916E-41   6.968097E-41   5.225614E-27   1.200000E+02   9.205810E+00
  1.240000000000E+00   1.240110E-12   1.000089E-12   7.500009E+01   6.928022E-41   5.403967E-41   4.052620E-27   1.200000E+02   9.205810E+00
  1.245000000000E+00   1.245111E-12   1.000089E-12   7.500009E+01   6.959281E-41   5.535689E-41   4.151403E-27   1.200000E+02   9.205810E+00
  1.250000000000E+00   1.250111E-12   1.000089E-12   7.500009E+01   6.982997E-41   6.349283E-42   4.761545E-28   1.200000E+02   9.205810E+00
  1.255000000000E+00   1.255111E-12   1.000089E-12   7.500009E+01   6.976336E-41  -1.042706E-41  -7.819610E-28   1.200000E+02   9.205810E+00
  1.260000000000E+00   1.260112E-12   1.000089E-12   7.500009E+01   7.010468E-41   1.486497E-40   1.114775E-26   1.200000E+02   9.205810E+00
  1.265000000000E+00   1.265112E-12   1.000089E-12   7.500009E+01   7.098958E-41   1.037914E-40   7.783670E-27   1.200000E+02   9.205810E+00
  1.270000000000E+00   1.270113E-12   1.000089E-12   7.500009E+01   7.156641E-41   9.788911E-41   7.341039E-27   1.200000E+02   9.205810E+00
  1.275000000000E+00   1.275113E-12   1.000089E-12   7.500009E+01   7.224157E-41   1.711826E-40   1.283757E-26   1.200000E+02   9.205810E+00
  1.280000000000E+00   1.280114E-12   1.000089E-12   7.500009E+01   7.352843E-41   3.106398E-40   2.329594E-26   1.200000E+02   9.205810E+00
  1.285000000000E+00   1.285114E-12   1.000089E-12   7.500009E+01   7.508784E-41   3.362444E-40   2.521611E-26   1.200000E+02   9.205810E+00
  1.290000000000E+00   1.290115E-12   1.000089E-12   7.500009E+01   7.675550E-41   3.735750E-40   2.801566E-26   1.200000E+02   9.205810E+00
  1.295000000000E+00   1.295115E-12   1.000089E-12   7.500009E+01   7.912511E-41   4.875622E-40   3.656395E-26   1.200000E+02   9.205810E+00
  1.300000000000E+00   1.300115E-12   1.000089E-12   7.500009E+01   8.180493E-41   5.030774E-40   3.772749E-26   1.200000E+02   9.205810E+00
  1.305000000000E+00   1.305116E-12   1.000089E-12   7.500009E+01   8.411983E-41   4.316896E-40   3.237388E-26   1.200000E+02   9.205810E+00
  1.310000000000E+00   1.310116E-12   1.000089E-12   7.500009E+01   8.628630E-41   4.336626E-40   3.252184E-26   1.200000E+02   9.205810E+00
  1.315000000000E+00   1.315117E-12   1.000089E-12   7.500009E+01   8.796288E-41   2.979273E-40   2.234258E-26   1.200000E+02   9.205810E+00
  1.320000000000E+00   1.320117E-12   1.000089E-12   7.500009E+01   8.898987E-41   1.292670E-40   9.694173E-27   1.200000E+02   9.205810E+00
  1.325000000000E+00   1.325118E-12   1.000089E-12   7.500009E+01   8.962641E-41   1.087071E-40   8.152319E-27   1.200000E+02   9.205810E+00
  1.330000000000E+00   1.330118E-12   1.000089E-12   7.500009E+01   9.000228E-41   6.558357E-41   4.918336E-27   1.200000E+02   9.205810E+00
  1.335000000000E+00   1.335119E-12   1.000089E-12   7.500009E+01   9.006501E-41  -3.125736E-41  -2.344097E-27   1.200000E+02   9.205810E+00
  1.340000000000E+00   1.340119E-12   1.000089E-12   7.500009E+01   8.955951E-41  -7.781130E-41  -5.835335E-27   1.200000E+02   9.205810E+00
  1.345000000000E+00   1.345119E-12   1.000089E-12   7.500009E+01   8.907514E-41  -9.688578E-41  -7.265796E-27   1.200000E+02   9.205810E+00
  1.350000000000E+00   1.350120E-12   1.000089E-12   7.500009E+01   8.877594E-41  -2.382277E-41  -1.786551E-27   1.200000E+02   9.205810E+00
  1.355000000000E+00   1.355120E-12   1.000089E-12   7.500009E+01   8.908734E-41   6.498101E-41   4.873148E-27   1.200000E+02   9.205810E+00
  1.360000000000E+00   1.360121E-12   1.000089E-12   7.500009E+01   8.972996E-41   2.489603E-40   1.867038E-26   1.200000E+02   9.205810E+00
  1.365000000000E+00   1.365121E-12   1.000089E-12   7.500009E+01   9.144241E-41   4.510163E-40   3.382326E-26   1.200000E+02   9.205810E+00
  1.370000000000E+00   1.370122E-12   1.000089E-12   7.500009E+01   9.376915E-41   4.841542E-40   3.630838E-26   1.200000E+02   9.205810E+00
  1.375000000000E+00   1.375122E-12   1.000089E-12   7.500009E+01   9.606288E-41   4.095379E-40   3.071265E-26   1.200000E+02   9.205810E+00
  1.380000000000E+00   1.380123E-12   1.000089E-12   7.500009E+01   9.815107E-41   3.868929E-40   2.901442E-26   1.200000E+02   9.205810E+00
  1.385000000000E+00   1.385123E-12   1.000089E-12   7.500009E+01   9.999549E-41   2.992501E-40   2.244179E-26   1.200000E+02   9.205810E+00
  1.390000000000E+00   1.390123E-12   1.000089E-12   7.500009E+01   1.006785E-40   8.489066E-42   6.366241E-28   1.200000E+02   9.205810E+00
  1.395000000000E+00   1.395124E-12   1.000089E-12   7.500009E+01   9.987433E-41  -2.708878E-40  -2.031480E-26   1.200000E+02   9.205810E+00
  1.400000000000E+00   1.400124E-12   1.000089E-12   7.500009E+01   9.784453E-41  -4.628545E-40  -3.471104E-26   1.200000E+02   9.205810E+00
  1.405000000000E+00   1.405125E-12   1.000089E-12   7.500009E+01   9.518731E-41  -6.069304E-40  -4.551578E-26   1.200000E+02   9.205810E+00
  1.410000000000E+00   1.410125E-12   1.000089E-12   7.500009E+01   9.236974E-41  -5.088171E-40  -3.815793E-26   1.200000E+02   9.205810E+00
  1.415000000000E+00   1.415126E-12   1.000089E-12   7.500009E+01   9.011278E-41  -3.554814E-40  -2.665876E-26   1.200000E+02   9.205810E+00
  1.420000000000E+00   1.420126E-12   1.000089E-12   7.500009E+01   8.871177E-41  -1.447149E-40  -1.085266E-26   1.200000E+02   9.205810E+00
  1.425000000000E+00   1.425127E-12   1.000089E-12   7.500009E+01   8.866775E-41   1.604655E-40   1.203386E-26   1.200000E+02   9.205810E+00
  1.430000000000E+00   1.430127E-12   1.000089E-12   7.500009E+01   9.017689E-41   4.220487E-40   3.165087E-26   1.200000E+02   9.205810E+00
  1.435000000000E+00   1.435127E-12   1.000089E-12   7.500009E+01   9.295725E-41   6.831610E-40   5.123258E-26   1.200000E+02   9.205810E+00
  1.440000000000E+00   1.440128E-12   1.000089E-12   7.500009E+01   9.676179E-41   7.523515E-40   5.642141E-26   1.200000E+02   9.205810E+00
  1.445000000000E+00   1.445128E-12   1.000089E-12   7.500009E+01   1.005730E-40   8.405100E-40   6.303272E-26   1.200000E+02   9.205810E+00
  1.450000000000E+00   1.450129E-12   1.000089E-12   7.500009E+01   1.043861E-40   7.348185E-40   5.510655E-26   1.200000E+02   9.205810E+00
  1.455000000000E+00   1.455129E-12   1.000089E-12   7.500009E+01   1.073799E-40   5.068440E-40   3.800997E-26   1.200000E+02   9.205810E+00
  1.460000000000E+00   1.460130E-12   1.000089E-12   7.500009E+01   1.092428E-40   2.321559E-40   1.741017E-26   1.200000E+02   9.205810E+00
  1.465000000000E+00   1.465130E-12   1.000089E-12   7.500009E+01   1.096345E-40   3.323880E-42   2.492691E-28   1.200000E+02   9.205810E+00
  1.470000000000E+00   1.470131E-12   1.000089E-12   7.500009E+01   1.091312E-40  -2.191182E-40  -1.643243E-26   1.200000E+02   9.205810E+00
  1.475000000000E+00   1.475131E-12   1.000089E-12   7.500009E+01   1.076058E-40  -3.362668E-40  -2.521780E-26   1.200000E+02   9.205810E+00
  1.480000000000E+00   1.480131E-12   1.000089E-12   7.500009E+01   1.058447E-40  -3.627681E-40  -2.720522E-26   1.200000E+02   9.205810E+00
  1.485000000000E+00   1.485132E-12   1.000089E-12   7.500009E+01   1.043706E-40  -2.059909E-40  -1.544796E-26   1.200000E+02   9.205810E+00
  1.490000000000E+00   1.490132E-12   1.000089E-12   7.500009E+01   1.040678E-40   4.763154E-41   3.572052E-27   1.200000E+02   9.205810E+00
  1.495000000000E+00   1.495133E-12   1.000089E-12   7.500009E+01   1.050054E-40   3.431275E-40   2.573231E-26   1.200000E+02   9.205810E+00
  1.500000000000E+00   1.500133E-12   1.000089E-12   7.500009E+01   1.073401E-40   5.856307E-40   4.391844E-26   1.200000E+02   9.205810E+00
  1.505000000000E+00   1.505134E-12   1.000089E-12   7.500009E+01   1.105355E-40   7.102453E-40   5.326372E-26   1.200000E+02   9.205810E+00
  1.510000000000E+00   1.510134E-12   1.000089E-12   7.500009E+01   1.142941E-40   7.204692E-40   5.403045E-26   1.200000E+02   9.205810E+00
  1.515000000000E+00   1.515135E-12   1.000089E-12   7.500009E+01   1.176358E-40   6.020875E-40   4.515260E-26   1.200000E+02   9.205810E+00
  1.520000000000E+00   1.520135E-12   1.000089E-12   7.500009E+01   1.203391E-40   3.706603E-40   2.779708E-26   1.200000E+02   9.205810E+00
  1.525000000000E+00   1.525135E-12   1.000089E-12   7.500009E+01   1.216905E-40   9.252494E-41   6.938761E-27   1.200000E+02   9.205810E+00
  1.530000000000E+00   1.530136E-12   1.000089E-12   7.500009E+01   1.214655E-40  -1.893771E-40  -1.420203E-26   1.200000E+02   9.205810E+00
  1.535000000000E+00   1.535136E-12   1.000089E-12   7.500009E+01   1.197198E-40  -4.345595E-40  -3.258910E-26   1.200000E+02   9.205810E+00
  1.540000000000E+00   1.540137E-12   1.000089E-12   7.500009E+01   1.170084E-40  -5.976033E-40  -4.481632E-26   1.200000E+02   9.205810E+00
  1.545000000000E+00   1.545137E-12   1.000089E-12   7.500009E+01   1.138374E-40  -6.701570E-40  -5.025736E-26   1.200000E+02   9.205810E+00
  1.550000000000E+00   1.550138E-12   1.000089E-12   7.500009E+01   1.104756E-40  -6.088586E-40  -4.566039E-26   1.200000E+02   9.205810E+00
  1.555000000000E+00   1.555138E-12   1.000089E-12   7.500009E+01   1.080203E-40  -4.169367E-40  -3.126751E-26   1.200000E+02   9.205810E+00
  1.560000000000E+00   1.560139E-12   1.000089E-12   7.500009E+01   1.064012E-40  -1.948814E-40  -1.461482E-26   1.200000E+02   9.205810E+00
  1.565000000000E+00   1.565139E-12   1.000089E-12   7.500009E+01   1.065377E-40   2.636907E-40   1.977507E-26   1.200000E+02   9.205810E+00
  1.570000000000E+00   1.570139E-12   1.000089E-12   7.500009E+01   1.087812E-40   6.383643E-40   4.787312E-26   1.200000E+02   9.205810E+00
  1.575000000000E+00   1.575140E-12   1.000089E-12   7.500009E+01   1.128821E-40   1.018800E-39   7.640330E-26   1.200000E+02   9.205810E+00
  1.580000000000E+00   1.580140E-12   1.000089E-12   7.500009E+01   1.188146E-40   1.304530E-39   9.783119E-26   1.200000E+02   9.205810E+00
  1.585000000000E+00   1.585141E-12   1.000089E-12   7.500009E+01   1.254901E-40   1.348475E-39   1.011268E-25   1.200000E+02   9.205810E+00
  1.590000000000E+00   1.590141E-12   1.000089E-12   7.500009E+01   1.325033E-40   1.392420E-39   1.044223E-25   1.200000E+02   9.205810E+00
  1.595000000000E+00   1.595142E-12   1.000089E-12   7.500009E+01   1.391417E-40   1.253680E-39   9.401775E-26   1.200000E+02   9.205810E+00
  1.600000000000E+00   1.600142E-12   1.000089E-12   7.500009E+01   1.453588E-40   1.147226E-39   8.603442E-26   1.200000E+02   9.205810E+00
  1.605000000000E+00   1.605143E-12   1.000089E-12   7.500009E+01   1.507389E-40   9.899221E-40   7.423764E-26   1.200000E+02   9.205810E+00
  1.610000000000E+00   1.610143E-12   1.000089E-12   7.500009E+01   1.561142E-40   1.077812E-39   8.082877E-26   1.200000E+02   9.205810E+00
  1.615000000000E+00   1.615143E-12   1.000089E-12   7.500009E+01   1.614894E-40   1.124088E-39   8.429920E-26   1.200000E+02   9.205810E+00
  1.620000000000E+00   1.620144E-12   1.000089E-12   7.500009E+01   1.673090E-40   1.128752E-39   8.464893E-26   1.200000E+02   9.205810E+00
  1.625000000000E+00   1.625144E-12   1.000089E-12   7.500009E+01   1.732763E-40   1.281302E-39   9.608925E-26   1.200000E+02   9.205810E+00
  1.630000000000E+00   1.630145E-12   1.000089E-12   7.500009E+01   1.803817E-40   1.702365E-39   1.276661E-25   1.200000E+02   9.205810E+00
  1.635000000000E+00   1.635145E-12   1.000089E-12   7.500009E+01   1.905033E-40   2.257503E-39   1.692979E-25   1.200000E+02   9.205810E+00
  1.640000000000E+00   1.640146E-12   1.000089E-12   7.500009E+01   2.018461E-40   2.294452E-39   1.720688E-25   1.200000E+02   9.205810E+00
  1.645000000000E+00   1.645146E-12   1.000089E-12   7.500009E+01   2.142066E-40   2.294452E-39   1.720688E-25   1.200000E+02   9.205810E+00
  1.650000000000E+00   1.650147E-12   1.000089E-12   7.500009E+01   2.251422E-40   2.368531E-39   1.776242E-25   1.200000E+02   9.205810E+00
  1.655000000000E+00   1.655147E-12   1.000089E-12   7.500009E+01   2.402412E-40   3.312176E-39   2.483914E-25   1.200000E+02   9.205810E+00
  1.660000000000E+00   1.660147E-12   1.000089E-12   7.500009E+01   2.560803E-40   3.367780E-39   2.525613E-25   1.200000E+02   9.205810E+00
  1.665000000000E+00   1.665148E-12   1.000089E-12   7.500009E+01   2.748062E-40   4.292951E-39   3.219430E-25   1.200000E+02   9.205810E+00
  1.670000000000E+00   1.670148E-12   1.000089E-12   7.500009E+01   2.981955E-40   5.033016E-39   3.774430E-25   1.200000E+02   9.205810E+00
  1.675000000000E+00   1.675149E-12   1.000089E-12   7.500009E+01   3.240264E-40   5.662232E-39   4.246302E-25   1.200000E+02   9.205810E+00
  1.680000000000E+00   1.680149E-12   1.000089E-12   7.500009E+01   3.602196E-40   7.993275E-39   5.994431E-25   1.200000E+02   9.205810E+00
  1.685000000000E+00   1.685150E-12   1.000089E-12   7.500009E+01   4.035918E-40   8.474694E-39   6.355463E-25   1.200000E+02   9.205810E+00
  1.690000000000E+00   1.690150E-12   1.000089E-12   7.500009E+01   4.528099E-40   9.659229E-39   7.243786E-25   1.200000E+02   9.205810E+00
  1.695000000000E+00   1.695151E-12   1.000089E-12   7.500009E+01   5.083202E-40   1.184176E-38   8.880538E-25   1.200000E+02   9.205810E+00
  1.700000000000E+00   1.700151E-12   1.000089E-12   7.500009E+01   5.743398E-40   1.539536E-38   1.154551E-24   1.200000E+02   9.205810E+00
  1.705000000000E+00   1.705151E-12   1.000089E-12   7.500009E+01   6.656731E-40   2.013206E-38   1.509772E-24   1.200000E+02   9.205810E+00
  1.710000000000E+00   1.710152E-12   1.000089E-12   7.500009E+01   7.691459E-40   2.175927E-38   1.631802E-24   1.200000E+02   9.205810E+00
  1.715000000000E+00   1.715152E-12   1.000089E-12   7.500009E+01   8.807576E-40   2.131588E-38   1.598551E-24   1.200000E+02   9.205810E+00
  1.720000000000E+00   1.720153E-12   1.000089E-12   7.500009E+01   1.007175E-39   3.108632E-38   2.331269E-24   1.200000E+02   9.205810E+00
  1.725000000000E+00   1.725153E-12   1.000089E-12   7.500009E+01   1.169712E-39   3.789649E-38   2.841987E-24   1.200000E+02   9.205810E+00
  1.730000000000E+00   1.730154E-12   1.000089E-12   7.500009E+01   1.374884E-39   4.440820E-38   3.330323E-24   1.200000E+02   9.205810E+00
  1.735000000000E+00   1.735154E-12   1.000089E-12   7.500009E+01   1.597224E-39   4.455743E-38   3.341514E-24   1.200000E+02   9.205810E+00
  1.740000000000E+00   1.740155E-12   1.000089E-12   7.500009E+01   1.836145E-39   5.181244E-38   3.885592E-24   1.200000E+02   9.205810E+00
  1.745000000000E+00   1.745155E-12   1.000089E-12   7.500009E+01   2.097865E-39   5.151397E-38   3.863209E-24   1.200000E+02   9.205810E+00
  1.750000000000E+00   1.750155E-12   1.000089E-12   7.500009E+01   2.415822E-39   6.779756E-38   5.084370E-24   1.200000E+02   9.205810E+00
  1.755000000000E+00   1.755156E-12   1.000089E-12   7.500009E+01   2.807225E-39   8.763402E-38   6.571975E-24   1.200000E+02   9.205810E+00
  1.760000000000E+00   1.760156E-12   1.000089E-12   7.500009E+01   3.259021E-39   1.027410E-37   7.704896E-24   1.200000E+02   9.205810E+00
  1.765000000000E+00   1.765157E-12   1.000089E-12   7.500009E+01   3.765884E-39   9.651911E-38   7.238298E-24   1.200000E+02   9.205810E+00
  1.770000000000E+00   1.770157E-12   1.000089E-12   7.500009E+01   4.256148E-39   1.042103E-37   7.815089E-24   1.200000E+02   9.205810E+00
  1.775000000000E+00   1.775158E-12   1.000089E-12   7.500009E+01   4.794993E-39   1.119130E-37   8.392741E-24   1.200000E+02   9.205810E+00
  1.780000000000E+00   1.780158E-12   1.000089E-12   7.500009E+01   5.453431E-39   1.367775E-37   1.025741E-23   1.200000E+02   9.205810E+00
  1.785000000000E+00   1.785159E-12   1.000089E-12   7.500009E+01   6.088198E-39   1.474419E-37   1.105717E-23   1.200000E+02   9.205810E+00
  1.790000000000E+00   1.790159E-12   1.000089E-12   7.500009E+01   6.880462E-39   1.859324E-37   1.394371E-23   1.200000E+02   9.205810E+00
  1.795000000000E+00   1.795159E-12   1.000089E-12   7.500009E+01   7.740226E-39   1.930382E-37   1.447660E-23   1.200000E+02   9.205810E+00
  1.800000000000E+00   1.800160E-12   1.000089E-12   7.500009E+01   8.787151E-39   2.119793E-37   1.589705E-23   1.200000E+02   9.205810E+00
  1.805000000000E+00   1.805160E-12   1.000089E-12   7.500009E+01   1.020821E-38   3.552886E-37   2.664430E-23   1.200000E+02   9.205810E+00
  1.810000000000E+00   1.810161E-12   1.000089E-12   7.500009E+01   1.228301E-38   4.571112E-37   3.428033E-23   1.200000E+02   9.205810E+00
  1.815000000000E+00   1.815161E-12   1.000089E-12   7.500009E+01   1.445960E-38   4.618407E-37   3.463501E-23   1.200000E+02   9.205810E+00
  1.820000000000E+00   1.820162E-12   1.000089E-12   7.500009E+01   1.697497E-38   5.423804E-37   4.067496E-23   1.200000E+02   9.205810E+00
  1.825000000000E+00   1.825162E-12   1.000089E-12   7.500009E+01   1.965620E-38   5.044983E-37   3.783405E-23   1.200000E+02   9.205810E+00
  1.830000000000E+00   1.830163E-12   1.000089E-12   7.500009E+01   2.255517E-38   6.560728E-37   4.920114E-23   1.200000E+02   9.205810E+00
  1.835000000000E+00   1.835163E-12   1.000089E-12   7.500009E+01   2.680909E-38   9.829153E-37   7.371218E-23   1.200000E+02   9.205810E+00
  1.840000000000E+00   1.840163E-12   1.000089E-12   7.500009E+01   3.228524E-38   1.155842E-36   8.668051E-23   1.200000E+02   9.205810E+00
  1.845000000000E+00   1.845164E-12   1.000089E-12   7.500009E+01   3.849056E-38   1.217371E-36   9.129484E-23   1.200000E+02   9.205810E+00
  1.850000000000E+00   1.850164E-12   1.000089E-12   7.500009E+01   4.520741E-38   1.634304E-36   1.225621E-22   1.200000E+02   9.205810E+00
  1.855000000000E+00   1.855165E-12   1.000089E-12   7.500009E+01   5.337379E-38   1.771507E-36   1.328513E-22   1.200000E+02   9.205810E+00
  1.860000000000E+00   1.860165E-12   1.000089E-12   7.500009E+01   6.200412E-38   1.965831E-36   1.474244E-22   1.200000E+02   9.205810E+00
  1.865000000000E+00   1.865166E-12   1.000089E-12   7.500009E+01   7.206599E-38   1.975382E-36   1.481406E-22   1.200000E+02   9.205810E+00
  1.870000000000E+00   1.870166E-12   1.000089E-12   7.500009E+01   8.222189E-38   1.667365E-36   1.250414E-22   1.200000E+02   9.205810E+00
  1.875000000000E+00   1.875167E-12   1.000089E-12   7.500009E+01   9.180952E-38   2.103217E-36   1.577274E-22   1.200000E+02   9.205810E+00
  1.880000000000E+00   1.880167E-12   1.000089E-12   7.500009E+01   1.029701E-37   2.605373E-36   1.953858E-22   1.200000E+02   9.205810E+00
  1.885000000000E+00   1.885167E-12   1.000089E-12   7.500009E+01   1.174459E-37   2.917981E-36   2.188294E-22   1.200000E+02   9.205810E+00
  1.890000000000E+00   1.890168E-12   1.000089E-12   7.500009E+01   1.338929E-37   3.410770E-36   2.557853E-22   1.200000E+02   9.205810E+00
  1.895000000000E+00   1.895168E-12   1.000089E-12   7.500009E+01   1.504347E-37   2.775820E-36   2.081682E-22   1.200000E+02   9.205810E+00
  1.900000000000E+00   1.900169E-12   1.000089E-12   7.500009E+01   1.667300E-37   3.808602E-36   2.856201E-22   1.200000E+02   9.205810E+00
  1.905000000000E+00   1.905169E-12   1.000089E-12   7.500009E+01   1.865114E-37   4.111659E-36   3.083474E-22   1.200000E+02   9.205810E+00
  1.910000000000E+00   1.910170E-12   1.000089E-12   7.500009E+01   2.062935E-37   4.585163E-36   3.438570E-22   1.200000E+02   9.205810E+00
  1.915000000000E+00   1.915170E-12   1.000089E-12   7.500009E+01   2.294088E-37   5.855064E-36   4.390913E-22   1.200000E+02   9.205810E+00
  1.920000000000E+00   1.920171E-12   1.000089E-12   7.500009E+01   2.637054E-37   6.953784E-36   5.214880E-22   1.200000E+02   9.205810E+00
  1.925000000000E+00   1.925171E-12   1.000089E-12   7.500009E+01   3.083080E-37   1.153895E-35   8.653450E-22   1.200000E+02   9.205810E+00
  1.930000000000E+00   1.930171E-12   1.000089E-12   7.500009E+01   3.625733E-37   1.080059E-35   8.099731E-22   1.200000E+02   9.205810E+00
  1.935000000000E+00   1.935172E-12   1.000089E-12   7.500009E+01   4.206280E-37   1.246832E-35   9.350421E-22   1.200000E+02   9.205810E+00
  1.940000000000E+00   1.940172E-12   1.000089E-12   7.500009E+01   4.863411E-37   1.390757E-35   1.042976E-21   1.200000E+02   9.205810E+00
  1.945000000000E+00   1.945173E-12   1.000089E-12   7.500009E+01   5.552368E-37   1.352847E-35   1.014546E-21   1.200000E+02   9.205810E+00
  1.950000000000E+00   1.950173E-12   1.000089E-12   7.500009E+01   6.298160E-37   1.576485E-35   1.182260E-21   1.200000E+02   9.205810E+00
  1.955000000000E+00   1.955174E-12   1.000089E-12   7.500009E+01   7.095469E-37   1.584126E-35   1.187990E-21   1.200000E+02   9.205810E+00
  1.960000000000E+00   1.960174E-12   1.000089E-12   7.500009E+01   8.030751E-37   1.735617E-35   1.301599E-21   1.200000E+02   9.205810E+00
  1.965000000000E+00   1.965175E-12   1.000089E-12   7.500009E+01   9.055458E-37   2.728616E-35   2.046283E-21   1.200000E+02   9.205810E+00
  1.970000000000E+00   1.970175E-12   1.000089E-12   7.500009E+01   1.063203E-36   3.228789E-35   2.421379E-21   1.200000E+02   9.205810E+00
  1.975000000000E+00   1.975175E-12   1.000089E-12   7.500009E+01   1.227520E-36   3.531773E-35   2.648597E-21   1.200000E+02   9.205810E+00
  1.980000000000E+00   1.980176E-12   1.000089E-12   7.500009E+01   1.423363E-36   4.418683E-35   3.313722E-21   1.200000E+02   9.205810E+00
  1.985000000000E+00   1.985176E-12   1.000089E-12   7.500009E+01   1.645132E-36   4.494209E-35   3.370361E-21   1.200000E+02   9.205810E+00
  1.990000000000E+00   1.990177E-12   1.000089E-12   7.500009E+01   1.850373E-36   3.554695E-35   2.665787E-21   1.200000E+02   9.205810E+00
  1.995000000000E+00   1.995177E-12   1.000089E-12   7.500009E+01   2.037729E-36   4.274685E-35   3.205733E-21   1.200000E+02   9.205810E+00
  2.000000000000E+00   2.000178E-12   1.000089E-12   7.500009E+01   2.255102E-36   4.486862E-35   3.364851E-21   1.200000E+02   9.205810E+00
  2.005000000000E+00   2.005178E-12   1.000089E-12   7.500009E+01   2.519458E-36   5.699384E-35   4.274163E-21   1.200000E+02   9.205810E+00
  2.010000000000E+00   2.010179E-12   1.000089E-12   7.500009E+01   2.812615E-36   6.063200E-35   4.547001E-21   1.200000E+02   9.205810E+00
  2.015000000000E+00   2.015179E-12   1.000089E-12   7.500009E+01   3.110332E-36   5.714666E-35   4.285623E-21   1.200000E+02   9.205810E+00
  2.020000000000E+00   2.020179E-12   1.000089E-12   7.500009E+01   3.439259E-36   6.275377E-35   4.706119E-21   1.200000E+02   9.205810E+00
  2.025000000000E+00   2.025180E-12   1.000089E-12   7.500009E+01   3.824892E-36   9.383384E-35   7.036920E-21   1.200000E+02   9.205810E+00
  2.030000000000E+00   2.030180E-12   1.000089E-12   7.500009E+01   4.324218E-36   1.029263E-34   7.718794E-21   1.200000E+02   9.205810E+00
  2.035000000000E+00   2.035181E-12   1.000089E-12   7.500009E+01   4.885682E-36   1.132354E-34   8.491908E-21   1.200000E+02   9.205810E+00
  2.040000000000E+00   2.040181E-12   1.000089E-12   7.500009E+01   5.502934E-36   1.364161E-34   1.023031E-20   1.200000E+02   9.205810E+00
  2.045000000000E+00   2.045182E-12   1.000089E-12   7.500009E+01   6.302082E-36   1.564348E-34   1.173158E-20   1.200000E+02   9.205810E+00
  2.050000000000E+00   2.050182E-12   1.000089E-12   7.500009E+01   7.145499E-36   1.682603E-34   1.261841E-20   1.200000E+02   9.205810E+00
  2.055000000000E+00   2.055183E-12   1.000089E-12   7.500009E+01   8.132632E-36   2.000926E-34   1.500563E-20   1.200000E+02   9.205810E+00
  2.060000000000E+00   2.060183E-12   1.000089E-12   7.500009E+01   9.098606E-36   1.846349E-34   1.384640E-20   1.200000E+02   9.205810E+00
  2.065000000000E+00   2.065183E-12   1.000089E-12   7.500009E+01   1.018460E-35   2.267764E-34   1.700674E-20   1.200000E+02   9.205810E+00
  2.070000000000E+00   2.070184E-12   1.000089E-12   7.500009E+01   1.135972E-35   2.455608E-34   1.841544E-20   1.200000E+02   9.205810E+00
  2.075000000000E+00   2.075184E-12   1.000089E-12   7.500009E+01   1.266522E-35   2.522611E-34   1.891792E-20   1.200000E+02   9.205810E+00
  2.080000000000E+00   2.080185E-12   1.000089E-12   7.500009E+01   1.392704E-35   2.655912E-34   1.991759E-20   1.200000E+02   9.205810E+00
  2.085000000000E+00   2.085185E-12   1.000089E-12   7.500009E+01   1.534469E-35   3.219679E-34   2.414547E-20   1.200000E+02   9.205810E+00
  2.090000000000E+00   2.090186E-12   1.000089E-12   7.500009E+01   1.674903E-35   2.674250E-34   2.005511E-20   1.200000E+02   9.205810E+00
  2.095000000000E+00   2.095186E-12   1.000089E-12   7.500009E+01   1.830980E-35   3.304550E-34   2.478195E-20   1.200000E+02   9.205810E+00
  2.100000000000E+00   2.100187E-12   1.000089E-12   7.500009E+01   2.008400E-35   3.698811E-34   2.773864E-20   1.200000E+02   9.205810E+00
  2.105000000000E+00   2.105187E-12   1.000089E-12   7.500009E+01   2.223906E-35   4.669064E-34   3.501490E-20   1.200000E+02   9.205810E+00
  2.110000000000E+00   2.110187E-12   1.000089E-12   7.500009E+01   2.440742E-35   4.359673E-34   3.269468E-20   1.200000E+02   9.205810E+00
  2.115000000000E+00   2.115188E-12   1.000089E-12   7.500009E+01   2.685226E-35   6.281842E-34   4.710968E-20   1.200000E+02   9.205810E+00
  2.120000000000E+00   2.120188E-12   1.000089E-12   7.500009E+01   2.970824E-35   6.027465E-34   4.520202E-20   1.200000E+02   9.205810E+00
  2.125000000000E+00   2.125189E-12   1.000089E-12   7.500009E+01   3.281174E-35   5.663532E-34   4.247276E-20   1.200000E+02   9.205810E+00
  2.130000000000E+00   2.130189E-12   1.000089E-12   7.500009E+01   3.608140E-35   8.907426E-34   6.679983E-20   1.200000E+02   9.205810E+00
  2.135000000000E+00   2.135190E-12   1.000089E-12   7.500009E+01   4.078337E-35   9.545014E-34   7.158132E-20   1.200000E+02   9.205810E+00
  2.140000000000E+00   2.140190E-12   1.000089E-12   7.500009E+01   4.572196E-35   1.052679E-33   7.894397E-20   1.200000E+02   9.205810E+00
  2.145000000000E+00   2.145191E-12   1.000089E-12   7.500009E+01   5.111418E-35   1.010267E-33   7.576337E-20   1.200000E+02   9.205810E+00
  2.150000000000E+00   2.150191E-12   1.000089E-12   7.500009E+01   5.699636E-35   1.198252E-33   8.986101E-20   1.200000E+02   9.205810E+00
  2.155000000000E+00   2.155191E-12   1.000089E-12   7.500009E+01   6.241529E-35   1.158285E-33   8.686376E-20   1.200000E+02   9.205810E+00
  2.160000000000E+00   2.160192E-12   1.000089E-12   7.500009E+01   6.792902E-35   1.015157E-33   7.613009E-20   1.200000E+02   9.205810E+00
  2.165000000000E+00   2.165192E-12   1.000089E-12   7.500009E+01   7.424095E-35   1.297746E-33   9.732239E-20   1.200000E+02   9.205810E+00
  2.170000000000E+00   2.170193E-12   1.000089E-12   7.500009E+01   8.002852E-35   1.029733E-33   7.722320E-20   1.200000E+02   9.205810E+00
  2.175000000000E+00   2.175193E-12   1.000311E-12   7.500030E+01   8.539668E-35   1.032178E-33   7.738960E-20   1.200000E+02   9.205810E+00
  2.180000000000E+00   2.180195E-12   1.000311E-12   7.500030E+01   9.102701E-35   1.083148E-33   8.121113E-20   1.200000E+02   9.205810E+00
  2.185000000000E+00   2.185197E-12   1.000311E-12   7.500030E+01   9.877738E-35   2.195259E-33   1.645939E-19   1.200000E+02   9.205810E+00
  2.190000000000E+00   2.190198E-12   1.000311E-12   7.500030E+01   1.100700E-34   2.453868E-33   1.839836E-19   1.200000E+02   9.205810E+00
  2.195000000000E+00   2.195200E-12   1.000311E-12   7.500030E+01   1.226269E-34   2.969393E-33   2.226361E-19   1.200000E+02   9.205810E+00
  2.200000000000E+00   2.200201E-12   1.000311E-12   7.500030E+01   1.360618E-34   2.686710E-33   2.014414E-19   1.200000E+02   9.205810E+00
  2.205000000000E+00   2.205203E-12   1.000311E-12   7.500030E+01   1.496957E-34   2.951149E-33   2.212683E-19   1.200000E+02   9.205810E+00
  2.210000000000E+00   2.210204E-12   1.000311E-12   7.500030E+01   1.636316E-34   2.651727E-33   1.988185E-19   1.200000E+02   9.205810E+00
  2.215000000000E+00   2.215206E-12   1.000311E-12   7.500030E+01   1.784740E-34   3.015660E-33   2.261051E-19   1.200000E+02   9.205810E+00
  2.220000000000E+00   2.220207E-12   1.000311E-12   7.500030E+01   1.930358E-34   2.690660E-33   2.017375E-19   1.200000E+02   9.205810E+00
  2.225000000000E+00   2.225209E-12   1.000311E-12   7.500030E+01   2.082435E-34   2.972214E-33   2.228476E-19   1.200000E+02   9.205810E+00
  2.230000000000E+00   2.230211E-12   1.000311E-12   7.500030E+01   2.209961E-34   1.853708E-33   1.389854E-19   1.200000E+02   9.205810E+00
  2.235000000000E+00   2.235213E-12   1.000533E-12   7.500051E+01   2.323173E-34   2.443336E-33   1.831538E-19   1.200000E+02   9.205810E+00
  2.240000000000E+00   2.240215E-12   1.000533E-12   7.500051E+01   2.426733E-34   2.159524E-33   1.618791E-19   1.200000E+02   9.205810E+00
  2.245000000000E+00   2.245218E-12   1.000533E-12   7.500051E+01   2.537282E-34   2.215384E-33   1.660664E-19   1.200000E+02   9.205810E+00
  2.250000000000E+00   2.250221E-12   1.000533E-12   7.500051E+01   2.662005E-34   2.196012E-33   1.646143E-19   1.200000E+02   9.205810E+00
  2.255000000000E+00   2.255223E-12   1.000533E-12   7.500051E+01   2.805370E-34   3.722461E-33   2.790378E-19   1.200000E+02   9.205810E+00
  2.260000000000E+00   2.260226E-12   1.000533E-12   7.500051E+01   3.033232E-34   5.074374E-33   3.803779E-19   1.200000E+02   9.205810E+00
  2.265000000000E+00   2.265229E-12   1.000533E-12   7.500051E+01   3.278675E-34   4.938581E-33   3.701988E-19   1.200000E+02   9.205810E+00
  2.270000000000E+00   2.270231E-12   1.000644E-12   7.500062E+01   3.534267E-34   5.334299E-33   3.998183E-19   1.200000E+02   9.205810E+00
  2.275000000000E+00   2.275235E-12   1.000755E-12   7.500072E+01   3.907777E-34   7.894808E-33   5.916696E-19   1.200000E+02   9.205810E+00
  2.280000000000E+00   2.280239E-12   1.000755E-12   7.500072E+01   4.310657E-34   7.999380E-33   5.995067E-19   1.200000E+02   9.205810E+00
  2.285000000000E+00   2.285243E-12   1.000755E-12   7.500072E+01   4.680045E-34   6.431553E-33   4.820072E-19   1.200000E+02   9.205810E+00
  2.290000000000E+00   2.290247E-12   1.000755E-12   7.500072E+01   4.993008E-34   6.854355E-33   5.136937E-19   1.200000E+02   9.205810E+00
  2.295000000000E+00   2.295250E-12   1.000755E-12   7.500072E+01   5.354466E-34   6.922063E-33   5.187681E-19   1.200000E+02   9.205810E+00
  2.300000000000E+00   2.300254E-12   1.000977E-12   7.500094E+01   5.697741E-34   8.034739E-33   6.020247E-19   1.200000E+02   9.205810E+00
  2.305000000000E+00   2.305259E-12   1.000977E-12   7.500094E+01   6.040541E-34   6.372120E-33   4.774485E-19   1.200000E+02   9.205810E+00
  2.310000000000E+00   2.310264E-12   1.000977E-12   7.500094E+01   6.462500E-34   8.693016E-33   6.513479E-19   1.200000E+02   9.205810E+00
  2.315000000000E+00   2.315269E-12   1.000977E-12   7.500094E+01   6.911438E-34   9.239950E-33   6.923284E-19   1.200000E+02   9.205810E+00
  2.320000000000E+00   2.320274E-12   1.000977E-12   7.500094E+01   7.367417E-34   9.026292E-33   6.763195E-19   1.200000E+02   9.205810E+00
  2.325000000000E+00   2.325279E-12   1.001199E-12   7.500115E+01   7.837163E-34   9.141396E-33   6.847941E-19   1.200000E+02   9.205810E+00
  2.330000000000E+00   2.330285E-12   1.001199E-12   7.500115E+01   8.274801E-34   9.355054E-33   7.007995E-19   1.200000E+02   9.205810E+00
  2.335000000000E+00   2.335291E-12   1.001199E-12   7.500115E+01   8.662176E-34   7.417840E-33   5.556802E-19   1.200000E+02   9.205810E+00
  2.340000000000E+00   2.340297E-12   1.001199E-12   7.500115E+01   9.059474E-34   7.899322E-33   5.917487E-19   1.200000E+02   9.205810E+00
  2.345000000000E+00   2.345303E-12   1.001310E-12   7.500126E+01   9.432608E-34   7.212457E-33   5.402356E-19   1.200000E+02   9.205810E+00
  2.350000000000E+00   2.350310E-12   1.001421E-12   7.500136E+01   9.789898E-34   5.852645E-33   4.383334E-19   1.200000E+02   9.205810E+00
  2.355000000000E+00   2.355317E-12   1.001421E-12   7.500136E+01   1.031787E-33   1.154806E-32   8.648908E-19   1.200000E+02   9.205810E+00
  2.360000000000E+00   2.360324E-12   1.001421E-12   7.500136E+01   1.092029E-33   1.400512E-32   1.048913E-18   1.200000E+02   9.205810E+00
  2.365000000000E+00   2.365331E-12   1.001532E-12   7.500147E+01   1.166761E-33   1.635385E-32   1.224687E-18   1.200000E+02   9.205810E+00
  2.370000000000E+00   2.370340E-12   1.001643E-12   7.500158E+01   1.247993E-33   1.603036E-32   1.200330E-18   1.200000E+02   9.205810E+00
  2.375000000000E+00   2.375348E-12   1.001643E-12   7.500158E+01   1.347224E-33   2.258604E-32   1.691210E-18   1.200000E+02   9.205810E+00
  2.380000000000E+00   2.380356E-12   1.001643E-12   7.500158E+01   1.460195E-33   2.279067E-32   1.706532E-18   1.200000E+02   9.205810E+00
  2.385000000000E+00   2.385365E-12   1.001865E-12   7.500179E+01   1.563292E-33   2.002064E-32   1.498788E-18   1.200000E+02   9.205810E+00
  2.390000000000E+00   2.390374E-12   1.001865E-12   7.500179E+01   1.641733E-33   1.281947E-32   9.596932E-19   1.200000E+02   9.205810E+00
  2.395000000000E+00   2.395384E-12   1.001865E-12   7.500179E+01   1.707185E-33   9.744002E-33   7.294569E-19   1.200000E+02   9.205810E+00
  2.400000000000E+00   2.400393E-12   1.002087E-12   7.500200E+01   1.748038E-33   5.098448E-33   3.815973E-19   1.200000E+02   9.205810E+00
  2.405000000000E+00   2.405404E-12   1.002087E-12   7.500200E+01   1.775338E-33   3.179171E-33   2.379476E-19   1.200000E+02   9.205810E+00
  2.410000000000E+00   2.410414E-12   1.002087E-12   7.500200E+01   1.795972E-33   2.167988E-33   1.622647E-19   1.200000E+02   9.205810E+00
  2.415000000000E+00   2.415425E-12   1.002309E-12   7.500221E+01   1.820889E-33   6.012889E-33   4.499409E-19   1.200000E+02   9.205810E+00
  2.420000000000E+00   2.420437E-12   1.002309E-12   7.500221E+01   1.855598E-33   6.645963E-33   4.973135E-19   1.200000E+02   9.205810E+00
  2.425000000000E+00   2.425448E-12   1.002309E-12   7.500221E+01   1.943999E-33   2.183222E-32   1.633692E-18   1.200000E+02   9.205810E+00
  2.430000000000E+00   2.430460E-12   1.002531E-12   7.500243E+01   2.061929E-33   2.682760E-32   2.007055E-18   1.200000E+02   9.205810E+00
  2.435000000000E+00   2.435473E-12   1.002531E-12   7.500243E+01   2.220102E-33   4.141351E-32   3.098271E-18   1.200000E+02   9.205810E+00
  2.440000000000E+00   2.440486E-12   1.002531E-12   7.500243E+01   2.456071E-33   5.442558E-32   4.071743E-18   1.200000E+02   9.205810E+00
  2.445000000000E+00   2.445499E-12   1.002753E-12   7.500264E+01   2.721970E-33   5.398622E-32   4.037991E-18   1.200000E+02   9.205810E+00
  2.450000000000E+00   2.450513E-12   1.002753E-12   7.500264E+01   2.982018E-33   4.545195E-32   3.399655E-18   1.200000E+02   9.205810E+00
  2.455000000000E+00   2.455527E-12   1.002975E-12   7.500285E+01   3.170019E-33   2.952089E-32   2.207583E-18   1.200000E+02   9.205810E+00
  2.460000000000E+00   2.460542E-12   1.002975E-12   7.500285E+01   3.293164E-33   2.073986E-32   1.550934E-18   1.200000E+02   9.205810E+00
  2.465000000000E+00   2.465557E-12   1.003087E-12   7.500296E+01   3.378366E-33   9.122588E-33   6.821158E-19   1.200000E+02   9.205810E+00
  2.470000000000E+00   2.470573E-12   1.003198E-12   7.500306E+01   3.420684E-33   6.761067E-33   5.054845E-19   1.200000E+02   9.205810E+00
  2.475000000000E+00   2.475589E-12   1.003198E-12   7.500306E+01   3.439484E-33  -1.958656E-33  -1.464369E-19   1.200000E+02   9.205810E+00
  2.480000000000E+00   2.480606E-12   1.003420E-12   7.500328E+01   3.442935E-33   7.581092E-33   5.666690E-19   1.200000E+02   9.205810E+00
  2.485000000000E+00   2.485623E-12   1.003420E-12   7.500328E+01   3.473491E-33   9.853840E-33   7.365516E-19   1.200000E+02   9.205810E+00
  2.490000000000E+00   2.490641E-12   1.003642E-12   7.500349E+01   3.552413E-33   1.515993E-32   1.132922E-18   1.200000E+02   9.205810E+00
  2.495000000000E+00   2.495659E-12   1.003642E-12   7.500349E+01   3.700979E-33   3.776929E-32   2.822550E-18   1.200000E+02   9.205810E+00
  2.500000000000E+00   2.500678E-12   1.003864E-12   7.500370E+01   3.911321E-33   4.504871E-32   3.365815E-18   1.200000E+02   9.205810E+00
  2.505000000000E+00   2.505697E-12   1.003864E-12   7.500370E+01   4.155276E-33   4.902094E-32   3.662601E-18   1.200000E+02   9.205810E+00
  2.510000000000E+00   2.510718E-12   1.004086E-12   7.500391E+01   4.408879E-33   4.605681E-32   3.440385E-18   1.200000E+02   9.205810E+00
  2.515000000000E+00   2.515738E-12   1.004197E-12   7.500402E+01   4.585739E-33   3.055307E-32   2.282026E-18   1.200000E+02   9.205810E+00
  2.520000000000E+00   2.520760E-12   1.004308E-12   7.500413E+01   4.695138E-33   2.006277E-32   1.498336E-18   1.200000E+02   9.205810E+00
  2.525000000000E+00   2.525781E-12   1.004530E-12   7.500434E+01   4.786729E-33   2.640725E-33   1.971726E-19   1.200000E+02   9.205810E+00
  2.530000000000E+00   2.530804E-12   1.004530E-12   7.500434E+01   4.778367E-33  -5.944616E-33  -4.438614E-19   1.200000E+02   9.205810E+00
  2.535000000000E+00   2.535828E-12   1.004752E-12   7.500455E+01   4.817037E-33   2.106937E-32   1.572825E-18   1.200000E+02   9.205810E+00
  2.540000000000E+00   2.540852E-12   1.004974E-12   7.500476E+01   4.921760E-33   1.360865E-32   1.015662E-18   1.200000E+02   9.205810E+00
  2.545000000000E+00   2.545877E-12   1.004974E-12   7.500476E+01   5.001438E-33   3.050793E-32   2.276915E-18   1.200000E+02   9.205810E+00
  2.550000000000E+00   2.550902E-12   1.005196E-12   7.500498E+01   5.124127E-33   2.140190E-32   1.596951E-18   1.200000E+02   9.205810E+00
  2.555000000000E+00   2.555929E-12   1.005418E-12   7.500519E+01   5.191289E-33   1.553082E-32   1.158615E-18   1.200000E+02   9.205810E+00
  2.560000000000E+00   2.560956E-12   1.005640E-12   7.500540E+01   5.292515E-33   1.426918E-32   1.064263E-18   1.200000E+02   9.205810E+00
  2.565000000000E+00   2.565984E-12   1.005640E-12   7.500540E+01   5.431472E-33   2.537864E-32   1.892859E-18   1.200000E+02   9.205810E+00
  2.570000000000E+00   2.571013E-12   1.005862E-12   7.500561E+01   5.579636E-33   3.575308E-32   2.666053E-18   1.200000E+02   9.205810E+00
  2.575000000000E+00   2.576043E-12   1.006084E-12   7.500582E+01   5.818891E-33   6.385661E-32   4.760654E-18   1.200000E+02   9.205810E+00
  2.580000000000E+00   2.581074E-12   1.006306E-12   7.500603E+01   6.155375E-33   6.887607E-32   5.133747E-18   1.200000E+02   9.205810E+00
  2.585000000000E+00   2.586106E-12   1.006528E-12   7.500625E+01   6.479028E-33   5.752512E-32   4.286759E-18   1.200000E+02   9.205810E+00
  2.590000000000E+00   2.591139E-12   1.006750E-12   7.500646E+01   6.819063E-33   8.318212E-32   6.197362E-18   1.200000E+02   9.205810E+00
  2.595000000000E+00   2.596174E-12   1.006972E-12   7.500667E+01   7.203093E-33   9.736780E-32   7.252666E-18   1.200000E+02   9.205810E+00
  2.600000000000E+00   2.601209E-12   1.007194E-12   7.500688E+01   7.669096E-33   9.805391E-32   7.302184E-18   1.200000E+02   9.205810E+00
  2.605000000000E+00   2.606246E-12   1.007416E-12   7.500709E+01   8.033241E-33   3.691165E-32   2.748254E-18   1.200000E+02   9.205810E+00
  2.610000000000E+00   2.611283E-12   1.007638E-12   7.500731E+01   8.138075E-33   2.981279E-32   2.219226E-18   1.200000E+02   9.205810E+00
  2.615000000000E+00   2.616322E-12   1.007971E-12   7.500762E+01   8.304310E-33   2.060143E-32   1.533044E-18   1.200000E+02   9.205810E+00
  2.620000000000E+00   2.621363E-12   1.008305E-12   7.500794E+01   8.372214E-33   1.346722E-32   1.001828E-18   1.200000E+02   9.205810E+00
  2.625000000000E+00   2.626405E-12   1.008527E-12   7.500815E+01   8.430493E-33   6.975854E-33   5.188221E-19   1.200000E+02   9.205810E+00
  2.630000000000E+00   2.631449E-12   1.008860E-12   7.500847E+01   8.423252E-33   9.679538E-33   7.196712E-19   1.200000E+02   9.205810E+00
  2.635000000000E+00   2.636494E-12   1.009193E-12   7.500878E+01   8.408824E-33  -1.067123E-32  -7.931450E-19   1.200000E+02   9.205810E+00
  2.640000000000E+00   2.641541E-12   1.009526E-12   7.500910E+01   8.331507E-33  -1.265321E-32  -9.401502E-19   1.200000E+02   9.205810E+00
  2.645000000000E+00   2.646589E-12   1.009859E-12   7.500942E+01   8.370682E-33  -1.998528E-33  -1.484450E-19   1.200000E+02   9.205810E+00
  2.650000000000E+00   2.651640E-12   1.010303E-12   7.500984E+01   8.432295E-33   1.266120E-32   9.400297E-19   1.200000E+02   9.205810E+00
  2.655000000000E+00   2.656693E-12   1.010747E-12   7.501026E+01   8.679939E-33   6.295985E-32   4.672420E-18   1.200000E+02   9.205810E+00
  2.660000000000E+00   2.661747E-12   1.011191E-12   7.501068E+01   8.907350E-33   3.462461E-32   2.568472E-18   1.200000E+02   9.205810E+00
  2.665000000000E+00   2.666804E-12   1.011635E-12   7.501111E+01   9.255594E-33   7.990804E-32   5.925051E-18   1.200000E+02   9.205810E+00
  2.670000000000E+00   2.671863E-12   1.012079E-12   7.501153E+01   9.680972E-33   9.444279E-32   6.999746E-18   1.200000E+02   9.205810E+00
  2.675000000000E+00   2.676925E-12   1.012634E-12   7.501205E+01   1.019671E-32   1.203586E-31   8.915700E-18   1.200000E+02   9.205810E+00
  2.680000000000E+00   2.681990E-12   1.013190E-12   7.501258E+01   1.071896E-32   1.193715E-31   8.837801E-18   1.200000E+02   9.205810E+00
  2.685000000000E+00   2.687057E-12   1.013745E-12   7.501311E+01   1.132091E-32   1.076474E-31   7.965486E-18   1.200000E+02   9.205810E+00
  2.690000000000E+00   2.692127E-12   1.014300E-12   7.501363E+01   1.191745E-32   1.080687E-31   7.992340E-18   1.200000E+02   9.205810E+00
  2.695000000000E+00   2.697200E-12   1.014966E-12   7.501426E+01   1.230332E-32   6.769042E-32   5.002874E-18   1.200000E+02   9.205810E+00
  2.700000000000E+00   2.702277E-12   1.015743E-12   7.501500E+01   1.253454E-32   2.549525E-32   1.882884E-18   1.200000E+02   9.205810E+00
  2.705000000000E+00   2.707357E-12   1.016409E-12   7.501562E+01   1.264681E-32   4.105240E-32   3.029854E-18   1.200000E+02   9.205810E+00
  2.710000000000E+00   2.712442E-12   1.017297E-12   7.501646E+01   1.285162E-32   7.549344E-32   5.566958E-18   1.200000E+02   9.205810E+00
  2.715000000000E+00   2.717530E-12   1.018075E-12   7.501720E+01   1.326946E-32   5.656216E-32   4.167803E-18   1.200000E+02   9.205810E+00
  2.720000000000E+00   2.722622E-12   1.019074E-12   7.501814E+01   1.382250E-32   1.139308E-31   8.386907E-18   1.200000E+02   9.205810E+00
  2.725000000000E+00   2.727720E-12   1.019962E-12   7.501897E+01   1.451579E-32   1.511614E-31   1.111804E-17   1.200000E+02   9.205810E+00
  2.730000000000E+00   2.732822E-12   1.021072E-12   7.502002E+01   1.564590E-32   2.569672E-31   1.887985E-17   1.200000E+02   9.205810E+00
  2.735000000000E+00   2.737930E-12   1.022182E-12   7.502106E+01   1.703194E-32   2.490950E-31   1.828183E-17   1.200000E+02   9.205810E+00
  2.740000000000E+00   2.743044E-12   1.023293E-12   7.502210E+01   1.828105E-32   2.610598E-31   1.913945E-17   1.200000E+02   9.205810E+00
  2.745000000000E+00   2.748164E-12   1.024625E-12   7.502335E+01   1.937089E-32   1.624883E-31   1.189744E-17   1.200000E+02   9.205810E+00
  2.750000000000E+00   2.753291E-12   1.025957E-12   7.502460E+01   2.021351E-32   1.614411E-31   1.180561E-17   1.200000E+02   9.205810E+00
  2.755000000000E+00   2.758424E-12   1.027511E-12   7.502605E+01   2.081700E-32   1.015687E-31   7.416269E-18   1.200000E+02   9.205810E+00
  2.760000000000E+00   2.763566E-12   1.029177E-12   7.502761E+01   2.110480E-32   7.968836E-32   5.809330E-18   1.200000E+02   9.205810E+00
  2.765000000000E+00   2.768716E-12   1.030953E-12   7.502926E+01   2.149377E-32   5.086562E-32   3.701827E-18   1.200000E+02   9.205810E+00
  2.770000000000E+00   2.773875E-12   1.032729E-12   7.503092E+01   2.173934E-32   2.339553E-32   1.699756E-18   1.200000E+02   9.205810E+00
  2.775000000000E+00   2.779044E-12   1.034839E-12   7.503288E+01   2.193091E-32   5.940892E-32   4.307552E-18   1.200000E+02   9.205810E+00
  2.780000000000E+00   2.784224E-12   1.037059E-12   7.503493E+01   2.218742E-32   8.367263E-32   6.054012E-18   1.200000E+02   9.205810E+00
  2.785000000000E+00   2.789415E-12   1.039391E-12   7.503709E+01   2.257072E-32   5.063691E-32   3.655648E-18   1.200000E+02   9.205810E+00
  2.790000000000E+00   2.794619E-12   1.042055E-12   7.503955E+01   2.288173E-32   9.569464E-32   6.891076E-18   1.200000E+02   9.205810E+00
  2.795000000000E+00   2.799836E-12   1.044831E-12   7.504210E+01   2.358820E-32   2.133208E-31   1.532118E-17   1.200000E+02   9.205810E+00
  2.800000000000E+00   2.805068E-12   1.047940E-12   7.504495E+01   2.461795E-32   2.204468E-31   1.578661E-17   1.200000E+02   9.205810E+00
  2.805000000000E+00   2.810315E-12   1.051270E-12   7.504800E+01   2.596672E-32   2.811135E-31   2.006811E-17   1.200000E+02   9.205810E+00
  2.810000000000E+00   2.815580E-12   1.054712E-12   7.505114E+01   2.729615E-32   3.354007E-31   2.386643E-17   1.200000E+02   9.205810E+00
  2.815000000000E+00   2.820863E-12   1.058598E-12   7.505467E+01   2.904787E-32   4.015805E-31   2.847209E-17   1.200000E+02   9.205810E+00
  2.820000000000E+00   2.826166E-12   1.062705E-12   7.505839E+01   3.072363E-32   2.854710E-31   2.016268E-17   1.200000E+02   9.205810E+00
  2.825000000000E+00   2.831491E-12   1.067146E-12   7.506239E+01   3.236659E-32   3.207877E-31   2.256400E-17   1.200000E+02   9.205810E+00
  2.830000000000E+00   2.836838E-12   1.071920E-12   7.506667E+01   3.445184E-32   4.445046E-31   3.112870E-17   1.200000E+02   9.205810E+00
  2.835000000000E+00   2.842211E-12   1.077138E-12   7.507134E+01   3.669940E-32   4.843714E-31   3.375834E-17   1.200000E+02   9.205810E+00
  2.840000000000E+00   2.847610E-12   1.082689E-12   7.507627E+01   3.897869E-32   6.010346E-31   4.167717E-17   1.200000E+02   9.205810E+00
  2.845000000000E+00   2.853038E-12   1.088685E-12   7.508157E+01   4.226760E-32   6.407087E-31   4.418673E-17   1.200000E+02   9.205810E+00
  2.850000000000E+00   2.858497E-12   1.094902E-12   7.508704E+01   4.589865E-32   6.776385E-31   4.647162E-17   1.200000E+02   9.205810E+00
  2.855000000000E+00   2.863989E-12   1.101785E-12   7.509305E+01   4.962215E-32   7.105237E-31   4.842631E-17   1.200000E+02   9.205810E+00
  2.860000000000E+00   2.869515E-12   1.109002E-12   7.509932E+01   5.259935E-32   6.230865E-31   4.219414E-17   1.200000E+02   9.205810E+00
  2.865000000000E+00   2.875079E-12   1.116551E-12   7.510583E+01   5.626016E-32   8.163054E-31   5.490952E-17   1.200000E+02   9.205810E+00
  2.870000000000E+00   2.880682E-12   1.124767E-12   7.511287E+01   6.087921E-32   9.504464E-31   6.347160E-17   1.200000E+02   9.205810E+00
  2.875000000000E+00   2.886327E-12   1.133316E-12   7.512014E+01   6.553081E-32   1.093832E-30   7.250302E-17   1.200000E+02   9.205810E+00
  2.880000000000E+00   2.892016E-12   1.142197E-12   7.512764E+01   7.026745E-32   9.790465E-31   6.439644E-17   1.200000E+02   9.205810E+00
  2.885000000000E+00   2.897750E-12   1.151634E-12   7.513553E+01   7.421127E-32   7.358978E-31   4.801183E-17   1.200000E+02   9.205810E+00
  2.890000000000E+00   2.903532E-12   1.161404E-12   7.514364E+01   7.794324E-32   9.369649E-31   6.062226E-17   1.200000E+02   9.205810E+00
  2.895000000000E+00   2.909364E-12   1.171507E-12   7.515196E+01   8.146808E-32   8.341684E-31   5.351174E-17   1.200000E+02   9.205810E+00
  2.900000000000E+00   2.915248E-12   1.181943E-12   7.516047E+01   8.556732E-32   8.599759E-31   5.468637E-17   1.200000E+02   9.205810E+00
  2.905000000000E+00   2.921185E-12   1.192824E-12   7.516927E+01   8.966541E-32   9.133241E-31   5.755579E-17   1.200000E+02   9.205810E+00
  2.910000000000E+00   2.927177E-12   1.203926E-12   7.517816E+01   9.336770E-32   8.060167E-32   5.033105E-18   1.200000E+02   9.205810E+00
  2.915000000000E+00   2.933224E-12   1.215139E-12   7.518706E+01   9.312481E-32  -1.326063E-31  -8.205051E-18   1.200000E+02   9.205810E+00
  2.920000000000E+00   2.939328E-12   1.226574E-12   7.519606E+01   9.337203E-32   2.798015E-32   1.715344E-18   1.200000E+02   9.205810E+00
  2.925000000000E+00   2.945490E-12   1.238232E-12   7.520514E+01   9.372756E-32  -2.383639E-32  -1.447725E-18   1.200000E+02   9.205810E+00
  2.930000000000E+00   2.951711E-12   1.250000E-12   7.521422E+01   9.527399E-32   7.426386E-31   4.468558E-17   1.200000E+02   9.205810E+00
  2.935000000000E+00   2.957990E-12   1.261657E-12   7.522313E+01   1.009887E-31   1.277277E-30   7.615439E-17   1.200000E+02   9.205810E+00
  2.940000000000E+00   2.964328E-12   1.273426E-12   7.523204E+01   1.098930E-31   2.061708E-30   1.218025E-16   1.200000E+02   9.205810E+00
  2.945000000000E+00   2.970724E-12   1.285194E-12   7.524087E+01   1.226315E-31   2.907962E-30   1.702448E-16   1.200000E+02   9.205810E+00
  2.950000000000E+00   2.977180E-12   1.296852E-12   7.524954E+01   1.384858E-31   3.746897E-30   2.174129E-16   1.200000E+02   9.205810E+00
  2.955000000000E+00   2.983693E-12   1.308509E-12   7.525813E+01   1.575833E-31   3.639237E-30   2.093086E-16   1.200000E+02   9.205810E+00
  2.960000000000E+00   2.990265E-12   1.320166E-12   7.526665E+01   1.767925E-31   4.438498E-30   2.530521E-16   1.200000E+02   9.205810E+00
  2.965000000000E+00   2.996894E-12   1.331601E-12   7.527493E+01   1.973780E-31   4.628395E-30   2.616414E-16   1.200000E+02   9.205810E+00
  2.970000000000E+00   3.003581E-12   1.343148E-12   7.528322E+01   2.211663E-31   4.573506E-30   2.563443E-16   1.200000E+02   9.205810E+00
  2.975000000000E+00   3.010326E-12   1.354694E-12   7.529143E+01   2.431104E-31   5.283981E-30   2.936741E-16   1.200000E+02   9.205810E+00
  2.980000000000E+00   3.017128E-12   1.366351E-12   7.529966E+01   2.646442E-31   3.772704E-30   2.079138E-16   1.200000E+02   9.205810E+00
  2.985000000000E+00   3.023989E-12   1.378009E-12   7.530781E+01   2.881244E-31   4.790173E-30   2.617817E-16   1.200000E+02   9.205810E+00
  2.990000000000E+00   3.030909E-12   1.389888E-12   7.531605E+01   3.105657E-31   4.649195E-30   2.519332E-16   1.200000E+02   9.205810E+00
  2.995000000000E+00   3.037889E-12   1.402101E-12   7.532445E+01   3.326161E-31   4.424631E-30   2.377026E-16   1.200000E+02   9.205810E+00
  3.000000000000E+00   3.044930E-12   1.414535E-12   7.533293E+01   3.529365E-31   4.314853E-30   2.297932E-16   1.200000E+02   9.205810E+00
  3.005000000000E+00   3.052034E-12   1.427303E-12   7.534155E+01   3.755408E-31   3.868808E-30   2.042188E-16   1.200000E+02   9.205810E+00
  3.010000000000E+00   3.059204E-12   1.440625E-12   7.535047E+01   3.943906E-31   4.440809E-30   2.322721E-16   1.200000E+02   9.205810E+00
  3.015000000000E+00   3.066441E-12   1.454392E-12   7.535960E+01   4.101405E-31   2.734435E-30   1.416853E-16   1.200000E+02   9.205810E+00
  3.020000000000E+00   3.073749E-12   1.468714E-12   7.536901E+01   4.255044E-31   3.671978E-30   1.884324E-16   1.200000E+02   9.205810E+00
  3.025000000000E+00   3.081129E-12   1.483480E-12   7.537862E+01   4.420719E-31   2.557635E-30   1.299586E-16   1.200000E+02   9.205810E+00
  3.030000000000E+00   3.088585E-12   1.499023E-12   7.538862E+01   4.601078E-31   5.010114E-30   2.519678E-16   1.200000E+02   9.205810E+00
  3.035000000000E+00   3.096120E-12   1.515010E-12   7.539881E+01   4.847847E-31   4.871062E-30   2.424223E-16   1.200000E+02   9.205810E+00
  3.040000000000E+00   3.103736E-12   1.531553E-12   7.540923E+01   5.134295E-31   5.758145E-30   2.835145E-16   1.200000E+02   9.205810E+00
  3.045000000000E+00   3.111436E-12   1.548650E-12   7.541989E+01   5.446141E-31   6.991126E-30   3.404707E-16   1.200000E+02   9.205810E+00
  3.050000000000E+00   3.119223E-12   1.566303E-12   7.543077E+01   5.755812E-31   6.382532E-30   3.073731E-16   1.200000E+02   9.205810E+00
  3.055000000000E+00   3.127100E-12   1.584288E-12   7.544173E+01   6.058348E-31   4.670188E-30   2.223882E-16   1.200000E+02   9.205810E+00
  3.060000000000E+00   3.135067E-12   1.602829E-12   7.545290E+01   6.295346E-31   3.640778E-30   1.713890E-16   1.200000E+02   9.205810E+00
  3.065000000000E+00   3.143127E-12   1.621481E-12   7.546401E+01   6.503893E-31   4.494350E-30   2.091679E-16   1.200000E+02   9.205810E+00
  3.070000000000E+00   3.151283E-12   1.640799E-12   7.547538E+01   6.820123E-31   9.492138E-30   4.366305E-16   1.200000E+02   9.205810E+00
  3.075000000000E+00   3.159535E-12   1.660228E-12   7.548668E+01   7.334123E-31   1.024248E-29   4.657017E-16   1.200000E+02   9.205810E+00
  3.080000000000E+00   3.167886E-12   1.679989E-12   7.549804E+01   7.739731E-31   6.228843E-30   2.799216E-16   1.200000E+02   9.205810E+00
  3.085000000000E+00   3.176336E-12   1.700196E-12   7.550951E+01   8.096267E-31   6.984963E-30   3.102179E-16   1.200000E+02   9.205810E+00
  3.090000000000E+00   3.184888E-12   1.720735E-12   7.552104E+01   8.394432E-31   5.431122E-30   2.383656E-16   1.200000E+02   9.205810E+00
  3.095000000000E+00   3.193543E-12   1.741607E-12   7.553262E+01   8.582542E-31   3.307014E-30   1.434236E-16   1.200000E+02   9.205810E+00
  3.100000000000E+00   3.202305E-12   1.763034E-12   7.554435E+01   8.707070E-31   1.449407E-30   6.210571E-17   1.200000E+02   9.205810E+00
  3.105000000000E+00   3.211175E-12   1.785017E-12   7.555625E+01   8.793032E-31   1.632900E-30   6.911744E-17   1.200000E+02   9.205810E+00
  3.110000000000E+00   3.220156E-12   1.807665E-12   7.556835E+01   8.942687E-31   3.897697E-30   1.629409E-16   1.200000E+02   9.205810E+00
  3.115000000000E+00   3.229253E-12   1.831091E-12   7.558072E+01   9.198311E-31   5.884101E-30   2.428741E-16   1.200000E+02   9.205810E+00
  3.120000000000E+00   3.238468E-12   1.855183E-12   7.559326E+01   9.481003E-31   5.895849E-30   2.402386E-16   1.200000E+02   9.205810E+00
  3.125000000000E+00   3.247805E-12   1.880163E-12   7.560610E+01   9.839700E-31   5.925316E-30   2.382720E-16   1.200000E+02   9.205810E+00
  3.130000000000E+00   3.257270E-12   1.906031E-12   7.561922E+01   1.009692E-30   4.182735E-30   1.659444E-16   1.200000E+02   9.205810E+00
  3.135000000000E+00   3.266867E-12   1.932676E-12   7.563255E+01   1.029903E-30   4.505713E-30   1.763247E-16   1.200000E+02   9.205810E+00
  3.140000000000E+00   3.276599E-12   1.960321E-12   7.564618E+01   1.043279E-30   1.301929E-30   5.023970E-17   1.200000E+02   9.205810E+00
  3.145000000000E+00   3.286471E-12   1.988854E-12   7.566006E+01   1.049482E-30   1.030998E-30   3.922129E-17   1.200000E+02   9.205810E+00
  3.150000000000E+00   3.296489E-12   2.018274E-12   7.567415E+01   1.070005E-30   8.352758E-30   3.131823E-16   1.200000E+02   9.205810E+00
  3.155000000000E+00   3.306655E-12   2.048361E-12   7.568836E+01   1.102738E-30   8.000313E-30   2.956170E-16   1.200000E+02   9.205810E+00
  3.160000000000E+00   3.316974E-12   2.079226E-12   7.570272E+01   1.134895E-30   7.992609E-30   2.910036E-16   1.200000E+02   9.205810E+00
  3.165000000000E+00   3.327448E-12   2.110867E-12   7.571721E+01   1.163506E-30   5.273196E-30   1.891506E-16   1.200000E+02   9.205810E+00
  3.170000000000E+00   3.338083E-12   2.143175E-12   7.573180E+01   1.199636E-30   8.624314E-30   3.047511E-16   1.200000E+02   9.205810E+00
  3.175000000000E+00   3.348881E-12   2.176037E-12   7.574641E+01   1.259323E-30   1.149395E-29   4.000968E-16   1.200000E+02   9.205810E+00
  3.180000000000E+00   3.359846E-12   2.209788E-12   7.576118E+01   1.320071E-30   1.283170E-29   4.399267E-16   1.200000E+02   9.205810E+00
  3.185000000000E+00   3.370980E-12   2.244316E-12   7.577606E+01   1.406625E-30   1.582190E-29   5.342035E-16   1.200000E+02   9.205810E+00
  3.190000000000E+00   3.382289E-12   2.279510E-12   7.579100E+01   1.474007E-30   1.058299E-29   3.518717E-16   1.200000E+02   9.205810E+00
  3.195000000000E+00   3.393777E-12   2.315814E-12   7.580617E+01   1.510893E-30   6.660058E-30   2.180112E-16   1.200000E+02   9.205810E+00
  3.200000000000E+00   3.405448E-12   2.353007E-12   7.582147E+01   1.527530E-30  -1.056373E-30  -3.403973E-17   1.200000E+02   9.205810E+00
  3.205000000000E+00   3.417308E-12   2.391309E-12   7.583697E+01   1.465404E-30  -1.519867E-29  -4.820041E-16   1.200000E+02   9.205810E+00
  3.210000000000E+00   3.429363E-12   2.430944E-12   7.585275E+01   1.350052E-30  -2.826033E-29  -8.818069E-16   1.200000E+02   9.205810E+00
  3.215000000000E+00   3.441620E-12   2.472023E-12   7.586884E+01   1.191968E-30  -3.399035E-29  -1.043198E-15   1.200000E+02   9.205810E+00
  3.220000000000E+00   3.454085E-12   2.514322E-12   7.588512E+01   1.077006E-30  -2.308343E-29  -6.966843E-16   1.200000E+02   9.205810E+00
  3.225000000000E+00   3.466767E-12   2.558398E-12   7.590181E+01   9.660744E-31  -2.499780E-29  -7.416275E-16   1.200000E+02   9.205810E+00
  3.230000000000E+00   3.479671E-12   2.603695E-12   7.591865E+01   9.122198E-31  -2.240723E-30  -6.533511E-17   1.200000E+02   9.205810E+00
  3.235000000000E+00   3.492806E-12   2.650657E-12   7.593582E+01   9.432710E-31   1.892650E-29   5.422048E-16   1.200000E+02   9.205810E+00
  3.240000000000E+00   3.506180E-12   2.699063E-12   7.595319E+01   1.056013E-30   3.198276E-29   9.000133E-16   1.200000E+02   9.205810E+00
  3.245000000000E+00   3.519799E-12   2.748801E-12   7.597072E+01   1.209998E-30   2.757469E-29   7.621029E-16   1.200000E+02   9.205810E+00
  3.250000000000E+00   3.533670E-12   2.799982E-12   7.598843E+01   1.374936E-30   3.903013E-29   1.059234E-15   1.200000E+02   9.205810E+00
  3.255000000000E+00   3.547801E-12   2.852496E-12   7.600627E+01   1.535236E-30   2.487685E-29   6.628569E-16   1.200000E+02   9.205810E+00
  3.260000000000E+00   3.562198E-12   2.906231E-12   7.602418E+01   1.649967E-30   1.982783E-29   5.186769E-16   1.200000E+02   9.205810E+00
  3.265000000000E+00   3.576866E-12   2.961409E-12   7.604224E+01   1.704679E-30   2.192671E-31   5.630281E-18   1.200000E+02   9.205810E+00
  3.270000000000E+00   3.591814E-12   3.018030E-12   7.606042E+01   1.668849E-30  -1.015331E-29  -2.558838E-16   1.200000E+02   9.205810E+00
  3.275000000000E+00   3.607049E-12   3.076095E-12   7.607871E+01   1.627176E-30  -5.290818E-30  -1.308538E-16   1.200000E+02   9.205810E+00
  3.280000000000E+00   3.622578E-12   3.135825E-12   7.609718E+01   1.595638E-30  -4.040023E-30  -9.803939E-17   1.200000E+02   9.205810E+00
  3.285000000000E+00   3.638410E-12   3.197220E-12   7.611579E+01   1.612834E-30   8.180773E-30   1.947585E-16   1.200000E+02   9.205810E+00
  3.290000000000E+00   3.654554E-12   3.260836E-12   7.613470E+01   1.704105E-30   3.094815E-29   7.225842E-16   1.200000E+02   9.205810E+00
  3.295000000000E+00   3.671021E-12   3.326561E-12   7.615386E+01   1.854944E-30   2.742216E-29   6.277664E-16   1.200000E+02   9.205810E+00
  3.300000000000E+00   3.687823E-12   3.394618E-12   7.617330E+01   1.995540E-30   3.610502E-29   8.101763E-16   1.200000E+02   9.205810E+00
  3.305000000000E+00   3.704972E-12   3.465339E-12   7.619310E+01   2.193825E-30   4.554131E-29   1.001326E-15   1.200000E+02   9.205810E+00
  3.310000000000E+00   3.722480E-12   3.538614E-12   7.621319E+01   2.459905E-30   5.142387E-29   1.107546E-15   1.200000E+02   9.205810E+00
  3.315000000000E+00   3.740361E-12   3.614442E-12   7.623354E+01   2.662014E-30   2.566725E-29   5.413576E-16   1.200000E+02   9.205810E+00
  3.320000000000E+00   3.758630E-12   3.693268E-12   7.625425E+01   2.711195E-30   7.993669E-30   1.650439E-16   1.200000E+02   9.205810E+00
  3.325000000000E+00   3.777298E-12   3.774536E-12   7.627515E+01   2.752240E-30  -2.553976E-30  -5.161028E-17   1.200000E+02   9.205810E+00
  3.330000000000E+00   3.796379E-12   3.858580E-12   7.629629E+01   2.730013E-30  -1.889722E-30  -3.736577E-17   1.200000E+02   9.205810E+00
  3.335000000000E+00   3.815888E-12   3.945178E-12   7.631759E+01   2.674341E-30  -1.269881E-29  -2.456525E-16   1.200000E+02   9.205810E+00
  3.340000000000E+00   3.835835E-12   4.034328E-12   7.633905E+01   2.597450E-30  -5.959501E-30  -1.127679E-16   1.200000E+02   9.205810E+00
  3.345000000000E+00   3.856235E-12   4.126033E-12   7.636062E+01   2.452214E-30  -3.838764E-29  -7.104412E-16   1.200000E+02   9.205810E+00
  3.350000000000E+00   3.877100E-12   4.220402E-12   7.638233E+01   2.309507E-30  -1.736553E-29  -3.142876E-16   1.200000E+02   9.205810E+00
  3.355000000000E+00   3.898444E-12   4.317546E-12   7.640418E+01   2.272181E-30  -3.746704E-30  -6.630244E-17   1.200000E+02   9.205810E+00
  3.360000000000E+00   3.920280E-12   4.417577E-12   7.642617E+01   2.235810E-30  -7.579979E-30  -1.311372E-16   1.200000E+02   9.205810E+00
  3.365000000000E+00   3.942625E-12   4.520717E-12   7.644832E+01   2.228806E-30   3.475995E-29   5.878139E-16   1.200000E+02   9.205810E+00
  3.370000000000E+00   3.965493E-12   4.627410E-12   7.647072E+01   2.355175E-30   3.098898E-29   5.121115E-16   1.200000E+02   9.205810E+00
  3.375000000000E+00   3.988905E-12   4.737877E-12   7.649337E+01   2.517386E-30   4.792484E-29   7.737500E-16   1.200000E+02   9.205810E+00
  3.380000000000E+00   4.012878E-12   4.852452E-12   7.651630E+01   2.766491E-30   5.142926E-29   8.109668E-16   1.200000E+02   9.205810E+00
  3.385000000000E+00   4.037436E-12   4.971468E-12   7.653957E+01   3.061408E-30   6.323907E-29   9.736140E-16   1.200000E+02   9.205810E+00
  3.390000000000E+00   4.062600E-12   5.095258E-12   7.656318E+01   3.370539E-30   6.850302E-29   1.029351E-15   1.200000E+02   9.205810E+00
  3.395000000000E+00   4.088396E-12   5.223821E-12   7.658710E+01   3.768518E-30   9.042164E-29   1.325683E-15   1.200000E+02   9.205810E+00
  3.400000000000E+00   4.114847E-12   5.357603E-12   7.661138E+01   4.064565E-30   2.383762E-29   3.408675E-16   1.200000E+02   9.205810E+00
  3.405000000000E+00   4.141980E-12   5.496381E-12   7.663593E+01   4.106425E-30  -2.190745E-32  -3.054552E-19   1.200000E+02   9.205810E+00
  3.410000000000E+00   4.169820E-12   5.640377E-12   7.666075E+01   4.006641E-30  -3.743546E-29  -5.088011E-16   1.200000E+02   9.205810E+00
  3.415000000000E+00   4.198392E-12   5.789369E-12   7.668578E+01   3.576125E-30  -1.039848E-28  -1.377379E-15   1.200000E+02   9.205810E+00
  3.420000000000E+00   4.227722E-12   5.943357E-12   7.671098E+01   3.141545E-30  -1.054377E-28  -1.360886E-15   1.200000E+02   9.205810E+00
  3.425000000000E+00   4.257834E-12   6.102341E-12   7.673633E+01   2.661184E-30  -7.741314E-29  -9.734625E-16   1.200000E+02   9.205810E+00
  3.430000000000E+00   4.288753E-12   6.266321E-12   7.676178E+01   2.126025E-30  -9.049560E-29  -1.108562E-15   1.200000E+02   9.205810E+00
  3.435000000000E+00   4.320506E-12   6.435630E-12   7.678738E+01   1.529347E-30  -1.435203E-28  -1.712427E-15   1.200000E+02   9.205810E+00
  3.440000000000E+00   4.353118E-12   6.610157E-12   7.681306E+01   8.936391E-31  -1.125190E-28  -1.307522E-15   1.200000E+02   9.205810E+00
  3.445000000000E+00   4.386616E-12   6.790457E-12   7.683890E+01   3.864401E-31  -1.056041E-28  -1.194987E-15   1.200000E+02   9.205810E+00
  3.450000000000E+00   4.421032E-12   6.976975E-12   7.686491E+01  -1.770439E-31  -1.001915E-28  -1.103804E-15   1.200000E+02   9.205810E+00
  3.455000000000E+00   4.456396E-12   7.170153E-12   7.689113E+01  -6.976304E-31  -5.386730E-29  -5.776609E-16   1.200000E+02   9.205810E+00
  3.460000000000E+00   4.492745E-12   7.370549E-12   7.691759E+01  -5.763860E-31   1.344869E-28   1.403479E-15   1.200000E+02   9.205810E+00
  3.465000000000E+00   4.530114E-12   7.578715E-12   7.694433E+01   3.057392E-31   1.615717E-28   1.640387E-15   1.200000E+02   9.205810E+00
  3.470000000000E+00   4.568545E-12   7.795431E-12   7.697140E+01   1.194397E-30   1.754538E-28   1.732415E-15   1.200000E+02   9.205810E+00
  3.475000000000E+00   4.608082E-12   8.020806E-12   7.699876E+01   2.017617E-30   1.910461E-28   1.834019E-15   1.200000E+02   9.205810E+00
  3.480000000000E+00   4.648769E-12   8.255618E-12   7.702646E+01   2.710460E-30   1.401522E-28   1.307646E-15   1.200000E+02   9.205810E+00
  3.485000000000E+00   4.690653E-12   8.499978E-12   7.705446E+01   3.237241E-30   1.306458E-28   1.184338E-15   1.200000E+02   9.205810E+00
  3.490000000000E+00   4.733784E-12   8.754109E-12   7.708274E+01   3.668850E-30   5.913221E-29   5.206782E-16   1.200000E+02   9.205810E+00
  3.495000000000E+00   4.778210E-12   9.018009E-12   7.711125E+01   4.069596E-30   1.039671E-28   8.890026E-16   1.200000E+02   9.205810E+00
  3.500000000000E+00   4.823980E-12   9.291790E-12   7.713997E+01   4.137838E-30  -1.425881E-28  -1.183760E-15   1.200000E+02   9.205810E+00
  3.505000000000E+00   4.871143E-12   9.575229E-12   7.716881E+01   3.282302E-30  -1.722059E-28  -1.387844E-15   1.200000E+02   9.205810E+00
  3.510000000000E+00   4.919748E-12   9.868328E-12   7.719776E+01   2.421006E-30  -1.968948E-28  -1.540264E-15   1.200000E+02   9.205810E+00
  3.515000000000E+00   4.969842E-12   1.017109E-11   7.722677E+01   1.303147E-30  -2.203726E-28  -1.673240E-15   1.200000E+02   9.205810E+00
  3.520000000000E+00   5.021474E-12   1.048350E-11   7.725581E+01   3.142464E-31  -1.737913E-28  -1.280716E-15   1.200000E+02   9.205810E+00
  3.525000000000E+00   5.074693E-12   1.080569E-11   7.728487E+01  -6.217740E-31  -1.776324E-29  -1.270469E-16   1.200000E+02   9.205810E+00
  3.530000000000E+00   5.129547E-12   1.113798E-11   7.731395E+01  -1.626593E-31   5.973387E-29   4.146409E-16   1.200000E+02   9.205810E+00
  3.535000000000E+00   5.186089E-12   1.148071E-11   7.734304E+01   7.011912E-31   2.339312E-28   1.575944E-15   1.200000E+02   9.205810E+00
  3.540000000000E+00   5.244371E-12   1.183431E-11   7.737216E+01   1.520687E-30   5.816463E-29   3.802775E-16   1.200000E+02   9.205810E+00
  3.545000000000E+00   5.304450E-12   1.219935E-11   7.740133E+01   1.768912E-30  -9.293768E-29  -5.896624E-16   1.200000E+02   9.205810E+00
  3.550000000000E+00   5.366383E-12   1.257627E-11   7.743054E+01   1.041857E-30  -3.256670E-28  -2.005091E-15   1.200000E+02   9.205810E+00
  3.555000000000E+00   5.430233E-12   1.296574E-11   7.745982E+01  -1.144249E-30  -4.764627E-28  -2.846480E-15   1.200000E+02   9.205810E+00
  3.560000000000E+00   5.496061E-12   1.336775E-11   7.748913E+01  -4.318268E-30  -6.960095E-28  -4.034573E-15   1.200000E+02   9.205810E+00
  3.565000000000E+00   5.563932E-12   1.378264E-11   7.751847E+01  -8.035455E-30  -7.194473E-28  -4.046427E-15   1.200000E+02   9.205810E+00
  3.570000000000E+00   5.633907E-12   1.420986E-11   7.754778E+01  -1.176311E-29  -6.587851E-28  -3.595204E-15   1.200000E+02   9.205810E+00
  3.575000000000E+00   5.706049E-12   1.464873E-11   7.757698E+01  -1.525014E-29  -7.150993E-28  -3.787035E-15   1.200000E+02   9.205810E+00
  3.580000000000E+00   5.780412E-12   1.509826E-11   7.760600E+01  -1.883893E-29  -4.830417E-28  -2.482865E-15   1.200000E+02   9.205810E+00
  3.585000000000E+00   5.857047E-12   1.555700E-11   7.763473E+01  -2.004287E-29   2.200989E-29   1.098368E-16   1.200000E+02   9.205810E+00
  3.590000000000E+00   5.935994E-12   1.602296E-11   7.766306E+01  -1.972474E-29   3.758645E-29   1.821810E-16   1.200000E+02   9.205810E+00
  3.595000000000E+00   6.017285E-12   1.649403E-11   7.769088E+01  -1.849577E-29   3.347944E-28   1.576963E-15   1.200000E+02   9.205810E+00
  3.600000000000E+00   6.100939E-12   1.696765E-11   7.771806E+01  -1.672291E-29   4.549262E-28   2.083729E-15   1.200000E+02   9.205810E+00
  3.605000000000E+00   6.186961E-12   1.744116E-11   7.774448E+01  -1.499419E-29   3.646741E-28   1.625545E-15   1.200000E+02   9.205810E+00
  3.610000000000E+00   6.275346E-12   1.791189E-11   7.777005E+01  -1.473996E-29  -3.257518E-28  -1.414352E-15   1.200000E+02   9.205810E+00
  3.615000000000E+00   6.366071E-12   1.837686E-11   7.779465E+01  -1.623688E-29  -2.803800E-28  -1.186931E-15   1.200000E+02   9.205810E+00
  3.620000000000E+00   6.459100E-12   1.883316E-11   7.781819E+01  -1.886095E-29  -5.635024E-28  -2.328380E-15   1.200000E+02   9.205810E+00
  3.625000000000E+00   6.554383E-12   1.927747E-11   7.784058E+01  -2.216643E-29  -6.398401E-28  -2.583614E-15   1.200000E+02   9.205810E+00
  3.630000000000E+00   6.651851E-12   1.970679E-11   7.786172E+01  -2.523636E-29  -5.473400E-28  -2.162546E-15   1.200000E+02   9.205810E+00
  3.635000000000E+00   6.751420E-12   2.011702E-11   7.788150E+01  -2.763043E-29  -3.253389E-28  -1.259525E-15   1.200000E+02   9.205810E+00
  3.640000000000E+00   6.852984E-12   2.050415E-11   7.789980E+01  -2.876728E-29  -2.592240E-28  -9.848492E-16   1.200000E+02   9.205810E+00
  3.645000000000E+00   6.956416E-12   2.086320E-11   7.791647E+01  -2.887629E-29   2.175893E-28   8.126168E-16   1.200000E+02   9.205810E+00
  3.650000000000E+00   7.061563E-12   2.118883E-11   7.793134E+01  -2.853489E-29  -1.583118E-28  -5.822621E-16   1.200000E+02   9.205810E+00
  3.655000000000E+00   7.168240E-12   2.147460E-11   7.794420E+01  -3.052717E-29  -6.748628E-28  -2.449482E-15   1.200000E+02   9.205810E+00
  3.660000000000E+00   7.276234E-12   2.171385E-11   7.795483E+01  -3.478733E-29  -9.586262E-28  -3.441561E-15   1.200000E+02   9.205810E+00
  3.665000000000E+00   7.385293E-12   2.189926E-11   7.796299E+01  -4.012134E-29  -1.178167E-27  -4.194362E-15   1.200000E+02   9.205810E+00
  3.670000000000E+00   7.495128E-12   2.202327E-11   7.796842E+01  -4.694897E-29  -1.454721E-27  -5.150111E-15   1.200000E+02   9.205810E+00
  3.675000000000E+00   7.605416E-12   2.207867E-11   7.797083E+01  -5.488045E-29  -1.632326E-27  -5.764558E-15   1.200000E+02   9.205810E+00
  3.680000000000E+00   7.715795E-12   2.205858E-11   7.796995E+01  -6.237465E-29  -1.218405E-27  -4.306668E-15   1.200000E+02   9.205810E+00
  3.685000000000E+00   7.825872E-12   2.195710E-11   7.796553E+01  -6.746155E-29  -8.432122E-28  -2.994087E-15   1.200000E+02   9.205810E+00
  3.690000000000E+00   7.935228E-12   2.176936E-11   7.795728E+01  -6.869409E-29  -7.034305E-29  -2.519023E-16   1.200000E+02   9.205810E+00
  3.695000000000E+00   8.043422E-12   2.149203E-11   7.794497E+01  -6.941477E-29  -1.230733E-28  -4.463491E-16   1.200000E+02   9.205810E+00
  3.700000000000E+00   8.150001E-12   2.112321E-11   7.792836E+01  -6.865111E-29   2.503013E-28   9.234186E-16   1.200000E+02   9.205810E+00
  3.705000000000E+00   8.254508E-12   2.066314E-11   7.790722E+01  -6.881153E-29   7.826306E-29   2.950790E-16   1.200000E+02   9.205810E+00
  3.710000000000E+00   8.356489E-12   2.011336E-11   7.788133E+01  -6.982875E-29  -4.190608E-28  -1.622654E-15   1.200000E+02   9.205810E+00
  3.715000000000E+00   8.455504E-12   1.947775E-11   7.785050E+01  -7.137154E-29  -2.709733E-28  -1.083052E-15   1.200000E+02   9.205810E+00
  3.720000000000E+00   8.551137E-12   1.876166E-11   7.781454E+01  -7.588624E-29  -1.127800E-27  -4.677584E-15   1.200000E+02   9.205810E+00
  3.725000000000E+00   8.643003E-12   1.797207E-11   7.777327E+01  -8.237732E-29  -1.470320E-27  -6.362738E-15   1.200000E+02   9.205810E+00
  3.730000000000E+00   8.730755E-12   1.711786E-11   7.772652E+01  -8.880912E-29  -1.415198E-27  -6.425943E-15   1.200000E+02   9.205810E+00
  3.735000000000E+00   8.814094E-12   1.620903E-11   7.767415E+01  -9.625635E-29  -1.452558E-27  -6.960698E-15   1.200000E+02   9.205810E+00
  3.740000000000E+00   8.892776E-12   1.525702E-11   7.761604E+01  -1.035464E-28  -1.521953E-27  -7.742533E-15   1.200000E+02   9.205810E+00
  3.745000000000E+00   8.966615E-12   1.427403E-11   7.755210E+01  -1.098794E-28  -9.104256E-28  -4.946426E-15   1.200000E+02   9.205810E+00
  3.750000000000E+00   9.035487E-12   1.327294E-11   7.748230E+01  -1.128923E-28  -1.041416E-28  -6.079384E-16   1.200000E+02   9.205810E+00
  3.755000000000E+00   9.099336E-12   1.226674E-11   7.740662E+01  -1.133953E-28  -1.963694E-28  -1.239146E-15   1.200000E+02   9.205810E+00
  3.760000000000E+00   9.158167E-12   1.126810E-11   7.732510E+01  -1.140641E-28   7.825155E-29   5.369858E-16   1.200000E+02   9.205810E+00
  3.765000000000E+00   9.212049E-12   1.028921E-11   7.723785E+01  -1.132461E-28   2.136488E-28   1.603794E-15   1.200000E+02   9.205810E+00
  3.770000000000E+00   9.261108E-12   9.340972E-12   7.714503E+01  -1.128235E-28  -5.158189E-29  -4.260035E-16   1.200000E+02   9.205810E+00
  3.775000000000E+00   9.305522E-12   8.432921E-12   7.704686E+01  -1.130264E-28  -7.892461E-29  -7.210898E-16   1.200000E+02   9.205810E+00
  3.780000000000E+00   9.345514E-12   7.572942E-12   7.694360E+01  -1.134610E-28  -1.858615E-28  -1.888414E-15   1.200000E+02   9.205810E+00
  3.785000000000E+00   9.381339E-12   6.767031E-12   7.683558E+01  -1.141539E-28  -1.950551E-28  -2.214734E-15   1.200000E+02   9.205810E+00
  3.790000000000E+00   9.413279E-12   6.019851E-12   7.672326E+01  -1.157374E-28  -2.184806E-28  -2.784544E-15   1.200000E+02   9.205810E+00
  3.795000000000E+00   9.441636E-12   5.333733E-12   7.660709E+01  -1.171682E-28  -3.200618E-28  -4.596969E-15   1.200000E+02   9.205810E+00
  3.800000000000E+00   9.466717E-12   4.709788E-12   7.648766E+01  -1.188005E-28  -2.843104E-28  -4.617243E-15   1.200000E+02   9.205810E+00
  3.805000000000E+00   9.488833E-12   4.147571E-12   7.636562E+01  -1.200901E-28  -2.340575E-28  -4.309497E-15   1.200000E+02   9.205810E+00
  3.810000000000E+00   9.508288E-12   3.645306E-12   7.624170E+01  -1.216241E-28  -3.134983E-28  -6.556826E-15   1.200000E+02   9.205810E+00
  3.815000000000E+00   9.525377E-12   3.200107E-12   7.611666E+01  -1.231065E-28  -3.252634E-28  -7.736604E-15   1.200000E+02   9.205810E+00
  3.820000000000E+00   9.540376E-12   2.808864E-12   7.599147E+01  -1.248081E-28  -3.930869E-28  -1.063464E-14   1.200000E+02   9.205810E+00
  3.825000000000E+00   9.553545E-12   2.467360E-12   7.586702E+01  -1.268245E-28  -3.731928E-28  -1.147503E-14   1.200000E+02   9.205810E+00
  3.830000000000E+00   9.565122E-12   2.171152E-12   7.574425E+01  -1.285645E-28  -3.337251E-28  -1.164256E-14   1.200000E+02   9.205810E+00
  3.835000000000E+00   9.575323E-12   1.915912E-12   7.562419E+01  -1.302464E-28  -3.198708E-28  -1.262582E-14   1.200000E+02   9.205810E+00
  3.840000000000E+00   9.584340E-12   1.697420E-12   7.550795E+01  -1.318762E-28  -3.010983E-28  -1.339404E-14   1.200000E+02   9.205810E+00
  3.845000000000E+00   9.592348E-12   1.511236E-12   7.539641E+01  -1.332311E-28  -2.326400E-28  -1.160654E-14   1.200000E+02   9.205810E+00
  3.850000000000E+00   9.599498E-12   1.353473E-12   7.529057E+01  -1.341994E-28  -1.587706E-28  -8.832040E-15   1.200000E+02   9.205810E+00
  3.855000000000E+00   9.605922E-12   1.220690E-12   7.519144E+01  -1.348138E-28  -9.166810E-29  -5.646524E-15   1.200000E+02   9.205810E+00
  3.860000000000E+00   9.611739E-12   1.109668E-12   7.509990E+01  -1.350715E-28  -2.587371E-29  -1.751076E-15   1.200000E+02   9.205810E+00
  3.865000000000E+00   9.617050E-12   1.017741E-12   7.501688E+01  -1.350558E-28   3.917187E-29   2.887327E-15   1.200000E+02   9.205810E+00
  3.870000000000E+00   9.621944E-12   9.426904E-13   7.494334E+01  -1.347863E-28   6.040949E-29   4.802520E-15   1.200000E+02   9.205810E+00
  3.875000000000E+00   9.626500E-12   8.822942E-13   7.487978E+01  -1.343854E-28   9.917461E-29   8.416889E-15   1.200000E+02   9.205810E+00
  3.880000000000E+00   9.630788E-12   8.352208E-13   7.482714E+01  -1.338843E-28   9.719013E-29   8.707230E-15   1.200000E+02   9.205810E+00
  3.885000000000E+00   9.634871E-12   8.001377E-13   7.478595E+01  -1.334508E-28   7.677835E-29   7.176192E-15   1.200000E+02   9.205810E+00
  3.890000000000E+00   9.638807E-12   7.761569E-13   7.475674E+01  -1.332120E-28   2.559792E-29   2.465503E-15   1.200000E+02   9.205810E+00
  3.895000000000E+00   9.642649E-12   7.626122E-13   7.473983E+01  -1.332017E-28  -2.513262E-29  -2.463123E-15   1.200000E+02   9.205810E+00
  3.900000000000E+00   9.646450E-12   7.593925E-13   7.473577E+01  -1.334134E-28  -6.355261E-29  -6.254543E-15   1.200000E+02   9.205810E+00
  3.905000000000E+00   9.650259E-12   7.661649E-13   7.474430E+01  -1.338419E-28  -1.061881E-28  -1.035933E-14   1.200000E+02   9.205810E+00
  3.910000000000E+00   9.654128E-12   7.833734E-13   7.476562E+01  -1.344402E-28  -1.321465E-28  -1.261214E-14   1.200000E+02   9.205810E+00
  3.915000000000E+00   9.658109E-12   8.111289E-13   7.479904E+01  -1.350731E-28  -1.225076E-28  -1.129716E-14   1.200000E+02   9.205810E+00
  3.920000000000E+00   9.662258E-12   8.504308E-13   7.484447E+01  -1.356656E-28  -1.199069E-28  -1.055273E-14   1.200000E+02   9.205810E+00
  3.925000000000E+00   9.666633E-12   9.020562E-13   7.490104E+01  -1.362801E-28  -1.260945E-28  -1.047009E-14   1.200000E+02   9.205810E+00
  3.930000000000E+00   9.671300E-12   9.671153E-13   7.496790E+01  -1.369063E-28  -1.164556E-28  -9.027291E-15   1.200000E+02   9.205810E+00
  3.935000000000E+00   9.676329E-12   1.047051E-12   7.504414E+01  -1.374943E-28  -1.095284E-28  -7.850107E-15   1.200000E+02   9.205810E+00
  3.940000000000E+00   9.681797E-12   1.143419E-12   7.512866E+01  -1.380448E-28  -1.048014E-28  -6.886007E-15   1.200000E+02   9.205810E+00
  3.945000000000E+00   9.687792E-12   1.257772E-12   7.522017E+01  -1.385552E-28  -9.248162E-29  -5.530799E-15   1.200000E+02   9.205810E+00
  3.950000000000E+00   9.694407E-12   1.391776E-12   7.531736E+01  -1.389555E-28  -6.243711E-29  -3.378848E-15   1.200000E+02   9.205810E+00
  3.955000000000E+00   9.701743E-12   1.546763E-12   7.541872E+01  -1.392572E-28  -5.138997E-29  -2.505728E-15   1.200000E+02   9.205810E+00
  3.960000000000E+00   9.709910E-12   1.724176E-12   7.552296E+01  -1.393984E-28  -7.036192E-30  -3.082017E-16   1.200000E+02   9.205810E+00
  3.965000000000E+00   9.719021E-12   1.924461E-12   7.562846E+01  -1.394564E-28  -2.310153E-31  -9.078560E-18   1.200000E+02   9.205810E+00
  3.970000000000E+00   9.729191E-12   2.147504E-12   7.573373E+01  -1.394522E-28   2.802710E-30   9.884015E-17   1.200000E+02   9.205810E+00
  3.975000000000E+00   9.740531E-12   2.392198E-12   7.583732E+01  -1.394256E-28   7.293689E-30   2.312242E-16   1.200000E+02   9.205810E+00
  3.980000000000E+00   9.753142E-12   2.655542E-12   7.593758E+01  -1.394042E-28  -2.865687E-30  -8.194687E-17   1.200000E+02   9.205810E+00
  3.985000000000E+00   9.767110E-12   2.933542E-12   7.603316E+01  -1.393293E-28   1.579917E-29   4.094917E-16   1.200000E+02   9.205810E+00
  3.990000000000E+00   9.782492E-12   3.220091E-12   7.612263E+01  -1.392770E-28  -1.579725E-29  -3.734454E-16   1.200000E+02   9.205810E+00
  3.995000000000E+00   9.799314E-12   3.508194E-12   7.620490E+01  -1.394434E-28  -3.781371E-29  -8.213884E-16   1.200000E+02   9.205810E+00
  4.000000000000E+00   9.817562E-12   3.789191E-12   7.627887E+01  -1.398934E-28  -1.343097E-28  -2.703742E-15   1.200000E+02   9.205810E+00
  4.005000000000E+00   9.837180E-12   4.053979E-12   7.634371E+01  -1.408656E-28  -2.444421E-28  -4.603284E-15   1.200000E+02   9.205810E+00
  4.010000000000E+00   9.858062E-12   4.293788E-12   7.639888E+01  -1.423456E-28  -3.644229E-28  -6.484136E-15   1.200000E+02   9.205810E+00
  4.015000000000E+00   9.880064E-12   4.500289E-12   7.644398E+01  -1.446249E-28  -5.359077E-28  -9.103175E-15   1.200000E+02   9.205810E+00
  4.020000000000E+00   9.903002E-12   4.667267E-12   7.647895E+01  -1.476794E-28  -6.881332E-28  -1.127592E-14   1.200000E+02   9.205810E+00
  4.025000000000E+00   9.926666E-12   4.789835E-12   7.650384E+01  -1.513093E-28  -7.446970E-28  -1.189439E-14   1.200000E+02   9.205810E+00
  4.030000000000E+00   9.950826E-12   4.865885E-12   7.651896E+01  -1.550957E-28  -7.565916E-28  -1.189785E-14   1.200000E+02   9.205810E+00
  4.035000000000E+00   9.975250E-12   4.895750E-12   7.652483E+01  -1.587664E-28  -7.299552E-28  -1.140983E-14   1.200000E+02   9.205810E+00
  4.040000000000E+00   9.999713E-12   4.881762E-12   7.652209E+01  -1.622327E-28  -6.311997E-28  -9.894116E-15   1.200000E+02   9.205810E+00
  4.045000000000E+00   1.002401E-11   4.828582E-12   7.651157E+01  -1.650824E-28  -5.197977E-28  -8.236484E-15   1.200000E+02   9.205810E+00
  4.050000000000E+00   1.004795E-11   4.741874E-12   7.649418E+01  -1.674501E-28  -4.081924E-28  -6.584811E-15   1.200000E+02   9.205810E+00
  4.055000000000E+00   1.007138E-11   4.628631E-12   7.647097E+01  -1.690503E-28  -2.715346E-28  -4.486102E-15   1.200000E+02   9.205810E+00
  4.060000000000E+00   1.009420E-11   4.496514E-12   7.644317E+01  -1.701139E-28  -1.585487E-28  -2.695414E-15   1.200000E+02   9.205810E+00
  4.065000000000E+00   1.011633E-11   4.353184E-12   7.641207E+01  -1.706714E-28  -7.936372E-29  -1.393083E-15   1.200000E+02   9.205810E+00
  4.070000000000E+00   1.013773E-11   4.205747E-12   7.637899E+01  -1.709334E-28  -3.120353E-29  -5.666757E-16   1.200000E+02   9.205810E+00
  4.075000000000E+00   1.015839E-11   4.061085E-12   7.634539E+01  -1.710268E-28  -1.650329E-30  -3.102497E-17   1.200000E+02   9.205810E+00
  4.080000000000E+00   1.017835E-11   3.924860E-12   7.631264E+01  -1.709930E-28   6.074961E-30   1.181179E-16   1.200000E+02   9.205810E+00
  4.085000000000E+00   1.019766E-11   3.801848E-12   7.628207E+01  -1.709750E-28   1.085993E-29   2.178988E-16   1.200000E+02   9.205810E+00
  4.090000000000E+00   1.021640E-11   3.696043E-12   7.625497E+01  -1.709212E-28   1.411880E-29   2.912922E-16   1.200000E+02   9.205810E+00
  4.095000000000E+00   1.023465E-11   3.610001E-12   7.623236E+01  -1.708663E-28   5.644612E-30   1.191972E-16   1.200000E+02   9.205810E+00
  4.100000000000E+00   1.025253E-11   3.545608E-12   7.621508E+01  -1.708573E-28  -6.162928E-30  -1.324760E-16   1.200000E+02   9.205810E+00
  4.105000000000E+00   1.027014E-11   3.503975E-12   7.620374E+01  -1.709714E-28  -3.461744E-29  -7.528530E-16   1.200000E+02   9.205810E+00
  4.110000000000E+00   1.028761E-11   3.485767E-12   7.619874E+01  -1.712103E-28  -6.211509E-29  -1.357834E-15   1.200000E+02   9.205810E+00
  4.115000000000E+00   1.030504E-11   3.491096E-12   7.620021E+01  -1.716284E-28  -1.021821E-28  -2.230331E-15   1.200000E+02   9.205810E+00
  4.120000000000E+00   1.032256E-11   3.519629E-12   7.620802E+01  -1.722674E-28  -1.533225E-28  -3.319783E-15   1.200000E+02   9.205810E+00
  4.125000000000E+00   1.034027E-11   3.571143E-12   7.622197E+01  -1.731889E-28  -2.153405E-28  -4.596197E-15   1.200000E+02   9.205810E+00
  4.130000000000E+00   1.035830E-11   3.644973E-12   7.624162E+01  -1.743957E-28  -2.663083E-28  -5.570351E-15   1.200000E+02   9.205810E+00
  4.135000000000E+00   1.037676E-11   3.740563E-12   7.626647E+01  -1.758029E-28  -2.926489E-28  -5.966828E-15   1.200000E+02   9.205810E+00
  4.140000000000E+00   1.039574E-11   3.856915E-12   7.629587E+01  -1.772651E-28  -2.859991E-28  -5.657514E-15   1.200000E+02   9.205810E+00
  4.145000000000E+00   1.041536E-11   3.992917E-12   7.632914E+01  -1.785728E-28  -2.370404E-28  -4.531296E-15   1.200000E+02   9.205810E+00
  4.150000000000E+00   1.043570E-11   4.147460E-12   7.636560E+01  -1.795867E-28  -1.615778E-28  -2.975071E-15   1.200000E+02   9.205810E+00
  4.155000000000E+00   1.045686E-11   4.318657E-12   7.640443E+01  -1.801238E-28  -5.972540E-29  -1.056645E-15   1.200000E+02   9.205810E+00
  4.160000000000E+00   1.047891E-11   4.503842E-12   7.644473E+01  -1.801686E-28   3.673288E-29   6.234755E-16   1.200000E+02   9.205810E+00
  4.165000000000E+00   1.050192E-11   4.700129E-12   7.648569E+01  -1.797797E-28   1.155265E-28   1.879975E-15   1.200000E+02   9.205810E+00
  4.170000000000E+00   1.052592E-11   4.903966E-12   7.652644E+01  -1.790722E-28   1.531469E-28   2.389858E-15   1.200000E+02   9.205810E+00
  4.175000000000E+00   1.055096E-11   5.111356E-12   7.656621E+01  -1.783875E-28   1.055425E-28   1.580987E-15   1.200000E+02   9.205810E+00
  4.180000000000E+00   1.057704E-11   5.317857E-12   7.660423E+01  -1.780996E-28   1.072512E-29   1.544963E-16   1.200000E+02   9.205810E+00
  4.185000000000E+00   1.060413E-11   5.519918E-12   7.664003E+01  -1.783800E-28  -1.324346E-28  -1.838758E-15   1.200000E+02   9.205810E+00
  4.190000000000E+00   1.063222E-11   5.714207E-12   7.667324E+01  -1.794786E-28  -3.092766E-28  -4.149874E-15   1.200000E+02   9.205810E+00
  4.195000000000E+00   1.066126E-11   5.898837E-12   7.670377E+01  -1.815173E-28  -5.024674E-28  -6.533685E-15   1.200000E+02   9.205810E+00
  4.200000000000E+00   1.069119E-11   6.073031E-12   7.673170E+01  -1.844361E-28  -6.562460E-28  -8.291555E-15   1.200000E+02   9.205810E+00
  4.205000000000E+00   1.072198E-11   6.237899E-12   7.675742E+01  -1.879752E-28  -7.569490E-28  -9.314266E-15   1.200000E+02   9.205810E+00
  4.210000000000E+00   1.075356E-11   6.395773E-12   7.678141E+01  -1.919270E-28  -8.027523E-28  -9.637061E-15   1.200000E+02   9.205810E+00
  4.215000000000E+00   1.078593E-11   6.549983E-12   7.680428E+01  -1.958195E-28  -7.669207E-28  -8.992817E-15   1.200000E+02   9.205810E+00
  4.220000000000E+00   1.081906E-11   6.705303E-12   7.682678E+01  -1.995217E-28  -7.572941E-28  -8.676785E-15   1.200000E+02   9.205810E+00
  4.225000000000E+00   1.085299E-11   6.866507E-12   7.684959E+01  -2.032686E-28  -7.555808E-28  -8.456421E-15   1.200000E+02   9.205810E+00
  4.230000000000E+00   1.088775E-11   7.038592E-12   7.687335E+01  -2.067651E-28  -6.450787E-28  -7.045352E-15   1.200000E+02   9.205810E+00
  4.235000000000E+00   1.092340E-11   7.226664E-12   7.689867E+01  -2.098211E-28  -5.508591E-28  -5.861672E-15   1.200000E+02   9.205810E+00
  4.240000000000E+00   1.096005E-11   7.435830E-12   7.692606E+01  -2.123407E-28  -4.844161E-28  -5.011440E-15   1.200000E+02   9.205810E+00
  4.245000000000E+00   1.099780E-11   7.670864E-12   7.695593E+01  -2.146202E-28  -4.186448E-28  -4.199944E-15   1.200000E+02   9.205810E+00
  4.250000000000E+00   1.103681E-11   7.937317E-12   7.698871E+01  -2.165887E-28  -3.245762E-28  -3.148256E-15   1.200000E+02   9.205810E+00
  4.255000000000E+00   1.107723E-11   8.240186E-12   7.702466E+01  -2.177322E-28  -1.011059E-28  -9.450818E-16   1.200000E+02   9.205810E+00
  4.260000000000E+00   1.111928E-11   8.585577E-12   7.706408E+01  -2.173084E-28   2.654825E-28   2.382969E-15   1.200000E+02   9.205810E+00
  4.265000000000E+00   1.116317E-11   8.979262E-12   7.710712E+01  -2.153295E-28   4.814270E-28   4.134132E-15   1.200000E+02   9.205810E+00
  4.270000000000E+00   1.120916E-11   9.427348E-12   7.715387E+01  -2.115384E-28   9.318912E-28   7.626643E-15   1.200000E+02   9.205810E+00
  4.275000000000E+00   1.125754E-11   9.935386E-12   7.720426E+01  -2.065100E-28   1.133753E-27   8.809984E-15   1.200000E+02   9.205810E+00
  4.280000000000E+00   1.130861E-11   1.050793E-11   7.725804E+01  -2.002136E-28   1.262670E-27   9.283605E-15   1.200000E+02   9.205810E+00
  4.285000000000E+00   1.136272E-11   1.114764E-11   7.731478E+01  -1.938304E-28   1.226839E-27   8.508778E-15   1.200000E+02   9.205810E+00
  4.290000000000E+00   1.142020E-11   1.185463E-11   7.737381E+01  -1.884171E-28   8.892065E-28   5.803749E-15   1.200000E+02   9.205810E+00
  4.295000000000E+00   1.148137E-11   1.262590E-11   7.743432E+01  -1.855313E-28   1.944095E-28   1.192309E-15   1.200000E+02   9.205810E+00
  4.300000000000E+00   1.154655E-11   1.345424E-11   7.749532E+01  -1.855459E-28  -2.704976E-28  -1.558045E-15   1.200000E+02   9.205810E+00
  4.305000000000E+00   1.161599E-11   1.432954E-11   7.755583E+01  -1.891171E-28  -1.365031E-27  -7.387966E-15   1.200000E+02   9.205810E+00
  4.310000000000E+00   1.168990E-11   1.523814E-11   7.761485E+01  -1.985853E-28  -2.488203E-27  -1.267356E-14   1.200000E+02   9.205810E+00
  4.315000000000E+00   1.176840E-11   1.616429E-11   7.767149E+01  -2.136367E-28  -3.335403E-27  -1.602704E-14   1.200000E+02   9.205810E+00
  4.320000000000E+00   1.185154E-11   1.709233E-11   7.772508E+01  -2.321910E-28  -3.692017E-27  -1.678896E-14   1.200000E+02   9.205810E+00
  4.325000000000E+00   1.193930E-11   1.800715E-11   7.777514E+01  -2.509193E-28  -3.772333E-27  -1.629318E-14   1.200000E+02   9.205810E+00
  4.330000000000E+00   1.203158E-11   1.889711E-11   7.782145E+01  -2.679499E-28  -2.949317E-27  -1.214578E-14   1.200000E+02   9.205810E+00
  4.335000000000E+00   1.212822E-11   1.975342E-11   7.786399E+01  -2.805149E-28  -2.054403E-27  -8.098043E-15   1.200000E+02   9.205810E+00
  4.340000000000E+00   1.222905E-11   2.057177E-11   7.790296E+01  -2.856384E-28  -2.925084E-28  -1.107696E-15   1.200000E+02   9.205810E+00
  4.345000000000E+00   1.233388E-11   2.135214E-11   7.793871E+01  -2.809497E-28   1.946564E-27   7.105266E-15   1.200000E+02   9.205810E+00
  4.350000000000E+00   1.244251E-11   2.209766E-11   7.797165E+01  -2.671677E-28   3.425061E-27   1.208534E-14   1.200000E+02   9.205810E+00
  4.355000000000E+00   1.255481E-11   2.281519E-11   7.800233E+01  -2.449722E-28   5.019695E-27   1.716172E-14   1.200000E+02   9.205810E+00
  4.360000000000E+00   1.267064E-11   2.351441E-11   7.803131E+01  -2.174850E-28   5.847530E-27   1.940471E-14   1.200000E+02   9.205810E+00
  4.365000000000E+00   1.278994E-11   2.420852E-11   7.805924E+01  -1.904794E-28   4.902795E-27   1.580883E-14   1.200000E+02   9.205810E+00
  4.370000000000E+00   1.291274E-11   2.491440E-11   7.808683E+01  -1.686502E-28   3.083571E-27   9.664541E-15   1.200000E+02   9.205810E+00
  4.375000000000E+00   1.303914E-11   2.565304E-11   7.811488E+01  -1.584743E-28   7.830477E-28   2.384422E-15   1.200000E+02   9.205810E+00
  4.380000000000E+00   1.316936E-11   2.645040E-11   7.814426E+01  -1.594381E-28  -1.191328E-27  -3.519623E-15   1.200000E+02   9.205810E+00
  4.385000000000E+00   1.330379E-11   2.733713E-11   7.817592E+01  -1.724803E-28  -3.736390E-27  -1.068494E-14   1.200000E+02   9.205810E+00
  4.390000000000E+00   1.344293E-11   2.834799E-11   7.821077E+01  -1.962249E-28  -5.496388E-27  -1.516428E-14   1.200000E+02   9.205810E+00
  4.395000000000E+00   1.358753E-11   2.952205E-11   7.824973E+01  -2.273608E-28  -6.528859E-27  -1.730508E-14   1.200000E+02   9.205810E+00
  4.400000000000E+00   1.373848E-11   3.089984E-11   7.829352E+01  -2.595450E-28  -6.108631E-27  -1.547795E-14   1.200000E+02   9.205810E+00
  4.405000000000E+00   1.389692E-11   3.252298E-11   7.834267E+01  -2.864239E-28  -4.772202E-27  -1.149547E-14   1.200000E+02   9.205810E+00
  4.410000000000E+00   1.406417E-11   3.443223E-11   7.839743E+01  -3.071175E-28  -3.627324E-27  -8.258915E-15   1.200000E+02   9.205810E+00
  4.415000000000E+00   1.424176E-11   3.666534E-11   7.845776E+01  -3.212817E-28  -1.822737E-27  -3.900356E-15   1.200000E+02   9.205810E+00
  4.420000000000E+00   1.443139E-11   3.925582E-11   7.852330E+01  -3.262727E-28   6.406941E-28   1.281578E-15   1.200000E+02   9.205810E+00
  4.425000000000E+00   1.463493E-11   4.223144E-11   7.859344E+01  -3.149772E-28   3.236197E-27   6.022619E-15   1.200000E+02   9.205810E+00
  4.430000000000E+00   1.485436E-11   4.561407E-11   7.866741E+01  -3.008954E-28   3.334361E-27   5.750540E-15   1.200000E+02   9.205810E+00
  4.435000000000E+00   1.509175E-11   4.941891E-11   7.874432E+01  -2.830496E-28   2.741803E-27   4.368802E-15   1.200000E+02   9.205810E+00
  4.440000000000E+00   1.534924E-11   5.365586E-11   7.882329E+01  -2.706000E-28   2.696394E-27   3.961146E-15   1.200000E+02   9.205810E+00
  4.445000000000E+00   1.562901E-11   5.833056E-11   7.890348E+01  -2.616287E-28  -4.207359E-28  -5.691274E-16   1.200000E+02   9.205810E+00
  4.450000000000E+00   1.593325E-11   6.344547E-11   7.898417E+01  -2.759237E-28  -6.284454E-27  -7.823607E-15   1.200000E+02   9.205810E+00
  4.455000000000E+00   1.626417E-11   6.900125E-11   7.906476E+01  -3.205767E-28  -1.139868E-26  -1.306113E-14   1.200000E+02   9.205810E+00
  4.460000000000E+00   1.662396E-11   7.499545E-11   7.914473E+01  -3.864752E-28  -1.547582E-26  -1.633206E-14   1.200000E+02   9.205810E+00
  4.465000000000E+00   1.701482E-11   8.142276E-11   7.922367E+01  -4.728539E-28  -1.948077E-26  -1.895463E-14   1.200000E+02   9.205810E+00
  4.470000000000E+00   1.743887E-11   8.827206E-11   7.930121E+01  -5.837505E-28  -2.402286E-26  -2.158148E-14   1.200000E+02   9.205810E+00
  4.475000000000E+00   1.789818E-11   9.552570E-11   7.937702E+01  -7.143327E-28  -2.739184E-26  -2.276123E-14   1.200000E+02   9.205810E+00
  4.480000000000E+00   1.839473E-11   1.031604E-10   7.945083E+01  -8.616926E-28  -3.042950E-26  -2.343583E-14   1.200000E+02   9.205810E+00
  4.485000000000E+00   1.893036E-11   1.111509E-10   7.952245E+01  -1.010215E-27  -2.917171E-26  -2.087078E-14   1.200000E+02   9.205810E+00
  4.490000000000E+00   1.950678E-11   1.194775E-10   7.959180E+01  -1.152227E-27  -2.973591E-26  -1.980904E-14   1.200000E+02   9.205810E+00
  4.495000000000E+00   2.012566E-11   1.281376E-10   7.965898E+01  -1.298176E-27  -2.655441E-26  -1.650801E-14   1.200000E+02   9.205810E+00
  4.500000000000E+00   2.078873E-11   1.371577E-10   7.972429E+01  -1.430753E-27  -2.626378E-26  -1.526608E-14   1.200000E+02   9.205810E+00
  4.505000000000E+00   2.149793E-11   1.466069E-10   7.978824E+01  -1.565422E-27  -2.479263E-26  -1.349295E-14   1.200000E+02   9.205810E+00
  4.510000000000E+00   2.225567E-11   1.566053E-10   7.985158E+01  -1.682178E-27  -2.242709E-26  -1.143537E-14   1.200000E+02   9.205810E+00
  4.515000000000E+00   2.306513E-11   1.673285E-10   7.991516E+01  -1.798065E-27  -2.306797E-26  -1.101713E-14   1.200000E+02   9.205810E+00
  4.520000000000E+00   2.393049E-11   1.790077E-10   7.997993E+01  -1.892881E-27  -1.769446E-26  -7.905814E-15   1.200000E+02   9.205810E+00
  4.525000000000E+00   2.485719E-11   1.919231E-10   8.004681E+01  -1.951935E-27  -6.093464E-27  -2.541446E-15   1.200000E+02   9.205810E+00
  4.530000000000E+00   2.585221E-11   2.063982E-10   8.011662E+01  -1.965241E-27   1.574861E-27   6.113062E-16   1.200000E+02   9.205810E+00
  4.535000000000E+00   2.692424E-11   2.227912E-10   8.018999E+01  -1.933533E-27   1.291171E-26   4.647356E-15   1.200000E+02   9.205810E+00
  4.540000000000E+00   2.808381E-11   2.414923E-10   8.026736E+01  -1.836678E-27   2.004499E-26   6.662568E-15   1.200000E+02   9.205810E+00
  4.545000000000E+00   2.934353E-11   2.629247E-10   8.034899E+01  -1.705553E-27   3.017312E-26   9.220814E-15   1.200000E+02   9.205810E+00
  4.550000000000E+00   3.071817E-11   2.875544E-10   8.043496E+01  -1.576009E-27   1.642061E-26   4.593187E-15   1.200000E+02   9.205810E+00
  4.555000000000E+00   3.222502E-11   3.159069E-10   8.052523E+01  -1.481486E-27   1.323100E-26   3.372607E-15   1.200000E+02   9.205810E+00
  4.560000000000E+00   3.388417E-11   3.485933E-10   8.061975E+01  -1.454382E-27  -1.432581E-26  -3.313153E-15   1.200000E+02   9.205810E+00
  4.565000000000E+00   3.571905E-11   3.863430E-10   8.071846E+01  -1.582492E-27  -4.317590E-26  -9.020721E-15   1.200000E+02   9.205810E+00
  4.570000000000E+00   3.775710E-11   4.300409E-10   8.082133E+01  -1.908055E-27  -7.885462E-26  -1.481984E-14   1.200000E+02   9.205810E+00
  4.575000000000E+00   4.003068E-11   4.807666E-10   8.092837E+01  -2.430825E-27  -1.334343E-25  -2.246124E-14   1.200000E+02   9.205810E+00
  4.580000000000E+00   4.257810E-11   5.398317E-10   8.103961E+01  -3.247897E-27  -1.931755E-25  -2.899953E-14   1.200000E+02   9.205810E+00
  4.585000000000E+00   4.544485E-11   6.088152E-10   8.115505E+01  -4.345520E-27  -2.430545E-25  -3.239916E-14   1.200000E+02   9.205810E+00
  4.590000000000E+00   4.868511E-11   6.895987E-10   8.127467E+01  -5.684760E-27  -2.574204E-25  -3.033903E-14   1.200000E+02   9.205810E+00
  4.595000000000E+00   5.236326E-11   7.844092E-10   8.139833E+01  -6.947043E-27  -2.161205E-25  -2.242687E-14   1.200000E+02   9.205810E+00
  4.600000000000E+00   5.655583E-11   8.958803E-10   8.152589E+01  -7.851632E-27  -1.530126E-25  -1.392428E-14   1.200000E+02   9.205810E+00
  4.605000000000E+00   6.135371E-11   1.027156E-09   8.165717E+01  -8.303586E-27  -1.560681E-26  -1.240715E-15   1.200000E+02   9.205810E+00
  4.610000000000E+00   6.686514E-11   1.182064E-09   8.179202E+01  -8.149888E-27   7.293501E-26   5.046684E-15   1.200000E+02   9.205810E+00
  4.615000000000E+00   7.321974E-11   1.365395E-09   8.193043E+01  -7.302267E-27   2.034168E-25   1.220601E-14   1.200000E+02   9.205810E+00
  4.620000000000E+00   8.057435E-11   1.583336E-09   8.207260E+01  -6.112165E-27   2.356501E-25   1.221498E-14   1.200000E+02   9.205810E+00
  4.625000000000E+00   8.912142E-11   1.844084E-09   8.221895E+01  -5.110030E-27   1.558977E-25   6.950738E-15   1.200000E+02   9.205810E+00
  4.630000000000E+00   9.910115E-11   2.158710E-09   8.237018E+01  -4.269133E-27   1.978727E-25   7.550256E-15   1.200000E+02   9.205810E+00
  4.635000000000E+00   1.108185E-10   2.542308E-09   8.252719E+01  -3.299378E-27   1.917348E-25   6.224004E-15   1.200000E+02   9.205810E+00
  4.640000000000E+00   1.246672E-10   3.015520E-09   8.269107E+01  -2.433271E-27   2.184109E-25   5.989226E-15   1.200000E+02   9.205810E+00
  4.645000000000E+00   1.411616E-10   3.606519E-09   8.286288E+01  -1.284284E-27   9.164591E-26   2.105643E-15   1.200000E+02   9.205810E+00
  4.650000000000E+00   1.609813E-10   4.353617E-09   8.304361E+01  -9.605346E-28   7.101623E-26   1.354608E-15   1.200000E+02   9.205810E+00
  4.655000000000E+00   1.850294E-10   5.308693E-09   8.323402E+01  -6.218279E-28   7.531135E-26   1.180793E-15   1.200000E+02   9.205810E+00
  4.660000000000E+00   2.145118E-10   6.541979E-09   8.343456E+01   6.598291E-28   4.065396E-25   5.184892E-15   1.200000E+02   9.205810E+00
  4.665000000000E+00   2.510454E-10   8.149250E-09   8.364545E+01   3.516134E-27   6.391529E-25   6.560387E-15   1.200000E+02   9.205810E+00
  4.670000000000E+00   2.968122E-10   1.026352E-08   8.386690E+01   6.445973E-27   7.025049E-25   5.740417E-15   1.200000E+02   9.205810E+00
  4.675000000000E+00   3.547906E-10   1.307486E-08   8.409931E+01   9.952463E-27   7.594262E-25   4.884734E-15   1.200000E+02   9.205810E+00
  4.680000000000E+00   4.291166E-10   1.686400E-08   8.434362E+01   1.292369E-26  -1.839868E-25  -9.201914E-16   1.200000E+02   9.205810E+00
  4.685000000000E+00   5.256647E-10   2.205826E-08   8.460138E+01   5.351009E-27  -2.524682E-24  -9.683066E-15   1.200000E+02   9.205810E+00
  4.690000000000E+00   6.529891E-10   2.932308E-08   8.487468E+01  -1.305166E-26  -4.778918E-24  -1.383242E-14   1.200000E+02   9.205810E+00
  4.695000000000E+00   8.238585E-10   3.971345E-08   8.516587E+01  -4.011404E-26  -6.103502E-24  -1.308902E-14   1.200000E+02   9.205810E+00
  4.700000000000E+00   1.057775E-09   5.492496E-08   8.547717E+01  -8.074467E-26  -9.792180E-24  -1.523912E-14   1.200000E+02   9.205810E+00
  4.705000000000E+00   1.385110E-09   7.770021E-08   8.581019E+01  -1.360958E-25  -1.253036E-23  -1.383822E-14   1.200000E+02   9.205810E+00
  4.710000000000E+00   1.853795E-09   1.124584E-07   8.616512E+01  -2.037779E-25  -1.375110E-23  -1.053604E-14   1.200000E+02   9.205810E+00
  4.715000000000E+00   2.539853E-09   1.662105E-07   8.654017E+01  -2.713902E-25  -9.431702E-24  -4.910767E-15   1.200000E+02   9.205810E+00
  4.720000000000E+00   3.563398E-09   2.498891E-07   8.693162E+01  -3.069821E-25  -7.476704E-24  -2.601002E-15   1.200000E+02   9.205810E+00
  4.725000000000E+00   5.115286E-09   3.823066E-07   8.733982E+01  -3.243846E-25   3.380528E-24   7.722981E-16   1.200000E+02   9.205810E+00
  4.730000000000E+00   7.537139E-09   6.125922E-07   8.779244E+01  -3.669317E-25  -1.496937E-23  -2.145306E-15   1.200000E+02   9.205810E+00
  4.735000000000E+00   1.164171E-08   1.106630E-06   8.836016E+01  -3.943670E-25  -2.190692E-23  -1.749183E-15   1.200000E+02   9.205810E+00
  4.740000000000E+00   1.992942E-08   2.491073E-06   8.913909E+01  -9.803718E-25  -3.098334E-22  -1.108690E-14   1.200000E+02   9.205810E+00
  4.745000000000E+00   4.212049E-08   7.729549E-06   9.022614E+01  -3.885532E-24  -1.199739E-21  -1.400442E-14   1.200000E+02   9.205809E+00
  4.750000000000E+00   1.289445E-07   3.587371E-05   9.169969E+01  -1.594590E-23  -4.740101E-21  -1.211655E-14   1.200000E+02   9.205807E+00
  4.755000000000E+00   6.594600E-07   2.607431E-04   9.360384E+01  -7.663218E-23  -3.171741E-20  -1.138619E-14   1.200000E+02   9.205796E+00
  4.760000000000E+00   5.719065E-06   2.822847E-03   9.589016E+01  -4.283424E-22  -6.568523E-20  -2.231282E-15   1.200000E+02   9.205686E+00
  4.765000000000E+00   6.134265E-05   2.793395E-02   9.808657E+01   1.795854E-21   1.341606E-18   4.710881E-15   1.200000E+02   9.204478E+00
  4.770000000000E+00   4.212169E-04   1.377121E-01   9.959217E+01   2.877628E-20   1.492672E-17   1.079487E-14   1.200000E+02   9.196664E+00
  4.775000000000E+00   1.670061E-03   3.905343E-01   1.005029E+02   2.041775E-19   6.675889E-17   1.718021E-14   1.200000E+02   9.169545E+00
  4.780000000000E+00   4.586214E-03   8.042486E-01   1.009864E+02   8.602322E-19   2.156069E-16   2.707294E-14   1.200000E+02   9.106222E+00
  4.785000000000E+00   9.941747E-03   1.360202E+00   1.011053E+02   2.581685E-18   4.416868E-16   3.283107E-14   1.200000E+02   8.989928E+00
  4.790000000000E+00   1.834453E-02   2.013244E+00   1.008767E+02   5.267610E-18   6.237198E-16   3.125246E-14   1.200000E+02   8.807464E+00
  4.795000000000E+00   3.013252E-02   2.702586E+00   1.003107E+02   9.137536E-18   8.801361E-16   3.266762E-14   1.200000E+02   8.551491E+00
  4.800000000000E+00   4.532381E-02   3.363058E+00   9.942680E+01   1.433316E-17   1.146018E-15   3.388134E-14   1.200000E+02   8.221616E+00
  4.805000000000E+00   6.362150E-02   3.935605E+00   9.826029E+01   2.013427E-17   1.128483E-15   2.817484E-14   1.200000E+02   7.824287E+00
  4.810000000000E+00   8.446745E-02   4.376267E+00   9.686127E+01   2.524825E-17   9.394087E-16   2.079222E-14   1.200000E+02   7.371623E+00
  4.815000000000E+00   1.071371E-01   4.663527E+00   9.529009E+01   3.004781E-17   9.962528E-16   2.035648E-14   1.200000E+02   6.879358E+00
  4.820000000000E+00   1.308630E-01   4.801872E+00   9.360989E+01   3.577231E-17   1.219309E-15   2.376976E-14   1.200000E+02   6.364157E+00
  4.825000000000E+00   1.549618E-01   4.819571E+00   9.187831E+01   4.240168E-17   1.541329E-15   2.938325E-14   1.200000E+02   5.840858E+00
  4.830000000000E+00   1.789370E-01   4.761474E+00   9.014045E+01   5.192264E-17   2.306135E-15   4.365792E-14   1.200000E+02   5.320242E+00
  4.835000000000E+00   2.025376E-01   4.678910E+00   8.842441E+01   6.498756E-17   2.800812E-15   5.293116E-14   1.200000E+02   4.807762E+00
  4.840000000000E+00   2.257633E-01   4.619105E+00   8.673981E+01   7.885593E-17   2.720901E-15   5.109441E-14   1.200000E+02   4.303422E+00
  4.845000000000E+00   2.488212E-01   4.616423E+00   8.507909E+01   9.228745E-17   2.762534E-15   5.091256E-14   1.200000E+02   3.802727E+00
  4.850000000000E+00   2.720461E-01   4.687085E+00   8.342148E+01   1.050412E-16   2.293491E-15   4.081992E-14   1.200000E+02   3.298405E+00
  4.855000000000E+00   2.958056E-01   4.828050E+00   8.173926E+01   1.152981E-16   1.754184E-15   2.969847E-14   1.200000E+02   2.782477E+00
  4.860000000000E+00   3.204084E-01   5.019676E+00   8.000524E+01   1.227682E-16   1.102919E-15   1.757868E-14   1.200000E+02   2.248241E+00
  4.865000000000E+00   3.460339E-01   5.230859E+00   7.819985E+01   1.258701E-16   6.294867E-17   9.410647E-16   1.200000E+02   1.691814E+00
  4.870000000000E+00   3.726901E-01   5.425325E+00   7.631595E+01   1.247193E-16  -3.178894E-16  -4.471628E-15   1.200000E+02   1.113074E+00
  4.875000000000E+00   4.002046E-01   5.568498E+00   7.436110E+01   1.238841E-16   1.762549E-16   2.353688E-15   1.200000E+02   5.159638E-01
  4.880000000000E+00   4.282502E-01   5.634112E+00   7.235785E+01   1.265870E-16   7.908789E-16   1.015711E-14   1.200000E+02  -9.159634E-02
  4.885000000000E+00   4.563995E-01   5.608869E+00   7.034616E+01   1.330242E-16   1.814188E-15   2.275345E-14   1.200000E+02  -6.970082E-01
  4.890000000000E+00   4.841937E-01   5.493227E+00   6.840084E+01   1.445537E-16   2.711057E-15   3.375767E-14   1.200000E+02  -1.277673E+00
  4.895000000000E+00   5.112017E-01   5.296202E+00   6.668541E+01   1.601202E-16   3.489038E-15   4.393109E-14   1.200000E+02  -1.784457E+00
  4.900000000000E+00   5.370360E-01   5.023962E+00   6.547399E+01   1.782834E-16   3.685288E-15   4.802793E-14   1.200000E+02  -2.134536E+00
  4.905000000000E+00   5.613203E-01   4.676695E+00   6.487980E+01   1.964829E-16   3.370002E-15   4.675203E-14   1.200000E+02  -2.293002E+00
  4.910000000000E+00   5.837039E-01   4.268623E+00   6.467525E+01   2.099741E-16   1.857626E-15   2.814548E-14   1.200000E+02  -2.328259E+00
  4.915000000000E+00   6.039703E-01   3.838321E+00   6.462696E+01   2.146671E-16   1.819710E-16   3.063900E-15   1.200000E+02  -2.312059E+00
  4.920000000000E+00   6.221310E-01   3.435217E+00   6.463489E+01   2.118368E-16  -1.164322E-15  -2.190715E-14   1.200000E+02  -2.277541E+00
  4.925000000000E+00   6.384390E-01   3.104416E+00   6.466768E+01   2.026055E-16  -2.449840E-15  -5.103229E-14   1.200000E+02  -2.238337E+00
  4.930000000000E+00   6.533426E-01   2.877592E+00   6.471579E+01   1.883347E-16  -3.106439E-15  -6.986244E-14   1.200000E+02  -2.201859E+00
  4.935000000000E+00   6.674050E-01   2.768811E+00   6.477328E+01   1.726117E-16  -3.192967E-15  -7.469594E-14   1.200000E+02  -2.173363E+00
  4.940000000000E+00   6.812141E-01   2.773999E+00   6.483092E+01   1.561077E-16  -3.387000E-15  -7.915733E-14   1.200000E+02  -2.156522E+00
  4.945000000000E+00   6.952954E-01   2.872745E+00   6.487630E+01   1.400550E-16  -3.191160E-15  -7.206717E-14   1.200000E+02  -2.152963E+00
  4.950000000000E+00   7.100381E-01   3.031574E+00   6.489885E+01   1.259694E-16  -2.219790E-15  -4.752047E-14   1.200000E+02  -2.161742E+00
  4.955000000000E+00   7.256409E-01   3.208904E+00   6.489521E+01   1.179755E-16  -8.382072E-16  -1.695147E-14   1.200000E+02  -2.179300E+00
  4.960000000000E+00   7.420875E-01   3.361652E+00   6.487041E+01   1.174341E-16   5.078965E-16   9.800974E-15   1.200000E+02  -2.200241E+00
  4.965000000000E+00   7.591574E-01   3.452353E+00   6.483461E+01   1.223734E-16   1.472562E-15   2.765447E-14   1.200000E+02  -2.218747E+00
  4.970000000000E+00   7.764698E-01   3.455425E+00   6.479813E+01   1.316292E-16   2.090300E-15   3.919851E-14   1.200000E+02  -2.230009E+00
  4.975000000000E+00   7.935551E-01   3.361366E+00   6.476821E+01   1.422605E-16   2.136558E-15   4.116810E-14   1.200000E+02  -2.231039E+00
  4.980000000000E+00   8.099398E-01   3.178112E+00   6.474843E+01   1.532119E-16   2.205237E-15   4.492783E-14   1.200000E+02  -2.220774E+00
  4.985000000000E+00   8.252307E-01   2.929315E+00   6.473979E+01   1.634497E-16   1.817905E-15   4.017691E-14   1.200000E+02  -2.199777E+00
  4.990000000000E+00   8.391837E-01   2.649923E+00   6.474252E+01   1.698342E-16   9.397877E-16   2.296075E-14   1.200000E+02  -2.169933E+00
  4.995000000000E+00   8.517449E-01   2.379829E+00   6.475768E+01   1.734612E-16   4.754213E-16   1.293672E-14   1.200000E+02  -2.134236E+00
  5.000000000000E+00   8.630577E-01   2.156729E+00   6.478793E+01   1.750924E-16   1.180241E-16   3.545431E-15   1.200000E+02  -2.096613E+00
  5.005000000000E+00   8.734345E-01   2.009543E+00   6.483611E+01   1.744905E-16  -1.962565E-16  -6.332039E-15   1.200000E+02  -2.061617E+00
  5.010000000000E+00   8.833003E-01   1.953713E+00   6.490105E+01   1.742059E-16  -2.348004E-17  -7.799911E-16   1.200000E+02  -2.033875E+00
  5.015000000000E+00   8.931189E-01   1.989320E+00   6.497335E+01   1.740527E-16  -5.010286E-17  -1.636414E-15   1.200000E+02  -2.017297E+00
  5.020000000000E+00   9.033176E-01   2.102059E+00   6.503661E+01   1.725249E-16  -5.152229E-16  -1.594073E-14   1.200000E+02  -2.014178E+00
  5.025000000000E+00   9.142224E-01   2.266382E+00   6.507479E+01   1.690898E-16  -7.985171E-16  -2.292787E-14   1.200000E+02  -2.024457E+00
  5.030000000000E+00   9.260123E-01   2.449940E+00   6.507993E+01   1.650016E-16  -8.585694E-16  -2.280694E-14   1.200000E+02  -2.045453E+00
  5.035000000000E+00   9.386979E-01   2.618693E+00   6.505484E+01   1.607957E-16  -9.204346E-16  -2.286588E-14   1.200000E+02  -2.072308E+00
  5.040000000000E+00   9.521262E-01   2.742152E+00   6.501007E+01   1.556589E-16  -1.172412E-15  -2.779518E-14   1.200000E+02  -2.099148E+00
  5.045000000000E+00   9.660106E-01   2.798066E+00   6.495850E+01   1.495493E-16  -1.116496E-15  -2.592000E-14   1.200000E+02  -2.120546E+00
  5.050000000000E+00   9.799811E-01   2.775834E+00   6.491063E+01   1.446645E-16  -7.618763E-16  -1.781586E-14   1.200000E+02  -2.132672E+00
  5.055000000000E+00   9.936472E-01   2.677969E+00   6.487270E+01   1.415914E-16  -6.191347E-16  -1.499828E-14   1.200000E+02  -2.133721E+00
  5.060000000000E+00   1.006663E+00   2.519313E+00   6.484720E+01   1.387108E-16  -5.425316E-16  -1.396478E-14   1.200000E+02  -2.123730E+00
  5.065000000000E+00   1.018782E+00   2.324153E+00   6.483470E+01   1.360913E-16  -4.937952E-16  -1.377494E-14   1.200000E+02  -2.104155E+00
  5.070000000000E+00   1.029893E+00   2.121787E+00   6.483565E+01   1.350841E-16   9.952857E-17   3.041304E-15   1.200000E+02  -2.077493E+00
  5.075000000000E+00   1.040035E+00   1.941383E+00   6.485144E+01   1.363561E-16   5.210972E-16   1.740713E-14   1.200000E+02  -2.047001E+00
  5.080000000000E+00   1.049381E+00   1.807059E+00   6.488403E+01   1.410659E-16   1.186085E-15   4.258741E-14   1.200000E+02  -2.016415E+00
  5.085000000000E+00   1.058204E+00   1.734118E+00   6.493347E+01   1.474556E-16   1.250565E-15   4.682701E-14   1.200000E+02  -1.989575E+00
  5.090000000000E+00   1.066828E+00   1.727112E+00   6.499477E+01   1.532470E-16   1.160769E-15   4.368213E-14   1.200000E+02  -1.969916E+00
  5.095000000000E+00   1.075572E+00   1.779944E+00   6.505698E+01   1.592847E-16   1.113283E-15   4.069053E-14   1.200000E+02  -1.959877E+00
  5.100000000000E+00   1.084700E+00   1.877636E+00   6.510663E+01   1.636315E-16   6.601870E-16   2.289184E-14   1.200000E+02  -1.960374E+00
  5.105000000000E+00   1.094386E+00   1.999180E+00   6.513331E+01   1.658769E-16   2.323052E-16   7.568506E-15   1.200000E+02  -1.970487E+00
  5.110000000000E+00   1.104692E+00   2.120935E+00   6.513354E+01   1.640641E-16  -7.178486E-16  -2.204500E-14   1.200000E+02  -1.987535E+00
  5.115000000000E+00   1.115560E+00   2.220202E+00   6.511096E+01   1.586381E-16  -1.406273E-15  -4.124119E-14   1.200000E+02  -2.007587E+00
  5.120000000000E+00   1.126828E+00   2.278594E+00   6.507378E+01   1.507976E-16  -1.795298E-15  -5.127144E-14   1.200000E+02  -2.026316E+00
  5.125000000000E+00   1.138261E+00   2.284787E+00   6.503128E+01   1.406243E-16  -2.318034E-15  -6.597759E-14   1.200000E+02  -2.039921E+00
  5.130000000000E+00   1.149588E+00   2.236211E+00   6.499112E+01   1.289030E-16  -2.224770E-15  -6.465861E-14   1.200000E+02  -2.045811E+00
  5.135000000000E+00   1.160546E+00   2.139398E+00   6.495835E+01   1.183283E-16  -1.975491E-15  -5.998164E-14   1.200000E+02  -2.042878E+00
  5.140000000000E+00   1.170928E+00   2.008855E+00   6.493588E+01   1.095829E-16  -1.356000E-15  -4.383246E-14   1.200000E+02  -2.031428E+00
  5.145000000000E+00   1.180612E+00   1.864639E+00   6.492563E+01   1.053024E-16  -3.386559E-16  -1.179180E-14   1.200000E+02  -2.012951E+00
  5.150000000000E+00   1.189588E+00   1.729011E+00   6.492968E+01   1.061227E-16   7.226460E-16   2.713759E-14   1.200000E+02  -1.989862E+00
  5.155000000000E+00   1.197950E+00   1.622728E+00   6.495045E+01   1.113804E-16   1.379379E-15   5.521032E-14   1.200000E+02  -1.965232E+00
  5.160000000000E+00   1.205888E+00   1.561643E+00   6.498909E+01   1.185948E-16   1.423120E-15   5.922431E-14   1.200000E+02  -1.942469E+00
  5.165000000000E+00   1.213653E+00   1.554246E+00   6.504275E+01   1.258985E-16   1.449644E-15   6.066533E-14   1.200000E+02  -1.924911E+00
  5.170000000000E+00   1.221517E+00   1.600532E+00   6.510274E+01   1.327452E-16   1.317873E-15   5.360541E-14   1.200000E+02  -1.915316E+00
  5.175000000000E+00   1.229731E+00   1.692225E+00   6.515615E+01   1.388198E-16   1.145676E-15   4.411225E-14   1.200000E+02  -1.915335E+00
  5.180000000000E+00   1.238487E+00   1.814076E+00   6.519061E+01   1.436824E-16   7.422553E-16   2.667368E-14   1.200000E+02  -1.925075E+00
  5.185000000000E+00   1.247888E+00   1.945965E+00   6.519892E+01   1.464455E-16   5.452138E-16   1.826721E-14   1.200000E+02  -1.942887E+00
  5.190000000000E+00   1.257927E+00   2.065621E+00   6.518111E+01   1.493139E-16   7.001594E-16   2.209368E-14   1.200000E+02  -1.965537E+00
  5.195000000000E+00   1.268490E+00   2.151746E+00   6.514326E+01   1.529517E-16   8.345967E-16   2.526708E-14   1.200000E+02  -1.988779E+00
  5.200000000000E+00   1.279363E+00   2.187225E+00   6.509449E+01   1.583833E-16   1.148016E-15   3.416636E-14   1.200000E+02  -2.008221E+00
  5.205000000000E+00   1.290265E+00   2.161926E+00   6.504365E+01   1.643299E-16   1.199459E-15   3.608690E-14   1.200000E+02  -2.020186E+00
  5.210000000000E+00   1.300883E+00   2.074613E+00   6.499713E+01   1.702865E-16   9.985417E-16   3.128407E-14   1.200000E+02  -2.022281E+00
  5.215000000000E+00   1.310924E+00   1.933564E+00   6.495838E+01   1.752649E-16   9.875505E-16   3.317691E-14   1.200000E+02  -2.013581E+00
  5.220000000000E+00   1.320159E+00   1.755719E+00   6.492891E+01   1.780008E-16   3.439466E-16   1.271962E-14   1.200000E+02  -1.994534E+00
  5.225000000000E+00   1.328460E+00   1.564402E+00   6.491016E+01   1.790935E-16   1.261981E-17   5.236210E-16   1.200000E+02  -1.966786E+00
  5.230000000000E+00   1.335824E+00   1.385878E+00   6.490579E+01   1.777936E-16  -5.788985E-16  -2.711196E-14   1.200000E+02  -1.933021E+00
  5.235000000000E+00   1.342379E+00   1.245197E+00   6.492308E+01   1.735208E-16  -1.233013E-15  -6.428782E-14   1.200000E+02  -1.896816E+00
  5.240000000000E+00   1.348368E+00   1.162090E+00   6.497092E+01   1.665248E-16  -1.545509E-15  -8.640738E-14   1.200000E+02  -1.862387E+00
  5.245000000000E+00   1.354111E+00   1.147859E+00   6.505259E+01   1.585793E-16  -1.792031E-15  -1.015598E-13   1.200000E+02  -1.834187E+00
  5.250000000000E+00   1.359960E+00   1.204042E+00   6.515775E+01   1.491512E-16  -1.794493E-15  -9.711056E-14   1.200000E+02  -1.816307E+00
  5.255000000000E+00   1.366252E+00   1.322758E+00   6.526300E+01   1.425544E-16  -9.657924E-16  -4.765081E-14   1.200000E+02  -1.811793E+00
  5.260000000000E+00   1.373263E+00   1.488028E+00   6.534230E+01   1.399974E-16   1.390666E-16   6.106690E-15   1.200000E+02  -1.821963E+00
  5.265000000000E+00   1.381172E+00   1.677595E+00   6.537813E+01   1.434306E-16   1.353226E-15   5.273702E-14   1.200000E+02  -1.845873E+00
  5.270000000000E+00   1.390036E+00   1.865337E+00   6.536637E+01   1.528413E-16   2.439351E-15   8.548134E-14   1.200000E+02  -1.880132E+00
  5.275000000000E+00   1.399779E+00   2.024379E+00   6.531505E+01   1.673650E-16   3.265369E-15   1.053547E-13   1.200000E+02  -1.919301E+00
  5.280000000000E+00   1.410195E+00   2.130730E+00   6.523945E+01   1.849211E-16   3.637184E-15   1.113646E-13   1.200000E+02  -1.956927E+00
  5.285000000000E+00   1.420973E+00   2.166954E+00   6.515602E+01   2.024720E-16   3.314540E-15   9.966165E-14   1.200000E+02  -1.986969E+00
  5.290000000000E+00   1.431739E+00   2.125206E+00   6.507749E+01   2.167938E-16   2.253928E-15   6.901918E-14   1.200000E+02  -2.005022E+00
  5.295000000000E+00   1.442106E+00   2.008985E+00   6.501071E+01   2.247246E-16   1.014754E-15   3.283742E-14   1.200000E+02  -2.008879E+00
  5.300000000000E+00   1.451733E+00   1.833134E+00   6.495751E+01   2.271847E-16  -1.411320E-17  -5.001043E-16   1.200000E+02  -1.998403E+00
  5.305000000000E+00   1.460380E+00   1.621917E+00   6.491728E+01   2.249565E-16  -8.891079E-16  -3.558657E-14   1.200000E+02  -1.975090E+00
  5.310000000000E+00   1.467943E+00   1.405356E+00   6.489044E+01   2.190319E-16  -1.197082E-15  -5.527366E-14   1.200000E+02  -1.941691E+00
  5.315000000000E+00   1.474475E+00   1.214294E+00   6.488190E+01   2.130786E-16  -1.177856E-15  -6.293496E-14   1.200000E+02  -1.901957E+00
  5.320000000000E+00   1.480170E+00   1.074998E+00   6.490263E+01   2.075293E-16  -9.162073E-16  -5.531570E-14   1.200000E+02  -1.860428E+00
  5.325000000000E+00   1.485335E+00   1.004526E+00   6.496475E+01   2.040234E-16  -5.707811E-16  -3.691358E-14   1.200000E+02  -1.822061E+00
  5.330000000000E+00   1.490334E+00   1.008232E+00   6.506908E+01   2.024533E-16  -3.540127E-17  -2.284721E-15   1.200000E+02  -1.791663E+00
  5.335000000000E+00   1.495527E+00   1.080052E+00   6.519645E+01   2.038389E-16   5.147028E-16   3.106961E-14   1.200000E+02  -1.773171E+00
  5.340000000000E+00   1.501220E+00   1.204722E+00   6.531530E+01   2.079660E-16   1.208918E-15   6.554279E-14   1.200000E+02  -1.768956E+00
  5.345000000000E+00   1.507625E+00   1.360628E+00   6.539791E+01   2.165028E-16   2.274369E-15   1.093165E-13   1.200000E+02  -1.779275E+00
  5.350000000000E+00   1.514836E+00   1.522883E+00   6.543064E+01   2.304156E-16   3.230291E-15   1.387894E-13   1.200000E+02  -1.802022E+00
  5.355000000000E+00   1.522824E+00   1.666704E+00   6.541478E+01   2.482481E-16   3.682102E-15   1.445151E-13   1.200000E+02  -1.832933E+00
  5.360000000000E+00   1.531440E+00   1.770935E+00   6.536220E+01   2.642163E-16   2.498523E-15   9.221623E-14   1.200000E+02  -1.866355E+00
  5.365000000000E+00   1.540446E+00   1.821218E+00   6.528930E+01   2.738908E-16   1.491042E-15   5.345277E-14   1.200000E+02  -1.896446E+00
  5.370000000000E+00   1.549556E+00   1.812198E+00   6.521159E+01   2.772364E-16  -1.279038E-16  -4.602593E-15   1.200000E+02  -1.918447E+00
  5.375000000000E+00   1.558480E+00   1.748296E+00   6.514036E+01   2.728705E-16  -1.587097E-15  -5.913418E-14   1.200000E+02  -1.929535E+00
  5.380000000000E+00   1.566972E+00   1.642789E+00   6.508224E+01   2.631079E-16  -2.395546E-15  -9.490417E-14   1.200000E+02  -1.929042E+00
  5.385000000000E+00   1.574872E+00   1.515317E+00   6.504078E+01   2.495205E-16  -3.019836E-15  -1.296181E-13   1.200000E+02  -1.918162E+00
  5.390000000000E+00   1.582126E+00   1.388230E+00   6.501873E+01   2.341469E-16  -2.941209E-15  -1.377536E-13   1.200000E+02  -1.899449E+00
  5.395000000000E+00   1.588789E+00   1.282452E+00   6.501937E+01   2.194127E-16  -2.901505E-15  -1.471041E-13   1.200000E+02  -1.876308E+00
  5.400000000000E+00   1.595010E+00   1.213728E+00   6.504540E+01   2.058060E-16  -2.528572E-15  -1.355097E-13   1.200000E+02  -1.852513E+00
  5.405000000000E+00   1.600999E+00   1.190086E+00   6.509547E+01   1.945966E-16  -1.831903E-15  -1.002017E-13   1.200000E+02  -1.831717E+00
  5.410000000000E+00   1.606983E+00   1.211026E+00   6.516120E+01   1.877708E-16  -9.950326E-16  -5.353933E-14   1.200000E+02  -1.816943E+00
  5.415000000000E+00   1.613168E+00   1.268365E+00   6.522823E+01   1.839059E-16  -4.540201E-16  -2.334890E-14   1.200000E+02  -1.810120E+00
  5.420000000000E+00   1.619703E+00   1.348224E+00   6.528149E+01   1.826421E-16  -1.909142E-17  -9.244134E-16   1.200000E+02  -1.811736E+00
  5.425000000000E+00   1.626659E+00   1.433626E+00   6.531067E+01   1.829742E-16   1.160784E-16   5.288101E-15   1.200000E+02  -1.820720E+00
  5.430000000000E+00   1.634020E+00   1.507333E+00   6.531270E+01   1.830221E-16   6.235821E-17   2.701980E-15   1.200000E+02  -1.834622E+00
  5.435000000000E+00   1.641690E+00   1.554605E+00   6.529104E+01   1.835819E-16   2.253667E-16   9.465055E-15   1.200000E+02  -1.850094E+00
  5.440000000000E+00   1.649508E+00   1.565543E+00   6.525307E+01   1.857587E-16   5.645901E-16   2.353256E-14   1.200000E+02  -1.863577E+00
  5.445000000000E+00   1.657281E+00   1.536651E+00   6.520719E+01   1.901297E-16   1.153498E-15   4.894826E-14   1.200000E+02  -1.872019E+00
  5.450000000000E+00   1.664816E+00   1.471370E+00   6.516088E+01   1.957340E-16   1.273957E-15   5.641828E-14   1.200000E+02  -1.873419E+00
  5.455000000000E+00   1.671952E+00   1.379476E+00   6.511997E+01   2.020192E-16   1.186995E-15   5.603363E-14   1.200000E+02  -1.867085E+00
  5.460000000000E+00   1.678591E+00   1.275427E+00   6.508931E+01   2.088628E-16   1.473593E-15   7.520239E-14   1.200000E+02  -1.853625E+00
  5.465000000000E+00   1.684714E+00   1.175933E+00   6.507388E+01   2.161087E-16   1.391873E-15   7.702357E-14   1.200000E+02  -1.834764E+00
  5.470000000000E+00   1.690384E+00   1.097156E+00   6.507922E+01   2.229586E-16   1.239580E-15   7.352727E-14   1.200000E+02  -1.813078E+00
  5.475000000000E+00   1.695739E+00   1.052068E+00   6.510996E+01   2.280587E-16   8.547722E-16   5.289981E-14   1.200000E+02  -1.791656E+00
  5.480000000000E+00   1.700971E+00   1.048496E+00   6.516615E+01   2.313632E-16   5.614726E-16   3.489667E-14   1.200000E+02  -1.773725E+00
  5.485000000000E+00   1.706294E+00   1.088203E+00   6.523999E+01   2.333263E-16   3.293865E-16   1.974739E-14   1.200000E+02  -1.762217E+00
  5.490000000000E+00   1.711916E+00   1.166925E+00   6.531659E+01   2.341420E-16   5.067386E-17   2.836381E-15   1.200000E+02  -1.759336E+00
  5.495000000000E+00   1.718010E+00   1.275038E+00   6.537905E+01   2.335403E-16  -4.094693E-16  -2.099601E-14   1.200000E+02  -1.766153E+00
  5.500000000000E+00   1.724691E+00   1.398628E+00   6.541432E+01   2.297675E-16  -1.118285E-15  -5.230257E-14   1.200000E+02  -1.782302E+00
  5.505000000000E+00   1.731995E+00   1.520933E+00   6.541668E+01   2.234045E-16  -1.561913E-15  -6.717925E-14   1.200000E+02  -1.805863E+00
  5.510000000000E+00   1.739870E+00   1.624233E+00   6.538803E+01   2.136634E-16  -2.190518E-15  -8.818543E-14   1.200000E+02  -1.833528E+00
  5.515000000000E+00   1.748180E+00   1.692118E+00   6.533593E+01   2.030888E-16  -1.905874E-15  -7.358948E-14   1.200000E+02  -1.861097E+00
  5.520000000000E+00   1.756714E+00   1.711906E+00   6.527042E+01   1.951624E-16  -1.284297E-15  -4.896682E-14   1.200000E+02  -1.884220E+00
  5.525000000000E+00   1.765211E+00   1.676839E+00   6.520091E+01   1.902604E-16  -6.345222E-16  -2.467228E-14   1.200000E+02  -1.899191E+00
  5.530000000000E+00   1.773395E+00   1.587628E+00   6.513409E+01   1.874210E-16  -6.185796E-16  -2.537787E-14   1.200000E+02  -1.903516E+00
  5.535000000000E+00   1.781014E+00   1.453029E+00   6.507341E+01   1.849334E-16  -2.415501E-16  -1.081774E-14   1.200000E+02  -1.896166E+00
  5.540000000000E+00   1.787878E+00   1.289203E+00   6.502032E+01   1.837680E-16  -2.542202E-16  -1.282147E-14   1.200000E+02  -1.877544E+00
  5.545000000000E+00   1.793894E+00   1.117799E+00   6.497685E+01   1.822073E-16  -3.016350E-16  -1.753383E-14   1.200000E+02  -1.849348E+00
  5.550000000000E+00   1.799083E+00   9.627951E-01   6.494938E+01   1.810036E-16  -2.009895E-16  -1.355859E-14   1.200000E+02  -1.814412E+00
  5.555000000000E+00   1.803584E+00   8.464711E-01   6.495141E+01   1.809380E-16   2.006565E-16   1.539677E-14   1.200000E+02  -1.776520E+00
  5.560000000000E+00   1.807636E+00   7.853382E-01   6.500020E+01   1.829672E-16   4.828595E-16   3.996490E-14   1.200000E+02  -1.740101E+00
  5.565000000000E+00   1.811539E+00   7.873774E-01   6.510332E+01   1.859436E-16   7.423899E-16   6.138359E-14   1.200000E+02  -1.709750E+00
  5.570000000000E+00   1.815610E+00   8.515268E-01   6.524524E+01   1.900093E-16   1.003216E-15   7.686791E-14   1.200000E+02  -1.689627E+00
  5.575000000000E+00   1.820140E+00   9.688246E-01   6.539164E+01   1.968118E-16   1.628964E-15   1.099483E-13   1.200000E+02  -1.682838E+00
  5.580000000000E+00   1.825359E+00   1.123900E+00   6.550755E+01   2.057371E-16   1.951578E-15   1.137495E-13   1.200000E+02  -1.690869E+00
  5.585000000000E+00   1.831407E+00   1.296516E+00   6.557093E+01   2.162039E-16   2.190987E-15   1.108086E-13   1.200000E+02  -1.713120E+00
  5.590000000000E+00   1.838315E+00   1.463641E+00   6.557599E+01   2.264487E-16   1.825644E-15   8.179491E-14   1.200000E+02  -1.746698E+00
  5.595000000000E+00   1.845998E+00   1.602295E+00   6.553040E+01   2.338158E-16   1.134559E-15   4.640099E-14   1.200000E+02  -1.786654E+00
  5.600000000000E+00   1.854261E+00   1.692823E+00   6.545007E+01   2.374006E-16   2.302570E-16   8.902491E-15   1.200000E+02  -1.826794E+00
  5.605000000000E+00   1.862827E+00   1.722034E+00   6.535327E+01   2.360387E-16  -8.445832E-16  -3.205296E-14   1.200000E+02  -1.860942E+00
  5.610000000000E+00   1.871375E+00   1.685555E+00   6.525553E+01   2.295147E-16  -1.715682E-15  -6.642190E-14   1.200000E+02  -1.884220E+00
  5.615000000000E+00   1.879586E+00   1.588895E+00   6.516684E+01   2.190774E-16  -2.387120E-15  -9.790520E-14   1.200000E+02  -1.893869E+00
  5.620000000000E+00   1.887191E+00   1.446898E+00   6.509180E+01   2.064917E-16  -2.476996E-15  -1.114330E-13   1.200000E+02  -1.889397E+00
  5.625000000000E+00   1.894017E+00   1.281517E+00   6.503218E+01   1.948576E-16  -2.179159E-15  -1.105841E-13   1.200000E+02  -1.872236E+00
  5.630000000000E+00   1.900010E+00   1.118147E+00   6.499071E+01   1.856377E-16  -1.447386E-15  -8.412729E-14   1.200000E+02  -1.845259E+00
  5.635000000000E+00   1.905241E+00   9.810786E-01   6.497435E+01   1.797183E-16  -8.542463E-16  -5.657457E-14   1.200000E+02  -1.812330E+00
  5.640000000000E+00   1.909893E+00   8.890268E-01   6.499403E+01   1.770413E-16  -2.313463E-16  -1.691302E-14   1.200000E+02  -1.777867E+00
  5.645000000000E+00   1.914220E+00   8.519154E-01   6.505758E+01   1.768957E-16   2.007991E-16   1.533427E-14   1.200000E+02  -1.746357E+00
  5.650000000000E+00   1.918501E+00   8.699372E-01   6.515915E+01   1.789067E-16   6.501162E-16   4.869434E-14   1.200000E+02  -1.721784E+00
  5.655000000000E+00   1.922995E+00   9.348358E-01   6.527698E+01   1.832039E-16   9.245425E-16   6.455823E-14   1.200000E+02  -1.707078E+00
  5.660000000000E+00   1.927902E+00   1.032327E+00   6.538349E+01   1.884245E-16   1.201139E-15   7.607538E-14   1.200000E+02  -1.703679E+00
  5.665000000000E+00   1.933342E+00   1.144726E+00   6.545746E+01   1.947161E-16   1.249399E-15   7.144280E-14   1.200000E+02  -1.711293E+00
  5.670000000000E+00   1.939343E+00   1.253563E+00   6.548958E+01   2.006076E-16   1.030890E-15   5.385653E-14   1.200000E+02  -1.727901E+00
  5.675000000000E+00   1.945845E+00   1.342174E+00   6.548158E+01   2.041831E-16   3.752977E-16   1.830991E-14   1.200000E+02  -1.750088E+00
  5.680000000000E+00   1.952712E+00   1.398051E+00   6.544254E+01   2.057293E-16   1.412089E-16   6.609961E-15   1.200000E+02  -1.773673E+00
  5.685000000000E+00   1.959762E+00   1.414589E+00   6.538464E+01   2.056845E-16   7.771177E-17   3.591966E-15   1.200000E+02  -1.794540E+00
  5.690000000000E+00   1.966795E+00   1.391901E+00   6.531976E+01   2.056621E-16  -1.032235E-16  -4.844117E-15   1.200000E+02  -1.809425E+00
  5.695000000000E+00   1.973629E+00   1.336558E+00   6.525755E+01   2.051367E-16  -2.496175E-16  -1.218759E-14   1.200000E+02  -1.816441E+00
  5.700000000000E+00   1.980127E+00   1.260281E+00   6.520511E+01   2.047169E-16   1.954906E-16   1.011440E-14   1.200000E+02  -1.815243E+00
  5.705000000000E+00   1.986221E+00   1.177814E+00   6.516788E+01   2.070421E-16   6.902332E-16   3.819028E-14   1.200000E+02  -1.806878E+00
  5.710000000000E+00   1.991920E+00   1.104306E+00   6.515053E+01   2.103357E-16   6.416452E-16   3.785501E-14   1.200000E+02  -1.793451E+00
  5.715000000000E+00   1.997300E+00   1.052692E+00   6.515673E+01   2.133691E-16   7.287882E-16   4.510858E-14   1.200000E+02  -1.777722E+00
  5.720000000000E+00   2.002496E+00   1.031554E+00   6.518716E+01   2.164095E-16   2.585327E-16   1.633749E-14   1.200000E+02  -1.762671E+00
  5.725000000000E+00   2.007669E+00   1.043899E+00   6.523706E+01   2.171888E-16  -1.938738E-17  -1.211589E-15   1.200000E+02  -1.751066E+00
  5.730000000000E+00   2.012984E+00   1.086954E+00   6.529581E+01   2.157146E-16  -5.520787E-16  -3.316463E-14   1.200000E+02  -1.745051E+00
  5.735000000000E+00   2.018576E+00   1.152817E+00   6.534982E+01   2.112108E-16  -1.281170E-15  -7.262578E-14   1.200000E+02  -1.745794E+00
  5.740000000000E+00   2.024530E+00   1.229693E+00   6.538706E+01   2.031702E-16  -1.723175E-15  -9.162724E-14   1.200000E+02  -1.753252E+00
  5.745000000000E+00   2.030868E+00   1.303564E+00   6.540045E+01   1.937454E-16  -2.008184E-15  -1.007516E-13   1.200000E+02  -1.766104E+00
  5.750000000000E+00   2.037538E+00   1.360202E+00   6.538886E+01   1.831443E-16  -2.120407E-15  -1.019341E-13   1.200000E+02  -1.781917E+00
  5.755000000000E+00   2.044422E+00   1.387361E+00   6.535602E+01   1.737474E-16  -1.513573E-15  -7.130161E-14   1.200000E+02  -1.797543E+00
  5.760000000000E+00   2.051351E+00   1.376872E+00   6.530842E+01   1.686889E-16  -3.410016E-16  -1.617454E-14   1.200000E+02  -1.809701E+00
  5.765000000000E+00   2.058126E+00   1.326303E+00   6.525301E+01   1.719411E-16   1.758945E-15   8.653868E-14   1.200000E+02  -1.815578E+00
  5.770000000000E+00   2.064556E+00   1.239861E+00   6.519579E+01   1.847835E-16   3.103177E-15   1.631748E-13   1.200000E+02  -1.813324E+00
  5.775000000000E+00   2.070485E+00   1.128288E+00   6.514170E+01   2.017120E-16   3.629123E-15   2.095274E-13   1.200000E+02  -1.802334E+00
  5.780000000000E+00   2.075824E+00   1.007614E+00   6.509612E+01   2.190109E-16   3.247451E-15   2.097991E-13   1.200000E+02  -1.783331E+00
  5.785000000000E+00   2.080576E+00   8.967635E-01   6.506724E+01   2.337353E-16   2.512390E-15   1.822936E-13   1.200000E+02  -1.758297E+00
  5.790000000000E+00   2.084838E+00   8.142955E-01   6.506756E+01   2.433750E-16   1.193542E-15   9.537186E-14   1.200000E+02  -1.730271E+00
  5.795000000000E+00   2.088789E+00   7.749561E-01   6.511034E+01   2.455844E-16  -1.588267E-16  -1.334432E-14   1.200000E+02  -1.703032E+00
  5.800000000000E+00   2.092670E+00   7.870913E-01   6.519952E+01   2.430316E-16  -9.769102E-16  -8.092337E-14   1.200000E+02  -1.680633E+00
  5.805000000000E+00   2.096744E+00   8.516239E-01   6.532088E+01   2.349985E-16  -2.294127E-15  -1.759631E-13   1.200000E+02  -1.666846E+00
  5.810000000000E+00   2.101260E+00   9.622852E-01   6.544567E+01   2.206043E-16  -3.461415E-15  -2.354132E-13   1.200000E+02  -1.664581E+00
  5.815000000000E+00   2.106421E+00   1.106341E+00   6.554399E+01   2.022622E-16  -3.976881E-15  -2.356061E-13   1.200000E+02  -1.675320E+00
  5.820000000000E+00   2.112348E+00   1.265665E+00   6.559584E+01   1.822308E-16  -3.807896E-15  -1.973524E-13   1.200000E+02  -1.698635E+00
  5.825000000000E+00   2.119067E+00   1.418536E+00   6.559492E+01   1.652589E-16  -2.821714E-15  -1.304797E-13   1.200000E+02  -1.731928E+00
  5.830000000000E+00   2.126487E+00   1.542342E+00   6.554703E+01   1.553367E-16  -1.008084E-15  -4.284196E-14   1.200000E+02  -1.770595E+00
  5.835000000000E+00   2.134411E+00   1.616942E+00   6.546593E+01   1.564108E-16   1.648907E-15   6.676011E-14   1.200000E+02  -1.808733E+00
  5.840000000000E+00   2.142554E+00   1.628081E+00   6.536785E+01   1.702798E-16   3.728111E-15   1.496845E-13   1.200000E+02  -1.840299E+00
  5.845000000000E+00   2.150581E+00   1.570150E+00   6.526660E+01   1.925023E-16   4.838590E-15   2.011262E-13   1.200000E+02  -1.860346E+00
  5.850000000000E+00   2.158152E+00   1.447717E+00   6.517037E+01   2.169693E-16   4.731450E-15   2.129908E-13   1.200000E+02  -1.865862E+00
  5.855000000000E+00   2.164978E+00   1.275526E+00   6.508152E+01   2.381562E-16   3.653851E-15   1.864314E-13   1.200000E+02  -1.855997E+00
  5.860000000000E+00   2.170865E+00   1.076864E+00   6.499904E+01   2.540366E-16   2.621003E-15   1.582027E-13   1.200000E+02  -1.831854E+00
  5.865000000000E+00   2.175750E+00   8.802774E-01   6.492391E+01   2.636262E-16   1.107354E-15   8.167168E-14   1.200000E+02  -1.796152E+00
  5.870000000000E+00   2.179718E+00   7.148357E-01   6.486734E+01   2.660970E-16   1.772344E-17   1.608303E-15   1.200000E+02  -1.752937E+00
  5.875000000000E+00   2.182987E+00   6.044797E-01   6.485784E+01   2.647212E-16  -4.883469E-16  -5.239733E-14   1.200000E+02  -1.707253E+00
  5.880000000000E+00   2.185874E+00   5.630858E-01   6.493102E+01   2.609891E-16  -8.832442E-16  -1.018494E-13   1.200000E+02  -1.664645E+00
  5.885000000000E+00   2.188732E+00   5.928910E-01   6.509392E+01   2.564382E-16  -8.762470E-16  -9.620377E-14   1.200000E+02  -1.630448E+00
  5.890000000000E+00   2.191906E+00   6.869024E-01   6.530595E+01   2.520035E-16  -8.057121E-16  -7.660156E-14   1.200000E+02  -1.609114E+00
  5.895000000000E+00   2.195683E+00   8.319706E-01   6.550788E+01   2.482174E-16  -5.852080E-16  -4.607823E-14   1.200000E+02  -1.603690E+00
  5.900000000000E+00   2.200279E+00   1.010252E+00   6.565551E+01   2.457547E-16  -6.096662E-16  -3.962173E-14   1.200000E+02  -1.615380E+00
  5.905000000000E+00   2.205805E+00   1.200147E+00   6.572884E+01   2.411339E-16  -1.227054E-15  -6.720249E-14   1.200000E+02  -1.643134E+00
  5.910000000000E+00   2.212261E+00   1.378012E+00   6.572780E+01   2.344006E-16  -1.319076E-15  -6.291670E-14   1.200000E+02  -1.683459E+00
  5.915000000000E+00   2.219528E+00   1.520786E+00   6.566593E+01   2.281082E-16  -1.195862E-15  -5.163606E-14   1.200000E+02  -1.730663E+00
  5.920000000000E+00   2.227381E+00   1.609048E+00   6.556404E+01   2.233461E-16  -6.742582E-16  -2.747406E-14   1.200000E+02  -1.777726E+00
  5.925000000000E+00   2.235510E+00   1.629909E+00   6.544402E+01   2.202153E-16  -1.023047E-15  -4.107733E-14   1.200000E+02  -1.817651E+00
  5.930000000000E+00   2.243565E+00   1.579236E+00   6.532342E+01   2.131297E-16  -1.620462E-15  -6.702866E-14   1.200000E+02  -1.844880E+00
  5.935000000000E+00   2.251197E+00   1.462845E+00   6.521238E+01   2.043185E-16  -1.884549E-15  -8.401154E-14   1.200000E+02  -1.856204E+00
  5.940000000000E+00   2.258113E+00   1.296393E+00   6.511393E+01   1.945410E-16  -1.904473E-15  -9.565593E-14   1.200000E+02  -1.850921E+00
  5.945000000000E+00   2.264119E+00   1.103721E+00   6.502726E+01   1.876116E-16  -8.091069E-16  -4.766964E-14   1.200000E+02  -1.830475E+00
  5.950000000000E+00   2.269154E+00   9.135501E-01   6.495353E+01   1.857055E-16   9.589735E-17   6.818314E-15   1.200000E+02  -1.797961E+00
  5.955000000000E+00   2.273305E+00   7.546875E-01   6.490352E+01   1.883531E-16   8.182472E-16   7.036969E-14   1.200000E+02  -1.757732E+00
  5.960000000000E+00   2.276789E+00   6.504267E-01   6.490241E+01   1.938267E-16   1.411837E-15   1.408792E-13   1.200000E+02  -1.715023E+00
  5.965000000000E+00   2.279918E+00   6.137950E-01   6.497809E+01   2.015986E-16   1.707122E-15   1.807208E-13   1.200000E+02  -1.675413E+00
  5.970000000000E+00   2.283038E+00   6.460008E-01   6.513090E+01   2.099596E-16   1.643503E-15   1.657008E-13   1.200000E+02  -1.644133E+00
  5.975000000000E+00   2.286475E+00   7.384028E-01   6.532150E+01   2.178370E-16   1.485346E-15   1.313985E-13   1.200000E+02  -1.625357E+00
  5.980000000000E+00   2.290493E+00   8.752973E-01   6.549713E+01   2.244556E-16   9.440744E-16   7.064361E-14   1.200000E+02  -1.621629E+00
  5.985000000000E+00   2.295266E+00   1.035872E+00   6.561977E+01   2.273618E-16   9.910657E-17   6.278142E-15   1.200000E+02  -1.633409E+00
  5.990000000000E+00   2.300852E+00   1.196195E+00   6.567383E+01   2.234967E-16  -1.759392E-15  -9.659466E-14   1.200000E+02  -1.658769E+00
  5.995000000000E+00   2.307188E+00   1.332103E+00   6.566213E+01   2.109138E-16  -2.955054E-15  -1.456607E-13   1.200000E+02  -1.693455E+00
  6.000000000000E+00   2.314100E+00   1.422797E+00   6.559925E+01   1.935202E-16  -3.785248E-15  -1.745221E-13   1.200000E+02  -1.731489E+00
  6.005000000000E+00   2.321321E+00   1.454356E+00   6.550485E+01   1.745568E-16  -3.742199E-15  -1.685503E-13   1.200000E+02  -1.766312E+00
  6.010000000000E+00   2.328541E+00   1.422364E+00   6.539774E+01   1.584424E-16  -2.629248E-15  -1.208881E-13   1.200000E+02  -1.792174E+00
  6.015000000000E+00   2.335452E+00   1.333010E+00   6.529199E+01   1.485182E-16  -1.334750E-15  -6.537725E-14   1.200000E+02  -1.805283E+00
  6.020000000000E+00   2.341805E+00   1.202389E+00   6.519615E+01   1.461361E-16   2.869325E-16   1.555810E-14   1.200000E+02  -1.804329E+00
  6.025000000000E+00   2.347448E+00   1.053955E+00   6.511589E+01   1.509568E-16   1.443980E-15   8.921256E-14   1.200000E+02  -1.790387E+00
  6.030000000000E+00   2.352358E+00   9.143291E-01   6.505882E+01   1.601087E-16   2.016312E-15   1.434701E-13   1.200000E+02  -1.766453E+00
  6.035000000000E+00   2.356645E+00   8.080963E-01   6.503836E+01   1.719811E-16   2.675350E-15   2.153214E-13   1.200000E+02  -1.736863E+00
  6.040000000000E+00   2.360521E+00   7.528006E-01   6.507050E+01   1.856336E-16   2.741902E-15   2.370042E-13   1.200000E+02  -1.706649E+00
  6.045000000000E+00   2.364267E+00   7.558048E-01   6.515995E+01   1.978378E-16   1.918493E-15   1.653984E-13   1.200000E+02  -1.680824E+00
  6.050000000000E+00   2.368168E+00   8.140122E-01   6.528812E+01   2.045868E-16   1.041539E-15   8.353699E-14   1.200000E+02  -1.663649E+00
  6.055000000000E+00   2.372477E+00   9.156687E-01   6.541987E+01   2.084469E-16   4.055843E-16   2.897694E-14   1.200000E+02  -1.657986E+00
  6.060000000000E+00   2.377366E+00   1.042793E+00   6.552206E+01   2.073489E-16  -6.503295E-16  -4.086232E-14   1.200000E+02  -1.664805E+00
  6.065000000000E+00   2.382911E+00   1.173799E+00   6.557563E+01   2.019280E-16  -1.586385E-15  -8.862526E-14   1.200000E+02  -1.682913E+00
  6.070000000000E+00   2.389075E+00   1.286540E+00   6.557709E+01   1.921021E-16  -2.635583E-15  -1.343401E-13   1.200000E+02  -1.709025E+00
  6.075000000000E+00   2.395716E+00   1.361664E+00   6.553454E+01   1.767942E-16  -3.263984E-15  -1.570899E-13   1.200000E+02  -1.738290E+00
  6.080000000000E+00   2.402609E+00   1.385744E+00   6.546204E+01   1.595059E-16  -3.419002E-15  -1.615124E-13   1.200000E+02  -1.765232E+00
  6.085000000000E+00   2.409483E+00   1.353545E+00   6.537431E+01   1.432486E-16  -2.858308E-15  -1.380523E-13   1.200000E+02  -1.784882E+00
  6.090000000000E+00   2.416060E+00   1.268978E+00   6.528302E+01   1.303032E-16  -2.157232E-15  -1.109795E-13   1.200000E+02  -1.793736E+00
  6.095000000000E+00   2.422108E+00   1.144613E+00   6.519556E+01   1.225821E-16  -1.024520E-15  -5.835523E-14   1.200000E+02  -1.790250E+00
  6.100000000000E+00   2.427473E+00   9.998053E-01   6.511672E+01   1.201568E-16   2.612258E-17   1.701348E-15   1.200000E+02  -1.774865E+00
  6.105000000000E+00   2.432110E+00   8.576102E-01   6.505276E+01   1.223242E-16   7.293832E-16   5.532629E-14   1.200000E+02  -1.749738E+00
  6.110000000000E+00   2.436090E+00   7.408214E-01   6.501631E+01   1.259384E-16   7.331720E-16   6.434498E-14   1.200000E+02  -1.718347E+00
  6.115000000000E+00   2.439589E+00   6.677986E-01   6.502709E+01   1.291387E-16   5.861740E-16   5.707887E-14   1.200000E+02  -1.685052E+00
  6.120000000000E+00   2.442856E+00   6.493196E-01   6.510127E+01   1.322105E-16   6.620438E-16   6.637700E-14   1.200000E+02  -1.654554E+00
  6.125000000000E+00   2.446174E+00   6.876878E-01   6.523343E+01   1.362707E-16   8.333608E-16   7.905184E-14   1.200000E+02  -1.631318E+00
  6.130000000000E+00   2.449816E+00   7.778695E-01   6.539250E+01   1.405928E-16   9.187872E-16   7.723892E-14   1.200000E+02  -1.619018E+00
  6.135000000000E+00   2.454018E+00   9.089984E-01   6.553858E+01   1.461571E-16   1.260588E-15   9.088811E-14   1.200000E+02  -1.620068E+00
  6.140000000000E+00   2.458947E+00   1.065351E+00   6.564079E+01   1.527182E-16   1.356582E-15   8.358477E-14   1.200000E+02  -1.635194E+00
  6.145000000000E+00   2.464681E+00   1.227320E+00   6.568418E+01   1.602224E-16   1.637438E-15   8.763302E-14   1.200000E+02  -1.663083E+00
  6.150000000000E+00   2.471194E+00   1.373074E+00   6.566860E+01   1.697893E-16   2.053214E-15   9.819700E-14   1.200000E+02  -1.700275E+00
  6.155000000000E+00   2.478351E+00   1.481060E+00   6.560471E+01   1.798714E-16   2.078310E-15   9.206037E-14   1.200000E+02  -1.741462E+00
  6.160000000000E+00   2.485915E+00   1.533053E+00   6.550901E+01   1.912480E-16   2.374533E-15   1.014663E-13   1.200000E+02  -1.780315E+00
  6.165000000000E+00   2.493572E+00   1.517205E+00   6.539834E+01   2.024840E-16   1.937751E-15   8.352573E-14   1.200000E+02  -1.810683E+00
  6.170000000000E+00   2.500973E+00   1.430541E+00   6.528526E+01   2.121762E-16   1.709623E-15   7.802163E-14   1.200000E+02  -1.827757E+00
  6.175000000000E+00   2.507776E+00   1.280538E+00   6.517546E+01   2.171375E-16   3.987788E-16   2.029662E-14   1.200000E+02  -1.828802E+00
  6.180000000000E+00   2.513706E+00   1.085424E+00   6.506811E+01   2.166134E-16  -4.789459E-16  -2.871146E-14   1.200000E+02  -1.813315E+00
  6.185000000000E+00   2.518602E+00   8.727345E-01   6.495971E+01   2.145617E-16  -3.623863E-16  -2.697327E-14   1.200000E+02  -1.782864E+00
  6.190000000000E+00   2.522458E+00   6.756318E-01   6.485325E+01   2.132183E-16  -2.789618E-16  -2.677728E-14   1.200000E+02  -1.740856E+00
  6.195000000000E+00   2.525436E+00   5.267448E-01   6.477519E+01   2.123250E-16  -1.163604E-16  -1.430915E-14   1.200000E+02  -1.692326E+00
  6.200000000000E+00   2.527842E+00   4.502247E-01   6.478636E+01   2.119677E-16   1.460301E-16   2.101341E-14   1.200000E+02  -1.643510E+00
  6.205000000000E+00   2.530070E+00   4.558067E-01   6.493905E+01   2.128488E-16   2.296532E-16   3.271883E-14   1.200000E+02  -1.601025E+00
  6.210000000000E+00   2.532526E+00   5.399714E-01   6.520167E+01   2.144287E-16   4.987189E-16   6.022042E-14   1.200000E+02  -1.570882E+00
  6.215000000000E+00   2.535577E+00   6.908509E-01   6.548170E+01   2.171840E-16   4.865521E-16   4.611741E-14   1.200000E+02  -1.557769E+00
  6.220000000000E+00   2.539512E+00   8.898879E-01   6.570251E+01   2.204456E-16   7.789597E-16   5.751242E-14   1.200000E+02  -1.564475E+00
  6.225000000000E+00   2.544513E+00   1.111662E+00   6.582758E+01   2.228610E-16  -6.807996E-18  -4.031386E-16   1.200000E+02  -1.591181E+00
  6.230000000000E+00   2.550616E+00   1.325519E+00   6.585173E+01   2.218531E-16  -6.400355E-16  -3.179694E-14   1.200000E+02  -1.634838E+00
  6.235000000000E+00   2.557704E+00   1.499562E+00   6.579031E+01   2.140491E-16  -2.381522E-15  -1.044846E-13   1.200000E+02  -1.689080E+00
  6.240000000000E+00   2.565503E+00   1.605937E+00   6.567040E+01   1.978263E-16  -3.696091E-15  -1.511415E-13   1.200000E+02  -1.745087E+00
  6.245000000000E+00   2.573624E+00   1.625999E+00   6.552205E+01   1.753051E-16  -5.101975E-15  -2.055917E-13   1.200000E+02  -1.793424E+00
  6.250000000000E+00   2.581615E+00   1.554134E+00   6.536975E+01   1.495523E-16  -5.141246E-15  -2.162502E-13   1.200000E+02  -1.826268E+00
  6.255000000000E+00   2.589032E+00   1.399565E+00   6.522685E+01   1.269984E-16  -3.880059E-15  -1.808305E-13   1.200000E+02  -1.839035E+00
  6.260000000000E+00   2.595515E+00   1.185789E+00   6.509512E+01   1.101713E-16  -2.573878E-15  -1.412957E-13   1.200000E+02  -1.830774E+00
  6.265000000000E+00   2.600851E+00   9.474485E-01   6.496974E+01   1.011088E-16  -1.135121E-15  -7.783910E-14   1.200000E+02  -1.803622E+00
  6.270000000000E+00   2.605015E+00   7.245798E-01   6.485020E+01   1.003607E-16   6.378457E-16   5.708747E-14   1.200000E+02  -1.762026E+00
  6.275000000000E+00   2.608182E+00   5.545828E-01   6.475903E+01   1.064492E-16   1.528735E-15   1.785115E-13   1.200000E+02  -1.712109E+00
  6.280000000000E+00   2.610687E+00   4.630944E-01   6.475542E+01   1.150563E-16   1.853697E-15   2.592062E-13   1.200000E+02  -1.661001E+00
  6.285000000000E+00   2.612952E+00   4.578446E-01   6.489418E+01   1.237307E-16   1.690946E-15   2.396721E-13   1.200000E+02  -1.615851E+00
  6.290000000000E+00   2.615392E+00   5.308982E-01   6.514609E+01   1.330451E-16   1.999870E-15   2.454024E-13   1.200000E+02  -1.582739E+00
  6.295000000000E+00   2.618360E+00   6.656950E-01   6.541891E+01   1.434909E-16   1.910584E-15   1.877561E-13   1.200000E+02  -1.565966E+00
  6.300000000000E+00   2.622113E+00   8.408154E-01   6.563749E+01   1.535266E-16   2.084717E-15   1.627415E-13   1.200000E+02  -1.567660E+00
  6.305000000000E+00   2.626792E+00   1.031239E+00   6.576794E+01   1.625621E-16   1.536750E-15   9.800720E-14   1.200000E+02  -1.587424E+00
  6.310000000000E+00   2.632408E+00   1.210455E+00   6.580671E+01   1.688247E-16   7.780710E-16   4.230002E-14   1.200000E+02  -1.622125E+00
  6.315000000000E+00   2.638839E+00   1.353794E+00   6.576818E+01   1.681659E-16  -8.831010E-16  -4.290163E-14   1.200000E+02  -1.666148E+00
  6.320000000000E+00   2.645857E+00   1.441968E+00   6.567580E+01   1.612342E-16  -1.895709E-15  -8.634185E-14   1.200000E+02  -1.712276E+00
  6.325000000000E+00   2.653152E+00   1.463857E+00   6.555486E+01   1.497317E-16  -2.262834E-15  -1.013349E-13   1.200000E+02  -1.753115E+00
  6.330000000000E+00   2.660386E+00   1.417921E+00   6.542647E+01   1.382200E-16  -2.417908E-15  -1.115684E-13   1.200000E+02  -1.782606E+00
  6.335000000000E+00   2.667235E+00   1.312223E+00   6.530409E+01   1.263487E-16  -2.131715E-15  -1.060869E-13   1.200000E+02  -1.797084E+00
  6.340000000000E+00   2.673439E+00   1.163253E+00   6.519352E+01   1.188566E-16  -9.370339E-16  -5.251525E-14   1.200000E+02  -1.795543E+00
  6.345000000000E+00   2.678835E+00   9.937157E-01   6.509620E+01   1.160598E-16  -4.592142E-17  -3.008215E-15   1.200000E+02  -1.779285E+00
  6.350000000000E+00   2.683384E+00   8.293083E-01   6.501523E+01   1.188135E-16   9.416127E-16   7.381956E-14   1.200000E+02  -1.751340E+00
  6.355000000000E+00   2.687176E+00   6.946633E-01   6.496252E+01   1.237312E-16   1.264667E-15   1.182673E-13   1.200000E+02  -1.715943E+00
  6.360000000000E+00   2.690410E+00   6.089990E-01   6.496178E+01   1.313164E-16   1.837287E-15   1.959829E-13   1.200000E+02  -1.678061E+00
  6.365000000000E+00   2.693362E+00   5.828038E-01   6.503626E+01   1.410298E-16   1.982223E-15   2.212003E-13   1.200000E+02  -1.642870E+00
  6.370000000000E+00   2.696335E+00   6.171874E-01   6.518312E+01   1.508482E-16   1.675306E-15   1.769344E-13   1.200000E+02  -1.615173E+00
  6.375000000000E+00   2.699620E+00   7.056831E-01   6.536585E+01   1.583942E-16   1.131965E-15   1.048514E-13   1.200000E+02  -1.598859E+00
  6.380000000000E+00   2.703460E+00   8.361719E-01   6.553664E+01   1.617275E-16   2.253300E-16   1.766069E-14   1.200000E+02  -1.596473E+00
  6.385000000000E+00   2.708023E+00   9.918015E-01   6.565960E+01   1.611742E-16  -4.488580E-16  -2.971546E-14   1.200000E+02  -1.608810E+00
  6.390000000000E+00   2.713385E+00   1.151850E+00   6.571784E+01   1.559314E-16  -1.802499E-15  -1.028401E-13   1.200000E+02  -1.634559E+00
  6.395000000000E+00   2.719512E+00   1.293524E+00   6.571111E+01   1.446295E-16  -2.643520E-15  -1.342910E-13   1.200000E+02  -1.670175E+00
  6.400000000000E+00   2.726255E+00   1.394823E+00   6.565081E+01   1.324112E-16  -2.424187E-15  -1.141004E-13   1.200000E+02  -1.710189E+00
  6.405000000000E+00   2.733366E+00   1.437971E+00   6.555448E+01   1.195211E-16  -2.553631E-15  -1.164154E-13   1.200000E+02  -1.748062E+00
  6.410000000000E+00   2.740525E+00   1.412726E+00   6.544000E+01   1.095359E-16  -1.588872E-15  -7.359941E-14   1.200000E+02  -1.777460E+00
  6.415000000000E+00   2.747383E+00   1.318941E+00   6.532087E+01   1.035148E-16  -6.627234E-16  -3.282153E-14   1.200000E+02  -1.793501E+00
  6.420000000000E+00   2.753622E+00   1.167896E+00   6.520387E+01   1.020269E-16   2.861572E-16   1.597621E-14   1.200000E+02  -1.793575E+00
  6.425000000000E+00   2.759006E+00   9.818346E-01   6.509034E+01   1.066983E-16   1.652744E-15   1.095680E-13   1.200000E+02  -1.777569E+00
  6.430000000000E+00   2.763433E+00   7.912096E-01   6.498218E+01   1.174811E-16   2.362476E-15   1.940306E-13   1.200000E+02  -1.747691E+00
  6.435000000000E+00   2.766964E+00   6.293644E-01   6.489364E+01   1.296820E-16   2.495045E-15   2.572636E-13   1.200000E+02  -1.708135E+00
  6.440000000000E+00   2.769819E+00   5.251085E-01   6.486408E+01   1.412467E-16   2.195128E-15   2.711534E-13   1.200000E+02  -1.664615E+00
  6.445000000000E+00   2.772335E+00   4.954676E-01   6.494419E+01   1.514233E-16   1.877388E-15   2.460815E-13   1.200000E+02  -1.623633E+00
  6.450000000000E+00   2.774898E+00   5.430803E-01   6.513885E+01   1.599623E-16   1.562161E-15   1.873707E-13   1.200000E+02  -1.591491E+00
  6.455000000000E+00   2.777876E+00   6.592073E-01   6.538493E+01   1.659270E-16   6.521799E-16   6.468790E-14   1.200000E+02  -1.573380E+00
  6.460000000000E+00   2.781573E+00   8.269788E-01   6.560488E+01   1.665882E-16  -4.226824E-16  -3.353173E-14   1.200000E+02  -1.572692E+00
  6.465000000000E+00   2.786191E+00   1.022647E+00   6.575011E+01   1.608641E-16  -1.719319E-15  -1.105420E-13   1.200000E+02  -1.590380E+00
  6.470000000000E+00   2.791798E+00   1.217383E+00   6.580460E+01   1.481002E-16  -3.462286E-15  -1.871509E-13   1.200000E+02  -1.624414E+00
  6.475000000000E+00   2.798315E+00   1.380990E+00   6.577561E+01   1.270611E-16  -4.910900E-15  -2.339028E-13   1.200000E+02  -1.669666E+00
  6.480000000000E+00   2.805515E+00   1.486847E+00   6.568434E+01   1.007979E-16  -5.353032E-15  -2.364805E-13   1.200000E+02  -1.718577E+00
  6.485000000001E+00   2.813061E+00   1.516760E+00   6.555726E+01   7.817250E-17  -3.707903E-15  -1.602626E-13   1.200000E+02  -1.762668E+00
  6.490000000001E+00   2.820551E+00   1.464505E+00   6.541812E+01   6.477319E-17  -1.497030E-15  -6.687096E-14   1.200000E+02  -1.794481E+00
  6.495000000001E+00   2.827586E+00   1.337360E+00   6.528223E+01   6.500725E-17   1.483901E-15   7.243552E-14   1.200000E+02  -1.809170E+00
  6.500000000001E+00   2.833836E+00   1.155387E+00   6.515520E+01   7.918379E-17   3.755789E-15   2.117984E-13   1.200000E+02  -1.805136E+00
  6.505000000001E+00   2.839099E+00   9.484288E-01   6.503661E+01   9.996374E-17   4.256297E-15   2.918671E-13   1.200000E+02  -1.783752E+00
  6.510000000001E+00   2.843336E+00   7.509736E-01   6.492874E+01   1.202016E-16   3.871683E-15   3.347435E-13   1.200000E+02  -1.748698E+00
  6.515000000001E+00   2.846676E+00   5.953648E-01   6.484979E+01   1.371058E-16   2.600520E-15   2.832602E-13   1.200000E+02  -1.705281E+00
  6.520000000001E+00   2.849394E+00   5.045173E-01   6.484186E+01   1.477619E-16   1.648708E-15   2.118963E-13   1.200000E+02  -1.659735E+00
  6.525000000001E+00   2.851840E+00   4.870188E-01   6.494515E+01   1.540074E-16   7.704617E-16   1.027430E-13   1.200000E+02  -1.618363E+00
  6.530000000001E+00   2.854374E+00   5.380948E-01   6.514612E+01   1.561676E-16   2.327403E-17   2.817743E-15   1.200000E+02  -1.586627E+00
  6.535000000001E+00   2.857310E+00   6.447511E-01   6.537981E+01   1.538504E-16  -9.573148E-16  -9.707477E-14   1.200000E+02  -1.568503E+00
  6.540000000001E+00   2.860883E+00   7.896096E-01   6.558219E+01   1.466861E-16  -1.777274E-15  -1.476141E-13   1.200000E+02  -1.566148E+00
  6.545000000001E+00   2.865235E+00   9.525584E-01   6.571751E+01   1.351039E-16  -2.818208E-15  -1.944297E-13   1.200000E+02  -1.579655E+00
  6.550000000001E+00   2.870403E+00   1.112307E+00   6.577590E+01   1.192942E-16  -3.604048E-15  -2.131242E-13   1.200000E+02  -1.606933E+00
  6.555000000001E+00   2.876320E+00   1.248596E+00   6.576445E+01   1.013004E-16  -3.471942E-15  -1.828697E-13   1.200000E+02  -1.643851E+00
  6.560000000001E+00   2.882825E+00   1.344626E+00   6.569977E+01   8.643455E-17  -2.177455E-15  -1.063926E-13   1.200000E+02  -1.684812E+00
  6.565000000001E+00   2.889684E+00   1.389105E+00   6.560205E+01   7.902209E-17  -8.870512E-16  -4.189199E-14   1.200000E+02  -1.723705E+00
  6.570000000001E+00   2.896626E+00   1.377530E+00   6.549014E+01   7.758479E-17   3.703451E-16   1.760684E-14   1.200000E+02  -1.755035E+00
  6.575000000001E+00   2.903373E+00   1.312620E+00   6.537808E+01   8.319502E-17   1.464786E-15   7.295703E-14   1.200000E+02  -1.774857E+00
  6.580000000001E+00   2.909681E+00   1.203986E+00   6.527397E+01   9.152239E-17   1.883716E-15   1.021254E-13   1.200000E+02  -1.781245E+00
  6.585000000001E+00   2.915368E+00   1.067063E+00   6.518127E+01   1.013473E-16   1.955266E-15   1.194369E-13   1.200000E+02  -1.774246E+00
  6.590000000001E+00   2.920338E+00   9.212517E-01   6.510221E+01   1.101780E-16   1.705384E-15   1.205146E-13   1.200000E+02  -1.755551E+00
  6.595000000001E+00   2.924599E+00   7.872531E-01   6.504237E+01   1.183255E-16   1.360434E-15   1.123982E-13   1.200000E+02  -1.728087E+00
  6.600000000001E+00   2.928259E+00   6.837835E-01   6.501467E+01   1.252073E-16   1.498349E-15   1.424642E-13   1.200000E+02  -1.695644E+00
  6.605000000001E+00   2.931508E+00   6.243063E-01   6.503727E+01   1.313530E-16   1.074791E-15   1.119667E-13   1.200000E+02  -1.662482E+00
  6.610000000001E+00   2.934583E+00   6.149026E-01   6.512089E+01   1.362307E-16   8.825184E-16   9.346259E-14   1.200000E+02  -1.632867E+00
  6.615000000001E+00   2.937735E+00   6.541460E-01   6.525421E+01   1.406504E-16   7.418002E-16   7.399813E-14   1.200000E+02  -1.610573E+00
  6.620000000001E+00   2.941190E+00   7.344239E-01   6.540558E+01   1.442909E-16   8.990880E-16   8.007006E-14   1.200000E+02  -1.598436E+00
  6.625000000001E+00   2.945125E+00   8.433822E-01   6.553989E+01   1.488166E-16   8.498821E-16   6.604500E-14   1.200000E+02  -1.597980E+00
  6.630000000001E+00   2.949645E+00   9.651572E-01   6.563238E+01   1.534111E-16   9.411252E-16   6.399816E-14   1.200000E+02  -1.609134E+00
  6.635000000001E+00   2.954769E+00   1.081953E+00   6.567257E+01   1.567877E-16   4.376839E-16   2.656660E-14   1.200000E+02  -1.630088E+00
  6.640000000001E+00   2.960428E+00   1.176302E+00   6.566220E+01   1.587554E-16   2.139697E-16   1.194398E-14   1.200000E+02  -1.657422E+00
  6.645000000001E+00   2.966473E+00   1.233761E+00   6.561124E+01   1.584293E-16  -3.884355E-16  -2.065694E-14   1.200000E+02  -1.686598E+00
  6.650000000001E+00   2.972692E+00   1.245499E+00   6.553353E+01   1.540977E-16  -1.713649E-15  -9.016584E-14   1.200000E+02  -1.712776E+00
  6.655000000001E+00   2.978852E+00   1.210145E+00   6.544292E+01   1.424888E-16  -2.640981E-15  -1.428205E-13   1.200000E+02  -1.731767E+00
  6.660000000001E+00   2.984729E+00   1.134451E+00   6.535087E+01   1.291793E-16  -2.592031E-15  -1.493157E-13   1.200000E+02  -1.740828E+00
  6.665000000001E+00   2.990154E+00   1.032474E+00   6.526624E+01   1.174346E-16  -2.131447E-15  -1.347361E-13   1.200000E+02  -1.739081E+00
  6.670000000001E+00   2.995042E+00   9.231828E-01   6.519715E+01   1.094963E-16  -1.050981E-15  -7.422252E-14   1.200000E+02  -1.727523E+00
  6.675000000001E+00   2.999407E+00   8.267914E-01   6.515365E+01   1.065116E-16   9.119188E-17   7.186194E-15   1.200000E+02  -1.708715E+00
  6.680000000001E+00   3.003358E+00   7.605228E-01   6.514784E+01   1.088043E-16   7.101298E-16   6.083108E-14   1.200000E+02  -1.686279E+00
  6.685000000001E+00   3.007078E+00   7.350260E-01   6.518806E+01   1.133904E-16   1.316410E-15   1.167499E-13   1.200000E+02  -1.664273E+00
  6.690000000001E+00   3.010778E+00   7.526057E-01   6.526962E+01   1.217629E-16   1.954198E-15   1.694776E-13   1.200000E+02  -1.646520E+00
  6.695000000001E+00   3.014664E+00   8.075639E-01   6.537222E+01   1.343066E-16   3.114519E-15   2.521200E-13   1.200000E+02  -1.635984E+00
  6.700000000001E+00   3.018894E+00   8.879300E-01   6.546895E+01   1.511696E-16   3.434919E-15   2.532638E-13   1.200000E+02  -1.634278E+00
  6.705000000001E+00   3.023558E+00   9.778139E-01   6.553797E+01   1.691542E-16   3.725579E-15   2.497069E-13   1.200000E+02  -1.641380E+00
  6.710000000001E+00   3.028660E+00   1.060122E+00   6.556839E+01   1.878306E-16   3.507646E-15   2.169473E-13   1.200000E+02  -1.655604E+00
  6.715000000001E+00   3.034123E+00   1.119479E+00   6.556003E+01   2.043383E-16   2.932159E-15   1.717159E-13   1.200000E+02  -1.673899E+00
  6.720000000001E+00   3.039801E+00   1.144948E+00   6.552011E+01   2.163583E-16   1.569436E-15   8.981165E-14   1.200000E+02  -1.692453E+00
  6.725000000001E+00   3.045510E+00   1.132007E+00   6.545931E+01   2.202851E-16  -8.799746E-17  -5.088530E-15   1.200000E+02  -1.707498E+00
  6.730000000001E+00   3.051063E+00   1.083357E+00   6.538865E+01   2.162715E-16  -1.644822E-15  -9.927726E-14   1.200000E+02  -1.716091E+00
  6.735000000001E+00   3.056301E+00   1.008348E+00   6.531791E+01   2.034033E-16  -3.155738E-15  -2.044198E-13   1.200000E+02  -1.716652E+00
  6.740000000001E+00   3.061127E+00   9.211392E-01   6.525589E+01   1.858642E-16  -3.786649E-15  -2.682560E-13   1.200000E+02  -1.709167E+00
  6.745000000001E+00   3.065519E+00   8.378947E-01   6.521171E+01   1.659573E-16  -4.103803E-15  -3.193910E-13   1.200000E+02  -1.695066E+00
  6.750000000001E+00   3.069536E+00   7.735904E-01   6.519537E+01   1.459260E-16  -3.946499E-15  -3.325965E-13   1.200000E+02  -1.676875E+00
  6.755000000001E+00   3.073303E+00   7.391901E-01   6.521515E+01   1.279018E-16  -3.214661E-15  -2.836139E-13   1.200000E+02  -1.657739E+00
  6.760000000001E+00   3.076985E+00   7.399525E-01   6.527195E+01   1.133828E-16  -2.439113E-15  -2.151566E-13   1.200000E+02  -1.640907E+00
  6.765000000001E+00   3.080758E+00   7.751930E-01   6.535533E+01   1.031702E-16  -1.463911E-15  -1.234201E-13   1.200000E+02  -1.629233E+00
  6.770000000001E+00   3.084783E+00   8.391345E-01   6.544621E+01   9.933081E-17   8.341696E-17   6.505898E-15   1.200000E+02  -1.624771E+00
  6.775000000001E+00   3.089180E+00   9.221985E-01   6.552452E+01   1.035146E-16   1.410669E-15   1.002315E-13   1.200000E+02  -1.628482E+00
  6.780000000001E+00   3.094016E+00   1.012378E+00   6.557565E+01   1.135161E-16   2.755373E-15   1.784762E-13   1.200000E+02  -1.640072E+00
  6.785000000001E+00   3.099295E+00   1.096675E+00   6.559303E+01   1.298421E-16   3.509443E-15   2.099027E-13   1.200000E+02  -1.657989E+00
  6.790000000001E+00   3.104954E+00   1.162633E+00   6.557740E+01   1.481752E-16   3.630345E-15   2.047668E-13   1.200000E+02  -1.679613E+00
  6.795000000001E+00   3.110875E+00   1.199895E+00   6.553465E+01   1.651858E-16   2.962116E-15   1.617819E-13   1.200000E+02  -1.701638E+00
  6.800000000001E+00   3.116896E+00   1.201628E+00   6.547313E+01   1.799838E-16   2.536925E-15   1.382294E-13   1.200000E+02  -1.720611E+00
  6.805000000001E+00   3.122830E+00   1.165655E+00   6.540123E+01   1.898650E-16   1.416611E-15   7.948160E-14   1.200000E+02  -1.733495E+00
  6.810000000001E+00   3.128496E+00   1.095121E+00   6.532589E+01   1.938089E-16   2.815336E-17   1.679398E-15   1.200000E+02  -1.738146E+00
  6.815000000001E+00   3.133740E+00   9.985620E-01   6.525236E+01   1.918781E-16  -7.728317E-16  -5.050171E-14   1.200000E+02  -1.733598E+00
  6.820000000001E+00   3.138461E+00   8.891980E-01   6.518553E+01   1.882383E-16  -6.889777E-16  -5.050773E-14   1.200000E+02  -1.720168E+00
  6.825000000001E+00   3.142637E+00   7.832893E-01   6.513265E+01   1.857680E-16  -3.881288E-16  -3.227397E-14   1.200000E+02  -1.699400E+00
  6.830000000001E+00   3.146327E+00   6.975864E-01   6.510593E+01   1.843504E-16  -3.915094E-16  -3.653968E-14   1.200000E+02  -1.673909E+00
  6.835000000001E+00   3.149668E+00   6.462634E-01   6.512146E+01   1.835971E-16   4.282244E-17   4.315051E-15   1.200000E+02  -1.647100E+00
  6.840000000001E+00   3.152859E+00   6.382466E-01   6.519017E+01   1.842225E-16   2.132897E-16   2.178529E-14   1.200000E+02  -1.622763E+00
  6.845000000001E+00   3.156124E+00   6.758867E-01   6.530547E+01   1.864005E-16   5.511045E-16   5.324877E-14   1.200000E+02  -1.604579E+00
  6.850000000001E+00   3.159685E+00   7.550105E-01   6.544154E+01   1.894622E-16   6.530571E-16   5.660460E-14   1.200000E+02  -1.595592E+00
  6.855000000001E+00   3.163725E+00   8.655481E-01   6.556564E+01   1.932066E-16   9.542794E-16   7.228708E-14   1.200000E+02  -1.597724E+00
  6.860000000001E+00   3.168367E+00   9.923763E-01   6.565179E+01   1.978063E-16   1.161074E-15   7.681220E-14   1.200000E+02  -1.611331E+00
  6.865000000001E+00   3.173645E+00   1.116784E+00   6.568701E+01   2.042374E-16   1.536767E-15   9.038951E-14   1.200000E+02  -1.634907E+00
  6.870000000001E+00   3.179499E+00   1.218924E+00   6.567099E+01   2.123153E-16   1.622219E-15   8.739897E-14   1.200000E+02  -1.665076E+00
  6.875000000001E+00   3.185770E+00   1.281057E+00   6.561279E+01   2.222039E-16   2.243814E-15   1.149230E-13   1.200000E+02  -1.697023E+00
  6.880000000001E+00   3.192225E+00   1.290975E+00   6.552621E+01   2.363202E-16   3.149907E-15   1.598803E-13   1.200000E+02  -1.725369E+00
  6.885000000001E+00   3.198589E+00   1.244789E+00   6.542525E+01   2.539579E-16   3.623622E-15   1.904550E-13   1.200000E+02  -1.745270E+00
  6.890000000001E+00   3.204592E+00   1.148411E+00   6.532091E+01   2.708007E-16   3.167520E-15   1.801666E-13   1.200000E+02  -1.753404E+00
  6.895000000001E+00   3.210017E+00   1.017238E+00   6.522062E+01   2.859011E-16   2.987690E-15   1.915570E-13   1.200000E+02  -1.748534E+00
  6.900000000001E+00   3.214745E+00   8.738211E-01   6.513089E+01   2.997062E-16   2.151327E-15   1.603507E-13   1.200000E+02  -1.731596E+00
  6.905000000001E+00   3.218777E+00   7.436532E-01   6.506284E+01   3.068867E-16   8.082799E-16   7.071708E-14   1.200000E+02  -1.705418E+00
  6.910000000001E+00   3.222240E+00   6.497119E-01   6.503659E+01   3.083802E-16  -2.353416E-16  -2.355784E-14   1.200000E+02  -1.674234E+00
  6.915000000001E+00   3.225357E+00   6.072728E-01   6.507526E+01   3.035490E-16  -1.559621E-15  -1.671288E-13   1.200000E+02  -1.643014E+00
  6.920000000001E+00   3.228403E+00   6.211082E-01   6.518423E+01   2.926119E-16  -2.867046E-15  -3.008915E-13   1.200000E+02  -1.616673E+00
  6.925000000001E+00   3.231650E+00   6.860565E-01   6.533730E+01   2.739627E-16  -4.439897E-15  -4.228382E-13   1.200000E+02  -1.599302E+00
  6.930000000001E+00   3.235325E+00   7.894426E-01   6.549109E+01   2.480917E-16  -6.225414E-15  -5.164519E-13   1.200000E+02  -1.593561E+00
  6.935000000001E+00   3.239578E+00   9.135735E-01   6.560907E+01   2.129105E-16  -7.648027E-15  -5.492496E-13   1.200000E+02  -1.600262E+00
  6.940000000001E+00   3.244462E+00   1.038240E+00   6.567250E+01   1.717661E-16  -8.431111E-15  -5.332990E-13   1.200000E+02  -1.618166E+00
  6.945000000001E+00   3.249929E+00   1.143632E+00   6.567933E+01   1.325718E-16  -7.056214E-15  -4.052418E-13   1.200000E+02  -1.644101E+00
  6.950000000001E+00   3.255841E+00   1.213458E+00   6.563880E+01   1.022555E-16  -4.831220E-15  -2.613319E-13   1.200000E+02  -1.673482E+00
  6.955000000001E+00   3.261990E+00   1.237601E+00   6.556579E+01   8.499604E-17  -1.817249E-15  -9.627445E-14   1.200000E+02  -1.701205E+00
  6.960000000001E+00   3.268140E+00   1.213674E+00   6.547584E+01   8.544153E-17   2.056902E-15   1.109667E-13   1.200000E+02  -1.722683E+00
  6.965000000001E+00   3.274059E+00   1.147153E+00   6.538183E+01   1.055274E-16   5.710675E-15   3.254791E-13   1.200000E+02  -1.734714E+00
  6.970000000001E+00   3.279562E+00   1.050122E+00   6.529296E+01   1.385782E-16   7.363977E-15   4.578666E-13   1.200000E+02  -1.735930E+00
  6.975000000001E+00   3.284537E+00   9.389338E-01   6.521587E+01   1.779667E-16   8.054289E-15   5.594297E-13   1.200000E+02  -1.726775E+00
  6.980000000001E+00   3.288957E+00   8.312491E-01   6.515730E+01   2.165404E-16   7.113044E-15   5.575545E-13   1.200000E+02  -1.709172E+00
  6.985000000001E+00   3.292881E+00   7.429751E-01   6.512617E+01   2.486314E-16   5.550711E-15   4.865527E-13   1.200000E+02  -1.686056E+00
  6.990000000001E+00   3.296437E+00   6.857294E-01   6.513268E+01   2.718370E-16   3.679793E-15   3.495180E-13   1.200000E+02  -1.660877E+00
  6.995000000001E+00   3.299798E+00   6.654675E-01   6.518263E+01   2.860223E-16   1.852485E-15   1.814512E-13   1.200000E+02  -1.637130E+00
  7.000000000001E+00   3.303152E+00   6.825832E-01   6.527061E+01   2.903405E-16  -2.129763E-16  -2.036542E-14   1.200000E+02  -1.617948E+00
  7.005000000001E+00   3.306677E+00   7.330714E-01   6.537942E+01   2.847080E-16  -2.024533E-15  -1.805592E-13   1.200000E+02  -1.605790E+00
  7.010000000001E+00   3.310525E+00   8.098733E-01   6.548687E+01   2.705186E-16  -3.785090E-15  -3.060648E-13   1.200000E+02  -1.602232E+00
  7.015000000001E+00   3.314803E+00   9.038258E-01   6.557366E+01   2.488110E-16  -4.850481E-15  -3.519083E-13   1.200000E+02  -1.607835E+00
  7.020000000001E+00   3.319573E+00   1.004241E+00   6.562763E+01   2.234599E-16  -5.264424E-15  -3.440326E-13   1.200000E+02  -1.622061E+00
  7.025000000001E+00   3.324837E+00   1.099424E+00   6.564427E+01   1.972786E-16  -4.983006E-15  -2.975247E-13   1.200000E+02  -1.643260E+00
  7.030000000001E+00   3.330540E+00   1.177401E+00   6.562547E+01   1.754805E-16  -3.489146E-15  -1.944765E-13   1.200000E+02  -1.668768E+00
  7.035000000001E+00   3.336566E+00   1.226996E+00   6.557752E+01   1.606722E-16  -2.063011E-15  -1.102589E-13   1.200000E+02  -1.695176E+00
  7.040000000001E+00   3.342750E+00   1.239235E+00   6.550887E+01   1.544262E-16  -5.791292E-16  -3.061414E-14   1.200000E+02  -1.718753E+00
  7.045000000001E+00   3.348890E+00   1.208940E+00   6.542796E+01   1.557545E-16   1.018488E-15   5.512064E-14   1.200000E+02  -1.735991E+00
  7.050000000001E+00   3.354771E+00   1.136257E+00   6.534147E+01   1.646032E-16   2.245860E-15   1.291502E-13   1.200000E+02  -1.744124E+00
  7.055000000001E+00   3.360195E+00   1.027749E+00   6.525368E+01   1.766684E-16   2.622314E-15   1.664955E-13   1.200000E+02  -1.741540E+00
  7.060000000001E+00   3.365012E+00   8.966254E-01   6.516751E+01   1.896920E-16   2.521013E-15   1.832294E-13   1.200000E+02  -1.728010E+00
  7.065000000001E+00   3.369155E+00   7.616102E-01   6.508793E+01   2.029399E-16   2.605957E-15   2.227075E-13   1.200000E+02  -1.704760E+00
  7.070000000001E+00   3.372656E+00   6.441620E-01   6.502773E+01   2.138161E-16   1.795511E-15   1.812557E-13   1.200000E+02  -1.674424E+00
  7.075000000001E+00   3.375657E+00   5.642298E-01   6.501195E+01   2.207637E-16   1.133568E-15   1.306124E-13   1.200000E+02  -1.640823E+00
  7.080000000001E+00   3.378382E+00   5.357667E-01   6.506931E+01   2.251553E-16   6.728182E-16   8.171432E-14   1.200000E+02  -1.608537E+00
  7.085000000001E+00   3.381106E+00   5.641483E-01   6.520594E+01   2.275068E-16   8.408158E-17   9.718400E-15   1.200000E+02  -1.582275E+00
  7.090000000001E+00   3.384110E+00   6.464125E-01   6.538988E+01   2.272523E-16  -1.537220E-16  -1.555024E-14   1.200000E+02  -1.566210E+00
  7.095000000001E+00   3.387640E+00   7.725393E-01   6.557040E+01   2.254553E-16  -5.169305E-16  -4.387523E-14   1.200000E+02  -1.563374E+00
  7.100000000001E+00   3.391880E+00   9.262983E-01   6.570577E+01   2.213726E-16  -1.027426E-15  -7.287914E-14   1.200000E+02  -1.575101E+00
  7.105000000001E+00   3.396914E+00   1.086400E+00   6.577448E+01   2.165204E-16  -8.143633E-16  -4.930443E-14   1.200000E+02  -1.600538E+00
  7.110000000001E+00   3.402715E+00   1.228936E+00   6.577387E+01   2.124940E-16  -4.920439E-16  -2.633467E-14   1.200000E+02  -1.636417E+00
  7.115000000001E+00   3.409138E+00   1.331048E+00   6.571483E+01   2.123667E-16   1.277305E-16   6.306151E-15   1.200000E+02  -1.677331E+00
  7.120000000001E+00   3.415932E+00   1.375021E+00   6.561569E+01   2.133560E-16   1.724090E-16   8.227321E-15   1.200000E+02  -1.716641E+00
  7.125000000001E+00   3.422780E+00   1.351807E+00   6.549587E+01   2.150893E-16   5.974651E-16   2.894755E-14   1.200000E+02  -1.747850E+00
  7.130000000001E+00   3.429345E+00   1.263177E+00   6.537065E+01   2.191979E-16   8.914936E-16   4.613567E-14   1.200000E+02  -1.765980E+00
  7.135000000001E+00   3.435327E+00   1.122022E+00   6.524869E+01   2.239893E-16   1.114091E-15   6.478747E-14   1.200000E+02  -1.768456E+00
  7.140000000001E+00   3.440517E+00   9.506283E-01   6.513319E+01   2.305483E-16   1.085594E-15   7.438045E-14   1.200000E+02  -1.755296E+00
  7.145000000001E+00   3.444830E+00   7.769750E-01   6.502740E+01   2.345745E-16   4.801601E-16   4.018606E-14   1.200000E+02  -1.728798E+00
  7.150000000001E+00   3.448328E+00   6.293954E-01   6.494387E+01   2.352755E-16  -7.690193E-17  -7.935089E-15   1.200000E+02  -1.693002E+00
  7.155000000001E+00   3.451202E+00   5.304611E-01   6.491207E+01   2.331888E-16  -6.469298E-16  -7.916424E-14   1.200000E+02  -1.653077E+00
  7.160000000001E+00   3.453730E+00   4.919930E-01   6.496749E+01   2.282577E-16  -1.288757E-15  -1.701798E-13   1.200000E+02  -1.614569E+00
  7.165000000001E+00   3.456220E+00   5.139643E-01   6.511550E+01   2.211398E-16  -1.518981E-15  -1.924437E-13   1.200000E+02  -1.582579E+00
  7.170000000001E+00   3.458953E+00   5.876290E-01   6.531533E+01   2.125304E-16  -1.873337E-15  -2.082226E-13   1.200000E+02  -1.561091E+00
  7.175000000001E+00   3.462157E+00   6.993057E-01   6.551056E+01   2.017416E-16  -2.497431E-15  -2.339579E-13   1.200000E+02  -1.552587E+00
  7.180000000001E+00   3.465981E+00   8.325656E-01   6.566059E+01   1.899385E-16  -2.257750E-15  -1.780583E-13   1.200000E+02  -1.557838E+00
  7.185000000001E+00   3.470489E+00   9.697303E-01   6.574744E+01   1.791901E-16  -1.919015E-15  -1.301087E-13   1.200000E+02  -1.575802E+00
  7.190000000001E+00   3.475657E+00   1.093629E+00   6.577037E+01   1.707459E-16  -1.028262E-15  -6.183927E-14   1.200000E+02  -1.603698E+00
  7.195000000001E+00   3.481380E+00   1.189534E+00   6.573941E+01   1.677787E-16  -4.286274E-16  -2.368803E-14   1.200000E+02  -1.637373E+00
  7.200000000001E+00   3.487490E+00   1.246836E+00   6.566994E+01   1.678277E-16   3.063969E-16   1.613770E-14   1.200000E+02  -1.671946E+00
  7.205000000001E+00   3.493778E+00   1.260124E+00   6.557834E+01   1.695822E-16   6.014554E-16   3.130044E-14   1.200000E+02  -1.702641E+00
  7.210000000001E+00   3.500021E+00   1.229571E+00   6.547874E+01   1.715906E-16   2.687525E-16   1.431197E-14   1.200000E+02  -1.725574E+00
  7.215000000001E+00   3.506012E+00   1.160700E+00   6.538125E+01   1.716416E-16  -1.176213E-16  -6.625509E-15   1.200000E+02  -1.738288E+00
  7.220000000001E+00   3.511582E+00   1.063628E+00   6.529198E+01   1.715866E-16   4.257326E-16   2.613407E-14   1.200000E+02  -1.739925E+00
  7.225000000001E+00   3.516624E+00   9.518071E-01   6.521463E+01   1.750477E-16   9.841940E-16   6.743367E-14   1.200000E+02  -1.731092E+00
  7.230000000001E+00   3.521101E+00   8.403127E-01   6.515313E+01   1.811446E-16   1.368124E-15   1.060767E-13   1.200000E+02  -1.713568E+00
  7.235000000001E+00   3.525051E+00   7.437677E-01   6.511420E+01   1.894537E-16   1.996668E-15   1.748011E-13   1.200000E+02  -1.689975E+00
  7.240000000001E+00   3.528582E+00   6.741705E-01   6.510781E+01   1.995587E-16   2.201283E-15   2.125883E-13   1.200000E+02  -1.663455E+00
  7.245000000001E+00   3.531849E+00   6.391132E-01   6.514316E+01   2.119115E-16   2.708553E-15   2.760758E-13   1.200000E+02  -1.637333E+00
  7.250000000001E+00   3.535033E+00   6.409546E-01   6.522079E+01   2.264634E-16   3.044967E-15   3.098428E-13   1.200000E+02  -1.614754E+00
  7.255000000001E+00   3.538313E+00   6.771046E-01   6.532785E+01   2.416045E-16   2.842414E-15   2.742394E-13   1.200000E+02  -1.598350E+00
  7.260000000001E+00   3.541848E+00   7.409576E-01   6.544222E+01   2.550391E-16   2.618400E-15   2.312601E-13   1.200000E+02  -1.589948E+00
  7.265000000001E+00   3.545752E+00   8.229283E-01   6.554161E+01   2.668764E-16   1.951731E-15   1.554444E-13   1.200000E+02  -1.590352E+00
  7.270000000001E+00   3.550088E+00   9.115157E-01   6.561039E+01   2.726228E-16   3.510059E-16   2.526521E-14   1.200000E+02  -1.599210E+00
  7.275000000001E+00   3.554858E+00   9.945920E-01   6.564173E+01   2.692188E-16  -1.587203E-15  -1.047533E-13   1.200000E+02  -1.615011E+00
  7.280000000001E+00   3.560007E+00   1.060975E+00   6.563664E+01   2.589142E-16  -2.660276E-15  -1.645765E-13   1.200000E+02  -1.635253E+00
  7.285000000001E+00   3.565427E+00   1.102087E+00   6.560162E+01   2.421380E-16  -4.059889E-15  -2.416646E-13   1.200000E+02  -1.656822E+00
  7.290000000001E+00   3.570980E+00   1.113345E+00   6.554606E+01   2.211592E-16  -4.365780E-15  -2.570269E-13   1.200000E+02  -1.676523E+00
  7.295000000001E+00   3.576513E+00   1.094969E+00   6.547994E+01   2.001045E-16  -3.877056E-15  -2.318508E-13   1.200000E+02  -1.691646E+00
  7.300000000001E+00   3.581890E+00   1.051941E+00   6.541237E+01   1.812435E-16  -3.169219E-15  -1.970700E-13   1.200000E+02  -1.700416E+00
  7.305000000001E+00   3.587007E+00   9.930874E-01   6.535107E+01   1.685138E-16  -1.717008E-15  -1.129893E-13   1.200000E+02  -1.702235E+00
  7.310000000001E+00   3.591813E+00   9.293588E-01   6.530258E+01   1.640928E-16  -7.971038E-17  -5.600952E-15   1.200000E+02  -1.697657E+00
  7.315000000001E+00   3.596311E+00   8.716691E-01   6.527250E+01   1.678899E-16   1.756854E-15   1.315571E-13   1.200000E+02  -1.688173E+00
  7.320000000001E+00   3.600554E+00   8.287679E-01   6.526489E+01   1.785666E-16   2.528925E-15   1.991511E-13   1.200000E+02  -1.675857E+00
  7.325000000001E+00   3.604630E+00   8.056998E-01   6.528055E+01   1.927215E-16   3.154450E-15   2.555843E-13   1.200000E+02  -1.662961E+00
  7.330000000001E+00   3.608644E+00   8.032285E-01   6.531551E+01   2.084768E-16   3.198963E-15   2.601276E-13   1.200000E+02  -1.651527E+00
  7.335000000001E+00   3.612691E+00   8.182655E-01   6.536135E+01   2.239088E-16   2.581219E-15   2.061824E-13   1.200000E+02  -1.643073E+00
  7.340000000001E+00   3.616845E+00   8.450355E-01   6.540772E+01   2.346968E-16   1.486735E-15   1.150768E-13   1.200000E+02  -1.638407E+00
  7.345000000001E+00   3.621149E+00   8.765858E-01   6.544569E+01   2.393526E-16   3.256539E-16   2.431324E-14   1.200000E+02  -1.637569E+00
  7.350000000001E+00   3.625608E+00   9.062915E-01   6.546985E+01   2.364527E-16  -1.366832E-15  -9.873896E-14   1.200000E+02  -1.639933E+00
  7.355000000001E+00   3.630200E+00   9.290775E-01   6.547882E+01   2.264821E-16  -2.681189E-15  -1.889628E-13   1.200000E+02  -1.644416E+00
  7.360000000001E+00   3.634883E+00   9.421545E-01   6.547454E+01   2.107630E-16  -3.573808E-15  -2.483599E-13   1.200000E+02  -1.649755E+00
  7.365000000001E+00   3.639606E+00   9.451689E-01   6.546093E+01   1.902890E-16  -4.668285E-15  -3.233182E-13   1.200000E+02  -1.654785E+00
  7.370000000001E+00   3.644321E+00   9.398058E-01   6.544265E+01   1.656565E-16  -4.894888E-15  -3.408517E-13   1.200000E+02  -1.658647E+00
  7.375000000001E+00   3.648995E+00   9.290206E-01   6.542410E+01   1.421351E-16  -4.559736E-15  -3.211088E-13   1.200000E+02  -1.660901E+00
  7.380000000001E+00   3.653608E+00   9.161497E-01   6.540868E+01   1.207108E-16  -4.064696E-15  -2.901997E-13   1.200000E+02  -1.661514E+00
  7.385000000001E+00   3.658158E+00   9.041500E-01   6.539847E+01   1.026551E-16  -2.835359E-15  -2.050856E-13   1.200000E+02  -1.660774E+00
  7.390000000001E+00   3.662655E+00   8.951341E-01   6.539422E+01   9.039439E-17  -1.967297E-15  -1.437213E-13   1.200000E+02  -1.659156E+00
  7.395000000001E+00   3.667116E+00   8.902540E-01   6.539547E+01   8.355756E-17  -5.980745E-16  -4.393282E-14   1.200000E+02  -1.657195E+00
  7.400000000001E+00   3.671564E+00   8.898589E-01   6.540105E+01   8.290520E-17   4.273164E-16   3.140604E-14   1.200000E+02  -1.655384E+00
  7.405000000001E+00   3.676022E+00   8.937761E-01   6.540945E+01   8.930360E-17   2.177211E-15   1.593354E-13   1.200000E+02  -1.654121E+00
  7.410000000001E+00   3.680508E+00   9.015492E-01   6.541918E+01   1.021892E-16   2.954748E-15   2.144056E-13   1.200000E+02  -1.653693E+00
  7.415000000001E+00   3.685042E+00   9.125205E-01   6.542887E+01   1.196212E-16   4.101683E-15   2.940958E-13   1.200000E+02  -1.654275E+00
  7.420000000001E+00   3.689637E+00   9.257359E-01   6.543719E+01   1.427187E-16   5.156470E-15   3.644937E-13   1.200000E+02  -1.655929E+00
  7.425000000001E+00   3.694301E+00   9.397489E-01   6.544280E+01   1.704853E-16   5.424964E-15   3.777869E-13   1.200000E+02  -1.658587E+00
  7.430000000001E+00   3.699033E+00   9.524652E-01   6.544432E+01   1.984111E-16   5.814659E-15   3.995279E-13   1.200000E+02  -1.662019E+00
  7.435000000001E+00   3.703819E+00   9.611833E-01   6.544051E+01   2.275956E-16   5.984882E-15   4.074704E-13   1.200000E+02  -1.665806E+00
  7.440000000001E+00   3.708633E+00   9.629358E-01   6.543058E+01   2.572317E-16   5.561455E-15   3.778956E-13   1.200000E+02  -1.669329E+00
  7.445000000001E+00   3.713433E+00   9.551395E-01   6.541449E+01   2.831654E-16   4.773677E-15   3.269341E-13   1.200000E+02  -1.671828E+00
  7.450000000001E+00   3.718167E+00   9.364366E-01   6.539325E+01   3.046158E-16   3.478631E-15   2.429198E-13   1.200000E+02  -1.672506E+00
  7.455000000001E+00   3.722781E+00   9.074964E-01   6.536910E+01   3.173611E-16   1.839863E-15   1.325297E-13   1.200000E+02  -1.670703E+00
  7.460000000001E+00   3.727230E+00   8.714895E-01   6.534556E+01   3.231748E-16   3.820447E-16   2.864627E-14   1.200000E+02  -1.666079E+00
  7.465000000001E+00   3.731493E+00   8.339749E-01   6.532750E+01   3.211558E-16  -1.284020E-15  -1.005807E-13   1.200000E+02  -1.658788E+00
  7.470000000001E+00   3.735579E+00   8.020794E-01   6.532068E+01   3.112316E-16  -2.659650E-15  -2.165997E-13   1.200000E+02  -1.649555E+00
  7.475000000001E+00   3.739535E+00   7.830732E-01   6.533049E+01   2.945123E-16  -4.110370E-15  -3.429213E-13   1.200000E+02  -1.639652E+00
  7.480000000001E+00   3.743440E+00   7.826776E-01   6.535956E+01   2.720525E-16  -4.589400E-15  -3.832500E-13   1.200000E+02  -1.630738E+00
  7.485000000001E+00   3.747396E+00   8.035656E-01   6.540530E+01   2.483032E-16  -4.824448E-15  -3.926804E-13   1.200000E+02  -1.624570E+00
  7.490000000001E+00   3.751508E+00   8.444359E-01   6.545925E+01   2.233122E-16  -4.936790E-15  -3.826917E-13   1.200000E+02  -1.622662E+00
  7.495000000001E+00   3.755864E+00   8.998530E-01   6.550947E+01   2.009757E-16  -4.061032E-15  -2.956439E-13   1.200000E+02  -1.625919E+00
  7.500000000001E+00   3.760515E+00   9.608970E-01   6.554452E+01   1.837258E-16  -2.779043E-15  -1.895636E-13   1.200000E+02  -1.634350E+00
  7.505000000001E+00   3.765464E+00   1.016584E+00   6.555688E+01   1.735455E-16  -9.776649E-16  -6.304706E-14   1.200000E+02  -1.646934E+00
  7.510000000001E+00   3.770655E+00   1.055897E+00   6.554436E+01   1.726845E-16   6.983652E-16   4.335074E-14   1.200000E+02  -1.661696E+00
  7.515000000001E+00   3.775983E+00   1.070070E+00   6.550960E+01   1.811674E-16   2.728554E-15   1.670418E-13   1.200000E+02  -1.676041E+00
  7.520000000001E+00   3.781308E+00   1.054653E+00   6.545846E+01   1.974172E-16   3.366804E-15   2.089651E-13   1.200000E+02  -1.687261E+00
  7.525000000001E+00   3.786483E+00   1.010802E+00   6.539827E+01   2.158533E-16   3.974366E-15   2.571390E-13   1.200000E+02  -1.693117E+00
  7.530000000001E+00   3.791381E+00   9.454236E-01   6.533674E+01   2.347168E-16   3.394269E-15   2.345726E-13   1.200000E+02  -1.692317E+00
  7.535000000001E+00   3.795921E+00   8.700020E-01   6.528192E+01   2.491430E-16   2.382083E-15   1.787432E-13   1.200000E+02  -1.684780E+00
  7.540000000001E+00   3.800087E+00   7.982732E-01   6.524287E+01   2.582738E-16   1.413801E-15   1.155499E-13   1.200000E+02  -1.671644E+00
  7.545000000001E+00   3.803931E+00   7.432524E-01   6.522935E+01   2.620139E-16   1.049761E-16   9.212921E-15   1.200000E+02  -1.655045E+00
  7.550000000001E+00   3.807562E+00   7.144249E-01   6.524885E+01   2.613111E-16  -3.582194E-16  -3.271639E-14   1.200000E+02  -1.637710E+00
  7.555000000001E+00   3.811124E+00   7.159501E-01   6.530144E+01   2.589683E-16  -7.241183E-16  -6.604645E-14   1.200000E+02  -1.622468E+00
  7.560000000001E+00   3.814768E+00   7.463146E-01   6.537682E+01   2.548277E-16  -8.267851E-16  -7.242600E-14   1.200000E+02  -1.611760E+00
  7.565000000001E+00   3.818624E+00   7.992152E-01   6.545757E+01   2.519494E-16  -3.863883E-16  -3.164609E-14   1.200000E+02  -1.607234E+00
  7.570000000001E+00   3.822781E+00   8.651232E-01   6.552616E+01   2.511148E-16   1.540020E-16   1.166442E-14   1.200000E+02  -1.609491E+00
  7.575000000001E+00   3.827278E+00   9.331082E-01   6.557054E+01   2.524752E-16   5.235765E-16   3.679230E-14   1.200000E+02  -1.618006E+00
  7.580000000001E+00   3.832098E+00   9.926734E-01   6.558605E+01   2.572019E-16   1.243931E-15   8.218665E-14   1.200000E+02  -1.631245E+00
  7.585000000001E+00   3.837178E+00   1.035359E+00   6.557437E+01   2.632644E-16   9.918050E-16   6.281589E-14   1.200000E+02  -1.646958E+00
  7.590000000001E+00   3.842416E+00   1.055858E+00   6.554128E+01   2.674935E-16   7.114486E-16   4.416242E-14   1.200000E+02  -1.662613E+00
  7.595000000001E+00   3.847698E+00   1.052473E+00   6.549434E+01   2.700751E-16   1.507434E-16   9.380615E-15   1.200000E+02  -1.675840E+00
  7.600000000001E+00   3.852905E+00   1.026894E+00   6.544098E+01   2.699550E-16  -9.117729E-17  -5.810461E-15   1.200000E+02  -1.684812E+00
  7.605000000001E+00   3.857938E+00   9.834889E-01   6.538744E+01   2.682569E-16  -5.091964E-16  -3.385402E-14   1.200000E+02  -1.688453E+00
  7.610000000001E+00   3.862721E+00   9.283311E-01   6.533858E+01   2.649415E-16  -6.784757E-16  -4.775304E-14   1.200000E+02  -1.686479E+00
  7.615000000001E+00   3.867214E+00   8.682589E-01   6.529815E+01   2.612419E-16  -8.212954E-16  -6.176621E-14   1.200000E+02  -1.679304E+00
  7.620000000001E+00   3.871407E+00   8.101136E-01   6.526946E+01   2.578333E-16  -6.475819E-16  -5.217456E-14   1.200000E+02  -1.667886E+00
  7.625000000001E+00   3.875328E+00   7.602196E-01   6.525593E+01   2.548735E-16  -6.579831E-16  -5.648013E-14   1.200000E+02  -1.653563E+00
  7.630000000001E+00   3.879031E+00   7.240508E-01   6.526100E+01   2.515278E-16  -6.189675E-16  -5.578951E-14   1.200000E+02  -1.637921E+00
  7.635000000001E+00   3.882598E+00   7.059760E-01   6.528726E+01   2.475637E-16  -1.260714E-15  -1.165883E-13   1.200000E+02  -1.622683E+00
  7.640000000001E+00   3.886125E+00   7.089852E-01   6.533469E+01   2.394974E-16  -2.068914E-15  -1.906554E-13   1.200000E+02  -1.609607E+00
  7.645000000001E+00   3.889723E+00   7.343353E-01   6.539905E+01   2.270451E-16  -2.778631E-15  -2.474617E-13   1.200000E+02  -1.600370E+00
  7.650000000001E+00   3.893503E+00   7.811018E-01   6.547146E+01   2.106739E-16  -3.650212E-15  -3.059585E-13   1.200000E+02  -1.596407E+00
  7.655000000001E+00   3.897563E+00   8.456994E-01   6.554009E+01   1.912804E-16  -4.008698E-15  -3.106664E-13   1.200000E+02  -1.598713E+00
  7.660000000001E+00   3.901978E+00   9.215541E-01   6.559307E+01   1.706596E-16  -4.234108E-15  -3.013694E-13   1.200000E+02  -1.607605E+00
  7.665000000001E+00   3.906782E+00   9.992098E-01   6.562135E+01   1.527142E-16  -3.124930E-15  -2.052243E-13   1.200000E+02  -1.622499E+00
  7.670000000001E+00   3.911955E+00   1.067138E+00   6.562054E+01   1.411348E-16  -1.583725E-15  -9.738654E-14   1.200000E+02  -1.641786E+00
  7.675000000001E+00   3.917418E+00   1.113342E+00   6.559124E+01   1.378262E-16   2.380651E-16   1.402533E-14   1.200000E+02  -1.662897E+00
  7.680000000001E+00   3.923037E+00   1.127576E+00   6.553805E+01   1.461505E-16   3.270463E-15   1.900889E-13   1.200000E+02  -1.682616E+00
  7.685000000001E+00   3.928633E+00   1.103754E+00   6.546781E+01   1.707756E-16   6.670715E-15   3.956652E-13   1.200000E+02  -1.697617E+00
  7.690000000001E+00   3.934013E+00   1.041941E+00   6.538767E+01   2.109596E-16   8.766798E-15   5.501658E-13   1.200000E+02  -1.705100E+00
  7.695000000001E+00   3.939002E+00   9.493432E-01   6.530411E+01   2.584036E-16   9.804710E-15   6.744536E-13   1.200000E+02  -1.703354E+00
  7.700000000001E+00   3.943479E+00   8.397980E-01   6.522368E+01   3.050258E-16   8.629478E-15   6.702163E-13   1.200000E+02  -1.692114E+00
  7.705000000001E+00   3.947402E+00   7.315652E-01   6.515572E+01   3.447179E-16   7.255236E-15   6.461763E-13   1.200000E+02  -1.672662E+00
  7.710000000001E+00   3.950827E+00   6.436181E-01   6.511566E+01   3.752315E-16   4.885585E-15   4.942808E-13   1.200000E+02  -1.647660E+00
  7.715000000001E+00   3.953896E+00   5.913049E-01   6.512349E+01   3.927972E-16   2.298013E-15   2.530921E-13   1.200000E+02  -1.620756E+00
  7.720000000001E+00   3.956811E+00   5.829216E-01   6.519191E+01   3.989322E-16   2.326761E-16   2.602168E-14   1.200000E+02  -1.595985E+00
  7.725000000001E+00   3.959796E+00   6.185843E-01   6.531152E+01   3.952433E-16  -1.740377E-15  -1.837529E-13   1.200000E+02  -1.577105E+00
  7.730000000001E+00   3.963056E+00   6.912553E-01   6.545169E+01   3.809428E-16  -4.093660E-15  -3.876092E-13   1.200000E+02  -1.566989E+00
  7.735000000001E+00   3.966748E+00   7.886101E-01   6.557756E+01   3.556672E-16  -5.846768E-15  -4.861931E-13   1.200000E+02  -1.567176E+00
  7.740000000001E+00   3.970957E+00   8.950885E-01   6.566462E+01   3.211728E-16  -7.712464E-15  -5.657943E-13   1.200000E+02  -1.577590E+00
  7.745000000001E+00   3.975687E+00   9.942711E-01   6.570280E+01   2.799733E-16  -8.411158E-15  -5.558209E-13   1.200000E+02  -1.596499E+00
  7.750000000001E+00   3.980865E+00   1.071535E+00   6.569415E+01   2.386438E-16  -8.033362E-15  -4.925130E-13   1.200000E+02  -1.620777E+00
  7.755000000001E+00   3.986351E+00   1.116492E+00   6.564841E+01   2.021744E-16  -6.168806E-15  -3.627184E-13   1.200000E+02  -1.646471E+00
  7.760000000001E+00   3.991970E+00   1.124601E+00   6.557869E+01   1.798381E-16  -2.577254E-15  -1.502870E-13   1.200000E+02  -1.669593E+00
  7.765000000001E+00   3.997540E+00   1.097543E+00   6.549797E+01   1.747987E-16   6.977489E-16   4.163948E-14   1.200000E+02  -1.686886E+00
  7.770000000001E+00   4.002900E+00   1.042329E+00   6.541701E+01   1.854645E-16   3.234934E-15   2.030258E-13   1.200000E+02  -1.696360E+00
  7.775000000001E+00   4.007935E+00   9.694181E-01   6.534373E+01   2.052906E-16   4.351503E-15   2.933135E-13   1.200000E+02  -1.697463E+00
  7.780000000001E+00   4.012585E+00   8.903643E-01   6.528381E+01   2.259639E-16   4.064768E-15   2.980392E-13   1.200000E+02  -1.690908E+00
  7.785000000001E+00   4.016846E+00   8.155745E-01   6.524140E+01   2.453433E-16   3.490877E-15   2.792506E-13   1.200000E+02  -1.678294E+00
  7.790000000001E+00   4.020760E+00   7.527257E-01   6.521955E+01   2.595031E-16   2.065878E-15   1.789970E-13   1.200000E+02  -1.661667E+00
  7.795000000001E+00   4.024399E+00   7.061720E-01   6.521969E+01   2.653907E-16   2.651657E-16   2.448982E-14   1.200000E+02  -1.643140E+00
  7.800000000001E+00   4.027850E+00   6.773504E-01   6.524109E+01   2.629818E-16  -9.222608E-16  -8.883039E-14   1.200000E+02  -1.624622E+00
  7.805000000001E+00   4.031200E+00   6.658528E-01   6.528081E+01   2.568657E-16  -1.746772E-15  -1.712551E-13   1.200000E+02  -1.607686E+00
  7.810000000001E+00   4.034535E+00   6.706242E-01   6.533449E+01   2.470081E-16  -2.101127E-15  -2.046989E-13   1.200000E+02  -1.593564E+00
  7.815000000001E+00   4.037931E+00   6.907767E-01   6.539721E+01   2.370898E-16  -1.827798E-15  -1.730413E-13   1.200000E+02  -1.583220E+00
  7.820000000001E+00   4.041466E+00   7.257320E-01   6.546379E+01   2.310315E-16  -6.060585E-16  -5.466878E-14   1.200000E+02  -1.577431E+00
  7.825000000001E+00   4.045211E+00   7.746935E-01   6.552848E+01   2.314395E-16   3.997800E-16   3.381593E-14   1.200000E+02  -1.576823E+00
  7.830000000001E+00   4.049232E+00   8.357011E-01   6.558474E+01   2.356687E-16   1.776165E-15   1.393911E-13   1.200000E+02  -1.581803E+00
  7.835000000001E+00   4.053581E+00   9.046734E-01   6.562575E+01   2.488835E-16   3.250608E-15   2.358018E-13   1.200000E+02  -1.592396E+00
  7.840000000001E+00   4.058281E+00   9.748800E-01   6.564565E+01   2.688944E-16   4.498420E-15   3.029108E-13   1.200000E+02  -1.608034E+00
  7.845000000001E+00   4.063317E+00   1.037207E+00   6.564099E+01   2.908013E-16   4.236328E-15   2.681016E-13   1.200000E+02  -1.627381E+00
  7.850000000001E+00   4.068624E+00   1.081364E+00   6.561168E+01   3.096859E-16   3.051467E-15   1.851475E-13   1.200000E+02  -1.648294E+00
  7.855000000001E+00   4.074087E+00   1.097900E+00   6.556087E+01   3.183194E-16   4.601737E-16   2.747917E-14   1.200000E+02  -1.668012E+00
  7.860000000001E+00   4.079549E+00   1.080590E+00   6.549400E+01   3.155266E-16  -1.874549E-15  -1.136154E-13   1.200000E+02  -1.683576E+00
  7.865000000001E+00   4.084836E+00   1.028562E+00   6.541743E+01   2.990710E-16  -4.436873E-15  -2.821890E-13   1.200000E+02  -1.692382E+00
  7.870000000001E+00   4.089787E+00   9.475062E-01   6.533747E+01   2.736771E-16  -5.761183E-15  -3.972756E-13   1.200000E+02  -1.692733E+00
  7.875000000001E+00   4.094284E+00   8.494127E-01   6.526077E+01   2.442726E-16  -5.440575E-15  -4.180018E-13   1.200000E+02  -1.684224E+00
  7.880000000001E+00   4.098280E+00   7.506154E-01   6.519626E+01   2.193172E-16  -4.452575E-15  -3.867376E-13   1.200000E+02  -1.667879E+00
  7.885000000001E+00   4.101817E+00   6.683650E-01   6.515729E+01   2.009726E-16  -2.913766E-15  -2.840560E-13   1.200000E+02  -1.646030E+00
  7.890000000001E+00   4.105014E+00   6.167784E-01   6.516003E+01   1.903653E-16  -1.128219E-15  -1.191915E-13   1.200000E+02  -1.621945E+00
  7.895000000001E+00   4.108046E+00   6.035593E-01   6.521444E+01   1.881005E-16   2.991778E-16   3.232609E-14   1.200000E+02  -1.599265E+00
  7.900000000001E+00   4.111111E+00   6.287395E-01   6.531303E+01   1.946942E-16   2.370594E-15   2.462557E-13   1.200000E+02  -1.581362E+00
  7.905000000001E+00   4.114385E+00   6.854980E-01   6.543116E+01   2.116155E-16   4.150299E-15   3.961483E-13   1.200000E+02  -1.570761E+00
  7.910000000001E+00   4.117998E+00   7.621023E-01   6.553962E+01   2.338602E-16   4.633436E-15   3.984683E-13   1.200000E+02  -1.568720E+00
  7.915000000001E+00   4.122015E+00   8.442683E-01   6.561699E+01   2.576243E-16   4.766092E-15   3.704233E-13   1.200000E+02  -1.575030E+00
  7.920000000001E+00   4.126427E+00   9.177758E-01   6.565393E+01   2.796451E-16   4.029708E-15   2.882688E-13   1.200000E+02  -1.588062E+00
  7.925000000001E+00   4.131160E+00   9.710952E-01   6.565163E+01   2.961284E-16   2.179631E-15   1.473556E-13   1.200000E+02  -1.605103E+00
  7.930000000001E+00   4.136094E+00   9.974935E-01   6.561823E+01   3.026765E-16   3.744653E-16   2.463350E-14   1.200000E+02  -1.622943E+00
  7.935000000001E+00   4.141090E+00   9.960646E-01   6.556505E+01   3.011582E-16  -8.695719E-16  -5.723878E-14   1.200000E+02  -1.638566E+00
  7.940000000001E+00   4.146017E+00   9.713964E-01   6.550384E+01   2.942305E-16  -2.035672E-15  -1.372708E-13   1.200000E+02  -1.649766E+00
  7.945000000001E+00   4.150780E+00   9.319714E-01   6.544505E+01   2.844409E-16  -2.060684E-15  -1.447057E-13   1.200000E+02  -1.655501E+00
  7.950000000001E+00   4.155329E+00   8.877575E-01   6.539701E+01   2.733856E-16  -2.317349E-15  -1.707084E-13   1.200000E+02  -1.655919E+00
  7.955000000001E+00   4.159664E+00   8.476634E-01   6.536532E+01   2.627191E-16  -1.486772E-15  -1.146485E-13   1.200000E+02  -1.652096E+00
  7.960000000001E+00   4.163822E+00   8.175726E-01   6.535213E+01   2.587620E-16  -2.218877E-16  -1.773645E-14   1.200000E+02  -1.645609E+00
  7.965000000001E+00   4.167860E+00   7.994708E-01   6.535559E+01   2.599540E-16   6.283453E-16   5.136633E-14   1.200000E+02  -1.638081E+00
  7.970000000001E+00   4.171834E+00   7.918048E-01   6.537045E+01   2.633025E-16   4.136727E-16   3.415232E-14   1.200000E+02  -1.630810E+00
  7.975000000001E+00   4.175788E+00   7.908009E-01   6.538995E+01   2.654872E-16   4.636687E-16   3.833995E-14   1.200000E+02  -1.624563E+00
  7.980000000001E+00   4.179746E+00   7.922136E-01   6.540824E+01   2.670746E-16   9.716913E-17   8.022662E-15   1.200000E+02  -1.619562E+00
  7.985000000001E+00   4.183709E+00   7.929254E-01   6.542216E+01   2.635654E-16  -1.327691E-15  -1.095442E-13   1.200000E+02  -1.615624E+00
  7.990000000001E+00   4.187672E+00   7.919262E-01   6.543164E+01   2.558065E-16  -2.184180E-15  -1.804644E-13   1.200000E+02  -1.612401E+00
  7.995000000001E+00   4.191628E+00   7.904148E-01   6.543898E+01   2.425164E-16  -3.126357E-15  -2.588333E-13   1.200000E+02  -1.609633E+00
  8.000000000001E+00   4.195580E+00   7.910479E-01   6.544746E+01   2.261171E-16  -3.341842E-15  -2.764877E-13   1.200000E+02  -1.607308E+00
  8.005000000001E+00   4.199546E+00   7.966354E-01   6.545954E+01   2.099227E-16  -2.997846E-15  -2.463331E-13   1.200000E+02  -1.605702E+00
  8.010000000001E+00   4.203557E+00   8.087653E-01   6.547550E+01   1.987940E-16  -1.744841E-15  -1.412577E-13   1.200000E+02  -1.605265E+00
  8.015000000001E+00   4.207643E+00   8.268505E-01   6.549290E+01   1.948586E-16   1.715684E-16   1.358953E-14   1.200000E+02  -1.606419E+00
  8.020000000001E+00   4.211830E+00   8.479294E-01   6.550743E+01   2.008321E-16   2.648508E-15   2.046125E-13   1.200000E+02  -1.609327E+00
  8.025000000001E+00   4.216120E+00   8.673063E-01   6.551452E+01   2.186105E-16   4.392369E-15   3.317904E-13   1.200000E+02  -1.613729E+00
  8.030000000001E+00   4.220492E+00   8.798586E-01   6.551113E+01   2.445711E-16   6.130311E-15   4.564411E-13   1.200000E+02  -1.618912E+00
  8.035000000001E+00   4.224901E+00   8.816359E-01   6.549675E+01   2.768660E-16   6.336903E-15   4.707687E-13   1.200000E+02  -1.623832E+00
  8.040000000001E+00   4.229289E+00   8.712641E-01   6.547364E+01   3.071295E-16   5.699436E-15   4.283005E-13   1.200000E+02  -1.627376E+00
  8.045000000001E+00   4.233597E+00   8.506787E-01   6.544636E+01   3.315499E-16   4.137480E-15   3.183141E-13   1.200000E+02  -1.628681E+00
  8.050000000001E+00   4.237787E+00   8.248773E-01   6.542103E+01   3.474636E-16   1.867103E-15   1.480799E-13   1.200000E+02  -1.627404E+00
  8.055000000001E+00   4.241849E+00   8.006725E-01   6.540418E+01   3.512889E-16  -4.861928E-16  -3.971541E-14   1.200000E+02  -1.623864E+00
  8.060000000001E+00   4.245807E+00   7.847706E-01   6.540107E+01   3.437439E-16  -2.809466E-15  -2.341347E-13   1.200000E+02  -1.618991E+00
  8.065000000001E+00   4.249717E+00   7.817677E-01   6.541360E+01   3.258780E-16  -4.079270E-15  -3.413287E-13   1.200000E+02  -1.614102E+00
  8.070000000001E+00   4.253647E+00   7.926998E-01   6.543874E+01   3.030141E-16  -4.707202E-15  -3.885877E-13   1.200000E+02  -1.610542E+00
  8.075000000001E+00   4.257662E+00   8.145892E-01   6.546897E+01   2.782477E-16  -5.140050E-15  -4.131085E-13   1.200000E+02  -1.609312E+00
  8.080000000001E+00   4.261801E+00   8.410998E-01   6.549491E+01   2.536848E-16  -4.626159E-15  -3.602306E-13   1.200000E+02  -1.610761E+00
  8.085000000001E+00   4.266067E+00   8.641292E-01   6.550864E+01   2.341982E-16  -2.911810E-15  -2.207410E-13   1.200000E+02  -1.614442E+00
  8.090000000001E+00   4.270424E+00   8.759616E-01   6.550595E+01   2.248171E-16  -9.090832E-16  -6.798284E-14   1.200000E+02  -1.619190E+00
  8.095000000001E+00   4.274801E+00   8.714567E-01   6.548701E+01   2.239976E-16   7.318836E-16   5.499857E-14   1.200000E+02  -1.623407E+00
  8.100000000001E+00   4.279111E+00   8.496837E-01   6.545579E+01   2.303821E-16   1.611478E-15   1.241410E-13   1.200000E+02  -1.625498E+00
  8.105000000001E+00   4.283276E+00   8.144882E-01   6.541906E+01   2.412041E-16   2.774125E-15   2.228156E-13   1.200000E+02  -1.624327E+00
  8.110000000001E+00   4.287246E+00   7.737248E-01   6.538556E+01   2.549292E-16   2.411539E-15   2.037932E-13   1.200000E+02  -1.619567E+00
  8.115000000001E+00   4.291020E+00   7.372714E-01   6.536487E+01   2.658778E-16   1.858843E-15   1.648009E-13   1.200000E+02  -1.611834E+00
  8.120000000001E+00   4.294641E+00   7.143655E-01   6.536530E+01   2.729230E-16   9.859839E-16   9.021871E-14   1.200000E+02  -1.602565E+00
  8.125000000001E+00   4.298195E+00   7.110915E-01   6.539033E+01   2.779008E-16   7.331184E-16   6.741586E-14   1.200000E+02  -1.593687E+00
  8.130000000001E+00   4.301786E+00   7.288037E-01   6.543563E+01   2.815490E-16   5.847533E-16   5.250207E-14   1.200000E+02  -1.587148E+00
  8.135000000001E+00   4.305511E+00   7.638637E-01   6.548970E+01   2.840642E-16   2.849013E-16   2.442595E-14   1.200000E+02  -1.584443E+00
  8.140000000001E+00   4.309440E+00   8.086032E-01   6.553836E+01   2.858796E-16   3.945676E-16   3.198022E-14   1.200000E+02  -1.586249E+00
  8.145000000001E+00   4.313597E+00   8.531762E-01   6.557002E+01   2.877450E-16   2.224165E-16   1.709360E-14   1.200000E+02  -1.592236E+00
  8.150000000001E+00   4.317956E+00   8.878843E-01   6.557881E+01   2.879818E-16  -1.357746E-16  -1.002826E-14   1.200000E+02  -1.601130E+00
  8.155000000001E+00   4.322448E+00   9.054765E-01   6.556489E+01   2.858057E-16  -8.458079E-16  -6.124433E-14   1.200000E+02  -1.611008E+00
  8.160000000001E+00   4.326978E+00   9.028631E-01   6.553306E+01   2.824156E-16  -4.943662E-16  -3.588288E-14   1.200000E+02  -1.619771E+00
  8.165000000001E+00   4.331447E+00   8.817685E-01   6.549084E+01   2.804678E-16  -4.841916E-16  -3.596195E-14   1.200000E+02  -1.625660E+00
  8.170000000001E+00   4.335776E+00   8.481065E-01   6.544683E+01   2.774360E-16  -3.796381E-16  -2.929598E-14   1.200000E+02  -1.627663E+00
  8.175000000001E+00   4.339921E+00   8.102303E-01   6.540948E+01   2.768462E-16  -3.443962E-17  -2.780293E-15   1.200000E+02  -1.625698E+00
  8.180000000001E+00   4.343885E+00   7.765629E-01   6.538583E+01   2.783918E-16   5.595718E-16   4.711539E-14   1.200000E+02  -1.620545E+00
  8.185000000001E+00   4.347704E+00   7.533370E-01   6.537987E+01   2.811928E-16   6.598551E-16   5.726685E-14   1.200000E+02  -1.613550E+00
  8.190000000001E+00   4.351439E+00   7.431381E-01   6.539106E+01   2.845293E-16   6.653980E-16   5.855046E-14   1.200000E+02  -1.606229E+00
  8.195000000001E+00   4.355154E+00   7.446505E-01   6.541411E+01   2.887491E-16   1.044597E-15   9.176306E-14   1.200000E+02  -1.599865E+00
  8.200000000001E+00   4.358898E+00   7.535697E-01   6.544093E+01   2.947914E-16   1.608096E-15   1.396490E-13   1.200000E+02  -1.595223E+00
  8.205000000001E+00   4.362693E+00   7.642994E-01   6.546376E+01   3.039459E-16   1.582428E-15   1.355381E-13   1.200000E+02  -1.592432E+00
  8.210000000001E+00   4.366535E+00   7.718826E-01   6.547775E+01   3.124672E-16   1.698235E-15   1.440589E-13   1.200000E+02  -1.591071E+00
  8.215000000001E+00   4.370402E+00   7.736078E-01   6.548208E+01   3.192518E-16   1.017440E-15   8.612126E-14   1.200000E+02  -1.590413E+00
  8.220000000001E+00   4.374263E+00   7.698239E-01   6.547959E+01   3.219209E-16   1.991487E-17   1.693916E-15   1.200000E+02  -1.589744E+00
  8.225000000001E+00   4.378096E+00   7.637124E-01   6.547552E+01   3.188005E-16  -1.373896E-15  -1.177885E-13   1.200000E+02  -1.588663E+00
  8.230000000001E+00   4.381904E+00   7.600761E-01   6.547562E+01   3.100668E-16  -2.234230E-15  -1.924644E-13   1.200000E+02  -1.587250E+00
  8.235000000001E+00   4.385709E+00   7.635339E-01   6.548395E+01   2.946640E-16  -3.485981E-15  -2.989727E-13   1.200000E+02  -1.586053E+00
  8.240000000001E+00   4.389555E+00   7.767187E-01   6.550092E+01   2.762787E-16  -3.846904E-15  -3.244106E-13   1.200000E+02  -1.585892E+00
  8.245000000001E+00   4.393491E+00   7.990659E-01   6.552266E+01   2.559610E-16  -3.905730E-15  -3.202662E-13   1.200000E+02  -1.587549E+00
  8.250000000001E+00   4.397554E+00   8.265719E-01   6.554227E+01   2.363809E-16  -3.996731E-15  -3.169172E-13   1.200000E+02  -1.591431E+00
  8.255000000001E+00   4.401754E+00   8.526056E-01   6.555249E+01   2.159028E-16  -4.231260E-15  -3.253200E-13   1.200000E+02  -1.597329E+00
  8.260000000001E+00   4.406065E+00   8.695847E-01   6.554818E+01   1.941212E-16  -4.429460E-15  -3.338871E-13   1.200000E+02  -1.604336E+00
  8.265000000001E+00   4.410425E+00   8.711047E-01   6.552777E+01   1.745974E-16  -3.153887E-15  -2.372472E-13   1.200000E+02  -1.610998E+00
  8.270000000001E+00   4.414746E+00   8.539554E-01   6.549328E+01   1.620638E-16  -2.031860E-15  -1.558315E-13   1.200000E+02  -1.615643E+00
  8.275000000001E+00   4.418936E+00   8.194271E-01   6.544973E+01   1.534455E-16  -1.206012E-15  -9.632723E-14   1.200000E+02  -1.616827E+00
  8.280000000001E+00   4.422922E+00   7.734406E-01   6.540448E+01   1.509162E-16   1.874802E-16   1.585390E-14   1.200000E+02  -1.613752E+00
  8.285000000001E+00   4.426667E+00   7.253305E-01   6.536677E+01   1.531168E-16   1.182550E-15   1.065714E-13   1.200000E+02  -1.606533E+00
  8.290000000001E+00   4.430189E+00   6.855278E-01   6.534674E+01   1.616563E-16   1.957296E-15   1.865759E-13   1.200000E+02  -1.596233E+00
  8.295000000001E+00   4.433550E+00   6.628107E-01   6.535276E+01   1.754713E-16   3.515204E-15   3.465971E-13   1.200000E+02  -1.584660E+00
  8.300000000001E+00   4.436852E+00   6.620202E-01   6.538709E+01   1.956546E-16   4.640965E-15   4.583836E-13   1.200000E+02  -1.573961E+00
  8.305000000001E+00   4.440206E+00   6.829475E-01   6.544288E+01   2.204766E-16   5.293692E-15   5.072637E-13   1.200000E+02  -1.566147E+00
  8.310000000001E+00   4.443709E+00   7.205736E-01   6.550599E+01   2.468688E-16   5.202297E-15   4.729310E-13   1.200000E+02  -1.562640E+00
  8.315000000001E+00   4.447424E+00   7.663889E-01   6.556080E+01   2.734057E-16   5.375283E-15   4.598290E-13   1.200000E+02  -1.563958E+00
  8.320000000001E+00   4.451369E+00   8.103961E-01   6.559570E+01   3.000474E-16   5.212329E-15   4.219003E-13   1.200000E+02  -1.569595E+00
  8.325000000001E+00   4.455511E+00   8.433922E-01   6.560566E+01   3.220377E-16   3.576380E-15   2.781989E-13   1.200000E+02  -1.578147E+00
  8.330000000001E+00   4.459775E+00   8.590558E-01   6.559185E+01   3.333160E-16   6.545792E-16   4.997936E-14   1.200000E+02  -1.587641E+00
  8.335000000001E+00   4.464070E+00   8.553291E-01   6.555988E+01   3.294630E-16  -2.191717E-15  -1.679923E-13   1.200000E+02  -1.596023E+00
  8.340000000001E+00   4.468301E+00   8.347083E-01   6.551783E+01   3.125056E-16  -4.330187E-15  -3.398845E-13   1.200000E+02  -1.601640E+00
  8.345000000001E+00   4.472400E+00   8.033396E-01   6.547456E+01   2.861005E-16  -6.066729E-15  -4.944564E-13   1.200000E+02  -1.603599E+00
  8.350000000001E+00   4.476330E+00   7.691710E-01   6.543846E+01   2.557843E-16  -5.714522E-15  -4.861722E-13   1.200000E+02  -1.601902E+00
  8.355000000001E+00   4.480099E+00   7.397121E-01   6.541613E+01   2.307647E-16  -4.301082E-15  -3.803644E-13   1.200000E+02  -1.597330E+00
  8.360000000001E+00   4.483743E+00   7.200911E-01   6.541083E+01   2.119097E-16  -3.021246E-15  -2.744406E-13   1.200000E+02  -1.591145E+00
  8.365000000001E+00   4.487319E+00   7.119918E-01   6.542132E+01   2.006829E-16  -1.413597E-15  -1.298883E-13   1.200000E+02  -1.584706E+00
  8.370000000001E+00   4.490879E+00   7.137229E-01   6.544217E+01   1.984419E-16   1.369825E-16   1.256010E-14   1.200000E+02  -1.579122E+00
  8.375000000001E+00   4.494465E+00   7.212754E-01   6.546590E+01   2.026468E-16   1.510041E-15   1.370575E-13   1.200000E+02  -1.575013E+00
  8.380000000001E+00   4.498094E+00   7.299436E-01   6.548585E+01   2.120302E-16   2.537794E-15   2.276745E-13   1.200000E+02  -1.572453E+00
  8.385000000001E+00   4.501760E+00   7.359820E-01   6.549832E+01   2.279152E-16   3.746367E-15   3.334059E-13   1.200000E+02  -1.571079E+00
  8.390000000001E+00   4.505447E+00   7.378073E-01   6.550320E+01   2.477777E-16   3.762052E-15   3.339984E-13   1.200000E+02  -1.570324E+00
  8.395000000001E+00   4.509133E+00   7.363910E-01   6.550345E+01   2.638113E-16   2.989733E-15   2.659428E-13   1.200000E+02  -1.569693E+00
  8.400000000001E+00   4.512810E+00   7.347264E-01   6.550363E+01   2.769198E-16   2.316687E-15   2.065414E-13   1.200000E+02  -1.568983E+00
  8.405000000001E+00   4.516486E+00   7.365540E-01   6.550803E+01   2.838805E-16   3.602516E-16   3.204024E-14   1.200000E+02  -1.568375E+00
  8.410000000001E+00   4.520186E+00   7.447799E-01   6.551874E+01   2.823488E-16  -9.917432E-16  -8.724425E-14   1.200000E+02  -1.568359E+00
  8.415000000001E+00   4.523945E+00   7.601316E-01   6.553445E+01   2.757597E-16  -1.444550E-15  -1.245413E-13   1.200000E+02  -1.569531E+00
  8.420000000001E+00   4.527796E+00   7.805018E-01   6.555061E+01   2.703391E-16  -6.986897E-16  -5.867960E-14   1.200000E+02  -1.572313E+00
  8.425000000001E+00   4.531751E+00   8.012063E-01   6.556118E+01   2.704479E-16   9.268316E-16   7.584086E-14   1.200000E+02  -1.576705E+00
  8.430000000001E+00   4.535798E+00   8.161127E-01   6.556082E+01   2.779039E-16   2.447464E-15   1.966122E-13   1.200000E+02  -1.582151E+00
  8.435000000001E+00   4.539893E+00   8.193640E-01   6.554665E+01   2.945612E-16   3.588307E-15   2.870538E-13   1.200000E+02  -1.587575E+00
  8.440000000001E+00   4.543967E+00   8.072348E-01   6.551898E+01   3.116045E-16   2.931797E-15   2.379585E-13   1.200000E+02  -1.591602E+00
  8.445000000001E+00   4.547941E+00   7.795788E-01   6.548117E+01   3.236855E-16   1.647362E-15   1.383711E-13   1.200000E+02  -1.592913E+00
  8.450000000001E+00   4.551744E+00   7.403729E-01   6.543922E+01   3.262267E-16  -5.161464E-16  -4.562055E-14   1.200000E+02  -1.590623E+00
  8.455000000001E+00   4.555338E+00   6.970753E-01   6.540140E+01   3.205411E-16  -1.882684E-15  -1.766382E-13   1.200000E+02  -1.584584E+00
  8.460000000001E+00   4.558723E+00   6.588660E-01   6.537741E+01   3.058171E-16  -3.977343E-15  -3.946605E-13   1.200000E+02  -1.575497E+00
  8.465000000001E+00   4.561948E+00   6.342429E-01   6.537628E+01   2.822476E-16  -5.291594E-15  -5.454452E-13   1.200000E+02  -1.564811E+00
  8.470000000001E+00   4.565096E+00   6.287488E-01   6.540238E+01   2.545396E-16  -5.580031E-15  -5.804342E-13   1.200000E+02  -1.554420E+00
  8.475000000001E+00   4.568268E+00   6.435693E-01   6.545187E+01   2.273732E-16  -5.298529E-15  -5.388676E-13   1.200000E+02  -1.546239E+00
  8.480000000001E+00   4.571559E+00   6.753395E-01   6.551295E+01   2.035179E-16  -4.099801E-15  -3.977111E-13   1.200000E+02  -1.541771E+00
  8.485000000001E+00   4.575038E+00   7.170350E-01   6.557047E+01   1.858389E-16  -2.656456E-15  -2.429241E-13   1.200000E+02  -1.541767E+00
  8.490000000001E+00   4.578731E+00   7.596268E-01   6.561167E+01   1.780218E-16  -4.991514E-16  -4.311349E-14   1.200000E+02  -1.546047E+00
  8.495000000001E+00   4.582621E+00   7.941484E-01   6.562950E+01   1.833136E-16   2.747310E-15   2.270415E-13   1.200000E+02  -1.553537E+00
  8.500000000001E+00   4.586649E+00   8.137606E-01   6.562316E+01   2.053737E-16   5.812605E-15   4.687392E-13   1.200000E+02  -1.562515E+00
  8.505000000001E+00   4.590730E+00   8.153246E-01   6.559677E+01   2.387072E-16   7.290852E-15   5.865841E-13   1.200000E+02  -1.571028E+00
  8.510000000001E+00   4.594775E+00   8.000418E-01   6.555761E+01   2.760526E-16   7.270280E-15   5.957466E-13   1.200000E+02  -1.577362E+00
  8.515000000001E+00   4.598711E+00   7.729467E-01   6.551434E+01   3.076846E-16   5.421857E-15   4.595523E-13   1.200000E+02  -1.580434E+00
  8.520000000001E+00   4.602497E+00   7.413635E-01   6.547574E+01   3.310167E-16   3.578449E-15   3.160415E-13   1.200000E+02  -1.579997E+00
  8.525000000001E+00   4.606129E+00   7.127758E-01   6.544924E+01   3.416857E-16   5.911218E-16   5.427860E-14   1.200000E+02  -1.576604E+00
  8.530000000001E+00   4.609639E+00   6.927614E-01   6.543927E+01   3.370441E-16  -2.278721E-15  -2.152513E-13   1.200000E+02  -1.571366E+00
  8.535000000001E+00   4.613075E+00   6.836359E-01   6.544570E+01   3.211837E-16  -3.676207E-15  -3.519299E-13   1.200000E+02  -1.565586E+00
  8.540000000001E+00   4.616491E+00   6.841798E-01   6.546369E+01   2.999915E-16  -4.584332E-15  -4.386380E-13   1.200000E+02  -1.560390E+00
  8.545000000001E+00   4.619926E+00   6.904376E-01   6.548550E+01   2.769130E-16  -4.663347E-15  -4.423016E-13   1.200000E+02  -1.556448E+00
  8.550000000001E+00   4.623396E+00   6.972551E-01   6.550354E+01   2.559602E-16  -3.726782E-15  -3.501121E-13   1.200000E+02  -1.553853E+00
  8.555000000001E+00   4.626892E+00   7.000648E-01   6.551292E+01   2.411330E-16  -2.006083E-15  -1.877317E-13   1.200000E+02  -1.552189E+00
  8.560000000001E+00   4.630386E+00   6.964067E-01   6.551265E+01   2.358822E-16   1.881551E-17   1.770020E-15   1.200000E+02  -1.550755E+00
  8.565000000001E+00   4.633846E+00   6.867414E-01   6.550549E+01   2.395204E-16   1.138631E-15   1.086094E-13   1.200000E+02  -1.548866E+00
  8.570000000001E+00   4.637249E+00   6.742994E-01   6.549698E+01   2.475425E-16   2.080753E-15   2.021106E-13   1.200000E+02  -1.546140E+00
  8.575000000001E+00   4.640592E+00   6.639952E-01   6.549368E+01   2.592876E-16   2.427866E-15   2.394744E-13   1.200000E+02  -1.542677E+00
  8.580000000001E+00   4.643900E+00   6.607500E-01   6.550096E+01   2.719154E-16   2.202757E-15   2.183620E-13   1.200000E+02  -1.539064E+00
  8.585000000001E+00   4.647217E+00   6.677782E-01   6.552057E+01   2.810854E-16   1.472965E-15   1.445233E-13   1.200000E+02  -1.536211E+00
  8.590000000001E+00   4.650595E+00   6.853926E-01   6.554937E+01   2.882662E-16   1.210759E-15   1.157942E-13   1.200000E+02  -1.535064E+00
  8.595000000001E+00   4.654083E+00   7.106719E-01   6.558008E+01   2.905914E-16  -3.090664E-16  -2.852033E-14   1.200000E+02  -1.536288E+00
  8.600000000001E+00   4.657705E+00   7.380573E-01   6.560405E+01   2.857346E-16  -1.478446E-15  -1.314153E-13   1.200000E+02  -1.540007E+00
  8.605000000001E+00   4.661456E+00   7.607107E-01   6.561425E+01   2.768202E-16  -2.004539E-15  -1.728993E-13   1.200000E+02  -1.545682E+00
  8.610000000001E+00   4.665295E+00   7.723036E-01   6.560723E+01   2.664948E-16  -1.958971E-15  -1.664146E-13   1.200000E+02  -1.552180E+00
  8.615000000001E+00   4.669155E+00   7.687827E-01   6.558348E+01   2.575625E-16  -1.323506E-15  -1.129060E-13   1.200000E+02  -1.558020E+00
  8.620000000001E+00   4.672957E+00   7.496190E-01   6.554693E+01   2.539752E-16   1.029587E-17   9.002744E-16   1.200000E+02  -1.561732E+00
  8.625000000001E+00   4.676631E+00   7.181393E-01   6.550403E+01   2.562162E-16   9.335427E-16   8.515174E-14   1.200000E+02  -1.562250E+00
  8.630000000001E+00   4.680129E+00   6.807690E-01   6.546288E+01   2.635236E-16   2.062146E-15   1.982964E-13   1.200000E+02  -1.559189E+00
  8.635000000001E+00   4.683442E+00   6.453462E-01   6.543226E+01   2.771939E-16   3.211079E-15   3.255744E-13   1.200000E+02  -1.552952E+00
  8.640000000001E+00   4.686597E+00   6.189933E-01   6.541986E+01   2.952041E-16   3.597675E-15   3.802293E-13   1.200000E+02  -1.544620E+00
  8.645000000001E+00   4.689654E+00   6.062299E-01   6.542952E+01   3.112528E-16   2.672325E-15   2.884202E-13   1.200000E+02  -1.535673E+00
  8.650000000001E+00   4.692683E+00   6.079290E-01   6.545893E+01   3.209057E-16   1.197950E-15   1.289896E-13   1.200000E+02  -1.527615E+00
  8.655000000001E+00   4.695752E+00   6.213703E-01   6.549981E+01   3.244147E-16   2.457488E-16   2.590484E-14   1.200000E+02  -1.521618E+00
  8.660000000001E+00   4.698907E+00   6.412415E-01   6.554113E+01   3.219102E-16  -1.401174E-15  -1.432137E-13   1.200000E+02  -1.518271E+00
  8.665000000001E+00   4.702164E+00   6.612178E-01   6.557319E+01   3.133054E-16  -2.233165E-15  -2.214637E-13   1.200000E+02  -1.517483E+00
  8.670000000001E+00   4.705510E+00   6.756950E-01   6.559036E+01   3.016082E-16  -2.322386E-15  -2.254363E-13   1.200000E+02  -1.518575E+00
  8.675000000001E+00   4.708907E+00   6.812555E-01   6.559182E+01   2.888937E-16  -2.293197E-15  -2.207908E-13   1.200000E+02  -1.520509E+00
  8.680000000001E+00   4.712308E+00   6.774847E-01   6.558083E+01   2.794430E-16  -1.346426E-15  -1.303346E-13   1.200000E+02  -1.522215E+00
  8.685000000001E+00   4.715671E+00   6.668973E-01   6.556345E+01   2.759234E-16   3.234330E-16   3.179707E-14   1.200000E+02  -1.522898E+00
  8.690000000001E+00   4.718973E+00   6.539807E-01   6.554681E+01   2.822974E-16   2.080356E-15   2.085087E-13   1.200000E+02  -1.522253E+00
  8.695000000001E+00   4.722215E+00   6.436484E-01   6.553731E+01   2.951403E-16   3.106878E-15   3.163473E-13   1.200000E+02  -1.520506E+00
  8.700000000001E+00   4.725419E+00   6.396067E-01   6.553861E+01   3.121950E-16   3.544504E-15   3.631949E-13   1.200000E+02  -1.518292E+00
  8.705000000001E+00   4.728623E+00   6.431611E-01   6.555020E+01   3.300146E-16   3.538776E-15   3.606677E-13   1.200000E+02  -1.516401E+00
  8.710000000001E+00   4.731861E+00   6.528180E-01   6.556752E+01   3.449214E-16   2.434937E-15   2.445594E-13   1.200000E+02  -1.515491E+00
  8.715000000001E+00   4.735155E+00   6.647554E-01   6.558374E+01   3.541377E-16   8.340952E-16   8.229055E-14   1.200000E+02  -1.515845E+00
  8.720000000001E+00   4.738504E+00   6.739878E-01   6.559234E+01   3.530769E-16  -9.627870E-16  -9.369822E-14   1.200000E+02  -1.517247E+00
  8.725000000001E+00   4.741883E+00   6.758858E-01   6.558916E+01   3.469231E-16  -1.901503E-15  -1.845253E-13   1.200000E+02  -1.519020E+00
  8.730000000001E+00   4.745247E+00   6.676288E-01   6.557343E+01   3.319779E-16  -3.913256E-15  -3.843536E-13   1.200000E+02  -1.520206E+00
  8.735000000001E+00   4.748543E+00   6.491680E-01   6.554770E+01   3.090282E-16  -4.854317E-15  -4.901494E-13   1.200000E+02  -1.519846E+00
  8.740000000001E+00   4.751726E+00   6.233844E-01   6.551730E+01   2.849963E-16  -4.480839E-15  -4.709333E-13   1.200000E+02  -1.517281E+00
  8.745000000001E+00   4.754773E+00   5.953481E-01   6.548946E+01   2.656685E-16  -3.161766E-15  -3.478005E-13   1.200000E+02  -1.512354E+00
  8.750000000001E+00   4.757686E+00   5.708722E-01   6.547192E+01   2.553084E-16  -7.174410E-16  -8.228152E-14   1.200000E+02  -1.505490E+00
  8.755000000001E+00   4.760495E+00   5.548218E-01   6.547076E+01   2.576351E-16   1.532472E-15   1.808366E-13   1.200000E+02  -1.497582E+00
  8.760000000001E+00   4.763252E+00   5.497451E-01   6.548784E+01   2.700181E-16   3.328152E-15   3.964629E-13   1.200000E+02  -1.489768E+00
  8.765000000001E+00   4.766010E+00   5.552593E-01   6.551945E+01   2.905794E-16   4.616673E-15   5.447579E-13   1.200000E+02  -1.483124E+00
  8.770000000001E+00   4.768816E+00   5.683161E-01   6.555743E+01   3.148545E-16   5.055620E-15   5.831850E-13   1.200000E+02  -1.478400E+00
  8.775000000001E+00   4.771698E+00   5.841783E-01   6.559233E+01   3.382059E-16   4.017283E-15   4.510660E-13   1.200000E+02  -1.475845E+00
  8.780000000001E+00   4.774655E+00   5.977949E-01   6.561668E+01   3.531492E-16   1.813640E-15   1.990734E-13   1.200000E+02  -1.475171E+00
  8.785000000001E+00   4.777665E+00   6.052131E-01   6.562686E+01   3.574491E-16  -8.849011E-17  -9.595510E-15   1.200000E+02  -1.475671E+00
  8.790000000001E+00   4.780694E+00   6.046554E-01   6.562342E+01   3.519247E-16  -2.241673E-15  -2.432894E-13   1.200000E+02  -1.476443E+00
  8.795000000001E+00   4.783700E+00   5.969480E-01   6.561038E+01   3.372450E-16  -3.965912E-15  -4.358923E-13   1.200000E+02  -1.476663E+00
  8.800000000001E+00   4.786657E+00   5.851453E-01   6.559397E+01   3.146924E-16  -4.671867E-15  -5.237098E-13   1.200000E+02  -1.475828E+00
  8.805000000001E+00   4.789552E+00   5.734436E-01   6.558102E+01   2.913942E-16  -4.395782E-15  -5.027171E-13   1.200000E+02  -1.473885E+00
  8.810000000001E+00   4.792398E+00   5.657264E-01   6.557690E+01   2.694575E-16  -4.300590E-15  -4.985083E-13   1.200000E+02  -1.471207E+00
  8.815000000001E+00   4.795219E+00   5.642253E-01   6.558356E+01   2.527090E-16  -2.530850E-15  -2.941770E-13   1.200000E+02  -1.468429E+00
  8.820000000001E+00   4.798050E+00   5.687347E-01   6.559857E+01   2.434501E-16  -9.160650E-16  -1.056601E-13   1.200000E+02  -1.466204E+00
  8.825000000001E+00   4.800912E+00   5.766066E-01   6.561595E+01   2.443963E-16   1.310832E-15   1.491684E-13   1.200000E+02  -1.464945E+00
  8.830000000001E+00   4.803814E+00   5.835055E-01   6.562836E+01   2.546561E-16   2.573679E-15   2.894683E-13   1.200000E+02  -1.464645E+00
  8.835000000001E+00   4.806738E+00   5.847019E-01   6.562972E+01   2.713986E-16   3.726018E-15   4.182259E-13   1.200000E+02  -1.464828E+00
  8.840000000001E+00   4.809646E+00   5.765626E-01   6.561685E+01   2.894325E-16   3.354230E-15   3.817349E-13   1.200000E+02  -1.464649E+00
  8.845000000001E+00   4.812487E+00   5.578225E-01   6.559020E+01   3.021065E-16   1.439210E-15   1.692260E-13   1.200000E+02  -1.463122E+00
  8.850000000001E+00   4.815210E+00   5.302428E-01   6.555379E+01   3.060775E-16   1.829508E-16   2.261817E-14   1.200000E+02  -1.459420E+00
  8.855000000001E+00   4.817782E+00   4.983805E-01   6.551509E+01   3.048918E-16  -8.469538E-16  -1.113371E-13   1.200000E+02  -1.453151E+00
  8.860000000001E+00   4.820197E+00   4.684525E-01   6.548423E+01   2.971911E-16  -1.909661E-15  -2.669486E-13   1.200000E+02  -1.444526E+00
  8.865000000001E+00   4.822480E+00   4.465992E-01   6.547209E+01   2.870995E-16  -2.325007E-15  -3.408494E-13   1.200000E+02  -1.434355E+00
  8.870000000001E+00   4.824683E+00   4.371374E-01   6.548629E+01   2.750722E-16  -2.356031E-15  -3.529502E-13   1.200000E+02  -1.423873E+00
  8.875000000001E+00   4.826873E+00   4.414168E-01   6.552689E+01   2.642786E-16  -2.002019E-15  -2.971932E-13   1.200000E+02  -1.414449E+00
  8.880000000001E+00   4.829116E+00   4.575852E-01   6.558527E+01   2.557808E-16  -1.194752E-15  -1.712427E-13   1.200000E+02  -1.407257E+00
  8.885000000001E+00   4.831461E+00   4.811599E-01   6.564758E+01   2.528777E-16   1.073354E-16   1.464442E-14   1.200000E+02  -1.403012E+00
  8.890000000001E+00   4.833930E+00   5.061257E-01   6.570013E+01   2.564541E-16   1.368116E-15   1.775951E-13   1.200000E+02  -1.401807E+00
  8.895000000001E+00   4.836515E+00   5.263143E-01   6.573341E+01   2.645638E-16   1.795031E-15   2.241883E-13   1.200000E+02  -1.403096E+00
  8.900000000001E+00   4.839178E+00   5.368201E-01   6.574334E+01   2.756213E-16   2.355979E-15   2.885324E-13   1.200000E+02  -1.405822E+00
  8.905000000001E+00   4.841863E+00   5.351377E-01   6.573089E+01   2.884447E-16   2.518582E-15   3.093571E-13   1.200000E+02  -1.408669E+00
  8.910000000001E+00   4.844510E+00   5.217063E-01   6.570084E+01   3.011884E-16   2.523165E-15   3.177537E-13   1.200000E+02  -1.410374E+00
  8.915000000000E+00   4.847066E+00   4.996654E-01   6.566058E+01   3.118562E-16   1.683614E-15   2.212422E-13   1.200000E+02  -1.410018E+00
  8.920000000000E+00   4.849501E+00   4.738607E-01   6.561896E+01   3.191557E-16   1.165794E-15   1.614360E-13   1.200000E+02  -1.407216E+00
  8.925000000000E+00   4.851807E+00   4.493855E-01   6.558487E+01   3.238439E-16   4.407524E-16   6.432492E-14   1.200000E+02  -1.402144E+00
  8.930000000000E+00   4.854003E+00   4.301282E-01   6.556511E+01   3.255272E-16   2.816423E-16   4.293117E-14   1.200000E+02  -1.395421E+00
  8.935000000000E+00   4.856120E+00   4.178062E-01   6.556223E+01   3.268035E-16   2.372081E-16   3.722275E-14   1.200000E+02  -1.387874E+00
  8.940000000000E+00   4.858191E+00   4.117712E-01   6.557345E+01   3.278771E-16  -1.401376E-16  -2.231653E-14   1.200000E+02  -1.380279E+00
  8.945000000000E+00   4.860243E+00   4.095593E-01   6.559191E+01   3.265260E-16  -2.962866E-16  -4.745101E-14   1.200000E+02  -1.373152E+00
  8.950000000000E+00   4.862288E+00   4.079201E-01   6.560961E+01   3.235686E-16  -6.620863E-16  -1.064895E-13   1.200000E+02  -1.366653E+00
  8.955000000000E+00   4.864319E+00   4.039748E-01   6.562035E+01   3.210495E-16  -4.350664E-16  -7.067076E-14   1.200000E+02  -1.360601E+00
  8.960000000000E+00   4.866321E+00   3.961744E-01   6.562151E+01   3.199817E-16   7.164346E-18   1.186688E-15   1.200000E+02  -1.354605E+00
  8.965000000000E+00   4.868275E+00   3.847888E-01   6.561458E+01   3.211748E-16   3.034845E-16   5.175050E-14   1.200000E+02  -1.348251E+00
  8.970000000000E+00   4.870166E+00   3.717732E-01   6.560464E+01   3.233297E-16   4.913955E-16   8.671368E-14   1.200000E+02  -1.341287E+00
  8.975000000000E+00   4.871995E+00   3.600453E-01   6.559887E+01   3.248862E-16   1.693562E-16   3.085605E-14   1.200000E+02  -1.333748E+00
  8.980000000000E+00   4.873773E+00   3.524218E-01   6.560413E+01   3.247796E-16  -2.846354E-16  -5.298553E-14   1.200000E+02  -1.325964E+00
  8.985000000000E+00   4.875528E+00   3.506020E-01   6.562400E+01   3.229449E-16  -5.300908E-16  -9.921987E-14   1.200000E+02  -1.318473E+00
  8.990000000000E+00   4.877289E+00   3.545469E-01   6.565671E+01   3.185776E-16  -1.107169E-15  -2.050308E-13   1.200000E+02  -1.311846E+00
  8.995000000000E+00   4.879080E+00   3.624144E-01   6.569550E+01   3.128915E-16  -1.262861E-15  -2.289211E-13   1.200000E+02  -1.306503E+00
  9.000000000000E+00   4.880914E+00   3.710067E-01   6.573107E+01   3.057374E-16  -1.433844E-15  -2.540333E-13   1.200000E+02  -1.302559E+00
  9.005000000000E+00   4.882785E+00   3.765882E-01   6.575470E+01   2.991768E-16  -1.393869E-15  -2.433783E-13   1.200000E+02  -1.299756E+00
  9.010000000000E+00   4.884670E+00   3.758802E-01   6.576040E+01   2.929325E-16  -1.235640E-15  -2.161757E-13   1.200000E+02  -1.297491E+00
  9.015000000000E+00   4.886531E+00   3.669986E-01   6.574589E+01   2.883468E-16  -6.089306E-16  -1.090868E-13   1.200000E+02  -1.294946E+00
  9.020000000000E+00   4.888327E+00   3.500672E-01   6.571267E+01   2.865295E-16  -1.319835E-16  -2.477522E-14   1.200000E+02  -1.291287E+00
  9.025000000000E+00   4.890022E+00   3.272819E-01   6.566599E+01   2.869587E-16   3.061398E-16   6.142402E-14   1.200000E+02  -1.285882E+00
  9.030000000000E+00   4.891596E+00   3.023359E-01   6.561447E+01   2.898636E-16   7.510324E-16   1.629929E-13   1.200000E+02  -1.278462E+00
  9.035000000000E+00   4.893049E+00   2.793359E-01   6.556924E+01   2.938914E-16   9.706920E-16   2.278531E-13   1.200000E+02  -1.269196E+00
  9.040000000000E+00   4.894398E+00   2.615699E-01   6.554123E+01   2.987071E-16   9.305647E-16   2.331704E-13   1.200000E+02  -1.258619E+00
  9.045000000000E+00   4.895675E+00   2.506036E-01   6.553709E+01   3.031922E-16   6.557879E-16   1.714996E-13   1.200000E+02  -1.247467E+00
  9.050000000000E+00   4.896914E+00   2.460351E-01   6.555589E+01   3.052596E-16   2.661771E-16   7.092273E-14   1.200000E+02  -1.236468E+00
  9.055000000000E+00   4.898143E+00   2.458859E-01   6.558949E+01   3.064743E-16   2.173482E-16   5.797715E-14   1.200000E+02  -1.226159E+00
  9.060000000000E+00   4.899376E+00   2.473501E-01   6.562629E+01   3.065041E-16  -2.050638E-16  -5.440701E-14   1.200000E+02  -1.216780E+00
  9.065000000000E+00   4.900614E+00   2.476256E-01   6.565562E+01   3.042741E-16  -6.645339E-16  -1.761949E-13   1.200000E+02  -1.208257E+00
  9.070000000000E+00   4.901847E+00   2.446533E-01   6.567052E+01   3.001376E-16  -9.523523E-16  -2.556331E-13   1.200000E+02  -1.200266E+00
  9.075000000000E+00   4.903054E+00   2.376254E-01   6.566875E+01   2.955447E-16  -7.870832E-16  -2.175137E-13   1.200000E+02  -1.192361E+00
  9.080000000000E+00   4.904217E+00   2.271288E-01   6.565271E+01   2.917649E-16  -6.188201E-16  -1.788730E-13   1.200000E+02  -1.184119E+00
  9.085000000000E+00   4.905323E+00   2.148517E-01   6.562870E+01   2.897638E-16  -2.714323E-16  -8.291184E-14   1.200000E+02  -1.175271E+00
  9.090000000000E+00   4.906366E+00   2.029270E-01   6.560536E+01   2.892619E-16   6.700565E-17   2.166262E-14   1.200000E+02  -1.165777E+00
  9.095000000000E+00   4.907355E+00   1.931540E-01   6.559104E+01   2.902228E-16   3.901200E-16   1.324766E-13   1.200000E+02  -1.155804E+00
  9.100000000000E+00   4.908303E+00   1.864058E-01   6.559056E+01   2.933540E-16   8.215963E-16   2.890949E-13   1.200000E+02  -1.145654E+00
  9.105000000000E+00   4.909224E+00   1.824305E-01   6.560308E+01   2.983695E-16   1.136030E-15   4.085233E-13   1.200000E+02  -1.135636E+00
  9.110000000000E+00   4.910130E+00   1.800480E-01   6.562254E+01   3.042428E-16   1.181862E-15   4.307561E-13   1.200000E+02  -1.125961E+00
  9.115000000000E+00   4.911024E+00   1.775984E-01   6.564018E+01   3.097762E-16   1.025457E-15   3.790076E-13   1.200000E+02  -1.116675E+00
  9.120000000000E+00   4.911903E+00   1.734829E-01   6.564762E+01   3.143956E-16   8.446030E-16   3.196060E-13   1.200000E+02  -1.107644E+00
  9.125000000000E+00   4.912755E+00   1.666695E-01   6.563913E+01   3.177194E-16   4.145742E-16   1.632709E-13   1.200000E+02  -1.098602E+00
  9.130000000000E+00   4.913565E+00   1.570414E-01   6.561305E+01   3.186745E-16  -6.984437E-17  -2.918148E-14   1.200000E+02  -1.089241E+00
  9.135000000000E+00   4.914322E+00   1.454612E-01   6.557246E+01   3.168431E-16  -4.934103E-16  -2.224245E-13   1.200000E+02  -1.079306E+00
  9.140000000000E+00   4.915019E+00   1.334822E-01   6.552515E+01   3.136164E-16  -7.607758E-16  -3.734575E-13   1.200000E+02  -1.068692E+00
  9.145000000000E+00   4.915659E+00   1.227834E-01   6.548214E+01   3.097936E-16  -7.849518E-16  -4.186261E-13   1.200000E+02  -1.057472E+00
  9.150000000000E+00   4.916251E+00   1.145679E-01   6.545413E+01   3.062480E-16  -6.260379E-16  -3.576634E-13   1.200000E+02  -1.045869E+00
  9.155000000000E+00   4.916809E+00   1.092146E-01   6.544695E+01   3.032244E-16  -5.589727E-16  -3.349650E-13   1.200000E+02  -1.034179E+00
  9.160000000000E+00   4.917347E+00   1.062921E-01   6.545906E+01   3.007906E-16  -4.563606E-16  -2.810458E-13   1.200000E+02  -1.022676E+00
  9.165000000000E+00   4.917875E+00   1.048196E-01   6.548258E+01   2.993263E-16  -1.489611E-16  -9.305855E-14   1.200000E+02  -1.011542E+00
  9.170000000000E+00   4.918396E+00   1.035938E-01   6.550679E+01   2.989464E-16  -4.746753E-18  -3.001575E-15   1.200000E+02  -1.000834E+00
  9.175000000000E+00   4.918909E+00   1.015020E-01   6.552153E+01   2.996604E-16   2.507725E-16   1.618786E-13   1.200000E+02  -9.904834E-01
  9.180000000000E+00   4.919408E+00   9.780419E-02   6.551959E+01   3.013380E-16   4.004993E-16   2.682968E-13   1.200000E+02  -9.803236E-01
  9.185000000000E+00   4.919884E+00   9.234340E-02   6.549817E+01   3.035881E-16   4.533529E-16   3.215583E-13   1.200000E+02  -9.701500E-01
  9.190000000000E+00   4.920329E+00   8.559525E-02   6.545969E+01   3.058850E-16   4.272479E-16   3.267414E-13   1.200000E+02  -9.597851E-01
  9.195000000000E+00   4.920740E+00   7.849088E-02   6.541181E+01   3.078312E-16   3.687455E-16   3.073008E-13   1.200000E+02  -9.491365E-01
  9.200000000000E+00   4.921115E+00   7.205378E-02   6.536585E+01   3.093456E-16   2.426053E-16   2.200870E-13   1.200000E+02  -9.382233E-01
  9.205000000000E+00   4.921462E+00   6.702413E-02   6.533307E+01   3.102408E-16   1.113907E-16   1.085802E-13   1.200000E+02  -9.271597E-01
  9.210000000000E+00   4.921788E+00   6.366214E-02   6.532031E+01   3.103925E-16  -3.033907E-17  -3.112929E-14   1.200000E+02  -9.161085E-01
  9.215000000000E+00   4.922101E+00   6.177545E-02   6.532750E+01   3.100656E-16  -1.112557E-16  -1.176529E-13   1.200000E+02  -9.052285E-01
  9.220000000000E+00   4.922408E+00   6.086262E-02   6.534834E+01   3.093719E-16  -1.671876E-16  -1.795097E-13   1.200000E+02  -8.946344E-01
  9.225000000000E+00   4.922711E+00   6.026537E-02   6.537289E+01   3.084425E-16  -1.954686E-16  -2.120346E-13   1.200000E+02  -8.843743E-01
  9.230000000000E+00   4.923010E+00   5.931171E-02   6.539057E+01   3.074833E-16  -1.789030E-16  -1.972388E-13   1.200000E+02  -8.744233E-01
  9.235000000000E+00   4.923302E+00   5.747171E-02   6.539258E+01   3.067533E-16  -1.405898E-16  -1.599662E-13   1.200000E+02  -8.646927E-01
  9.240000000000E+00   4.923583E+00   5.451326E-02   6.537380E+01   3.063083E-16  -4.039600E-17  -4.844399E-14   1.200000E+02  -8.550563E-01
  9.245000000000E+00   4.923846E+00   5.059204E-02   6.533419E+01   3.062014E-16   2.176492E-18   2.810706E-15   1.200000E+02  -8.453884E-01
  9.250000000000E+00   4.924088E+00   4.620120E-02   6.527948E+01   3.063210E-16   4.726555E-17   6.678334E-14   1.200000E+02  -8.356037E-01
  9.255000000000E+00   4.924308E+00   4.197355E-02   6.522025E+01   3.065283E-16   4.628668E-17   7.192216E-14   1.200000E+02  -8.256826E-01
  9.260000000000E+00   4.924509E+00   3.843757E-02   6.516896E+01   3.067010E-16   4.518180E-17   7.660347E-14   1.200000E+02  -8.156697E-01
  9.265000000000E+00   4.924694E+00   3.586787E-02   6.513575E+01   3.069508E-16   4.239480E-17   7.698860E-14   1.200000E+02  -8.056519E-01
  9.270000000000E+00   4.924869E+00   3.427973E-02   6.512518E+01   3.070772E-16   1.955870E-17   3.715794E-14   1.200000E+02  -7.957282E-01
  9.275000000000E+00   4.925038E+00   3.350157E-02   6.513544E+01   3.070634E-16  -3.281879E-17  -6.380794E-14   1.200000E+02  -7.859858E-01
  9.280000000000E+00   4.925205E+00   3.324745E-02   6.515963E+01   3.068483E-16  -4.525963E-17  -8.870157E-14   1.200000E+02  -7.764846E-01
  9.285000000000E+00   4.925371E+00   3.317189E-02   6.518807E+01   3.065993E-16  -5.207449E-17  -1.023347E-13   1.200000E+02  -7.672491E-01
  9.290000000000E+00   4.925536E+00   3.292853E-02   6.521079E+01   3.062994E-16  -7.905325E-17  -1.565550E-13   1.200000E+02  -7.582658E-01
  9.295000000000E+00   4.925699E+00   3.224675E-02   6.521981E+01   3.059954E-16  -4.447081E-17  -8.994325E-14   1.200000E+02  -7.494888E-01
  9.300000000000E+00   4.925858E+00   3.100915E-02   6.521087E+01   3.058957E-16   2.940737E-18   6.184240E-15   1.200000E+02  -7.408522E-01
  9.305000000000E+00   4.926009E+00   2.928849E-02   6.518446E+01   3.059106E-16   6.925021E-18   1.541233E-14   1.200000E+02  -7.322900E-01
  9.310000000000E+00   4.926150E+00   2.731131E-02   6.514566E+01   3.060148E-16   3.641749E-17   8.686663E-14   1.200000E+02  -7.237551E-01
  9.315000000000E+00   4.926282E+00   2.535952E-02   6.510275E+01   3.062125E-16   3.950292E-17   1.014116E-13   1.200000E+02  -7.152300E-01
  9.320000000000E+00   4.926404E+00   2.366466E-02   6.506454E+01   3.064263E-16   4.032568E-17   1.108730E-13   1.200000E+02  -7.067262E-01
  9.325000000000E+00   4.926519E+00   2.234792E-02   6.503760E+01   3.066042E-16   3.678408E-17   1.070502E-13   1.200000E+02  -6.982742E-01
  9.330000000000E+00   4.926628E+00   2.141536E-02   6.502442E+01   3.067294E-16   1.847796E-17   5.610546E-14   1.200000E+02  -6.899104E-01
  9.335000000000E+00   4.926734E+00   2.078441E-02   6.502304E+01   3.067921E-16   1.005173E-17   3.144636E-14   1.200000E+02  -6.816663E-01
  9.340000000000E+00   4.926837E+00   2.031929E-02   6.502819E+01   3.068150E-16   4.975141E-18   1.592204E-14   1.200000E+02  -6.735606E-01
  9.345000000000E+00   4.926937E+00   1.986928E-02   6.503310E+01   3.068003E-16  -5.448940E-18  -1.783464E-14   1.200000E+02  -6.655961E-01
  9.350000000000E+00   4.927035E+00   1.930992E-02   6.503167E+01   3.068052E-16   5.379956E-18   1.811853E-14   1.200000E+02  -6.577606E-01
  9.355000000000E+00   4.927130E+00   1.858031E-02   6.502031E+01   3.068457E-16   5.806713E-18   2.032013E-14   1.200000E+02  -6.500323E-01
  9.360000000000E+00   4.927221E+00   1.770102E-02   6.499912E+01   3.068980E-16   1.839609E-17   6.755143E-14   1.200000E+02  -6.423877E-01
  9.365000000000E+00   4.927307E+00   1.676110E-02   6.497187E+01   3.070102E-16   2.050567E-17   7.948710E-14   1.200000E+02  -6.348103E-01
  9.370000000000E+00   4.927388E+00   1.587906E-02   6.494489E+01   3.071143E-16   2.317887E-17   9.480092E-14   1.200000E+02  -6.272956E-01
  9.375000000000E+00   4.927466E+00   1.515888E-02   6.492501E+01   3.071846E-16   1.180355E-17   5.055424E-14   1.200000E+02  -6.198516E-01
  9.380000000000E+00   4.927540E+00   1.466043E-02   6.491730E+01   3.072205E-16   2.716025E-19   1.202673E-15   1.200000E+02  -6.124953E-01
  9.385000000000E+00   4.927613E+00   1.438897E-02   6.492340E+01   3.071784E-16  -1.600157E-17  -7.219948E-14   1.200000E+02  -6.052472E-01
  9.390000000000E+00   4.927684E+00   1.429776E-02   6.494091E+01   3.070778E-16  -2.837831E-17  -1.288952E-13   1.200000E+02  -5.981248E-01
  9.395000000000E+00   4.927756E+00   1.429799E-02   6.496409E+01   3.068737E-16  -4.990338E-17  -2.267401E-13   1.200000E+02  -5.911384E-01
  9.400000000000E+00   4.927827E+00   1.427678E-02   6.498538E+01   3.065733E-16  -6.452477E-17  -2.937055E-13   1.200000E+02  -5.842869E-01
  9.405000000000E+00   4.927898E+00   1.412534E-02   6.499746E+01   3.062282E-16  -6.630643E-17  -3.051076E-13   1.200000E+02  -5.775573E-01
  9.410000000000E+00   4.927968E+00   1.377331E-02   6.499521E+01   3.058919E-16  -6.364961E-17  -3.003576E-13   1.200000E+02  -5.709270E-01
  9.415000000000E+00   4.928036E+00   1.321510E-02   6.497723E+01   3.055762E-16  -5.958954E-17  -2.929955E-13   1.200000E+02  -5.643698E-01
  9.420000000000E+00   4.928100E+00   1.251222E-02   6.494634E+01   3.053096E-16  -4.820621E-17  -2.502207E-13   1.200000E+02  -5.578629E-01
  9.425000000000E+00   4.928161E+00   1.176787E-02   6.490891E+01   3.051355E-16  -1.901125E-17  -1.048618E-13   1.200000E+02  -5.513936E-01
  9.430000000000E+00   4.928218E+00   1.108798E-02   6.487311E+01   3.051057E-16   6.673063E-18   3.904248E-14   1.200000E+02  -5.449609E-01
  9.435000000000E+00   4.928272E+00   1.054986E-02   6.484653E+01   3.052057E-16   3.481826E-17   2.140164E-13   1.200000E+02  -5.385739E-01
  9.440000000000E+00   4.928324E+00   1.018845E-02   6.483404E+01   3.054380E-16   5.752826E-17   3.660803E-13   1.200000E+02  -5.322479E-01
  9.445000000000E+00   4.928374E+00   9.997027E-03   6.483655E+01   3.057617E-16   7.072363E-17   4.586840E-13   1.200000E+02  -5.259992E-01
  9.450000000000E+00   4.928424E+00   9.934509E-03   6.485095E+01   3.061537E-16   8.562529E-17   5.589487E-13   1.200000E+02  -5.198413E-01
  9.455000000000E+00   4.928474E+00   9.935740E-03   6.487116E+01   3.065645E-16   7.476732E-17   4.881612E-13   1.200000E+02  -5.137820E-01
  9.460000000000E+00   4.928523E+00   9.925935E-03   6.488997E+01   3.068884E-16   5.006430E-17   3.272912E-13   1.200000E+02  -5.078211E-01
  9.465000000000E+00   4.928573E+00   9.840063E-03   6.490110E+01   3.070550E-16   1.493858E-17   9.852890E-14   1.200000E+02  -5.019506E-01
  9.470000000000E+00   4.928622E+00   9.642866E-03   6.490087E+01   3.070337E-16  -2.654352E-17  -1.786500E-13   1.200000E+02  -4.961576E-01
  9.475000000000E+00   4.928669E+00   9.340352E-03   6.488927E+01   3.067857E-16  -6.614543E-17  -4.595253E-13   1.200000E+02  -4.904275E-01
  9.480000000000E+00   4.928715E+00   8.975457E-03   6.486984E+01   3.063738E-16  -1.010720E-16  -7.304951E-13   1.200000E+02  -4.847488E-01
  9.485000000000E+00   4.928759E+00   8.609662E-03   6.484858E+01   3.058146E-16  -1.187771E-16  -8.946375E-13   1.200000E+02  -4.791162E-01
  9.490000000000E+00   4.928801E+00   8.300607E-03   6.483200E+01   3.052016E-16  -1.232589E-16  -9.627154E-13   1.200000E+02  -4.735310E-01
  9.495000000000E+00   4.928842E+00   8.085630E-03   6.482515E+01   3.046079E-16  -1.124304E-16  -9.013911E-13   1.200000E+02  -4.679998E-01
  9.500000000000E+00   4.928882E+00   7.974552E-03   6.483000E+01   3.041195E-16  -8.476050E-17  -6.890698E-13   1.200000E+02  -4.625317E-01
  9.505000000000E+00   4.928922E+00   7.949594E-03   6.484489E+01   3.038179E-16  -3.644620E-17  -2.972919E-13   1.200000E+02  -4.571353E-01
  9.510000000000E+00   4.928962E+00   7.970000E-03   6.486498E+01   3.037459E-16   8.950098E-18   7.284165E-14   1.200000E+02  -4.518160E-01
  9.515000000000E+00   4.929002E+00   7.981295E-03   6.488373E+01   3.039100E-16   5.406501E-17   4.395200E-13   1.200000E+02  -4.465737E-01
  9.520000000000E+00   4.929041E+00   7.929770E-03   6.489465E+01   3.042786E-16   9.217193E-17   7.543051E-13   1.200000E+02  -4.414024E-01
  9.525000000000E+00   4.929081E+00   7.779728E-03   6.489326E+01   3.047860E-16   1.110360E-16   9.261874E-13   1.200000E+02  -4.362914E-01
  9.530000000000E+00   4.929119E+00   7.526622E-03   6.487830E+01   3.053415E-16   1.101601E-16   9.495629E-13   1.200000E+02  -4.312279E-01
  9.535000000000E+00   4.929156E+00   7.198614E-03   6.485219E+01   3.058583E-16   9.368646E-17   8.440198E-13   1.200000E+02  -4.262005E-01
  9.540000000000E+00   4.929191E+00   6.845074E-03   6.482042E+01   3.062539E-16   6.494796E-17   6.150342E-13   1.200000E+02  -4.212024E-01
  9.545000000000E+00   4.929224E+00   6.518576E-03   6.478998E+01   3.064914E-16   3.021314E-17   3.002970E-13   1.200000E+02  -4.162327E-01
  9.550000000000E+00   4.929256E+00   6.259574E-03   6.476743E+01   3.065686E-16  -4.382528E-19  -4.534575E-15   1.200000E+02  -4.112954E-01
  9.555000000000E+00   4.929287E+00   6.088656E-03   6.475709E+01   3.064793E-16  -3.195765E-17  -3.398918E-13   1.200000E+02  -4.063981E-01
  9.560000000000E+00   4.929317E+00   6.005549E-03   6.475997E+01   3.062529E-16  -5.643954E-17  -6.086076E-13   1.200000E+02  -4.015493E-01
  9.565000000000E+00   4.929347E+00   5.991906E-03   6.477368E+01   3.059344E-16  -6.856185E-17  -7.411671E-13   1.200000E+02  -3.967562E-01
  9.570000000000E+00   4.929377E+00   6.016250E-03   6.479327E+01   3.055664E-16  -7.556005E-17  -8.137599E-13   1.200000E+02  -3.920235E-01
  9.575000000000E+00   4.929407E+00   6.041247E-03   6.481274E+01   3.051860E-16  -7.394569E-17  -7.933168E-13   1.200000E+02  -3.873518E-01
  9.580000000000E+00   4.929438E+00   6.033320E-03   6.482678E+01   3.048420E-16  -6.364112E-17  -6.838107E-13   1.200000E+02  -3.827379E-01
  9.585000000000E+00   4.929468E+00   5.972427E-03   6.483216E+01   3.045853E-16  -3.993562E-17  -4.335110E-13   1.200000E+02  -3.781757E-01
  9.590000000000E+00   4.929497E+00   5.857874E-03   6.482855E+01   3.044389E-16  -1.827213E-17  -2.022160E-13   1.200000E+02  -3.736582E-01
  9.595000000000E+00   4.929526E+00   5.706906E-03   6.481834E+01   3.044007E-16   5.846129E-19   6.639961E-15   1.200000E+02  -3.691792E-01
  9.600000000000E+00   4.929554E+00   5.546658E-03   6.480573E+01   3.044421E-16   1.643154E-17   1.919818E-13   1.200000E+02  -3.647352E-01
  9.605000000000E+00   4.929582E+00   5.403605E-03   6.479527E+01   3.045461E-16   2.404348E-17   2.883082E-13   1.200000E+02  -3.603257E-01
  9.610000000000E+00   4.929608E+00   5.295001E-03   6.479027E+01   3.046828E-16   2.954699E-17   3.615405E-13   1.200000E+02  -3.559529E-01
  9.615000000000E+00   4.929635E+00   5.224504E-03   6.479178E+01   3.048279E-16   2.973219E-17   3.687242E-13   1.200000E+02  -3.516197E-01
  9.620000000000E+00   4.929661E+00   5.181967E-03   6.479815E+01   3.049745E-16   3.049941E-17   3.813813E-13   1.200000E+02  -3.473290E-01
  9.625000000000E+00   4.929686E+00   5.146760E-03   6.480569E+01   3.051262E-16   3.099549E-17   3.902812E-13   1.200000E+02  -3.430819E-01
  9.630000000000E+00   4.929712E+00   5.094178E-03   6.480978E+01   3.052816E-16   3.152664E-17   4.010920E-13   1.200000E+02  -3.388767E-01
  9.635000000000E+00   4.929737E+00   5.003859E-03   6.480642E+01   3.054255E-16   2.787387E-17   3.610025E-13   1.200000E+02  -3.347097E-01
  9.640000000000E+00   4.929762E+00   4.867649E-03   6.479363E+01   3.055603E-16   2.781650E-17   3.702674E-13   1.200000E+02  -3.305751E-01
  9.645000000000E+00   4.929786E+00   4.693357E-03   6.477225E+01   3.056896E-16   2.453605E-17   3.386180E-13   1.200000E+02  -3.264677E-01
  9.650000000000E+00   4.929809E+00   4.502322E-03   6.474590E+01   3.057991E-16   1.808779E-17   2.601125E-13   1.200000E+02  -3.223837E-01
  9.655000000000E+00   4.929831E+00   4.322103E-03   6.472015E+01   3.058674E-16   7.314895E-18   1.095349E-13   1.200000E+02  -3.183219E-01
  9.660000000000E+00   4.929852E+00   4.178078E-03   6.470100E+01   3.058799E-16  -2.599960E-18  -4.026254E-14   1.200000E+02  -3.142845E-01
  9.665000000000E+00   4.929873E+00   4.087311E-03   6.469321E+01   3.058393E-16  -1.220442E-17  -1.931693E-13   1.200000E+02  -3.102758E-01
  9.670000000000E+00   4.929893E+00   4.055617E-03   6.469891E+01   3.057427E-16  -2.768320E-17  -4.416277E-13   1.200000E+02  -3.063011E-01
  9.675000000000E+00   4.929914E+00   4.076989E-03   6.471701E+01   3.055796E-16  -4.002722E-17  -6.353812E-13   1.200000E+02  -3.023661E-01
  9.680000000000E+00   4.929934E+00   4.134510E-03   6.474336E+01   3.053606E-16  -4.659058E-17  -7.295739E-13   1.200000E+02  -2.984748E-01
  9.685000000000E+00   4.929955E+00   4.202919E-03   6.477186E+01   3.051121E-16  -5.044099E-17  -7.773542E-13   1.200000E+02  -2.946291E-01
  9.690000000000E+00   4.929976E+00   4.253618E-03   6.479598E+01   3.048650E-16  -4.871574E-17  -7.420940E-13   1.200000E+02  -2.908277E-01
  9.695000000000E+00   4.929997E+00   4.261986E-03   6.481034E+01   3.046494E-16  -3.735863E-17  -5.680979E-13   1.200000E+02  -2.870668E-01
  9.700000000000E+00   4.930019E+00   4.214824E-03   6.481201E+01   3.044958E-16  -2.190239E-17  -3.367965E-13   1.200000E+02  -2.833400E-01
  9.705000000000E+00   4.930039E+00   4.114350E-03   6.480111E+01   3.044303E-16  -3.729315E-18  -5.873681E-14   1.200000E+02  -2.796407E-01
  9.710000000000E+00   4.930060E+00   3.976428E-03   6.478057E+01   3.044527E-16   1.392659E-17   2.268801E-13   1.200000E+02  -2.759635E-01
  9.715000000000E+00   4.930079E+00   3.823954E-03   6.475517E+01   3.045703E-16   3.145269E-17   5.326225E-13   1.200000E+02  -2.723048E-01
  9.720000000000E+00   4.930098E+00   3.678969E-03   6.473013E+01   3.047571E-16   4.196422E-17   7.383454E-13   1.200000E+02  -2.686640E-01
  9.725000000000E+00   4.930116E+00   3.556879E-03   6.470974E+01   3.049783E-16   4.601673E-17   8.371752E-13   1.200000E+02  -2.650422E-01
  9.730000000000E+00   4.930134E+00   3.464112E-03   6.469631E+01   3.052029E-16   4.334867E-17   8.095867E-13   1.200000E+02  -2.614421E-01
  9.735000000000E+00   4.930151E+00   3.398678E-03   6.468986E+01   3.054008E-16   3.363951E-17   6.402886E-13   1.200000E+02  -2.578661E-01
  9.740000000000E+00   4.930168E+00   3.352587E-03   6.468852E+01   3.055326E-16   1.989491E-17   3.838745E-13   1.200000E+02  -2.543165E-01
  9.745000000000E+00   4.930184E+00   3.315281E-03   6.468946E+01   3.055890E-16   1.488783E-18   2.904990E-14   1.200000E+02  -2.507941E-01
  9.750000000000E+00   4.930201E+00   3.277394E-03   6.469001E+01   3.055602E-16  -1.259510E-17  -2.486052E-13   1.200000E+02  -2.472991E-01
  9.755000000000E+00   4.930217E+00   3.233884E-03   6.468869E+01   3.054706E-16  -2.281492E-17  -4.563760E-13   1.200000E+02  -2.438304E-01
  9.760000000000E+00   4.930233E+00   3.185488E-03   6.468563E+01   3.053341E-16  -3.173798E-17  -6.444826E-13   1.200000E+02  -2.403869E-01
  9.765000000000E+00   4.930249E+00   3.137926E-03   6.468252E+01   3.051623E-16  -3.532728E-17  -7.282063E-13   1.200000E+02  -2.369681E-01
  9.770000000000E+00   4.930264E+00   3.099233E-03   6.468187E+01   3.049927E-16  -3.223253E-17  -6.727020E-13   1.200000E+02  -2.335738E-01
  9.775000000000E+00   4.930280E+00   3.076345E-03   6.468592E+01   3.048482E-16  -2.457278E-17  -5.166887E-13   1.200000E+02  -2.302051E-01
  9.780000000000E+00   4.930295E+00   3.072138E-03   6.469569E+01   3.047582E-16  -1.232708E-17  -2.595941E-13   1.200000E+02  -2.268635E-01
  9.785000000000E+00   4.930311E+00   3.083625E-03   6.471025E+01   3.047307E-16   1.189694E-18   2.496588E-14   1.200000E+02  -2.235503E-01
  9.790000000000E+00   4.930326E+00   3.101747E-03   6.472677E+01   3.047682E-16   1.320924E-17   2.756484E-13   1.200000E+02  -2.202665E-01
  9.795000000000E+00   4.930342E+00   3.113026E-03   6.474104E+01   3.048597E-16   2.364894E-17   4.918226E-13   1.200000E+02  -2.170116E-01
  9.800000000000E+00   4.930357E+00   3.103156E-03   6.474870E+01   3.049929E-16   2.866373E-17   5.980811E-13   1.200000E+02  -2.137835E-01
  9.805000000000E+00   4.930373E+00   3.061781E-03   6.474644E+01   3.051371E-16   2.985542E-17   6.313423E-13   1.200000E+02  -2.105791E-01
  9.810000000000E+00   4.930388E+00   2.986679E-03   6.473316E+01   3.052721E-16   2.321991E-17   5.032674E-13   1.200000E+02  -2.073943E-01
  9.815000000000E+00   4.930402E+00   2.885233E-03   6.471049E+01   3.053692E-16   1.506198E-17   3.378126E-13   1.200000E+02  -2.042253E-01
  9.820000000000E+00   4.930417E+00   2.772272E-03   6.468261E+01   3.054152E-16   3.143383E-18   7.334135E-14   1.200000E+02  -2.010699E-01
  9.825000000000E+00   4.930430E+00   2.665414E-03   6.465530E+01   3.054047E-16  -7.533671E-18  -1.827452E-13   1.200000E+02  -1.979274E-01
  9.830000000000E+00   4.930443E+00   2.580197E-03   6.463447E+01   3.053469E-16  -1.630336E-17  -4.084027E-13   1.200000E+02  -1.947990E-01
  9.835000000000E+00   4.930456E+00   2.526754E-03   6.462470E+01   3.052533E-16  -2.065906E-17  -5.283796E-13   1.200000E+02  -1.916875E-01
  9.840000000000E+00   4.930469E+00   2.508360E-03   6.462793E+01   3.051498E-16  -2.092470E-17  -5.391252E-13   1.200000E+02  -1.885962E-01
  9.845000000000E+00   4.930481E+00   2.521292E-03   6.464304E+01   3.050459E-16  -1.972592E-17  -5.057499E-13   1.200000E+02  -1.855284E-01
  9.850000000000E+00   4.930494E+00   2.555533E-03   6.466608E+01   3.049571E-16  -1.475995E-17  -3.734907E-13   1.200000E+02  -1.824868E-01
  9.855000000000E+00   4.930507E+00   2.596445E-03   6.469132E+01   3.049013E-16  -6.681301E-18  -1.664669E-13   1.200000E+02  -1.794724E-01
  9.860000000000E+00   4.930520E+00   2.627797E-03   6.471275E+01   3.048832E-16   6.802885E-19   1.675294E-14   1.200000E+02  -1.764848E-01
  9.865000000000E+00   4.930533E+00   2.636001E-03   6.472557E+01   3.048968E-16   6.387652E-18   1.568453E-13   1.200000E+02  -1.735218E-01
  9.870000000000E+00   4.930546E+00   2.614205E-03   6.472735E+01   3.049410E-16   1.187797E-17   2.940968E-13   1.200000E+02  -1.705801E-01
  9.875000000000E+00   4.930559E+00   2.564326E-03   6.471855E+01   3.050078E-16   1.489275E-17   3.758638E-13   1.200000E+02  -1.676561E-01
  9.880000000000E+00   4.930572E+00   2.495844E-03   6.470221E+01   3.050843E-16   1.474410E-17   3.822258E-13   1.200000E+02  -1.647471E-01
  9.885000000000E+00   4.930584E+00   2.422003E-03   6.468298E+01   3.051560E-16   1.454115E-17   3.883417E-13   1.200000E+02  -1.618514E-01
  9.890000000000E+00   4.930596E+00   2.355390E-03   6.466576E+01   3.052129E-16   9.074729E-18   2.491410E-13   1.200000E+02  -1.589689E-01
  9.895000000000E+00   4.930608E+00   2.304636E-03   6.465436E+01   3.052496E-16   5.578684E-18   1.565047E-13   1.200000E+02  -1.561007E-01
  9.900000000000E+00   4.930619E+00   2.272944E-03   6.465053E+01   3.052626E-16  -5.301123E-19  -1.507826E-14   1.200000E+02  -1.532486E-01
  9.905000000000E+00   4.930630E+00   2.258198E-03   6.465368E+01   3.052451E-16  -5.456068E-18  -1.562108E-13   1.200000E+02  -1.504142E-01
  9.910000000000E+00   4.930642E+00   2.254205E-03   6.466131E+01   3.052091E-16  -8.105091E-18  -2.324926E-13   1.200000E+02  -1.475988E-01
  9.915000000000E+00   4.930653E+00   2.252763E-03   6.466997E+01   3.051615E-16  -1.110549E-17  -3.188048E-13   1.200000E+02  -1.448029E-01
  9.920000000000E+00   4.930664E+00   2.246225E-03   6.467638E+01   3.050999E-16  -1.248556E-17  -3.595012E-13   1.200000E+02  -1.420261E-01
  9.925000000000E+00   4.930675E+00   2.229920E-03   6.467854E+01   3.050392E-16  -1.190729E-17  -3.453693E-13   1.200000E+02  -1.392673E-01
  9.930000000000E+00   4.930686E+00   2.203561E-03   6.467622E+01   3.049875E-16  -9.076796E-18  -2.664110E-13   1.200000E+02  -1.365251E-01
  9.935000000000E+00   4.930697E+00   2.171007E-03   6.467097E+01   3.049465E-16  -7.639709E-18  -2.275752E-13   1.200000E+02  -1.337983E-01
  9.940000000000E+00   4.930708E+00   2.138521E-03   6.466549E+01   3.049096E-16  -7.207576E-18  -2.179457E-13   1.200000E+02  -1.310865E-01
  9.945000000000E+00   4.930719E+00   2.112304E-03   6.466259E+01   3.048806E-16  -5.476743E-18  -1.676559E-13   1.200000E+02  -1.283897E-01
  9.950000000000E+00   4.930729E+00   2.096296E-03   6.466417E+01   3.048549E-16  -4.946262E-18  -1.525767E-13   1.200000E+02  -1.257087E-01
  9.955000000000E+00   4.930740E+00   2.090823E-03   6.467050E+01   3.048314E-16  -4.348637E-18  -1.345061E-13   1.200000E+02  -1.230443E-01
  9.960000000000E+00   4.930750E+00   2.092363E-03   6.467998E+01   3.048123E-16  -3.221616E-18  -9.958790E-14   1.200000E+02  -1.203975E-01
  9.965000000000E+00   4.930761E+00   2.094441E-03   6.468965E+01   3.048048E-16  -1.671819E-19  -5.163640E-15   1.200000E+02  -1.177683E-01
  9.970000000000E+00   4.930771E+00   2.089573E-03   6.469608E+01   3.048053E-16   1.252149E-18   3.876828E-14   1.200000E+02  -1.151562E-01
  9.975000000000E+00   4.930782E+00   2.071851E-03   6.469651E+01   3.048154E-16   3.276834E-18   1.023239E-13   1.200000E+02  -1.125599E-01
  9.980000000000E+00   4.930792E+00   2.039283E-03   6.468986E+01   3.048396E-16   5.870924E-18   1.862366E-13   1.200000E+02  -1.099776E-01
  9.985000000000E+00   4.930802E+00   1.994845E-03   6.467723E+01   3.048808E-16   1.055844E-17   3.423276E-13   1.200000E+02  -1.074077E-01
  9.990000000000E+00   4.930812E+00   1.945677E-03   6.466176E+01   3.049455E-16   1.479861E-17   4.918103E-13   1.200000E+02  -1.048491E-01
  9.995000000000E+00   4.930821E+00   1.900829E-03   6.464782E+01   3.050283E-16   1.781356E-17   6.058451E-13   1.200000E+02  -1.023015E-01
  1.000000000000E+01   4.930831E+00   1.868574E-03   6.463980E+01   3.051233E-16   1.906825E-17   6.596301E-13   1.200000E+02  -9.976572E-02
  1.000500000000E+01   4.930840E+00   1.854233E-03   6.464076E+01   3.052156E-16   1.752316E-17   6.108781E-13   1.200000E+02  -9.724331E-02
  1.001000000000E+01   4.930849E+00   1.858881E-03   6.465148E+01   3.052987E-16   1.533892E-17   5.334844E-13   1.200000E+02  -9.473612E-02
  1.001500000000E+01   4.930859E+00   1.878902E-03   6.467002E+01   3.053606E-16   9.173793E-18   3.157533E-13   1.200000E+02  -9.224586E-02
  1.002000000000E+01   4.930868E+00   1.906400E-03   6.469217E+01   3.053938E-16   3.251917E-18   1.103512E-13   1.200000E+02  -8.977362E-02
  1.002500000000E+01   4.930878E+00   1.930681E-03   6.471245E+01   3.053916E-16  -4.597439E-18  -1.540967E-13   1.200000E+02  -8.731945E-02
  1.003000000000E+01   4.930887E+00   1.940934E-03   6.472562E+01   3.053506E-16  -1.221548E-17  -4.073577E-13   1.200000E+02  -8.488219E-02
  1.003500000000E+01   4.930897E+00   1.929601E-03   6.472803E+01   3.052766E-16  -1.724649E-17  -5.785296E-13   1.200000E+02  -8.245970E-02
  1.004000000000E+01   4.930907E+00   1.895109E-03   6.471871E+01   3.051797E-16  -2.138272E-17  -7.302282E-13   1.200000E+02  -8.004931E-02
  1.004500000000E+01   4.930916E+00   1.842515E-03   6.469965E+01   3.050719E-16  -2.130460E-17  -7.481080E-13   1.200000E+02  -7.764858E-02
  1.005000000000E+01   4.930925E+00   1.781670E-03   6.467534E+01   3.049702E-16  -1.888522E-17  -6.855413E-13   1.200000E+02  -7.525591E-02
  1.005500000000E+01   4.930934E+00   1.723892E-03   6.465160E+01   3.048889E-16  -1.399517E-17  -5.248648E-13   1.200000E+02  -7.287089E-02
  1.006000000000E+01   4.930942E+00   1.678773E-03   6.463402E+01   3.048345E-16  -7.814174E-18  -3.008516E-13   1.200000E+02  -7.049429E-02
  1.006500000000E+01   4.930951E+00   1.652149E-03   6.462652E+01   3.048082E-16  -2.934457E-18  -1.147861E-13   1.200000E+02  -6.812771E-02
  1.007000000000E+01   4.930959E+00   1.645349E-03   6.463037E+01   3.048060E-16   2.025262E-18   7.955360E-14   1.200000E+02  -6.577313E-02
  1.007500000000E+01   4.930967E+00   1.655363E-03   6.464396E+01   3.048208E-16   4.076292E-18   1.591842E-13   1.200000E+02  -6.343243E-02
  1.008000000000E+01   4.930975E+00   1.675644E-03   6.466336E+01   3.048453E-16   5.010182E-18   1.933437E-13   1.200000E+02  -6.110696E-02
  1.008500000000E+01   4.930984E+00   1.697602E-03   6.468352E+01   3.048712E-16   4.420289E-18   1.684257E-13   1.200000E+02  -5.879721E-02
  1.009000000000E+01   4.930992E+00   1.712786E-03   6.469967E+01   3.048890E-16   3.113686E-18   1.176180E-13   1.200000E+02  -5.650272E-02
  1.009500000000E+01   4.931001E+00   1.715325E-03   6.470866E+01   3.048995E-16   1.188582E-18   4.483788E-14   1.200000E+02  -5.422226E-02
  1.010000000000E+01   4.931010E+00   1.703698E-03   6.470965E+01   3.049032E-16  -2.540581E-20  -9.649603E-16   1.200000E+02  -5.195419E-02
  1.010500000000E+01   4.931018E+00   1.680942E-03   6.470422E+01   3.049005E-16  -1.182573E-18  -4.552059E-14   1.200000E+02  -4.969694E-02
  1.011000000000E+01   4.931026E+00   1.653165E-03   6.469568E+01   3.048961E-16  -1.123932E-18  -4.398444E-14   1.200000E+02  -4.744952E-02
  1.011500000000E+01   4.931035E+00   1.627122E-03   6.468785E+01   3.049003E-16   2.321884E-18   9.230879E-14   1.200000E+02  -4.521162E-02
  1.012000000000E+01   4.931043E+00   1.607890E-03   6.468383E+01   3.049161E-16   4.144690E-18   1.667369E-13   1.200000E+02  -4.298361E-02
  1.012500000000E+01   4.931051E+00   1.597372E-03   6.468488E+01   3.049382E-16   5.268225E-18   2.133344E-13   1.200000E+02  -4.076626E-02
  1.013000000000E+01   4.931059E+00   1.593854E-03   6.469008E+01   3.049677E-16   6.305215E-18   2.559111E-13   1.200000E+02  -3.856033E-02
  1.013500000000E+01   4.931067E+00   1.592567E-03   6.469658E+01   3.049984E-16   5.595151E-18   2.272978E-13   1.200000E+02  -3.636621E-02
  1.014000000000E+01   4.931075E+00   1.587218E-03   6.470058E+01   3.050221E-16   3.995476E-18   1.628697E-13   1.200000E+02  -3.418370E-02
  1.014500000000E+01   4.931082E+00   1.572190E-03   6.469865E+01   3.050357E-16   7.828104E-19   3.221416E-14   1.200000E+02  -3.201190E-02
  1.015000000000E+01   4.931090E+00   1.544802E-03   6.468895E+01   3.050343E-16  -1.722153E-18  -7.211559E-14   1.200000E+02  -2.984947E-02
  1.015500000000E+01   4.931098E+00   1.506629E-03   6.467207E+01   3.050194E-16  -3.879263E-18  -1.665174E-13   1.200000E+02  -2.769500E-02
  1.016000000000E+01   4.931105E+00   1.463232E-03   6.465114E+01   3.049956E-16  -5.312116E-18  -2.347094E-13   1.200000E+02  -2.554750E-02
  1.016500000000E+01   4.931113E+00   1.422414E-03   6.463107E+01   3.049688E-16  -4.609179E-18  -2.094301E-13   1.200000E+02  -2.340671E-02
  1.017000000000E+01   4.931120E+00   1.391890E-03   6.461732E+01   3.049498E-16  -2.428005E-18  -1.127180E-13   1.200000E+02  -2.127326E-02
  1.017500000000E+01   4.931126E+00   1.377293E-03   6.461425E+01   3.049449E-16   9.259438E-19   4.343968E-14   1.200000E+02  -1.914851E-02
  1.018000000000E+01   4.931133E+00   1.380885E-03   6.462376E+01   3.049596E-16   4.910899E-18   2.298242E-13   1.200000E+02  -1.703423E-02
  1.018500000000E+01   4.931140E+00   1.400924E-03   6.464456E+01   3.049912E-16   7.798802E-18   3.598696E-13   1.200000E+02  -1.493223E-02
  1.019000000000E+01   4.931147E+00   1.431551E-03   6.467224E+01   3.050392E-16   9.957734E-18   4.498539E-13   1.200000E+02  -1.284390E-02
  1.019500000000E+01   4.931155E+00   1.463437E-03   6.470027E+01   3.050933E-16   1.098981E-17   4.858723E-13   1.200000E+02  -1.076979E-02
  1.020000000000E+01   4.931162E+00   1.485622E-03   6.472155E+01   3.051465E-16   1.007781E-17   4.390426E-13   1.200000E+02  -8.709314E-03
  1.020500000000E+01   4.931169E+00   1.488592E-03   6.473026E+01   3.051849E-16   4.666618E-18   2.029243E-13   1.200000E+02  -6.660760E-03
  1.021000000000E+01   4.931177E+00   1.467637E-03   6.472341E+01   3.051949E-16  -6.523348E-19  -2.876824E-14   1.200000E+02  -4.621619E-03
  1.021500000000E+01   4.931184E+00   1.424790E-03   6.470170E+01   3.051795E-16  -5.215366E-18  -2.368370E-13   1.200000E+02  -2.589249E-03
  1.022000000000E+01   4.931191E+00   1.368136E-03   6.466947E+01   3.051425E-16  -9.582216E-18  -4.529350E-13   1.200000E+02  -5.615863E-04
  1.022500000000E+01   4.931198E+00   1.308873E-03   6.463367E+01   3.050902E-16  -1.126229E-17  -5.561451E-13   1.200000E+02   1.462340E-03
  1.023000000000E+01   4.931204E+00   1.257801E-03   6.460216E+01   3.050313E-16  -1.165909E-17  -5.988247E-13   1.200000E+02   3.482275E-03
  1.023500000000E+01   4.931210E+00   1.222808E-03   6.458175E+01   3.049782E-16  -9.372311E-18  -4.949922E-13   1.200000E+02   5.496933E-03
  1.024000000000E+01   4.931216E+00   1.207774E-03   6.457653E+01   3.049372E-16  -6.546707E-18  -3.500355E-13   1.200000E+02   7.504396E-03
  1.024500000000E+01   4.931222E+00   1.212452E-03   6.458687E+01   3.049134E-16  -2.753144E-18  -1.466590E-13   1.200000E+02   9.502555E-03
  1.025000000000E+01   4.931229E+00   1.232739E-03   6.460939E+01   3.049086E-16   7.451896E-19   3.905630E-14   1.200000E+02   1.148955E-02
  1.025500000000E+01   4.931235E+00   1.261239E-03   6.463788E+01   3.049186E-16   3.218423E-18   1.649425E-13   1.200000E+02   1.346417E-02
  1.026000000000E+01   4.931241E+00   1.288435E-03   6.466486E+01   3.049399E-16   4.413350E-18   2.215002E-13   1.200000E+02   1.542613E-02
  1.026500000000E+01   4.931248E+00   1.304798E-03   6.468344E+01   3.049671E-16   5.230477E-18   2.592933E-13   1.200000E+02   1.737620E-02
  1.027000000000E+01   4.931254E+00   1.303480E-03   6.468891E+01   3.049894E-16   3.780385E-18   1.876124E-13   1.200000E+02   1.931606E-02
  1.027500000000E+01   4.931261E+00   1.282491E-03   6.467973E+01   3.050016E-16   1.345463E-18   6.785556E-14   1.200000E+02   2.124788E-02
  1.028000000000E+01   4.931267E+00   1.245156E-03   6.465775E+01   3.050052E-16  -4.179932E-19  -2.170531E-14   1.200000E+02   2.317374E-02
  1.028500000000E+01   4.931273E+00   1.198567E-03   6.462751E+01   3.049990E-16  -2.068620E-18  -1.115413E-13   1.200000E+02   2.509513E-02
  1.029000000000E+01   4.931279E+00   1.150947E-03   6.459495E+01   3.049883E-16  -2.340137E-18  -1.313362E-13   1.200000E+02   2.701264E-02
  1.029500000000E+01   4.931285E+00   1.109247E-03   6.456587E+01   3.049803E-16  -9.329545E-19  -5.430441E-14   1.200000E+02   2.892606E-02
  1.030000000000E+01   4.931290E+00   1.077776E-03   6.454457E+01   3.049817E-16   1.672060E-18   1.001343E-13   1.200000E+02   3.083454E-02
  1.030500000000E+01   4.931295E+00   1.057905E-03   6.453301E+01   3.049965E-16   4.632759E-18   2.826017E-13   1.200000E+02   3.273693E-02
  1.031000000000E+01   4.931301E+00   1.048466E-03   6.453069E+01   3.050284E-16   8.127416E-18   5.002238E-13   1.200000E+02   3.463208E-02
  1.031500000000E+01   4.931306E+00   1.046509E-03   6.453515E+01   3.050731E-16   9.981957E-18   6.155579E-13   1.200000E+02   3.651909E-02
  1.032000000000E+01   4.931311E+00   1.048261E-03   6.454299E+01   3.051275E-16   1.090107E-17   6.711946E-13   1.200000E+02   3.839742E-02
  1.032500000000E+01   4.931316E+00   1.050168E-03   6.455093E+01   3.051809E-16   9.700810E-18   5.962821E-13   1.200000E+02   4.026694E-02
  1.033000000000E+01   4.931322E+00   1.049813E-03   6.455678E+01   3.052232E-16   6.983666E-18   4.294506E-13   1.200000E+02   4.212787E-02
  1.033500000000E+01   4.931327E+00   1.046428E-03   6.455982E+01   3.052481E-16   2.319401E-18   1.430964E-13   1.200000E+02   4.398057E-02
  1.034000000000E+01   4.931332E+00   1.040787E-03   6.456075E+01   3.052482E-16  -2.542557E-18  -1.577166E-13   1.200000E+02   4.582542E-02
  1.034500000000E+01   4.931337E+00   1.034540E-03   6.456106E+01   3.052226E-16  -7.595722E-18  -4.740153E-13   1.200000E+02   4.766265E-02
  1.035000000000E+01   4.931342E+00   1.029287E-03   6.456224E+01   3.051742E-16  -1.133810E-17  -7.111846E-13   1.200000E+02   4.949230E-02
  1.035500000000E+01   4.931348E+00   1.025729E-03   6.456495E+01   3.051085E-16  -1.410578E-17  -8.878945E-13   1.200000E+02   5.131428E-02
  1.036000000000E+01   4.931353E+00   1.023195E-03   6.456860E+01   3.050351E-16  -1.458489E-17  -9.203779E-13   1.200000E+02   5.312851E-02
  1.036500000000E+01   4.931358E+00   1.019659E-03   6.457126E+01   3.049660E-16  -1.305159E-17  -8.265094E-13   1.200000E+02   5.493502E-02
  1.037000000000E+01   4.931363E+00   1.012293E-03   6.457027E+01   3.049088E-16  -9.764539E-18  -6.228422E-13   1.200000E+02   5.673416E-02
  1.037500000000E+01   4.931368E+00   9.984347E-04   6.456298E+01   3.048695E-16  -5.457013E-18  -3.528734E-13   1.200000E+02   5.852655E-02
  1.038000000000E+01   4.931373E+00   9.766630E-04   6.454774E+01   3.048549E-16  -7.909453E-19  -5.227363E-14   1.200000E+02   6.031306E-02
  1.038500000000E+01   4.931378E+00   9.475523E-04   6.452459E+01   3.048623E-16   4.150405E-18   2.826263E-13   1.200000E+02   6.209457E-02
  1.039000000000E+01   4.931382E+00   9.137293E-04   6.449559E+01   3.048917E-16   7.506175E-18   5.298234E-13   1.200000E+02   6.387183E-02
  1.039500000000E+01   4.931387E+00   8.791995E-04   6.446449E+01   3.049355E-16   1.008196E-17   7.392272E-13   1.200000E+02   6.564517E-02
  1.040000000000E+01   4.931391E+00   8.482673E-04   6.443597E+01   3.049882E-16   1.068997E-17   8.120305E-13   1.200000E+02   6.741450E-02
  1.040500000000E+01   4.931395E+00   8.245039E-04   6.441455E+01   3.050395E-16   9.659241E-18   7.546303E-13   1.200000E+02   6.917926E-02
  1.041000000000E+01   4.931399E+00   8.100523E-04   6.440341E+01   3.050837E-16   7.507608E-18   5.968942E-13   1.200000E+02   7.093859E-02
  1.041500000000E+01   4.931403E+00   8.053037E-04   6.440357E+01   3.051156E-16   5.072451E-18   4.056655E-13   1.200000E+02   7.269150E-02
  1.042000000000E+01   4.931408E+00   8.088423E-04   6.441357E+01   3.051334E-16   2.212010E-18   1.761573E-13   1.200000E+02   7.443706E-02
  1.042500000000E+01   4.931412E+00   8.176036E-04   6.442967E+01   3.051359E-16  -1.119976E-18  -8.825754E-14   1.200000E+02   7.617457E-02
  1.043000000000E+01   4.931416E+00   8.273054E-04   6.444673E+01   3.051229E-16  -4.149949E-18  -3.232793E-13   1.200000E+02   7.790377E-02
  1.043500000000E+01   4.931420E+00   8.332487E-04   6.445931E+01   3.050986E-16  -5.290395E-18  -4.092598E-13   1.200000E+02   7.962486E-02
  1.044000000000E+01   4.931424E+00   8.314330E-04   6.446290E+01   3.050704E-16  -5.552998E-18  -4.305366E-13   1.200000E+02   8.133855E-02
  1.044500000000E+01   4.931428E+00   8.196658E-04   6.445488E+01   3.050451E-16  -4.576077E-18  -3.598423E-13   1.200000E+02   8.304587E-02
  1.045000000000E+01   4.931432E+00   7.981851E-04   6.443503E+01   3.050271E-16  -2.668332E-18  -2.154063E-13   1.200000E+02   8.474798E-02
  1.045500000000E+01   4.931436E+00   7.694764E-04   6.440549E+01   3.050187E-16  -4.290489E-19  -3.591157E-14   1.200000E+02   8.644584E-02
  1.046000000000E+01   4.931440E+00   7.373868E-04   6.437021E+01   3.050200E-16   9.500865E-19   8.293784E-14   1.200000E+02   8.814010E-02
  1.046500000000E+01   4.931443E+00   7.059812E-04   6.433404E+01   3.050280E-16   2.092389E-18   1.906734E-13   1.200000E+02   8.983094E-02
  1.047000000000E+01   4.931447E+00   6.786199E-04   6.430169E+01   3.050394E-16   2.452134E-18   2.323485E-13   1.200000E+02   9.151813E-02
  1.047500000000E+01   4.931450E+00   6.574868E-04   6.427689E+01   3.050500E-16   1.764233E-18   1.724740E-13   1.200000E+02   9.320114E-02
  1.048000000000E+01   4.931454E+00   6.435328E-04   6.426187E+01   3.050563E-16   6.999682E-19   6.989739E-14   1.200000E+02   9.487927E-02
  1.048500000000E+01   4.931457E+00   6.366673E-04   6.425711E+01   3.050549E-16  -1.290671E-18  -1.302639E-13   1.200000E+02   9.655180E-02
  1.049000000000E+01   4.931460E+00   6.360449E-04   6.426170E+01   3.050449E-16  -2.696677E-18  -2.724541E-13   1.200000E+02   9.821804E-02
  1.049500000000E+01   4.931463E+00   6.403590E-04   6.427369E+01   3.050285E-16  -3.765996E-18  -3.779981E-13   1.200000E+02   9.987744E-02
  1.050000000000E+01   4.931466E+00   6.481053E-04   6.429071E+01   3.050095E-16  -3.725803E-18  -3.695920E-13   1.200000E+02   1.015296E-01
  1.050500000000E+01   4.931470E+00   6.577916E-04   6.431041E+01   3.049935E-16  -2.723281E-18  -2.662474E-13   1.200000E+02   1.031743E-01
  1.051000000000E+01   4.931473E+00   6.680702E-04   6.433072E+01   3.049847E-16  -5.143317E-19  -4.952673E-14   1.200000E+02   1.048114E-01
  1.051500000000E+01   4.931476E+00   6.777762E-04   6.434997E+01   3.049888E-16   2.266757E-18   2.152123E-13   1.200000E+02   1.064409E-01
  1.052000000000E+01   4.931480E+00   6.858884E-04   6.436677E+01   3.050061E-16   4.420223E-18   4.148131E-13   1.200000E+02   1.080632E-01
  1.052500000000E+01   4.931483E+00   6.914617E-04   6.437990E+01   3.050348E-16   7.086985E-18   6.598475E-13   1.200000E+02   1.096784E-01
  1.053000000000E+01   4.931487E+00   6.936033E-04   6.438820E+01   3.050740E-16   8.107622E-18   7.526423E-13   1.200000E+02   1.112869E-01
  1.053500000000E+01   4.931490E+00   6.915447E-04   6.439066E+01   3.051152E-16   7.851679E-18   7.310804E-13   1.200000E+02   1.128891E-01
  1.054000000000E+01   4.931493E+00   6.848175E-04   6.438657E+01   3.051508E-16   6.392647E-18   6.010370E-13   1.200000E+02   1.144857E-01
  1.054500000000E+01   4.931497E+00   6.734694E-04   6.437580E+01   3.051764E-16   3.263083E-18   3.119126E-13   1.200000E+02   1.160772E-01
  1.055000000000E+01   4.931500E+00   6.582180E-04   6.435907E+01   3.051849E-16   3.105068E-21   3.036065E-16   1.200000E+02   1.176640E-01
  1.055500000000E+01   4.931503E+00   6.404425E-04   6.433804E+01   3.051769E-16  -3.288368E-18  -3.303453E-13   1.200000E+02   1.192466E-01
  1.056000000000E+01   4.931507E+00   6.219832E-04   6.431520E+01   3.051536E-16  -5.943567E-18  -6.145853E-13   1.200000E+02   1.208251E-01
  1.056500000000E+01   4.931510E+00   6.048029E-04   6.429353E+01   3.051196E-16  -7.387517E-18  -7.853295E-13   1.200000E+02   1.223997E-01
  1.057000000000E+01   4.931513E+00   5.906143E-04   6.427594E+01   3.050813E-16  -7.743150E-18  -8.426791E-13   1.200000E+02   1.239700E-01
  1.057500000000E+01   4.931516E+00   5.805713E-04   6.426467E+01   3.050440E-16  -6.933814E-18  -7.675186E-13   1.200000E+02   1.255358E-01
  1.058000000000E+01   4.931518E+00   5.750728E-04   6.426071E+01   3.050140E-16  -4.661301E-18  -5.208706E-13   1.200000E+02   1.270965E-01
  1.058500000000E+01   4.931521E+00   5.736864E-04   6.426355E+01   3.049972E-16  -2.126310E-18  -2.381863E-13   1.200000E+02   1.286518E-01
  1.059000000000E+01   4.931524E+00   5.751944E-04   6.427121E+01   3.049932E-16   5.995765E-19   6.699562E-14   1.200000E+02   1.302014E-01
  1.059500000000E+01   4.931527E+00   5.777780E-04   6.428063E+01   3.050051E-16   3.814649E-18   4.243984E-13   1.200000E+02   1.317449E-01
  1.060000000000E+01   4.931530E+00   5.793585E-04   6.428835E+01   3.050292E-16   5.913021E-18   6.561367E-13   1.200000E+02   1.332825E-01
  1.060500000000E+01   4.931533E+00   5.780688E-04   6.429129E+01   3.050615E-16   6.954774E-18   7.734916E-13   1.200000E+02   1.348144E-01
  1.061000000000E+01   4.931536E+00   5.727441E-04   6.428747E+01   3.050950E-16   6.464102E-18   7.255609E-13   1.200000E+02   1.363411E-01
  1.061500000000E+01   4.931539E+00   5.632570E-04   6.427648E+01   3.051261E-16   5.508990E-18   6.286625E-13   1.200000E+02   1.378630E-01
  1.062000000000E+01   4.931541E+00   5.505526E-04   6.425961E+01   3.051477E-16   3.220514E-18   3.758932E-13   1.200000E+02   1.393806E-01
  1.062500000000E+01   4.931544E+00   5.363661E-04   6.423957E+01   3.051576E-16   9.427325E-19   1.129093E-13   1.200000E+02   1.408942E-01
  1.063000000000E+01   4.931547E+00   5.227477E-04   6.421988E+01   3.051573E-16  -1.099621E-18  -1.350891E-13   1.200000E+02   1.424039E-01
  1.063500000000E+01   4.931549E+00   5.115806E-04   6.420415E+01   3.051458E-16  -3.260448E-18  -4.091913E-13   1.200000E+02   1.439094E-01
  1.064000000000E+01   4.931552E+00   5.042298E-04   6.419523E+01   3.051261E-16  -4.731993E-18  -6.024463E-13   1.200000E+02   1.454106E-01
  1.064500000000E+01   4.931554E+00   5.013613E-04   6.419471E+01   3.051009E-16  -5.536208E-18  -7.088607E-13   1.200000E+02   1.469070E-01
  1.065000000000E+01   4.931557E+00   5.029013E-04   6.420260E+01   3.050719E-16  -5.882581E-18  -7.509963E-13   1.200000E+02   1.483982E-01
  1.065500000000E+01   4.931559E+00   5.080911E-04   6.421738E+01   3.050437E-16  -5.128474E-18  -6.481853E-13   1.200000E+02   1.498836E-01
  1.066000000000E+01   4.931562E+00   5.156173E-04   6.423641E+01   3.050190E-16  -4.713125E-18  -5.871684E-13   1.200000E+02   1.513632E-01
  1.066500000000E+01   4.931565E+00   5.238159E-04   6.425644E+01   3.049986E-16  -3.411392E-18  -4.184751E-13   1.200000E+02   1.528366E-01
  1.067000000000E+01   4.931567E+00   5.309475E-04   6.427428E+01   3.049862E-16  -1.601935E-18  -1.939235E-13   1.200000E+02   1.543040E-01
  1.067500000000E+01   4.931570E+00   5.355030E-04   6.428733E+01   3.049831E-16   3.298979E-19   3.960437E-14   1.200000E+02   1.557657E-01
  1.068000000000E+01   4.931573E+00   5.364669E-04   6.429389E+01   3.049895E-16   1.943873E-18   2.329671E-13   1.200000E+02   1.572219E-01
  1.068500000000E+01   4.931575E+00   5.334618E-04   6.429331E+01   3.050044E-16   3.687458E-18   4.444158E-13   1.200000E+02   1.586732E-01
  1.069000000000E+01   4.931578E+00   5.267341E-04   6.428592E+01   3.050267E-16   5.209492E-18   6.357990E-13   1.200000E+02   1.601200E-01
  1.069500000000E+01   4.931581E+00   5.170081E-04   6.427281E+01   3.050550E-16   5.782719E-18   7.188893E-13   1.200000E+02   1.615627E-01
  1.070000000000E+01   4.931583E+00   5.052768E-04   6.425555E+01   3.050849E-16   6.151489E-18   7.822788E-13   1.200000E+02   1.630016E-01
  1.070500000000E+01   4.931586E+00   4.926062E-04   6.423593E+01   3.051133E-16   5.192721E-18   6.771317E-13   1.200000E+02   1.644369E-01
  1.071000000000E+01   4.931588E+00   4.800003E-04   6.421579E+01   3.051367E-16   3.797388E-18   5.080252E-13   1.200000E+02   1.658687E-01
  1.071500000000E+01   4.931590E+00   4.683341E-04   6.419690E+01   3.051520E-16   2.368367E-18   3.246439E-13   1.200000E+02   1.672969E-01
  1.072000000000E+01   4.931593E+00   4.583358E-04   6.418091E+01   3.051577E-16   1.503144E-19   2.104858E-14   1.200000E+02   1.687214E-01
  1.072500000000E+01   4.931595E+00   4.505851E-04   6.416925E+01   3.051530E-16  -1.922182E-18  -2.737440E-13   1.200000E+02   1.701421E-01
  1.073000000000E+01   4.931597E+00   4.455044E-04   6.416306E+01   3.051390E-16  -3.582680E-18  -5.159897E-13   1.200000E+02   1.715587E-01
  1.073500000000E+01   4.931599E+00   4.433276E-04   6.416304E+01   3.051181E-16  -4.823246E-18  -6.980711E-13   1.200000E+02   1.729710E-01
  1.074000000000E+01   4.931602E+00   4.440455E-04   6.416926E+01   3.050929E-16  -5.069992E-18  -7.326673E-13   1.200000E+02   1.743786E-01
  1.074500000000E+01   4.931604E+00   4.473406E-04   6.418101E+01   3.050682E-16  -4.478571E-18  -6.425512E-13   1.200000E+02   1.757812E-01
  1.075000000000E+01   4.931606E+00   4.525314E-04   6.419672E+01   3.050492E-16  -3.249107E-18  -4.609226E-13   1.200000E+02   1.771787E-01
  1.075500000000E+01   4.931608E+00   4.585614E-04   6.421404E+01   3.050363E-16  -1.727297E-18  -2.418798E-13   1.200000E+02   1.785710E-01
  1.076000000000E+01   4.931611E+00   4.640705E-04   6.423010E+01   3.050335E-16   3.948636E-19   5.465146E-14   1.200000E+02   1.799580E-01
  1.076500000000E+01   4.931613E+00   4.675785E-04   6.424192E+01   3.050400E-16   2.167005E-18   2.977309E-13   1.200000E+02   1.813399E-01
  1.077000000000E+01   4.931615E+00   4.677722E-04   6.424688E+01   3.050552E-16   3.896842E-18   5.352176E-13   1.200000E+02   1.827171E-01
  1.077500000000E+01   4.931618E+00   4.638299E-04   6.424331E+01   3.050759E-16   4.554097E-18   6.307705E-13   1.200000E+02   1.840900E-01
  1.078000000000E+01   4.931620E+00   4.556743E-04   6.423082E+01   3.050989E-16   4.610033E-18   6.498198E-13   1.200000E+02   1.854590E-01
  1.078500000000E+01   4.931622E+00   4.440440E-04   6.421052E+01   3.051210E-16   4.024043E-18   5.818925E-13   1.200000E+02   1.868247E-01
  1.079000000000E+01   4.931624E+00   4.303462E-04   6.418496E+01   3.051377E-16   2.813727E-18   4.196597E-13   1.200000E+02   1.881873E-01
  1.079500000000E+01   4.931627E+00   4.163457E-04   6.415772E+01   3.051484E-16   1.363392E-18   2.100950E-13   1.200000E+02   1.895470E-01
  1.080000000000E+01   4.931629E+00   4.038094E-04   6.413287E+01   3.051523E-16   1.564535E-19   2.484788E-14   1.200000E+02   1.909038E-01
  1.080500000000E+01   4.931631E+00   3.942144E-04   6.411427E+01   3.051497E-16  -1.108122E-18  -1.802228E-13   1.200000E+02   1.922574E-01
  1.081000000000E+01   4.931633E+00   3.885718E-04   6.410491E+01   3.051415E-16  -2.102117E-18  -3.467982E-13   1.200000E+02   1.936076E-01
  1.081500000000E+01   4.931634E+00   3.873513E-04   6.410635E+01   3.051296E-16  -2.664523E-18  -4.409765E-13   1.200000E+02   1.949538E-01
  1.082000000000E+01   4.931636E+00   3.904649E-04   6.411848E+01   3.051153E-16  -2.963591E-18  -4.866531E-13   1.200000E+02   1.962955E-01
  1.082500000000E+01   4.931638E+00   3.972756E-04   6.413952E+01   3.050999E-16  -3.134979E-18  -5.061374E-13   1.200000E+02   1.976325E-01
  1.083000000000E+01   4.931640E+00   4.066309E-04   6.416628E+01   3.050845E-16  -3.030725E-18  -4.782478E-13   1.200000E+02   1.989644E-01
  1.083500000000E+01   4.931642E+00   4.169506E-04   6.419474E+01   3.050705E-16  -2.534166E-18  -3.901663E-13   1.200000E+02   2.002910E-01
  1.084000000000E+01   4.931645E+00   4.264073E-04   6.422065E+01   3.050582E-16  -2.102348E-18  -3.166319E-13   1.200000E+02   2.016123E-01
  1.084500000000E+01   4.931647E+00   4.332122E-04   6.424021E+01   3.050490E-16  -1.518716E-18  -2.252075E-13   1.200000E+02   2.029285E-01
  1.085000000000E+01   4.931649E+00   4.359608E-04   6.425063E+01   3.050424E-16  -1.043322E-18  -1.537617E-13   1.200000E+02   2.042401E-01
  1.085500000000E+01   4.931651E+00   4.339384E-04   6.425050E+01   3.050394E-16  -2.007369E-19  -2.972184E-14   1.200000E+02   2.055476E-01
  1.086000000000E+01   4.931653E+00   4.272739E-04   6.423997E+01   3.050407E-16   8.801625E-19   1.323311E-13   1.200000E+02   2.068515E-01
  1.086500000000E+01   4.931655E+00   4.168821E-04   6.422064E+01   3.050476E-16   2.013301E-18   3.101487E-13   1.200000E+02   2.081523E-01
  1.087000000000E+01   4.931657E+00   4.042210E-04   6.419534E+01   3.050600E-16   3.057806E-18   4.856178E-13   1.200000E+02   2.094503E-01
  1.087500000000E+01   4.931659E+00   3.909598E-04   6.416761E+01   3.050771E-16   3.676586E-18   6.034322E-13   1.200000E+02   2.107458E-01
  1.088000000000E+01   4.931661E+00   3.786701E-04   6.414124E+01   3.050962E-16   3.812670E-18   6.458110E-13   1.200000E+02   2.120387E-01
  1.088500000000E+01   4.931663E+00   3.686103E-04   6.411967E+01   3.051147E-16   3.376331E-18   5.873120E-13   1.200000E+02   2.133288E-01
  1.089000000000E+01   4.931665E+00   3.616164E-04   6.410555E+01   3.051301E-16   2.582222E-18   4.577633E-13   1.200000E+02   2.146159E-01
  1.089500000000E+01   4.931667E+00   3.580748E-04   6.410035E+01   3.051406E-16   1.516967E-18   2.715582E-13   1.200000E+02   2.158997E-01
  1.090000000000E+01   4.931669E+00   3.579341E-04   6.410422E+01   3.051457E-16   2.359681E-19   4.226072E-14   1.200000E+02   2.171797E-01
  1.090500000000E+01   4.931670E+00   3.607344E-04   6.411593E+01   3.051434E-16  -1.186249E-18  -2.108406E-13   1.200000E+02   2.184558E-01
  1.091000000000E+01   4.931672E+00   3.656473E-04   6.413314E+01   3.051341E-16  -2.689254E-18  -4.716850E-13   1.200000E+02   2.197276E-01
  1.091500000000E+01   4.931674E+00   3.715462E-04   6.415270E+01   3.051183E-16  -3.432522E-18  -5.926734E-13   1.200000E+02   2.209949E-01
  1.092000000000E+01   4.931676E+00   3.771309E-04   6.417121E+01   3.050999E-16  -3.823805E-18  -6.506447E-13   1.200000E+02   2.222578E-01
  1.092500000000E+01   4.931678E+00   3.811148E-04   6.418547E+01   3.050802E-16  -3.835180E-18  -6.459021E-13   1.200000E+02   2.235164E-01
  1.093000000000E+01   4.931680E+00   3.824523E-04   6.419300E+01   3.050629E-16  -3.149802E-18  -5.286809E-13   1.200000E+02   2.247709E-01
  1.093500000000E+01   4.931682E+00   3.805480E-04   6.419235E+01   3.050494E-16  -2.140445E-18  -3.610588E-13   1.200000E+02   2.260217E-01
  1.094000000000E+01   4.931684E+00   3.753752E-04   6.418335E+01   3.050423E-16  -6.562888E-19  -1.122152E-13   1.200000E+02   2.272692E-01
  1.094500000000E+01   4.931685E+00   3.674579E-04   6.416701E+01   3.050422E-16   6.795153E-19   1.186597E-13   1.200000E+02   2.285138E-01
  1.095000000000E+01   4.931687E+00   3.577225E-04   6.414535E+01   3.050482E-16   1.587128E-18   2.845973E-13   1.200000E+02   2.297556E-01
  1.095500000000E+01   4.931689E+00   3.472750E-04   6.412101E+01   3.050582E-16   2.364182E-18   4.365236E-13   1.200000E+02   2.309949E-01
  1.096000000000E+01   4.931691E+00   3.371792E-04   6.409678E+01   3.050706E-16   2.434159E-18   4.627266E-13   1.200000E+02   2.322317E-01
  1.096500000000E+01   4.931692E+00   3.282930E-04   6.407524E+01   3.050822E-16   2.124331E-18   4.146205E-13   1.200000E+02   2.334658E-01
  1.097000000000E+01   4.931694E+00   3.211835E-04   6.405830E+01   3.050920E-16   1.604035E-18   3.199161E-13   1.200000E+02   2.346973E-01
  1.097500000000E+01   4.931696E+00   3.161121E-04   6.404710E+01   3.050987E-16   1.003081E-18   2.032331E-13   1.200000E+02   2.359258E-01
  1.098000000000E+01   4.931697E+00   3.130665E-04   6.404186E+01   3.051018E-16   4.049460E-19   8.283703E-14   1.200000E+02   2.371512E-01
  1.098500000000E+01   4.931699E+00   3.118169E-04   6.404208E+01   3.051024E-16  -3.019549E-20  -6.201658E-15   1.200000E+02   2.383733E-01
  1.099000000000E+01   4.931700E+00   3.119806E-04   6.404662E+01   3.051018E-16  -1.923445E-19  -3.948647E-14   1.200000E+02   2.395920E-01
  1.099500000000E+01   4.931702E+00   3.130857E-04   6.405405E+01   3.051003E-16  -4.056435E-19  -8.299039E-14   1.200000E+02   2.408070E-01
  1.100000000000E+01   4.931703E+00   3.146288E-04   6.406278E+01   3.050993E-16  -3.013024E-20  -6.134934E-15   1.200000E+02   2.420184E-01
  1.100500000000E+01   4.931705E+00   3.161238E-04   6.407134E+01   3.050997E-16   1.337194E-19   2.710197E-14   1.200000E+02   2.432262E-01
  1.101000000000E+01   4.931707E+00   3.171389E-04   6.407841E+01   3.051013E-16   4.363568E-19   8.816656E-14   1.200000E+02   2.444304E-01
  1.101500000000E+01   4.931708E+00   3.173245E-04   6.408295E+01   3.051036E-16   4.708627E-19   9.508964E-14   1.200000E+02   2.456311E-01
  1.102000000000E+01   4.931710E+00   3.164360E-04   6.408423E+01   3.051057E-16   4.523088E-19   9.160102E-14   1.200000E+02   2.468285E-01
  1.102500000000E+01   4.931711E+00   3.143549E-04   6.408185E+01   3.051073E-16   2.245362E-19   4.577214E-14   1.200000E+02   2.480226E-01
  1.103000000000E+01   4.931713E+00   3.111094E-04   6.407584E+01   3.051080E-16  -6.679578E-20  -1.375721E-14   1.200000E+02   2.492136E-01
  1.103500000000E+01   4.931714E+00   3.068883E-04   6.406667E+01   3.051065E-16  -5.125485E-19  -1.070007E-13   1.200000E+02   2.504017E-01
  1.104000000000E+01   4.931716E+00   3.020397E-04   6.405531E+01   3.051031E-16  -9.333884E-19  -1.979491E-13   1.200000E+02   2.515870E-01
  1.104500000000E+01   4.931717E+00   2.970441E-04   6.404322E+01   3.050981E-16  -1.043793E-18  -2.250436E-13   1.200000E+02   2.527695E-01
  1.105000000000E+01   4.931719E+00   2.924607E-04   6.403220E+01   3.050931E-16  -1.051301E-18  -2.301749E-13   1.200000E+02   2.539492E-01
  1.105500000000E+01   4.931720E+00   2.888499E-04   6.402418E+01   3.050879E-16  -9.695319E-19  -2.148987E-13   1.200000E+02   2.551260E-01
  1.106000000000E+01   4.931722E+00   2.866861E-04   6.402085E+01   3.050836E-16  -7.258562E-19  -1.620934E-13   1.200000E+02   2.562999E-01
  1.106500000000E+01   4.931723E+00   2.862699E-04   6.402334E+01   3.050807E-16  -4.325021E-19  -9.672770E-14   1.200000E+02   2.574708E-01
  1.107000000000E+01   4.931725E+00   2.876524E-04   6.403183E+01   3.050795E-16  -8.457553E-20  -1.882663E-14   1.200000E+02   2.586383E-01
  1.107500000000E+01   4.931726E+00   2.905791E-04   6.404541E+01   3.050798E-16   1.755798E-19   3.869885E-14   1.200000E+02   2.598024E-01
  1.108000000000E+01   4.931728E+00   2.944696E-04   6.406203E+01   3.050811E-16   3.740749E-19   8.138021E-14   1.200000E+02   2.609629E-01
  1.108500000000E+01   4.931729E+00   2.984547E-04   6.407877E+01   3.050829E-16   3.030269E-19   6.506043E-14   1.200000E+02   2.621198E-01
  1.109000000000E+01   4.931731E+00   3.014954E-04   6.409232E+01   3.050846E-16   2.378559E-19   5.056374E-14   1.200000E+02   2.632731E-01
  1.109500000000E+01   4.931732E+00   3.025859E-04   6.409960E+01   3.050852E-16  -2.879549E-20  -6.100019E-15   1.200000E+02   2.644231E-01
  1.110000000000E+01   4.931734E+00   3.010041E-04   6.409837E+01   3.050849E-16  -8.738033E-20  -1.860751E-14   1.200000E+02   2.655700E-01
  1.110500000000E+01   4.931735E+00   2.965302E-04   6.408779E+01   3.050846E-16  -1.857732E-19  -4.015037E-14   1.200000E+02   2.667140E-01
  1.111000000000E+01   4.931737E+00   2.895402E-04   6.406868E+01   3.050841E-16   2.638695E-20   5.838833E-15   1.200000E+02   2.678557E-01
  1.111500000000E+01   4.931738E+00   2.809302E-04   6.404347E+01   3.050849E-16   1.751720E-19   3.993383E-14   1.200000E+02   2.689951E-01
  1.112000000000E+01   4.931739E+00   2.718997E-04   6.401588E+01   3.050863E-16   3.456128E-19   8.137083E-14   1.200000E+02   2.701324E-01
  1.112500000000E+01   4.931741E+00   2.636824E-04   6.399018E+01   3.050885E-16   5.673967E-19   1.376953E-13   1.200000E+02   2.712676E-01
  1.113000000000E+01   4.931742E+00   2.573169E-04   6.397048E+01   3.050918E-16   7.266354E-19   1.806458E-13   1.200000E+02   2.724006E-01
  1.113500000000E+01   4.931743E+00   2.535013E-04   6.395989E+01   3.050953E-16   7.701973E-19   1.943253E-13   1.200000E+02   2.735311E-01
  1.114000000000E+01   4.931744E+00   2.525301E-04   6.395994E+01   3.050986E-16   5.544554E-19   1.404305E-13   1.200000E+02   2.746588E-01
  1.114500000000E+01   4.931746E+00   2.542806E-04   6.397030E+01   3.051008E-16   1.742177E-19   4.382858E-14   1.200000E+02   2.757836E-01
  1.115000000000E+01   4.931747E+00   2.582275E-04   6.398881E+01   3.051010E-16  -2.302110E-19  -5.704631E-14   1.200000E+02   2.769050E-01
  1.115500000000E+01   4.931748E+00   2.634871E-04   6.401187E+01   3.050991E-16  -6.170260E-19  -1.499010E-13   1.200000E+02   2.780230E-01
  1.116000000000E+01   4.931750E+00   2.689123E-04   6.403513E+01   3.050949E-16  -9.583540E-19  -2.282094E-13   1.200000E+02   2.791374E-01
  1.116500000000E+01   4.931751E+00   2.732595E-04   6.405421E+01   3.050897E-16  -1.223968E-18  -2.869078E-13   1.200000E+02   2.802484E-01
  1.117000000000E+01   4.931752E+00   2.754165E-04   6.406543E+01   3.050837E-16  -1.141822E-18  -2.656024E-13   1.200000E+02   2.813560E-01
  1.117500000000E+01   4.931754E+00   2.746383E-04   6.406638E+01   3.050785E-16  -8.947386E-19  -2.087206E-13   1.200000E+02   2.824608E-01
  1.118000000000E+01   4.931755E+00   2.707081E-04   6.405619E+01   3.050753E-16  -4.217735E-19  -9.980197E-14   1.200000E+02   2.835629E-01
  1.118500000000E+01   4.931756E+00   2.639620E-04   6.403561E+01   3.050741E-16  -3.416076E-20  -8.287196E-15   1.200000E+02   2.846627E-01
  1.119000000000E+01   4.931758E+00   2.551715E-04   6.400674E+01   3.050746E-16   2.721575E-19   6.826749E-14   1.200000E+02   2.857605E-01
  1.119500000000E+01   4.931759E+00   2.453390E-04   6.397265E+01   3.050766E-16   4.751586E-19   1.238986E-13   1.200000E+02   2.868565E-01
  1.120000000000E+01   4.931760E+00   2.354875E-04   6.393693E+01   3.050791E-16   4.788505E-19   1.300121E-13   1.200000E+02   2.879507E-01
  1.120500000000E+01   4.931761E+00   2.265050E-04   6.390322E+01   3.050815E-16   5.137927E-19   1.449549E-13   1.200000E+02   2.890432E-01
  1.121000000000E+01   4.931763E+00   2.190666E-04   6.387478E+01   3.050832E-16   2.037163E-19   5.939900E-14   1.200000E+02   2.901337E-01
  1.121500000000E+01   4.931764E+00   2.136217E-04   6.385423E+01   3.050836E-16  -8.444384E-20  -2.524133E-14   1.200000E+02   2.912222E-01
  1.122000000000E+01   4.931765E+00   2.104162E-04   6.384332E+01   3.050824E-16  -3.664262E-19  -1.111790E-13   1.200000E+02   2.923083E-01
  1.122500000000E+01   4.931766E+00   2.095224E-04   6.384282E+01   3.050804E-16  -3.137741E-19  -9.560901E-14   1.200000E+02   2.933919E-01
  1.123000000000E+01   4.931767E+00   2.108579E-04   6.385250E+01   3.050792E-16  -1.055652E-19  -3.196750E-14   1.200000E+02   2.944728E-01
  1.123500000000E+01   4.931768E+00   2.141857E-04   6.387111E+01   3.050788E-16  -1.083757E-20  -3.231811E-15   1.200000E+02   2.955506E-01
  1.124000000000E+01   4.931769E+00   2.191006E-04   6.389645E+01   3.050790E-16   4.836579E-20   1.410495E-14   1.200000E+02   2.966252E-01
  1.124500000000E+01   4.931770E+00   2.250139E-04   6.392557E+01   3.050800E-16   2.517735E-19   7.152787E-14   1.200000E+02   2.976966E-01
  1.125000000000E+01   4.931771E+00   2.311617E-04   6.395499E+01   3.050819E-16   4.830178E-19   1.336355E-13   1.200000E+02   2.987646E-01
  1.125500000000E+01   4.931772E+00   2.366573E-04   6.398108E+01   3.050846E-16   6.236413E-19   1.686035E-13   1.200000E+02   2.998293E-01
  1.126000000000E+01   4.931774E+00   2.406053E-04   6.400048E+01   3.050873E-16   4.483596E-19   1.192627E-13   1.200000E+02   3.008907E-01
  1.126500000000E+01   4.931775E+00   2.422641E-04   6.401059E+01   3.050895E-16   3.896352E-19   1.029487E-13   1.200000E+02   3.019493E-01
  1.127000000000E+01   4.931776E+00   2.412166E-04   6.400993E+01   3.050910E-16   2.235971E-19   5.933438E-14   1.200000E+02   3.030051E-01
  1.127500000000E+01   4.931777E+00   2.374833E-04   6.399845E+01   3.050919E-16   1.103469E-19   2.973695E-14   1.200000E+02   3.040586E-01
  1.128000000000E+01   4.931778E+00   2.315298E-04   6.397756E+01   3.050924E-16   8.913543E-20   2.463039E-14   1.200000E+02   3.051100E-01
  1.128500000000E+01   4.931779E+00   2.241564E-04   6.394997E+01   3.050922E-16  -8.636631E-20  -2.463960E-14   1.200000E+02   3.061595E-01
  1.129000000000E+01   4.931781E+00   2.163139E-04   6.391925E+01   3.050919E-16  -5.338111E-20  -1.577375E-14   1.200000E+02   3.072073E-01
  1.129500000000E+01   4.931782E+00   2.089101E-04   6.388929E+01   3.050920E-16   5.495838E-20   1.680747E-14   1.200000E+02   3.082534E-01
  1.130000000000E+01   4.931783E+00   2.026635E-04   6.386361E+01   3.050924E-16   1.735758E-19   5.469745E-14   1.200000E+02   3.092976E-01
  1.130500000000E+01   4.931784E+00   1.980253E-04   6.384484E+01   3.050933E-16   1.850610E-19   5.966506E-14   1.200000E+02   3.103398E-01
  1.131000000000E+01   4.931785E+00   1.951620E-04   6.383430E+01   3.050941E-16   1.122663E-19   3.672046E-14   1.200000E+02   3.113799E-01
  1.131500000000E+01   4.931786E+00   1.939782E-04   6.383190E+01   3.050948E-16   6.550321E-20   2.155498E-14   1.200000E+02   3.124177E-01
  1.132000000000E+01   4.931787E+00   1.941619E-04   6.383625E+01   3.050949E-16  -9.290127E-20  -3.054393E-14   1.200000E+02   3.134531E-01
  1.132500000000E+01   4.931788E+00   1.952482E-04   6.384503E+01   3.050940E-16  -2.819623E-19  -9.220003E-14   1.200000E+02   3.144858E-01
  1.133000000000E+01   4.931789E+00   1.966987E-04   6.385555E+01   3.050918E-16  -5.395262E-19  -1.751498E-13   1.200000E+02   3.155159E-01
  1.133500000000E+01   4.931789E+00   1.979943E-04   6.386526E+01   3.050881E-16  -8.554081E-19  -2.759213E-13   1.200000E+02   3.165433E-01
  1.134000000000E+01   4.931790E+00   1.987259E-04   6.387220E+01   3.050840E-16  -9.456375E-19  -3.039359E-13   1.200000E+02   3.175682E-01
  1.134500000000E+01   4.931791E+00   1.986593E-04   6.387526E+01   3.050792E-16  -9.113094E-19  -2.930148E-13   1.200000E+02   3.185905E-01
  1.135000000000E+01   4.931792E+00   1.977560E-04   6.387427E+01   3.050748E-16  -8.985872E-19  -2.902396E-13   1.200000E+02   3.196105E-01
  1.135500000000E+01   4.931793E+00   1.961441E-04   6.386979E+01   3.050711E-16  -6.120529E-19  -1.993009E-13   1.200000E+02   3.206281E-01
  1.136000000000E+01   4.931794E+00   1.940543E-04   6.386287E+01   3.050688E-16  -4.023452E-19  -1.324110E-13   1.200000E+02   3.216436E-01
  1.136500000000E+01   4.931795E+00   1.917442E-04   6.385473E+01   3.050678E-16  -2.285583E-20  -7.611459E-15   1.200000E+02   3.226568E-01
  1.137000000000E+01   4.931796E+00   1.894368E-04   6.384646E+01   3.050684E-16   2.553917E-19   8.607545E-14   1.200000E+02   3.236679E-01
  1.137500000000E+01   4.931797E+00   1.872862E-04   6.383885E+01   3.050704E-16   4.376402E-19   1.491752E-13   1.200000E+02   3.246769E-01
  1.138000000000E+01   4.931798E+00   1.853724E-04   6.383233E+01   3.050734E-16   6.978257E-19   2.402938E-13   1.200000E+02   3.256837E-01
  1.138500000000E+01   4.931799E+00   1.837182E-04   6.382705E+01   3.050769E-16   7.636761E-19   2.653150E-13   1.200000E+02   3.266883E-01
  1.139000000000E+01   4.931800E+00   1.823153E-04   6.382302E+01   3.050807E-16   7.987745E-19   2.796266E-13   1.200000E+02   3.276907E-01
  1.139500000000E+01   4.931801E+00   1.811483E-04   6.382017E+01   3.050846E-16   7.780599E-19   2.741175E-13   1.200000E+02   3.286908E-01
  1.140000000000E+01   4.931802E+00   1.802068E-04   6.381848E+01   3.050884E-16   7.898883E-19   2.797312E-13   1.200000E+02   3.296888E-01
  1.140500000000E+01   4.931803E+00   1.794822E-04   6.381791E+01   3.050921E-16   6.850596E-19   2.435845E-13   1.200000E+02   3.306845E-01
  1.141000000000E+01   4.931804E+00   1.789522E-04   6.381836E+01   3.050957E-16   6.427043E-19   2.292028E-13   1.200000E+02   3.316780E-01
  1.141500000000E+01   4.931805E+00   1.785609E-04   6.381955E+01   3.050986E-16   5.104625E-19   1.824447E-13   1.200000E+02   3.326692E-01
  1.142000000000E+01   4.931805E+00   1.782058E-04   6.382092E+01   3.051009E-16   3.730181E-19   1.335891E-13   1.200000E+02   3.336581E-01
  1.142500000000E+01   4.931806E+00   1.777407E-04   6.382168E+01   3.051025E-16   1.791671E-19   6.433385E-14   1.200000E+02   3.346448E-01
  1.143000000000E+01   4.931807E+00   1.770015E-04   6.382094E+01   3.051030E-16   8.549641E-20   3.082720E-14   1.200000E+02   3.356293E-01
  1.143500000000E+01   4.931808E+00   1.758508E-04   6.381794E+01   3.051030E-16  -9.027789E-20  -3.276270E-14   1.200000E+02   3.366116E-01
  1.144000000000E+01   4.931809E+00   1.742316E-04   6.381231E+01   3.051021E-16  -2.838323E-19  -1.039536E-13   1.200000E+02   3.375917E-01
  1.144500000000E+01   4.931810E+00   1.722099E-04   6.380435E+01   3.051003E-16  -4.022258E-19  -1.490260E-13   1.200000E+02   3.385699E-01
  1.145000000000E+01   4.931811E+00   1.699904E-04   6.379513E+01   3.050976E-16  -6.785249E-19  -2.546413E-13   1.200000E+02   3.395460E-01
  1.145500000000E+01   4.931812E+00   1.678934E-04   6.378644E+01   3.050941E-16  -7.071672E-19  -2.686686E-13   1.200000E+02   3.405202E-01
  1.146000000000E+01   4.931812E+00   1.662983E-04   6.378050E+01   3.050903E-16  -7.953375E-19  -3.050363E-13   1.200000E+02   3.414923E-01
  1.146500000000E+01   4.931813E+00   1.655685E-04   6.377950E+01   3.050864E-16  -7.499546E-19  -2.888939E-13   1.200000E+02   3.424623E-01
  1.147000000000E+01   4.931814E+00   1.659724E-04   6.378505E+01   3.050826E-16  -6.401087E-19  -2.460009E-13   1.200000E+02   3.434302E-01
  1.147500000000E+01   4.931815E+00   1.676138E-04   6.379769E+01   3.050797E-16  -5.350406E-19  -2.036488E-13   1.200000E+02   3.443957E-01
  1.148000000000E+01   4.931816E+00   1.703779E-04   6.381659E+01   3.050775E-16  -3.361019E-19  -1.258900E-13   1.200000E+02   3.453589E-01
  1.148500000000E+01   4.931817E+00   1.739011E-04   6.383942E+01   3.050763E-16  -1.633734E-19  -5.997468E-14   1.200000E+02   3.463195E-01
  1.149000000000E+01   4.931817E+00   1.775817E-04   6.386271E+01   3.050761E-16   9.363109E-20   3.367202E-14   1.200000E+02   3.472775E-01
  1.149500000000E+01   4.931818E+00   1.806518E-04   6.388233E+01   3.050769E-16   2.440960E-19   8.631756E-14   1.200000E+02   3.482331E-01
  1.150000000000E+01   4.931819E+00   1.823217E-04   6.389432E+01   3.050784E-16   3.026736E-19   1.060714E-13   1.200000E+02   3.491862E-01
  1.150500000000E+01   4.931820E+00   1.819758E-04   6.389565E+01   3.050802E-16   3.910969E-19   1.373226E-13   1.200000E+02   3.501371E-01
  1.151000000000E+01   4.931821E+00   1.793568E-04   6.388488E+01   3.050817E-16   3.058518E-19   1.089410E-13   1.200000E+02   3.510861E-01
  1.151500000000E+01   4.931822E+00   1.746618E-04   6.386256E+01   3.050834E-16   3.964024E-19   1.449388E-13   1.200000E+02   3.520333E-01
  1.152000000000E+01   4.931823E+00   1.684997E-04   6.383122E+01   3.050852E-16   3.433007E-19   1.300495E-13   1.200000E+02   3.529790E-01
  1.152500000000E+01   4.931824E+00   1.617313E-04   6.379499E+01   3.050867E-16   2.717486E-19   1.071914E-13   1.200000E+02   3.539234E-01
  1.153000000000E+01   4.931824E+00   1.552620E-04   6.375893E+01   3.050877E-16   1.566696E-19   6.433699E-14   1.200000E+02   3.548664E-01
  1.153500000000E+01   4.931825E+00   1.498669E-04   6.372810E+01   3.050883E-16   9.055751E-20   3.850789E-14   1.200000E+02   3.558080E-01
  1.154000000000E+01   4.931826E+00   1.460905E-04   6.370671E+01   3.050885E-16   6.606749E-20   2.881051E-14   1.200000E+02   3.567479E-01
  1.154500000000E+01   4.931827E+00   1.442156E-04   6.369742E+01   3.050888E-16   7.076854E-20   3.125719E-14   1.200000E+02   3.576862E-01
  1.155000000000E+01   4.931827E+00   1.442726E-04   6.370091E+01   3.050895E-16   1.221012E-19   5.391154E-14   1.200000E+02   3.586225E-01
  1.155500000000E+01   4.931828E+00   1.460633E-04   6.371585E+01   3.050907E-16   2.534636E-19   1.105661E-13   1.200000E+02   3.595566E-01
  1.156000000000E+01   4.931829E+00   1.491873E-04   6.373925E+01   3.050919E-16   2.285255E-19   9.763597E-14   1.200000E+02   3.604884E-01
  1.156500000000E+01   4.931830E+00   1.530797E-04   6.376706E+01   3.050926E-16   1.319524E-19   5.496622E-14   1.200000E+02   3.614178E-01
  1.157000000000E+01   4.931830E+00   1.570740E-04   6.379486E+01   3.050928E-16  -9.439959E-20  -3.833995E-14   1.200000E+02   3.623447E-01
  1.157500000000E+01   4.931831E+00   1.604963E-04   6.381862E+01   3.050918E-16  -2.828633E-19  -1.124758E-13   1.200000E+02   3.632693E-01
  1.158000000000E+01   4.931832E+00   1.627794E-04   6.383524E+01   3.050896E-16  -5.508486E-19  -2.160197E-13   1.200000E+02   3.641915E-01
  1.158500000000E+01   4.931833E+00   1.635636E-04   6.384290E+01   3.050865E-16  -7.000615E-19  -2.732512E-13   1.200000E+02   3.651115E-01
  1.159000000000E+01   4.931834E+00   1.627516E-04   6.384117E+01   3.050829E-16  -7.105341E-19  -2.787151E-13   1.200000E+02   3.660296E-01
  1.159500000000E+01   4.931834E+00   1.604981E-04   6.383082E+01   3.050793E-16  -7.140589E-19  -2.839845E-13   1.200000E+02   3.669459E-01
  1.160000000000E+01   4.931835E+00   1.571442E-04   6.381358E+01   3.050764E-16  -4.660411E-19  -1.892513E-13   1.200000E+02   3.678605E-01
  1.160500000000E+01   4.931836E+00   1.531266E-04   6.379174E+01   3.050749E-16  -1.317670E-19  -5.489347E-14   1.200000E+02   3.687735E-01
  1.161000000000E+01   4.931837E+00   1.488917E-04   6.376784E+01   3.050752E-16   2.134411E-19   9.141330E-14   1.200000E+02   3.696851E-01
  1.161500000000E+01   4.931837E+00   1.448377E-04   6.374436E+01   3.050772E-16   5.629595E-19   2.477635E-13   1.200000E+02   3.705952E-01
  1.162000000000E+01   4.931838E+00   1.412860E-04   6.372354E+01   3.050806E-16   8.073593E-19   3.641394E-13   1.200000E+02   3.715037E-01
  1.162500000000E+01   4.931839E+00   1.384765E-04   6.370726E+01   3.050850E-16   9.459611E-19   4.351972E-13   1.200000E+02   3.724107E-01
  1.163000000000E+01   4.931840E+00   1.365736E-04   6.369698E+01   3.050899E-16   1.043655E-18   4.867534E-13   1.200000E+02   3.733160E-01
  1.163500000000E+01   4.931840E+00   1.356729E-04   6.369362E+01   3.050947E-16   9.017571E-19   4.233432E-13   1.200000E+02   3.742195E-01
  1.164000000000E+01   4.931841E+00   1.358014E-04   6.369752E+01   3.050988E-16   7.366376E-19   3.455192E-13   1.200000E+02   3.751212E-01
  1.164500000000E+01   4.931842E+00   1.369103E-04   6.370831E+01   3.051021E-16   5.446786E-19   2.534547E-13   1.200000E+02   3.760209E-01
  1.165000000000E+01   4.931842E+00   1.388606E-04   6.372487E+01   3.051039E-16   1.963458E-19   9.010550E-14   1.200000E+02   3.769185E-01
  1.165500000000E+01   4.931843E+00   1.414100E-04   6.374530E+01   3.051042E-16  -1.199382E-19  -5.406618E-14   1.200000E+02   3.778140E-01
  1.166000000000E+01   4.931844E+00   1.442097E-04   6.376708E+01   3.051028E-16  -4.402521E-19  -1.946720E-13   1.200000E+02   3.787074E-01
  1.166500000000E+01   4.931844E+00   1.468259E-04   6.378730E+01   3.050998E-16  -7.916903E-19  -3.439434E-13   1.200000E+02   3.795986E-01
  1.167000000000E+01   4.931845E+00   1.487925E-04   6.380302E+01   3.050952E-16  -1.071099E-18  -4.592931E-13   1.200000E+02   3.804876E-01
  1.167500000000E+01   4.931846E+00   1.496960E-04   6.381177E+01   3.050896E-16  -1.203404E-18  -5.129821E-13   1.200000E+02   3.813747E-01
  1.168000000000E+01   4.931847E+00   1.492720E-04   6.381198E+01   3.050833E-16  -1.290769E-18  -5.517884E-13   1.200000E+02   3.822599E-01
  1.168500000000E+01   4.931847E+00   1.474820E-04   6.380333E+01   3.050769E-16  -1.212168E-18  -5.244054E-13   1.200000E+02   3.831434E-01
  1.169000000000E+01   4.931848E+00   1.445383E-04   6.378690E+01   3.050710E-16  -1.136260E-18  -5.014485E-13   1.200000E+02   3.840253E-01
  1.169500000000E+01   4.931849E+00   1.408622E-04   6.376509E+01   3.050658E-16  -8.831369E-19  -3.997759E-13   1.200000E+02   3.849058E-01
  1.170000000000E+01   4.931850E+00   1.369923E-04   6.374126E+01   3.050623E-16  -5.401920E-19  -2.513465E-13   1.200000E+02   3.857848E-01
  1.170500000000E+01   4.931850E+00   1.334741E-04   6.371919E+01   3.050606E-16  -1.441343E-19  -6.880822E-14   1.200000E+02   3.866625E-01
  1.171000000000E+01   4.931851E+00   1.307657E-04   6.370242E+01   3.050607E-16   2.211118E-19   1.077144E-13   1.200000E+02   3.875387E-01
  1.171500000000E+01   4.931852E+00   1.291749E-04   6.369357E+01   3.050628E-16   6.029992E-19   2.973268E-13   1.200000E+02   3.884133E-01
  1.172000000000E+01   4.931852E+00   1.288292E-04   6.369389E+01   3.050667E-16   9.881398E-19   4.885421E-13   1.200000E+02   3.892863E-01
  1.172500000000E+01   4.931853E+00   1.296665E-04   6.370300E+01   3.050724E-16   1.308750E-18   6.429671E-13   1.200000E+02   3.901575E-01
  1.173000000000E+01   4.931854E+00   1.314426E-04   6.371894E+01   3.050797E-16   1.536778E-18   7.449781E-13   1.200000E+02   3.910267E-01
  1.173500000000E+01   4.931854E+00   1.337541E-04   6.373855E+01   3.050878E-16   1.662930E-18   7.924450E-13   1.200000E+02   3.918940E-01
  1.174000000000E+01   4.931855E+00   1.360892E-04   6.375804E+01   3.050963E-16   1.687141E-18   7.904287E-13   1.200000E+02   3.927592E-01
  1.174500000000E+01   4.931856E+00   1.379099E-04   6.377366E+01   3.051044E-16   1.470285E-18   6.799036E-13   1.200000E+02   3.936225E-01
  1.175000000000E+01   4.931856E+00   1.387587E-04   6.378240E+01   3.051111E-16   1.084992E-18   4.987319E-13   1.200000E+02   3.944838E-01
  1.175500000000E+01   4.931857E+00   1.383616E-04   6.378250E+01   3.051150E-16   5.057238E-19   2.331306E-13   1.200000E+02   3.953434E-01
  1.176000000000E+01   4.931858E+00   1.366927E-04   6.377370E+01   3.051156E-16  -2.340169E-19  -1.091801E-13   1.200000E+02   3.962014E-01
  1.176500000000E+01   4.931858E+00   1.339718E-04   6.375724E+01   3.051128E-16  -8.509002E-19  -4.049439E-13   1.200000E+02   3.970579E-01
  1.177000000000E+01   4.931859E+00   1.305999E-04   6.373560E+01   3.051071E-16  -1.376550E-18  -6.717864E-13   1.200000E+02   3.979131E-01
  1.177500000000E+01   4.931860E+00   1.270583E-04   6.371204E+01   3.050993E-16  -1.743606E-18  -8.743126E-13   1.200000E+02   3.987669E-01
  1.178000000000E+01   4.931860E+00   1.238082E-04   6.368999E+01   3.050899E-16  -1.961294E-18  -1.008938E-12   1.200000E+02   3.996193E-01
  1.178500000000E+01   4.931861E+00   1.212180E-04   6.367251E+01   3.050801E-16  -1.932545E-18  -1.015113E-12   1.200000E+02   4.004704E-01
  1.179000000000E+01   4.931861E+00   1.195252E-04   6.366183E+01   3.050708E-16  -1.745493E-18  -9.296892E-13   1.200000E+02   4.013201E-01
  1.179500000000E+01   4.931862E+00   1.188262E-04   6.365901E+01   3.050634E-16  -1.236689E-18  -6.625341E-13   1.200000E+02   4.021682E-01
  1.180000000000E+01   4.931863E+00   1.190826E-04   6.366389E+01   3.050587E-16  -6.183808E-19  -3.305985E-13   1.200000E+02   4.030146E-01
  1.180500000000E+01   4.931863E+00   1.201342E-04   6.367513E+01   3.050574E-16   6.422215E-20   3.403988E-14   1.200000E+02   4.038593E-01
  1.181000000000E+01   4.931864E+00   1.217181E-04   6.369050E+01   3.050595E-16   7.611631E-19   3.982880E-13   1.200000E+02   4.047021E-01
  1.181500000000E+01   4.931864E+00   1.234946E-04   6.370720E+01   3.050646E-16   1.308249E-18   6.748868E-13   1.200000E+02   4.055432E-01
  1.182000000000E+01   4.931865E+00   1.250850E-04   6.372226E+01   3.050722E-16   1.650083E-18   8.406047E-13   1.200000E+02   4.063824E-01
  1.182500000000E+01   4.931866E+00   1.261223E-04   6.373297E+01   3.050813E-16   1.901775E-18   9.610174E-13   1.200000E+02   4.072198E-01
  1.183000000000E+01   4.931866E+00   1.263089E-04   6.373716E+01   3.050907E-16   1.783854E-18   9.001562E-13   1.200000E+02   4.080555E-01
  1.183500000000E+01   4.931867E+00   1.254705E-04   6.373353E+01   3.050990E-16   1.474443E-18   7.489525E-13   1.200000E+02   4.088896E-01
  1.184000000000E+01   4.931868E+00   1.235913E-04   6.372180E+01   3.051055E-16   9.937206E-19   5.123474E-13   1.200000E+02   4.097222E-01
  1.184500000000E+01   4.931868E+00   1.208197E-04   6.370279E+01   3.051089E-16   4.279978E-19   2.256640E-13   1.200000E+02   4.105534E-01
  1.185000000000E+01   4.931869E+00   1.174415E-04   6.367831E+01   3.051096E-16  -7.997964E-20  -4.336602E-14   1.200000E+02   4.113834E-01
  1.185500000000E+01   4.931869E+00   1.138287E-04   6.365107E+01   3.051081E-16  -4.831654E-19  -2.701779E-13   1.200000E+02   4.122122E-01
  1.186000000000E+01   4.931870E+00   1.103793E-04   6.362427E+01   3.051050E-16  -7.296177E-19  -4.205626E-13   1.200000E+02   4.130397E-01
  1.186500000000E+01   4.931870E+00   1.074617E-04   6.360129E+01   3.051012E-16  -7.999908E-19  -4.734753E-13   1.200000E+02   4.138660E-01
  1.187000000000E+01   4.931871E+00   1.053741E-04   6.358519E+01   3.050974E-16  -7.231092E-19  -4.363411E-13   1.200000E+02   4.146910E-01
  1.187500000000E+01   4.931872E+00   1.043189E-04   6.357826E+01   3.050943E-16  -5.243941E-19  -3.195975E-13   1.200000E+02   4.155145E-01
  1.188000000000E+01   4.931872E+00   1.043877E-04   6.358162E+01   3.050922E-16  -3.410998E-19  -2.077608E-13   1.200000E+02   4.163366E-01
  1.188500000000E+01   4.931873E+00   1.055501E-04   6.359497E+01   3.050909E-16  -1.961909E-19  -1.182070E-13   1.200000E+02   4.171570E-01
  1.189000000000E+01   4.931873E+00   1.076430E-04   6.361654E+01   3.050903E-16  -7.230846E-20  -4.273400E-14   1.200000E+02   4.179756E-01
  1.189500000000E+01   4.931874E+00   1.103654E-04   6.364322E+01   3.050901E-16   5.647633E-21   3.256760E-15   1.200000E+02   4.187924E-01
  1.190000000000E+01   4.931874E+00   1.132886E-04   6.367102E+01   3.050900E-16  -4.616297E-20  -2.594475E-14   1.200000E+02   4.196074E-01
  1.190500000000E+01   4.931875E+00   1.158972E-04   6.369557E+01   3.050896E-16  -1.891441E-19  -1.039511E-13   1.200000E+02   4.204205E-01
  1.191000000000E+01   4.931875E+00   1.176695E-04   6.371283E+01   3.050881E-16  -4.159594E-19  -2.252237E-13   1.200000E+02   4.212318E-01
  1.191500000000E+01   4.931876E+00   1.181860E-04   6.371972E+01   3.050857E-16  -5.369838E-19  -2.895135E-13   1.200000E+02   4.220414E-01
  1.192000000000E+01   4.931877E+00   1.172362E-04   6.371465E+01   3.050829E-16  -5.866455E-19  -3.188256E-13   1.200000E+02   4.228496E-01
  1.192500000000E+01   4.931877E+00   1.148794E-04   6.369783E+01   3.050800E-16  -5.274651E-19  -2.924666E-13   1.200000E+02   4.236564E-01
  1.193000000000E+01   4.931878E+00   1.114329E-04   6.367126E+01   3.050777E-16  -3.751138E-19  -2.143349E-13   1.200000E+02   4.244620E-01
  1.193500000000E+01   4.931878E+00   1.073914E-04   6.363846E+01   3.050766E-16  -7.496283E-20  -4.442179E-14   1.200000E+02   4.252665E-01
  1.194000000000E+01   4.931879E+00   1.033106E-04   6.360394E+01   3.050769E-16   2.249582E-19   1.384972E-13   1.200000E+02   4.260699E-01
  1.194500000000E+01   4.931879E+00   9.970002E-05   6.357245E+01   3.050788E-16   4.974004E-19   3.171610E-13   1.200000E+02   4.268722E-01
  1.195000000000E+01   4.931880E+00   9.695163E-05   6.354827E+01   3.050818E-16   6.660721E-19   4.365860E-13   1.200000E+02   4.276734E-01
  1.195500000000E+01   4.931880E+00   9.530885E-05   6.353451E+01   3.050855E-16   7.798015E-19   5.198291E-13   1.200000E+02   4.284734E-01
  1.196000000000E+01   4.931881E+00   9.486287E-05   6.353266E+01   3.050896E-16   8.466893E-19   5.670546E-13   1.200000E+02   4.292719E-01
  1.196500000000E+01   4.931881E+00   9.556000E-05   6.354233E+01   3.050937E-16   7.569674E-19   5.033432E-13   1.200000E+02   4.300690E-01
  1.197000000000E+01   4.931882E+00   9.721053E-05   6.356141E+01   3.050970E-16   5.786557E-19   3.783558E-13   1.200000E+02   4.308645E-01
  1.197500000000E+01   4.931882E+00   9.950035E-05   6.358639E+01   3.050994E-16   3.467120E-19   2.215687E-13   1.200000E+02   4.316582E-01
  1.198000000000E+01   4.931883E+00   1.020147E-04   6.361298E+01   3.051003E-16   6.293281E-20   3.924281E-14   1.200000E+02   4.324502E-01
  1.198500000000E+01   4.931883E+00   1.042850E-04   6.363673E+01   3.050998E-16  -2.621649E-19  -1.599782E-13   1.200000E+02   4.332406E-01
  1.199000000000E+01   4.931884E+00   1.058611E-04   6.365374E+01   3.050979E-16  -5.067073E-19  -3.046804E-13   1.200000E+02   4.340292E-01
  1.199500000000E+01   4.931884E+00   1.063973E-04   6.366120E+01   3.050951E-16  -6.188252E-19  -3.702646E-13   1.200000E+02   4.348163E-01
  1.200000000000E+01   4.931885E+00   1.057248E-04   6.365772E+01   3.050919E-16  -6.769124E-19  -4.075740E-13   1.200000E+02   4.356019E-01
  1.200500000000E+01   4.931885E+00   1.038852E-04   6.364347E+01   3.050885E-16  -6.418337E-19  -3.932083E-13   1.200000E+02   4.363862E-01
  1.201000000000E+01   4.931886E+00   1.011102E-04   6.362007E+01   3.050857E-16  -5.175946E-19  -3.256783E-13   1.200000E+02   4.371694E-01
  1.201500000000E+01   4.931886E+00   9.775866E-05   6.359031E+01   3.050833E-16  -4.044306E-19  -2.630751E-13   1.200000E+02   4.379514E-01
  1.202000000000E+01   4.931887E+00   9.423423E-05   6.355765E+01   3.050817E-16  -2.595699E-19  -1.750707E-13   1.200000E+02   4.387324E-01
  1.202500000000E+01   4.931887E+00   9.091254E-05   6.352578E+01   3.050808E-16  -1.463803E-19  -1.022842E-13   1.200000E+02   4.395124E-01
  1.203000000000E+01   4.931888E+00   8.809282E-05   6.349812E+01   3.050804E-16  -3.862811E-20  -2.784350E-14   1.200000E+02   4.402913E-01
  1.203500000000E+01   4.931888E+00   8.597670E-05   6.347735E+01   3.050804E-16   3.702360E-20   2.733485E-14   1.200000E+02   4.410690E-01
  1.204000000000E+01   4.931889E+00   8.466640E-05   6.346519E+01   3.050809E-16   1.759894E-19   1.319201E-13   1.200000E+02   4.418455E-01
  1.204500000000E+01   4.931889E+00   8.417226E-05   6.346214E+01   3.050818E-16   2.262583E-19   1.705887E-13   1.200000E+02   4.426207E-01
  1.205000000000E+01   4.931889E+00   8.442193E-05   6.346755E+01   3.050830E-16   2.819208E-19   2.119452E-13   1.200000E+02   4.433946E-01
  1.205500000000E+01   4.931890E+00   8.526847E-05   6.347968E+01   3.050846E-16   3.510791E-19   2.613673E-13   1.200000E+02   4.441669E-01
  1.206000000000E+01   4.931890E+00   8.649921E-05   6.349600E+01   3.050862E-16   3.760431E-19   2.760399E-13   1.200000E+02   4.449378E-01
  1.206500000000E+01   4.931891E+00   8.785010E-05   6.351343E+01   3.050882E-16   3.637657E-19   2.629935E-13   1.200000E+02   4.457072E-01
  1.207000000000E+01   4.931891E+00   8.903081E-05   6.352879E+01   3.050900E-16   3.492001E-19   2.491751E-13   1.200000E+02   4.464750E-01
  1.207500000000E+01   4.931892E+00   8.976246E-05   6.353919E+01   3.050916E-16   3.238162E-19   2.292163E-13   1.200000E+02   4.472413E-01
  1.208000000000E+01   4.931892E+00   8.982401E-05   6.354238E+01   3.050931E-16   2.840238E-19   2.009212E-13   1.200000E+02   4.480063E-01
  1.208500000000E+01   4.931892E+00   8.909662E-05   6.353711E+01   3.050941E-16   6.672099E-20   4.758046E-14   1.200000E+02   4.487699E-01
  1.209000000000E+01   4.931893E+00   8.759184E-05   6.352328E+01   3.050938E-16  -1.302032E-19  -9.442587E-14   1.200000E+02   4.495323E-01
  1.209500000000E+01   4.931893E+00   8.545279E-05   6.350207E+01   3.050925E-16  -3.466284E-19  -2.575881E-13   1.200000E+02   4.502935E-01
  1.210000000000E+01   4.931894E+00   8.292648E-05   6.347578E+01   3.050905E-16  -4.662863E-19  -3.569172E-13   1.200000E+02   4.510536E-01
  1.210500000000E+01   4.931894E+00   8.031612E-05   6.344759E+01   3.050879E-16  -5.292612E-19  -4.181022E-13   1.200000E+02   4.518127E-01
  1.211000000000E+01   4.931895E+00   7.792829E-05   6.342113E+01   3.050852E-16  -5.093921E-19  -4.145635E-13   1.200000E+02   4.525707E-01
  1.211500000000E+01   4.931895E+00   7.602828E-05   6.339995E+01   3.050829E-16  -3.943374E-19  -3.288378E-13   1.200000E+02   4.533276E-01
  1.212000000000E+01   4.931895E+00   7.481007E-05   6.338695E+01   3.050812E-16  -2.310888E-19  -1.958027E-13   1.200000E+02   4.540833E-01
  1.212500000000E+01   4.931896E+00   7.437971E-05   6.338391E+01   3.050805E-16  -5.221028E-20  -4.449186E-14   1.200000E+02   4.548378E-01
  1.213000000000E+01   4.931896E+00   7.474657E-05   6.339113E+01   3.050808E-16   1.642624E-19   1.393078E-13   1.200000E+02   4.555910E-01
  1.213500000000E+01   4.931896E+00   7.581795E-05   6.340729E+01   3.050821E-16   3.611566E-19   3.020388E-13   1.200000E+02   4.563428E-01
  1.214000000000E+01   4.931897E+00   7.739750E-05   6.342957E+01   3.050845E-16   5.451375E-19   4.467565E-13   1.200000E+02   4.570931E-01
  1.214500000000E+01   4.931897E+00   7.919411E-05   6.345408E+01   3.050875E-16   6.501863E-19   5.209601E-13   1.200000E+02   4.578420E-01
  1.215000000000E+01   4.931898E+00   8.085146E-05   6.347644E+01   3.050909E-16   7.201345E-19   5.653772E-13   1.200000E+02   4.585893E-01
  1.215500000000E+01   4.931898E+00   8.200465E-05   6.349251E+01   3.050944E-16   6.514251E-19   5.043692E-13   1.200000E+02   4.593352E-01
  1.216000000000E+01   4.931898E+00   8.235802E-05   6.349911E+01   3.050972E-16   5.114046E-19   3.942996E-13   1.200000E+02   4.600797E-01
  1.216500000000E+01   4.931899E+00   8.176174E-05   6.349460E+01   3.050995E-16   3.679373E-19   2.857330E-13   1.200000E+02   4.608229E-01
  1.217000000000E+01   4.931899E+00   8.025665E-05   6.347922E+01   3.051008E-16   1.616527E-19   1.278597E-13   1.200000E+02   4.615650E-01
  1.217500000000E+01   4.931900E+00   7.806608E-05   6.345511E+01   3.051011E-16  -4.077151E-20  -3.314065E-14   1.200000E+02   4.623060E-01
  1.218000000000E+01   4.931900E+00   7.553743E-05   6.342595E+01   3.051005E-16  -1.977928E-19  -1.660792E-13   1.200000E+02   4.630459E-01
  1.218500000000E+01   4.931900E+00   7.305842E-05   6.339637E+01   3.050992E-16  -2.843435E-19  -2.467388E-13   1.200000E+02   4.637849E-01
  1.219000000000E+01   4.931901E+00   7.097926E-05   6.337110E+01   3.050974E-16  -3.833285E-19  -3.422401E-13   1.200000E+02   4.645228E-01
  1.219500000000E+01   4.931901E+00   6.956033E-05   6.335416E+01   3.050954E-16  -4.584804E-19  -4.175748E-13   1.200000E+02   4.652597E-01
  1.220000000000E+01   4.931901E+00   6.894727E-05   6.334810E+01   3.050930E-16  -4.975676E-19  -4.571605E-13   1.200000E+02   4.659954E-01
  1.220500000000E+01   4.931902E+00   6.916420E-05   6.335355E+01   3.050905E-16  -5.234048E-19  -4.794323E-13   1.200000E+02   4.667299E-01
  1.221000000000E+01   4.931902E+00   7.011513E-05   6.336909E+01   3.050878E-16  -5.415402E-19  -4.894366E-13   1.200000E+02   4.674631E-01
  1.221500000000E+01   4.931903E+00   7.159044E-05   6.339151E+01   3.050851E-16  -5.429612E-19  -4.807783E-13   1.200000E+02   4.681949E-01
  1.222000000000E+01   4.931903E+00   7.328456E-05   6.341638E+01   3.050825E-16  -4.753916E-19  -4.113774E-13   1.200000E+02   4.689253E-01
  1.222500000000E+01   4.931903E+00   7.483457E-05   6.343889E+01   3.050801E-16  -4.572141E-19  -3.875904E-13   1.200000E+02   4.696542E-01
  1.223000000000E+01   4.931904E+00   7.588408E-05   6.345467E+01   3.050780E-16  -3.633464E-19  -3.038322E-13   1.200000E+02   4.703818E-01
  1.223500000000E+01   4.931904E+00   7.616204E-05   6.346059E+01   3.050765E-16  -2.031643E-19  -1.692829E-13   1.200000E+02   4.711080E-01
  1.224000000000E+01   4.931904E+00   7.555089E-05   6.345526E+01   3.050761E-16   4.287333E-20   3.600935E-14   1.200000E+02   4.718331E-01
  1.224500000000E+01   4.931905E+00   7.411549E-05   6.343925E+01   3.050769E-16   3.220015E-19   2.756176E-13   1.200000E+02   4.725571E-01
  1.225000000000E+01   4.931905E+00   7.207966E-05   6.341490E+01   3.050791E-16   5.212819E-19   4.586182E-13   1.200000E+02   4.732800E-01
  1.225500000000E+01   4.931905E+00   6.976157E-05   6.338592E+01   3.050821E-16   7.051023E-19   6.406616E-13   1.200000E+02   4.740019E-01
  1.226000000000E+01   4.931906E+00   6.749601E-05   6.335661E+01   3.050859E-16   7.899709E-19   7.415235E-13   1.200000E+02   4.747229E-01
  1.226500000000E+01   4.931906E+00   6.557078E-05   6.333122E+01   3.050900E-16   8.035882E-19   7.761418E-13   1.200000E+02   4.754429E-01
  1.227000000000E+01   4.931906E+00   6.418995E-05   6.331317E+01   3.050938E-16   7.154814E-19   7.057085E-13   1.200000E+02   4.761619E-01
  1.227500000000E+01   4.931907E+00   6.346232E-05   6.330461E+01   3.050970E-16   5.082301E-19   5.069671E-13   1.200000E+02   4.768798E-01
  1.228000000000E+01   4.931907E+00   6.340500E-05   6.330612E+01   3.050989E-16   2.632095E-19   2.627990E-13   1.200000E+02   4.775966E-01
  1.228500000000E+01   4.931907E+00   6.395350E-05   6.331676E+01   3.050995E-16  -3.040071E-20  -3.009803E-14   1.200000E+02   4.783121E-01
  1.229000000000E+01   4.931908E+00   6.497367E-05   6.333432E+01   3.050987E-16  -2.900255E-19  -2.827079E-13   1.200000E+02   4.790263E-01
  1.229500000000E+01   4.931908E+00   6.627643E-05   6.335574E+01   3.050965E-16  -5.663531E-19  -5.413949E-13   1.200000E+02   4.797393E-01
  1.230000000000E+01   4.931908E+00   6.763781E-05   6.337762E+01   3.050932E-16  -7.444168E-19  -6.975295E-13   1.200000E+02   4.804509E-01
  1.230500000000E+01   4.931909E+00   6.882624E-05   6.339670E+01   3.050893E-16  -7.913655E-19  -7.289365E-13   1.200000E+02   4.811612E-01
  1.231000000000E+01   4.931909E+00   6.963496E-05   6.341026E+01   3.050854E-16  -7.013526E-19  -6.386584E-13   1.200000E+02   4.818702E-01
  1.231500000000E+01   4.931909E+00   6.991360E-05   6.341644E+01   3.050822E-16  -5.147101E-19  -4.668775E-13   1.200000E+02   4.825780E-01
  1.232000000000E+01   4.931910E+00   6.959121E-05   6.341435E+01   3.050803E-16  -2.759539E-19  -2.514604E-13   1.200000E+02   4.832846E-01
  1.232500000000E+01   4.931910E+00   6.868459E-05   6.340410E+01   3.050796E-16  -2.224126E-20  -2.053135E-14   1.200000E+02   4.839902E-01
  1.233000000000E+01   4.931910E+00   6.729050E-05   6.338675E+01   3.050799E-16   1.441936E-19   1.358285E-13   1.200000E+02   4.846947E-01
  1.233500000000E+01   4.931911E+00   6.556486E-05   6.336414E+01   3.050810E-16   2.823342E-19   2.728575E-13   1.200000E+02   4.853982E-01
  1.234000000000E+01   4.931911E+00   6.369562E-05   6.333870E+01   3.050826E-16   3.159411E-19   3.141707E-13   1.200000E+02   4.861007E-01
  1.234500000000E+01   4.931911E+00   6.187563E-05   6.331320E+01   3.050842E-16   3.094674E-19   3.166574E-13   1.200000E+02   4.868024E-01
  1.235000000000E+01   4.931912E+00   6.028040E-05   6.329045E+01   3.050856E-16   2.638138E-19   2.769872E-13   1.200000E+02   4.875030E-01
  1.235500000000E+01   4.931912E+00   5.905218E-05   6.327301E+01   3.050870E-16   2.620340E-19   2.807632E-13   1.200000E+02   4.882027E-01
  1.236000000000E+01   4.931912E+00   5.828974E-05   6.326285E+01   3.050883E-16   2.531738E-19   2.747738E-13   1.200000E+02   4.889014E-01
  1.236500000000E+01   4.931913E+00   5.804145E-05   6.326106E+01   3.050897E-16   2.979781E-19   3.247750E-13   1.200000E+02   4.895990E-01
  1.237000000000E+01   4.931913E+00   5.829954E-05   6.326763E+01   3.050914E-16   3.848746E-19   4.176724E-13   1.200000E+02   4.902954E-01
  1.237500000000E+01   4.931913E+00   5.899475E-05   6.328132E+01   3.050934E-16   4.209577E-19   4.515446E-13   1.200000E+02   4.909907E-01
  1.238000000000E+01   4.931914E+00   5.999318E-05   6.329973E+01   3.050957E-16   4.675578E-19   4.933274E-13   1.200000E+02   4.916847E-01
  1.238500000000E+01   4.931914E+00   6.110040E-05   6.331958E+01   3.050980E-16   4.456771E-19   4.618642E-13   1.200000E+02   4.923776E-01
  1.239000000000E+01   4.931914E+00   6.207900E-05   6.333713E+01   3.050999E-16   3.136277E-19   3.199839E-13   1.200000E+02   4.930691E-01
  1.239500000000E+01   4.931914E+00   6.268406E-05   6.334873E+01   3.051010E-16   1.093398E-19   1.104991E-13   1.200000E+02   4.937595E-01
  1.240000000000E+01   4.931915E+00   6.271316E-05   6.335146E+01   3.051009E-16  -1.758583E-19  -1.776483E-13   1.200000E+02   4.944488E-01
  1.240500000000E+01   4.931915E+00   6.205808E-05   6.334366E+01   3.050992E-16  -5.114375E-19  -5.220324E-13   1.200000E+02   4.951370E-01
  1.241000000000E+01   4.931915E+00   6.073860E-05   6.332531E+01   3.050958E-16  -8.419046E-19  -8.777593E-13   1.200000E+02   4.958242E-01
  1.241500000000E+01   4.931916E+00   5.890302E-05   6.329813E+01   3.050910E-16  -1.054268E-18  -1.132933E-12   1.200000E+02   4.965104E-01
  1.242000000000E+01   4.931916E+00   5.679380E-05   6.326539E+01   3.050857E-16  -1.097457E-18  -1.222511E-12   1.200000E+02   4.971958E-01
  1.242500000000E+01   4.931916E+00   5.469248E-05   6.323147E+01   3.050803E-16  -1.017534E-18  -1.176399E-12   1.200000E+02   4.978804E-01
  1.243000000000E+01   4.931917E+00   5.286461E-05   6.320110E+01   3.050758E-16  -7.379983E-19  -8.822973E-13   1.200000E+02   4.985640E-01
  1.243500000000E+01   4.931917E+00   5.152033E-05   6.317864E+01   3.050729E-16  -4.090405E-19  -5.016005E-13   1.200000E+02   4.992468E-01
  1.244000000000E+01   4.931917E+00   5.079443E-05   6.316728E+01   3.050719E-16   2.492352E-20   3.099455E-14   1.200000E+02   4.999286E-01
  1.244500000000E+01   4.931917E+00   5.074078E-05   6.316852E+01   3.050731E-16   4.211122E-19   5.242536E-13   1.200000E+02   5.006093E-01
  1.245000000000E+01   4.931918E+00   5.133279E-05   6.318191E+01   3.050762E-16   7.820088E-19   9.625195E-13   1.200000E+02   5.012889E-01
  1.245500000000E+01   4.931918E+00   5.246543E-05   6.320511E+01   3.050808E-16   1.037365E-18   1.249714E-12   1.200000E+02   5.019674E-01
  1.246000000000E+01   4.931918E+00   5.396001E-05   6.323432E+01   3.050864E-16   1.184932E-18   1.388591E-12   1.200000E+02   5.026447E-01
  1.246500000000E+01   4.931918E+00   5.557830E-05   6.326493E+01   3.050922E-16   1.127824E-18   1.283805E-12   1.200000E+02   5.033207E-01
  1.247000000000E+01   4.931919E+00   5.705257E-05   6.329230E+01   3.050974E-16   8.924599E-19   9.900665E-13   1.200000E+02   5.039955E-01
  1.247500000000E+01   4.931919E+00   5.813242E-05   6.331254E+01   3.051010E-16   5.437885E-19   5.922450E-13   1.200000E+02   5.046691E-01
  1.248000000000E+01   4.931919E+00   5.863817E-05   6.332308E+01   3.051027E-16   1.251789E-19   1.351801E-13   1.200000E+02   5.053416E-01
  1.248500000000E+01   4.931919E+00   5.850259E-05   6.332308E+01   3.051023E-16  -2.841645E-19  -3.075791E-13   1.200000E+02   5.060130E-01
  1.249000000000E+01   4.931920E+00   5.778361E-05   6.331344E+01   3.051000E-16  -6.120341E-19  -6.706051E-13   1.200000E+02   5.066834E-01
  1.249500000000E+01   4.931920E+00   5.664294E-05   6.329652E+01   3.050963E-16  -8.082895E-19  -9.032355E-13   1.200000E+02   5.073529E-01
  1.250000000000E+01   4.931920E+00   5.530047E-05   6.327571E+01   3.050922E-16  -8.347679E-19  -9.551551E-13   1.200000E+02   5.080214E-01
  1.250500000000E+01   4.931921E+00   5.398287E-05   6.325477E+01   3.050882E-16  -7.648399E-19  -8.962060E-13   1.200000E+02   5.086891E-01
  1.251000000000E+01   4.931921E+00   5.288220E-05   6.323720E+01   3.050847E-16  -5.893173E-19  -7.047130E-13   1.200000E+02   5.093558E-01
  1.251500000000E+01   4.931921E+00   5.213152E-05   6.322569E+01   3.050822E-16  -3.857055E-19  -4.677880E-13   1.200000E+02   5.100217E-01
  1.252000000000E+01   4.931921E+00   5.179573E-05   6.322169E+01   3.050808E-16  -1.778336E-19  -2.170630E-13   1.200000E+02   5.106865E-01
  1.252500000000E+01   4.931922E+00   5.187232E-05   6.322531E+01   3.050805E-16   1.801957E-20   2.196341E-14   1.200000E+02   5.113504E-01
  1.253000000000E+01   4.931922E+00   5.229703E-05   6.323533E+01   3.050809E-16   1.284083E-19   1.552658E-13   1.200000E+02   5.120132E-01
  1.253500000000E+01   4.931922E+00   5.295298E-05   6.324949E+01   3.050817E-16   1.853020E-19   2.213332E-13   1.200000E+02   5.126749E-01
  1.254000000000E+01   4.931922E+00   5.368421E-05   6.326485E+01   3.050827E-16   1.627706E-19   1.918190E-13   1.200000E+02   5.133355E-01
  1.254500000000E+01   4.931923E+00   5.431545E-05   6.327826E+01   3.050834E-16   1.171453E-19   1.364759E-13   1.200000E+02   5.139951E-01
  1.255000000000E+01   4.931923E+00   5.467826E-05   6.328683E+01   3.050838E-16   3.518215E-20   4.072124E-14   1.200000E+02   5.146536E-01
  1.255500000000E+01   4.931923E+00   5.464024E-05   6.328835E+01   3.050838E-16  -1.850953E-20  -2.143910E-14   1.200000E+02   5.153110E-01
  1.256000000000E+01   4.931924E+00   5.413038E-05   6.328152E+01   3.050837E-16   1.146719E-20   1.340580E-14   1.200000E+02   5.159675E-01
  1.256500000000E+01   4.931924E+00   5.315327E-05   6.326621E+01   3.050838E-16   5.630304E-20   6.701525E-14   1.200000E+02   5.166231E-01
  1.257000000000E+01   4.931924E+00   5.178735E-05   6.324339E+01   3.050844E-16   1.658097E-19   2.024890E-13   1.200000E+02   5.172778E-01
  1.257500000000E+01   4.931924E+00   5.016792E-05   6.321506E+01   3.050856E-16   2.941386E-19   3.706351E-13   1.200000E+02   5.179316E-01
  1.258000000000E+01   4.931925E+00   4.846075E-05   6.318398E+01   3.050874E-16   3.933963E-19   5.129171E-13   1.200000E+02   5.185847E-01
  1.258500000000E+01   4.931925E+00   4.683435E-05   6.315338E+01   3.050895E-16   4.469295E-19   6.026582E-13   1.200000E+02   5.192369E-01
  1.259000000000E+01   4.931925E+00   4.543758E-05   6.312647E+01   3.050916E-16   3.969458E-19   5.514771E-13   1.200000E+02   5.198884E-01
  1.259500000000E+01   4.931925E+00   4.438545E-05   6.310614E+01   3.050933E-16   2.747656E-19   3.906549E-13   1.200000E+02   5.205389E-01
  1.260000000000E+01   4.931925E+00   4.375270E-05   6.309451E+01   3.050943E-16   9.269861E-20   1.336780E-13   1.200000E+02   5.211886E-01
  1.260500000000E+01   4.931926E+00   4.357210E-05   6.309269E+01   3.050941E-16  -1.753230E-19  -2.538688E-13   1.200000E+02   5.218374E-01
  1.261000000000E+01   4.931926E+00   4.383460E-05   6.310060E+01   3.050927E-16  -4.138138E-19  -5.956915E-13   1.200000E+02   5.224852E-01
  1.261500000000E+01   4.931926E+00   4.448957E-05   6.311698E+01   3.050901E-16  -6.097843E-19  -8.650959E-13   1.200000E+02   5.231319E-01
  1.262000000000E+01   4.931926E+00   4.544567E-05   6.313954E+01   3.050868E-16  -6.878333E-19  -9.556351E-13   1.200000E+02   5.237776E-01
  1.262500000000E+01   4.931927E+00   4.657448E-05   6.316523E+01   3.050834E-16  -6.832717E-19  -9.266666E-13   1.200000E+02   5.244222E-01
  1.263000000000E+01   4.931927E+00   4.772047E-05   6.319070E+01   3.050804E-16  -4.990549E-19  -6.608407E-13   1.200000E+02   5.250658E-01
  1.263500000000E+01   4.931927E+00   4.871924E-05   6.321271E+01   3.050785E-16  -2.196906E-19  -2.850464E-13   1.200000E+02   5.257082E-01
  1.264000000000E+01   4.931927E+00   4.942314E-05   6.322861E+01   3.050782E-16   1.270398E-19   1.625262E-13   1.200000E+02   5.263496E-01
  1.264500000000E+01   4.931928E+00   4.972889E-05   6.323665E+01   3.050796E-16   4.489120E-19   5.708491E-13   1.200000E+02   5.269900E-01
  1.265000000000E+01   4.931928E+00   4.959886E-05   6.323626E+01   3.050825E-16   7.302590E-19   9.310465E-13   1.200000E+02   5.276295E-01
  1.265500000000E+01   4.931928E+00   4.906850E-05   6.322806E+01   3.050865E-16   8.707367E-19   1.122003E-12   1.200000E+02   5.282680E-01
  1.266000000000E+01   4.931928E+00   4.823707E-05   6.321376E+01   3.050910E-16   8.646926E-19   1.133163E-12   1.200000E+02   5.289056E-01
  1.266500000000E+01   4.931929E+00   4.724535E-05   6.319593E+01   3.050950E-16   7.344555E-19   9.824163E-13   1.200000E+02   5.295424E-01
  1.267000000000E+01   4.931929E+00   4.624795E-05   6.317756E+01   3.050981E-16   5.001314E-19   6.832104E-13   1.200000E+02   5.301784E-01
  1.267500000000E+01   4.931929E+00   4.538818E-05   6.316165E+01   3.050997E-16   1.410528E-19   1.962873E-13   1.200000E+02   5.308136E-01
  1.268000000000E+01   4.931929E+00   4.478013E-05   6.315081E+01   3.050996E-16  -1.952734E-19  -2.753827E-13   1.200000E+02   5.314478E-01
  1.268500000000E+01   4.931929E+00   4.449871E-05   6.314685E+01   3.050979E-16  -4.776674E-19  -6.778442E-13   1.200000E+02   5.320812E-01
  1.269000000000E+01   4.931930E+00   4.457539E-05   6.315060E+01   3.050950E-16  -6.617919E-19  -9.375701E-13   1.200000E+02   5.327137E-01
  1.269500000000E+01   4.931930E+00   4.499703E-05   6.316174E+01   3.050915E-16  -7.068855E-19  -9.922459E-13   1.200000E+02   5.333453E-01
  1.270000000000E+01   4.931930E+00   4.570606E-05   6.317884E+01   3.050882E-16  -6.350612E-19  -8.778359E-13   1.200000E+02   5.339758E-01
  1.270500000000E+01   4.931930E+00   4.660245E-05   6.319957E+01   3.050854E-16  -4.451371E-19  -6.036694E-13   1.200000E+02   5.346054E-01
  1.271000000000E+01   4.931931E+00   4.754940E-05   6.322096E+01   3.050839E-16  -2.096895E-19  -2.788000E-13   1.200000E+02   5.352339E-01
  1.271500000000E+01   4.931931E+00   4.838573E-05   6.323978E+01   3.050835E-16   6.742804E-20   8.812794E-14   1.200000E+02   5.358614E-01
  1.272000000000E+01   4.931931E+00   4.894650E-05   6.325292E+01   3.050844E-16   2.784368E-19   3.598202E-13   1.200000E+02   5.364879E-01
  1.272500000000E+01   4.931931E+00   4.909042E-05   6.325781E+01   3.050862E-16   4.205734E-19   5.419500E-13   1.200000E+02   5.371134E-01
  1.273000000000E+01   4.931932E+00   4.872849E-05   6.325278E+01   3.050884E-16   4.392995E-19   5.702396E-13   1.200000E+02   5.377381E-01
  1.273500000000E+01   4.931932E+00   4.784530E-05   6.323729E+01   3.050903E-16   3.291005E-19   4.349733E-13   1.200000E+02   5.383619E-01
  1.274000000000E+01   4.931932E+00   4.650543E-05   6.321209E+01   3.050917E-16   2.166892E-19   2.945329E-13   1.200000E+02   5.389850E-01
  1.274500000000E+01   4.931932E+00   4.484177E-05   6.317918E+01   3.050923E-16   4.921374E-20   6.933901E-14   1.200000E+02   5.396073E-01
  1.275000000000E+01   4.931933E+00   4.302957E-05   6.314164E+01   3.050921E-16  -1.226160E-19  -1.799268E-13   1.200000E+02   5.402289E-01
  1.275500000000E+01   4.931933E+00   4.125492E-05   6.310327E+01   3.050912E-16  -2.327011E-19  -3.559382E-13   1.200000E+02   5.408498E-01
  1.276000000000E+01   4.931933E+00   3.968673E-05   6.306812E+01   3.050901E-16  -2.529373E-19  -4.019550E-13   1.200000E+02   5.414700E-01
  1.276500000000E+01   4.931933E+00   3.845801E-05   6.303998E+01   3.050889E-16  -2.056520E-19  -3.371026E-13   1.200000E+02   5.420895E-01
  1.277000000000E+01   4.931933E+00   3.765691E-05   6.302182E+01   3.050881E-16  -1.065988E-19  -1.784015E-13   1.200000E+02   5.427082E-01
  1.277500000000E+01   4.931933E+00   3.732457E-05   6.301536E+01   3.050879E-16   4.463283E-20   7.535396E-14   1.200000E+02   5.433260E-01
  1.278000000000E+01   4.931934E+00   3.745551E-05   6.302077E+01   3.050885E-16   1.927690E-19   3.243436E-13   1.200000E+02   5.439430E-01
  1.278500000000E+01   4.931934E+00   3.799792E-05   6.303661E+01   3.050899E-16   3.587345E-19   5.951223E-13   1.200000E+02   5.445591E-01
  1.279000000000E+01   4.931934E+00   3.885407E-05   6.306004E+01   3.050919E-16   4.467822E-19   7.251262E-13   1.200000E+02   5.451742E-01
  1.279500000000E+01   4.931934E+00   3.988416E-05   6.308720E+01   3.050942E-16   4.668347E-19   7.384209E-13   1.200000E+02   5.457883E-01
  1.280000000000E+01   4.931934E+00   4.091841E-05   6.311381E+01   3.050965E-16   4.230612E-19   6.525426E-13   1.200000E+02   5.464015E-01
  1.280500000000E+01   4.931935E+00   4.178077E-05   6.313586E+01   3.050982E-16   2.699448E-19   4.079197E-13   1.200000E+02   5.470136E-01
  1.281000000000E+01   4.931935E+00   4.232224E-05   6.315025E+01   3.050992E-16   1.042192E-19   1.555085E-13   1.200000E+02   5.476249E-01
  1.281500000000E+01   4.931935E+00   4.245495E-05   6.315528E+01   3.050992E-16  -1.103421E-19  -1.641431E-13   1.200000E+02   5.482352E-01
  1.282000000000E+01   4.931935E+00   4.217432E-05   6.315093E+01   3.050982E-16  -2.763510E-19  -4.138021E-13   1.200000E+02   5.488446E-01
  1.282500000000E+01   4.931936E+00   4.155963E-05   6.313886E+01   3.050965E-16  -4.101093E-19  -6.230525E-13   1.200000E+02   5.494533E-01
  1.283000000000E+01   4.931936E+00   4.075249E-05   6.312204E+01   3.050943E-16  -4.580318E-19  -7.094512E-13   1.200000E+02   5.500612E-01
  1.283500000000E+01   4.931936E+00   3.992217E-05   6.310430E+01   3.050920E-16  -4.439053E-19  -7.016735E-13   1.200000E+02   5.506683E-01
  1.284000000000E+01   4.931936E+00   3.923032E-05   6.308952E+01   3.050899E-16  -3.904429E-19  -6.279036E-13   1.200000E+02   5.512746E-01
  1.284500000000E+01   4.931936E+00   3.880412E-05   6.308104E+01   3.050882E-16  -2.842590E-19  -4.620993E-13   1.200000E+02   5.518802E-01
  1.285000000000E+01   4.931936E+00   3.872064E-05   6.308098E+01   3.050871E-16  -1.569844E-19  -2.557480E-13   1.200000E+02   5.524849E-01
  1.285500000000E+01   4.931937E+00   3.900002E-05   6.308989E+01   3.050866E-16  -4.723518E-20  -7.641181E-14   1.200000E+02   5.530888E-01
  1.286000000000E+01   4.931937E+00   3.960404E-05   6.310664E+01   3.050866E-16   5.437986E-20   8.665101E-14   1.200000E+02   5.536918E-01
  1.286500000000E+01   4.931937E+00   4.043898E-05   6.312866E+01   3.050870E-16   6.922600E-20   1.080676E-13   1.200000E+02   5.542938E-01
  1.287000000000E+01   4.931937E+00   4.136464E-05   6.315238E+01   3.050874E-16   7.626174E-20   1.164306E-13   1.200000E+02   5.548949E-01
  1.287500000000E+01   4.931938E+00   4.221261E-05   6.317386E+01   3.050877E-16   5.191806E-20   7.769868E-14   1.200000E+02   5.554951E-01
  1.288000000000E+01   4.931938E+00   4.281499E-05   6.318945E+01   3.050880E-16   3.821240E-20   5.639661E-14   1.200000E+02   5.560944E-01
  1.288500000000E+01   4.931938E+00   4.303905E-05   6.319644E+01   3.050881E-16   5.504365E-21   8.082341E-15   1.200000E+02   5.566928E-01
  1.289000000000E+01   4.931938E+00   4.281782E-05   6.319347E+01   3.050881E-16  -2.217673E-21  -3.272994E-15   1.200000E+02   5.572904E-01
  1.289500000000E+01   4.931938E+00   4.216535E-05   6.318071E+01   3.050882E-16   5.961821E-20   8.933214E-14   1.200000E+02   5.578872E-01
  1.290000000000E+01   4.931939E+00   4.117039E-05   6.315976E+01   3.050887E-16   1.235868E-19   1.895953E-13   1.200000E+02   5.584832E-01
  1.290500000000E+01   4.931939E+00   3.997158E-05   6.313337E+01   3.050895E-16   1.953973E-19   3.086215E-13   1.200000E+02   5.590786E-01
  1.291000000000E+01   4.931939E+00   3.872416E-05   6.310490E+01   3.050907E-16   2.709833E-19   4.415945E-13   1.200000E+02   5.596732E-01
  1.291500000000E+01   4.931939E+00   3.756969E-05   6.307782E+01   3.050921E-16   3.282291E-19   5.510818E-13   1.200000E+02   5.602672E-01
  1.292000000000E+01   4.931939E+00   3.661583E-05   6.305510E+01   3.050938E-16   3.401780E-19   5.858110E-13   1.200000E+02   5.608605E-01
  1.292500000000E+01   4.931940E+00   3.592725E-05   6.303884E+01   3.050954E-16   2.907037E-19   5.100759E-13   1.200000E+02   5.614530E-01
  1.293000000000E+01   4.931940E+00   3.552505E-05   6.302999E+01   3.050966E-16   2.041986E-19   3.622974E-13   1.200000E+02   5.620448E-01
  1.293500000000E+01   4.931940E+00   3.539105E-05   6.302832E+01   3.050974E-16   1.041161E-19   1.854216E-13   1.200000E+02   5.626358E-01
  1.294000000000E+01   4.931940E+00   3.547437E-05   6.303254E+01   3.050977E-16  -4.928033E-21  -8.756362E-15   1.200000E+02   5.632260E-01
  1.294500000000E+01   4.931940E+00   3.569979E-05   6.304057E+01   3.050973E-16  -1.472675E-19  -2.600528E-13   1.200000E+02   5.638154E-01
  1.295000000000E+01   4.931940E+00   3.597800E-05   6.304998E+01   3.050962E-16  -2.701471E-19  -4.734219E-13   1.200000E+02   5.644039E-01
  1.295500000000E+01   4.931941E+00   3.621805E-05   6.305831E+01   3.050946E-16  -3.906357E-19  -6.801256E-13   1.200000E+02   5.649917E-01
  1.296000000000E+01   4.931941E+00   3.634112E-05   6.306351E+01   3.050924E-16  -4.696347E-19  -8.149668E-13   1.200000E+02   5.655786E-01
  1.296500000000E+01   4.931941E+00   3.629319E-05   6.306419E+01   3.050900E-16  -4.755851E-19  -8.263916E-13   1.200000E+02   5.661647E-01
  1.297000000000E+01   4.931941E+00   3.605374E-05   6.305977E+01   3.050878E-16  -4.020199E-19  -7.031527E-13   1.200000E+02   5.667500E-01
  1.297500000000E+01   4.931941E+00   3.563821E-05   6.305058E+01   3.050861E-16  -2.994339E-19  -5.297541E-13   1.200000E+02   5.673345E-01
  1.298000000000E+01   4.931941E+00   3.509350E-05   6.303773E+01   3.050849E-16  -1.808457E-19  -3.248494E-13   1.200000E+02   5.679184E-01
  1.298500000000E+01   4.931942E+00   3.448830E-05   6.302297E+01   3.050843E-16  -4.769105E-20  -8.714931E-14   1.200000E+02   5.685015E-01
  1.299000000000E+01   4.931942E+00   3.390086E-05   6.300840E+01   3.050844E-16   8.059493E-20   1.497944E-13   1.200000E+02   5.690838E-01
  1.299500000000E+01   4.931942E+00   3.340734E-05   6.299626E+01   3.050850E-16   1.579305E-19   2.978097E-13   1.200000E+02   5.696655E-01
  1.300000000000E+01   4.931942E+00   3.307251E-05   6.298851E+01   3.050860E-16   2.110844E-19   4.020225E-13   1.200000E+02   5.702464E-01
  1.300500000000E+01   4.931942E+00   3.294324E-05   6.298667E+01   3.050871E-16   2.382099E-19   4.554516E-13   1.200000E+02   5.708265E-01
  1.301000000000E+01   4.931943E+00   3.304448E-05   6.299154E+01   3.050883E-16   2.385485E-19   4.547368E-13   1.200000E+02   5.714059E-01
  1.301500000000E+01   4.931943E+00   3.337662E-05   6.300306E+01   3.050894E-16   1.974124E-19   3.726435E-13   1.200000E+02   5.719845E-01
  1.302000000000E+01   4.931943E+00   3.391394E-05   6.302031E+01   3.050904E-16   1.849593E-19   3.436991E-13   1.200000E+02   5.725623E-01
  1.302500000000E+01   4.931943E+00   3.460416E-05   6.304156E+01   3.050912E-16   1.602714E-19   2.919811E-13   1.200000E+02   5.731392E-01
  1.303000000000E+01   4.931943E+00   3.537053E-05   6.306450E+01   3.050919E-16   1.206697E-19   2.151501E-13   1.200000E+02   5.737152E-01
  1.303500000000E+01   4.931943E+00   3.611784E-05   6.308648E+01   3.050925E-16   9.959858E-20   1.739673E-13   1.200000E+02   5.742905E-01
  1.304000000000E+01   4.931944E+00   3.674362E-05   6.310488E+01   3.050930E-16   8.063935E-20   1.384930E-13   1.200000E+02   5.748648E-01
  1.304500000000E+01   4.931944E+00   3.715388E-05   6.311744E+01   3.050934E-16   7.180785E-20   1.219880E-13   1.200000E+02   5.754384E-01
  1.305000000000E+01   4.931944E+00   3.728067E-05   6.312261E+01   3.050937E-16   4.673593E-20   7.913200E-14   1.200000E+02   5.760112E-01
  1.305500000000E+01   4.931944E+00   3.709650E-05   6.311975E+01   3.050937E-16  -1.381048E-20  -2.349855E-14   1.200000E+02   5.765832E-01
  1.306000000000E+01   4.931944E+00   3.662101E-05   6.310926E+01   3.050935E-16  -6.493592E-20  -1.119046E-13   1.200000E+02   5.771544E-01
  1.306500000000E+01   4.931944E+00   3.591716E-05   6.309252E+01   3.050930E-16  -1.456753E-19  -2.558950E-13   1.200000E+02   5.777250E-01
  1.307000000000E+01   4.931945E+00   3.507820E-05   6.307172E+01   3.050921E-16  -2.282524E-19  -4.104050E-13   1.200000E+02   5.782950E-01
  1.307500000000E+01   4.931945E+00   3.420979E-05   6.304954E+01   3.050908E-16  -2.855528E-19  -5.262814E-13   1.200000E+02   5.788642E-01
  1.308000000000E+01   4.931945E+00   3.341222E-05   6.302878E+01   3.050893E-16  -2.969781E-19  -5.602192E-13   1.200000E+02   5.794328E-01
  1.308500000000E+01   4.931945E+00   3.276684E-05   6.301194E+01   3.050878E-16  -2.882700E-19  -5.543546E-13   1.200000E+02   5.800008E-01
  1.309000000000E+01   4.931945E+00   3.232779E-05   6.300087E+01   3.050865E-16  -2.317449E-19  -4.516279E-13   1.200000E+02   5.805680E-01
  1.309500000000E+01   4.931945E+00   3.211858E-05   6.299652E+01   3.050856E-16  -1.068297E-19  -2.095329E-13   1.200000E+02   5.811346E-01
  1.310000000000E+01   4.931946E+00   3.213201E-05   6.299879E+01   3.050855E-16   4.085263E-20   8.009664E-14   1.200000E+02   5.817004E-01
  1.310500000000E+01   4.931946E+00   3.233231E-05   6.300663E+01   3.050861E-16   2.162025E-19   4.213182E-13   1.200000E+02   5.822654E-01
  1.311000000000E+01   4.931946E+00   3.265944E-05   6.301817E+01   3.050877E-16   3.957067E-19   7.635377E-13   1.200000E+02   5.828297E-01
  1.311500000000E+01   4.931946E+00   3.303609E-05   6.303104E+01   3.050901E-16   5.392946E-19   1.028945E-12   1.200000E+02   5.833932E-01
  1.312000000000E+01   4.931946E+00   3.337795E-05   6.304279E+01   3.050930E-16   6.165748E-19   1.164559E-12   1.200000E+02   5.839560E-01
  1.312500000000E+01   4.931946E+00   3.360669E-05   6.305121E+01   3.050960E-16   5.909803E-19   1.108768E-12   1.200000E+02   5.845179E-01
  1.313000000000E+01   4.931947E+00   3.366359E-05   6.305470E+01   3.050988E-16   4.650589E-19   8.710940E-13   1.200000E+02   5.850792E-01
  1.313500000000E+01   4.931947E+00   3.352036E-05   6.305246E+01   3.051006E-16   2.684313E-19   5.049246E-13   1.200000E+02   5.856397E-01
  1.314000000000E+01   4.931947E+00   3.318400E-05   6.304464E+01   3.051014E-16   1.199355E-20   2.278595E-14   1.200000E+02   5.861995E-01
  1.314500000000E+01   4.931947E+00   3.269405E-05   6.303221E+01   3.051007E-16  -2.567516E-19  -4.950021E-13   1.200000E+02   5.867586E-01
  1.315000000000E+01   4.931947E+00   3.211321E-05   6.301686E+01   3.050988E-16  -4.792851E-19  -9.405174E-13   1.200000E+02   5.873170E-01
  1.315500000000E+01   4.931947E+00   3.151446E-05   6.300064E+01   3.050961E-16  -6.062707E-19  -1.211997E-12   1.200000E+02   5.878748E-01
  1.316000000000E+01   4.931948E+00   3.096809E-05   6.298569E+01   3.050929E-16  -6.627915E-19  -1.348045E-12   1.200000E+02   5.884320E-01
  1.316500000000E+01   4.931948E+00   3.053155E-05   6.297391E+01   3.050896E-16  -6.341928E-19  -1.308076E-12   1.200000E+02   5.889884E-01
  1.317000000000E+01   4.931948E+00   3.024304E-05   6.296664E+01   3.050867E-16  -5.064623E-19  -1.054465E-12   1.200000E+02   5.895442E-01
  1.317500000000E+01   4.931948E+00   3.011879E-05   6.296453E+01   3.050846E-16  -3.217761E-19  -6.726856E-13   1.200000E+02   5.900994E-01
  1.318000000000E+01   4.931948E+00   3.015318E-05   6.296746E+01   3.050836E-16  -7.505036E-20  -1.567241E-13   1.200000E+02   5.906538E-01
  1.318500000000E+01   4.931948E+00   3.032093E-05   6.297462E+01   3.050838E-16   1.400050E-19   2.907813E-13   1.200000E+02   5.912074E-01
  1.319000000000E+01   4.931949E+00   3.058127E-05   6.298466E+01   3.050851E-16   3.329902E-19   6.858209E-13   1.200000E+02   5.917604E-01
  1.319500000000E+01   4.931949E+00   3.088364E-05   6.299594E+01   3.050870E-16   4.367630E-19   8.909018E-13   1.200000E+02   5.923126E-01
  1.320000000000E+01   4.931949E+00   3.117500E-05   6.300678E+01   3.050894E-16   4.787392E-19   9.675642E-13   1.200000E+02   5.928641E-01
  1.320500000000E+01   4.931949E+00   3.140761E-05   6.301574E+01   3.050918E-16   4.434841E-19   8.897997E-13   1.200000E+02   5.934148E-01
  1.321000000000E+01   4.931949E+00   3.154611E-05   6.302179E+01   3.050938E-16   3.496973E-19   6.986140E-13   1.200000E+02   5.939648E-01
  1.321500000000E+01   4.931949E+00   3.157211E-05   6.302440E+01   3.050952E-16   2.004757E-19   4.001906E-13   1.200000E+02   5.945141E-01
  1.322000000000E+01   4.931949E+00   3.148520E-05   6.302358E+01   3.050958E-16   4.125669E-20   8.258307E-14   1.200000E+02   5.950627E-01
  1.322500000000E+01   4.931950E+00   3.130013E-05   6.301974E+01   3.050956E-16  -9.585121E-20  -1.929870E-13   1.200000E+02   5.956106E-01
  1.323000000000E+01   4.931950E+00   3.104126E-05   6.301358E+01   3.050949E-16  -1.899857E-19  -3.856699E-13   1.200000E+02   5.961579E-01
  1.323500000000E+01   4.931950E+00   3.073572E-05   6.300589E+01   3.050938E-16  -2.400687E-19  -4.921225E-13   1.200000E+02   5.967045E-01
  1.324000000000E+01   4.931950E+00   3.040740E-05   6.299739E+01   3.050925E-16  -2.616557E-19  -5.420925E-13   1.200000E+02   5.972504E-01
  1.324500000000E+01   4.931950E+00   3.007278E-05   6.298858E+01   3.050913E-16  -2.241895E-19  -4.695734E-13   1.200000E+02   5.977957E-01
  1.325000000000E+01   4.931950E+00   2.973949E-05   6.297969E+01   3.050903E-16  -1.553766E-19  -3.290429E-13   1.200000E+02   5.983404E-01
  1.325500000000E+01   4.931951E+00   2.940744E-05   6.297071E+01   3.050897E-16  -1.035557E-19  -2.217458E-13   1.200000E+02   5.988843E-01
  1.326000000000E+01   4.931951E+00   2.907199E-05   6.296150E+01   3.050893E-16  -4.142711E-20  -8.971913E-14   1.200000E+02   5.994277E-01
  1.326500000000E+01   4.931951E+00   2.872820E-05   6.295188E+01   3.050892E-16  -1.733815E-20  -3.799294E-14   1.200000E+02   5.999704E-01
  1.327000000000E+01   4.931951E+00   2.837512E-05   6.294180E+01   3.050892E-16   7.609371E-21   1.687913E-14   1.200000E+02   6.005124E-01
  1.327500000000E+01   4.931951E+00   2.801881E-05   6.293147E+01   3.050893E-16   2.988669E-20   6.712681E-14   1.200000E+02   6.010538E-01
  1.328000000000E+01   4.931951E+00   2.767345E-05   6.292135E+01   3.050895E-16   5.278586E-20   1.200197E-13   1.200000E+02   6.015946E-01
  1.328500000000E+01   4.931951E+00   2.736026E-05   6.291222E+01   3.050898E-16   7.489576E-20   1.722154E-13   1.200000E+02   6.021347E-01
  1.329000000000E+01   4.931952E+00   2.710450E-05   6.290499E+01   3.050903E-16   9.808482E-20   2.276384E-13   1.200000E+02   6.026742E-01
  1.329500000000E+01   4.931952E+00   2.693127E-05   6.290062E+01   3.050908E-16   1.209433E-19   2.824749E-13   1.200000E+02   6.032130E-01
  1.330000000000E+01   4.931952E+00   2.686123E-05   6.289991E+01   3.050915E-16   1.356193E-19   3.175744E-13   1.200000E+02   6.037512E-01
  1.330500000000E+01   4.931952E+00   2.690683E-05   6.290332E+01   3.050922E-16   1.313542E-19   3.070824E-13   1.200000E+02   6.042887E-01
  1.331000000000E+01   4.931952E+00   2.706960E-05   6.291089E+01   3.050928E-16   1.269911E-19   2.951326E-13   1.200000E+02   6.048255E-01
  1.331500000000E+01   4.931952E+00   2.733910E-05   6.292217E+01   3.050934E-16   1.206276E-19   2.776298E-13   1.200000E+02   6.053617E-01
  1.332000000000E+01   4.931952E+00   2.769334E-05   6.293631E+01   3.050939E-16   6.866083E-20   1.560397E-13   1.200000E+02   6.058971E-01
  1.332500000000E+01   4.931952E+00   2.810121E-05   6.295212E+01   3.050941E-16   1.533050E-20   3.434327E-14   1.200000E+02   6.064318E-01
  1.333000000000E+01   4.931953E+00   2.852658E-05   6.296831E+01   3.050941E-16  -2.320769E-20  -5.122763E-14   1.200000E+02   6.069659E-01
  1.333500000000E+01   4.931953E+00   2.893365E-05   6.298368E+01   3.050939E-16  -7.162480E-20  -1.559151E-13   1.200000E+02   6.074992E-01
  1.334000000000E+01   4.931953E+00   2.929259E-05   6.299728E+01   3.050935E-16  -1.021135E-19  -2.196075E-13   1.200000E+02   6.080318E-01
  1.334500000000E+01   4.931953E+00   2.958411E-05   6.300855E+01   3.050929E-16  -1.140643E-19  -2.429355E-13   1.200000E+02   6.085637E-01
  1.335000000000E+01   4.931953E+00   2.980158E-05   6.301735E+01   3.050923E-16  -1.136973E-19  -2.404203E-13   1.200000E+02   6.090950E-01
  1.335500000000E+01   4.931953E+00   2.995018E-05   6.302388E+01   3.050918E-16  -1.025013E-19  -2.156926E-13   1.200000E+02   6.096256E-01
  1.336000000000E+01   4.931953E+00   3.004304E-05   6.302861E+01   3.050913E-16  -6.976631E-20  -1.463658E-13   1.200000E+02   6.101555E-01
  1.336500000000E+01   4.931954E+00   3.009549E-05   6.303204E+01   3.050910E-16  -3.224936E-20  -6.754310E-14   1.200000E+02   6.106847E-01
  1.337000000000E+01   4.931954E+00   3.011892E-05   6.303454E+01   3.050910E-16   2.014114E-20   4.215248E-14   1.200000E+02   6.112133E-01
  1.337500000000E+01   4.931954E+00   3.011563E-05   6.303618E+01   3.050912E-16   3.871644E-20   8.103886E-14   1.200000E+02   6.117413E-01
  1.338000000000E+01   4.931954E+00   3.007603E-05   6.303667E+01   3.050915E-16   5.787873E-20   1.213086E-13   1.200000E+02   6.122686E-01
  1.338500000000E+01   4.931954E+00   2.997888E-05   6.303531E+01   3.050917E-16   4.027519E-20   8.468493E-14   1.200000E+02   6.127953E-01
  1.339000000000E+01   4.931954E+00   2.979491E-05   6.303115E+01   3.050917E-16  -1.997516E-20  -4.225747E-14   1.200000E+02   6.133213E-01
  1.339500000000E+01   4.931955E+00   2.949331E-05   6.302312E+01   3.050915E-16  -7.811169E-20  -1.669139E-13   1.200000E+02   6.138467E-01
  1.340000000000E+01   4.931955E+00   2.905006E-05   6.301032E+01   3.050909E-16  -1.262872E-19  -2.739202E-13   1.200000E+02   6.143716E-01
  1.340500000000E+01   4.931955E+00   2.845589E-05   6.299222E+01   3.050902E-16  -1.563086E-19  -3.460171E-13   1.200000E+02   6.148958E-01
  1.341000000000E+01   4.931955E+00   2.772193E-05   6.296887E+01   3.050894E-16  -1.710262E-19  -3.884769E-13   1.200000E+02   6.154195E-01
  1.341500000000E+01   4.931955E+00   2.688101E-05   6.294104E+01   3.050885E-16  -1.669323E-19  -3.908668E-13   1.200000E+02   6.159427E-01
  1.342000000000E+01   4.931955E+00   2.598424E-05   6.291020E+01   3.050877E-16  -1.377390E-19  -3.334785E-13   1.200000E+02   6.164653E-01
  1.342500000000E+01   4.931955E+00   2.509398E-05   6.287846E+01   3.050872E-16  -8.068457E-20  -2.021729E-13   1.200000E+02   6.169873E-01
  1.343000000000E+01   4.931955E+00   2.427520E-05   6.284834E+01   3.050870E-16   2.262634E-20   5.857946E-14   1.200000E+02   6.175089E-01
  1.343500000000E+01   4.931956E+00   2.358761E-05   6.282249E+01   3.050873E-16   8.983509E-20   2.392639E-13   1.200000E+02   6.180298E-01
  1.344000000000E+01   4.931956E+00   2.307998E-05   6.280333E+01   3.050879E-16   1.617103E-19   4.400327E-13   1.200000E+02   6.185503E-01
  1.344500000000E+01   4.931956E+00   2.278697E-05   6.279278E+01   3.050889E-16   2.309358E-19   6.363768E-13   1.200000E+02   6.190701E-01
  1.345000000000E+01   4.931956E+00   2.272779E-05   6.279201E+01   3.050901E-16   2.393696E-19   6.613269E-13   1.200000E+02   6.195893E-01
  1.345500000000E+01   4.931956E+00   2.290583E-05   6.280122E+01   3.050913E-16   2.465904E-19   6.760801E-13   1.200000E+02   6.201080E-01
  1.346000000000E+01   4.931956E+00   2.330842E-05   6.281966E+01   3.050925E-16   2.228148E-19   6.005189E-13   1.200000E+02   6.206259E-01
  1.346500000000E+01   4.931956E+00   2.390645E-05   6.284570E+01   3.050935E-16   1.788482E-19   4.701594E-13   1.200000E+02   6.211432E-01
  1.347000000000E+01   4.931956E+00   2.465441E-05   6.287699E+01   3.050942E-16   1.106215E-19   2.821218E-13   1.200000E+02   6.216598E-01
  1.347500000000E+01   4.931957E+00   2.549179E-05   6.291076E+01   3.050946E-16   4.196990E-20   1.035768E-13   1.200000E+02   6.221757E-01
  1.348000000000E+01   4.931957E+00   2.634680E-05   6.294414E+01   3.050945E-16  -7.382270E-20  -1.763670E-13   1.200000E+02   6.226908E-01
  1.348500000000E+01   4.931957E+00   2.714301E-05   6.297443E+01   3.050940E-16  -1.502793E-19  -3.486627E-13   1.200000E+02   6.232053E-01
  1.349000000000E+01   4.931957E+00   2.780831E-05   6.299938E+01   3.050931E-16  -1.959594E-19  -4.439436E-13   1.200000E+02   6.237191E-01
  1.349500000000E+01   4.931957E+00   2.828448E-05   6.301738E+01   3.050921E-16  -2.066836E-19  -4.604879E-13   1.200000E+02   6.242322E-01
  1.350000000000E+01   4.931957E+00   2.853497E-05   6.302754E+01   3.050911E-16  -1.768276E-19  -3.905737E-13   1.200000E+02   6.247446E-01
  1.350500000000E+01   4.931957E+00   2.854865E-05   6.302970E+01   3.050903E-16  -1.370856E-19  -3.026576E-13   1.200000E+02   6.252565E-01
  1.351000000000E+01   4.931958E+00   2.833865E-05   6.302431E+01   3.050898E-16  -6.093335E-20  -1.355139E-13   1.200000E+02   6.257677E-01
  1.351500000000E+01   4.931958E+00   2.793683E-05   6.301229E+01   3.050897E-16   1.450100E-20   3.270741E-14   1.200000E+02   6.262784E-01
  1.352000000000E+01   4.931958E+00   2.738580E-05   6.299486E+01   3.050898E-16   5.803449E-20   1.334953E-13   1.200000E+02   6.267885E-01
  1.352500000000E+01   4.931958E+00   2.673090E-05   6.297331E+01   3.050902E-16   8.622539E-20   2.031319E-13   1.200000E+02   6.272981E-01
  1.353000000000E+01   4.931958E+00   2.601379E-05   6.294889E+01   3.050907E-16   9.295302E-20   2.249303E-13   1.200000E+02   6.278071E-01
  1.353500000000E+01   4.931958E+00   2.526889E-05   6.292269E+01   3.050911E-16   7.982270E-20   1.987685E-13   1.200000E+02   6.283157E-01
  1.354000000000E+01   4.931958E+00   2.452257E-05   6.289559E+01   3.050914E-16   4.266621E-20   1.094305E-13   1.200000E+02   6.288237E-01
  1.354500000000E+01   4.931958E+00   2.379464E-05   6.286835E+01   3.050915E-16  -1.117835E-20  -2.953458E-14   1.200000E+02   6.293312E-01
  1.355000000000E+01   4.931959E+00   2.310124E-05   6.284164E+01   3.050914E-16  -3.984211E-20  -1.083813E-13   1.200000E+02   6.298382E-01
  1.355500000000E+01   4.931959E+00   2.245819E-05   6.281621E+01   3.050910E-16  -9.061027E-20  -2.534396E-13   1.200000E+02   6.303446E-01
  1.356000000000E+01   4.931959E+00   2.188391E-05   6.279303E+01   3.050905E-16  -1.094029E-19  -3.139173E-13   1.200000E+02   6.308506E-01
  1.356500000000E+01   4.931959E+00   2.140151E-05   6.277330E+01   3.050899E-16  -1.077129E-19  -3.159354E-13   1.200000E+02   6.313560E-01
  1.357000000000E+01   4.931959E+00   2.103955E-05   6.275860E+01   3.050894E-16  -9.592127E-20  -2.861223E-13   1.200000E+02   6.318608E-01
  1.357500000000E+01   4.931959E+00   2.083173E-05   6.275074E+01   3.050890E-16  -7.454274E-20  -2.245427E-13   1.200000E+02   6.323651E-01
  1.358000000000E+01   4.931959E+00   2.081564E-05   6.275167E+01   3.050887E-16  -5.037657E-20  -1.518672E-13   1.200000E+02   6.328689E-01
  1.358500000000E+01   4.931959E+00   2.103084E-05   6.276321E+01   3.050885E-16  -1.539175E-20  -4.593423E-14   1.200000E+02   6.333720E-01
  1.359000000000E+01   4.931959E+00   2.151613E-05   6.278678E+01   3.050885E-16   1.838822E-20   5.365914E-14   1.200000E+02   6.338745E-01
  1.359500000000E+01   4.931960E+00   2.230569E-05   6.282304E+01   3.050887E-16   4.325684E-20   1.218311E-13   1.200000E+02   6.343764E-01
  1.360000000000E+01   4.931960E+00   2.342290E-05   6.287162E+01   3.050890E-16   9.651940E-20   2.590768E-13   1.200000E+02   6.348775E-01
  1.360500000000E+01   4.931960E+00   2.487099E-05   6.293087E+01   3.050896E-16   1.261634E-19   3.192302E-13   1.200000E+02   6.353780E-01
  1.361000000000E+01   4.931960E+00   2.661971E-05   6.299776E+01   3.050903E-16   1.516469E-19   3.588850E-13   1.200000E+02   6.358777E-01
  1.361500000000E+01   4.931960E+00   2.858945E-05   6.306794E+01   3.050912E-16   1.841586E-19   4.062514E-13   1.200000E+02   6.363766E-01
  1.362000000000E+01   4.931960E+00   3.063699E-05   6.313600E+01   3.050921E-16   1.810049E-19   3.730107E-13   1.200000E+02   6.368747E-01
  1.362500000000E+01   4.931960E+00   3.255124E-05   6.319583E+01   3.050929E-16   1.498595E-19   2.909411E-13   1.200000E+02   6.373720E-01
  1.363000000000E+01   4.931960E+00   3.406903E-05   6.324123E+01   3.050935E-16   9.583631E-20   1.778978E-13   1.200000E+02   6.378686E-01
  1.363500000000E+01   4.931961E+00   3.491773E-05   6.326649E+01   3.050938E-16   2.220006E-20   4.022370E-14   1.200000E+02   6.383645E-01
  1.364000000000E+01   4.931961E+00   3.487990E-05   6.326709E+01   3.050938E-16  -1.895125E-20  -3.437482E-14   1.200000E+02   6.388597E-01
  1.364500000000E+01   4.931961E+00   3.385976E-05   6.324024E+01   3.050936E-16  -7.746936E-20  -1.446904E-13   1.200000E+02   6.393545E-01
  1.365000000000E+01   4.931961E+00   3.192212E-05   6.318531E+01   3.050932E-16  -9.435477E-20  -1.867619E-13   1.200000E+02   6.398488E-01
  1.365500000000E+01   4.931961E+00   2.928233E-05   6.310408E+01   3.050927E-16  -9.040435E-20  -1.948234E-13   1.200000E+02   6.403428E-01
  1.366000000000E+01   4.931961E+00   2.624902E-05   6.300074E+01   3.050922E-16  -7.853017E-20  -1.884816E-13   1.200000E+02   6.408366E-01
  1.366500000000E+01   4.931962E+00   2.314534E-05   6.288157E+01   3.050919E-16  -4.063019E-20  -1.103847E-13   1.200000E+02   6.413301E-01
  1.367000000000E+01   4.931962E+00   2.024179E-05   6.275453E+01   3.050918E-16   2.540532E-21   7.876271E-15   1.200000E+02   6.418234E-01
  1.367500000000E+01   4.931962E+00   1.772179E-05   6.262852E+01   3.050920E-16   4.717223E-20   1.667059E-13   1.200000E+02   6.423164E-01
  1.368000000000E+01   4.931962E+00   1.568139E-05   6.251273E+01   3.050923E-16   7.631200E-20   3.042124E-13   1.200000E+02   6.428092E-01
  1.368500000000E+01   4.931962E+00   1.415100E-05   6.241578E+01   3.050927E-16   9.155495E-20   4.038213E-13   1.200000E+02   6.433015E-01
  1.369000000000E+01   4.931962E+00   1.312419E-05   6.234510E+01   3.050932E-16   9.071969E-20   4.309545E-13   1.200000E+02   6.437935E-01
  1.369500000000E+01   4.931962E+00   1.258335E-05   6.230633E+01   3.050936E-16   8.091784E-20   4.006637E-13   1.200000E+02   6.442849E-01
  1.370000000000E+01   4.931962E+00   1.251825E-05   6.230298E+01   3.050939E-16   6.127259E-20   3.049520E-13   1.200000E+02   6.447758E-01
  1.370500000000E+01   4.931962E+00   1.293740E-05   6.233622E+01   3.050942E-16   3.364178E-20   1.620961E-13   1.200000E+02   6.452662E-01
  1.371000000000E+01   4.931962E+00   1.387370E-05   6.240492E+01   3.050943E-16  -5.950009E-21  -2.676358E-14   1.200000E+02   6.457559E-01
  1.371500000000E+01   4.931962E+00   1.538485E-05   6.250579E+01   3.050941E-16  -6.207583E-20  -2.522027E-13   1.200000E+02   6.462450E-01
  1.372000000000E+01   4.931962E+00   1.754759E-05   6.263369E+01   3.050936E-16  -1.408300E-19  -5.026733E-13   1.200000E+02   6.467333E-01
  1.372500000000E+01   4.931963E+00   2.044297E-05   6.278192E+01   3.050927E-16  -2.229729E-19  -6.847666E-13   1.200000E+02   6.472208E-01
  1.373000000000E+01   4.931963E+00   2.412876E-05   6.294266E+01   3.050914E-16  -3.146301E-19  -8.207490E-13   1.200000E+02   6.477073E-01
  1.373500000000E+01   4.931963E+00   2.859623E-05   6.310735E+01   3.050896E-16  -4.043157E-19  -8.922606E-13   1.200000E+02   6.481929E-01
  1.374000000000E+01   4.931963E+00   3.371417E-05   6.326701E+01   3.050874E-16  -4.419186E-19  -8.292914E-13   1.200000E+02   6.486774E-01
  1.374500000000E+01   4.931963E+00   3.917357E-05   6.341270E+01   3.050852E-16  -4.395721E-19  -7.115628E-13   1.200000E+02   6.491608E-01
  1.375000000000E+01   4.931963E+00   4.446056E-05   6.353583E+01   3.050832E-16  -3.619679E-19  -5.172659E-13   1.200000E+02   6.496431E-01
  1.375500000000E+01   4.931964E+00   4.889258E-05   6.362865E+01   3.050818E-16  -1.900645E-19  -2.473493E-13   1.200000E+02   6.501242E-01
  1.376000000000E+01   4.931964E+00   5.174142E-05   6.368461E+01   3.050815E-16   6.495742E-20   7.995119E-14   1.200000E+02   6.506045E-01
  1.376500000000E+01   4.931964E+00   5.242702E-05   6.369884E+01   3.050823E-16   2.800942E-19   3.403145E-13   1.200000E+02   6.510840E-01
  1.377000000000E+01   4.931964E+00   5.071420E-05   6.366854E+01   3.050843E-16   4.935413E-19   6.196105E-13   1.200000E+02   6.515630E-01
  1.377500000000E+01   4.931965E+00   4.681657E-05   6.359336E+01   3.050870E-16   5.773577E-19   7.842548E-13   1.200000E+02   6.520418E-01
  1.378000000000E+01   4.931965E+00   4.134415E-05   6.347561E+01   3.050899E-16   5.523402E-19   8.480070E-13   1.200000E+02   6.525206E-01
  1.378500000000E+01   4.931965E+00   3.511308E-05   6.332037E+01   3.050924E-16   4.505267E-19   8.124470E-13   1.200000E+02   6.529995E-01
  1.379000000000E+01   4.931965E+00   2.891032E-05   6.313536E+01   3.050943E-16   3.043888E-19   6.647348E-13   1.200000E+02   6.534786E-01
  1.379500000000E+01   4.931965E+00   2.331826E-05   6.293059E+01   3.050955E-16   1.766011E-19   4.766055E-13   1.200000E+02   6.539577E-01
  1.380000000000E+01   4.931965E+00   1.865199E-05   6.271782E+01   3.050961E-16   5.919339E-20   1.990394E-13   1.200000E+02   6.544369E-01
  1.380500000000E+01   4.931965E+00   1.499472E-05   6.250989E+01   3.050962E-16  -1.572662E-20  -6.556103E-14   1.200000E+02   6.549160E-01
  1.381000000000E+01   4.931966E+00   1.228087E-05   6.231981E+01   3.050960E-16  -5.902195E-20  -2.995095E-13   1.200000E+02   6.553949E-01
  1.381500000000E+01   4.931966E+00   1.037962E-05   6.215992E+01   3.050957E-16  -8.341512E-20  -4.995440E-13   1.200000E+02   6.558736E-01
  1.382000000000E+01   4.931966E+00   9.155451E-06   6.204103E+01   3.050952E-16  -8.894862E-20  -6.027518E-13   1.200000E+02   6.563519E-01
  1.382500000000E+01   4.931966E+00   8.502695E-06   6.197161E+01   3.050948E-16  -8.391949E-20  -6.116444E-13   1.200000E+02   6.568297E-01
  1.383000000000E+01   4.931966E+00   8.362011E-06   6.195718E+01   3.050944E-16  -7.159476E-20  -5.304716E-13   1.200000E+02   6.573071E-01
  1.383500000000E+01   4.931966E+00   8.727961E-06   6.199988E+01   3.050941E-16  -5.541575E-20  -3.936509E-13   1.200000E+02   6.577839E-01
  1.384000000000E+01   4.931966E+00   9.654109E-06   6.209827E+01   3.050939E-16  -3.939370E-20  -2.533927E-13   1.200000E+02   6.582602E-01
  1.384500000000E+01   4.931966E+00   1.125767E-05   6.224737E+01   3.050937E-16  -9.586663E-21  -5.300784E-14   1.200000E+02   6.587358E-01
  1.385000000000E+01   4.931966E+00   1.372039E-05   6.243886E+01   3.050937E-16   1.878819E-20   8.550147E-14   1.200000E+02   6.592106E-01
  1.385500000000E+01   4.931966E+00   1.727538E-05   6.266162E+01   3.050939E-16   6.402339E-20   2.322271E-13   1.200000E+02   6.596846E-01
  1.386000000000E+01   4.931966E+00   2.216183E-05   6.290231E+01   3.050943E-16   1.084555E-19   3.078312E-13   1.200000E+02   6.601576E-01
  1.386500000000E+01   4.931966E+00   2.852670E-05   6.314625E+01   3.050950E-16   1.731476E-19   3.832768E-13   1.200000E+02   6.606295E-01
  1.387000000000E+01   4.931966E+00   3.626667E-05   6.337827E+01   3.050960E-16   2.292210E-19   4.005780E-13   1.200000E+02   6.611001E-01
  1.387500000000E+01   4.931967E+00   4.484835E-05   6.358371E+01   3.050973E-16   2.825911E-19   4.006433E-13   1.200000E+02   6.615694E-01
  1.388000000000E+01   4.931967E+00   5.321163E-05   6.374942E+01   3.050987E-16   2.904527E-19   3.479726E-13   1.200000E+02   6.620371E-01
  1.388500000000E+01   4.931967E+00   5.989584E-05   6.386456E+01   3.051003E-16   3.007573E-19   3.206855E-13   1.200000E+02   6.625035E-01
  1.389000000000E+01   4.931967E+00   6.345063E-05   6.392145E+01   3.051015E-16   1.867526E-19   1.881384E-13   1.200000E+02   6.629689E-01
  1.389500000000E+01   4.931968E+00   6.299516E-05   6.391608E+01   3.051021E-16   7.870182E-20   7.985235E-14   1.200000E+02   6.634336E-01
  1.390000000000E+01   4.931968E+00   5.861368E-05   6.384841E+01   3.051023E-16  -1.057644E-20  -1.152101E-14   1.200000E+02   6.638980E-01
  1.390500000000E+01   4.931968E+00   5.132445E-05   6.372246E+01   3.051019E-16  -1.193666E-19  -1.482010E-13   1.200000E+02   6.643626E-01
  1.391000000000E+01   4.931969E+00   4.263928E-05   6.354603E+01   3.051012E-16  -1.774536E-19  -2.644620E-13   1.200000E+02   6.648275E-01
  1.391500000000E+01   4.931969E+00   3.399881E-05   6.333018E+01   3.051002E-16  -2.024240E-19  -3.770586E-13   1.200000E+02   6.652930E-01
  1.392000000000E+01   4.931969E+00   2.639007E-05   6.308852E+01   3.050992E-16  -1.980234E-19  -4.733980E-13   1.200000E+02   6.657587E-01
  1.392500000000E+01   4.931969E+00   2.025955E-05   6.283628E+01   3.050983E-16  -1.540175E-19  -4.776952E-13   1.200000E+02   6.662248E-01
  1.393000000000E+01   4.931969E+00   1.563876E-05   6.258930E+01   3.050976E-16  -1.167904E-19  -4.674174E-13   1.200000E+02   6.666909E-01
  1.393500000000E+01   4.931969E+00   1.233516E-05   6.236304E+01   3.050972E-16  -7.777206E-20  -3.931934E-13   1.200000E+02   6.671570E-01
  1.394000000000E+01   4.931969E+00   1.008817E-05   6.217154E+01   3.050969E-16  -4.024646E-20  -2.480315E-13   1.200000E+02   6.676228E-01
  1.394500000000E+01   4.931969E+00   8.660248E-06   6.202657E+01   3.050968E-16  -6.986586E-21  -5.003944E-14   1.200000E+02   6.680883E-01
  1.395000000000E+01   4.931969E+00   7.875197E-06   6.193689E+01   3.050968E-16   1.186475E-20   9.331397E-14   1.200000E+02   6.685535E-01
  1.395500000000E+01   4.931969E+00   7.627129E-06   6.190770E+01   3.050969E-16   2.780800E-20   2.257113E-13   1.200000E+02   6.690182E-01
  1.396000000000E+01   4.931969E+00   7.878276E-06   6.194034E+01   3.050970E-16   3.936403E-20   3.094867E-13   1.200000E+02   6.694824E-01
  1.396500000000E+01   4.931969E+00   8.655287E-06   6.203218E+01   3.050973E-16   5.493740E-20   3.937347E-13   1.200000E+02   6.699461E-01
  1.397000000000E+01   4.931969E+00   1.004622E-05   6.217678E+01   3.050976E-16   6.706515E-20   4.150710E-13   1.200000E+02   6.704091E-01
  1.397500000000E+01   4.931970E+00   1.219414E-05   6.236432E+01   3.050979E-16   7.637773E-20   3.906174E-13   1.200000E+02   6.708715E-01
  1.398000000000E+01   4.931970E+00   1.527698E-05   6.258223E+01   3.050983E-16   8.297632E-20   3.399130E-13   1.200000E+02   6.713331E-01
  1.398500000000E+01   4.931970E+00   1.945820E-05   6.281600E+01   3.050987E-16   8.211214E-20   2.650788E-13   1.200000E+02   6.717938E-01
  1.399000000000E+01   4.931970E+00   2.479506E-05   6.305020E+01   3.050991E-16   8.523174E-20   2.167318E-13   1.200000E+02   6.722535E-01
  1.399500000000E+01   4.931970E+00   3.111021E-05   6.326954E+01   3.050995E-16   7.341907E-20   1.493140E-13   1.200000E+02   6.727121E-01
  1.400000000000E+01   4.931970E+00   3.787365E-05   6.345991E+01   3.050998E-16   4.202992E-20   7.042402E-14   1.200000E+02   6.731695E-01
  1.400500000000E+01   4.931970E+00   4.418562E-05   6.360940E+01   3.050999E-16  -9.272116E-21  -1.334809E-14   1.200000E+02   6.736256E-01
  1.401000000000E+01   4.931971E+00   4.894576E-05   6.370913E+01   3.050997E-16  -1.039700E-19  -1.353302E-13   1.200000E+02   6.740807E-01
  1.401500000000E+01   4.931971E+00   5.119892E-05   6.375384E+01   3.050990E-16  -1.357128E-19  -1.689920E-13   1.200000E+02   6.745349E-01
  1.402000000000E+01   4.931971E+00   5.050447E-05   6.374223E+01   3.050983E-16  -1.692562E-19  -2.136200E-13   1.200000E+02   6.749886E-01
  1.402500000000E+01   4.931971E+00   4.711292E-05   6.367700E+01   3.050974E-16  -1.801616E-19  -2.435033E-13   1.200000E+02   6.754420E-01
  1.403000000000E+01   4.931972E+00   4.184065E-05   6.356457E+01   3.050966E-16  -1.530837E-19  -2.325657E-13   1.200000E+02   6.758953E-01
  1.403500000000E+01   4.931972E+00   3.573243E-05   6.341458E+01   3.050960E-16  -7.743177E-20  -1.374187E-13   1.200000E+02   6.763489E-01
  1.404000000000E+01   4.931972E+00   2.971676E-05   6.323911E+01   3.050958E-16  -1.268969E-20  -2.700446E-14   1.200000E+02   6.768026E-01
  1.404500000000E+01   4.931972E+00   2.441087E-05   6.305180E+01   3.050958E-16   3.284932E-20   8.484781E-14   1.200000E+02   6.772565E-01
  1.405000000000E+01   4.931972E+00   2.010120E-05   6.286683E+01   3.050960E-16   7.397846E-20   2.313689E-13   1.200000E+02   6.777104E-01
  1.405500000000E+01   4.931972E+00   1.683105E-05   6.269788E+01   3.050965E-16   8.881158E-20   3.308349E-13   1.200000E+02   6.781642E-01
  1.406000000000E+01   4.931972E+00   1.451371E-05   6.255718E+01   3.050969E-16   9.615873E-20   4.144646E-13   1.200000E+02   6.786179E-01
  1.406500000000E+01   4.931972E+00   1.302219E-05   6.245458E+01   3.050974E-16   8.452633E-20   4.053894E-13   1.200000E+02   6.790713E-01
  1.407000000000E+01   4.931972E+00   1.224312E-05   6.239686E+01   3.050977E-16   5.483479E-20   2.794645E-13   1.200000E+02   6.795244E-01
  1.407500000000E+01   4.931972E+00   1.210152E-05   6.238719E+01   3.050980E-16   3.897424E-20   2.009246E-13   1.200000E+02   6.799770E-01
  1.408000000000E+01   4.931973E+00   1.256662E-05   6.242489E+01   3.050981E-16   6.248471E-21   3.103938E-14   1.200000E+02   6.804292E-01
  1.408500000000E+01   4.931973E+00   1.364539E-05   6.250546E+01   3.050980E-16  -2.201420E-20  -1.008405E-13   1.200000E+02   6.808807E-01
  1.409000000000E+01   4.931973E+00   1.536450E-05   6.262086E+01   3.050978E-16  -5.478403E-20  -2.232825E-13   1.200000E+02   6.813317E-01
  1.409500000000E+01   4.931973E+00   1.773743E-05   6.276023E+01   3.050975E-16  -8.336068E-20  -2.949545E-13   1.200000E+02   6.817820E-01
  1.410000000000E+01   4.931973E+00   2.071459E-05   6.291067E+01   3.050970E-16  -1.006639E-19  -3.057184E-13   1.200000E+02   6.822315E-01
  1.410500000000E+01   4.931973E+00   2.412310E-05   6.305840E+01   3.050964E-16  -1.207701E-19  -3.156962E-13   1.200000E+02   6.826802E-01
  1.411000000000E+01   4.931973E+00   2.762081E-05   6.318987E+01   3.050958E-16  -1.202293E-19  -2.750562E-13   1.200000E+02   6.831280E-01
  1.411500000000E+01   4.931973E+00   3.070525E-05   6.329298E+01   3.050952E-16  -1.133260E-19  -2.335998E-13   1.200000E+02   6.835751E-01
  1.412000000000E+01   4.931973E+00   3.281110E-05   6.335814E+01   3.050947E-16  -9.130242E-20  -1.763047E-13   1.200000E+02   6.840213E-01
  1.412500000000E+01   4.931974E+00   3.348405E-05   6.337911E+01   3.050944E-16  -4.365765E-20  -8.263585E-14   1.200000E+02   6.844670E-01
  1.413000000000E+01   4.931974E+00   3.255444E-05   6.335355E+01   3.050942E-16  -2.339621E-20  -4.553090E-14   1.200000E+02   6.849122E-01
  1.413500000000E+01   4.931974E+00   3.020974E-05   6.328327E+01   3.050941E-16  -8.147494E-23  -1.706735E-16   1.200000E+02   6.853571E-01
  1.414000000000E+01   4.931974E+00   2.691842E-05   6.317401E+01   3.050941E-16   9.005294E-21   2.113424E-14   1.200000E+02   6.858019E-01
  1.414500000000E+01   4.931974E+00   2.325335E-05   6.303497E+01   3.050942E-16   1.816403E-20   4.923887E-14   1.200000E+02   6.862466E-01
  1.415000000000E+01   4.931974E+00   1.971649E-05   6.287805E+01   3.050943E-16   2.449602E-20   7.812048E-14   1.200000E+02   6.866913E-01
  1.415500000000E+01   4.931974E+00   1.664220E-05   6.271679E+01   3.050944E-16   3.127056E-20   1.178444E-13   1.200000E+02   6.871358E-01
  1.416000000000E+01   4.931974E+00   1.419068E-05   6.256529E+01   3.050946E-16   3.624834E-20   1.598153E-13   1.200000E+02   6.875802E-01
  1.416500000000E+01   4.931975E+00   1.239682E-05   6.243702E+01   3.050948E-16   4.289805E-20   2.160575E-13   1.200000E+02   6.880244E-01
  1.417000000000E+01   4.931975E+00   1.123243E-05   6.234380E+01   3.050951E-16   5.420878E-20   3.008770E-13   1.200000E+02   6.884683E-01
  1.417500000000E+01   4.931975E+00   1.065744E-05   6.229483E+01   3.050953E-16   5.365837E-20   3.136436E-13   1.200000E+02   6.889118E-01
  1.418000000000E+01   4.931975E+00   1.065355E-05   6.229594E+01   3.050956E-16   5.254789E-20   3.072705E-13   1.200000E+02   6.893549E-01
  1.418500000000E+01   4.931975E+00   1.124384E-05   6.234918E+01   3.050958E-16   4.256944E-20   2.360554E-13   1.200000E+02   6.897975E-01
  1.419000000000E+01   4.931975E+00   1.250296E-05   6.245255E+01   3.050960E-16   3.096699E-20   1.546808E-13   1.200000E+02   6.902395E-01
  1.419500000000E+01   4.931975E+00   1.455819E-05   6.260011E+01   3.050961E-16  -6.135067E-21  -2.638075E-14   1.200000E+02   6.906810E-01
  1.420000000000E+01   4.931975E+00   1.757547E-05   6.278239E+01   3.050960E-16  -4.433352E-20  -1.583665E-13   1.200000E+02   6.911217E-01
  1.420500000000E+01   4.931975E+00   2.171689E-05   6.298697E+01   3.050956E-16  -1.081214E-19  -3.135920E-13   1.200000E+02   6.915615E-01
  1.421000000000E+01   4.931975E+00   2.705408E-05   6.319938E+01   3.050949E-16  -1.725826E-19  -4.031596E-13   1.200000E+02   6.920004E-01
  1.421500000000E+01   4.931975E+00   3.343493E-05   6.340413E+01   3.050939E-16  -2.263408E-19  -4.292199E-13   1.200000E+02   6.924383E-01
  1.422000000000E+01   4.931975E+00   4.034008E-05   6.358581E+01   3.050928E-16  -1.976441E-19  -3.115354E-13   1.200000E+02   6.928749E-01
  1.422500000000E+01   4.931976E+00   4.682204E-05   6.373030E+01   3.050920E-16  -1.314096E-19  -1.788639E-13   1.200000E+02   6.933104E-01
  1.423000000000E+01   4.931976E+00   5.164370E-05   6.382584E+01   3.050916E-16   9.618182E-21   1.188700E-14   1.200000E+02   6.937448E-01
  1.423500000000E+01   4.931976E+00   5.365497E-05   6.386395E+01   3.050921E-16   1.764571E-19   2.100318E-13   1.200000E+02   6.941784E-01
  1.424000000000E+01   4.931976E+00   5.226640E-05   6.384022E+01   3.050934E-16   3.069037E-19   3.748641E-13   1.200000E+02   6.946115E-01
  1.424500000000E+01   4.931977E+00   4.773864E-05   6.375466E+01   3.050951E-16   3.313175E-19   4.424726E-13   1.200000E+02   6.950445E-01
  1.425000000000E+01   4.931977E+00   4.108030E-05   6.361190E+01   3.050967E-16   2.773851E-19   4.295244E-13   1.200000E+02   6.954777E-01
  1.425500000000E+01   4.931977E+00   3.361630E-05   6.342084E+01   3.050977E-16   1.528257E-19   2.883225E-13   1.200000E+02   6.959112E-01
  1.426000000000E+01   4.931977E+00   2.650587E-05   6.319414E+01   3.050982E-16   4.102770E-20   9.781644E-14   1.200000E+02   6.963451E-01
  1.426500000000E+01   4.931977E+00   2.046517E-05   6.294728E+01   3.050982E-16  -4.007227E-20  -1.232553E-13   1.200000E+02   6.967793E-01
  1.427000000000E+01   4.931978E+00   1.575227E-05   6.269745E+01   3.050979E-16  -7.344088E-20  -2.923106E-13   1.200000E+02   6.972136E-01
  1.427500000000E+01   4.931978E+00   1.231079E-05   6.246224E+01   3.050975E-16  -7.595779E-20  -3.853931E-13   1.200000E+02   6.976479E-01
  1.428000000000E+01   4.931978E+00   9.939950E-06   6.225832E+01   3.050971E-16  -6.051857E-20  -3.790547E-13   1.200000E+02   6.980821E-01
  1.428500000000E+01   4.931978E+00   8.417380E-06   6.210015E+01   3.050969E-16  -3.893238E-20  -2.872280E-13   1.200000E+02   6.985161E-01
  1.429000000000E+01   4.931978E+00   7.562955E-06   6.199883E+01   3.050968E-16  -1.076736E-20  -8.826760E-14   1.200000E+02   6.989498E-01
  1.429500000000E+01   4.931978E+00   7.261878E-06   6.196127E+01   3.050968E-16   1.293390E-20   1.103572E-13   1.200000E+02   6.993830E-01
  1.430000000000E+01   4.931978E+00   7.468259E-06   6.198961E+01   3.050969E-16   4.104757E-20   3.407116E-13   1.200000E+02   6.998159E-01
  1.430500000000E+01   4.931978E+00   8.202580E-06   6.208108E+01   3.050972E-16   7.604747E-20   5.755639E-13   1.200000E+02   7.002483E-01
  1.431000000000E+01   4.931978E+00   9.547209E-06   6.222824E+01   3.050977E-16   1.147520E-19   7.479478E-13   1.200000E+02   7.006802E-01
  1.431500000000E+01   4.931978E+00   1.163586E-05   6.241960E+01   3.050983E-16   1.335184E-19   7.162484E-13   1.200000E+02   7.011114E-01
  1.432000000000E+01   4.931978E+00   1.462559E-05   6.264056E+01   3.050990E-16   1.446393E-19   6.194817E-13   1.200000E+02   7.015419E-01
  1.432500000000E+01   4.931978E+00   1.863590E-05   6.287461E+01   3.050997E-16   1.162733E-19   3.922881E-13   1.200000E+02   7.019716E-01
  1.433000000000E+01   4.931978E+00   2.364668E-05   6.310464E+01   3.051002E-16   6.610712E-20   1.764165E-13   1.200000E+02   7.024004E-01
  1.433500000000E+01   4.931978E+00   2.937484E-05   6.331429E+01   3.051003E-16  -4.954458E-20  -1.067880E-13   1.200000E+02   7.028282E-01
  1.434000000000E+01   4.931978E+00   3.519468E-05   6.348924E+01   3.050997E-16  -1.856741E-19  -3.349457E-13   1.200000E+02   7.032550E-01
  1.434500000000E+01   4.931979E+00   4.019518E-05   6.361819E+01   3.050984E-16  -3.543600E-19  -5.608567E-13   1.200000E+02   7.036807E-01
  1.435000000000E+01   4.931979E+00   4.342234E-05   6.369373E+01   3.050963E-16  -4.506856E-19  -6.610847E-13   1.200000E+02   7.041055E-01
  1.435500000000E+01   4.931979E+00   4.422840E-05   6.371280E+01   3.050941E-16  -4.398204E-19  -6.335789E-13   1.200000E+02   7.045297E-01
  1.436000000000E+01   4.931979E+00   4.253665E-05   6.367676E+01   3.050921E-16  -3.490188E-19  -5.224762E-13   1.200000E+02   7.049535E-01
  1.436500000000E+01   4.931980E+00   3.885507E-05   6.359126E+01   3.050907E-16  -2.058496E-19  -3.368990E-13   1.200000E+02   7.053772E-01
  1.437000000000E+01   4.931980E+00   3.403994E-05   6.346565E+01   3.050900E-16  -8.850049E-20  -1.650044E-13   1.200000E+02   7.058010E-01
  1.437500000000E+01   4.931980E+00   2.896998E-05   6.331223E+01   3.050898E-16   6.919651E-21   1.512250E-14   1.200000E+02   7.062249E-01
  1.438000000000E+01   4.931980E+00   2.430869E-05   6.314523E+01   3.050900E-16   4.003078E-20   1.039856E-13   1.200000E+02   7.066489E-01
  1.438500000000E+01   4.931980E+00   2.042796E-05   6.297966E+01   3.050902E-16   4.499633E-20   1.387243E-13   1.200000E+02   7.070730E-01
  1.439000000000E+01   4.931980E+00   1.745642E-05   6.283016E+01   3.050904E-16   2.805303E-20   1.009701E-13   1.200000E+02   7.074970E-01
  1.439500000000E+01   4.931980E+00   1.537660E-05   6.270978E+01   3.050905E-16   8.947388E-21   3.648978E-14   1.200000E+02   7.079208E-01
  1.440000000000E+01   4.931980E+00   1.411433E-05   6.262895E+01   3.050905E-16  -9.792359E-21  -4.345125E-14   1.200000E+02   7.083445E-01
  1.440500000000E+01   4.931980E+00   1.359849E-05   6.259462E+01   3.050904E-16  -2.058763E-20  -9.476597E-14   1.200000E+02   7.087678E-01
  1.441000000000E+01   4.931980E+00   1.379200E-05   6.260958E+01   3.050903E-16  -2.542452E-20  -1.154161E-13   1.200000E+02   7.091907E-01
  1.441500000000E+01   4.931981E+00   1.470120E-05   6.267227E+01   3.050902E-16  -1.622781E-20  -6.918033E-14   1.200000E+02   7.096132E-01
  1.442000000000E+01   4.931981E+00   1.636792E-05   6.277677E+01   3.050902E-16   1.800064E-20   6.903884E-14   1.200000E+02   7.100351E-01
  1.442500000000E+01   4.931981E+00   1.884170E-05   6.291328E+01   3.050904E-16   6.632100E-20   2.214488E-13   1.200000E+02   7.104563E-01
  1.443000000000E+01   4.931981E+00   2.212637E-05   6.306895E+01   3.050909E-16   1.252585E-19   3.570364E-13   1.200000E+02   7.108769E-01
  1.443500000000E+01   4.931981E+00   2.610024E-05   6.322891E+01   3.050916E-16   1.744105E-19   4.225166E-13   1.200000E+02   7.112966E-01
  1.444000000000E+01   4.931981E+00   3.042951E-05   6.337763E+01   3.050927E-16   2.308796E-19   4.808688E-13   1.200000E+02   7.117155E-01
  1.444500000000E+01   4.931981E+00   3.452650E-05   6.350027E+01   3.050938E-16   2.417483E-19   4.446175E-13   1.200000E+02   7.121335E-01
  1.445000000000E+01   4.931981E+00   3.762174E-05   6.358408E+01   3.050950E-16   2.024994E-19   3.422419E-13   1.200000E+02   7.125506E-01
  1.445500000000E+01   4.931982E+00   3.897996E-05   6.361951E+01   3.050957E-16   1.138266E-19   1.857774E-13   1.200000E+02   7.129672E-01
  1.446000000000E+01   4.931982E+00   3.818760E-05   6.360117E+01   3.050960E-16  -1.400226E-20  -2.332066E-14   1.200000E+02   7.133833E-01
  1.446500000000E+01   4.931982E+00   3.534798E-05   6.352837E+01   3.050956E-16  -1.394540E-19  -2.506306E-13   1.200000E+02   7.137992E-01
  1.447000000000E+01   4.931982E+00   3.104760E-05   6.340522E+01   3.050947E-16  -1.866364E-19  -3.811477E-13   1.200000E+02   7.142151E-01
  1.447500000000E+01   4.931982E+00   2.611043E-05   6.324034E+01   3.050938E-16  -1.629937E-19  -3.947763E-13   1.200000E+02   7.146311E-01
  1.448000000000E+01   4.931982E+00   2.129855E-05   6.304617E+01   3.050932E-16  -1.220328E-19  -3.612310E-13   1.200000E+02   7.150473E-01
  1.448500000000E+01   4.931983E+00   1.712082E-05   6.283794E+01   3.050927E-16  -7.380329E-20  -2.708776E-13   1.200000E+02   7.154635E-01
  1.449000000000E+01   4.931983E+00   1.380112E-05   6.263240E+01   3.050924E-16  -2.955120E-20  -1.341096E-13   1.200000E+02   7.158797E-01
  1.449500000000E+01   4.931983E+00   1.135422E-05   6.244642E+01   3.050923E-16  -5.012675E-22  -2.756893E-15   1.200000E+02   7.162959E-01
  1.450000000000E+01   4.931983E+00   9.689899E-06   6.229564E+01   3.050924E-16   2.124176E-20   1.365617E-13   1.200000E+02   7.167119E-01
  1.450500000000E+01   4.931983E+00   8.695818E-06   6.219310E+01   3.050925E-16   3.276059E-20   2.343060E-13   1.200000E+02   7.171276E-01
  1.451000000000E+01   4.931983E+00   8.286908E-06   6.214824E+01   3.050927E-16   3.368254E-20   2.526045E-13   1.200000E+02   7.175430E-01
  1.451500000000E+01   4.931983E+00   8.429802E-06   6.216603E+01   3.050929E-16   2.818580E-20   2.078577E-13   1.200000E+02   7.179580E-01
  1.452000000000E+01   4.931983E+00   9.154254E-06   6.224655E+01   3.050930E-16   1.355944E-20   9.220064E-14   1.200000E+02   7.183726E-01
  1.452500000000E+01   4.931983E+00   1.055852E-05   6.238493E+01   3.050930E-16  -4.651495E-21  -2.748333E-14   1.200000E+02   7.187866E-01
  1.453000000000E+01   4.931983E+00   1.280717E-05   6.257165E+01   3.050929E-16  -2.719631E-20  -1.328723E-13   1.200000E+02   7.192001E-01
  1.453500000000E+01   4.931983E+00   1.610968E-05   6.279326E+01   3.050927E-16  -6.482512E-20  -2.526791E-13   1.200000E+02   7.196128E-01
  1.454000000000E+01   4.931983E+00   2.065854E-05   6.303338E+01   3.050923E-16  -9.616146E-20  -2.934081E-13   1.200000E+02   7.200248E-01
  1.454500000000E+01   4.931983E+00   2.650607E-05   6.327402E+01   3.050918E-16  -1.122275E-19  -2.679041E-13   1.200000E+02   7.204358E-01
  1.455000000000E+01   4.931983E+00   3.338795E-05   6.349697E+01   3.050912E-16  -1.169613E-19  -2.224361E-13   1.200000E+02   7.208457E-01
  1.455500000000E+01   4.931984E+00   4.056770E-05   6.368531E+01   3.050907E-16  -9.428357E-20  -1.480113E-13   1.200000E+02   7.212545E-01
  1.456000000000E+01   4.931984E+00   4.684720E-05   6.382482E+01   3.050904E-16  -1.419590E-20  -1.934055E-14   1.200000E+02   7.216621E-01
  1.456500000000E+01   4.931984E+00   5.086631E-05   6.390519E+01   3.050906E-16   6.839215E-20   8.592355E-14   1.200000E+02   7.220687E-01
  1.457000000000E+01   4.931984E+00   5.163227E-05   6.392088E+01   3.050910E-16   8.534546E-20   1.056579E-13   1.200000E+02   7.224747E-01
  1.457500000000E+01   4.931985E+00   4.898392E-05   6.387168E+01   3.050915E-16   9.739425E-20   1.269954E-13   1.200000E+02   7.228805E-01
  1.458000000000E+01   4.931985E+00   4.366561E-05   6.376269E+01   3.050918E-16   3.780650E-20   5.520694E-14   1.200000E+02   7.232863E-01
  1.458500000000E+01   4.931985E+00   3.695824E-05   6.360394E+01   3.050919E-16  -7.833833E-21  -1.348177E-14   1.200000E+02   7.236923E-01
  1.459000000000E+01   4.931985E+00   3.013870E-05   6.340947E+01   3.050916E-16  -7.302172E-20  -1.536320E-13   1.200000E+02   7.240988E-01
  1.459500000000E+01   4.931985E+00   2.409873E-05   6.319611E+01   3.050912E-16  -7.988197E-20  -2.094812E-13   1.200000E+02   7.245055E-01
  1.460000000000E+01   4.931985E+00   1.925386E-05   6.298199E+01   3.050908E-16  -8.006765E-20  -2.619122E-13   1.200000E+02   7.249125E-01
  1.460500000000E+01   4.931986E+00   1.565858E-05   6.278491E+01   3.050904E-16  -5.753470E-20  -2.306921E-13   1.200000E+02   7.253195E-01
  1.461000000000E+01   4.931986E+00   1.317991E-05   6.262083E+01   3.050902E-16  -3.151332E-20  -1.497271E-13   1.200000E+02   7.257265E-01
  1.461500000000E+01   4.931986E+00   1.163477E-05   6.250247E+01   3.050901E-16  -8.886190E-21  -4.773700E-14   1.200000E+02   7.261333E-01
  1.462000000000E+01   4.931986E+00   1.086738E-05   6.243832E+01   3.050902E-16   2.049333E-20   1.177440E-13   1.200000E+02   7.265399E-01
  1.462500000000E+01   4.931986E+00   1.078068E-05   6.243197E+01   3.050903E-16   4.678843E-20   2.709565E-13   1.200000E+02   7.269461E-01
  1.463000000000E+01   4.931986E+00   1.134140E-05   6.248200E+01   3.050906E-16   8.332041E-20   4.590284E-13   1.200000E+02   7.273519E-01
  1.463500000000E+01   4.931986E+00   1.257101E-05   6.258216E+01   3.050912E-16   1.216318E-19   6.055186E-13   1.200000E+02   7.277573E-01
  1.464000000000E+01   4.931986E+00   1.452376E-05   6.272212E+01   3.050918E-16   1.472265E-19   6.358107E-13   1.200000E+02   7.281620E-01
  1.464500000000E+01   4.931986E+00   1.724657E-05   6.288841E+01   3.050926E-16   1.645356E-19   5.999677E-13   1.200000E+02   7.285662E-01
  1.465000000000E+01   4.931986E+00   2.071503E-05   6.306566E+01   3.050935E-16   1.559351E-19   4.747349E-13   1.200000E+02   7.289696E-01
  1.465500000000E+01   4.931986E+00   2.475162E-05   6.323791E+01   3.050942E-16   1.126041E-19   2.876923E-13   1.200000E+02   7.293723E-01
  1.466000000000E+01   4.931986E+00   2.895774E-05   6.338991E+01   3.050946E-16   4.711920E-20   1.031462E-13   1.200000E+02   7.297741E-01
  1.466500000000E+01   4.931987E+00   3.271652E-05   6.350840E+01   3.050946E-16  -5.526660E-20  -1.072820E-13   1.200000E+02   7.301751E-01
  1.467000000000E+01   4.931987E+00   3.531664E-05   6.358314E+01   3.050940E-16  -1.870346E-19  -3.367321E-13   1.200000E+02   7.305754E-01
  1.467500000000E+01   4.931987E+00   3.618353E-05   6.360775E+01   3.050928E-16  -2.712041E-19  -4.767552E-13   1.200000E+02   7.309752E-01
  1.468000000000E+01   4.931987E+00   3.511153E-05   6.358020E+01   3.050913E-16  -3.298869E-19  -5.973614E-13   1.200000E+02   7.313745E-01
  1.468500000000E+01   4.931987E+00   3.235571E-05   6.350306E+01   3.050897E-16  -3.069406E-19  -6.024180E-13   1.200000E+02   7.317737E-01
  1.469000000000E+01   4.931987E+00   2.852091E-05   6.338327E+01   3.050883E-16  -2.497776E-19  -5.550918E-13   1.200000E+02   7.321729E-01
  1.469500000000E+01   4.931988E+00   2.432178E-05   6.323170E+01   3.050872E-16  -1.476292E-19  -3.838060E-13   1.200000E+02   7.325722E-01
  1.470000000000E+01   4.931988E+00   2.035771E-05   6.306223E+01   3.050867E-16  -6.812122E-20  -2.110196E-13   1.200000E+02   7.329716E-01
  1.470500000000E+01   4.931988E+00   1.700212E-05   6.289064E+01   3.050866E-16   3.834935E-21   1.418538E-14   1.200000E+02   7.333709E-01
  1.471000000000E+01   4.931988E+00   1.441143E-05   6.273326E+01   3.050867E-16   4.752463E-20   2.068757E-13   1.200000E+02   7.337703E-01
  1.471500000000E+01   4.931988E+00   1.259877E-05   6.260554E+01   3.050870E-16   7.524613E-20   3.739116E-13   1.200000E+02   7.341695E-01
  1.472000000000E+01   4.931988E+00   1.151628E-05   6.252061E+01   3.050874E-16   7.379825E-20   4.006425E-13   1.200000E+02   7.345685E-01
  1.472500000000E+01   4.931988E+00   1.111736E-05   6.248809E+01   3.050878E-16   6.768428E-20   3.804377E-13   1.200000E+02   7.349672E-01
  1.473000000000E+01   4.931988E+00   1.139465E-05   6.251306E+01   3.050881E-16   4.374103E-20   2.399711E-13   1.200000E+02   7.353655E-01
  1.473500000000E+01   4.931988E+00   1.240016E-05   6.259557E+01   3.050882E-16   8.095010E-21   4.086333E-14   1.200000E+02   7.357635E-01
  1.474000000000E+01   4.931988E+00   1.425174E-05   6.273049E+01   3.050881E-16  -4.135168E-20  -1.820137E-13   1.200000E+02   7.361609E-01
  1.474500000000E+01   4.931988E+00   1.712207E-05   6.290795E+01   3.050878E-16  -8.694577E-20  -3.194461E-13   1.200000E+02   7.365576E-01
  1.475000000000E+01   4.931988E+00   2.119590E-05   6.311417E+01   3.050872E-16  -1.354077E-19  -4.031979E-13   1.200000E+02   7.369537E-01
  1.475500000000E+01   4.931988E+00   2.657556E-05   6.333261E+01   3.050865E-16  -1.401034E-19  -3.338825E-13   1.200000E+02   7.373488E-01
  1.476000000000E+01   4.931989E+00   3.312846E-05   6.354551E+01   3.050859E-16  -8.496173E-20  -1.629697E-13   1.200000E+02   7.377430E-01
  1.476500000000E+01   4.931989E+00   4.031693E-05   6.373533E+01   3.050858E-16   5.741068E-20   9.075813E-14   1.200000E+02   7.381360E-01
  1.477000000000E+01   4.931989E+00   4.712259E-05   6.388637E+01   3.050866E-16   2.551485E-19   3.459171E-13   1.200000E+02   7.385279E-01
  1.477500000000E+01   4.931989E+00   5.220667E-05   6.398603E+01   3.050884E-16   4.673632E-19   5.728140E-13   1.200000E+02   7.389188E-01
  1.478000000000E+01   4.931990E+00   5.434535E-05   6.402587E+01   3.050910E-16   5.750540E-19   6.774881E-13   1.200000E+02   7.393090E-01
  1.478500000000E+01   4.931990E+00   5.295632E-05   6.400230E+01   3.050939E-16   5.785300E-19   6.992037E-13   1.200000E+02   7.396987E-01
  1.479000000000E+01   4.931990E+00   4.838305E-05   6.391689E+01   3.050966E-16   4.195540E-19   5.542558E-13   1.200000E+02   7.400884E-01
  1.479500000000E+01   4.931990E+00   4.173006E-05   6.377617E+01   3.050981E-16   1.820621E-19   2.782461E-13   1.200000E+02   7.404784E-01
  1.480000000000E+01   4.931990E+00   3.436838E-05   6.359114E+01   3.050984E-16  -3.403920E-20  -6.298207E-14   1.200000E+02   7.408688E-01
  1.480500000000E+01   4.931991E+00   2.744129E-05   6.337636E+01   3.050979E-16  -1.763434E-19  -4.072694E-13   1.200000E+02   7.412596E-01
  1.481000000000E+01   4.931991E+00   2.161909E-05   6.314872E+01   3.050968E-16  -2.343686E-19  -6.845838E-13   1.200000E+02   7.416508E-01
  1.481500000000E+01   4.931991E+00   1.712206E-05   6.292614E+01   3.050956E-16  -2.293385E-19  -8.428531E-13   1.200000E+02   7.420422E-01
  1.482000000000E+01   4.931991E+00   1.388167E-05   6.272603E+01   3.050946E-16  -1.910006E-19  -8.630598E-13   1.200000E+02   7.424336E-01
  1.482500000000E+01   4.931991E+00   1.170856E-05   6.256389E+01   3.050938E-16  -1.322570E-19  -7.067061E-13   1.200000E+02   7.428250E-01
  1.483000000000E+01   4.931991E+00   1.040617E-05   6.245198E+01   3.050933E-16  -6.504935E-20  -3.903896E-13   1.200000E+02   7.432162E-01
  1.483500000000E+01   4.931991E+00   9.826941E-06   6.239830E+01   3.050931E-16  -7.054414E-21  -4.479353E-14   1.200000E+02   7.436071E-01
  1.484000000000E+01   4.931991E+00   9.891204E-06   6.240585E+01   3.050932E-16   5.407444E-20   3.411679E-13   1.200000E+02   7.439978E-01
  1.484500000000E+01   4.931991E+00   1.058700E-05   6.247240E+01   3.050936E-16   1.086956E-19   6.413972E-13   1.200000E+02   7.443880E-01
  1.485000000000E+01   4.931991E+00   1.195884E-05   6.259067E+01   3.050943E-16   1.477963E-19   7.735425E-13   1.200000E+02   7.447778E-01
  1.485500000000E+01   4.931991E+00   1.408303E-05   6.274892E+01   3.050950E-16   1.662396E-19   7.407041E-13   1.200000E+02   7.451670E-01
  1.486000000000E+01   4.931991E+00   1.702016E-05   6.293206E+01   3.050958E-16   1.517220E-19   5.609921E-13   1.200000E+02   7.455556E-01
  1.486500000000E+01   4.931991E+00   2.073704E-05   6.312296E+01   3.050964E-16   7.778641E-20   2.367796E-13   1.200000E+02   7.459436E-01
  1.487000000000E+01   4.931992E+00   2.500826E-05   6.330404E+01   3.050966E-16  -3.974917E-20  -1.006181E-13   1.200000E+02   7.463307E-01
  1.487500000000E+01   4.931992E+00   2.934387E-05   6.345880E+01   3.050960E-16  -1.844678E-19  -3.989285E-13   1.200000E+02   7.467170E-01
  1.488000000000E+01   4.931992E+00   3.301977E-05   6.357338E+01   3.050946E-16  -3.442104E-19  -6.627126E-13   1.200000E+02   7.471025E-01
  1.488500000000E+01   4.931992E+00   3.526415E-05   6.363779E+01   3.050927E-16  -4.004158E-19  -7.225915E-13   1.200000E+02   7.474873E-01
  1.489000000000E+01   4.931992E+00   3.555040E-05   6.364683E+01   3.050908E-16  -3.513392E-19  -6.290120E-13   1.200000E+02   7.478717E-01
  1.489500000000E+01   4.931992E+00   3.383359E-05   6.360058E+01   3.050893E-16  -2.162136E-19  -4.064397E-13   1.200000E+02   7.482558E-01
  1.490000000000E+01   4.931993E+00   3.056921E-05   6.350445E+01   3.050887E-16  -3.422983E-20  -7.110902E-14   1.200000E+02   7.486398E-01
  1.490500000000E+01   4.931993E+00   2.650222E-05   6.336867E+01   3.050889E-16   1.180466E-19   2.822577E-13   1.200000E+02   7.490239E-01
  1.491000000000E+01   4.931993E+00   2.237426E-05   6.320740E+01   3.050898E-16   2.047627E-19   5.784556E-13   1.200000E+02   7.494081E-01
  1.491500000000E+01   4.931993E+00   1.871914E-05   6.303745E+01   3.050908E-16   2.160895E-19   7.276899E-13   1.200000E+02   7.497923E-01
  1.492000000000E+01   4.931993E+00   1.581217E-05   6.287670E+01   3.050919E-16   1.873408E-19   7.449559E-13   1.200000E+02   7.501766E-01
  1.492500000000E+01   4.931993E+00   1.373097E-05   6.274250E+01   3.050926E-16   1.323252E-19   6.046488E-13   1.200000E+02   7.505609E-01
  1.493000000000E+01   4.931993E+00   1.245203E-05   6.264991E+01   3.050931E-16   6.196425E-20   3.117607E-13   1.200000E+02   7.509449E-01
  1.493500000000E+01   4.931993E+00   1.193331E-05   6.261034E+01   3.050933E-16  -6.829202E-21  -3.583068E-14   1.200000E+02   7.513288E-01
  1.494000000000E+01   4.931993E+00   1.216814E-05   6.263032E+01   3.050931E-16  -7.255128E-20  -3.734266E-13   1.200000E+02   7.517122E-01
  1.494500000000E+01   4.931993E+00   1.321559E-05   6.271086E+01   3.050926E-16  -1.313285E-19  -6.231825E-13   1.200000E+02   7.520953E-01
  1.495000000000E+01   4.931993E+00   1.521326E-05   6.284727E+01   3.050918E-16  -1.920091E-19  -7.932060E-13   1.200000E+02   7.524779E-01
  1.495500000000E+01   4.931993E+00   1.836951E-05   6.302952E+01   3.050907E-16  -2.358979E-19  -8.094135E-13   1.200000E+02   7.528599E-01
  1.496000000000E+01   4.931994E+00   2.291805E-05   6.324316E+01   3.050895E-16  -2.405733E-19  -6.638706E-13   1.200000E+02   7.532411E-01
  1.496500000000E+01   4.931994E+00   2.900851E-05   6.347066E+01   3.050884E-16  -1.771003E-19  -3.874956E-13   1.200000E+02   7.536214E-01
  1.497000000000E+01   4.931994E+00   3.652041E-05   6.369299E+01   3.050878E-16  -2.069202E-20  -3.608767E-14   1.200000E+02   7.540007E-01
  1.497500000000E+01   4.931994E+00   4.484576E-05   6.389139E+01   3.050883E-16   2.060279E-19   2.935262E-13   1.200000E+02   7.543787E-01
  1.498000000000E+01   4.931994E+00   5.278117E-05   6.404905E+01   3.050900E-16   4.882578E-19   5.924925E-13   1.200000E+02   7.547555E-01
  1.498500000000E+01   4.931995E+00   5.871588E-05   6.415259E+01   3.050931E-16   7.171912E-19   7.835984E-13   1.200000E+02   7.551312E-01
  1.499000000000E+01   4.931995E+00   6.117335E-05   6.419319E+01   3.050969E-16   7.992212E-19   8.386751E-13   1.200000E+02   7.555061E-01
  1.499500000000E+01   4.931995E+00   5.946941E-05   6.416731E+01   3.051007E-16   6.953209E-19   7.502492E-13   1.200000E+02   7.558806E-01
  1.500000000000E+01   4.931995E+00   5.405507E-05   6.407691E+01   3.051037E-16   4.900310E-19   5.808832E-13   1.200000E+02   7.562552E-01
