# SCEC TPV101 on-fault time series
# problem=TPV101
# author=Gauss T. Chang, National Taiwan University
# date=2026-08-26
# code=Tatva
# code_version=TPV101-validation-1
# element_size=100 m
# time_step=5.000000000000e-03
# internal_time_step=1.000000000000e-03
# num_time_steps=3001
# location=on fault, 12 km along strike, 3 km down-dip
# Column #1 = Time (s)
# Column #2 = horizontal slip (m)
# Column #3 = horizontal slip rate (m/s)
# Column #4 = horizontal shear stress (MPa)
# Column #5 = vertical slip (m)
# Column #6 = vertical slip rate (m/s)
# Column #7 = vertical shear stress (MPa)
# Column #8 = normal stress, positive in compression (MPa)
# Column #9 = log10 of state variable (log-seconds)
t h-slip h-slip-rate h-shear-stress v-slip v-slip-rate v-shear-stress n-stress log-theta
  0.000000000000E+00   0.000000E+00   1.000000E-12   7.500000E+01   0.000000E+00   0.000000E+00   0.000000E+00   1.200000E+02   9.205810E+00
  5.000000000000E-03   5.000356E-15   1.000089E-12   7.500009E+01   4.218593E-46   2.917547E-44   2.187968E-30   1.200000E+02   9.205810E+00
  1.000000000000E-02   1.000080E-14   1.000089E-12   7.500009E+01   3.239955E-47  -1.077686E-43  -8.081936E-30   1.200000E+02   9.205810E+00
  1.500000000000E-02   1.500124E-14   1.000089E-12   7.500009E+01   8.212375E-47  -3.796643E-44  -2.847232E-30   1.200000E+02   9.205810E+00
  2.000000000000E-02   2.000169E-14   1.000089E-12   7.500009E+01  -2.424706E-45  -3.979989E-43  -2.984730E-29   1.200000E+02   9.205810E+00
  2.500000000000E-02   2.500213E-14   1.000089E-12   7.500009E+01  -7.428393E-45  -9.898422E-43  -7.423165E-29   1.200000E+02   9.205810E+00
  3.000000000000E-02   3.000258E-14   1.000089E-12   7.500009E+01  -1.204528E-44  -8.207011E-43  -6.154718E-29   1.200000E+02   9.205810E+00
  3.500000000000E-02   3.500302E-14   1.000089E-12   7.500009E+01  -1.638759E-44  -2.111144E-42  -1.583219E-28   1.200000E+02   9.205810E+00
  4.000000000000E-02   4.000347E-14   1.000089E-12   7.500009E+01  -2.238612E-44   3.667680E-43   2.750518E-29   1.200000E+02   9.205810E+00
  4.500000000000E-02   4.500391E-14   1.000089E-12   7.500009E+01  -1.459652E-44   2.049574E-42   1.537046E-28   1.200000E+02   9.205810E+00
  5.000000000000E-02   5.000436E-14   1.000089E-12   7.500009E+01  -5.333846E-45   3.429853E-42   2.572164E-28   1.200000E+02   9.205810E+00
  5.500000000000E-02   5.500480E-14   1.000089E-12   7.500009E+01   1.822058E-44   4.290075E-42   3.217274E-28   1.200000E+02   9.205810E+00
  6.000000000000E-02   6.000525E-14   1.000089E-12   7.500009E+01   4.813760E-44   5.915581E-42   4.436297E-28   1.200000E+02   9.205810E+00
  6.500000000000E-02   6.500569E-14   1.000089E-12   7.500009E+01   7.153648E-44   5.243309E-42   3.932136E-28   1.200000E+02   9.205810E+00
  7.000000000000E-02   7.000613E-14   1.000089E-12   7.500009E+01   9.504817E-44   3.350154E-42   2.512395E-28   1.200000E+02   9.205810E+00
  7.500000000000E-02   7.500658E-14   1.000089E-12   7.500009E+01   1.075428E-43   1.859698E-42   1.394651E-28   1.200000E+02   9.205810E+00
  8.000000000000E-02   8.000702E-14   1.000089E-12   7.500009E+01   1.148022E-43   3.147798E-42   2.360641E-28   1.200000E+02   9.205810E+00
  8.500000000000E-02   8.500747E-14   1.000089E-12   7.500009E+01   1.212024E-43   2.893681E-43   2.170071E-29   1.200000E+02   9.205810E+00
  9.000000000000E-02   9.000791E-14   1.000089E-12   7.500009E+01   1.247113E-43   7.786402E-43   5.839289E-29   1.200000E+02   9.205810E+00
  9.500000000000E-02   9.500836E-14   1.000089E-12   7.500009E+01   1.326221E-43   1.625506E-43   1.219023E-29   1.200000E+02   9.205810E+00
  1.000000000000E-01   1.000088E-13   1.000089E-12   7.500009E+01   1.414089E-43   5.284428E-42   3.962973E-28   1.200000E+02   9.205810E+00
  1.050000000000E-01   1.050092E-13   1.000089E-12   7.500009E+01   1.668948E-43   4.530398E-42   3.397500E-28   1.200000E+02   9.205810E+00
  1.100000000000E-01   1.100097E-13   1.000089E-12   7.500009E+01   1.854719E-43   8.721682E-42   6.540687E-28   1.200000E+02   9.205810E+00
  1.150000000000E-01   1.150101E-13   1.000089E-12   7.500009E+01   2.356734E-43   9.945716E-42   7.458632E-28   1.200000E+02   9.205810E+00
  1.200000000000E-01   1.200106E-13   1.000089E-12   7.500009E+01   2.795999E-43   6.111413E-42   4.583157E-28   1.200000E+02   9.205810E+00
  1.250000000000E-01   1.250110E-13   1.000089E-12   7.500009E+01   3.001381E-43   5.850421E-43   4.387431E-29   1.200000E+02   9.205810E+00
  1.300000000000E-01   1.300115E-13   1.000089E-12   7.500009E+01   3.413040E-43   1.054617E-41   7.908935E-28   1.200000E+02   9.205810E+00
  1.350000000000E-01   1.350119E-13   1.000089E-12   7.500009E+01   3.896922E-43   1.267334E-41   9.504173E-28   1.200000E+02   9.205810E+00
  1.400000000000E-01   1.400124E-13   1.000089E-12   7.500009E+01   4.363092E-43   5.703985E-42   4.277614E-28   1.200000E+02   9.205810E+00
  1.450000000000E-01   1.450128E-13   1.000089E-12   7.500009E+01   4.414289E-43  -1.659313E-42  -1.244375E-28   1.200000E+02   9.205810E+00
  1.500000000000E-01   1.500132E-13   1.000089E-12   7.500009E+01   4.483963E-43   2.573134E-42   1.929681E-28   1.200000E+02   9.205810E+00
  1.550000000000E-01   1.550137E-13   1.000089E-12   7.500009E+01   4.869555E-43  -1.153444E-42  -8.650069E-29   1.200000E+02   9.205810E+00
  1.600000000000E-01   1.600141E-13   1.000089E-12   7.500009E+01   4.530202E-43  -8.037147E-42  -6.027332E-28   1.200000E+02   9.205810E+00
  1.650000000000E-01   1.650146E-13   1.000089E-12   7.500009E+01   4.137089E-43  -1.562728E-41  -1.171943E-27   1.200000E+02   9.205810E+00
  1.700000000000E-01   1.700150E-13   1.000089E-12   7.500009E+01   3.903044E-43  -6.005265E-42  -4.503553E-28   1.200000E+02   9.205810E+00
  1.750000000000E-01   1.750155E-13   1.000089E-12   7.500009E+01   3.792851E-43   2.595336E-42   1.946331E-28   1.200000E+02   9.205810E+00
  1.800000000000E-01   1.800159E-13   1.000089E-12   7.500009E+01   3.979423E-43   4.262049E-42   3.196256E-28   1.200000E+02   9.205810E+00
  1.850000000000E-01   1.850164E-13   1.000089E-12   7.500009E+01   3.873967E-43  -7.759165E-42  -5.818863E-28   1.200000E+02   9.205810E+00
  1.900000000000E-01   1.900168E-13   1.000089E-12   7.500009E+01   3.628372E-43   1.864866E-42   1.398526E-28   1.200000E+02   9.205810E+00
  1.950000000000E-01   1.950172E-13   1.000089E-12   7.500009E+01   3.369838E-43  -2.791036E-42  -2.093093E-28   1.200000E+02   9.205810E+00
  2.000000000000E-01   2.000177E-13   1.000089E-12   7.500009E+01   3.278609E-43  -5.282195E-42  -3.961298E-28   1.200000E+02   9.205810E+00
  2.050000000000E-01   2.050181E-13   1.000089E-12   7.500009E+01   3.186813E-43  -3.503246E-43  -2.627204E-29   1.200000E+02   9.205810E+00
  2.100000000000E-01   2.100186E-13   1.000089E-12   7.500009E+01   3.248838E-43   2.627818E-42   1.970690E-28   1.200000E+02   9.205810E+00
  2.150000000000E-01   2.150190E-13   1.000089E-12   7.500009E+01   3.757783E-43   1.433388E-41   1.074947E-27   1.200000E+02   9.205810E+00
  2.200000000000E-01   2.200195E-13   1.000089E-12   7.500009E+01   4.263950E-43   1.259487E-41   9.445324E-28   1.200000E+02   9.205810E+00
  2.250000000000E-01   2.250199E-13   1.000089E-12   7.500009E+01   4.784441E-43   7.987401E-42   5.990025E-28   1.200000E+02   9.205810E+00
  2.300000000000E-01   2.300204E-13   1.000089E-12   7.500009E+01   4.786809E-43  -1.276127E-41  -9.570116E-28   1.200000E+02   9.205810E+00
  2.350000000000E-01   2.350208E-13   1.000089E-12   7.500009E+01   4.821815E-43  -9.252423E-42  -6.938709E-28   1.200000E+02   9.205810E+00
  2.400000000000E-01   2.400212E-13   1.000089E-12   7.500009E+01   4.683321E-43   4.404982E-42   3.303446E-28   1.200000E+02   9.205810E+00
  2.450000000000E-01   2.450217E-13   1.000089E-12   7.500009E+01   5.297506E-43   2.865375E-41   2.148843E-27   1.200000E+02   9.205810E+00
  2.500000000000E-01   2.500221E-13   1.000089E-12   7.500009E+01   7.074129E-43   3.565464E-41   2.673863E-27   1.200000E+02   9.205810E+00
  2.550000000000E-01   2.550226E-13   1.000089E-12   7.500009E+01   9.122491E-43   4.345987E-41   3.259204E-27   1.200000E+02   9.205810E+00
  2.600000000000E-01   2.600230E-13   1.000089E-12   7.500009E+01   1.118184E-42   4.247336E-41   3.185222E-27   1.200000E+02   9.205810E+00
  2.650000000000E-01   2.650235E-13   1.000089E-12   7.500009E+01   1.333900E-42   3.884119E-41   2.912834E-27   1.200000E+02   9.205810E+00
  2.700000000000E-01   2.700239E-13   1.000089E-12   7.500009E+01   1.524796E-42   2.733653E-41   2.050060E-27   1.200000E+02   9.205810E+00
  2.750000000000E-01   2.750244E-13   1.000089E-12   7.500009E+01   1.689800E-42   1.702928E-41   1.277084E-27   1.200000E+02   9.205810E+00
  2.800000000000E-01   2.800248E-13   1.000089E-12   7.500009E+01   1.777971E-42   1.336418E-41   1.002226E-27   1.200000E+02   9.205810E+00
  2.850000000000E-01   2.850252E-13   1.000089E-12   7.500009E+01   1.814354E-42   1.814121E-41   1.360471E-27   1.200000E+02   9.205810E+00
  2.900000000000E-01   2.900257E-13   1.000089E-12   7.500009E+01   1.830011E-42  -1.545457E-41  -1.158991E-27   1.200000E+02   9.205810E+00
  2.950000000000E-01   2.950261E-13   1.000089E-12   7.500009E+01   1.727266E-42  -4.065727E-41  -3.049028E-27   1.200000E+02   9.205810E+00
  3.000000000000E-01   3.000266E-13   1.000089E-12   7.500009E+01   1.593486E-42  -2.061310E-41  -1.545847E-27   1.200000E+02   9.205810E+00
  3.050000000000E-01   3.050270E-13   1.000089E-12   7.500009E+01   1.446943E-42  -2.386411E-41  -1.789651E-27   1.200000E+02   9.205810E+00
  3.100000000000E-01   3.100275E-13   1.000089E-12   7.500009E+01   1.391488E-42  -1.330883E-42  -9.980748E-29   1.200000E+02   9.205810E+00
  3.150000000000E-01   3.150279E-13   1.000089E-12   7.500009E+01   1.387526E-42  -2.056230E-42  -1.542037E-28   1.200000E+02   9.205810E+00
  3.200000000000E-01   3.200284E-13   1.000089E-12   7.500009E+01   1.318280E-42  -5.568760E-42  -4.176204E-28   1.200000E+02   9.205810E+00
  3.250000000000E-01   3.250288E-13   1.000089E-12   7.500009E+01   1.359705E-42  -2.177443E-42  -1.632939E-28   1.200000E+02   9.205810E+00
  3.300000000000E-01   3.300292E-13   1.000089E-12   7.500009E+01   1.308144E-42  -5.704336E-42  -4.277876E-28   1.200000E+02   9.205810E+00
  3.350000000000E-01   3.350297E-13   1.000089E-12   7.500009E+01   1.286021E-42  -2.936561E-41  -2.202228E-27   1.200000E+02   9.205810E+00
  3.400000000000E-01   3.400301E-13   1.000089E-12   7.500009E+01   1.129240E-42  -2.121286E-41  -1.590825E-27   1.200000E+02   9.205810E+00
  3.450000000000E-01   3.450306E-13   1.000089E-12   7.500009E+01   9.861954E-43  -4.137474E-41  -3.102833E-27   1.200000E+02   9.205810E+00
  3.500000000000E-01   3.500310E-13   1.000089E-12   7.500009E+01   8.734329E-43  -2.689232E-41  -2.016747E-27   1.200000E+02   9.205810E+00
  3.550000000000E-01   3.550315E-13   1.000089E-12   7.500009E+01   8.224451E-43   9.049761E-43   6.786725E-29   1.200000E+02   9.205810E+00
  3.600000000000E-01   3.600319E-13   1.000089E-12   7.500009E+01   9.725995E-43   2.647753E-41   1.985641E-27   1.200000E+02   9.205810E+00
  3.650000000000E-01   3.650324E-13   1.000089E-12   7.500009E+01   1.168675E-42   5.331660E-41   3.998394E-27   1.200000E+02   9.205810E+00
  3.700000000000E-01   3.700328E-13   1.000089E-12   7.500009E+01   1.466226E-42   7.569814E-41   5.676863E-27   1.200000E+02   9.205810E+00
  3.750000000000E-01   3.750332E-13   1.000089E-12   7.500009E+01   1.953643E-42   8.960463E-41   6.719757E-27   1.200000E+02   9.205810E+00
  3.800000000000E-01   3.800337E-13   1.000089E-12   7.500009E+01   2.302084E-42   7.401658E-41   5.550757E-27   1.200000E+02   9.205810E+00
  3.850000000000E-01   3.850341E-13   1.000089E-12   7.500009E+01   2.709537E-42   8.151633E-41   6.113189E-27   1.200000E+02   9.205810E+00
  3.900000000000E-01   3.900346E-13   1.000089E-12   7.500009E+01   3.002251E-42   4.828314E-41   3.620918E-27   1.200000E+02   9.205810E+00
  3.950000000000E-01   3.950350E-13   1.000089E-12   7.500009E+01   3.103981E-42   1.025260E-41   7.688775E-28   1.200000E+02   9.205810E+00
  4.000000000000E-01   4.000355E-13   1.000089E-12   7.500009E+01   3.081316E-42   4.270983E-42   3.202956E-28   1.200000E+02   9.205810E+00
  4.050000000000E-01   4.050359E-13   1.000089E-12   7.500009E+01   3.064844E-42   7.545817E-42   5.658866E-28   1.200000E+02   9.205810E+00
  4.100000000000E-01   4.100364E-13   1.000089E-12   7.500009E+01   3.109153E-42   1.073114E-41   8.047651E-28   1.200000E+02   9.205810E+00
  4.150000000000E-01   4.150368E-13   1.000089E-12   7.500009E+01   3.204195E-42   4.841206E-41   3.630586E-27   1.200000E+02   9.205810E+00
  4.200000000000E-01   4.200372E-13   1.000089E-12   7.500009E+01   3.500256E-42   4.314037E-41   3.235244E-27   1.200000E+02   9.205810E+00
  4.250000000000E-01   4.250377E-13   1.000089E-12   7.500009E+01   3.801389E-42   5.021413E-41   3.765729E-27   1.200000E+02   9.205810E+00
  4.300000000000E-01   4.300381E-13   1.000089E-12   7.500009E+01   3.978101E-42   1.471854E-41   1.103794E-27   1.200000E+02   9.205810E+00
  4.350000000000E-01   4.350386E-13   1.000089E-12   7.500009E+01   4.044987E-42  -1.287653E-41  -9.656551E-28   1.200000E+02   9.205810E+00
  4.400000000000E-01   4.400390E-13   1.000089E-12   7.500009E+01   3.904945E-42  -3.596853E-41  -2.697403E-27   1.200000E+02   9.205810E+00
  4.450000000000E-01   4.450395E-13   1.000089E-12   7.500009E+01   3.663630E-42  -7.638198E-41  -5.728146E-27   1.200000E+02   9.205810E+00
  4.500000000000E-01   4.500399E-13   1.000089E-12   7.500009E+01   3.229149E-42  -9.351145E-41  -7.012743E-27   1.200000E+02   9.205810E+00
  4.550000000000E-01   4.550404E-13   1.000089E-12   7.500009E+01   2.619865E-42  -1.110277E-40  -8.326345E-27   1.200000E+02   9.205810E+00
  4.600000000000E-01   4.600408E-13   1.000089E-12   7.500009E+01   2.039055E-42  -1.242335E-40  -9.316696E-27   1.200000E+02   9.205810E+00
  4.650000000000E-01   4.650412E-13   1.000089E-12   7.500009E+01   1.528466E-42  -8.980642E-41  -6.734890E-27   1.200000E+02   9.205810E+00
  4.700000000000E-01   4.700417E-13   1.000089E-12   7.500009E+01   1.200405E-42  -4.217068E-41  -3.162523E-27   1.200000E+02   9.205810E+00
  4.750000000000E-01   4.750421E-13   1.000089E-12   7.500009E+01   1.080073E-42   3.150960E-41   2.363012E-27   1.200000E+02   9.205810E+00
  4.800000000000E-01   4.800426E-13   1.000089E-12   7.500009E+01   1.336399E-42   5.405088E-41   4.053461E-27   1.200000E+02   9.205810E+00
  4.850000000000E-01   4.850430E-13   1.000089E-12   7.500009E+01   1.838187E-42   1.122720E-40   8.419664E-27   1.200000E+02   9.205810E+00
  4.900000000000E-01   4.900435E-13   1.000089E-12   7.500009E+01   2.495654E-42   1.590306E-40   1.192625E-26   1.200000E+02   9.205810E+00
  4.950000000000E-01   4.950439E-13   1.000089E-12   7.500009E+01   3.326321E-42   1.469794E-40   1.102249E-26   1.200000E+02   9.205810E+00
  5.000000000000E-01   5.000444E-13   1.000089E-12   7.500009E+01   3.966681E-42   1.010504E-40   7.578118E-27   1.200000E+02   9.205810E+00
  5.050000000000E-01   5.050448E-13   1.000089E-12   7.500009E+01   4.373214E-42   3.787990E-41   2.840743E-27   1.200000E+02   9.205810E+00
  5.100000000000E-01   5.100453E-13   1.000089E-12   7.500009E+01   4.337857E-42  -3.155444E-41  -2.366375E-27   1.200000E+02   9.205810E+00
  5.150000000000E-01   5.150457E-13   1.000089E-12   7.500009E+01   4.017010E-42  -8.666190E-41  -6.499072E-27   1.200000E+02   9.205810E+00
  5.200000000000E-01   5.200461E-13   1.000089E-12   7.500009E+01   3.536780E-42  -6.935306E-41  -5.201023E-27   1.200000E+02   9.205810E+00
  5.250000000000E-01   5.250466E-13   1.000089E-12   7.500009E+01   3.197890E-42  -7.577662E-41  -5.682747E-27   1.200000E+02   9.205810E+00
  5.300000000000E-01   5.300470E-13   1.000089E-12   7.500009E+01   2.857262E-42  -4.456690E-41  -3.342224E-27   1.200000E+02   9.205810E+00
  5.350000000000E-01   5.350475E-13   1.000089E-12   7.500009E+01   2.730673E-42   1.311055E-41   9.832048E-28   1.200000E+02   9.205810E+00
  5.400000000000E-01   5.400479E-13   1.000089E-12   7.500009E+01   2.843497E-42   2.361048E-41   1.770630E-27   1.200000E+02   9.205810E+00
  5.450000000000E-01   5.450484E-13   1.000089E-12   7.500009E+01   3.028087E-42   4.501811E-41   3.376062E-27   1.200000E+02   9.205810E+00
  5.500000000000E-01   5.500488E-13   1.000089E-12   7.500009E+01   3.244812E-42   5.013285E-41   3.759634E-27   1.200000E+02   9.205810E+00
  5.550000000000E-01   5.550493E-13   1.000089E-12   7.500009E+01   3.646133E-42   8.097263E-41   6.072414E-27   1.200000E+02   9.205810E+00
  5.600000000000E-01   5.600497E-13   1.000089E-12   7.500009E+01   4.095748E-42   7.924063E-41   5.942525E-27   1.200000E+02   9.205810E+00
  5.650000000000E-01   5.650501E-13   1.000089E-12   7.500009E+01   4.447698E-42   6.815355E-41   5.111068E-27   1.200000E+02   9.205810E+00
  5.700000000000E-01   5.700506E-13   1.000089E-12   7.500009E+01   4.606943E-42   1.065898E-41   7.993531E-28   1.200000E+02   9.205810E+00
  5.750000000000E-01   5.750510E-13   1.000089E-12   7.500009E+01   4.633035E-42  -1.277949E-41  -9.583778E-28   1.200000E+02   9.205810E+00
  5.800000000000E-01   5.800515E-13   1.000089E-12   7.500009E+01   4.393034E-42  -8.866296E-41  -6.649138E-27   1.200000E+02   9.205810E+00
  5.850000000000E-01   5.850519E-13   1.000089E-12   7.500009E+01   3.780925E-42  -1.423831E-40  -1.067780E-26   1.200000E+02   9.205810E+00
  5.900000000000E-01   5.900524E-13   1.000089E-12   7.500009E+01   3.035523E-42  -1.149401E-40  -8.619751E-27   1.200000E+02   9.205810E+00
  5.950000000000E-01   5.950528E-13   1.000089E-12   7.500009E+01   2.584148E-42  -9.350584E-41  -7.012323E-27   1.200000E+02   9.205810E+00
  6.000000000000E-01   6.000533E-13   1.000089E-12   7.500009E+01   2.235012E-42  -3.164973E-41  -2.373521E-27   1.200000E+02   9.205810E+00
  6.050000000000E-01   6.050537E-13   1.000089E-12   7.500009E+01   2.293987E-42   2.971594E-41   2.228500E-27   1.200000E+02   9.205810E+00
  6.100000000000E-01   6.100541E-13   1.000089E-12   7.500009E+01   2.633426E-42   7.875297E-41   5.905955E-27   1.200000E+02   9.205810E+00
  6.150000000000E-01   6.150546E-13   1.000089E-12   7.500009E+01   3.197264E-42   1.234488E-40   9.257847E-27   1.200000E+02   9.205810E+00
  6.200000000000E-01   6.200550E-13   1.000089E-12   7.500009E+01   3.819059E-42   1.340426E-40   1.005231E-26   1.200000E+02   9.205810E+00
  6.250000000000E-01   6.250555E-13   1.000089E-12   7.500009E+01   4.445025E-42   1.093685E-40   8.201921E-27   1.200000E+02   9.205810E+00
  6.300000000000E-01   6.300559E-13   1.000089E-12   7.500009E+01   5.050678E-42   9.793395E-41   7.344401E-27   1.200000E+02   9.205810E+00
  6.350000000000E-01   6.350564E-13   1.000089E-12   7.500009E+01   5.568911E-42   1.318678E-40   9.889216E-27   1.200000E+02   9.205810E+00
  6.400000000000E-01   6.400568E-13   1.000089E-12   7.500009E+01   6.198487E-42   1.297827E-40   9.732845E-27   1.200000E+02   9.205810E+00
  6.450000000000E-01   6.450573E-13   1.000089E-12   7.500009E+01   6.564820E-42   6.217281E-41   4.662552E-27   1.200000E+02   9.205810E+00
  6.500000000000E-01   6.500577E-13   1.000089E-12   7.500009E+01   6.470042E-42  -4.651610E-41  -3.488402E-27   1.200000E+02   9.205810E+00
  6.550000000000E-01   6.550581E-13   1.000089E-12   7.500009E+01   6.225616E-42  -1.002769E-40  -7.520109E-27   1.200000E+02   9.205810E+00
  6.600000000000E-01   6.600586E-13   1.000089E-12   7.500009E+01   5.684008E-42  -1.621022E-40  -1.215660E-26   1.200000E+02   9.205810E+00
  6.650000000000E-01   6.650590E-13   1.000089E-12   7.500009E+01   4.844216E-42  -1.496699E-40  -1.122426E-26   1.200000E+02   9.205810E+00
  6.700000000000E-01   6.700595E-13   1.000089E-12   7.500009E+01   4.150001E-42  -1.467328E-40  -1.100399E-26   1.200000E+02   9.205810E+00
  6.750000000000E-01   6.750599E-13   1.000089E-12   7.500009E+01   3.601544E-42  -8.082129E-41  -6.061065E-27   1.200000E+02   9.205810E+00
  6.800000000000E-01   6.800604E-13   1.000089E-12   7.500009E+01   3.399417E-42   6.722379E-42   5.041342E-28   1.200000E+02   9.205810E+00
  6.850000000000E-01   6.850608E-13   1.000089E-12   7.500009E+01   3.353360E-42   3.832026E-42   2.873767E-28   1.200000E+02   9.205810E+00
  6.900000000000E-01   6.900613E-13   1.000089E-12   7.500009E+01   3.452070E-42   5.163224E-41   3.872078E-27   1.200000E+02   9.205810E+00
  6.950000000000E-01   6.950617E-13   1.000089E-12   7.500009E+01   4.029842E-42   1.338632E-40   1.003886E-26   1.200000E+02   9.205810E+00
  7.000000000000E-01   7.000621E-13   1.000089E-12   7.500009E+01   4.827260E-42   2.002624E-40   1.501836E-26   1.200000E+02   9.205810E+00
  7.050000000000E-01   7.050626E-13   1.000089E-12   7.500009E+01   5.715145E-42   1.683016E-40   1.262151E-26   1.200000E+02   9.205810E+00
  7.100000000000E-01   7.100630E-13   1.000089E-12   7.500009E+01   6.606169E-42   1.849938E-40   1.387332E-26   1.200000E+02   9.205810E+00
  7.150000000000E-01   7.150635E-13   1.000089E-12   7.500009E+01   7.552998E-42   2.124593E-40   1.593305E-26   1.200000E+02   9.205810E+00
  7.200000000000E-01   7.200639E-13   1.000089E-12   7.500009E+01   8.511980E-42   1.400290E-40   1.050125E-26   1.200000E+02   9.205810E+00
  7.250000000000E-01   7.250644E-13   1.000089E-12   7.500009E+01   9.126511E-42   8.015427E-41   6.011043E-27   1.200000E+02   9.205810E+00
  7.300000000000E-01   7.300648E-13   1.000089E-12   7.500009E+01   9.437117E-42  -2.976358E-42  -2.232073E-28   1.200000E+02   9.205810E+00
  7.350000000000E-01   7.350653E-13   1.000089E-12   7.500009E+01   9.213862E-42  -9.843281E-41  -7.381813E-27   1.200000E+02   9.205810E+00
  7.400000000000E-01   7.400657E-13   1.000089E-12   7.500009E+01   8.650069E-42  -1.667209E-40  -1.250297E-26   1.200000E+02   9.205810E+00
  7.450000000000E-01   7.450661E-13   1.000089E-12   7.500009E+01   7.675909E-42  -2.442295E-40  -1.831561E-26   1.200000E+02   9.205810E+00
  7.500000000000E-01   7.500666E-13   1.000089E-12   7.500009E+01   6.329183E-42  -2.918737E-40  -2.188860E-26   1.200000E+02   9.205810E+00
  7.550000000000E-01   7.550670E-13   1.000089E-12   7.500009E+01   5.074606E-42  -2.284453E-40  -1.713189E-26   1.200000E+02   9.205810E+00
  7.600000000000E-01   7.600675E-13   1.000089E-12   7.500009E+01   3.939801E-42  -1.941751E-40  -1.456186E-26   1.200000E+02   9.205810E+00
  7.650000000000E-01   7.650679E-13   1.000089E-12   7.500009E+01   3.198906E-42  -1.194467E-40  -8.957715E-27   1.200000E+02   9.205810E+00
  7.700000000000E-01   7.700684E-13   1.000089E-12   7.500009E+01   2.760838E-42  -5.751489E-41  -4.313239E-27   1.200000E+02   9.205810E+00
  7.750000000000E-01   7.750688E-13   1.000089E-12   7.500009E+01   2.737580E-42   2.807922E-41   2.105757E-27   1.200000E+02   9.205810E+00
  7.800000000000E-01   7.800693E-13   1.000089E-12   7.500009E+01   2.916277E-42   5.391356E-41   4.043162E-27   1.200000E+02   9.205810E+00
  7.850000000000E-01   7.850697E-13   1.000089E-12   7.500009E+01   3.334172E-42   1.184714E-40   8.884574E-27   1.200000E+02   9.205810E+00
  7.900000000000E-01   7.900701E-13   1.000089E-12   7.500009E+01   4.163808E-42   2.008005E-40   1.505871E-26   1.200000E+02   9.205810E+00
  7.950000000000E-01   7.950706E-13   1.000089E-12   7.500009E+01   5.119359E-42   2.179299E-40   1.634331E-26   1.200000E+02   9.205810E+00
  8.000000000000E-01   8.000710E-13   1.000089E-12   7.500009E+01   6.260083E-42   2.160242E-40   1.620039E-26   1.200000E+02   9.205810E+00
  8.050000000000E-01   8.050715E-13   1.000089E-12   7.500009E+01   7.180456E-42   1.580889E-40   1.185563E-26   1.200000E+02   9.205810E+00
  8.100000000000E-01   8.100719E-13   1.000089E-12   7.500009E+01   7.824134E-42   1.034158E-40   7.755506E-27   1.200000E+02   9.205810E+00
  8.150000000000E-01   8.150724E-13   1.000089E-12   7.500009E+01   8.183354E-42   3.940171E-41   2.954869E-27   1.200000E+02   9.205810E+00
  8.200000000000E-01   8.200728E-13   1.000089E-12   7.500009E+01   8.052652E-42  -7.579063E-41  -5.683798E-27   1.200000E+02   9.205810E+00
  8.250000000000E-01   8.250733E-13   1.000089E-12   7.500009E+01   7.528353E-42  -1.281235E-40  -9.608421E-27   1.200000E+02   9.205810E+00
  8.300000000000E-01   8.300737E-13   1.000089E-12   7.500009E+01   6.783446E-42  -1.868099E-40  -1.400951E-26   1.200000E+02   9.205810E+00
  8.350000000000E-01   8.350741E-13   1.000089E-12   7.500009E+01   5.637385E-42  -2.415839E-40  -1.811720E-26   1.200000E+02   9.205810E+00
  8.400000000000E-01   8.400746E-13   1.000089E-12   7.500009E+01   4.607778E-42  -1.870117E-40  -1.402465E-26   1.200000E+02   9.205810E+00
  8.450000000000E-01   8.450750E-13   1.000089E-12   7.500009E+01   3.686329E-42  -1.672029E-40  -1.253912E-26   1.200000E+02   9.205810E+00
  8.500000000000E-01   8.500755E-13   1.000089E-12   7.500009E+01   2.979133E-42  -1.371479E-40  -1.028519E-26   1.200000E+02   9.205810E+00
  8.550000000000E-01   8.550759E-13   1.000089E-12   7.500009E+01   2.576680E-42  -4.262750E-41  -3.196782E-27   1.200000E+02   9.205810E+00
  8.600000000000E-01   8.600764E-13   1.000089E-12   7.500009E+01   2.693068E-42   6.028386E-41   4.520893E-27   1.200000E+02   9.205810E+00
  8.650000000000E-01   8.650768E-13   1.000089E-12   7.500009E+01   3.318070E-42   1.694002E-40   1.270390E-26   1.200000E+02   9.205810E+00
  8.700000000000E-01   8.700773E-13   1.000089E-12   7.500009E+01   4.245460E-42   2.293645E-40   1.720083E-26   1.200000E+02   9.205810E+00
  8.750000000000E-01   8.750777E-13   1.000089E-12   7.500009E+01   5.770521E-42   3.397420E-40   2.547841E-26   1.200000E+02   9.205810E+00
  8.800000000000E-01   8.800781E-13   1.000089E-12   7.500009E+01   7.660996E-42   4.014216E-40   3.010398E-26   1.200000E+02   9.205810E+00
  8.850000000000E-01   8.850786E-13   1.000089E-12   7.500009E+01   9.480128E-42   2.900800E-40   2.175409E-26   1.200000E+02   9.205810E+00
  8.900000000000E-01   8.900790E-13   1.000089E-12   7.500009E+01   1.071246E-41   2.106208E-40   1.579517E-26   1.200000E+02   9.205810E+00
  8.950000000000E-01   8.950795E-13   1.000089E-12   7.500009E+01   1.150040E-41   6.621135E-41   4.965416E-27   1.200000E+02   9.205810E+00
  9.000000000000E-01   9.000799E-13   1.000089E-12   7.500009E+01   1.154171E-41  -6.546306E-41  -4.909299E-27   1.200000E+02   9.205810E+00
  9.050000000000E-01   9.050804E-13   1.000089E-12   7.500009E+01   1.099185E-41  -1.401411E-40  -1.050966E-26   1.200000E+02   9.205810E+00
  9.100000000000E-01   9.100808E-13   1.000089E-12   7.500009E+01   9.994440E-42  -2.177954E-40  -1.633322E-26   1.200000E+02   9.205810E+00
  9.150000000000E-01   9.150813E-13   1.000089E-12   7.500009E+01   8.845689E-42  -2.304407E-40  -1.728154E-26   1.200000E+02   9.205810E+00
  9.200000000000E-01   9.200817E-13   1.000089E-12   7.500009E+01   7.647388E-42  -2.097239E-40  -1.572791E-26   1.200000E+02   9.205810E+00
  9.250000000000E-01   9.250821E-13   1.000089E-12   7.500009E+01   6.525520E-42  -1.362735E-40  -1.021961E-26   1.200000E+02   9.205810E+00
  9.300000000000E-01   9.300826E-13   1.000089E-12   7.500009E+01   6.129995E-42  -5.706648E-41  -4.279610E-27   1.200000E+02   9.205810E+00
  9.350000000000E-01   9.350830E-13   1.000089E-12   7.500009E+01   6.233559E-42   9.060235E-41   6.794580E-27   1.200000E+02   9.205810E+00
  9.400000000000E-01   9.400835E-13   1.000089E-12   7.500009E+01   6.659655E-42   1.469570E-40   1.102081E-26   1.200000E+02   9.205810E+00
  9.450000000000E-01   9.450839E-13   1.000089E-12   7.500009E+01   7.632470E-42   2.213603E-40   1.660057E-26   1.200000E+02   9.205810E+00
  9.500000000000E-01   9.500844E-13   1.000089E-12   7.500009E+01   8.660507E-42   2.207101E-40   1.655181E-26   1.200000E+02   9.205810E+00
  9.550000000000E-01   9.550848E-13   1.000089E-12   7.500009E+01   9.795671E-42   1.586999E-40   1.190144E-26   1.200000E+02   9.205810E+00
  9.600000000000E-01   9.600853E-13   1.000089E-12   7.500009E+01   1.030449E-41   6.799100E-42   5.098878E-28   1.200000E+02   9.205810E+00
  9.650000000000E-01   9.650857E-13   1.000089E-12   7.500009E+01   9.818540E-42  -1.371030E-40  -1.028183E-26   1.200000E+02   9.205810E+00
  9.700000000000E-01   9.700861E-13   1.000089E-12   7.500009E+01   8.981707E-42  -2.021906E-40  -1.516296E-26   1.200000E+02   9.205810E+00
  9.750000000000E-01   9.750866E-13   1.000089E-12   7.500009E+01   7.834257E-42  -3.047208E-40  -2.285205E-26   1.200000E+02   9.205810E+00
  9.800000000000E-01   9.800870E-13   1.000089E-12   7.500009E+01   6.332155E-42  -3.142272E-40  -2.356497E-26   1.200000E+02   9.205810E+00
  9.850000000000E-01   9.850875E-13   1.000089E-12   7.500009E+01   4.998926E-42  -2.437587E-40  -1.828030E-26   1.200000E+02   9.205810E+00
  9.900000000000E-01   9.900879E-13   1.000089E-12   7.500009E+01   4.101467E-42  -1.094694E-40  -8.209487E-27   1.200000E+02   9.205810E+00
  9.950000000000E-01   9.950884E-13   1.000089E-12   7.500009E+01   3.886791E-42   5.566413E-41   4.174443E-27   1.200000E+02   9.205810E+00
  1.000000000000E+00   1.000089E-12   1.000089E-12   7.500009E+01   4.684500E-42   2.190958E-40   1.643074E-26   1.200000E+02   9.205810E+00
  1.005000000000E+00   1.005089E-12   1.000089E-12   7.500009E+01   6.175168E-42   3.721849E-40   2.791142E-26   1.200000E+02   9.205810E+00
  1.010000000000E+00   1.010090E-12   1.000089E-12   7.500009E+01   8.174115E-42   4.699395E-40   3.524237E-26   1.200000E+02   9.205810E+00
  1.015000000000E+00   1.015090E-12   1.000089E-12   7.500009E+01   1.055708E-41   5.054988E-40   3.790908E-26   1.200000E+02   9.205810E+00
  1.020000000000E+00   1.020091E-12   1.000089E-12   7.500009E+01   1.315251E-41   5.112385E-40   3.833952E-26   1.200000E+02   9.205810E+00
  1.025000000000E+00   1.025091E-12   1.000089E-12   7.500009E+01   1.547073E-41   4.389988E-40   3.292202E-26   1.200000E+02   9.205810E+00
  1.030000000000E+00   1.030091E-12   1.000089E-12   7.500009E+01   1.704507E-41   2.459783E-40   1.844676E-26   1.200000E+02   9.205810E+00
  1.035000000000E+00   1.035092E-12   1.000089E-12   7.500009E+01   1.778163E-41   4.583087E-41   3.437013E-27   1.200000E+02   9.205810E+00
  1.040000000000E+00   1.040092E-12   1.000089E-12   7.500009E+01   1.755884E-41  -1.282300E-40  -9.616408E-27   1.200000E+02   9.205810E+00
  1.045000000000E+00   1.045093E-12   1.000089E-12   7.500009E+01   1.654484E-41  -2.832865E-40  -2.124462E-26   1.200000E+02   9.205810E+00
  1.050000000000E+00   1.050093E-12   1.000089E-12   7.500009E+01   1.475387E-41  -4.536620E-40  -3.402166E-26   1.200000E+02   9.205810E+00
  1.055000000000E+00   1.055094E-12   1.000089E-12   7.500009E+01   1.247161E-41  -4.086411E-40  -3.064539E-26   1.200000E+02   9.205810E+00
  1.060000000000E+00   1.060094E-12   1.000089E-12   7.500009E+01   1.048096E-41  -3.544949E-40  -2.658478E-26   1.200000E+02   9.205810E+00
  1.065000000000E+00   1.065095E-12   1.000089E-12   7.500009E+01   8.973342E-42  -2.365616E-40  -1.774056E-26   1.200000E+02   9.205810E+00
  1.070000000000E+00   1.070095E-12   1.000089E-12   7.500009E+01   7.960282E-42  -8.529423E-41  -6.396506E-27   1.200000E+02   9.205810E+00
  1.075000000000E+00   1.075095E-12   1.000089E-12   7.500009E+01   7.883384E-42   8.316987E-41   6.237193E-27   1.200000E+02   9.205810E+00
  1.080000000000E+00   1.080096E-12   1.000089E-12   7.500009E+01   8.298320E-42   1.335381E-40   1.001448E-26   1.200000E+02   9.205810E+00
  1.085000000000E+00   1.085096E-12   1.000089E-12   7.500009E+01   9.050133E-42   2.075155E-40   1.556230E-26   1.200000E+02   9.205810E+00
  1.090000000000E+00   1.090097E-12   1.000089E-12   7.500009E+01   1.014252E-41   2.274139E-40   1.705455E-26   1.200000E+02   9.205810E+00
  1.095000000000E+00   1.095097E-12   1.000089E-12   7.500009E+01   1.117491E-41   2.223244E-40   1.667287E-26   1.200000E+02   9.205810E+00
  1.100000000000E+00   1.100098E-12   1.000089E-12   7.500009E+01   1.244087E-41   3.054158E-40   2.290418E-26   1.200000E+02   9.205810E+00
  1.105000000000E+00   1.105098E-12   1.000089E-12   7.500009E+01   1.382186E-41   3.418944E-40   2.563983E-26   1.200000E+02   9.205810E+00
  1.110000000000E+00   1.110099E-12   1.000089E-12   7.500009E+01   1.536163E-41   2.850802E-40   2.137914E-26   1.200000E+02   9.205810E+00
  1.115000000000E+00   1.115099E-12   1.000089E-12   7.500009E+01   1.628041E-41   1.573602E-40   1.180098E-26   1.200000E+02   9.205810E+00
  1.120000000000E+00   1.120099E-12   1.000089E-12   7.500009E+01   1.663027E-41   1.165110E-41   8.737555E-28   1.200000E+02   9.205810E+00
  1.125000000000E+00   1.125100E-12   1.000089E-12   7.500009E+01   1.624115E-41  -1.573546E-40  -1.180056E-26   1.200000E+02   9.205810E+00
  1.130000000000E+00   1.130100E-12   1.000089E-12   7.500009E+01   1.490016E-41  -3.307961E-40  -2.480753E-26   1.200000E+02   9.205810E+00
  1.135000000000E+00   1.135101E-12   1.000089E-12   7.500009E+01   1.258123E-41  -5.193997E-40  -3.895156E-26   1.200000E+02   9.205810E+00
  1.140000000000E+00   1.140101E-12   1.000089E-12   7.500009E+01   9.678187E-42  -5.723127E-40  -4.291969E-26   1.200000E+02   9.205810E+00
  1.145000000000E+00   1.145102E-12   1.000089E-12   7.500009E+01   6.467263E-42  -6.754931E-40  -5.065754E-26   1.200000E+02   9.205810E+00
  1.150000000000E+00   1.150102E-12   1.000089E-12   7.500009E+01   3.809145E-42  -4.297166E-40  -3.222592E-26   1.200000E+02   9.205810E+00
  1.155000000000E+00   1.155103E-12   1.000089E-12   7.500009E+01   2.316236E-42  -2.539153E-40  -1.904197E-26   1.200000E+02   9.205810E+00
  1.160000000000E+00   1.160103E-12   1.000089E-12   7.500009E+01   2.116752E-42   1.477753E-40   1.108218E-26   1.200000E+02   9.205810E+00
  1.165000000000E+00   1.165103E-12   1.000089E-12   7.500009E+01   3.409467E-42   3.434190E-40   2.575417E-26   1.200000E+02   9.205810E+00
  1.170000000000E+00   1.170104E-12   1.000089E-12   7.500009E+01   5.816337E-42   5.815501E-40   4.361243E-26   1.200000E+02   9.205810E+00
  1.175000000000E+00   1.175104E-12   1.000089E-12   7.500009E+01   8.631221E-42   5.248255E-40   3.935846E-26   1.200000E+02   9.205810E+00
  1.180000000000E+00   1.180105E-12   1.000089E-12   7.500009E+01   1.114002E-41   4.794459E-40   3.595528E-26   1.200000E+02   9.205810E+00
  1.185000000000E+00   1.185105E-12   1.000089E-12   7.500009E+01   1.306053E-41   2.536238E-40   1.902012E-26   1.200000E+02   9.205810E+00
  1.190000000000E+00   1.190106E-12   1.000089E-12   7.500009E+01   1.397584E-41   4.816823E-41   3.612300E-27   1.200000E+02   9.205810E+00
  1.195000000000E+00   1.195106E-12   1.000089E-12   7.500009E+01   1.399956E-41  -6.244186E-42  -4.682728E-28   1.200000E+02   9.205810E+00
  1.200000000000E+00   1.200107E-12   1.000089E-12   7.500009E+01   1.317182E-41  -3.629924E-40  -2.722204E-26   1.200000E+02   9.205810E+00
  1.205000000000E+00   1.205107E-12   1.000089E-12   7.500009E+01   1.161873E-41  -2.226159E-40  -1.669473E-26   1.200000E+02   9.205810E+00
  1.210000000000E+00   1.210107E-12   1.000089E-12   7.500009E+01   1.013663E-41  -3.715571E-40  -2.786434E-26   1.200000E+02   9.205810E+00
  1.215000000000E+00   1.215108E-12   1.000089E-12   7.500009E+01   8.608475E-42  -2.686906E-40  -2.015002E-26   1.200000E+02   9.205810E+00
  1.220000000000E+00   1.220108E-12   1.000089E-12   7.500009E+01   8.085251E-42   5.025582E-42   3.768856E-28   1.200000E+02   9.205810E+00
  1.225000000000E+00   1.225109E-12   1.000089E-12   7.500009E+01   8.629434E-42   1.839849E-40   1.379766E-26   1.200000E+02   9.205810E+00
  1.230000000000E+00   1.230109E-12   1.000089E-12   7.500009E+01   1.019091E-41   4.120042E-40   3.089760E-26   1.200000E+02   9.205810E+00
  1.235000000000E+00   1.235110E-12   1.000089E-12   7.500009E+01   1.255711E-41   4.820467E-40   3.615033E-26   1.200000E+02   9.205810E+00
  1.240000000000E+00   1.240110E-12   1.000089E-12   7.500009E+01   1.513747E-41   4.809705E-40   3.606962E-26   1.200000E+02   9.205810E+00
  1.245000000000E+00   1.245111E-12   1.000089E-12   7.500009E+01   1.748367E-41   3.497193E-40   2.622664E-26   1.200000E+02   9.205810E+00
  1.250000000000E+00   1.250111E-12   1.000089E-12   7.500009E+01   1.871943E-41   1.854871E-40   1.391031E-26   1.200000E+02   9.205810E+00
  1.255000000000E+00   1.255111E-12   1.000089E-12   7.500009E+01   1.914886E-41  -5.283175E-41  -3.962034E-27   1.200000E+02   9.205810E+00
  1.260000000000E+00   1.260112E-12   1.000089E-12   7.500009E+01   1.794413E-41  -3.866463E-40  -2.899593E-26   1.200000E+02   9.205810E+00
  1.265000000000E+00   1.265112E-12   1.000089E-12   7.500009E+01   1.575725E-41  -4.975170E-40  -3.731050E-26   1.200000E+02   9.205810E+00
  1.270000000000E+00   1.270113E-12   1.000089E-12   7.500009E+01   1.275448E-41  -6.761657E-40  -5.070798E-26   1.200000E+02   9.205810E+00
  1.275000000000E+00   1.275113E-12   1.000089E-12   7.500009E+01   9.471183E-42  -6.313690E-40  -4.734852E-26   1.200000E+02   9.205810E+00
  1.280000000000E+00   1.280114E-12   1.000089E-12   7.500009E+01   6.462225E-42  -5.374260E-40  -4.030341E-26   1.200000E+02   9.205810E+00
  1.285000000000E+00   1.285114E-12   1.000089E-12   7.500009E+01   4.040961E-42  -3.903009E-40  -2.927000E-26   1.200000E+02   9.205810E+00
  1.290000000000E+00   1.290115E-12   1.000089E-12   7.500009E+01   2.581929E-42  -1.076590E-40  -8.073713E-27   1.200000E+02   9.205810E+00
  1.295000000000E+00   1.295115E-12   1.000089E-12   7.500009E+01   2.739729E-42   1.953634E-40   1.465097E-26   1.200000E+02   9.205810E+00
  1.300000000000E+00   1.300115E-12   1.000089E-12   7.500009E+01   4.111499E-42   3.073888E-40   2.305214E-26   1.200000E+02   9.205810E+00
  1.305000000000E+00   1.305116E-12   1.000089E-12   7.500009E+01   6.186093E-42   4.707914E-40   3.530626E-26   1.200000E+02   9.205810E+00
  1.310000000000E+00   1.310116E-12   1.000089E-12   7.500009E+01   8.728161E-42   5.355426E-40   4.016217E-26   1.200000E+02   9.205810E+00
  1.315000000000E+00   1.315117E-12   1.000089E-12   7.500009E+01   1.166681E-41   5.271124E-40   3.952996E-26   1.200000E+02   9.205810E+00
  1.320000000000E+00   1.320117E-12   1.000089E-12   7.500009E+01   1.480769E-41   6.415929E-40   4.811525E-26   1.200000E+02   9.205810E+00
  1.325000000000E+00   1.325118E-12   1.000089E-12   7.500009E+01   1.767844E-41   5.028083E-40   3.770731E-26   1.200000E+02   9.205810E+00
  1.330000000000E+00   1.330118E-12   1.000089E-12   7.500009E+01   1.997128E-41   3.635753E-40   2.726575E-26   1.200000E+02   9.205810E+00
  1.335000000000E+00   1.335119E-12   1.000089E-12   7.500009E+01   2.117826E-41   1.407913E-40   1.055842E-26   1.200000E+02   9.205810E+00
  1.340000000000E+00   1.340119E-12   1.000089E-12   7.500009E+01   2.153223E-41  -3.661032E-41  -2.745533E-27   1.200000E+02   9.205810E+00
  1.345000000000E+00   1.345119E-12   1.000089E-12   7.500009E+01   2.123084E-41  -4.725038E-41  -3.543468E-27   1.200000E+02   9.205810E+00
  1.350000000000E+00   1.350120E-12   1.000089E-12   7.500009E+01   2.046748E-41  -1.672029E-40  -1.253912E-26   1.200000E+02   9.205810E+00
  1.355000000000E+00   1.355120E-12   1.000089E-12   7.500009E+01   1.966854E-41  -2.009126E-40  -1.506712E-26   1.200000E+02   9.205810E+00
  1.360000000000E+00   1.360121E-12   1.000089E-12   7.500009E+01   1.912720E-41  -7.530017E-41  -5.647017E-27   1.200000E+02   9.205810E+00
  1.365000000000E+00   1.365121E-12   1.000089E-12   7.500009E+01   1.888490E-41  -2.144757E-41  -1.608427E-27   1.200000E+02   9.205810E+00
  1.370000000000E+00   1.370122E-12   1.000089E-12   7.500009E+01   1.894094E-41   3.070665E-41   2.302797E-27   1.200000E+02   9.205810E+00
  1.375000000000E+00   1.375122E-12   1.000089E-12   7.500009E+01   1.942645E-41   1.173167E-40   8.797981E-27   1.200000E+02   9.205810E+00
  1.380000000000E+00   1.380123E-12   1.000089E-12   7.500009E+01   1.981201E-41   1.019473E-40   7.645374E-27   1.200000E+02   9.205810E+00
  1.385000000000E+00   1.385123E-12   1.000089E-12   7.500009E+01   2.026065E-41   8.360147E-41   6.269560E-27   1.200000E+02   9.205810E+00
  1.390000000000E+00   1.390123E-12   1.000089E-12   7.500009E+01   2.096507E-41   1.833123E-40   1.374721E-26   1.200000E+02   9.205810E+00
  1.395000000000E+00   1.395124E-12   1.000089E-12   7.500009E+01   2.131082E-41  -4.545112E-41  -3.408535E-27   1.200000E+02   9.205810E+00
  1.400000000000E+00   1.400124E-12   1.000089E-12   7.500009E+01   2.108904E-41  -1.320472E-40  -9.902668E-27   1.200000E+02   9.205810E+00
  1.405000000000E+00   1.405125E-12   1.000089E-12   7.500009E+01   2.053609E-41  -1.670460E-40  -1.252735E-26   1.200000E+02   9.205810E+00
  1.410000000000E+00   1.410125E-12   1.000089E-12   7.500009E+01   1.990020E-41  -9.703712E-41  -7.277145E-27   1.200000E+02   9.205810E+00
  1.415000000000E+00   1.415126E-12   1.000089E-12   7.500009E+01   1.914385E-41  -2.074370E-40  -1.555641E-26   1.200000E+02   9.205810E+00
  1.420000000000E+00   1.420126E-12   1.000089E-12   7.500009E+01   1.806048E-41  -2.281762E-40  -1.711172E-26   1.200000E+02   9.205810E+00
  1.425000000000E+00   1.425127E-12   1.000089E-12   7.500009E+01   1.664847E-41  -2.832641E-40  -2.124294E-26   1.200000E+02   9.205810E+00
  1.430000000000E+00   1.430127E-12   1.000089E-12   7.500009E+01   1.538441E-41  -2.161923E-40  -1.621300E-26   1.200000E+02   9.205810E+00
  1.435000000000E+00   1.435127E-12   1.000089E-12   7.500009E+01   1.394284E-41  -3.065817E-40  -2.299161E-26   1.200000E+02   9.205810E+00
  1.440000000000E+00   1.440128E-12   1.000089E-12   7.500009E+01   1.200806E-41  -4.904320E-40  -3.677918E-26   1.200000E+02   9.205810E+00
  1.445000000000E+00   1.445128E-12   1.000089E-12   7.500009E+01   9.260529E-42  -5.900251E-40  -4.424800E-26   1.200000E+02   9.205810E+00
  1.450000000000E+00   1.450129E-12   1.000089E-12   7.500009E+01   5.227659E-42  -1.079605E-39  -8.096328E-26   1.200000E+02   9.205810E+00
  1.455000000000E+00   1.455129E-12   1.000089E-12   7.500009E+01  -1.588256E-42  -1.680841E-39  -1.260520E-25   1.200000E+02   9.205810E+00
  1.460000000000E+00   1.460130E-12   1.000089E-12   7.500009E+01  -1.225229E-41  -2.693184E-39  -2.019710E-25   1.200000E+02   9.205810E+00
  1.465000000000E+00   1.465130E-12   1.000089E-12   7.500009E+01  -2.806809E-41  -3.806510E-39  -2.854632E-25   1.200000E+02   9.205810E+00
  1.470000000000E+00   1.470131E-12   1.000089E-12   7.500009E+01  -5.208235E-41  -5.820075E-39  -4.364673E-25   1.200000E+02   9.205810E+00
  1.475000000000E+00   1.475131E-12   1.000089E-12   7.500009E+01  -8.724387E-41  -8.498371E-39  -6.373219E-25   1.200000E+02   9.205810E+00
  1.480000000000E+00   1.480131E-12   1.000089E-12   7.500009E+01  -1.388325E-40  -1.239492E-38  -9.295376E-25   1.200000E+02   9.205810E+00
  1.485000000000E+00   1.485132E-12   1.000089E-12   7.500009E+01  -2.142811E-40  -1.816908E-38  -1.362561E-24   1.200000E+02   9.205810E+00
  1.490000000000E+00   1.490132E-12   1.000089E-12   7.500009E+01  -3.241077E-40  -2.627069E-38  -1.970129E-24   1.200000E+02   9.205810E+00
  1.495000000000E+00   1.495133E-12   1.000089E-12   7.500009E+01  -4.831438E-40  -3.813469E-38  -2.859851E-24   1.200000E+02   9.205810E+00
  1.500000000000E+00   1.500133E-12   1.000089E-12   7.500009E+01  -7.136739E-40  -5.518739E-38  -4.138691E-24   1.200000E+02   9.205810E+00
  1.505000000000E+00   1.505134E-12   1.000089E-12   7.500009E+01  -1.047002E-39  -7.972469E-38  -5.978827E-24   1.200000E+02   9.205810E+00
  1.510000000000E+00   1.510134E-12   1.000089E-12   7.500009E+01  -1.528220E-39  -1.149666E-37  -8.621735E-24   1.200000E+02   9.205810E+00
  1.515000000000E+00   1.515135E-12   1.000089E-12   7.500009E+01  -2.220752E-39  -1.653269E-37  -1.239843E-23   1.200000E+02   9.205810E+00
  1.520000000000E+00   1.520135E-12   1.000089E-12   7.500009E+01  -3.214917E-39  -2.368667E-37  -1.776344E-23   1.200000E+02   9.205810E+00
  1.525000000000E+00   1.525135E-12   1.000089E-12   7.500009E+01  -4.636668E-39  -3.380465E-37  -2.535126E-23   1.200000E+02   9.205810E+00
  1.530000000000E+00   1.530136E-12   1.000089E-12   7.500009E+01  -6.662008E-39  -4.809884E-37  -3.607097E-23   1.200000E+02   9.205810E+00
  1.535000000000E+00   1.535136E-12   1.000089E-12   7.500009E+01  -9.538204E-39  -6.816949E-37  -5.112263E-23   1.200000E+02   9.205810E+00
  1.540000000000E+00   1.540137E-12   1.000089E-12   7.500009E+01  -1.360753E-38  -9.628952E-37  -7.221080E-23   1.200000E+02   9.205810E+00
  1.545000000000E+00   1.545137E-12   1.000089E-12   7.500009E+01  -1.934449E-38  -1.355125E-36  -1.016254E-22   1.200000E+02   9.205810E+00
  1.550000000000E+00   1.550138E-12   1.000089E-12   7.500009E+01  -2.740379E-38  -1.900811E-36  -1.425483E-22   1.200000E+02   9.205810E+00
  1.555000000000E+00   1.555138E-12   1.000089E-12   7.500009E+01  -3.868890E-38  -2.657352E-36  -1.992839E-22   1.200000E+02   9.205810E+00
  1.560000000000E+00   1.560139E-12   1.000089E-12   7.500009E+01  -5.443428E-38  -3.701338E-36  -2.775760E-22   1.200000E+02   9.205810E+00
  1.565000000000E+00   1.565139E-12   1.000089E-12   7.500009E+01  -7.633080E-38  -5.139114E-36  -3.853998E-22   1.200000E+02   9.205810E+00
  1.570000000000E+00   1.570139E-12   1.000089E-12   7.500009E+01  -1.066762E-37  -7.111006E-36  -5.332787E-22   1.200000E+02   9.205810E+00
  1.575000000000E+00   1.575140E-12   1.000089E-12   7.500009E+01  -1.485899E-37  -9.805827E-36  -7.353725E-22   1.200000E+02   9.205810E+00
  1.580000000000E+00   1.580140E-12   1.000089E-12   7.500009E+01  -2.062891E-37  -1.347704E-35  -1.010690E-21   1.200000E+02   9.205810E+00
  1.585000000000E+00   1.585141E-12   1.000089E-12   7.500009E+01  -2.854498E-37  -1.845967E-35  -1.384354E-21   1.200000E+02   9.205810E+00
  1.590000000000E+00   1.590141E-12   1.000089E-12   7.500009E+01  -3.936922E-37  -2.520260E-35  -1.890029E-21   1.200000E+02   9.205810E+00
  1.595000000000E+00   1.595142E-12   1.000089E-12   7.500009E+01  -5.412227E-37  -3.429211E-35  -2.571682E-21   1.200000E+02   9.205810E+00
  1.600000000000E+00   1.600142E-12   1.000089E-12   7.500009E+01  -7.416151E-37  -4.650550E-35  -3.487606E-21   1.200000E+02   9.205810E+00
  1.605000000000E+00   1.605143E-12   1.000089E-12   7.500009E+01  -1.012931E-36  -6.287132E-35  -4.714935E-21   1.200000E+02   9.205810E+00
  1.610000000000E+00   1.610143E-12   1.000089E-12   7.500009E+01  -1.379050E-36  -8.470612E-35  -6.352402E-21   1.200000E+02   9.205810E+00
  1.615000000000E+00   1.615143E-12   1.000089E-12   7.500009E+01  -1.871512E-36  -1.137526E-34  -8.530695E-21   1.200000E+02   9.205810E+00
  1.620000000000E+00   1.620144E-12   1.000089E-12   7.500009E+01  -2.531717E-36  -1.522618E-34  -1.141863E-20   1.200000E+02   9.205810E+00
  1.625000000000E+00   1.625144E-12   1.000089E-12   7.500009E+01  -3.413925E-36  -2.031489E-34  -1.523483E-20   1.200000E+02   9.205810E+00
  1.630000000000E+00   1.630145E-12   1.000089E-12   7.500009E+01  -4.588996E-36  -2.701756E-34  -2.026139E-20   1.200000E+02   9.205810E+00
  1.635000000000E+00   1.635145E-12   1.000089E-12   7.500009E+01  -6.149112E-36  -3.581261E-34  -2.685710E-20   1.200000E+02   9.205810E+00
  1.640000000000E+00   1.640146E-12   1.000089E-12   7.500009E+01  -8.213657E-36  -4.732070E-34  -3.548741E-20   1.200000E+02   9.205810E+00
  1.645000000000E+00   1.645146E-12   1.000089E-12   7.500009E+01  -1.093695E-35  -6.232471E-34  -4.673943E-20   1.200000E+02   9.205810E+00
  1.650000000000E+00   1.650147E-12   1.000089E-12   7.500009E+01  -1.451816E-35  -8.183321E-34  -6.136953E-20   1.200000E+02   9.205810E+00
  1.655000000000E+00   1.655147E-12   1.000089E-12   7.500009E+01  -1.921205E-35  -1.070922E-33  -8.031213E-20   1.200000E+02   9.205810E+00
  1.660000000000E+00   1.660147E-12   1.000089E-12   7.500009E+01  -2.534494E-35  -1.397146E-33  -1.047767E-19   1.200000E+02   9.205810E+00
  1.665000000000E+00   1.665148E-12   1.000089E-12   7.500009E+01  -3.333284E-35  -1.816844E-33  -1.362513E-19   1.200000E+02   9.205810E+00
  1.670000000000E+00   1.670148E-12   1.000089E-12   7.500009E+01  -4.370352E-35  -2.355315E-33  -1.766331E-19   1.200000E+02   9.205810E+00
  1.675000000000E+00   1.675149E-12   1.000089E-12   7.500009E+01  -5.712635E-35  -3.043872E-33  -2.282704E-19   1.200000E+02   9.205810E+00
  1.680000000000E+00   1.680149E-12   1.000089E-12   7.500009E+01  -7.444468E-35  -3.921449E-33  -2.940829E-19   1.200000E+02   9.205810E+00
  1.685000000000E+00   1.685150E-12   1.000089E-12   7.500009E+01  -9.672076E-35  -5.036382E-33  -3.776955E-19   1.200000E+02   9.205810E+00
  1.690000000000E+00   1.690150E-12   1.000089E-12   7.500009E+01  -1.252832E-34  -6.448104E-33  -4.835653E-19   1.200000E+02   9.205810E+00
  1.695000000000E+00   1.695151E-12   1.000089E-12   7.500009E+01  -1.617946E-34  -8.231094E-33  -6.172778E-19   1.200000E+02   9.205810E+00
  1.700000000000E+00   1.700151E-12   1.000089E-12   7.500009E+01  -2.083254E-34  -1.047300E-32  -7.854058E-19   1.200000E+02   9.205810E+00
  1.705000000000E+00   1.705151E-12   1.000089E-12   7.500009E+01  -2.674394E-34  -1.328741E-32  -9.964684E-19   1.200000E+02   9.205810E+00
  1.710000000000E+00   1.710152E-12   1.000089E-12   7.500009E+01  -3.423190E-34  -1.680524E-32  -1.260283E-18   1.200000E+02   9.205810E+00
  1.715000000000E+00   1.715152E-12   1.000089E-12   7.500009E+01  -4.368791E-34  -2.119125E-32  -1.589204E-18   1.200000E+02   9.205810E+00
  1.720000000000E+00   1.720153E-12   1.000089E-12   7.500009E+01  -5.559317E-34  -2.664103E-32  -1.997902E-18   1.200000E+02   9.205810E+00
  1.725000000000E+00   1.725153E-12   1.000089E-12   7.500009E+01  -7.053658E-34  -3.339382E-32  -2.504317E-18   1.200000E+02   9.205810E+00
  1.730000000000E+00   1.730154E-12   1.000089E-12   7.500009E+01  -8.924037E-34  -4.173550E-32  -3.129888E-18   1.200000E+02   9.205810E+00
  1.735000000000E+00   1.735154E-12   1.000089E-12   7.500009E+01  -1.125802E-33  -5.200613E-32  -3.900117E-18   1.200000E+02   9.205810E+00
  1.740000000000E+00   1.740155E-12   1.000089E-12   7.500009E+01  -1.416184E-33  -6.460893E-32  -4.845245E-18   1.200000E+02   9.205810E+00
  1.745000000000E+00   1.745155E-12   1.000089E-12   7.500009E+01  -1.776406E-33  -8.004044E-32  -6.002507E-18   1.200000E+02   9.205810E+00
  1.750000000000E+00   1.750155E-12   1.000089E-12   7.500009E+01  -2.222042E-33  -9.887243E-32  -7.414781E-18   1.200000E+02   9.205810E+00
  1.755000000000E+00   1.755156E-12   1.000089E-12   7.500009E+01  -2.771702E-33  -1.217910E-31  -9.133523E-18   1.200000E+02   9.205810E+00
  1.760000000000E+00   1.760156E-12   1.000089E-12   7.500009E+01  -3.447776E-33  -1.495966E-31  -1.121876E-17   1.200000E+02   9.205810E+00
  1.765000000000E+00   1.765157E-12   1.000089E-12   7.500009E+01  -4.276985E-33  -1.832282E-31  -1.374091E-17   1.200000E+02   9.205810E+00
  1.770000000000E+00   1.770157E-12   1.000089E-12   7.500009E+01  -5.291180E-33  -2.238171E-31  -1.678481E-17   1.200000E+02   9.205810E+00
  1.775000000000E+00   1.775158E-12   1.000089E-12   7.500009E+01  -6.528204E-33  -2.726154E-31  -2.044436E-17   1.200000E+02   9.205810E+00
  1.780000000000E+00   1.780158E-12   1.000089E-12   7.500009E+01  -8.032885E-33  -3.311637E-31  -2.483509E-17   1.200000E+02   9.205810E+00
  1.785000000000E+00   1.785159E-12   1.000089E-12   7.500009E+01  -9.858185E-33  -4.012194E-31  -3.008881E-17   1.200000E+02   9.205810E+00
  1.790000000000E+00   1.790159E-12   1.000089E-12   7.500009E+01  -1.206655E-32  -4.848047E-31  -3.635716E-17   1.200000E+02   9.205810E+00
  1.795000000000E+00   1.795159E-12   1.000089E-12   7.500009E+01  -1.473127E-32  -5.841827E-31  -4.380986E-17   1.200000E+02   9.205810E+00
  1.800000000000E+00   1.800160E-12   1.000089E-12   7.500009E+01  -1.793823E-32  -7.022422E-31  -5.266354E-17   1.200000E+02   9.205810E+00
  1.805000000000E+00   1.805160E-12   1.000089E-12   7.500009E+01  -2.178807E-32  -8.419203E-31  -6.313848E-17   1.200000E+02   9.205810E+00
  1.810000000000E+00   1.810161E-12   1.000089E-12   7.500009E+01  -2.639759E-32  -1.006876E-30  -7.550909E-17   1.200000E+02   9.205810E+00
  1.815000000000E+00   1.815161E-12   1.000089E-12   7.500009E+01  -3.190363E-32  -1.201203E-30  -9.008228E-17   1.200000E+02   9.205810E+00
  1.820000000000E+00   1.820162E-12   1.000089E-12   7.500009E+01  -3.846393E-32  -1.429522E-30  -1.072047E-16   1.200000E+02   9.205810E+00
  1.825000000000E+00   1.825162E-12   1.000089E-12   7.500009E+01  -4.626221E-32  -1.697129E-30  -1.272735E-16   1.200000E+02   9.205810E+00
  1.830000000000E+00   1.830163E-12   1.000089E-12   7.500009E+01  -5.550860E-32  -2.010286E-30  -1.507582E-16   1.200000E+02   9.205810E+00
  1.835000000000E+00   1.835163E-12   1.000089E-12   7.500009E+01  -6.644904E-32  -2.375827E-30  -1.781714E-16   1.200000E+02   9.205810E+00
  1.840000000000E+00   1.840163E-12   1.000089E-12   7.500009E+01  -7.936317E-32  -2.801458E-30  -2.100909E-16   1.200000E+02   9.205810E+00
  1.845000000000E+00   1.845164E-12   1.000089E-12   7.500009E+01  -9.457416E-32  -3.296422E-30  -2.472099E-16   1.200000E+02   9.205810E+00
  1.850000000000E+00   1.850164E-12   1.000089E-12   7.500009E+01  -1.124522E-31  -3.870349E-30  -2.902507E-16   1.200000E+02   9.205810E+00
  1.855000000000E+00   1.855165E-12   1.000089E-12   7.500009E+01  -1.334217E-31  -4.534795E-30  -3.400798E-16   1.200000E+02   9.205810E+00
  1.860000000000E+00   1.860165E-12   1.000089E-12   7.500009E+01  -1.579650E-31  -5.302856E-30  -3.976793E-16   1.200000E+02   9.205810E+00
  1.865000000000E+00   1.865166E-12   1.000089E-12   7.500009E+01  -1.866390E-31  -6.189554E-30  -4.641758E-16   1.200000E+02   9.205810E+00
  1.870000000000E+00   1.870166E-12   1.000089E-12   7.500009E+01  -2.200747E-31  -7.210682E-30  -5.407537E-16   1.200000E+02   9.205810E+00
  1.875000000000E+00   1.875167E-12   1.000089E-12   7.500009E+01  -2.589893E-31  -8.384729E-30  -6.287995E-16   1.200000E+02   9.205810E+00
  1.880000000000E+00   1.880167E-12   1.000089E-12   7.500009E+01  -3.042039E-31  -9.733650E-30  -7.299597E-16   1.200000E+02   9.205810E+00
  1.885000000000E+00   1.885167E-12   1.000089E-12   7.500009E+01  -3.566478E-31  -1.128210E-29  -8.460831E-16   1.200000E+02   9.205810E+00
  1.890000000000E+00   1.890168E-12   1.000089E-12   7.500009E+01  -4.173854E-31  -1.305472E-29  -9.790183E-16   1.200000E+02   9.205810E+00
  1.895000000000E+00   1.895168E-12   1.000089E-12   7.500009E+01  -4.876187E-31  -1.508696E-29  -1.131423E-15   1.200000E+02   9.205810E+00
  1.900000000000E+00   1.900169E-12   1.000089E-12   7.500009E+01  -5.687173E-31  -1.740887E-29  -1.305550E-15   1.200000E+02   9.205810E+00
  1.905000000000E+00   1.905169E-12   1.000089E-12   7.500009E+01  -6.622436E-31  -2.006357E-29  -1.504636E-15   1.200000E+02   9.205810E+00
  1.910000000000E+00   1.910170E-12   1.000089E-12   7.500009E+01  -7.699631E-31  -2.309575E-29  -1.732029E-15   1.200000E+02   9.205810E+00
  1.915000000000E+00   1.915170E-12   1.000089E-12   7.500009E+01  -8.938882E-31  -2.655626E-29  -1.991545E-15   1.200000E+02   9.205810E+00
  1.920000000000E+00   1.920171E-12   1.000089E-12   7.500009E+01  -1.036315E-30  -3.050673E-29  -2.287804E-15   1.200000E+02   9.205810E+00
  1.925000000000E+00   1.925171E-12   1.000089E-12   7.500009E+01  -1.199843E-30  -3.501187E-29  -2.625659E-15   1.200000E+02   9.205810E+00
  1.930000000000E+00   1.930171E-12   1.000089E-12   7.500009E+01  -1.387432E-30  -4.014562E-29  -3.010658E-15   1.200000E+02   9.205810E+00
  1.935000000000E+00   1.935172E-12   1.000089E-12   7.500009E+01  -1.602470E-30  -4.600661E-29  -3.450193E-15   1.200000E+02   9.205810E+00
  1.940000000000E+00   1.940172E-12   1.000089E-12   7.500009E+01  -1.848817E-30  -5.269344E-29  -3.951661E-15   1.200000E+02   9.205810E+00
  1.945000000000E+00   1.945173E-12   1.000089E-12   7.500009E+01  -2.130871E-30  -6.031088E-29  -4.522919E-15   1.200000E+02   9.205810E+00
  1.950000000000E+00   1.950173E-12   1.000089E-12   7.500009E+01  -2.453676E-30  -6.901300E-29  -5.175521E-15   1.200000E+02   9.205810E+00
  1.955000000000E+00   1.955174E-12   1.000089E-12   7.500009E+01  -2.822974E-30  -7.894772E-29  -5.920559E-15   1.200000E+02   9.205810E+00
  1.960000000000E+00   1.960174E-12   1.000089E-12   7.500009E+01  -3.245372E-30  -9.028760E-29  -6.770975E-15   1.200000E+02   9.205810E+00
  1.965000000000E+00   1.965175E-12   1.000089E-12   7.500009E+01  -3.728426E-30  -1.032545E-28  -7.743408E-15   1.200000E+02   9.205810E+00
  1.970000000000E+00   1.970175E-12   1.000089E-12   7.500009E+01  -4.280875E-30  -1.180826E-28  -8.855419E-15   1.200000E+02   9.205810E+00
  1.975000000000E+00   1.975175E-12   1.000089E-12   7.500009E+01  -4.912654E-30  -1.350555E-28  -1.012827E-14   1.200000E+02   9.205810E+00
  1.980000000000E+00   1.980176E-12   1.000089E-12   7.500009E+01  -5.635349E-30  -1.544935E-28  -1.158599E-14   1.200000E+02   9.205810E+00
  1.985000000000E+00   1.985176E-12   1.000089E-12   7.500009E+01  -6.462174E-30  -1.767911E-28  -1.325817E-14   1.200000E+02   9.205810E+00
  1.990000000000E+00   1.990177E-12   1.000089E-12   7.500009E+01  -7.408486E-30  -2.023675E-28  -1.517623E-14   1.200000E+02   9.205810E+00
  1.995000000000E+00   1.995177E-12   1.000089E-12   7.500009E+01  -8.492036E-30  -2.317772E-28  -1.738176E-14   1.200000E+02   9.205810E+00
  2.000000000000E+00   2.000178E-12   1.000089E-12   7.500009E+01  -9.733457E-30  -2.656243E-28  -1.992007E-14   1.200000E+02   9.205810E+00
  2.005000000000E+00   2.005178E-12   1.000089E-12   7.500009E+01  -1.115646E-29  -3.045743E-28  -2.284107E-14   1.200000E+02   9.205810E+00
  2.010000000000E+00   2.010179E-12   1.000089E-12   7.500009E+01  -1.278876E-29  -3.494900E-28  -2.620945E-14   1.200000E+02   9.205810E+00
  2.015000000000E+00   2.015179E-12   1.000089E-12   7.500009E+01  -1.466236E-29  -4.012837E-28  -3.009364E-14   1.200000E+02   9.205810E+00
  2.020000000000E+00   2.020179E-12   1.000089E-12   7.500009E+01  -1.681477E-29  -4.612371E-28  -3.458975E-14   1.200000E+02   9.205810E+00
  2.025000000000E+00   2.025180E-12   1.000089E-12   7.500009E+01  -1.928952E-29  -5.305090E-28  -3.978468E-14   1.200000E+02   9.205810E+00
  2.030000000000E+00   2.030180E-12   1.000089E-12   7.500009E+01  -2.213731E-29  -6.107263E-28  -4.580045E-14   1.200000E+02   9.205810E+00
  2.035000000000E+00   2.035181E-12   1.000089E-12   7.500009E+01  -2.541749E-29  -7.038118E-28  -5.278126E-14   1.200000E+02   9.205810E+00
  2.040000000000E+00   2.040181E-12   1.000089E-12   7.500009E+01  -2.919919E-29  -8.117379E-28  -6.087500E-14   1.200000E+02   9.205810E+00
  2.045000000000E+00   2.045182E-12   1.000089E-12   7.500009E+01  -3.356337E-29  -9.372654E-28  -7.028873E-14   1.200000E+02   9.205810E+00
  2.050000000000E+00   2.050182E-12   1.000089E-12   7.500009E+01  -3.860498E-29  -1.083303E-27  -8.124061E-14   1.200000E+02   9.205810E+00
  2.055000000000E+00   2.055183E-12   1.000089E-12   7.500009E+01  -4.443486E-29  -1.253303E-27  -9.398946E-14   1.200000E+02   9.205810E+00
  2.060000000000E+00   2.060183E-12   1.000089E-12   7.500009E+01  -5.118356E-29  -1.451603E-27  -1.088606E-13   1.200000E+02   9.205810E+00
  2.065000000000E+00   2.065183E-12   1.000089E-12   7.500009E+01  -5.900315E-29  -1.682838E-27  -1.262017E-13   1.200000E+02   9.205810E+00
  2.070000000000E+00   2.070184E-12   1.000089E-12   7.500009E+01  -6.807347E-29  -1.952825E-27  -1.464490E-13   1.200000E+02   9.205810E+00
  2.075000000000E+00   2.075184E-12   1.000089E-12   7.500009E+01  -7.860437E-29  -2.268567E-27  -1.701276E-13   1.200000E+02   9.205810E+00
  2.080000000000E+00   2.080185E-12   1.000089E-12   7.500009E+01  -9.084354E-29  -2.637556E-27  -1.977994E-13   1.200000E+02   9.205810E+00
  2.085000000000E+00   2.085185E-12   1.000089E-12   7.500009E+01  -1.050817E-28  -3.070049E-27  -2.302335E-13   1.200000E+02   9.205810E+00
  2.090000000000E+00   2.090186E-12   1.000089E-12   7.500009E+01  -1.216612E-28  -3.576301E-27  -2.681990E-13   1.200000E+02   9.205810E+00
  2.095000000000E+00   2.095186E-12   1.000089E-12   7.500009E+01  -1.409843E-28  -4.169919E-27  -3.127165E-13   1.200000E+02   9.205810E+00
  2.100000000000E+00   2.100187E-12   1.000089E-12   7.500009E+01  -1.635237E-28  -4.866088E-27  -3.649246E-13   1.200000E+02   9.205810E+00
  2.105000000000E+00   2.105187E-12   1.000089E-12   7.500009E+01  -1.898385E-28  -5.683743E-27  -4.262433E-13   1.200000E+02   9.205810E+00
  2.110000000000E+00   2.110187E-12   1.000089E-12   7.500009E+01  -2.205859E-28  -6.643787E-27  -4.982403E-13   1.200000E+02   9.205810E+00
  2.115000000000E+00   2.115188E-12   1.000089E-12   7.500009E+01  -2.565406E-28  -7.771069E-27  -5.827790E-13   1.200000E+02   9.205810E+00
  2.120000000000E+00   2.120188E-12   1.000089E-12   7.500009E+01  -2.986137E-28  -9.097144E-27  -6.822259E-13   1.200000E+02   9.205810E+00
  2.125000000000E+00   2.125189E-12   1.000089E-12   7.500009E+01  -3.478797E-28  -1.065436E-26  -7.990065E-13   1.200000E+02   9.205810E+00
  2.130000000000E+00   2.130189E-12   1.000089E-12   7.500009E+01  -4.056022E-28  -1.248846E-26  -9.365521E-13   1.200000E+02   9.205810E+00
  2.135000000000E+00   2.135190E-12   1.000089E-12   7.500009E+01  -4.732802E-28  -1.464441E-26  -1.098235E-12   1.200000E+02   9.205810E+00
  2.140000000000E+00   2.140190E-12   1.000089E-12   7.500009E+01  -5.526616E-28  -1.718297E-26  -1.288610E-12   1.200000E+02   9.205810E+00
  2.145000000000E+00   2.145191E-12   1.000089E-12   7.500009E+01  -6.458293E-28  -2.017117E-26  -1.512705E-12   1.200000E+02   9.205810E+00
  2.150000000000E+00   2.150191E-12   1.000089E-12   7.500009E+01  -7.552222E-28  -2.368949E-26  -1.776556E-12   1.200000E+02   9.205810E+00
  2.155000000000E+00   2.155191E-12   1.000089E-12   7.500009E+01  -8.837182E-28  -2.783101E-26  -2.087143E-12   1.200000E+02   9.205810E+00
  2.160000000000E+00   2.160192E-12   1.000089E-12   7.500009E+01  -1.034706E-27  -3.270933E-26  -2.452984E-12   1.200000E+02   9.205810E+00
  2.165000000000E+00   2.165192E-12   1.000089E-12   7.500009E+01  -1.212187E-27  -3.845224E-26  -2.883665E-12   1.200000E+02   9.205810E+00
  2.170000000000E+00   2.170193E-12   1.000089E-12   7.500009E+01  -1.420857E-27  -4.521435E-26  -3.390779E-12   1.200000E+02   9.205810E+00
  2.175000000000E+00   2.175193E-12   1.000089E-12   7.500009E+01  -1.666256E-27  -5.318185E-26  -3.988288E-12   1.200000E+02   9.205810E+00
  2.180000000000E+00   2.180194E-12   1.000089E-12   7.500009E+01  -1.954916E-27  -6.255983E-26  -4.691575E-12   1.200000E+02   9.205810E+00
  2.185000000000E+00   2.185194E-12   1.000089E-12   7.500009E+01  -2.294492E-27  -7.359757E-26  -5.519333E-12   1.200000E+02   9.205810E+00
  2.190000000000E+00   2.190195E-12   1.000089E-12   7.500009E+01  -2.694021E-27  -8.659168E-26  -6.493806E-12   1.200000E+02   9.205810E+00
  2.195000000000E+00   2.195195E-12   1.000089E-12   7.500009E+01  -3.164107E-27  -1.018893E-25  -7.641025E-12   1.200000E+02   9.205810E+00
  2.200000000000E+00   2.200195E-12   1.000089E-12   7.500009E+01  -3.717243E-27  -1.198942E-25  -8.991279E-12   1.200000E+02   9.205810E+00
  2.205000000000E+00   2.205196E-12   1.000089E-12   7.500009E+01  -4.368073E-27  -1.410610E-25  -1.057864E-11   1.200000E+02   9.205810E+00
  2.210000000000E+00   2.210196E-12   1.000089E-12   7.500009E+01  -5.133861E-27  -1.659763E-25  -1.244713E-11   1.200000E+02   9.205810E+00
  2.215000000000E+00   2.215197E-12   1.000089E-12   7.500009E+01  -6.034854E-27  -1.952715E-25  -1.464408E-11   1.200000E+02   9.205810E+00
  2.220000000000E+00   2.220197E-12   1.000089E-12   7.500009E+01  -7.094755E-27  -2.296911E-25  -1.722532E-11   1.200000E+02   9.205810E+00
  2.225000000000E+00   2.225198E-12   1.000089E-12   7.500009E+01  -8.341382E-27  -2.701565E-25  -2.025996E-11   1.200000E+02   9.205810E+00
  2.230000000000E+00   2.230198E-12   1.000089E-12   7.500009E+01  -9.807527E-27  -3.176648E-25  -2.382277E-11   1.200000E+02   9.205810E+00
  2.235000000000E+00   2.235199E-12   1.000089E-12   7.500009E+01  -1.153141E-26  -3.734783E-25  -2.800841E-11   1.200000E+02   9.205810E+00
  2.240000000000E+00   2.240199E-12   1.000089E-12   7.500009E+01  -1.355781E-26  -4.389853E-25  -3.292101E-11   1.200000E+02   9.205810E+00
  2.245000000000E+00   2.245199E-12   1.000089E-12   7.500009E+01  -1.593939E-26  -5.158267E-25  -3.868361E-11   1.200000E+02   9.205810E+00
  2.250000000000E+00   2.250200E-12   1.000089E-12   7.500009E+01  -1.873758E-26  -6.059966E-25  -4.544576E-11   1.200000E+02   9.205810E+00
  2.255000000000E+00   2.255200E-12   1.000089E-12   7.500009E+01  -2.202419E-26  -7.116661E-25  -5.337028E-11   1.200000E+02   9.205810E+00
  2.260000000000E+00   2.260201E-12   1.000089E-12   7.500009E+01  -2.588333E-26  -8.354605E-25  -6.265404E-11   1.200000E+02   9.205810E+00
  2.265000000000E+00   2.265201E-12   1.000089E-12   7.500009E+01  -3.041262E-26  -9.804594E-25  -7.352801E-11   1.200000E+02   9.205810E+00
  2.270000000000E+00   2.270202E-12   1.000089E-12   7.500009E+01  -3.572710E-26  -1.150096E-24  -8.624964E-11   1.200000E+02   9.205810E+00
  2.275000000000E+00   2.275202E-12   1.000089E-12   7.500009E+01  -4.196003E-26  -1.348611E-24  -1.011370E-10   1.200000E+02   9.205810E+00
  2.280000000000E+00   2.280203E-12   1.000089E-12   7.500009E+01  -4.926713E-26  -1.580751E-24  -1.185459E-10   1.200000E+02   9.205810E+00
  2.285000000000E+00   2.285203E-12   1.000089E-12   7.500009E+01  -5.783015E-26  -1.852069E-24  -1.388930E-10   1.200000E+02   9.205810E+00
  2.290000000000E+00   2.290203E-12   1.000089E-12   7.500009E+01  -6.785971E-26  -2.168724E-24  -1.626400E-10   1.200000E+02   9.205810E+00
  2.295000000000E+00   2.295204E-12   1.000089E-12   7.500009E+01  -7.960180E-26  -2.538289E-24  -1.903550E-10   1.200000E+02   9.205810E+00
  2.300000000000E+00   2.300204E-12   1.000089E-12   7.500009E+01  -9.334156E-26  -2.969449E-24  -2.226891E-10   1.200000E+02   9.205810E+00
  2.305000000000E+00   2.305205E-12   1.000089E-12   7.500009E+01  -1.094106E-25  -3.471897E-24  -2.603694E-10   1.200000E+02   9.205810E+00
  2.310000000000E+00   2.310205E-12   1.000089E-12   7.500009E+01  -1.281942E-25  -4.057547E-24  -3.042893E-10   1.200000E+02   9.205810E+00
  2.315000000000E+00   2.315206E-12   1.000089E-12   7.500009E+01  -1.501387E-25  -4.738921E-24  -3.553879E-10   1.200000E+02   9.205810E+00
  2.320000000000E+00   2.320206E-12   1.000089E-12   7.500009E+01  -1.757611E-25  -5.531770E-24  -4.148464E-10   1.200000E+02   9.205810E+00
  2.325000000000E+00   2.325207E-12   1.000089E-12   7.500009E+01  -2.056624E-25  -6.453463E-24  -4.839672E-10   1.200000E+02   9.205810E+00
  2.330000000000E+00   2.330207E-12   1.000089E-12   7.500009E+01  -2.405365E-25  -7.524597E-24  -5.642953E-10   1.200000E+02   9.205810E+00
  2.335000000000E+00   2.335207E-12   1.000089E-12   7.500009E+01  -2.811830E-25  -8.767791E-24  -6.575266E-10   1.200000E+02   9.205810E+00
  2.340000000000E+00   2.340208E-12   1.000089E-12   7.500009E+01  -3.285294E-25  -1.020890E-23  -7.655999E-10   1.200000E+02   9.205810E+00
  2.345000000000E+00   2.345208E-12   1.000089E-12   7.500009E+01  -3.836452E-25  -1.188103E-23  -8.909989E-10   1.200000E+02   9.205810E+00
  2.350000000000E+00   2.350209E-12   1.000089E-12   7.500009E+01  -4.477662E-25  -1.381812E-23  -1.036268E-09   1.200000E+02   9.205810E+00
  2.355000000000E+00   2.355209E-12   1.000089E-12   7.500009E+01  -5.223127E-25  -1.606055E-23  -1.204436E-09   1.200000E+02   9.205810E+00
  2.360000000000E+00   2.360210E-12   1.000089E-12   7.500009E+01  -6.089211E-25  -1.865195E-23  -1.398774E-09   1.200000E+02   9.205810E+00
  2.365000000000E+00   2.365210E-12   1.000089E-12   7.500009E+01  -7.094784E-25  -2.164725E-23  -1.623401E-09   1.200000E+02   9.205810E+00
  2.370000000000E+00   2.370211E-12   1.000089E-12   7.500009E+01  -8.261400E-25  -2.510622E-23  -1.882802E-09   1.200000E+02   9.205810E+00
  2.375000000000E+00   2.375211E-12   1.000089E-12   7.500009E+01  -9.614066E-25  -2.909996E-23  -2.182305E-09   1.200000E+02   9.205810E+00
  2.380000000000E+00   2.380211E-12   1.000089E-12   7.500009E+01  -1.118119E-24  -3.370438E-23  -2.527607E-09   1.200000E+02   9.205810E+00
  2.385000000000E+00   2.385212E-12   1.000089E-12   7.500009E+01  -1.299555E-24  -3.900674E-23  -2.925248E-09   1.200000E+02   9.205810E+00
  2.390000000000E+00   2.390212E-12   1.000089E-12   7.500009E+01  -1.509459E-24  -4.511042E-23  -3.382985E-09   1.200000E+02   9.205810E+00
  2.395000000000E+00   2.395213E-12   1.000089E-12   7.500009E+01  -1.752120E-24  -5.213177E-23  -3.909539E-09   1.200000E+02   9.205810E+00
  2.400000000000E+00   2.400213E-12   1.000089E-12   7.500009E+01  -2.032444E-24  -6.019678E-23  -4.514362E-09   1.200000E+02   9.205810E+00
  2.405000000000E+00   2.405214E-12   1.000089E-12   7.500009E+01  -2.356014E-24  -6.946378E-23  -5.209327E-09   1.200000E+02   9.205810E+00
  2.410000000000E+00   2.410214E-12   1.000089E-12   7.500009E+01  -2.729227E-24  -8.008142E-23  -6.005580E-09   1.200000E+02   9.205810E+00
  2.415000000000E+00   2.415215E-12   1.000089E-12   7.500009E+01  -3.159361E-24  -9.226941E-23  -6.919599E-09   1.200000E+02   9.205810E+00
  2.420000000000E+00   2.420215E-12   1.000089E-12   7.500009E+01  -3.654726E-24  -1.062152E-22  -7.965438E-09   1.200000E+02   9.205810E+00
  2.425000000000E+00   2.425215E-12   1.000089E-12   7.500009E+01  -4.224757E-24  -1.221901E-22  -9.163452E-09   1.200000E+02   9.205810E+00
  2.430000000000E+00   2.430216E-12   1.000089E-12   7.500009E+01  -4.880168E-24  -1.404268E-22  -1.053109E-08   1.200000E+02   9.205810E+00
  2.435000000000E+00   2.435216E-12   1.000089E-12   7.500009E+01  -5.633187E-24  -1.612744E-22  -1.209452E-08   1.200000E+02   9.205810E+00
  2.440000000000E+00   2.440217E-12   1.000089E-12   7.500009E+01  -6.497617E-24  -1.850687E-22  -1.387894E-08   1.200000E+02   9.205810E+00
  2.445000000000E+00   2.445217E-12   1.000089E-12   7.500009E+01  -7.489148E-24  -2.121718E-22  -1.591149E-08   1.200000E+02   9.205810E+00
  2.450000000000E+00   2.450218E-12   1.000089E-12   7.500009E+01  -8.625487E-24  -2.430877E-22  -1.822998E-08   1.200000E+02   9.205810E+00
  2.455000000000E+00   2.455218E-12   1.000089E-12   7.500009E+01  -9.926849E-24  -2.782687E-22  -2.086832E-08   1.200000E+02   9.205810E+00
  2.460000000000E+00   2.460219E-12   1.000089E-12   7.500009E+01  -1.141583E-23  -3.182319E-22  -2.386530E-08   1.200000E+02   9.205810E+00
  2.465000000000E+00   2.465219E-12   1.000089E-12   7.500009E+01  -1.311801E-23  -3.636751E-22  -2.727324E-08   1.200000E+02   9.205810E+00
  2.470000000000E+00   2.470219E-12   1.000089E-12   7.500009E+01  -1.506240E-23  -4.152447E-22  -3.114062E-08   1.200000E+02   9.205810E+00
  2.475000000000E+00   2.475220E-12   1.000089E-12   7.500009E+01  -1.728142E-23  -4.736643E-22  -3.552170E-08   1.200000E+02   9.205810E+00
  2.480000000000E+00   2.480220E-12   1.000089E-12   7.500009E+01  -1.981176E-23  -5.399421E-22  -4.049211E-08   1.200000E+02   9.205810E+00
  2.485000000000E+00   2.485221E-12   1.000089E-12   7.500009E+01  -2.269469E-23  -6.149054E-22  -4.611386E-08   1.200000E+02   9.205810E+00
  2.490000000000E+00   2.490221E-12   1.000089E-12   7.500009E+01  -2.597653E-23  -6.996914E-22  -5.247225E-08   1.200000E+02   9.205810E+00
  2.495000000000E+00   2.495222E-12   1.000089E-12   7.500009E+01  -2.970887E-23  -7.953859E-22  -5.964870E-08   1.200000E+02   9.205810E+00
  2.500000000000E+00   2.500222E-12   1.000089E-12   7.500009E+01  -3.394993E-23  -9.033846E-22  -6.774790E-08   1.200000E+02   9.205810E+00
  2.505000000000E+00   2.505223E-12   1.000089E-12   7.500009E+01  -3.876516E-23  -1.025394E-21  -7.689778E-08   1.200000E+02   9.205810E+00
  2.510000000000E+00   2.510223E-12   1.000089E-12   7.500009E+01  -4.422765E-23  -1.162499E-21  -8.717977E-08   1.200000E+02   9.205810E+00
  2.515000000000E+00   2.515223E-12   1.000089E-12   7.500009E+01  -5.041827E-23  -1.316975E-21  -9.876445E-08   1.200000E+02   9.205810E+00
  2.520000000000E+00   2.520224E-12   1.000089E-12   7.500009E+01  -5.742801E-23  -1.490579E-21  -1.117836E-07   1.200000E+02   9.205810E+00
  2.525000000000E+00   2.525224E-12   1.000089E-12   7.500009E+01  -6.535839E-23  -1.685587E-21  -1.264080E-07   1.200000E+02   9.205810E+00
  2.530000000000E+00   2.530225E-12   1.000089E-12   7.500009E+01  -7.432131E-23  -1.904170E-21  -1.428002E-07   1.200000E+02   9.205810E+00
  2.535000000000E+00   2.535225E-12   1.000089E-12   7.500009E+01  -8.444352E-23  -2.149636E-21  -1.612085E-07   1.200000E+02   9.205810E+00
  2.540000000000E+00   2.540226E-12   1.000089E-12   7.500009E+01  -9.586399E-23  -2.424053E-21  -1.817880E-07   1.200000E+02   9.205810E+00
  2.545000000000E+00   2.545226E-12   1.000089E-12   7.500009E+01  -1.087370E-22  -2.731144E-21  -2.048178E-07   1.200000E+02   9.205810E+00
  2.550000000000E+00   2.550227E-12   1.000089E-12   7.500009E+01  -1.232346E-22  -3.074630E-21  -2.305770E-07   1.200000E+02   9.205810E+00
  2.555000000000E+00   2.555227E-12   1.000089E-12   7.500009E+01  -1.395470E-22  -3.457615E-21  -2.592984E-07   1.200000E+02   9.205810E+00
  2.560000000000E+00   2.560227E-12   1.000089E-12   7.500009E+01  -1.578831E-22  -3.885267E-21  -2.913695E-07   1.200000E+02   9.205810E+00
  2.565000000000E+00   2.565228E-12   1.000089E-12   7.500009E+01  -1.784774E-22  -4.361310E-21  -3.270695E-07   1.200000E+02   9.205810E+00
  2.570000000000E+00   2.570228E-12   1.000089E-12   7.500009E+01  -2.015847E-22  -4.891533E-21  -3.668327E-07   1.200000E+02   9.205810E+00
  2.575000000000E+00   2.575229E-12   1.000089E-12   7.500009E+01  -2.274879E-22  -5.480899E-21  -4.110313E-07   1.200000E+02   9.205810E+00
  2.580000000000E+00   2.580229E-12   1.000089E-12   7.500009E+01  -2.564987E-22  -6.135612E-21  -4.601305E-07   1.200000E+02   9.205810E+00
  2.585000000000E+00   2.585230E-12   1.000089E-12   7.500009E+01  -2.889598E-22  -6.862290E-21  -5.146266E-07   1.200000E+02   9.205810E+00
  2.590000000000E+00   2.590230E-12   1.000089E-12   7.500009E+01  -3.252482E-22  -7.667964E-21  -5.750469E-07   1.200000E+02   9.205810E+00
  2.595000000000E+00   2.595231E-12   1.000089E-12   7.500009E+01  -3.657751E-22  -8.559665E-21  -6.419185E-07   1.200000E+02   9.205810E+00
  2.600000000000E+00   2.600231E-12   1.000089E-12   7.500009E+01  -4.109954E-22  -9.546491E-21  -7.159240E-07   1.200000E+02   9.205810E+00
  2.605000000000E+00   2.605231E-12   1.000089E-12   7.500009E+01  -4.614021E-22  -1.063589E-20  -7.976216E-07   1.200000E+02   9.205810E+00
  2.610000000000E+00   2.610232E-12   1.000089E-12   7.500009E+01  -5.175396E-22  -1.183944E-20  -8.878798E-07   1.200000E+02   9.205810E+00
  2.615000000000E+00   2.615232E-12   1.000089E-12   7.500009E+01  -5.800000E-22  -1.316789E-20  -9.875049E-07   1.200000E+02   9.205810E+00
  2.620000000000E+00   2.620233E-12   1.000089E-12   7.500009E+01  -6.494269E-22  -1.462952E-20  -1.097117E-06   1.200000E+02   9.205810E+00
  2.625000000000E+00   2.625233E-12   1.000089E-12   7.500009E+01  -7.265301E-22  -1.623921E-20  -1.217834E-06   1.200000E+02   9.205810E+00
  2.630000000000E+00   2.630234E-12   1.000089E-12   7.500009E+01  -8.120705E-22  -1.800607E-20  -1.350337E-06   1.200000E+02   9.205810E+00
  2.635000000000E+00   2.635234E-12   1.000089E-12   7.500009E+01  -9.068819E-22  -1.994994E-20  -1.496114E-06   1.200000E+02   9.205810E+00
  2.640000000000E+00   2.640235E-12   1.000089E-12   7.500009E+01  -1.011871E-21  -2.208076E-20  -1.655912E-06   1.200000E+02   9.205810E+00
  2.645000000000E+00   2.645235E-12   1.000089E-12   7.500009E+01  -1.128020E-21  -2.441837E-20  -1.831217E-06   1.200000E+02   9.205810E+00
  2.650000000000E+00   2.650235E-12   1.000089E-12   7.500009E+01  -1.256399E-21  -2.697601E-20  -2.023024E-06   1.200000E+02   9.205810E+00
  2.655000000000E+00   2.655236E-12   1.000089E-12   7.500009E+01  -1.398158E-21  -2.977188E-20  -2.232695E-06   1.200000E+02   9.205810E+00
  2.660000000000E+00   2.660236E-12   1.000089E-12   7.500009E+01  -1.554521E-21  -3.282584E-20  -2.461722E-06   1.200000E+02   9.205810E+00
  2.665000000000E+00   2.665237E-12   1.000089E-12   7.500009E+01  -1.726853E-21  -3.615772E-20  -2.711591E-06   1.200000E+02   9.205810E+00
  2.670000000000E+00   2.670237E-12   1.000089E-12   7.500009E+01  -1.916588E-21  -3.979070E-20  -2.984040E-06   1.200000E+02   9.205810E+00
  2.675000000000E+00   2.675238E-12   1.000089E-12   7.500009E+01  -2.125289E-21  -4.374793E-20  -3.280807E-06   1.200000E+02   9.205810E+00
  2.680000000000E+00   2.680238E-12   1.000089E-12   7.500009E+01  -2.354623E-21  -4.805258E-20  -3.603627E-06   1.200000E+02   9.205810E+00
  2.685000000000E+00   2.685239E-12   1.000089E-12   7.500009E+01  -2.606404E-21  -5.273111E-20  -3.954486E-06   1.200000E+02   9.205810E+00
  2.690000000000E+00   2.690239E-12   1.000089E-12   7.500009E+01  -2.882563E-21  -5.781000E-20  -4.335369E-06   1.200000E+02   9.205810E+00
  2.695000000000E+00   2.695239E-12   1.000089E-12   7.500009E+01  -3.185152E-21  -6.330910E-20  -4.747765E-06   1.200000E+02   9.205810E+00
  2.700000000000E+00   2.700240E-12   1.000089E-12   7.500009E+01  -3.516395E-21  -6.927141E-20  -5.194900E-06   1.200000E+02   9.205810E+00
  2.705000000000E+00   2.705240E-12   1.000089E-12   7.500009E+01  -3.878661E-21  -7.572342E-20  -5.678758E-06   1.200000E+02   9.205810E+00
  2.710000000000E+00   2.710241E-12   1.000089E-12   7.500009E+01  -4.274476E-21  -8.269821E-20  -6.201821E-06   1.200000E+02   9.205810E+00
  2.715000000000E+00   2.715241E-12   1.000089E-12   7.500009E+01  -4.706516E-21  -9.022224E-20  -6.766074E-06   1.200000E+02   9.205810E+00
  2.720000000000E+00   2.720242E-12   1.000089E-12   7.500009E+01  -5.177652E-21  -9.834185E-20  -7.374991E-06   1.200000E+02   9.205810E+00
  2.725000000000E+00   2.725242E-12   1.000089E-12   7.500009E+01  -5.690927E-21  -1.070835E-19  -8.030557E-06   1.200000E+02   9.205810E+00
  2.730000000000E+00   2.730243E-12   1.000089E-12   7.500009E+01  -6.249598E-21  -1.164935E-19  -8.736246E-06   1.200000E+02   9.205810E+00
  2.735000000000E+00   2.735243E-12   1.000089E-12   7.500009E+01  -6.857080E-21  -1.266182E-19  -9.495531E-06   1.200000E+02   9.205810E+00
  2.740000000000E+00   2.740243E-12   1.000089E-12   7.500009E+01  -7.517024E-21  -1.374973E-19  -1.031139E-05   1.200000E+02   9.205810E+00
  2.745000000000E+00   2.745244E-12   1.000089E-12   7.500009E+01  -8.233244E-21  -1.491440E-19  -1.118482E-05   1.200000E+02   9.205810E+00
  2.750000000000E+00   2.750244E-12   1.000089E-12   7.500009E+01  -9.009814E-21  -1.616377E-19  -1.212176E-05   1.200000E+02   9.205810E+00
  2.755000000000E+00   2.755245E-12   1.000089E-12   7.500009E+01  -9.850997E-21  -1.750049E-19  -1.312422E-05   1.200000E+02   9.205810E+00
  2.760000000000E+00   2.760245E-12   1.000089E-12   7.500009E+01  -1.076137E-20  -1.893119E-19  -1.419714E-05   1.200000E+02   9.205810E+00
  2.765000000000E+00   2.765246E-12   1.000089E-12   7.500009E+01  -1.174565E-20  -2.045717E-19  -1.534153E-05   1.200000E+02   9.205810E+00
  2.770000000000E+00   2.770246E-12   1.000089E-12   7.500009E+01  -1.280881E-20  -2.208638E-19  -1.656333E-05   1.200000E+02   9.205810E+00
  2.775000000000E+00   2.775247E-12   1.000089E-12   7.500009E+01  -1.395617E-20  -2.382545E-19  -1.786752E-05   1.200000E+02   9.205810E+00
  2.780000000000E+00   2.780247E-12   1.000089E-12   7.500009E+01  -1.519315E-20  -2.567569E-19  -1.925507E-05   1.200000E+02   9.205810E+00
  2.785000000000E+00   2.785247E-12   1.000089E-12   7.500009E+01  -1.652554E-20  -2.764239E-19  -2.072997E-05   1.200000E+02   9.205810E+00
  2.790000000000E+00   2.790248E-12   1.000089E-12   7.500009E+01  -1.795935E-20  -2.973350E-19  -2.229817E-05   1.200000E+02   9.205810E+00
  2.795000000000E+00   2.795248E-12   1.000089E-12   7.500009E+01  -1.950085E-20  -3.194902E-19  -2.395967E-05   1.200000E+02   9.205810E+00
  2.800000000000E+00   2.800249E-12   1.000089E-12   7.500009E+01  -2.115658E-20  -3.430219E-19  -2.572438E-05   1.200000E+02   9.205810E+00
  2.805000000000E+00   2.805249E-12   1.000089E-12   7.500009E+01  -2.293339E-20  -3.679564E-19  -2.759431E-05   1.200000E+02   9.205810E+00
  2.810000000000E+00   2.810250E-12   1.000089E-12   7.500009E+01  -2.483842E-20  -3.943203E-19  -2.957143E-05   1.200000E+02   9.205810E+00
  2.815000000000E+00   2.815250E-12   1.000089E-12   7.500009E+01  -2.687903E-20  -4.221665E-19  -3.165971E-05   1.200000E+02   9.205810E+00
  2.820000000000E+00   2.820251E-12   1.000089E-12   7.500009E+01  -2.906268E-20  -4.516274E-19  -3.386908E-05   1.200000E+02   9.205810E+00
  2.825000000000E+00   2.825251E-12   1.000089E-12   7.500009E+01  -3.139764E-20  -4.825970E-19  -3.619160E-05   1.200000E+02   9.205810E+00
  2.830000000000E+00   2.830251E-12   1.000089E-12   7.500009E+01  -3.389183E-20  -5.153666E-19  -3.864910E-05   1.200000E+02   9.205810E+00
  2.835000000000E+00   2.835252E-12   1.000089E-12   7.500009E+01  -3.655384E-20  -5.497773E-19  -4.122968E-05   1.200000E+02   9.205810E+00
  2.840000000000E+00   2.840252E-12   1.000089E-12   7.500009E+01  -3.939236E-20  -5.859350E-19  -4.394127E-05   1.200000E+02   9.205810E+00
  2.845000000000E+00   2.845253E-12   1.000089E-12   7.500009E+01  -4.241648E-20  -6.239986E-19  -4.679579E-05   1.200000E+02   9.205810E+00
  2.850000000000E+00   2.850253E-12   1.000089E-12   7.500009E+01  -4.563552E-20  -6.639150E-19  -4.978926E-05   1.200000E+02   9.205810E+00
  2.855000000000E+00   2.855254E-12   1.000089E-12   7.500009E+01  -4.905891E-20  -7.057902E-19  -5.292962E-05   1.200000E+02   9.205810E+00
  2.860000000000E+00   2.860254E-12   1.000089E-12   7.500009E+01  -5.269660E-20  -7.496242E-19  -5.621688E-05   1.200000E+02   9.205810E+00
  2.865000000000E+00   2.865255E-12   1.000089E-12   7.500009E+01  -5.655843E-20  -7.955228E-19  -5.965897E-05   1.200000E+02   9.205810E+00
  2.870000000000E+00   2.870255E-12   1.000089E-12   7.500009E+01  -6.065490E-20  -8.434860E-19  -6.325590E-05   1.200000E+02   9.205810E+00
  2.875000000000E+00   2.875256E-12   1.000089E-12   7.500009E+01  -6.499668E-20  -8.936198E-19  -6.701560E-05   1.200000E+02   9.205810E+00
  2.880000000000E+00   2.880256E-12   1.000089E-12   7.500009E+01  -6.959416E-20  -9.458182E-19  -7.093014E-05   1.200000E+02   9.205810E+00
  2.885000000000E+00   2.885257E-12   1.000311E-12   7.500030E+01  -7.445889E-20  -1.000346E-18  -7.500292E-05   1.200000E+02   9.205810E+00
  2.890000000000E+00   2.890258E-12   1.000311E-12   7.500030E+01  -7.960165E-20  -1.057097E-18  -7.925795E-05   1.200000E+02   9.205810E+00
  2.895000000000E+00   2.895260E-12   1.000311E-12   7.500030E+01  -8.503388E-20  -1.116284E-18  -8.369557E-05   1.200000E+02   9.205810E+00
  2.900000000000E+00   2.900261E-12   1.000311E-12   7.500030E+01  -9.076766E-20  -1.177693E-18  -8.829990E-05   1.200000E+02   9.205810E+00
  2.905000000000E+00   2.905263E-12   1.000311E-12   7.500030E+01  -9.681420E-20  -1.241433E-18  -9.307888E-05   1.200000E+02   9.205810E+00
  2.910000000000E+00   2.910264E-12   1.000311E-12   7.500030E+01  -1.031856E-19  -1.307607E-18  -9.804044E-05   1.200000E+02   9.205810E+00
  2.915000000000E+00   2.915266E-12   1.000311E-12   7.500030E+01  -1.098943E-19  -1.376217E-18  -1.031846E-04   1.200000E+02   9.205810E+00
  2.920000000000E+00   2.920267E-12   1.000311E-12   7.500030E+01  -1.169524E-19  -1.447473E-18  -1.085272E-04   1.200000E+02   9.205810E+00
  2.925000000000E+00   2.925269E-12   1.000311E-12   7.500030E+01  -1.243728E-19  -1.521165E-18  -1.140524E-04   1.200000E+02   9.205810E+00
  2.930000000000E+00   2.930271E-12   1.000311E-12   7.500030E+01  -1.321681E-19  -1.597398E-18  -1.197681E-04   1.200000E+02   9.205810E+00
  2.935000000000E+00   2.935272E-12   1.000311E-12   7.500030E+01  -1.403504E-19  -1.676066E-18  -1.256664E-04   1.200000E+02   9.205810E+00
  2.940000000000E+00   2.940274E-12   1.000311E-12   7.500030E+01  -1.489332E-19  -1.757382E-18  -1.317632E-04   1.200000E+02   9.205810E+00
  2.945000000000E+00   2.945275E-12   1.000311E-12   7.500030E+01  -1.579291E-19  -1.841450E-18  -1.380663E-04   1.200000E+02   9.205810E+00
  2.950000000000E+00   2.950277E-12   1.000311E-12   7.500030E+01  -1.673515E-19  -1.928059E-18  -1.445600E-04   1.200000E+02   9.205810E+00
  2.955000000000E+00   2.955278E-12   1.000311E-12   7.500030E+01  -1.772135E-19  -2.017421E-18  -1.512601E-04   1.200000E+02   9.205810E+00
  2.960000000000E+00   2.960280E-12   1.000422E-12   7.500041E+01  -1.875287E-19  -2.109112E-18  -1.581175E-04   1.200000E+02   9.205810E+00
  2.965000000000E+00   2.965283E-12   1.000533E-12   7.500051E+01  -1.983097E-19  -2.203768E-18  -1.651957E-04   1.200000E+02   9.205810E+00
  2.970000000000E+00   2.970285E-12   1.000533E-12   7.500051E+01  -2.095710E-19  -2.301177E-18  -1.724975E-04   1.200000E+02   9.205810E+00
  2.975000000000E+00   2.975288E-12   1.000533E-12   7.500051E+01  -2.213257E-19  -2.401127E-18  -1.799898E-04   1.200000E+02   9.205810E+00
  2.980000000000E+00   2.980291E-12   1.000533E-12   7.500051E+01  -2.335874E-19  -2.504041E-18  -1.877043E-04   1.200000E+02   9.205810E+00
  2.985000000000E+00   2.985293E-12   1.000533E-12   7.500051E+01  -2.463695E-19  -2.609285E-18  -1.955935E-04   1.200000E+02   9.205810E+00
  2.990000000000E+00   2.990296E-12   1.000533E-12   7.500051E+01  -2.596853E-19  -2.717705E-18  -2.037207E-04   1.200000E+02   9.205810E+00
  2.995000000000E+00   2.995299E-12   1.000533E-12   7.500051E+01  -2.735504E-19  -2.828878E-18  -2.120543E-04   1.200000E+02   9.205810E+00
  3.000000000000E+00   3.000301E-12   1.000533E-12   7.500051E+01  -2.879779E-19  -2.942592E-18  -2.205784E-04   1.200000E+02   9.205810E+00
  3.005000000000E+00   3.005304E-12   1.000533E-12   7.500051E+01  -3.029814E-19  -3.059271E-18  -2.293247E-04   1.200000E+02   9.205810E+00
  3.010000000000E+00   3.010307E-12   1.000533E-12   7.500051E+01  -3.185748E-19  -3.178703E-18  -2.382773E-04   1.200000E+02   9.205810E+00
  3.015000000000E+00   3.015310E-12   1.000755E-12   7.500072E+01  -3.347731E-19  -3.301099E-18  -2.473980E-04   1.200000E+02   9.205810E+00
  3.020000000000E+00   3.020313E-12   1.000755E-12   7.500072E+01  -3.515909E-19  -3.426248E-18  -2.567772E-04   1.200000E+02   9.205810E+00
  3.025000000000E+00   3.025317E-12   1.000755E-12   7.500072E+01  -3.690415E-19  -3.554574E-18  -2.663945E-04   1.200000E+02   9.205810E+00
  3.030000000000E+00   3.030321E-12   1.000755E-12   7.500072E+01  -3.871426E-19  -3.685864E-18  -2.762339E-04   1.200000E+02   9.205810E+00
  3.035000000000E+00   3.035325E-12   1.000755E-12   7.500072E+01  -4.059052E-19  -3.820119E-18  -2.862955E-04   1.200000E+02   9.205810E+00
  3.040000000000E+00   3.040329E-12   1.000755E-12   7.500072E+01  -4.253463E-19  -3.956914E-18  -2.965475E-04   1.200000E+02   9.205810E+00
  3.045000000000E+00   3.045332E-12   1.000755E-12   7.500072E+01  -4.454811E-19  -4.097522E-18  -3.070853E-04   1.200000E+02   9.205810E+00
  3.050000000000E+00   3.050336E-12   1.000755E-12   7.500072E+01  -4.663258E-19  -4.241094E-18  -3.178451E-04   1.200000E+02   9.205810E+00
  3.055000000000E+00   3.055340E-12   1.000866E-12   7.500083E+01  -4.878946E-19  -4.387207E-18  -3.287595E-04   1.200000E+02   9.205810E+00
  3.060000000000E+00   3.060345E-12   1.000977E-12   7.500094E+01  -5.102046E-19  -4.537555E-18  -3.399887E-04   1.200000E+02   9.205810E+00
  3.065000000000E+00   3.065350E-12   1.000977E-12   7.500094E+01  -5.332736E-19  -4.690445E-18  -3.514444E-04   1.200000E+02   9.205810E+00
  3.070000000000E+00   3.070355E-12   1.000977E-12   7.500094E+01  -5.571175E-19  -4.847570E-18  -3.632174E-04   1.200000E+02   9.205810E+00
  3.075000000000E+00   3.075359E-12   1.000977E-12   7.500094E+01  -5.817543E-19  -5.007659E-18  -3.752125E-04   1.200000E+02   9.205810E+00
  3.080000000000E+00   3.080364E-12   1.000977E-12   7.500094E+01  -6.072009E-19  -5.171560E-18  -3.874932E-04   1.200000E+02   9.205810E+00
  3.085000000000E+00   3.085369E-12   1.000977E-12   7.500094E+01  -6.334775E-19  -5.339696E-18  -4.000913E-04   1.200000E+02   9.205810E+00
  3.090000000000E+00   3.090374E-12   1.000977E-12   7.500094E+01  -6.606029E-19  -5.511220E-18  -4.129432E-04   1.200000E+02   9.205810E+00
  3.095000000000E+00   3.095380E-12   1.001199E-12   7.500115E+01  -6.885965E-19  -5.686979E-18  -4.260191E-04   1.200000E+02   9.205810E+00
  3.100000000000E+00   3.100386E-12   1.001199E-12   7.500115E+01  -7.174795E-19  -5.866974E-18  -4.395028E-04   1.200000E+02   9.205810E+00
  3.105000000000E+00   3.105392E-12   1.001199E-12   7.500115E+01  -7.472756E-19  -6.052050E-18  -4.533671E-04   1.200000E+02   9.205810E+00
  3.110000000000E+00   3.110398E-12   1.001199E-12   7.500115E+01  -7.780051E-19  -6.240939E-18  -4.675170E-04   1.200000E+02   9.205810E+00
  3.115000000000E+00   3.115404E-12   1.001199E-12   7.500115E+01  -8.096934E-19  -6.434909E-18  -4.820476E-04   1.200000E+02   9.205810E+00
  3.120000000000E+00   3.120410E-12   1.001199E-12   7.500115E+01  -8.423635E-19  -6.633962E-18  -4.969589E-04   1.200000E+02   9.205810E+00
  3.125000000000E+00   3.125417E-12   1.001421E-12   7.500136E+01  -8.760432E-19  -6.838944E-18  -5.122022E-04   1.200000E+02   9.205810E+00
  3.130000000000E+00   3.130424E-12   1.001421E-12   7.500136E+01  -9.107580E-19  -7.048161E-18  -5.278715E-04   1.200000E+02   9.205810E+00
  3.135000000000E+00   3.135431E-12   1.001421E-12   7.500136E+01  -9.465384E-19  -7.264155E-18  -5.440483E-04   1.200000E+02   9.205810E+00
  3.140000000000E+00   3.140438E-12   1.001421E-12   7.500136E+01  -9.834131E-19  -7.486924E-18  -5.607326E-04   1.200000E+02   9.205810E+00
  3.145000000000E+00   3.145445E-12   1.001421E-12   7.500136E+01  -1.021414E-18  -7.715623E-18  -5.778610E-04   1.200000E+02   9.205810E+00
  3.150000000000E+00   3.150453E-12   1.001643E-12   7.500158E+01  -1.060576E-18  -7.951098E-18  -5.953666E-04   1.200000E+02   9.205810E+00
  3.155000000000E+00   3.155461E-12   1.001643E-12   7.500158E+01  -1.100936E-18  -8.194197E-18  -6.135694E-04   1.200000E+02   9.205810E+00
  3.160000000000E+00   3.160469E-12   1.001643E-12   7.500158E+01  -1.142530E-18  -8.444918E-18  -6.323431E-04   1.200000E+02   9.205810E+00
  3.165000000000E+00   3.165477E-12   1.001643E-12   7.500158E+01  -1.185397E-18  -8.703264E-18  -6.516876E-04   1.200000E+02   9.205810E+00
  3.170000000000E+00   3.170486E-12   1.001754E-12   7.500168E+01  -1.229581E-18  -8.971773E-18  -6.717197E-04   1.200000E+02   9.205810E+00
  3.175000000000E+00   3.175495E-12   1.001865E-12   7.500179E+01  -1.275128E-18  -9.248753E-18  -6.923815E-04   1.200000E+02   9.205810E+00
  3.180000000000E+00   3.180504E-12   1.001865E-12   7.500179E+01  -1.322081E-18  -9.535050E-18  -7.138144E-04   1.200000E+02   9.205810E+00
  3.185000000000E+00   3.185514E-12   1.001865E-12   7.500179E+01  -1.370494E-18  -9.832358E-18  -7.360715E-04   1.200000E+02   9.205810E+00
  3.190000000000E+00   3.190523E-12   1.001976E-12   7.500190E+01  -1.420421E-18  -1.013983E-17  -7.590066E-04   1.200000E+02   9.205810E+00
  3.195000000000E+00   3.195533E-12   1.002087E-12   7.500200E+01  -1.471916E-18  -1.046001E-17  -7.828876E-04   1.200000E+02   9.205810E+00
  3.200000000000E+00   3.200544E-12   1.002087E-12   7.500200E+01  -1.525043E-18  -1.079289E-17  -8.078025E-04   1.200000E+02   9.205810E+00
  3.205000000000E+00   3.205554E-12   1.002087E-12   7.500200E+01  -1.579865E-18  -1.113848E-17  -8.336684E-04   1.200000E+02   9.205810E+00
  3.210000000000E+00   3.210565E-12   1.002309E-12   7.500221E+01  -1.636447E-18  -1.149763E-17  -8.603605E-04   1.200000E+02   9.205810E+00
  3.215000000000E+00   3.215577E-12   1.002309E-12   7.500221E+01  -1.694865E-18  -1.187286E-17  -8.884391E-04   1.200000E+02   9.205810E+00
  3.220000000000E+00   3.220588E-12   1.002309E-12   7.500221E+01  -1.755196E-18  -1.226250E-17  -9.175953E-04   1.200000E+02   9.205810E+00
  3.225000000000E+00   3.225601E-12   1.002531E-12   7.500243E+01  -1.817522E-18  -1.267077E-17  -9.479386E-04   1.200000E+02   9.205810E+00
  3.230000000000E+00   3.230613E-12   1.002531E-12   7.500243E+01  -1.881932E-18  -1.309682E-17  -9.798133E-04   1.200000E+02   9.205810E+00
  3.235000000000E+00   3.235626E-12   1.002531E-12   7.500243E+01  -1.948521E-18  -1.354236E-17  -1.013145E-03   1.200000E+02   9.205810E+00
  3.240000000000E+00   3.240639E-12   1.002753E-12   7.500264E+01  -2.017386E-18  -1.400823E-17  -1.047769E-03   1.200000E+02   9.205810E+00
  3.245000000000E+00   3.245653E-12   1.002753E-12   7.500264E+01  -2.088642E-18  -1.449612E-17  -1.084262E-03   1.200000E+02   9.205810E+00
  3.250000000000E+00   3.250668E-12   1.002975E-12   7.500285E+01  -2.162392E-18  -1.500773E-17  -1.122283E-03   1.200000E+02   9.205810E+00
  3.255000000000E+00   3.255683E-12   1.002975E-12   7.500285E+01  -2.238763E-18  -1.554644E-17  -1.162568E-03   1.200000E+02   9.205810E+00
  3.260000000000E+00   3.260698E-12   1.003198E-12   7.500306E+01  -2.317893E-18  -1.611057E-17  -1.204490E-03   1.200000E+02   9.205810E+00
  3.265000000000E+00   3.265714E-12   1.003198E-12   7.500306E+01  -2.399913E-18  -1.670349E-17  -1.248820E-03   1.200000E+02   9.205810E+00
  3.270000000000E+00   3.270730E-12   1.003420E-12   7.500328E+01  -2.484979E-18  -1.732860E-17  -1.295273E-03   1.200000E+02   9.205810E+00
  3.275000000000E+00   3.275747E-12   1.003420E-12   7.500328E+01  -2.573250E-18  -1.798759E-17  -1.344531E-03   1.200000E+02   9.205810E+00
  3.280000000000E+00   3.280765E-12   1.003642E-12   7.500349E+01  -2.664906E-18  -1.868216E-17  -1.396143E-03   1.200000E+02   9.205810E+00
  3.285000000000E+00   3.285784E-12   1.003864E-12   7.500370E+01  -2.760126E-18  -1.941400E-17  -1.450517E-03   1.200000E+02   9.205810E+00
  3.290000000000E+00   3.290803E-12   1.003864E-12   7.500370E+01  -2.859113E-18  -2.018818E-17  -1.508361E-03   1.200000E+02   9.205810E+00
  3.295000000000E+00   3.295823E-12   1.004086E-12   7.500391E+01  -2.962082E-18  -2.100642E-17  -1.569152E-03   1.200000E+02   9.205810E+00
  3.300000000000E+00   3.300844E-12   1.004308E-12   7.500413E+01  -3.069262E-18  -2.187547E-17  -1.633713E-03   1.200000E+02   9.205810E+00
  3.305000000000E+00   3.305865E-12   1.004419E-12   7.500423E+01  -3.180911E-18  -2.279366E-17  -1.702100E-03   1.200000E+02   9.205810E+00
  3.310000000000E+00   3.310888E-12   1.004641E-12   7.500444E+01  -3.297290E-18  -2.376944E-17  -1.774578E-03   1.200000E+02   9.205810E+00
  3.315000000000E+00   3.315912E-12   1.004752E-12   7.500455E+01  -3.418694E-18  -2.480282E-17  -1.851526E-03   1.200000E+02   9.205810E+00
  3.320000000000E+00   3.320937E-12   1.004974E-12   7.500476E+01  -3.545434E-18  -2.590396E-17  -1.933304E-03   1.200000E+02   9.205810E+00
  3.325000000000E+00   3.325962E-12   1.005196E-12   7.500498E+01  -3.677845E-18  -2.707456E-17  -2.020230E-03   1.200000E+02   9.205810E+00
  3.330000000000E+00   3.330989E-12   1.005529E-12   7.500529E+01  -3.816294E-18  -2.831801E-17  -2.112321E-03   1.200000E+02   9.205810E+00
  3.335000000000E+00   3.336018E-12   1.005862E-12   7.500561E+01  -3.961178E-18  -2.964954E-17  -2.210921E-03   1.200000E+02   9.205810E+00
  3.340000000000E+00   3.341047E-12   1.006084E-12   7.500582E+01  -4.112925E-18  -3.106578E-17  -2.316023E-03   1.200000E+02   9.205810E+00
  3.345000000000E+00   3.346078E-12   1.006306E-12   7.500603E+01  -4.271991E-18  -3.258028E-17  -2.428403E-03   1.200000E+02   9.205810E+00
  3.350000000000E+00   3.351111E-12   1.006639E-12   7.500635E+01  -4.438884E-18  -3.419641E-17  -2.548031E-03   1.200000E+02   9.205810E+00
  3.355000000000E+00   3.356145E-12   1.006972E-12   7.500667E+01  -4.614139E-18  -3.592775E-17  -2.676162E-03   1.200000E+02   9.205810E+00
  3.360000000000E+00   3.361181E-12   1.007416E-12   7.500709E+01  -4.798344E-18  -3.778106E-17  -2.812985E-03   1.200000E+02   9.205810E+00
  3.365000000000E+00   3.366219E-12   1.007749E-12   7.500741E+01  -4.992146E-18  -3.976311E-17  -2.959593E-03   1.200000E+02   9.205810E+00
  3.370000000000E+00   3.371258E-12   1.008194E-12   7.500783E+01  -5.196206E-18  -4.188747E-17  -3.116355E-03   1.200000E+02   9.205810E+00
  3.375000000000E+00   3.376300E-12   1.008638E-12   7.500826E+01  -5.411285E-18  -4.417107E-17  -3.284822E-03   1.200000E+02   9.205810E+00
  3.380000000000E+00   3.381345E-12   1.009082E-12   7.500868E+01  -5.638181E-18  -4.661731E-17  -3.465232E-03   1.200000E+02   9.205810E+00
  3.385000000000E+00   3.386392E-12   1.009637E-12   7.500921E+01  -5.877756E-18  -4.924650E-17  -3.658683E-03   1.200000E+02   9.205810E+00
  3.390000000000E+00   3.391441E-12   1.010192E-12   7.500973E+01  -6.130958E-18  -5.207220E-17  -3.866514E-03   1.200000E+02   9.205810E+00
  3.395000000000E+00   3.396493E-12   1.010747E-12   7.501026E+01  -6.398803E-18  -5.510458E-17  -4.089459E-03   1.200000E+02   9.205810E+00
  3.400000000000E+00   3.401549E-12   1.011413E-12   7.501089E+01  -6.682390E-18  -5.837073E-17  -4.329033E-03   1.200000E+02   9.205810E+00
  3.405000000000E+00   3.406608E-12   1.012079E-12   7.501153E+01  -6.982903E-18  -6.188084E-17  -4.586376E-03   1.200000E+02   9.205810E+00
  3.410000000000E+00   3.411670E-12   1.012856E-12   7.501226E+01  -7.301591E-18  -6.564844E-17  -4.861931E-03   1.200000E+02   9.205810E+00
  3.415000000000E+00   3.416736E-12   1.013634E-12   7.501300E+01  -7.639862E-18  -6.971420E-17  -5.159134E-03   1.200000E+02   9.205810E+00
  3.420000000000E+00   3.421806E-12   1.014411E-12   7.501374E+01  -7.999167E-18  -7.407134E-17  -5.477434E-03   1.200000E+02   9.205810E+00
  3.425000000000E+00   3.426881E-12   1.015299E-12   7.501458E+01  -8.381077E-18  -7.875374E-17  -5.818659E-03   1.200000E+02   9.205810E+00
  3.430000000000E+00   3.431960E-12   1.016409E-12   7.501562E+01  -8.787314E-18  -8.380205E-17  -6.184973E-03   1.200000E+02   9.205810E+00
  3.435000000000E+00   3.437045E-12   1.017519E-12   7.501667E+01  -9.219653E-18  -8.920951E-17  -6.576976E-03   1.200000E+02   9.205810E+00
  3.440000000000E+00   3.442135E-12   1.018630E-12   7.501772E+01  -9.680046E-18  -9.501677E-17  -6.997579E-03   1.200000E+02   9.205810E+00
  3.445000000000E+00   3.447231E-12   1.019740E-12   7.501877E+01  -1.017050E-17  -1.012509E-16  -7.448684E-03   1.200000E+02   9.205810E+00
  3.450000000000E+00   3.452333E-12   1.021072E-12   7.502002E+01  -1.069325E-17  -1.079323E-16  -7.929984E-03   1.200000E+02   9.205810E+00
  3.455000000000E+00   3.457442E-12   1.022404E-12   7.502127E+01  -1.125059E-17  -1.150881E-16  -8.444851E-03   1.200000E+02   9.205810E+00
  3.460000000000E+00   3.462558E-12   1.023959E-12   7.502273E+01  -1.184490E-17  -1.227317E-16  -8.992224E-03   1.200000E+02   9.205810E+00
  3.465000000000E+00   3.467681E-12   1.025513E-12   7.502418E+01  -1.247878E-17  -1.309174E-16  -9.577618E-03   1.200000E+02   9.205810E+00
  3.470000000000E+00   3.472812E-12   1.027178E-12   7.502574E+01  -1.315491E-17  -1.396452E-16  -1.019977E-02   1.200000E+02   9.205810E+00
  3.475000000000E+00   3.477953E-12   1.028955E-12   7.502740E+01  -1.387610E-17  -1.489287E-16  -1.085931E-02   1.200000E+02   9.205810E+00
  3.480000000000E+00   3.483102E-12   1.030731E-12   7.502906E+01  -1.464523E-17  -1.588221E-16  -1.156099E-02   1.200000E+02   9.205810E+00
  3.485000000000E+00   3.488260E-12   1.032729E-12   7.503092E+01  -1.546538E-17  -1.693253E-16  -1.230199E-02   1.200000E+02   9.205810E+00
  3.490000000000E+00   3.493430E-12   1.034950E-12   7.503298E+01  -1.633960E-17  -1.804790E-16  -1.308457E-02   1.200000E+02   9.205810E+00
  3.495000000000E+00   3.498610E-12   1.037170E-12   7.503504E+01  -1.727114E-17  -1.922562E-16  -1.390895E-02   1.200000E+02   9.205810E+00
  3.500000000000E+00   3.503801E-12   1.039391E-12   7.503709E+01  -1.826324E-17  -2.046974E-16  -1.477779E-02   1.200000E+02   9.205810E+00
  3.505000000000E+00   3.509005E-12   1.041833E-12   7.503934E+01  -1.931920E-17  -2.178027E-16  -1.568751E-02   1.200000E+02   9.205810E+00
  3.510000000000E+00   3.514220E-12   1.044498E-12   7.504179E+01  -2.044235E-17  -2.315856E-16  -1.663823E-02   1.200000E+02   9.205810E+00
  3.515000000000E+00   3.519449E-12   1.047162E-12   7.504424E+01  -2.163611E-17  -2.460326E-16  -1.763177E-02   1.200000E+02   9.205810E+00
  3.520000000000E+00   3.524692E-12   1.049938E-12   7.504678E+01  -2.290376E-17  -2.611572E-16  -1.866682E-02   1.200000E+02   9.205810E+00
  3.525000000000E+00   3.529949E-12   1.052824E-12   7.504941E+01  -2.424855E-17  -2.769052E-16  -1.973888E-02   1.200000E+02   9.205810E+00
  3.530000000000E+00   3.535221E-12   1.055822E-12   7.505214E+01  -2.567374E-17  -2.932767E-16  -2.084730E-02   1.200000E+02   9.205810E+00
  3.535000000000E+00   3.540508E-12   1.058931E-12   7.505497E+01  -2.718246E-17  -3.102987E-16  -2.199337E-02   1.200000E+02   9.205810E+00
  3.540000000000E+00   3.545810E-12   1.062150E-12   7.505788E+01  -2.877764E-17  -3.278627E-16  -2.316874E-02   1.200000E+02   9.205810E+00
  3.545000000000E+00   3.551129E-12   1.065481E-12   7.506089E+01  -3.046211E-17  -3.460231E-16  -2.437660E-02   1.200000E+02   9.205810E+00
  3.550000000000E+00   3.556465E-12   1.068812E-12   7.506388E+01  -3.223853E-17  -3.646443E-16  -2.560939E-02   1.200000E+02   9.205810E+00
  3.555000000000E+00   3.561817E-12   1.072142E-12   7.506687E+01  -3.410926E-17  -3.837263E-16  -2.686689E-02   1.200000E+02   9.205810E+00
  3.560000000000E+00   3.567187E-12   1.075695E-12   7.507004E+01  -3.607655E-17  -4.032419E-16  -2.814123E-02   1.200000E+02   9.205810E+00
  3.565000000000E+00   3.572574E-12   1.079248E-12   7.507321E+01  -3.814228E-17  -4.231099E-16  -2.943181E-02   1.200000E+02   9.205810E+00
  3.570000000000E+00   3.577978E-12   1.082801E-12   7.507636E+01  -4.030808E-17  -4.432490E-16  -3.073283E-02   1.200000E+02   9.205810E+00
  3.575000000000E+00   3.583401E-12   1.086353E-12   7.507951E+01  -4.257525E-17  -4.636591E-16  -3.204418E-02   1.200000E+02   9.205810E+00
  3.580000000000E+00   3.588842E-12   1.089906E-12   7.508264E+01  -4.494483E-17  -4.842047E-16  -3.335643E-02   1.200000E+02   9.205810E+00
  3.585000000000E+00   3.594300E-12   1.093459E-12   7.508576E+01  -4.741768E-17  -5.049130E-16  -3.467143E-02   1.200000E+02   9.205810E+00
  3.590000000000E+00   3.599777E-12   1.097011E-12   7.508888E+01  -4.999429E-17  -5.257296E-16  -3.598545E-02   1.200000E+02   9.205810E+00
  3.595000000000E+00   3.605271E-12   1.100675E-12   7.509208E+01  -5.267476E-17  -5.464921E-16  -3.728369E-02   1.200000E+02   9.205810E+00
  3.600000000000E+00   3.610783E-12   1.104228E-12   7.509517E+01  -5.545921E-17  -5.672546E-16  -3.857726E-02   1.200000E+02   9.205810E+00
  3.605000000000E+00   3.616313E-12   1.107670E-12   7.509816E+01  -5.834720E-17  -5.879628E-16  -3.986291E-02   1.200000E+02   9.205810E+00
  3.610000000000E+00   3.621861E-12   1.111222E-12   7.510123E+01  -6.133851E-17  -6.085627E-16  -4.112931E-02   1.200000E+02   9.205810E+00
  3.615000000000E+00   3.627426E-12   1.114775E-12   7.510429E+01  -6.443261E-17  -6.290541E-16  -4.238045E-02   1.200000E+02   9.205810E+00
  3.620000000000E+00   3.633008E-12   1.118106E-12   7.510716E+01  -6.762884E-17  -6.494371E-16  -4.362502E-02   1.200000E+02   9.205810E+00
  3.625000000000E+00   3.638607E-12   1.121547E-12   7.511011E+01  -7.092676E-17  -6.697117E-16  -4.485064E-02   1.200000E+02   9.205810E+00
  3.630000000000E+00   3.644223E-12   1.124989E-12   7.511305E+01  -7.432574E-17  -6.898778E-16  -4.606163E-02   1.200000E+02   9.205810E+00
  3.635000000000E+00   3.649857E-12   1.128320E-12   7.511589E+01  -7.782554E-17  -7.099898E-16  -4.726631E-02   1.200000E+02   9.205810E+00
  3.640000000000E+00   3.655506E-12   1.131650E-12   7.511871E+01  -8.142574E-17  -7.301560E-16  -4.846760E-02   1.200000E+02   9.205810E+00
  3.645000000000E+00   3.661173E-12   1.134981E-12   7.512154E+01  -8.512667E-17  -7.502137E-16  -4.965476E-02   1.200000E+02   9.205810E+00
  3.650000000000E+00   3.666856E-12   1.138312E-12   7.512435E+01  -8.892842E-17  -7.704883E-16  -5.084937E-02   1.200000E+02   9.205810E+00
  3.655000000000E+00   3.672556E-12   1.141642E-12   7.512715E+01  -9.283177E-17  -7.909255E-16  -5.204781E-02   1.200000E+02   9.205810E+00
  3.660000000000E+00   3.678273E-12   1.144973E-12   7.512995E+01  -9.683789E-17  -8.115253E-16  -5.325004E-02   1.200000E+02   9.205810E+00
  3.665000000000E+00   3.684007E-12   1.148526E-12   7.513292E+01  -1.009479E-16  -8.325046E-16  -5.445982E-02   1.200000E+02   9.205810E+00
  3.670000000000E+00   3.689758E-12   1.152078E-12   7.513588E+01  -1.051637E-16  -8.539176E-16  -5.569053E-02   1.200000E+02   9.205810E+00
  3.675000000000E+00   3.695527E-12   1.155631E-12   7.513884E+01  -1.094877E-16  -8.757643E-16  -5.694197E-02   1.200000E+02   9.205810E+00
  3.680000000000E+00   3.701314E-12   1.159184E-12   7.514179E+01  -1.139223E-16  -8.981531E-16  -5.822098E-02   1.200000E+02   9.205810E+00
  3.685000000000E+00   3.707119E-12   1.162959E-12   7.514491E+01  -1.184704E-16  -9.211924E-16  -5.952311E-02   1.200000E+02   9.205810E+00
  3.690000000000E+00   3.712943E-12   1.166844E-12   7.514811E+01  -1.231354E-16  -9.449364E-16  -6.085660E-02   1.200000E+02   9.205810E+00
  3.695000000000E+00   3.718787E-12   1.170730E-12   7.515130E+01  -1.279209E-16  -9.693852E-16  -6.222659E-02   1.200000E+02   9.205810E+00
  3.700000000000E+00   3.724651E-12   1.174838E-12   7.515466E+01  -1.328305E-16  -9.945929E-16  -6.362434E-02   1.200000E+02   9.205810E+00
  3.705000000000E+00   3.730536E-12   1.179057E-12   7.515810E+01  -1.378678E-16  -1.020451E-15  -6.504789E-02   1.200000E+02   9.205810E+00
  3.710000000000E+00   3.736441E-12   1.183276E-12   7.516153E+01  -1.430366E-16  -1.047231E-15  -6.651998E-02   1.200000E+02   9.205810E+00
  3.715000000000E+00   3.742369E-12   1.187717E-12   7.516512E+01  -1.483410E-16  -1.074661E-15  -6.801036E-02   1.200000E+02   9.205810E+00
  3.720000000000E+00   3.748318E-12   1.192157E-12   7.516870E+01  -1.537845E-16  -1.102850E-15  -6.953766E-02   1.200000E+02   9.205810E+00
  3.725000000000E+00   3.754290E-12   1.196709E-12   7.517236E+01  -1.593706E-16  -1.131690E-15  -7.108812E-02   1.200000E+02   9.205810E+00
  3.730000000000E+00   3.760286E-12   1.201372E-12   7.517609E+01  -1.651023E-16  -1.161181E-15  -7.266108E-02   1.200000E+02   9.205810E+00
  3.735000000000E+00   3.766304E-12   1.206146E-12   7.517990E+01  -1.709832E-16  -1.191321E-15  -7.425585E-02   1.200000E+02   9.205810E+00
  3.740000000000E+00   3.772347E-12   1.210920E-12   7.518369E+01  -1.770159E-16  -1.221896E-15  -7.586514E-02   1.200000E+02   9.205810E+00
  3.745000000000E+00   3.778413E-12   1.215805E-12   7.518755E+01  -1.832028E-16  -1.253012E-15  -7.748851E-02   1.200000E+02   9.205810E+00
  3.750000000000E+00   3.784505E-12   1.220690E-12   7.519140E+01  -1.895465E-16  -1.284454E-15  -7.911910E-02   1.200000E+02   9.205810E+00
  3.755000000000E+00   3.790620E-12   1.225575E-12   7.519523E+01  -1.960482E-16  -1.316330E-15  -8.076349E-02   1.200000E+02   9.205810E+00
  3.760000000000E+00   3.796761E-12   1.230571E-12   7.519913E+01  -2.027102E-16  -1.348531E-15  -8.240753E-02   1.200000E+02   9.205810E+00
  3.765000000000E+00   3.802926E-12   1.235567E-12   7.520302E+01  -2.095342E-16  -1.381057E-15  -8.405827E-02   1.200000E+02   9.205810E+00
  3.770000000000E+00   3.809116E-12   1.240563E-12   7.520689E+01  -2.165212E-16  -1.413908E-15  -8.571561E-02   1.200000E+02   9.205810E+00
  3.775000000000E+00   3.815332E-12   1.245670E-12   7.521084E+01  -2.236735E-16  -1.447085E-15  -8.737180E-02   1.200000E+02   9.205810E+00
  3.780000000000E+00   3.821573E-12   1.250777E-12   7.521476E+01  -2.309921E-16  -1.480478E-15  -8.902769E-02   1.200000E+02   9.205810E+00
  3.785000000000E+00   3.827840E-12   1.255884E-12   7.521867E+01  -2.384791E-16  -1.514414E-15  -9.070277E-02   1.200000E+02   9.205810E+00
  3.790000000000E+00   3.834132E-12   1.261102E-12   7.522265E+01  -2.461367E-16  -1.548674E-15  -9.237584E-02   1.200000E+02   9.205810E+00
  3.795000000000E+00   3.840450E-12   1.266209E-12   7.522653E+01  -2.539670E-16  -1.583586E-15  -9.408211E-02   1.200000E+02   9.205810E+00
  3.800000000000E+00   3.846795E-12   1.271538E-12   7.523056E+01  -2.619729E-16  -1.619039E-15  -9.579043E-02   1.200000E+02   9.205810E+00
  3.805000000000E+00   3.853166E-12   1.276868E-12   7.523457E+01  -2.701578E-16  -1.655035E-15  -9.751663E-02   1.200000E+02   9.205810E+00
  3.810000000000E+00   3.859564E-12   1.282419E-12   7.523873E+01  -2.785246E-16  -1.691789E-15  -9.925625E-02   1.200000E+02   9.205810E+00
  3.815000000000E+00   3.865990E-12   1.287970E-12   7.524288E+01  -2.870772E-16  -1.729411E-15  -1.010318E-01   1.200000E+02   9.205810E+00
  3.820000000000E+00   3.872444E-12   1.293743E-12   7.524717E+01  -2.958198E-16  -1.767792E-15  -1.028190E-01   1.200000E+02   9.205810E+00
  3.825000000000E+00   3.878927E-12   1.299405E-12   7.525136E+01  -3.047566E-16  -1.807148E-15  -1.046559E-01   1.200000E+02   9.205810E+00
  3.830000000000E+00   3.885439E-12   1.305289E-12   7.525569E+01  -3.138923E-16  -1.847372E-15  -1.065092E-01   1.200000E+02   9.205810E+00
  3.835000000000E+00   3.891980E-12   1.311284E-12   7.526009E+01  -3.232317E-16  -1.888572E-15  -1.083930E-01   1.200000E+02   9.205810E+00
  3.840000000000E+00   3.898552E-12   1.317391E-12   7.526455E+01  -3.327794E-16  -1.930747E-15  -1.103065E-01   1.200000E+02   9.205810E+00
  3.845000000000E+00   3.905155E-12   1.323608E-12   7.526906E+01  -3.425407E-16  -1.973898E-15  -1.122489E-01   1.200000E+02   9.205810E+00
  3.850000000000E+00   3.911789E-12   1.329936E-12   7.527364E+01  -3.525194E-16  -2.017809E-15  -1.142068E-01   1.200000E+02   9.205810E+00
  3.855000000000E+00   3.918454E-12   1.336375E-12   7.527827E+01  -3.627205E-16  -2.062695E-15  -1.161920E-01   1.200000E+02   9.205810E+00
  3.860000000000E+00   3.925152E-12   1.342926E-12   7.528297E+01  -3.731475E-16  -2.108340E-15  -1.181912E-01   1.200000E+02   9.205810E+00
  3.865000000000E+00   3.931883E-12   1.349365E-12   7.528755E+01  -3.838047E-16  -2.154743E-15  -1.202235E-01   1.200000E+02   9.205810E+00
  3.870000000000E+00   3.938647E-12   1.356026E-12   7.529228E+01  -3.946960E-16  -2.201798E-15  -1.222531E-01   1.200000E+02   9.205810E+00
  3.875000000000E+00   3.945444E-12   1.362910E-12   7.529714E+01  -4.058245E-16  -2.249720E-15  -1.242910E-01   1.200000E+02   9.205810E+00
  3.880000000000E+00   3.952275E-12   1.369571E-12   7.530181E+01  -4.171936E-16  -2.298183E-15  -1.263588E-01   1.200000E+02   9.205810E+00
  3.885000000000E+00   3.959140E-12   1.376455E-12   7.530662E+01  -4.288067E-16  -2.347189E-15  -1.284161E-01   1.200000E+02   9.205810E+00
  3.890000000000E+00   3.966039E-12   1.383338E-12   7.531141E+01  -4.406668E-16  -2.396846E-15  -1.304886E-01   1.200000E+02   9.205810E+00
  3.895000000000E+00   3.972973E-12   1.390221E-12   7.531617E+01  -4.527769E-16  -2.447261E-15  -1.325820E-01   1.200000E+02   9.205810E+00
  3.900000000000E+00   3.979942E-12   1.397327E-12   7.532106E+01  -4.651407E-16  -2.498435E-15  -1.346749E-01   1.200000E+02   9.205810E+00
  3.905000000000E+00   3.986946E-12   1.404432E-12   7.532593E+01  -4.777613E-16  -2.550044E-15  -1.367701E-01   1.200000E+02   9.205810E+00
  3.910000000000E+00   3.993987E-12   1.411649E-12   7.533084E+01  -4.906438E-16  -2.602953E-15  -1.389033E-01   1.200000E+02   9.205810E+00
  3.915000000000E+00   4.001063E-12   1.418865E-12   7.533573E+01  -5.037917E-16  -2.656512E-15  -1.410496E-01   1.200000E+02   9.205810E+00
  3.920000000000E+00   4.008176E-12   1.426304E-12   7.534075E+01  -5.172102E-16  -2.711156E-15  -1.432097E-01   1.200000E+02   9.205810E+00
  3.925000000000E+00   4.015326E-12   1.433853E-12   7.534581E+01  -5.309045E-16  -2.766884E-15  -1.453936E-01   1.200000E+02   9.205810E+00
  3.930000000000E+00   4.022514E-12   1.441403E-12   7.535085E+01  -5.448799E-16  -2.823479E-15  -1.476004E-01   1.200000E+02   9.205810E+00
  3.935000000000E+00   4.029740E-12   1.449174E-12   7.535601E+01  -5.591419E-16  -2.881593E-15  -1.498407E-01   1.200000E+02   9.205810E+00
  3.940000000000E+00   4.037005E-12   1.456946E-12   7.536114E+01  -5.736971E-16  -2.940790E-15  -1.521136E-01   1.200000E+02   9.205810E+00
  3.945000000000E+00   4.044310E-12   1.464939E-12   7.536639E+01  -5.885511E-16  -3.001072E-15  -1.543954E-01   1.200000E+02   9.205810E+00
  3.950000000000E+00   4.051655E-12   1.473155E-12   7.537175E+01  -6.037109E-16  -3.062871E-15  -1.567072E-01   1.200000E+02   9.205810E+00
  3.955000000000E+00   4.059041E-12   1.481371E-12   7.537708E+01  -6.191824E-16  -3.125755E-15  -1.590488E-01   1.200000E+02   9.205810E+00
  3.960000000000E+00   4.066469E-12   1.489697E-12   7.538246E+01  -6.349710E-16  -3.189723E-15  -1.614081E-01   1.200000E+02   9.205810E+00
  3.965000000000E+00   4.073938E-12   1.498135E-12   7.538788E+01  -6.510823E-16  -3.254992E-15  -1.637949E-01   1.200000E+02   9.205810E+00
  3.970000000000E+00   4.081450E-12   1.506684E-12   7.539333E+01  -6.675227E-16  -3.321345E-15  -1.661976E-01   1.200000E+02   9.205810E+00
  3.975000000000E+00   4.089005E-12   1.515232E-12   7.539876E+01  -6.842961E-16  -3.388565E-15  -1.686168E-01   1.200000E+02   9.205810E+00
  3.980000000000E+00   4.096603E-12   1.523892E-12   7.540423E+01  -7.014079E-16  -3.456437E-15  -1.710291E-01   1.200000E+02   9.205810E+00
  3.985000000000E+00   4.104245E-12   1.532774E-12   7.540980E+01  -7.188627E-16  -3.525392E-15  -1.734431E-01   1.200000E+02   9.205810E+00
  3.990000000000E+00   4.111931E-12   1.541656E-12   7.541534E+01  -7.366644E-16  -3.595431E-15  -1.758828E-01   1.200000E+02   9.205810E+00
  3.995000000000E+00   4.119662E-12   1.550537E-12   7.542085E+01  -7.548179E-16  -3.666121E-15  -1.783265E-01   1.200000E+02   9.205810E+00
  4.000000000000E+00   4.127437E-12   1.559419E-12   7.542633E+01  -7.733274E-16  -3.737679E-15  -1.807848E-01   1.200000E+02   9.205810E+00
  4.005000000000E+00   4.135256E-12   1.568523E-12   7.543191E+01  -7.921968E-16  -3.810320E-15  -1.832423E-01   1.200000E+02   9.205810E+00
  4.010000000000E+00   4.143121E-12   1.577627E-12   7.543746E+01  -8.114310E-16  -3.883829E-15  -1.857132E-01   1.200000E+02   9.205810E+00
  4.015000000000E+00   4.151032E-12   1.586731E-12   7.544298E+01  -8.310364E-16  -3.958422E-15  -1.882078E-01   1.200000E+02   9.205810E+00
  4.020000000000E+00   4.158990E-12   1.596057E-12   7.544860E+01  -8.510182E-16  -4.034316E-15  -1.907097E-01   1.200000E+02   9.205810E+00
  4.025000000000E+00   4.166993E-12   1.605494E-12   7.545425E+01  -8.713813E-16  -4.111295E-15  -1.932207E-01   1.200000E+02   9.205810E+00
  4.030000000000E+00   4.175045E-12   1.615041E-12   7.545994E+01  -8.921338E-16  -4.189791E-15  -1.957605E-01   1.200000E+02   9.205810E+00
  4.035000000000E+00   4.183144E-12   1.624811E-12   7.546572E+01  -9.132822E-16  -4.269805E-15  -1.983146E-01   1.200000E+02   9.205810E+00
  4.040000000000E+00   4.191293E-12   1.634581E-12   7.547147E+01  -9.348349E-16  -4.351554E-15  -2.009188E-01   1.200000E+02   9.205810E+00
  4.045000000000E+00   4.199490E-12   1.644573E-12   7.547731E+01  -9.567991E-16  -4.434604E-15  -2.035251E-01   1.200000E+02   9.205810E+00
  4.050000000000E+00   4.207738E-12   1.654565E-12   7.548312E+01  -9.791835E-16  -4.519388E-15  -2.061795E-01   1.200000E+02   9.205810E+00
  4.055000000000E+00   4.216037E-12   1.664779E-12   7.548902E+01  -1.001996E-15  -4.605691E-15  -2.088439E-01   1.200000E+02   9.205810E+00
  4.060000000000E+00   4.224387E-12   1.675216E-12   7.549501E+01  -1.025243E-15  -4.693511E-15  -2.115171E-01   1.200000E+02   9.205810E+00
  4.065000000000E+00   4.232789E-12   1.685652E-12   7.550097E+01  -1.048934E-15  -4.783066E-15  -2.142353E-01   1.200000E+02   9.205810E+00
  4.070000000000E+00   4.241244E-12   1.696310E-12   7.550701E+01  -1.073075E-15  -4.873922E-15  -2.169505E-01   1.200000E+02   9.205810E+00
  4.075000000000E+00   4.249752E-12   1.707079E-12   7.551308E+01  -1.097675E-15  -4.966296E-15  -2.196854E-01   1.200000E+02   9.205810E+00
  4.080000000000E+00   4.258315E-12   1.717848E-12   7.551911E+01  -1.122740E-15  -5.059755E-15  -2.224342E-01   1.200000E+02   9.205810E+00
  4.085000000000E+00   4.266931E-12   1.728728E-12   7.552516E+01  -1.148275E-15  -5.154731E-15  -2.252013E-01   1.200000E+02   9.205810E+00
  4.090000000000E+00   4.275602E-12   1.739719E-12   7.553124E+01  -1.174288E-15  -5.250791E-15  -2.279671E-01   1.200000E+02   9.205810E+00
  4.095000000000E+00   4.284328E-12   1.750822E-12   7.553733E+01  -1.200784E-15  -5.347936E-15  -2.307310E-01   1.200000E+02   9.205810E+00
  4.100000000000E+00   4.293110E-12   1.761924E-12   7.554339E+01  -1.227771E-15  -5.446598E-15  -2.335257E-01   1.200000E+02   9.205810E+00
  4.105000000000E+00   4.301948E-12   1.773248E-12   7.554954E+01  -1.255253E-15  -5.546778E-15  -2.363214E-01   1.200000E+02   9.205810E+00
  4.110000000000E+00   4.310842E-12   1.784572E-12   7.555564E+01  -1.283240E-15  -5.648043E-15  -2.391281E-01   1.200000E+02   9.205810E+00
  4.115000000000E+00   4.319794E-12   1.796119E-12   7.556182E+01  -1.311737E-15  -5.751042E-15  -2.419435E-01   1.200000E+02   9.205810E+00
  4.120000000000E+00   4.328803E-12   1.807665E-12   7.556796E+01  -1.340754E-15  -5.855776E-15  -2.447959E-01   1.200000E+02   9.205810E+00
  4.125000000000E+00   4.337871E-12   1.819545E-12   7.557424E+01  -1.370299E-15  -5.962461E-15  -2.476491E-01   1.200000E+02   9.205810E+00
  4.130000000000E+00   4.346999E-12   1.831424E-12   7.558048E+01  -1.400381E-15  -6.070882E-15  -2.505374E-01   1.200000E+02   9.205810E+00
  4.135000000000E+00   4.356186E-12   1.843525E-12   7.558679E+01  -1.431011E-15  -6.181470E-15  -2.534478E-01   1.200000E+02   9.205810E+00
  4.140000000000E+00   4.365434E-12   1.855738E-12   7.559312E+01  -1.462199E-15  -6.294227E-15  -2.563941E-01   1.200000E+02   9.205810E+00
  4.145000000000E+00   4.374744E-12   1.868172E-12   7.559952E+01  -1.493956E-15  -6.408936E-15  -2.593511E-01   1.200000E+02   9.205810E+00
  4.150000000000E+00   4.384116E-12   1.880829E-12   7.560599E+01  -1.526292E-15  -6.526030E-15  -2.623349E-01   1.200000E+02   9.205810E+00
  4.155000000000E+00   4.393551E-12   1.893596E-12   7.561248E+01  -1.559220E-15  -6.645292E-15  -2.653506E-01   1.200000E+02   9.205810E+00
  4.160000000000E+00   4.403051E-12   1.906475E-12   7.561898E+01  -1.592747E-15  -6.766289E-15  -2.683800E-01   1.200000E+02   9.205810E+00
  4.165000000000E+00   4.412616E-12   1.919576E-12   7.562554E+01  -1.626888E-15  -6.889888E-15  -2.714410E-01   1.200000E+02   9.205810E+00
  4.170000000000E+00   4.422247E-12   1.932676E-12   7.563206E+01  -1.661649E-15  -7.014788E-15  -2.745120E-01   1.200000E+02   9.205810E+00
  4.175000000000E+00   4.431944E-12   1.946110E-12   7.563870E+01  -1.697042E-15  -7.142290E-15  -2.775966E-01   1.200000E+02   9.205810E+00
  4.180000000000E+00   4.441708E-12   1.959544E-12   7.564529E+01  -1.733074E-15  -7.271093E-15  -2.806898E-01   1.200000E+02   9.205810E+00
  4.185000000000E+00   4.451540E-12   1.973199E-12   7.565194E+01  -1.769756E-15  -7.402065E-15  -2.837932E-01   1.200000E+02   9.205810E+00
  4.190000000000E+00   4.461440E-12   1.986855E-12   7.565855E+01  -1.807095E-15  -7.534338E-15  -2.869042E-01   1.200000E+02   9.205810E+00
  4.195000000000E+00   4.471409E-12   2.000733E-12   7.566522E+01  -1.845103E-15  -7.668779E-15  -2.900237E-01   1.200000E+02   9.205810E+00
  4.200000000000E+00   4.481448E-12   2.014722E-12   7.567190E+01  -1.883786E-15  -7.804955E-15  -2.931500E-01   1.200000E+02   9.205810E+00
  4.205000000000E+00   4.491556E-12   2.028822E-12   7.567858E+01  -1.923156E-15  -7.943299E-15  -2.962989E-01   1.200000E+02   9.205810E+00
  4.210000000000E+00   4.501736E-12   2.043143E-12   7.568533E+01  -1.963223E-15  -8.083811E-15  -2.994532E-01   1.200000E+02   9.205810E+00
  4.215000000000E+00   4.511988E-12   2.057576E-12   7.569207E+01  -2.003997E-15  -8.226926E-15  -3.026440E-01   1.200000E+02   9.205810E+00
  4.220000000000E+00   4.522312E-12   2.072231E-12   7.569887E+01  -2.045495E-15  -8.372643E-15  -3.058537E-01   1.200000E+02   9.205810E+00
  4.225000000000E+00   4.532710E-12   2.087108E-12   7.570573E+01  -2.087728E-15  -8.521395E-15  -3.090968E-01   1.200000E+02   9.205810E+00
  4.230000000000E+00   4.543184E-12   2.102207E-12   7.571263E+01  -2.130711E-15  -8.672750E-15  -3.123558E-01   1.200000E+02   9.205810E+00
  4.235000000000E+00   4.553733E-12   2.117417E-12   7.571954E+01  -2.174460E-15  -8.827140E-15  -3.156614E-01   1.200000E+02   9.205810E+00
  4.240000000000E+00   4.564359E-12   2.133071E-12   7.572660E+01  -2.218990E-15  -8.985000E-15  -3.189783E-01   1.200000E+02   9.205810E+00
  4.245000000000E+00   4.575063E-12   2.148837E-12   7.573365E+01  -2.264314E-15  -9.145896E-15  -3.223382E-01   1.200000E+02   9.205810E+00
  4.250000000000E+00   4.585848E-12   2.164935E-12   7.574080E+01  -2.310451E-15  -9.309827E-15  -3.257067E-01   1.200000E+02   9.205810E+00
  4.255000000000E+00   4.596713E-12   2.181144E-12   7.574795E+01  -2.357417E-15  -9.476794E-15  -3.291152E-01   1.200000E+02   9.205810E+00
  4.260000000000E+00   4.607660E-12   2.197575E-12   7.575514E+01  -2.405224E-15  -9.646797E-15  -3.325458E-01   1.200000E+02   9.205810E+00
  4.265000000000E+00   4.618689E-12   2.214118E-12   7.576232E+01  -2.453888E-15  -9.819402E-15  -3.359987E-01   1.200000E+02   9.205810E+00
  4.270000000000E+00   4.629802E-12   2.230993E-12   7.576960E+01  -2.503424E-15  -9.995043E-15  -3.394544E-01   1.200000E+02   9.205810E+00
  4.275000000000E+00   4.640999E-12   2.248091E-12   7.577691E+01  -2.553844E-15  -1.017329E-14  -3.429133E-01   1.200000E+02   9.205810E+00
  4.280000000000E+00   4.652282E-12   2.265188E-12   7.578417E+01  -2.605162E-15  -1.035456E-14  -3.464225E-01   1.200000E+02   9.205810E+00
  4.285000000000E+00   4.663652E-12   2.282619E-12   7.579151E+01  -2.657392E-15  -1.053801E-14  -3.499016E-01   1.200000E+02   9.205810E+00
  4.290000000000E+00   4.675109E-12   2.300160E-12   7.579885E+01  -2.710549E-15  -1.072449E-14  -3.534121E-01   1.200000E+02   9.205810E+00
  4.295000000000E+00   4.686654E-12   2.317924E-12   7.580622E+01  -2.764643E-15  -1.091401E-14  -3.569358E-01   1.200000E+02   9.205810E+00
  4.300000000000E+00   4.698288E-12   2.335909E-12   7.581362E+01  -2.819694E-15  -1.110700E-14  -3.604857E-01   1.200000E+02   9.205810E+00
  4.305000000000E+00   4.710013E-12   2.354117E-12   7.582106E+01  -2.875718E-15  -1.130346E-14  -3.640601E-01   1.200000E+02   9.205810E+00
  4.310000000000E+00   4.721830E-12   2.372658E-12   7.582857E+01  -2.932733E-15  -1.150339E-14  -3.676406E-01   1.200000E+02   9.205810E+00
  4.315000000000E+00   4.733740E-12   2.391309E-12   7.583607E+01  -2.990759E-15  -1.170765E-14  -3.712870E-01   1.200000E+02   9.205810E+00
  4.320000000000E+00   4.745744E-12   2.410516E-12   7.584373E+01  -3.049816E-15  -1.191625E-14  -3.749292E-01   1.200000E+02   9.205810E+00
  4.325000000000E+00   4.757845E-12   2.429945E-12   7.585142E+01  -3.109927E-15  -1.212919E-14  -3.786160E-01   1.200000E+02   9.205810E+00
  4.330000000000E+00   4.770044E-12   2.449596E-12   7.585913E+01  -3.171114E-15  -1.234646E-14  -3.823454E-01   1.200000E+02   9.205810E+00
  4.335000000000E+00   4.782342E-12   2.469691E-12   7.586696E+01  -3.233401E-15  -1.256894E-14  -3.861079E-01   1.200000E+02   9.205810E+00
  4.340000000000E+00   4.794741E-12   2.490119E-12   7.587485E+01  -3.296811E-15  -1.279575E-14  -3.898913E-01   1.200000E+02   9.205810E+00
  4.345000000000E+00   4.807244E-12   2.510769E-12   7.588276E+01  -3.361368E-15  -1.302777E-14  -3.937372E-01   1.200000E+02   9.205810E+00
  4.350000000000E+00   4.819850E-12   2.531864E-12   7.589077E+01  -3.427094E-15  -1.326326E-14  -3.975566E-01   1.200000E+02   9.205810E+00
  4.355000000000E+00   4.832562E-12   2.553180E-12   7.589880E+01  -3.494012E-15  -1.350395E-14  -4.014343E-01   1.200000E+02   9.205810E+00
  4.360000000000E+00   4.845382E-12   2.574718E-12   7.590684E+01  -3.562143E-15  -1.374898E-14  -4.053422E-01   1.200000E+02   9.205810E+00
  4.365000000000E+00   4.858310E-12   2.596590E-12   7.591494E+01  -3.631507E-15  -1.399748E-14  -4.092361E-01   1.200000E+02   9.205810E+00
  4.370000000000E+00   4.871347E-12   2.618572E-12   7.592301E+01  -3.702127E-15  -1.425119E-14  -4.131997E-01   1.200000E+02   9.205810E+00
  4.375000000000E+00   4.884496E-12   2.640999E-12   7.593118E+01  -3.774023E-15  -1.450836E-14  -4.171289E-01   1.200000E+02   9.205810E+00
  4.380000000000E+00   4.897758E-12   2.663647E-12   7.593936E+01  -3.847217E-15  -1.476987E-14  -4.210822E-01   1.200000E+02   9.205810E+00
  4.385000000000E+00   4.911133E-12   2.686629E-12   7.594758E+01  -3.921729E-15  -1.503572E-14  -4.250406E-01   1.200000E+02   9.205810E+00
  4.390000000000E+00   4.924624E-12   2.709832E-12   7.595581E+01  -3.997583E-15  -1.530677E-14  -4.290442E-01   1.200000E+02   9.205810E+00
  4.395000000000E+00   4.938232E-12   2.733480E-12   7.596413E+01  -4.074806E-15  -1.558302E-14  -4.330563E-01   1.200000E+02   9.205810E+00
  4.400000000000E+00   4.951959E-12   2.757350E-12   7.597246E+01  -4.153424E-15  -1.586491E-14  -4.371213E-01   1.200000E+02   9.205810E+00
  4.405000000000E+00   4.965807E-12   2.781775E-12   7.598090E+01  -4.233467E-15  -1.615331E-14  -4.412087E-01   1.200000E+02   9.205810E+00
  4.410000000000E+00   4.979777E-12   2.806533E-12   7.598938E+01  -4.314965E-15  -1.644735E-14  -4.453266E-01   1.200000E+02   9.205810E+00
  4.415000000000E+00   4.993873E-12   2.831846E-12   7.599798E+01  -4.397952E-15  -1.674876E-14  -4.494848E-01   1.200000E+02   9.205810E+00
  4.420000000000E+00   5.008096E-12   2.857492E-12   7.600661E+01  -4.482461E-15  -1.705667E-14  -4.536914E-01   1.200000E+02   9.205810E+00
  4.425000000000E+00   5.022448E-12   2.883693E-12   7.601535E+01  -4.568528E-15  -1.737152E-14  -4.579205E-01   1.200000E+02   9.205810E+00
  4.430000000000E+00   5.036933E-12   2.910228E-12   7.602411E+01  -4.656188E-15  -1.769375E-14  -4.622152E-01   1.200000E+02   9.205810E+00
  4.435000000000E+00   5.051551E-12   2.937317E-12   7.603298E+01  -4.745478E-15  -1.802334E-14  -4.665375E-01   1.200000E+02   9.205810E+00
  4.440000000000E+00   5.066306E-12   2.964851E-12   7.604191E+01  -4.836432E-15  -1.835945E-14  -4.708795E-01   1.200000E+02   9.205810E+00
  4.445000000000E+00   5.081200E-12   2.992717E-12   7.605087E+01  -4.929085E-15  -1.870292E-14  -4.752783E-01   1.200000E+02   9.205810E+00
  4.450000000000E+00   5.096234E-12   3.021028E-12   7.605988E+01  -5.023469E-15  -1.905203E-14  -4.796697E-01   1.200000E+02   9.205810E+00
  4.455000000000E+00   5.111411E-12   3.049783E-12   7.606895E+01  -5.119617E-15  -1.940852E-14  -4.840954E-01   1.200000E+02   9.205810E+00
  4.460000000000E+00   5.126733E-12   3.078870E-12   7.607803E+01  -5.217562E-15  -1.977108E-14  -4.885378E-01   1.200000E+02   9.205810E+00
  4.465000000000E+00   5.142200E-12   3.108291E-12   7.608713E+01  -5.317337E-15  -2.014014E-14  -4.930057E-01   1.200000E+02   9.205810E+00
  4.470000000000E+00   5.157816E-12   3.138156E-12   7.609628E+01  -5.418972E-15  -2.051571E-14  -4.974797E-01   1.200000E+02   9.205810E+00
  4.475000000000E+00   5.173583E-12   3.168354E-12   7.610545E+01  -5.522503E-15  -2.089778E-14  -5.019751E-01   1.200000E+02   9.205810E+00
  4.480000000000E+00   5.189501E-12   3.198997E-12   7.611466E+01  -5.627964E-15  -2.128766E-14  -5.065035E-01   1.200000E+02   9.205810E+00
  4.485000000000E+00   5.205574E-12   3.230194E-12   7.612395E+01  -5.735392E-15  -2.168491E-14  -5.110346E-01   1.200000E+02   9.205810E+00
  4.490000000000E+00   5.221803E-12   3.261724E-12   7.613324E+01  -5.844826E-15  -2.209040E-14  -5.156211E-01   1.200000E+02   9.205810E+00
  4.495000000000E+00   5.238192E-12   3.293921E-12   7.614264E+01  -5.956311E-15  -2.250457E-14  -5.202181E-01   1.200000E+02   9.205810E+00
  4.500000000000E+00   5.254743E-12   3.326561E-12   7.615208E+01  -6.069887E-15  -2.292784E-14  -5.248671E-01   1.200000E+02   9.205810E+00
  4.505000000000E+00   5.271459E-12   3.359757E-12   7.616158E+01  -6.185603E-15  -2.336065E-14  -5.295574E-01   1.200000E+02   9.205810E+00
  4.510000000000E+00   5.288342E-12   3.393619E-12   7.617117E+01  -6.303509E-15  -2.380388E-14  -5.342878E-01   1.200000E+02   9.205810E+00
  4.515000000000E+00   5.305396E-12   3.428036E-12   7.618082E+01  -6.423654E-15  -2.425577E-14  -5.390331E-01   1.200000E+02   9.205810E+00
  4.520000000000E+00   5.322624E-12   3.463008E-12   7.619054E+01  -6.546089E-15  -2.471981E-14  -5.438670E-01   1.200000E+02   9.205810E+00
  4.525000000000E+00   5.340028E-12   3.498757E-12   7.620036E+01  -6.670866E-15  -2.519252E-14  -5.486747E-01   1.200000E+02   9.205810E+00
  4.530000000000E+00   5.357612E-12   3.534839E-12   7.621018E+01  -6.798033E-15  -2.567651E-14  -5.535786E-01   1.200000E+02   9.205810E+00
  4.535000000000E+00   5.375378E-12   3.571698E-12   7.622010E+01  -6.927645E-15  -2.617004E-14  -5.584690E-01   1.200000E+02   9.205810E+00
  4.540000000000E+00   5.393329E-12   3.608891E-12   7.623001E+01  -7.059748E-15  -2.667311E-14  -5.634117E-01   1.200000E+02   9.205810E+00
  4.545000000000E+00   5.411468E-12   3.646639E-12   7.623996E+01  -7.194390E-15  -2.718572E-14  -5.683695E-01   1.200000E+02   9.205810E+00
  4.550000000000E+00   5.429797E-12   3.684941E-12   7.624996E+01  -7.331617E-15  -2.770787E-14  -5.733399E-01   1.200000E+02   9.205810E+00
  4.555000000000E+00   5.448318E-12   3.723799E-12   7.625999E+01  -7.471481E-15  -2.823870E-14  -5.783026E-01   1.200000E+02   9.205810E+00
  4.560000000000E+00   5.467035E-12   3.762990E-12   7.627000E+01  -7.614021E-15  -2.877993E-14  -5.833248E-01   1.200000E+02   9.205810E+00
  4.565000000000E+00   5.485949E-12   3.802736E-12   7.628005E+01  -7.759289E-15  -2.932897E-14  -5.883173E-01   1.200000E+02   9.205810E+00
  4.570000000000E+00   5.505063E-12   3.843037E-12   7.629013E+01  -7.907328E-15  -2.988842E-14  -5.933306E-01   1.200000E+02   9.205810E+00
  4.575000000000E+00   5.524380E-12   3.883893E-12   7.630025E+01  -8.058192E-15  -3.045827E-14  -5.983620E-01   1.200000E+02   9.205810E+00
  4.580000000000E+00   5.543903E-12   3.925082E-12   7.631034E+01  -8.211932E-15  -3.103854E-14  -6.034425E-01   1.200000E+02   9.205810E+00
  4.585000000000E+00   5.563633E-12   3.967049E-12   7.632051E+01  -8.368596E-15  -3.163008E-14  -6.085188E-01   1.200000E+02   9.205810E+00
  4.590000000000E+00   5.583573E-12   4.009348E-12   7.633065E+01  -8.528246E-15  -3.223203E-14  -6.136388E-01   1.200000E+02   9.205810E+00
  4.595000000000E+00   5.603728E-12   4.052425E-12   7.634087E+01  -8.690934E-15  -3.284525E-14  -6.187493E-01   1.200000E+02   9.205810E+00
  4.600000000000E+00   5.624098E-12   4.095946E-12   7.635108E+01  -8.856718E-15  -3.347062E-14  -6.239141E-01   1.200000E+02   9.205810E+00
  4.605000000000E+00   5.644688E-12   4.140022E-12   7.636131E+01  -9.025656E-15  -3.410640E-14  -6.290811E-01   1.200000E+02   9.205810E+00
  4.610000000000E+00   5.665500E-12   4.184764E-12   7.637159E+01  -9.197799E-15  -3.475345E-14  -6.342476E-01   1.200000E+02   9.205810E+00
  4.615000000000E+00   5.686536E-12   4.229839E-12   7.638183E+01  -9.373208E-15  -3.541091E-14  -6.394453E-01   1.200000E+02   9.205810E+00
  4.620000000000E+00   5.707799E-12   4.275358E-12   7.639207E+01  -9.551928E-15  -3.607791E-14  -6.446399E-01   1.200000E+02   9.205810E+00
  4.625000000000E+00   5.729290E-12   4.321210E-12   7.640227E+01  -9.734004E-15  -3.675445E-14  -6.498466E-01   1.200000E+02   9.205810E+00
  4.630000000000E+00   5.751012E-12   4.367395E-12   7.641243E+01  -9.919483E-15  -3.743880E-14  -6.550334E-01   1.200000E+02   9.205810E+00
  4.635000000000E+00   5.772965E-12   4.413803E-12   7.642253E+01  -1.010840E-14  -3.812922E-14  -6.601862E-01   1.200000E+02   9.205810E+00
  4.640000000000E+00   5.795149E-12   4.460210E-12   7.643253E+01  -1.030079E-14  -3.882571E-14  -6.653381E-01   1.200000E+02   9.205810E+00
  4.645000000000E+00   5.817567E-12   4.506617E-12   7.644242E+01  -1.049667E-14  -3.952654E-14  -6.704595E-01   1.200000E+02   9.205810E+00
  4.650000000000E+00   5.840216E-12   4.553025E-12   7.645221E+01  -1.069606E-14  -4.023084E-14  -6.755370E-01   1.200000E+02   9.205810E+00
  4.655000000000E+00   5.863097E-12   4.599321E-12   7.646188E+01  -1.089898E-14  -4.093600E-14  -6.805448E-01   1.200000E+02   9.205810E+00
  4.660000000000E+00   5.886209E-12   4.645284E-12   7.647138E+01  -1.110542E-14  -4.164204E-14  -6.855176E-01   1.200000E+02   9.205810E+00
  4.665000000000E+00   5.909549E-12   4.690803E-12   7.648070E+01  -1.131539E-14  -4.234720E-14  -6.904454E-01   1.200000E+02   9.205810E+00
  4.670000000000E+00   5.933116E-12   4.735878E-12   7.648984E+01  -1.152888E-14  -4.304803E-14  -6.952748E-01   1.200000E+02   9.205810E+00
  4.675000000000E+00   5.956907E-12   4.780287E-12   7.649876E+01  -1.174587E-14  -4.374452E-14  -7.000419E-01   1.200000E+02   9.205810E+00
  4.680000000000E+00   5.980917E-12   4.823919E-12   7.650744E+01  -1.196632E-14  -4.443407E-14  -7.047252E-01   1.200000E+02   9.205810E+00
  4.685000000000E+00   6.005144E-12   4.866552E-12   7.651584E+01  -1.219019E-14  -4.511322E-14  -7.093064E-01   1.200000E+02   9.205810E+00
  4.690000000000E+00   6.029582E-12   4.908185E-12   7.652398E+01  -1.241743E-14  -4.578109E-14  -7.137773E-01   1.200000E+02   9.205810E+00
  4.695000000000E+00   6.054224E-12   4.948375E-12   7.653177E+01  -1.264798E-14  -4.643334E-14  -7.181400E-01   1.200000E+02   9.205810E+00
  4.700000000000E+00   6.079063E-12   4.986900E-12   7.653918E+01  -1.288173E-14  -4.706478E-14  -7.223525E-01   1.200000E+02   9.205810E+00
  4.705000000000E+00   6.104091E-12   5.023759E-12   7.654621E+01  -1.311859E-14  -4.767454E-14  -7.264092E-01   1.200000E+02   9.205810E+00
  4.710000000000E+00   6.129297E-12   5.058398E-12   7.655277E+01  -1.335843E-14  -4.825567E-14  -7.302915E-01   1.200000E+02   9.205810E+00
  4.715000000000E+00   6.154671E-12   5.090595E-12   7.655882E+01  -1.360109E-14  -4.880471E-14  -7.339872E-01   1.200000E+02   9.205810E+00
  4.720000000000E+00   6.180198E-12   5.120016E-12   7.656432E+01  -1.384641E-14  -4.931559E-14  -7.374615E-01   1.200000E+02   9.205810E+00
  4.725000000000E+00   6.205866E-12   5.146439E-12   7.656924E+01  -1.409419E-14  -4.978483E-14  -7.407037E-01   1.200000E+02   9.205810E+00
  4.730000000000E+00   6.231657E-12   5.169309E-12   7.657346E+01  -1.434419E-14  -5.020550E-14  -7.436988E-01   1.200000E+02   9.205810E+00
  4.735000000000E+00   6.257553E-12   5.188405E-12   7.657698E+01  -1.459615E-14  -5.057153E-14  -7.463979E-01   1.200000E+02   9.205810E+00
  4.740000000000E+00   6.283535E-12   5.203282E-12   7.657970E+01  -1.484980E-14  -5.087684E-14  -7.487837E-01   1.200000E+02   9.205810E+00
  4.745000000000E+00   6.309579E-12   5.213496E-12   7.658157E+01  -1.510482E-14  -5.111710E-14  -7.508641E-01   1.200000E+02   9.205810E+00
  4.750000000000E+00   6.335663E-12   5.218936E-12   7.658255E+01  -1.536085E-14  -5.128363E-14  -7.525348E-01   1.200000E+02   9.205810E+00
  4.755000000000E+00   6.361759E-12   5.218825E-12   7.658252E+01  -1.561753E-14  -5.137210E-14  -7.538487E-01   1.200000E+02   9.205810E+00
  4.760000000000E+00   6.387842E-12   5.212941E-12   7.658143E+01  -1.587444E-14  -5.137644E-14  -7.547526E-01   1.200000E+02   9.205810E+00
  4.765000000000E+00   6.413880E-12   5.201062E-12   7.657923E+01  -1.613115E-14  -5.128883E-14  -7.551649E-01   1.200000E+02   9.205810E+00
  4.770000000000E+00   6.439842E-12   5.182521E-12   7.657580E+01  -1.638718E-14  -5.110582E-14  -7.551285E-01   1.200000E+02   9.205810E+00
  4.775000000000E+00   6.465694E-12   5.157208E-12   7.657111E+01  -1.664204E-14  -5.082133E-14  -7.545643E-01   1.200000E+02   9.205810E+00
  4.780000000000E+00   6.491402E-12   5.124678E-12   7.656504E+01  -1.689522E-14  -5.043015E-14  -7.534495E-01   1.200000E+02   9.205810E+00
  4.785000000000E+00   6.516928E-12   5.084599E-12   7.655752E+01  -1.714617E-14  -4.992881E-14  -7.517654E-01   1.200000E+02   9.205810E+00
  4.790000000000E+00   6.542235E-12   5.036749E-12   7.654847E+01  -1.739433E-14  -4.931385E-14  -7.494715E-01   1.200000E+02   9.205810E+00
  4.795000000000E+00   6.567283E-12   4.980905E-12   7.653779E+01  -1.763912E-14  -4.858267E-14  -7.465331E-01   1.200000E+02   9.205810E+00
  4.800000000000E+00   6.592032E-12   4.917067E-12   7.652544E+01  -1.787997E-14  -4.773352E-14  -7.428877E-01   1.200000E+02   9.205810E+00
  4.805000000000E+00   6.616440E-12   4.844902E-12   7.651129E+01  -1.811627E-14  -4.676641E-14  -7.385409E-01   1.200000E+02   9.205810E+00
  4.810000000000E+00   6.640468E-12   4.764633E-12   7.649530E+01  -1.834745E-14  -4.568308E-14  -7.334333E-01   1.200000E+02   9.205810E+00
  4.815000000000E+00   6.664074E-12   4.676148E-12   7.647736E+01  -1.857292E-14  -4.448525E-14  -7.275463E-01   1.200000E+02   9.205810E+00
  4.820000000000E+00   6.687217E-12   4.579670E-12   7.645741E+01  -1.879212E-14  -4.317640E-14  -7.208283E-01   1.200000E+02   9.205810E+00
  4.825000000000E+00   6.709858E-12   4.475420E-12   7.643537E+01  -1.900452E-14  -4.176347E-14  -7.132752E-01   1.200000E+02   9.205810E+00
  4.830000000000E+00   6.731959E-12   4.363621E-12   7.641116E+01  -1.920960E-14  -4.025166E-14  -7.048449E-01   1.200000E+02   9.205810E+00
  4.835000000000E+00   6.753483E-12   4.244827E-12   7.638475E+01  -1.940689E-14  -3.864964E-14  -6.954920E-01   1.200000E+02   9.205810E+00
  4.840000000000E+00   6.774397E-12   4.119372E-12   7.635604E+01  -1.959597E-14  -3.696696E-14  -6.852138E-01   1.200000E+02   9.205810E+00
  4.845000000000E+00   6.794668E-12   3.988032E-12   7.632503E+01  -1.977645E-14  -3.521489E-14  -6.739608E-01   1.200000E+02   9.205810E+00
  4.850000000000E+00   6.814269E-12   3.851253E-12   7.629163E+01  -1.994803E-14  -3.340644E-14  -6.617669E-01   1.200000E+02   9.205810E+00
  4.855000000000E+00   6.833174E-12   3.709921E-12   7.625585E+01  -2.011044E-14  -3.155289E-14  -6.485561E-01   1.200000E+02   9.205810E+00
  4.860000000000E+00   6.851362E-12   3.564704E-12   7.621763E+01  -2.026350E-14  -2.966811E-14  -6.343396E-01   1.200000E+02   9.205810E+00
  4.865000000000E+00   6.868816E-12   3.416489E-12   7.617698E+01  -2.040709E-14  -2.776685E-14  -6.191136E-01   1.200000E+02   9.205810E+00
  4.870000000000E+00   6.885523E-12   3.266054E-12   7.613388E+01  -2.054117E-14  -2.586386E-14  -6.029037E-01   1.200000E+02   9.205810E+00
  4.875000000000E+00   6.901475E-12   3.114620E-12   7.608844E+01  -2.066575E-14  -2.397301E-14  -5.856474E-01   1.200000E+02   9.205810E+00
  4.880000000000E+00   6.916668E-12   2.962741E-12   7.604058E+01  -2.078094E-14  -2.210818E-14  -5.674202E-01   1.200000E+02   9.205810E+00
  4.885000000000E+00   6.931104E-12   2.811529E-12   7.599043E+01  -2.088690E-14  -2.028239E-14  -5.481954E-01   1.200000E+02   9.205810E+00
  4.890000000000E+00   6.944786E-12   2.661649E-12   7.593798E+01  -2.098384E-14  -1.850690E-14  -5.280097E-01   1.200000E+02   9.205810E+00
  4.895000000000E+00   6.957724E-12   2.514100E-12   7.588337E+01  -2.107207E-14  -1.679559E-14  -5.069433E-01   1.200000E+02   9.205810E+00
  4.900000000000E+00   6.969932E-12   2.369771E-12   7.582675E+01  -2.115191E-14  -1.515585E-14  -4.849492E-01   1.200000E+02   9.205810E+00
  4.905000000000E+00   6.981427E-12   2.229106E-12   7.576814E+01  -2.122376E-14  -1.359676E-14  -4.621591E-01   1.200000E+02   9.205810E+00
  4.910000000000E+00   6.992230E-12   2.092881E-12   7.570775E+01  -2.128802E-14  -1.212442E-14  -4.385878E-01   1.200000E+02   9.205810E+00
  4.915000000000E+00   7.002364E-12   1.961764E-12   7.564577E+01  -2.134515E-14  -1.074358E-14  -4.142731E-01   1.200000E+02   9.205810E+00
  4.920000000000E+00   7.011856E-12   1.836087E-12   7.558234E+01  -2.139561E-14  -9.458146E-15  -3.893437E-01   1.200000E+02   9.205810E+00
  4.925000000000E+00   7.020734E-12   1.716294E-12   7.551770E+01  -2.143988E-14  -8.268993E-15  -3.638394E-01   1.200000E+02   9.205810E+00
  4.930000000000E+00   7.029029E-12   1.602496E-12   7.545195E+01  -2.147846E-14  -7.176551E-15  -3.379009E-01   1.200000E+02   9.205810E+00
  4.935000000000E+00   7.036770E-12   1.495248E-12   7.538557E+01  -2.151180E-14  -6.179519E-15  -3.115513E-01   1.200000E+02   9.205810E+00
  4.940000000000E+00   7.043991E-12   1.394440E-12   7.531866E+01  -2.154040E-14  -5.275294E-15  -2.849374E-01   1.200000E+02   9.205810E+00
  4.945000000000E+00   7.050725E-12   1.300071E-12   7.525148E+01  -2.156470E-14  -4.460841E-15  -2.582051E-01   1.200000E+02   9.205810E+00
  4.950000000000E+00   7.057003E-12   1.212364E-12   7.518452E+01  -2.158514E-14  -3.731607E-15  -2.314150E-01   1.200000E+02   9.205810E+00
  4.955000000000E+00   7.062858E-12   1.130984E-12   7.511789E+01  -2.160214E-14  -3.082387E-15  -2.047265E-01   1.200000E+02   9.205810E+00
  4.960000000000E+00   7.068323E-12   1.055933E-12   7.505204E+01  -2.161609E-14  -2.508193E-15  -1.782736E-01   1.200000E+02   9.205810E+00
  4.965000000000E+00   7.073427E-12   9.869883E-13   7.498727E+01  -2.162734E-14  -2.003172E-15  -1.521927E-01   1.200000E+02   9.205810E+00
  4.970000000000E+00   7.078202E-12   9.239276E-13   7.492394E+01  -2.163622E-14  -1.561685E-15  -1.266415E-01   1.200000E+02   9.205810E+00
  4.975000000000E+00   7.082676E-12   8.667511E-13   7.486265E+01  -2.164305E-14  -1.177986E-15  -1.017445E-01   1.200000E+02   9.205810E+00
  4.980000000000E+00   7.086878E-12   8.149037E-13   7.480346E+01  -2.164808E-14  -8.461114E-16  -7.766815E-02   1.200000E+02   9.205810E+00
  4.985000000000E+00   7.090833E-12   7.681633E-13   7.474678E+01  -2.165158E-14  -5.609662E-16  -5.458529E-02   1.200000E+02   9.205810E+00
  4.990000000000E+00   7.094568E-12   7.264189E-13   7.469315E+01  -2.165376E-14  -3.173189E-16  -3.262793E-02   1.200000E+02   9.205810E+00
  4.995000000000E+00   7.098105E-12   6.893375E-13   7.464286E+01  -2.165481E-14  -1.104260E-16  -1.195715E-02   1.200000E+02   9.205810E+00
  5.000000000000E+00   7.101468E-12   6.565859E-13   7.459613E+01  -2.165492E-14   6.404924E-17   7.276771E-03   1.200000E+02   9.205810E+00
  5.005000000000E+00   7.104678E-12   6.281642E-13   7.455364E+01  -2.165422E-14   2.100642E-16   2.493146E-02   1.200000E+02   9.205810E+00
  5.010000000000E+00   7.107756E-12   6.037393E-13   7.451556E+01  -2.165286E-14   3.311153E-16   4.086738E-02   1.200000E+02   9.205810E+00
  5.015000000000E+00   7.110721E-12   5.829781E-13   7.448196E+01  -2.165094E-14   4.301030E-16   5.495046E-02   1.200000E+02   9.205810E+00
  5.020000000000E+00   7.113592E-12   5.659917E-13   7.445356E+01  -2.164859E-14   5.097919E-16   6.706074E-02   1.200000E+02   9.205810E+00
  5.025000000000E+00   7.116386E-12   5.523360E-13   7.443011E+01  -2.164587E-14   5.722419E-16   7.711253E-02   1.200000E+02   9.205810E+00
  5.030000000000E+00   7.119121E-12   5.422329E-13   7.441237E+01  -2.164289E-14   6.191879E-16   8.497315E-02   1.200000E+02   9.205810E+00
  5.035000000000E+00   7.121813E-12   5.354606E-13   7.440030E+01  -2.163970E-14   6.518223E-16   9.056835E-02   1.200000E+02   9.205810E+00
  5.040000000000E+00   7.124480E-12   5.319079E-13   7.439391E+01  -2.163639E-14   6.711211E-16   9.386461E-02   1.200000E+02   9.205810E+00
  5.045000000000E+00   7.127138E-12   5.316858E-13   7.439351E+01  -2.163301E-14   6.774095E-16   9.478318E-02   1.200000E+02   9.205810E+00
  5.050000000000E+00   7.129802E-12   5.346834E-13   7.439890E+01  -2.162964E-14   6.705790E-16   9.330820E-02   1.200000E+02   9.205810E+00
  5.055000000000E+00   7.132491E-12   5.411227E-13   7.441040E+01  -2.162633E-14   6.501960E-16   8.940920E-02   1.200000E+02   9.205810E+00
  5.060000000000E+00   7.135219E-12   5.510037E-13   7.442778E+01  -2.162316E-14   6.155016E-16   8.313995E-02   1.200000E+02   9.205810E+00
  5.065000000000E+00   7.138007E-12   5.644374E-13   7.445091E+01  -2.162020E-14   5.648693E-16   7.450789E-02   1.200000E+02   9.205810E+00
  5.070000000000E+00   7.140870E-12   5.817569E-13   7.447994E+01  -2.161754E-14   4.964562E-16   6.355924E-02   1.200000E+02   9.205810E+00
  5.075000000000E+00   7.143831E-12   6.029621E-13   7.451432E+01  -2.161527E-14   4.078769E-16   5.040560E-02   1.200000E+02   9.205810E+00
  5.080000000000E+00   7.146907E-12   6.282752E-13   7.455381E+01  -2.161350E-14   2.959872E-16   3.512310E-02   1.200000E+02   9.205810E+00
  5.085000000000E+00   7.150120E-12   6.580292E-13   7.459823E+01  -2.161235E-14   1.573448E-16   1.783758E-02   1.200000E+02   9.205810E+00
  5.090000000000E+00   7.153495E-12   6.924461E-13   7.464718E+01  -2.161197E-14  -1.205074E-17  -1.299095E-03   1.200000E+02   9.205810E+00
  5.095000000000E+00   7.157053E-12   7.318590E-13   7.470032E+01  -2.161253E-14  -2.167591E-16  -2.212445E-02   1.200000E+02   9.205810E+00
  5.100000000000E+00   7.160821E-12   7.763790E-13   7.475700E+01  -2.161420E-14  -4.616533E-16  -4.445228E-02   1.200000E+02   9.205810E+00
  5.105000000000E+00   7.164826E-12   8.263390E-13   7.481685E+01  -2.161722E-14  -7.520026E-16  -6.808642E-02   1.200000E+02   9.205810E+00
  5.110000000000E+00   7.169094E-12   8.819612E-13   7.487936E+01  -2.162180E-14  -1.092876E-15  -9.278622E-02   1.200000E+02   9.205810E+00
  5.115000000000E+00   7.173654E-12   9.432455E-13   7.494382E+01  -2.162823E-14  -1.489477E-15  -1.183436E-01   1.200000E+02   9.205810E+00
  5.120000000000E+00   7.178536E-12   1.010414E-12   7.500981E+01  -2.163680E-14  -1.946143E-15  -1.444752E-01   1.200000E+02   9.205810E+00
  5.125000000000E+00   7.183767E-12   1.083134E-12   7.507647E+01  -2.164780E-14  -2.466777E-15  -1.709825E-01   1.200000E+02   9.205810E+00
  5.130000000000E+00   7.189376E-12   1.161182E-12   7.514320E+01  -2.166157E-14  -3.053113E-15  -1.975751E-01   1.200000E+02   9.205810E+00
  5.135000000000E+00   7.195388E-12   1.244449E-12   7.520962E+01  -2.167844E-14  -3.705803E-15  -2.239642E-01   1.200000E+02   9.205810E+00
  5.140000000000E+00   7.201827E-12   1.332046E-12   7.527484E+01  -2.169873E-14  -4.422894E-15  -2.499409E-01   1.200000E+02   9.205810E+00
  5.145000000000E+00   7.208714E-12   1.423195E-12   7.533829E+01  -2.172276E-14  -5.198533E-15  -2.751897E-01   1.200000E+02   9.205810E+00
  5.150000000000E+00   7.216063E-12   1.516898E-12   7.539941E+01  -2.175080E-14  -6.025562E-15  -2.995086E-01   1.200000E+02   9.205810E+00
  5.155000000000E+00   7.223885E-12   1.611822E-12   7.545759E+01  -2.178307E-14  -6.890755E-15  -3.225914E-01   1.200000E+02   9.205810E+00
  5.160000000000E+00   7.232181E-12   1.706413E-12   7.551224E+01  -2.181975E-14  -7.780668E-15  -3.443104E-01   1.200000E+02   9.205810E+00
  5.165000000000E+00   7.240946E-12   1.799116E-12   7.556294E+01  -2.186089E-14  -8.675786E-15  -3.643832E-01   1.200000E+02   9.205810E+00
  5.170000000000E+00   7.250166E-12   1.888045E-12   7.560916E+01  -2.190648E-14  -9.554857E-15  -3.826363E-01   1.200000E+02   9.205810E+00
  5.175000000000E+00   7.259818E-12   1.971645E-12   7.565068E+01  -2.195638E-14  -1.039620E-14  -3.988950E-01   1.200000E+02   9.205810E+00
  5.180000000000E+00   7.269870E-12   2.047806E-12   7.568699E+01  -2.201034E-14  -1.117552E-14  -4.130476E-01   1.200000E+02   9.205810E+00
  5.185000000000E+00   7.280282E-12   2.115197E-12   7.571800E+01  -2.206800E-14  -1.187115E-14  -4.249531E-01   1.200000E+02   9.205810E+00
  5.190000000000E+00   7.291005E-12   2.172040E-12   7.574341E+01  -2.212888E-14  -1.246269E-14  -4.345989E-01   1.200000E+02   9.205810E+00
  5.195000000000E+00   7.301984E-12   2.217337E-12   7.576318E+01  -2.219243E-14  -1.293236E-14  -4.418800E-01   1.200000E+02   9.205810E+00
  5.200000000000E+00   7.313159E-12   2.250311E-12   7.577733E+01  -2.225799E-14  -1.326890E-14  -4.468190E-01   1.200000E+02   9.205810E+00
  5.205000000000E+00   7.324467E-12   2.270517E-12   7.578589E+01  -2.232489E-14  -1.346449E-14  -4.494211E-01   1.200000E+02   9.205810E+00
  5.210000000000E+00   7.335844E-12   2.278067E-12   7.578908E+01  -2.239241E-14  -1.351870E-14  -4.497541E-01   1.200000E+02   9.205810E+00
  5.215000000000E+00   7.347228E-12   2.273293E-12   7.578707E+01  -2.245986E-14  -1.343543E-14  -4.479107E-01   1.200000E+02   9.205810E+00
  5.220000000000E+00   7.358558E-12   2.256972E-12   7.578018E+01  -2.252656E-14  -1.322466E-14  -4.440318E-01   1.200000E+02   9.205810E+00
  5.225000000000E+00   7.369781E-12   2.230438E-12   7.576886E+01  -2.259193E-14  -1.290114E-14  -4.382568E-01   1.200000E+02   9.205810E+00
  5.230000000000E+00   7.380848E-12   2.194911E-12   7.575349E+01  -2.265542E-14  -1.248220E-14  -4.308013E-01   1.200000E+02   9.205810E+00
  5.235000000000E+00   7.391719E-12   2.152167E-12   7.573466E+01  -2.271662E-14  -1.198694E-14  -4.218198E-01   1.200000E+02   9.205810E+00
  5.240000000000E+00   7.402362E-12   2.103873E-12   7.571292E+01  -2.277520E-14  -1.143703E-14  -4.115891E-01   1.200000E+02   9.205810E+00
  5.245000000000E+00   7.412752E-12   2.051692E-12   7.568887E+01  -2.283094E-14  -1.085200E-14  -4.003405E-01   1.200000E+02   9.205810E+00
  5.250000000000E+00   7.422875E-12   1.997402E-12   7.566319E+01  -2.288370E-14  -1.025265E-14  -3.883785E-01   1.200000E+02   9.205810E+00
  5.255000000000E+00   7.432725E-12   1.942557E-12   7.563652E+01  -2.293347E-14  -9.655471E-15  -3.759510E-01   1.200000E+02   9.205810E+00
  5.260000000000E+00   7.442302E-12   1.888711E-12   7.560960E+01  -2.298029E-14  -9.076507E-15  -3.633541E-01   1.200000E+02   9.205810E+00
  5.265000000000E+00   7.451616E-12   1.837086E-12   7.558305E+01  -2.302428E-14  -8.528768E-15  -3.508983E-01   1.200000E+02   9.205810E+00
  5.270000000000E+00   7.460679E-12   1.789013E-12   7.555765E+01  -2.306564E-14  -8.021795E-15  -3.387945E-01   1.200000E+02   9.205810E+00
  5.275000000000E+00   7.469512E-12   1.745160E-12   7.553387E+01  -2.310458E-14  -7.564695E-15  -3.274146E-01   1.200000E+02   9.205810E+00
  5.280000000000E+00   7.478139E-12   1.706635E-12   7.551249E+01  -2.314138E-14  -7.163541E-15  -3.169610E-01   1.200000E+02   9.205810E+00
  5.285000000000E+00   7.486588E-12   1.674105E-12   7.549405E+01  -2.317632E-14  -6.823101E-15  -3.076888E-01   1.200000E+02   9.205810E+00
  5.290000000000E+00   7.494891E-12   1.648015E-12   7.547900E+01  -2.320971E-14  -6.545979E-15  -2.998055E-01   1.200000E+02   9.205810E+00
  5.295000000000E+00   7.503080E-12   1.628919E-12   7.546784E+01  -2.324188E-14  -6.335644E-15  -2.935304E-01   1.200000E+02   9.205810E+00
  5.300000000000E+00   7.511191E-12   1.617040E-12   7.546083E+01  -2.327318E-14  -6.193830E-15  -2.890415E-01   1.200000E+02   9.205810E+00
  5.305000000000E+00   7.519263E-12   1.613043E-12   7.545846E+01  -2.330393E-14  -6.121839E-15  -2.863808E-01   1.200000E+02   9.205810E+00
  5.310000000000E+00   7.527334E-12   1.616818E-12   7.546071E+01  -2.333451E-14  -6.122707E-15  -2.857612E-01   1.200000E+02   9.205810E+00
  5.315000000000E+00   7.535445E-12   1.628919E-12   7.546786E+01  -2.336528E-14  -6.197300E-15  -2.871210E-01   1.200000E+02   9.205810E+00
  5.320000000000E+00   7.543637E-12   1.649347E-12   7.547981E+01  -2.339661E-14  -6.349088E-15  -2.905561E-01   1.200000E+02   9.205810E+00
  5.325000000000E+00   7.551953E-12   1.678435E-12   7.549657E+01  -2.342890E-14  -6.581107E-15  -2.960204E-01   1.200000E+02   9.205810E+00
  5.330000000000E+00   7.560436E-12   1.716183E-12   7.551790E+01  -2.346255E-14  -6.896393E-15  -3.034648E-01   1.200000E+02   9.205810E+00
  5.335000000000E+00   7.569129E-12   1.763034E-12   7.554372E+01  -2.349800E-14  -7.297982E-15  -3.127090E-01   1.200000E+02   9.205810E+00
  5.340000000000E+00   7.578079E-12   1.818545E-12   7.557343E+01  -2.353568E-14  -7.789776E-15  -3.237203E-01   1.200000E+02   9.205810E+00
  5.345000000000E+00   7.587328E-12   1.882827E-12   7.560672E+01  -2.357605E-14  -8.376112E-15  -3.363508E-01   1.200000E+02   9.205810E+00
  5.350000000000E+00   7.596921E-12   1.955880E-12   7.564321E+01  -2.361959E-14  -9.057425E-15  -3.502938E-01   1.200000E+02   9.205810E+00
  5.355000000000E+00   7.606901E-12   2.037370E-12   7.568232E+01  -2.366678E-14  -9.837183E-15  -3.654225E-01   1.200000E+02   9.205810E+00
  5.360000000000E+00   7.617307E-12   2.126743E-12   7.572346E+01  -2.371812E-14  -1.071365E-14  -3.814634E-01   1.200000E+02   9.205810E+00
  5.365000000000E+00   7.628180E-12   2.223555E-12   7.576611E+01  -2.377407E-14  -1.168510E-14  -3.981617E-01   1.200000E+02   9.205810E+00
  5.370000000000E+00   7.639554E-12   2.326805E-12   7.580959E+01  -2.383511E-14  -1.274631E-14  -4.152874E-01   1.200000E+02   9.205810E+00
  5.375000000000E+00   7.651457E-12   2.435607E-12   7.585337E+01  -2.390167E-14  -1.388863E-14  -4.325407E-01   1.200000E+02   9.205810E+00
  5.380000000000E+00   7.663916E-12   2.548295E-12   7.589669E+01  -2.397411E-14  -1.509990E-14  -4.497252E-01   1.200000E+02   9.205810E+00
  5.385000000000E+00   7.676945E-12   2.663869E-12   7.593917E+01  -2.405275E-14  -1.636538E-14  -4.665295E-01   1.200000E+02   9.205810E+00
  5.390000000000E+00   7.690556E-12   2.780332E-12   7.598015E+01  -2.413782E-14  -1.766512E-14  -4.827477E-01   1.200000E+02   9.205810E+00
  5.395000000000E+00   7.704747E-12   2.896017E-12   7.601919E+01  -2.422943E-14  -1.897787E-14  -4.981610E-01   1.200000E+02   9.205810E+00
  5.400000000000E+00   7.719511E-12   3.008926E-12   7.605581E+01  -2.432758E-14  -2.027935E-14  -5.125956E-01   1.200000E+02   9.205810E+00
  5.405000000000E+00   7.734830E-12   3.117506E-12   7.608976E+01  -2.443216E-14  -2.154440E-14  -5.258395E-01   1.200000E+02   9.205810E+00
  5.410000000000E+00   7.750676E-12   3.219758E-12   7.612066E+01  -2.454293E-14  -2.275003E-14  -5.378502E-01   1.200000E+02   9.205810E+00
  5.415000000000E+00   7.767015E-12   3.314349E-12   7.614838E+01  -2.465953E-14  -2.387066E-14  -5.484372E-01   1.200000E+02   9.205810E+00
  5.420000000000E+00   7.783805E-12   3.399725E-12   7.617273E+01  -2.478147E-14  -2.488808E-14  -5.576312E-01   1.200000E+02   9.205810E+00
  5.425000000000E+00   7.800996E-12   3.475220E-12   7.619376E+01  -2.490821E-14  -2.578666E-14  -5.653693E-01   1.200000E+02   9.205810E+00
  5.430000000000E+00   7.818540E-12   3.540279E-12   7.621152E+01  -2.503912E-14  -2.655601E-14  -5.716708E-01   1.200000E+02   9.205810E+00
  5.435000000000E+00   7.836382E-12   3.594791E-12   7.622615E+01  -2.517355E-14  -2.719092E-14  -5.765730E-01   1.200000E+02   9.205810E+00
  5.440000000000E+00   7.854471E-12   3.639089E-12   7.623788E+01  -2.531082E-14  -2.769573E-14  -5.802176E-01   1.200000E+02   9.205810E+00
  5.445000000000E+00   7.872758E-12   3.673950E-12   7.624702E+01  -2.545031E-14  -2.807823E-14  -5.827193E-01   1.200000E+02   9.205810E+00
  5.450000000000E+00   7.891197E-12   3.700484E-12   7.625392E+01  -2.559143E-14  -2.835232E-14  -5.842412E-01   1.200000E+02   9.205810E+00
  5.455000000000E+00   7.909752E-12   3.720246E-12   7.625902E+01  -2.573368E-14  -2.853447E-14  -5.849103E-01   1.200000E+02   9.205810E+00
  5.460000000000E+00   7.928392E-12   3.734901E-12   7.626280E+01  -2.587666E-14  -2.864722E-14  -5.849465E-01   1.200000E+02   9.205810E+00
  5.465000000000E+00   7.947096E-12   3.746226E-12   7.626571E+01  -2.602009E-14  -2.871661E-14  -5.846132E-01   1.200000E+02   9.205810E+00
  5.470000000000E+00   7.965852E-12   3.756218E-12   7.626827E+01  -2.616379E-14  -2.876518E-14  -5.840638E-01   1.200000E+02   9.205810E+00
  5.475000000000E+00   7.984659E-12   3.766876E-12   7.627099E+01  -2.630775E-14  -2.882243E-14  -5.835912E-01   1.200000E+02   9.205810E+00
  5.480000000000E+00   8.003525E-12   3.780087E-12   7.627435E+01  -2.645206E-14  -2.891003E-14  -5.833448E-01   1.200000E+02   9.205810E+00
  5.485000000000E+00   8.022468E-12   3.797962E-12   7.627888E+01  -2.659695E-14  -2.905749E-14  -5.835952E-01   1.200000E+02   9.205810E+00
  5.490000000000E+00   8.041515E-12   3.822165E-12   7.628497E+01  -2.674276E-14  -2.928560E-14  -5.844990E-01   1.200000E+02   9.205810E+00
  5.495000000000E+00   8.060702E-12   3.854139E-12   7.629296E+01  -2.688997E-14  -2.961607E-14  -5.862521E-01   1.200000E+02   9.205810E+00
  5.500000000000E+00   8.080072E-12   3.895773E-12   7.630325E+01  -2.703913E-14  -3.007317E-14  -5.890180E-01   1.200000E+02   9.205810E+00
  5.505000000000E+00   8.099676E-12   3.948175E-12   7.631605E+01  -2.719092E-14  -3.067338E-14  -5.928995E-01   1.200000E+02   9.205810E+00
  5.510000000000E+00   8.119573E-12   4.012568E-12   7.633154E+01  -2.734612E-14  -3.143406E-14  -5.979737E-01   1.200000E+02   9.205810E+00
  5.515000000000E+00   8.139823E-12   4.089840E-12   7.634980E+01  -2.750555E-14  -3.237254E-14  -6.043360E-01   1.200000E+02   9.205810E+00
  5.520000000000E+00   8.160494E-12   4.181100E-12   7.637093E+01  -2.767014E-14  -3.350271E-14  -6.119522E-01   1.200000E+02   9.205810E+00
  5.525000000000E+00   8.181656E-12   4.286571E-12   7.639478E+01  -2.784089E-14  -3.483498E-14  -6.208250E-01   1.200000E+02   9.205810E+00
  5.530000000000E+00   8.203383E-12   4.406697E-12   7.642123E+01  -2.801884E-14  -3.638149E-14  -6.309301E-01   1.200000E+02   9.205810E+00
  5.535000000000E+00   8.225747E-12   4.541478E-12   7.645006E+01  -2.820505E-14  -3.814483E-14  -6.421202E-01   1.200000E+02   9.205810E+00
  5.540000000000E+00   8.248822E-12   4.690914E-12   7.648104E+01  -2.840065E-14  -4.013196E-14  -6.543147E-01   1.200000E+02   9.205810E+00
  5.545000000000E+00   8.272678E-12   4.854228E-12   7.651378E+01  -2.860672E-14  -4.233766E-14  -6.673388E-01   1.200000E+02   9.205810E+00
  5.550000000000E+00   8.297384E-12   5.030310E-12   7.654787E+01  -2.882436E-14  -4.475587E-14  -6.810647E-01   1.200000E+02   9.205810E+00
  5.555000000000E+00   8.323000E-12   5.218048E-12   7.658292E+01  -2.905460E-14  -4.737356E-14  -6.952803E-01   1.200000E+02   9.205810E+00
  5.560000000000E+00   8.349581E-12   5.415890E-12   7.661852E+01  -2.929839E-14  -5.016994E-14  -7.097534E-01   1.200000E+02   9.205810E+00
  5.565000000000E+00   8.377171E-12   5.621503E-12   7.665416E+01  -2.955655E-14  -5.311983E-14  -7.243358E-01   1.200000E+02   9.205810E+00
  5.570000000000E+00   8.405805E-12   5.832779E-12   7.668944E+01  -2.982977E-14  -5.618856E-14  -7.387678E-01   1.200000E+02   9.205810E+00
  5.575000000000E+00   8.435504E-12   6.046830E-12   7.672391E+01  -3.011856E-14  -5.933622E-14  -7.528749E-01   1.200000E+02   9.205810E+00
  5.580000000000E+00   8.466273E-12   6.260770E-12   7.675715E+01  -3.042319E-14  -6.252030E-14  -7.665000E-01   1.200000E+02   9.205810E+00
  5.585000000000E+00   8.498107E-12   6.471934E-12   7.678887E+01  -3.074374E-14  -6.569138E-14  -7.794218E-01   1.200000E+02   9.205810E+00
  5.590000000000E+00   8.530984E-12   6.677325E-12   7.681874E+01  -3.108002E-14  -6.880347E-14  -7.915439E-01   1.200000E+02   9.205810E+00
  5.595000000000E+00   8.564867E-12   6.874390E-12   7.684655E+01  -3.143160E-14  -7.180714E-14  -8.027085E-01   1.200000E+02   9.205810E+00
  5.600000000000E+00   8.599710E-12   7.060574E-12   7.687210E+01  -3.179785E-14  -7.466163E-14  -8.128795E-01   1.200000E+02   9.205810E+00
  5.605000000000E+00   8.635452E-12   7.234213E-12   7.689533E+01  -3.217792E-14  -7.733050E-14  -8.219767E-01   1.200000E+02   9.205810E+00
  5.610000000000E+00   8.672029E-12   7.393974E-12   7.691622E+01  -3.257082E-14  -7.978774E-14  -8.299963E-01   1.200000E+02   9.205810E+00
  5.615000000000E+00   8.709369E-12   7.539303E-12   7.693483E+01  -3.297544E-14  -8.201859E-14  -8.369589E-01   1.200000E+02   9.205810E+00
  5.620000000000E+00   8.747399E-12   7.670309E-12   7.695130E+01  -3.339063E-14  -8.401960E-14  -8.429149E-01   1.200000E+02   9.205810E+00
  5.625000000000E+00   8.786050E-12   7.787770E-12   7.696584E+01  -3.381528E-14  -8.580029E-14  -8.479566E-01   1.200000E+02   9.205810E+00
  5.630000000000E+00   8.825258E-12   7.893353E-12   7.697872E+01  -3.424832E-14  -8.738236E-14  -8.521832E-01   1.200000E+02   9.205810E+00
  5.635000000000E+00   8.864968E-12   7.988943E-12   7.699024E+01  -3.468883E-14  -8.879789E-14  -8.557542E-01   1.200000E+02   9.205810E+00
  5.640000000000E+00   8.905136E-12   8.077206E-12   7.700075E+01  -3.513610E-14  -9.008939E-14  -8.588306E-01   1.200000E+02   9.205810E+00
  5.645000000000E+00   8.945733E-12   8.161027E-12   7.701064E+01  -3.558961E-14  -9.130544E-14  -8.615937E-01   1.200000E+02   9.205810E+00
  5.650000000000E+00   8.986744E-12   8.243739E-12   7.702029E+01  -3.604912E-14  -9.250153E-14  -8.642309E-01   1.200000E+02   9.205810E+00
  5.655000000000E+00   9.028174E-12   8.329004E-12   7.703014E+01  -3.651469E-14  -9.373578E-14  -8.669080E-01   1.200000E+02   9.205810E+00
  5.660000000000E+00   9.070044E-12   8.420042E-12   7.704054E+01  -3.698664E-14  -9.506718E-14  -8.698326E-01   1.200000E+02   9.205810E+00
  5.665000000000E+00   9.112390E-12   8.520407E-12   7.705188E+01  -3.746560E-14  -9.655384E-14  -8.731573E-01   1.200000E+02   9.205810E+00
  5.670000000000E+00   9.155267E-12   8.633205E-12   7.706446E+01  -3.795252E-14  -9.825561E-14  -8.770804E-01   1.200000E+02   9.205810E+00
  5.675000000000E+00   9.198747E-12   8.761658E-12   7.707859E+01  -3.844859E-14  -1.002245E-13  -8.817012E-01   1.200000E+02   9.205810E+00
  5.680000000000E+00   9.242914E-12   8.908541E-12   7.709449E+01  -3.895528E-14  -1.025135E-13  -8.871515E-01   1.200000E+02   9.205810E+00
  5.685000000000E+00   9.287865E-12   9.076184E-12   7.711232E+01  -3.947430E-14  -1.051659E-13  -8.935015E-01   1.200000E+02   9.205810E+00
  5.690000000000E+00   9.333712E-12   9.266587E-12   7.713216E+01  -4.000759E-14  -1.082251E-13  -9.008314E-01   1.200000E+02   9.205810E+00
  5.695000000000E+00   9.380570E-12   9.481416E-12   7.715407E+01  -4.055725E-14  -1.117231E-13  -9.091358E-01   1.200000E+02   9.205810E+00
  5.700000000000E+00   9.428567E-12   9.721779E-12   7.717800E+01  -4.112557E-14  -1.156878E-13  -9.184076E-01   1.200000E+02   9.205810E+00
  5.705000000000E+00   9.477830E-12   9.988232E-12   7.720384E+01  -4.171491E-14  -1.201374E-13  -9.285996E-01   1.200000E+02   9.205810E+00
  5.710000000000E+00   9.528491E-12   1.028078E-11   7.723142E+01  -4.232773E-14  -1.250814E-13  -9.396384E-01   1.200000E+02   9.205810E+00
  5.715000000000E+00   9.580679E-12   1.059886E-11   7.726053E+01  -4.296651E-14  -1.305171E-13  -9.514068E-01   1.200000E+02   9.205810E+00
  5.720000000000E+00   9.634518E-12   1.094114E-11   7.729089E+01  -4.363367E-14  -1.364325E-13  -9.637931E-01   1.200000E+02   9.205810E+00
  5.725000000000E+00   9.690127E-12   1.130607E-11   7.732224E+01  -4.433156E-14  -1.428016E-13  -9.766205E-01   1.200000E+02   9.205810E+00
  5.730000000000E+00   9.747610E-12   1.169076E-11   7.735419E+01  -4.506236E-14  -1.495869E-13  -9.897712E-01   1.200000E+02   9.205810E+00
  5.735000000000E+00   9.807062E-12   1.209255E-11   7.738647E+01  -4.582802E-14  -1.567383E-13  -1.003050E+00   1.200000E+02   9.205810E+00
  5.740000000000E+00   9.868558E-12   1.250788E-11   7.741872E+01  -4.663022E-14  -1.641916E-13  -1.016279E+00   1.200000E+02   9.205810E+00
  5.745000000000E+00   9.932156E-12   1.293277E-11   7.745062E+01  -4.747031E-14  -1.718790E-13  -1.029334E+00   1.200000E+02   9.205810E+00
  5.750000000000E+00   9.997894E-12   1.336320E-11   7.748188E+01  -4.834926E-14  -1.797191E-13  -1.042039E+00   1.200000E+02   9.205810E+00
  5.755000000000E+00   1.006579E-11   1.379552E-11   7.751229E+01  -4.926762E-14  -1.876329E-13  -1.054245E+00   1.200000E+02   9.205810E+00
  5.760000000000E+00   1.013585E-11   1.422540E-11   7.754159E+01  -5.022558E-14  -1.955415E-13  -1.065882E+00   1.200000E+02   9.205810E+00
  5.765000000000E+00   1.020804E-11   1.464973E-11   7.756966E+01  -5.122291E-14  -2.033686E-13  -1.076828E+00   1.200000E+02   9.205810E+00
  5.770000000000E+00   1.028233E-11   1.506550E-11   7.759639E+01  -5.225904E-14  -2.110534E-13  -1.087052E+00   1.200000E+02   9.205810E+00
  5.775000000000E+00   1.035868E-11   1.547118E-11   7.762177E+01  -5.333313E-14  -2.185474E-13  -1.096493E+00   1.200000E+02   9.205810E+00
  5.780000000000E+00   1.043702E-11   1.586553E-11   7.764581E+01  -5.444418E-14  -2.258280E-13  -1.105201E+00   1.200000E+02   9.205810E+00
  5.785000000000E+00   1.051731E-11   1.624900E-11   7.766863E+01  -5.559106E-14  -2.328849E-13  -1.113167E+00   1.200000E+02   9.205810E+00
  5.790000000000E+00   1.059950E-11   1.662281E-11   7.769037E+01  -5.677271E-14  -2.397423E-13  -1.120488E+00   1.200000E+02   9.205810E+00
  5.795000000000E+00   1.068353E-11   1.698919E-11   7.771120E+01  -5.798822E-14  -2.464383E-13  -1.127247E+00   1.200000E+02   9.205810E+00
  5.800000000000E+00   1.076938E-11   1.735201E-11   7.773140E+01  -5.923695E-14  -2.530424E-13  -1.133548E+00   1.200000E+02   9.205810E+00
  5.805000000000E+00   1.085705E-11   1.771561E-11   7.775122E+01  -6.051864E-14  -2.596430E-13  -1.139535E+00   1.200000E+02   9.205810E+00
  5.810000000000E+00   1.094655E-11   1.808531E-11   7.777097E+01  -6.183354E-14  -2.663460E-13  -1.145348E+00   1.200000E+02   9.205810E+00
  5.815000000000E+00   1.103792E-11   1.846712E-11   7.779094E+01  -6.318246E-14  -2.732710E-13  -1.151128E+00   1.200000E+02   9.205810E+00
  5.820000000000E+00   1.113125E-11   1.886724E-11   7.781143E+01  -6.456683E-14  -2.805534E-13  -1.157046E+00   1.200000E+02   9.205810E+00
  5.825000000000E+00   1.122664E-11   1.929235E-11   7.783274E+01  -6.598879E-14  -2.883301E-13  -1.163235E+00   1.200000E+02   9.205810E+00
  5.830000000000E+00   1.132422E-11   1.974920E-11   7.785511E+01  -6.745116E-14  -2.967453E-13  -1.169826E+00   1.200000E+02   9.205810E+00
  5.835000000000E+00   1.142419E-11   2.024414E-11   7.787877E+01  -6.895750E-14  -3.059428E-13  -1.176955E+00   1.200000E+02   9.205810E+00
  5.840000000000E+00   1.152674E-11   2.078349E-11   7.790390E+01  -7.051206E-14  -3.160562E-13  -1.184691E+00   1.200000E+02   9.205810E+00
  5.845000000000E+00   1.163210E-11   2.137268E-11   7.793061E+01  -7.211974E-14  -3.272174E-13  -1.193124E+00   1.200000E+02   9.205810E+00
  5.850000000000E+00   1.174055E-11   2.201694E-11   7.795898E+01  -7.378611E-14  -3.395496E-13  -1.202299E+00   1.200000E+02   9.205810E+00
  5.855000000000E+00   1.185237E-11   2.272027E-11   7.798902E+01  -7.551727E-14  -3.531498E-13  -1.212213E+00   1.200000E+02   9.205810E+00
  5.860000000000E+00   1.196785E-11   2.348588E-11   7.802068E+01  -7.731979E-14  -3.681083E-13  -1.222865E+00   1.200000E+02   9.205810E+00
  5.865000000000E+00   1.208733E-11   2.431599E-11   7.805385E+01  -7.920062E-14  -3.844858E-13  -1.234192E+00   1.200000E+02   9.205810E+00
  5.870000000000E+00   1.221112E-11   2.521106E-11   7.808837E+01  -8.116697E-14  -4.023205E-13  -1.246142E+00   1.200000E+02   9.205810E+00
  5.875000000000E+00   1.233954E-11   2.617095E-11   7.812405E+01  -8.322617E-14  -4.216193E-13  -1.258594E+00   1.200000E+02   9.205810E+00
  5.880000000000E+00   1.247293E-11   2.719336E-11   7.816064E+01  -8.538547E-14  -4.423580E-13  -1.271449E+00   1.200000E+02   9.205810E+00
  5.885000000000E+00   1.261157E-11   2.827516E-11   7.819788E+01  -8.765197E-14  -4.644809E-13  -1.284570E+00   1.200000E+02   9.205810E+00
  5.890000000000E+00   1.275576E-11   2.941170E-11   7.823551E+01  -9.003235E-14  -4.878962E-13  -1.297810E+00   1.200000E+02   9.205810E+00
  5.895000000000E+00   1.290577E-11   3.059708E-11   7.827322E+01  -9.253279E-14  -5.124789E-13  -1.311020E+00   1.200000E+02   9.205810E+00
  5.900000000000E+00   1.306180E-11   3.182454E-11   7.831077E+01  -9.515878E-14  -5.380852E-13  -1.324068E+00   1.200000E+02   9.205810E+00
  5.905000000000E+00   1.322407E-11   3.308676E-11   7.834790E+01  -9.791501E-14  -5.645432E-13  -1.336812E+00   1.200000E+02   9.205810E+00
  5.910000000000E+00   1.339271E-11   3.437628E-11   7.838440E+01  -1.008053E-13  -5.916760E-13  -1.349133E+00   1.200000E+02   9.205810E+00
  5.915000000000E+00   1.356786E-11   3.568590E-11   7.842010E+01  -1.038326E-13  -6.193067E-13  -1.360932E+00   1.200000E+02   9.205810E+00
  5.920000000000E+00   1.374959E-11   3.700940E-11   7.845487E+01  -1.069989E-13  -6.472722E-13  -1.372129E+00   1.200000E+02   9.205810E+00
  5.925000000000E+00   1.393797E-11   3.834189E-11   7.848865E+01  -1.103056E-13  -6.754389E-13  -1.382673E+00   1.200000E+02   9.205810E+00
  5.930000000000E+00   1.413302E-11   3.968048E-11   7.852143E+01  -1.137535E-13  -7.037114E-13  -1.392534E+00   1.200000E+02   9.205810E+00
  5.935000000000E+00   1.433478E-11   4.102418E-11   7.855324E+01  -1.173428E-13  -7.320481E-13  -1.401728E+00   1.200000E+02   9.205810E+00
  5.940000000000E+00   1.454328E-11   4.237555E-11   7.858421E+01  -1.210741E-13  -7.604733E-13  -1.410275E+00   1.200000E+02   9.205810E+00
  5.945000000000E+00   1.475856E-11   4.373923E-11   7.861448E+01  -1.249479E-13  -7.890823E-13  -1.418253E+00   1.200000E+02   9.205810E+00
  5.950000000000E+00   1.498070E-11   4.512357E-11   7.864426E+01  -1.289654E-13  -8.180349E-13  -1.425724E+00   1.200000E+02   9.205810E+00
  5.955000000000E+00   1.520984E-11   4.653911E-11   7.867379E+01  -1.331291E-13  -8.475755E-13  -1.432816E+00   1.200000E+02   9.205810E+00
  5.960000000000E+00   1.544617E-11   4.800016E-11   7.870335E+01  -1.374426E-13  -8.780147E-13  -1.439635E+00   1.200000E+02   9.205810E+00
  5.965000000000E+00   1.568994E-11   4.952294E-11   7.873322E+01  -1.419113E-13  -9.097324E-13  -1.446323E+00   1.200000E+02   9.205810E+00
  5.970000000000E+00   1.594153E-11   5.112677E-11   7.876370E+01  -1.465427E-13  -9.431692E-13  -1.453006E+00   1.200000E+02   9.205810E+00
  5.975000000000E+00   1.620137E-11   5.283207E-11   7.879508E+01  -1.513465E-13  -9.788125E-13  -1.459826E+00   1.200000E+02   9.205810E+00
  5.980000000000E+00   1.647005E-11   5.466172E-11   7.882764E+01  -1.563352E-13  -1.017202E-12  -1.466906E+00   1.200000E+02   9.205810E+00
  5.985000000000E+00   1.674823E-11   5.663903E-11   7.886162E+01  -1.615239E-13  -1.058908E-12  -1.474376E+00   1.200000E+02   9.205810E+00
  5.990000000000E+00   1.703671E-11   5.878897E-11   7.889724E+01  -1.669306E-13  -1.104526E-12  -1.482320E+00   1.200000E+02   9.205810E+00
  5.995000000000E+00   1.733643E-11   6.113632E-11   7.893468E+01  -1.725764E-13  -1.154663E-12  -1.490815E+00   1.200000E+02   9.205810E+00
  6.000000000000E+00   1.764843E-11   6.370593E-11   7.897404E+01  -1.784854E-13  -1.209942E-12  -1.499923E+00   1.200000E+02   9.205810E+00
  6.005000000000E+00   1.797389E-11   6.652257E-11   7.901539E+01  -1.846850E-13  -1.270976E-12  -1.509664E+00   1.200000E+02   9.205810E+00
  6.010000000000E+00   1.831409E-11   6.960987E-11   7.905876E+01  -1.912054E-13  -1.338367E-12  -1.520038E+00   1.200000E+02   9.205810E+00
  6.015000000000E+00   1.867045E-11   7.299039E-11   7.910408E+01  -1.980798E-13  -1.412689E-12  -1.531017E+00   1.200000E+02   9.205810E+00
  6.020000000000E+00   1.904450E-11   7.668521E-11   7.915127E+01  -2.053442E-13  -1.494485E-12  -1.542545E+00   1.200000E+02   9.205810E+00
  6.025000000000E+00   1.943784E-11   8.071355E-11   7.920020E+01  -2.130374E-13  -1.584248E-12  -1.554544E+00   1.200000E+02   9.205810E+00
  6.030000000000E+00   1.985219E-11   8.509249E-11   7.925069E+01  -2.212002E-13  -1.682420E-12  -1.566918E+00   1.200000E+02   9.205810E+00
  6.035000000000E+00   2.028935E-11   8.983680E-11   7.930254E+01  -2.298756E-13  -1.789376E-12  -1.579554E+00   1.200000E+02   9.205810E+00
  6.040000000000E+00   2.075117E-11   9.495937E-11   7.935553E+01  -2.391085E-13  -1.905429E-12  -1.592326E+00   1.200000E+02   9.205810E+00
  6.045000000000E+00   2.123957E-11   1.004713E-10   7.940945E+01  -2.489449E-13  -2.030830E-12  -1.605106E+00   1.200000E+02   9.205810E+00
  6.050000000000E+00   2.175652E-11   1.063821E-10   7.946409E+01  -2.594321E-13  -2.165781E-12  -1.617770E+00   1.200000E+02   9.205810E+00
  6.055000000000E+00   2.230404E-11   1.127012E-10   7.951924E+01  -2.706182E-13  -2.310452E-12  -1.630199E+00   1.200000E+02   9.205810E+00
  6.060000000000E+00   2.288420E-11   1.194390E-10   7.957475E+01  -2.825524E-13  -2.465007E-12  -1.642280E+00   1.200000E+02   9.205810E+00
  6.065000000000E+00   2.349912E-11   1.266083E-10   7.963049E+01  -2.952844E-13  -2.629655E-12  -1.653926E+00   1.200000E+02   9.205810E+00
  6.070000000000E+00   2.415100E-11   1.342265E-10   7.968636E+01  -3.088655E-13  -2.804692E-12  -1.665064E+00   1.200000E+02   9.205810E+00
  6.075000000000E+00   2.484214E-11   1.423182E-10   7.974235E+01  -3.233487E-13  -2.990568E-12  -1.675646E+00   1.200000E+02   9.205810E+00
  6.080000000000E+00   2.557499E-11   1.509169E-10   7.979847E+01  -3.387896E-13  -3.187952E-12  -1.685653E+00   1.200000E+02   9.205810E+00
  6.085000000000E+00   2.635220E-11   1.600693E-10   7.985481E+01  -3.552482E-13  -3.397818E-12  -1.695092E+00   1.200000E+02   9.205810E+00
  6.090000000000E+00   2.717667E-11   1.698373E-10   7.991150E+01  -3.727899E-13  -3.621521E-12  -1.703991E+00   1.200000E+02   9.205810E+00
  6.095000000000E+00   2.805168E-11   1.803018E-10   7.996873E+01  -3.914884E-13  -3.860887E-12  -1.712408E+00   1.200000E+02   9.205810E+00
  6.100000000000E+00   2.898097E-11   1.915660E-10   8.002675E+01  -4.114276E-13  -4.118301E-12  -1.720422E+00   1.200000E+02   9.205810E+00
  6.105000000000E+00   2.996883E-11   2.037592E-10   8.008584E+01  -4.327051E-13  -4.396809E-12  -1.728129E+00   1.200000E+02   9.205810E+00
  6.110000000000E+00   3.102030E-11   2.170406E-10   8.014631E+01  -4.554355E-13  -4.700216E-12  -1.735643E+00   1.200000E+02   9.205810E+00
  6.115000000000E+00   3.214128E-11   2.316040E-10   8.020852E+01  -4.797545E-13  -5.033200E-12  -1.743085E+00   1.200000E+02   9.205810E+00
  6.120000000000E+00   3.333876E-11   2.476824E-10   8.027280E+01  -5.058239E-13  -5.401443E-12  -1.750584E+00   1.200000E+02   9.205810E+00
  6.125000000000E+00   3.462097E-11   2.655547E-10   8.033954E+01  -5.338362E-13  -5.811778E-12  -1.758265E+00   1.200000E+02   9.205810E+00
  6.130000000000E+00   3.599770E-11   2.855524E-10   8.040908E+01  -5.640220E-13  -6.272385E-12  -1.766250E+00   1.200000E+02   9.205810E+00
  6.135000000000E+00   3.748052E-11   3.080680E-10   8.048178E+01  -5.966560E-13  -6.793004E-12  -1.774650E+00   1.200000E+02   9.205810E+00
  6.140000000000E+00   3.908315E-11   3.335677E-10   8.055795E+01  -6.320665E-13  -7.385233E-12  -1.783563E+00   1.200000E+02   9.205810E+00
  6.145000000000E+00   4.082185E-11   3.626041E-10   8.063788E+01  -6.706448E-13  -8.062882E-12  -1.793068E+00   1.200000E+02   9.205810E+00
  6.150000000000E+00   4.271589E-11   3.958337E-10   8.072186E+01  -7.128581E-13  -8.842422E-12  -1.803224E+00   1.200000E+02   9.205810E+00
  6.155000000000E+00   4.478814E-11   4.340404E-10   8.081009E+01  -7.592634E-13  -9.743560E-12  -1.814066E+00   1.200000E+02   9.205810E+00
  6.160000000000E+00   4.706575E-11   4.781626E-10   8.090280E+01  -8.105259E-13  -1.078997E-11  -1.825612E+00   1.200000E+02   9.205810E+00
  6.165000000000E+00   4.958103E-11   5.293307E-10   8.100015E+01  -8.674409E-13  -1.201023E-11  -1.837850E+00   1.200000E+02   9.205810E+00
  6.170000000000E+00   5.237250E-11   5.889124E-10   8.110228E+01  -9.309613E-13  -1.343898E-11  -1.850755E+00   1.200000E+02   9.205810E+00
  6.175000000000E+00   5.548626E-11   6.585743E-10   8.120933E+01  -1.002231E-12  -1.511854E-11  -1.864279E+00   1.200000E+02   9.205810E+00
  6.180000000000E+00   5.897761E-11   7.403611E-10   8.132142E+01  -1.082630E-12  -1.710086E-11  -1.878362E+00   1.200000E+02   9.205810E+00
  6.185000000000E+00   6.291327E-11   8.368000E-10   8.143866E+01  -1.173826E-12  -1.945030E-11  -1.892933E+00   1.200000E+02   9.205810E+00
  6.190000000000E+00   6.737405E-11   9.510408E-10   8.156120E+01  -1.277848E-12  -2.224716E-11  -1.907915E+00   1.200000E+02   9.205810E+00
  6.195000000000E+00   7.245844E-11   1.087045E-09   8.168920E+01  -1.397174E-12  -2.559259E-11  -1.923231E+00   1.200000E+02   9.205810E+00
  6.200000000000E+00   7.828728E-11   1.249843E-09   8.182284E+01  -1.534855E-12  -2.961522E-11  -1.938805E+00   1.200000E+02   9.205810E+00
  6.205000000000E+00   8.500995E-11   1.445888E-09   8.196239E+01  -1.694671E-12  -3.448031E-11  -1.954569E+00   1.200000E+02   9.205810E+00
  6.210000000000E+00   9.281260E-11   1.683552E-09   8.210815E+01  -1.881346E-12  -4.040258E-11  -1.970465E+00   1.200000E+02   9.205810E+00
  6.215000000000E+00   1.019294E-10   1.973819E-09   8.226051E+01  -2.100835E-12  -4.766434E-11  -1.986451E+00   1.200000E+02   9.205810E+00
  6.220000000000E+00   1.126580E-10   2.331283E-09   8.241997E+01  -2.360726E-12  -5.664150E-11  -2.002498E+00   1.200000E+02   9.205810E+00
  6.225000000000E+00   1.253808E-10   2.775589E-09   8.258709E+01  -2.670795E-12  -6.784127E-11  -2.018604E+00   1.200000E+02   9.205810E+00
  6.230000000000E+00   1.405951E-10   3.333541E-09   8.276260E+01  -3.043789E-12  -8.195764E-11  -2.034781E+00   1.200000E+02   9.205810E+00
  6.235000000000E+00   1.589565E-10   4.042246E-09   8.294731E+01  -3.496555E-12  -9.995388E-11  -2.051064E+00   1.200000E+02   9.205810E+00
  6.240000000000E+00   1.813409E-10   4.953840E-09   8.314220E+01  -4.051672E-12  -1.231866E-10  -2.067489E+00   1.200000E+02   9.205810E+00
  6.245000000000E+00   2.089366E-10   6.142742E-09   8.334835E+01  -4.739852E-12  -1.535964E-10  -2.084087E+00   1.200000E+02   9.205810E+00
  6.250000000000E+00   2.433819E-10   7.717077E-09   8.356704E+01  -5.603556E-12  -1.940073E-10  -2.100875E+00   1.200000E+02   9.205810E+00
  6.255000000000E+00   2.869755E-10   9.837076E-09   8.379971E+01  -6.702508E-12  -2.486121E-10  -2.117867E+00   1.200000E+02   9.205810E+00
  6.260000000000E+00   3.430059E-10   1.274527E-08   8.404799E+01  -8.122352E-12  -3.237677E-10  -2.135068E+00   1.200000E+02   9.205810E+00
  6.265000000000E+00   4.162772E-10   1.681712E-08   8.431379E+01  -9.988487E-12  -4.293240E-10  -2.152446E+00   1.200000E+02   9.205810E+00
  6.270000000000E+00   5.139698E-10   2.264811E-08   8.459921E+01  -1.248864E-11  -5.808936E-10  -2.169856E+00   1.200000E+02   9.205810E+00
  6.275000000000E+00   6.470853E-10   3.120719E-08   8.490663E+01  -1.591058E-11  -8.037951E-10  -2.186917E+00   1.200000E+02   9.205810E+00
  6.280000000000E+00   8.329277E-10   4.411207E-08   8.523857E+01  -2.070618E-11  -1.140001E-09  -2.202845E+00   1.200000E+02   9.205810E+00
  6.285000000000E+00   1.099477E-09   6.413960E-08   8.559770E+01  -2.760273E-11  -1.660739E-09  -2.216345E+00   1.200000E+02   9.205810E+00
  6.290000000000E+00   1.493434E-09   9.628141E-08   8.598754E+01  -3.780462E-11  -2.492767E-09  -2.226254E+00   1.200000E+02   9.205810E+00
  6.295000000000E+00   2.097052E-09   1.506008E-07   8.641691E+01  -5.342397E-11  -3.895753E-09  -2.235439E+00   1.200000E+02   9.205810E+00
  6.300000000000E+00   3.070384E-09   2.504728E-07   8.690493E+01  -7.862783E-11  -6.499731E-09  -2.255170E+00   1.200000E+02   9.205810E+00
  6.305000000000E+00   4.765030E-09   4.560041E-07   8.747908E+01  -1.228868E-10  -1.200370E-08  -2.302770E+00   1.200000E+02   9.205810E+00
  6.310000000000E+00   8.060364E-09   9.435862E-07   8.817494E+01  -2.110143E-10  -2.564413E-08  -2.396357E+00   1.200000E+02   9.205810E+00
  6.315000000000E+00   1.556687E-08   2.345207E-06   8.904505E+01  -4.207638E-10  -6.716509E-08  -2.550189E+00   1.200000E+02   9.205810E+00
  6.320000000000E+00   3.700770E-08   7.525203E-06   9.015828E+01  -1.059746E-09  -2.313283E-07  -2.771508E+00   1.200000E+02   9.205809E+00
  6.325000000000E+00   1.200666E-07   3.357119E-05   9.158547E+01  -3.742125E-09  -1.121202E-06  -3.058748E+00   1.200000E+02   9.205808E+00
  6.330000000000E+00   5.880441E-07   2.205809E-04   9.338206E+01  -2.024020E-08  -8.028697E-06  -3.398918E+00   1.200000E+02   9.205797E+00
  6.335000000000E+00   4.542789E-06   2.126006E-03   9.554470E+01  -1.719194E-07  -8.376085E-05  -3.764291E+00   1.200000E+02   9.205711E+00
  6.340000000000E+00   4.590439E-05   2.110726E-02   9.773336E+01  -1.873193E-06  -8.864010E-04  -4.104321E+00   1.200000E+02   9.204813E+00
  6.345000000000E+00   3.332725E-04   1.139763E-01   9.932229E+01  -1.429085E-05  -4.999228E-03  -4.356476E+00   1.200000E+02   9.198567E+00
  6.350000000000E+00   1.414617E-03   3.485575E-01   1.003123E+02  -6.240477E-05  -1.561886E-02  -4.494995E+00   1.200000E+02   9.175062E+00
  6.355000000000E+00   4.106848E-03   7.619190E-01   1.008686E+02  -1.832498E-04  -3.413077E-02  -4.518488E+00   1.200000E+02   9.116542E+00
  6.360000000000E+00   9.329532E-03   1.359130E+00   1.010516E+02  -4.150368E-04  -5.964809E-02  -4.434848E+00   1.200000E+02   9.003022E+00
  6.365000000000E+00   1.796037E-02   2.119477E+00   1.008637E+02  -7.865979E-04  -8.941254E-02  -4.255048E+00   1.200000E+02   8.815432E+00
  6.370000000000E+00   3.072154E-02   3.002603E+00   1.002887E+02  -1.309703E-03  -1.195032E-01  -3.991476E+00   1.200000E+02   8.538094E+00
  6.375000000000E+00   4.809794E-02   3.955248E+00   9.931314E+01  -1.975349E-03  -1.456887E-01  -3.658127E+00   1.200000E+02   8.160493E+00
  6.380000000000E+00   7.029171E-02   4.919087E+00   9.793622E+01  -2.754309E-03  -1.642428E-01  -3.269981E+00   1.200000E+02   7.678264E+00
  6.385000000000E+00   9.721811E-02   5.839143E+00   9.617364E+01  -3.601307E-03  -1.725582E-01  -2.842120E+00   1.200000E+02   7.093276E+00
  6.390000000000E+00   1.285406E-01   6.670692E+00   9.405692E+01  -4.461509E-03  -1.694359E-01  -2.389050E+00   1.200000E+02   6.412858E+00
  6.395000000000E+00   1.637336E-01   7.383160E+00   9.162981E+01  -5.277483E-03  -1.549861E-01  -1.923479E+00   1.200000E+02   5.648448E+00
  6.400000000000E+00   2.021559E-01   7.960960E+00   8.894344E+01  -5.994975E-03  -1.303228E-01  -1.456025E+00   1.200000E+02   4.813971E+00
  6.405000000000E+00   2.431240E-01   8.402176E+00   8.605130E+01  -6.567507E-03  -9.743988E-02  -9.979353E-01   1.200000E+02   3.924273E+00
  6.410000000000E+00   2.859725E-01   8.715358E+00   8.300504E+01  -6.960719E-03  -5.917300E-02  -5.635635E-01   1.200000E+02   2.993790E+00
  6.415000000000E+00   3.300946E-01   8.914148E+00   7.985160E+01  -7.156185E-03  -1.901254E-02  -1.703115E-01   1.200000E+02   2.035689E+00
  6.420000000000E+00   3.749522E-01   9.011642E+00   7.663255E+01  -7.153971E-03   1.919126E-02   1.631973E-01   1.200000E+02   1.061694E+00
  6.425000000000E+00   4.200646E-01   9.017456E+00   7.338641E+01  -6.973690E-03   5.151313E-02   4.192272E-01   1.200000E+02   8.279468E-02
  6.430000000000E+00   4.649894E-01   8.937268E+00   7.016422E+01  -6.654431E-03   7.409437E-02   5.816961E-01   1.200000E+02  -8.860498E-01
  6.435000000000E+00   5.092995E-01   8.770159E+00   6.714651E+01  -6.254263E-03   8.325638E-02   6.374314E-01   1.200000E+02  -1.790524E+00
  6.440000000000E+00   5.525096E-01   8.486750E+00   6.507421E+01  -5.848063E-03   7.611741E-02   5.836486E-01   1.200000E+02  -2.406126E+00
  6.445000000000E+00   5.938501E-01   8.007601E+00   6.444230E+01  -5.520543E-03   5.202094E-02   4.186458E-01   1.200000E+02  -2.580254E+00
  6.450000000000E+00   6.322092E-01   7.296732E+00   6.436065E+01  -5.348630E-03   1.514613E-02   1.335961E-01   1.200000E+02  -2.578324E+00
  6.455000000000E+00   6.665211E-01   6.401926E+00   6.437299E+01  -5.374885E-03  -2.527643E-02  -2.541609E-01   1.200000E+02  -2.536617E+00
  6.460000000000E+00   6.960708E-01   5.408958E+00   6.440205E+01  -5.589136E-03  -5.815067E-02  -6.923742E-01   1.200000E+02  -2.478098E+00
  6.465000000000E+00   7.206105E-01   4.415757E+00   6.443535E+01  -5.930730E-03  -7.525914E-02  -1.098192E+00   1.200000E+02  -2.407642E+00
  6.470000000000E+00   7.403803E-01   3.516901E+00   6.447223E+01  -6.313646E-03  -7.510327E-02  -1.376802E+00   1.200000E+02  -2.329034E+00
  6.475000000000E+00   7.560568E-01   2.790235E+00   6.451868E+01  -6.662669E-03  -6.313014E-02  -1.459760E+00   1.200000E+02  -2.247476E+00
  6.480000000000E+00   7.686398E-01   2.285390E+00   6.458680E+01  -6.939470E-03  -4.760873E-02  -1.345458E+00   1.200000E+02  -2.169885E+00
  6.485000000001E+00   7.792909E-01   2.016836E+00   6.468934E+01  -7.142234E-03  -3.405640E-02  -1.092348E+00   1.200000E+02  -2.104191E+00
  6.490000000001E+00   7.891567E-01   1.965153E+00   6.482291E+01  -7.284485E-03  -2.317765E-02  -7.645426E-01   1.200000E+02  -2.057790E+00
  6.495000000001E+00   7.992189E-01   2.085781E+00   6.495683E+01  -7.374844E-03  -1.281074E-02  -3.989610E-01   1.200000E+02  -2.035625E+00
  6.500000000001E+00   8.101976E-01   2.320817E+00   6.505081E+01  -7.409269E-03  -4.119665E-04  -1.154712E-02   1.200000E+02  -2.038559E+00
  6.505000000001E+00   8.225140E-01   2.610494E+00   6.508241E+01  -7.373277E-03   1.547525E-02   3.858145E-01   1.200000E+02  -2.062745E+00
  6.510000000001E+00   8.363061E-01   2.902985E+00   6.505571E+01  -7.249148E-03   3.465749E-02   7.766722E-01   1.200000E+02  -2.100508E+00
  6.515000000001E+00   8.514884E-01   3.161551E+00   6.499236E+01  -7.024133E-03   5.540770E-02   1.139023E+00   1.200000E+02  -2.142729E+00
  6.520000000001E+00   8.678374E-01   3.368197E+00   6.491761E+01  -6.696855E-03   7.503619E-02   1.446225E+00   1.200000E+02  -2.181784E+00
  6.525000000001E+00   8.850870E-01   3.523296E+00   6.485035E+01  -6.280189E-03   9.067579E-02   1.668993E+00   1.200000E+02  -2.213509E+00
  6.530000000001E+00   9.030106E-01   3.641304E+00   6.480000E+01  -5.800261E-03   1.000007E-01   1.779595E+00   1.200000E+02  -2.237355E+00
  6.535000000001E+00   9.214749E-01   3.743572E+00   6.476798E+01  -5.292557E-03   1.016282E-01   1.758281E+00   1.200000E+02  -2.255201E+00
  6.540000000001E+00   9.404535E-01   3.849983E+00   6.475044E+01  -4.797055E-03   9.510800E-02   1.599562E+00   1.200000E+02  -2.269825E+00
  6.545000000001E+00   9.599998E-01   3.971512E+00   6.474073E+01  -4.354204E-03   8.064848E-02   1.314674E+00   1.200000E+02  -2.283655E+00
  6.550000000001E+00   9.801895E-01   4.105510E+00   6.473182E+01  -4.002271E-03   5.889437E-02   9.285911E-01   1.200000E+02  -2.297937E+00
  6.555000000001E+00   1.001048E+00   4.234802E+00   6.471862E+01  -3.775131E-03   3.100322E-02   4.738087E-01   1.200000E+02  -2.312361E+00
  6.560000000001E+00   1.022484E+00   4.330734E+00   6.469940E+01  -3.698924E-03  -1.021393E-03  -1.525920E-02   1.200000E+02  -2.325157E+00
  6.565000000001E+00   1.044248E+00   4.359430E+00   6.467577E+01  -3.787002E-03  -3.403988E-02  -5.050100E-01   1.200000E+02  -2.333611E+00
  6.570000000001E+00   1.065921E+00   4.289799E+00   6.465138E+01  -4.034262E-03  -6.387961E-02  -9.627268E-01   1.200000E+02  -2.334761E+00
  6.575000000001E+00   1.086955E+00   4.101460E+00   6.463037E+01  -4.413436E-03  -8.602484E-02  -1.355570E+00   1.200000E+02  -2.326004E+00
  6.580000000001E+00   1.106738E+00   3.790748E+00   6.461608E+01  -4.876206E-03  -9.681508E-02  -1.650284E+00   1.200000E+02  -2.305467E+00
  6.585000000001E+00   1.124690E+00   3.373428E+00   6.461015E+01  -5.360862E-03  -9.477277E-02  -1.815152E+00   1.200000E+02  -2.272173E+00
  6.590000000001E+00   1.140356E+00   2.883483E+00   6.461186E+01  -5.805724E-03  -8.146345E-02  -1.825398E+00   1.200000E+02  -2.226136E+00
  6.595000000001E+00   1.153484E+00   2.368241E+00   6.461809E+01  -6.164425E-03  -6.128854E-02  -1.672274E+00   1.200000E+02  -2.168494E+00
  6.600000000001E+00   1.164083E+00   1.880886E+00   6.462527E+01  -6.416823E-03  -3.995514E-02  -1.372817E+00   1.200000E+02  -2.101717E+00
  6.605000000001E+00   1.172419E+00   1.471682E+00   6.463539E+01  -6.569777E-03  -2.212963E-02  -9.719204E-01   1.200000E+02  -2.029792E+00
  6.610000000001E+00   1.178988E+00   1.179330E+00   6.466517E+01  -6.646838E-03  -9.637742E-03  -5.284580E-01   1.200000E+02  -1.958222E+00
  6.615000000001E+00   1.184433E+00   1.024216E+00   6.474612E+01  -6.673148E-03  -1.466653E-03  -9.271493E-02   1.200000E+02  -1.893600E+00
  6.620000000001E+00   1.189450E+00   1.006230E+00   6.489729E+01  -6.664651E-03   4.724533E-03   3.047111E-01   1.200000E+02  -1.842687E+00
  6.625000000001E+00   1.194689E+00   1.108826E+00   6.509234E+01  -6.625635E-03   1.104231E-02   6.482256E-01   1.200000E+02  -1.811225E+00
  6.630000000001E+00   1.200691E+00   1.306396E+00   6.527395E+01  -6.552177E-03   1.859988E-02   9.293415E-01   1.200000E+02  -1.802920E+00
  6.635000000001E+00   1.207859E+00   1.570372E+00   6.539489E+01  -6.437536E-03   2.743718E-02   1.142564E+00   1.200000E+02  -1.818729E+00
  6.640000000001E+00   1.216456E+00   1.873130E+00   6.543626E+01  -6.277009E-03   3.675283E-02   1.283930E+00   1.200000E+02  -1.856521E+00
  6.645000000001E+00   1.226614E+00   2.190530E+00   6.540386E+01  -6.071340E-03   4.522892E-02   1.350425E+00   1.200000E+02  -1.911211E+00
  6.650000000001E+00   1.238354E+00   2.503280E+00   6.531877E+01  -5.828489E-03   5.135281E-02   1.339963E+00   1.200000E+02  -1.975574E+00
  6.655000000001E+00   1.251616E+00   2.796948E+00   6.520758E+01  -5.563875E-03   5.369996E-02   1.251952E+00   1.200000E+02  -2.041738E+00
  6.660000000001E+00   1.266276E+00   3.060833E+00   6.509398E+01  -5.299317E-03   5.117545E-02   1.088336E+00   1.200000E+02  -2.102970E+00
  6.665000000001E+00   1.282162E+00   3.286225E+00   6.499329E+01  -5.060849E-03   4.322270E-02   8.548366E-01   1.200000E+02  -2.154943E+00
  6.670000000001E+00   1.299063E+00   3.464686E+00   6.491149E+01  -4.875577E-03   2.999760E-02   5.620102E-01   1.200000E+02  -2.195870E+00
  6.675000000001E+00   1.316719E+00   3.586842E+00   6.484803E+01  -4.767787E-03   1.248403E-02   2.257040E-01   1.200000E+02  -2.225649E+00
  6.680000000001E+00   1.334824E+00   3.642142E+00   6.479954E+01  -4.754726E-03  -7.495959E-03  -1.333651E-01   1.200000E+02  -2.244779E+00
  6.685000000001E+00   1.353016E+00   3.619866E+00   6.476262E+01  -4.842696E-03  -2.742994E-02  -4.907460E-01   1.200000E+02  -2.253626E+00
  6.690000000001E+00   1.370885E+00   3.511330E+00   6.473494E+01  -5.024366E-03  -4.445839E-02  -8.196357E-01   1.200000E+02  -2.252171E+00
  6.695000000001E+00   1.387985E+00   3.312818E+00   6.471518E+01  -5.278317E-03  -5.591836E-02  -1.092353E+00   1.200000E+02  -2.240082E+00
  6.700000000001E+00   1.403875E+00   3.028488E+00   6.470238E+01  -5.571684E-03  -6.002092E-02  -1.282322E+00   1.200000E+02  -2.216926E+00
  6.705000000001E+00   1.418155E+00   2.672391E+00   6.469495E+01  -5.866174E-03  -5.647354E-02  -1.367147E+00   1.200000E+02  -2.182434E+00
  6.710000000001E+00   1.430522E+00   2.268860E+00   6.468990E+01  -6.126453E-03  -4.675471E-02  -1.333073E+00   1.200000E+02  -2.136772E+00
  6.715000000001E+00   1.440820E+00   1.850890E+00   6.468280E+01  -6.328474E-03  -3.377533E-02  -1.180342E+00   1.200000E+02  -2.080845E+00
  6.720000000001E+00   1.449069E+00   1.456564E+00   6.466986E+01  -6.464405E-03  -2.088627E-02  -9.273280E-01   1.200000E+02  -2.016604E+00
  6.725000000001E+00   1.455484E+00   1.123863E+00   6.465434E+01  -6.541603E-03  -1.059349E-02  -6.094290E-01   1.200000E+02  -1.947328E+00
  6.730000000001E+00   1.460458E+00   8.843434E-01   6.465734E+01  -6.575869E-03  -3.691172E-03  -2.698741E-01   1.200000E+02  -1.877716E+00
  6.735000000001E+00   1.464508E+00   7.568491E-01   6.472099E+01  -6.582695E-03   6.250809E-04   5.345300E-02   1.200000E+02  -1.813604E+00
  6.740000000001E+00   1.468211E+00   7.441576E-01   6.487767E+01  -6.571343E-03   3.851249E-03   3.357623E-01   1.200000E+02  -1.761203E+00
  6.745000000001E+00   1.472117E+00   8.354292E-01   6.510359E+01  -6.543874E-03   7.242021E-03   5.643584E-01   1.200000E+02  -1.726095E+00
  6.750000000001E+00   1.476702E+00   1.012007E+00   6.533149E+01  -6.497694E-03   1.137414E-02   7.342731E-01   1.200000E+02  -1.712378E+00
  6.755000000001E+00   1.482337E+00   1.251521E+00   6.550212E+01  -6.429076E-03   1.614818E-02   8.451636E-01   1.200000E+02  -1.722025E+00
  6.760000000001E+00   1.489279E+00   1.529962E+00   6.558702E+01  -6.336101E-03   2.098289E-02   8.995029E-01   1.200000E+02  -1.754370E+00
  6.765000000001E+00   1.497661E+00   1.823530E+00   6.558488E+01  -6.220462E-03   2.505851E-02   9.012516E-01   1.200000E+02  -1.805829E+00
  6.770000000001E+00   1.507504E+00   2.110597E+00   6.551262E+01  -6.088070E-03   2.754420E-02   8.549681E-01   1.200000E+02  -1.870132E+00
  6.775000000001E+00   1.518728E+00   2.373252E+00   6.539694E+01  -5.948643E-03   2.777630E-02   7.653994E-01   1.200000E+02  -1.939307E+00
  6.780000000001E+00   1.531175E+00   2.598085E+00   6.526611E+01  -5.814537E-03   2.537842E-02   6.375277E-01   1.200000E+02  -2.005376E+00
  6.785000000001E+00   1.544634E+00   2.776219E+00   6.514273E+01  -5.699123E-03   2.033001E-02   4.770344E-01   1.200000E+02  -2.062194E+00
  6.790000000001E+00   1.558855E+00   2.902750E+00   6.503968E+01  -5.614925E-03   1.299038E-02   2.910655E-01   1.200000E+02  -2.106503E+00
  6.795000000001E+00   1.573575E+00   2.975699E+00   6.496059E+01  -5.571758E-03   4.074533E-03   8.894854E-02   1.200000E+02  -2.137719E+00
  6.800000000001E+00   1.588526E+00   2.994700E+00   6.490322E+01  -5.575131E-03  -5.430768E-03  -1.176994E-01   1.200000E+02  -2.156849E+00
  6.805000000001E+00   1.603436E+00   2.959859E+00   6.486311E+01  -5.625218E-03  -1.440759E-02  -3.157315E-01   1.200000E+02  -2.165362E+00
  6.810000000001E+00   1.618038E+00   2.871215E+00   6.483578E+01  -5.716620E-03  -2.177522E-02  -4.917128E-01   1.200000E+02  -2.164474E+00
  6.815000000001E+00   1.632063E+00   2.729067E+00   6.481758E+01  -5.838970E-03  -2.665633E-02  -6.331098E-01   1.200000E+02  -2.154898E+00
  6.820000000001E+00   1.645246E+00   2.535121E+00   6.480557E+01  -5.978340E-03  -2.852931E-02  -7.292978E-01   1.200000E+02  -2.136877E+00
  6.825000000001E+00   1.657338E+00   2.294128E+00   6.479707E+01  -6.119351E-03  -2.735290E-02  -7.725759E-01   1.200000E+02  -2.110369E+00
  6.830000000001E+00   1.668126E+00   2.015483E+00   6.478921E+01  -6.247751E-03  -2.362042E-02  -7.592960E-01   1.200000E+02  -2.075296E+00
  6.835000000001E+00   1.677457E+00   1.714224E+00   6.477864E+01  -6.352975E-03  -1.828444E-02  -6.909487E-01   1.200000E+02  -2.031835E+00
  6.840000000001E+00   1.685265E+00   1.410939E+00   6.476231E+01  -6.429922E-03  -1.252349E-02  -5.748299E-01   1.200000E+02  -1.980724E+00
  6.845000000001E+00   1.691602E+00   1.130337E+00   6.474010E+01  -6.479255E-03  -7.398420E-03  -4.237448E-01   1.200000E+02  -1.923567E+00
  6.850000000001E+00   1.696646E+00   8.983431E-01   6.472097E+01  -6.505952E-03  -3.528418E-03  -2.542043E-01   1.200000E+02  -1.863090E+00
  6.855000000001E+00   1.700700E+00   7.378350E-01   6.473094E+01  -6.516631E-03  -9.467811E-04  -8.306198E-02   1.200000E+02  -1.803228E+00
  6.860000000001E+00   1.704164E+00   6.640122E-01   6.480987E+01  -6.516796E-03   7.815532E-04   7.628227E-02   1.200000E+02  -1.748903E+00
  6.865000000001E+00   1.707488E+00   6.819065E-01   6.497911E+01  -6.509197E-03   2.266719E-03   2.159965E-01   1.200000E+02  -1.705467E+00
  6.870000000001E+00   1.711124E+00   7.878665E-01   6.520835E+01  -6.493676E-03   4.026220E-03   3.332330E-01   1.200000E+02  -1.678001E+00
  6.875000000001E+00   1.715493E+00   9.725097E-01   6.543421E+01  -6.467997E-03   6.362962E-03   4.281247E-01   1.200000E+02  -1.670682E+00
  6.880000000001E+00   1.720953E+00   1.221863E+00   6.560155E+01  -6.428996E-03   9.347455E-03   5.018628E-01   1.200000E+02  -1.686145E+00
  6.885000000001E+00   1.727785E+00   1.517264E+00   6.568112E+01  -6.373718E-03   1.282688E-02   5.552650E-01   1.200000E+02  -1.724711E+00
  6.890000000001E+00   1.736163E+00   1.835759E+00   6.566836E+01  -6.300510E-03   1.643461E-02   5.878952E-01   1.200000E+02  -1.783645E+00
  6.895000000001E+00   1.746138E+00   2.151470E+00   6.557807E+01  -6.210055E-03   1.960968E-02   5.977144E-01   1.200000E+02  -1.856796E+00
  6.900000000001E+00   1.757630E+00   2.437637E+00   6.543818E+01  -6.106228E-03   2.164908E-02   5.811678E-01   1.200000E+02  -1.935183E+00
  6.905000000001E+00   1.770427E+00   2.669060E+00   6.528148E+01  -5.996562E-03   2.182016E-02   5.336907E-01   1.200000E+02  -2.008822E+00
  6.910000000001E+00   1.784200E+00   2.824799E+00   6.513588E+01  -5.891962E-03   1.954667E-02   4.507187E-01   1.200000E+02  -2.069337E+00
  6.915000000001E+00   1.798531E+00   2.890786E+00   6.501762E+01  -5.805342E-03   1.464207E-02   3.293196E-01   1.200000E+02  -2.111906E+00
  6.920000000001E+00   1.812955E+00   2.861706E+00   6.493068E+01  -5.749151E-03   7.505776E-03   1.703023E-01   1.200000E+02  -2.135381E+00
  6.925000000001E+00   1.827002E+00   2.741567E+00   6.487117E+01  -5.732245E-03  -8.389888E-04  -1.985222E-02   1.200000E+02  -2.140975E+00
  6.930000000001E+00   1.840244E+00   2.542878E+00   6.483224E+01  -5.757163E-03  -8.946194E-03  -2.280887E-01   1.200000E+02  -2.130816E+00
  6.935000000001E+00   1.852335E+00   2.284785E+00   6.480698E+01  -5.818956E-03  -1.535119E-02  -4.354302E-01   1.200000E+02  -2.107132E+00
  6.940000000001E+00   1.863034E+00   1.990633E+00   6.478957E+01  -5.906263E-03  -1.902908E-02  -6.193437E-01   1.200000E+02  -2.072036E+00
  6.945000000001E+00   1.872224E+00   1.685408E+00   6.477561E+01  -6.004405E-03  -1.971223E-02  -7.576038E-01   1.200000E+02  -2.027618E+00
  6.950000000001E+00   1.879910E+00   1.393374E+00   6.476278E+01  -6.099389E-03  -1.791780E-02  -8.328032E-01   1.200000E+02  -1.976123E+00
  6.955000000001E+00   1.886213E+00   1.136076E+00   6.475246E+01  -6.181251E-03  -1.466777E-02  -8.360128E-01   1.200000E+02  -1.920114E+00
  6.960000000001E+00   1.891354E+00   9.307097E-01   6.475267E+01  -6.245486E-03  -1.104061E-02  -7.681333E-01   1.200000E+02  -1.862573E+00
  6.965000000001E+00   1.895622E+00   7.888209E-01   6.477995E+01  -6.292269E-03  -7.775328E-03  -6.385294E-01   1.200000E+02  -1.806874E+00
  6.970000000001E+00   1.899352E+00   7.155800E-01   6.485452E+01  -6.324206E-03  -5.096576E-03  -4.619134E-01   1.200000E+02  -1.756616E+00
  6.975000000001E+00   1.902887E+00   7.102679E-01   6.498535E+01  -6.343842E-03  -2.788349E-03  -2.551176E-01   1.200000E+02  -1.715342E+00
  6.980000000001E+00   1.906556E+00   7.681106E-01   6.515748E+01  -6.351980E-03  -4.122294E-04  -3.496870E-02   1.200000E+02  -1.686241E+00
  6.985000000001E+00   1.910658E+00   8.822637E-01   6.533777E+01  -6.347149E-03   2.466770E-03   1.826815E-01   1.200000E+02  -1.671910E+00
  6.990000000001E+00   1.915456E+00   1.044602E+00   6.549169E+01  -6.326062E-03   6.116472E-03   3.834744E-01   1.200000E+02  -1.674133E+00
  6.995000000001E+00   1.921166E+00   1.245330E+00   6.559472E+01  -6.284731E-03   1.053719E-02   5.550207E-01   1.200000E+02  -1.693586E+00
  7.000000000001E+00   1.927951E+00   1.472276E+00   6.563527E+01  -6.219938E-03   1.541620E-02   6.872666E-01   1.200000E+02  -1.729455E+00
  7.005000000001E+00   1.935907E+00   1.710552E+00   6.561376E+01  -6.130800E-03   2.014232E-02   7.726239E-01   1.200000E+02  -1.779091E+00
  7.010000000001E+00   1.945047E+00   1.942871E+00   6.554061E+01  -6.020077E-03   2.388984E-02   8.058976E-01   1.200000E+02  -1.837904E+00
  7.015000000001E+00   1.955296E+00   2.150612E+00   6.543329E+01  -5.894893E-03   2.577340E-02   7.841668E-01   1.200000E+02  -1.899759E+00
  7.020000000001E+00   1.966485E+00   2.315591E+00   6.531205E+01  -5.766522E-03   2.505977E-02   7.068196E-01   1.200000E+02  -1.957983E+00
  7.025000000001E+00   1.978359E+00   2.422351E+00   6.519495E+01  -5.649047E-03   2.139820E-02   5.759094E-01   1.200000E+02  -2.006729E+00
  7.030000000001E+00   1.990598E+00   2.460555E+00   6.509402E+01  -5.556955E-03   1.500110E-02   3.968545E-01   1.200000E+02  -2.042096E+00
  7.035000000001E+00   2.002849E+00   2.426883E+00   6.501422E+01  -5.502126E-03   6.691299E-03   1.792545E-01   1.200000E+02  -2.062462E+00
  7.040000000001E+00   2.014759E+00   2.325890E+00   6.495507E+01  -5.491049E-03  -2.241949E-03  -6.261084E-02   1.200000E+02  -2.068059E+00
  7.045000000001E+00   2.026019E+00   2.169537E+00   6.491338E+01  -5.523230E-03  -1.036286E-02  -3.100607E-01   1.200000E+02  -2.060271E+00
  7.050000000001E+00   2.036394E+00   1.975439E+00   6.488555E+01  -5.591442E-03  -1.648343E-02  -5.414172E-01   1.200000E+02  -2.041079E+00
  7.055000000001E+00   2.045746E+00   1.764201E+00   6.486895E+01  -5.683822E-03  -1.997907E-02  -7.346224E-01   1.200000E+02  -2.012778E+00
  7.060000000001E+00   2.054041E+00   1.556356E+00   6.486271E+01  -5.787065E-03  -2.089059E-02  -8.706364E-01   1.200000E+02  -1.977867E+00
  7.065000000001E+00   2.061343E+00   1.369484E+00   6.486794E+01  -5.889469E-03  -1.977247E-02  -9.365567E-01   1.200000E+02  -1.938982E+00
  7.070000000001E+00   2.067790E+00   1.216032E+00   6.488724E+01  -5.982755E-03  -1.737743E-02  -9.272567E-01   1.200000E+02  -1.898794E+00
  7.075000000001E+00   2.073568E+00   1.102252E+00   6.492322E+01  -6.062246E-03  -1.434818E-02  -8.451148E-01   1.200000E+02  -1.859832E+00
  7.080000000001E+00   2.078877E+00   1.028430E+00   6.497626E+01  -6.125832E-03  -1.105611E-02  -6.985251E-01   1.200000E+02  -1.824283E+00
  7.085000000001E+00   2.083909E+00   9.902846E-01   6.504287E+01  -6.172580E-03  -7.616884E-03  -5.002844E-01   1.200000E+02  -1.793795E+00
  7.090000000001E+00   2.088826E+00   9.810861E-01   6.511620E+01  -6.201739E-03  -4.014219E-03  -2.664299E-01   1.200000E+02  -1.769389E+00
  7.095000000001E+00   2.093755E+00   9.938666E-01   6.518852E+01  -6.212434E-03  -2.348339E-04  -1.540295E-02   1.200000E+02  -1.751485E+00
  7.100000000001E+00   2.098791E+00   1.023173E+00   6.525391E+01  -6.203910E-03   3.651571E-03   2.328828E-01   1.200000E+02  -1.740056E+00
  7.105000000001E+00   2.104008E+00   1.066055E+00   6.530941E+01  -6.176004E-03   7.482160E-03   4.583775E-01   1.200000E+02  -1.734848E+00
  7.110000000001E+00   2.109473E+00   1.122200E+00   6.535463E+01  -6.129531E-03   1.103521E-02   6.426684E-01   1.200000E+02  -1.735611E+00
  7.115000000001E+00   2.115254E+00   1.193290E+00   6.539022E+01  -6.066483E-03   1.406878E-02   7.709445E-01   1.200000E+02  -1.742249E+00
  7.120000000001E+00   2.121433E+00   1.281789E+00   6.541631E+01  -5.990069E-03   1.633613E-02   8.337167E-01   1.200000E+02  -1.754865E+00
  7.125000000001E+00   2.128103E+00   1.389440E+00   6.543154E+01  -5.904760E-03   1.757894E-02   8.278281E-01   1.200000E+02  -1.773644E+00
  7.130000000001E+00   2.135358E+00   1.515795E+00   6.543314E+01  -5.816356E-03   1.752416E-02   7.564749E-01   1.200000E+02  -1.798619E+00
  7.135000000001E+00   2.143285E+00   1.657089E+00   6.541810E+01  -5.732011E-03   1.591486E-02   6.282824E-01   1.200000E+02  -1.829361E+00
  7.140000000001E+00   2.151941E+00   1.805688E+00   6.538479E+01  -5.659970E-03   1.258659E-02   4.557660E-01   1.200000E+02  -1.864697E+00
  7.145000000001E+00   2.161336E+00   1.950301E+00   6.533427E+01  -5.608862E-03   7.571231E-03   2.536331E-01   1.200000E+02  -1.902565E+00
  7.150000000001E+00   2.171415E+00   2.076986E+00   6.527062E+01  -5.586468E-03   1.187218E-03   3.730910E-02   1.200000E+02  -1.940124E+00
  7.155000000001E+00   2.182053E+00   2.170877E+00   6.520011E+01  -5.598179E-03  -5.929670E-03  -1.780917E-01   1.200000E+02  -1.974123E+00
  7.160000000001E+00   2.193049E+00   2.218357E+00   6.512952E+01  -5.645515E-03  -1.288631E-02  -3.783337E-01   1.200000E+02  -2.001423E+00
  7.165000000001E+00   2.204146E+00   2.209333E+00   6.506449E+01  -5.725185E-03  -1.868702E-02  -5.503296E-01   1.200000E+02  -2.019490E+00
  7.170000000001E+00   2.215045E+00   2.139153E+00   6.500844E+01  -5.829111E-03  -2.245497E-02  -6.824021E-01   1.200000E+02  -2.026675E+00
  7.175000000001E+00   2.225442E+00   2.009801E+00   6.496234E+01  -5.945606E-03  -2.366222E-02  -7.648284E-01   1.200000E+02  -2.022248E+00
  7.180000000001E+00   2.235062E+00   1.830105E+00   6.492504E+01  -6.061574E-03  -2.229113E-02  -7.908034E-01   1.200000E+02  -2.006284E+00
  7.185000000001E+00   2.243686E+00   1.614900E+00   6.489404E+01  -6.165189E-03  -1.885530E-02  -7.576921E-01   1.200000E+02  -1.979530E+00
  7.190000000001E+00   2.251184E+00   1.383298E+00   6.486645E+01  -6.248248E-03  -1.424891E-02  -6.681686E-01   1.200000E+02  -1.943322E+00
  7.195000000001E+00   2.257527E+00   1.156327E+00   6.484073E+01  -6.307405E-03  -9.463462E-03  -5.306613E-01   1.200000E+02  -1.899566E+00
  7.200000000001E+00   2.262788E+00   9.542802E-01   6.481941E+01  -6.343872E-03  -5.279836E-03  -3.586324E-01   1.200000E+02  -1.850744E+00
  7.205000000001E+00   2.267137E+00   7.940829E-01   6.481242E+01  -6.361784E-03  -2.066596E-03  -1.686739E-01   1.200000E+02  -1.799875E+00
  7.210000000001E+00   2.270814E+00   6.870675E-01   6.483783E+01  -6.366016E-03   2.334271E-04   2.202827E-02   1.200000E+02  -1.750365E+00
  7.215000000001E+00   2.274100E+00   6.378400E-01   6.491416E+01  -6.360392E-03   1.945400E-03   1.979869E-01   1.200000E+02  -1.705731E+00
  7.220000000001E+00   2.277283E+00   6.449609E-01   6.504512E+01  -6.346904E-03   3.438142E-03   3.467410E-01   1.200000E+02  -1.669263E+00
  7.225000000001E+00   2.280632E+00   7.031822E-01   6.521205E+01  -6.325965E-03   4.951475E-03   4.591923E-01   1.200000E+02  -1.643735E+00
  7.230000000001E+00   2.284386E+00   8.057231E-01   6.538361E+01  -6.297280E-03   6.525612E-03   5.295468E-01   1.200000E+02  -1.631249E+00
  7.235000000001E+00   2.288748E+00   9.453840E-01   6.553059E+01  -6.260843E-03   8.010625E-03   5.552675E-01   1.200000E+02  -1.633140E+00
  7.240000000001E+00   2.293887E+00   1.114574E+00   6.563337E+01  -6.217773E-03   9.119015E-03   5.369869E-01   1.200000E+02  -1.649857E+00
  7.245000000001E+00   2.299928E+00   1.304847E+00   6.568257E+01  -6.170817E-03   9.500616E-03   4.782360E-01   1.200000E+02  -1.680787E+00
  7.250000000001E+00   2.306953E+00   1.506352E+00   6.567752E+01  -6.124458E-03   8.829310E-03   3.849614E-01   1.200000E+02  -1.724070E+00
  7.255000000001E+00   2.314991E+00   1.707427E+00   6.562459E+01  -6.084562E-03   6.891898E-03   2.648886E-01   1.200000E+02  -1.776487E+00
  7.260000000001E+00   2.324005E+00   1.894555E+00   6.553558E+01  -6.057614E-03   3.667131E-03   1.268518E-01   1.200000E+02  -1.833565E+00
  7.265000000001E+00   2.333890E+00   2.052864E+00   6.542555E+01  -6.049607E-03  -6.200955E-04  -1.976268E-02   1.200000E+02  -1.890020E+00
  7.270000000001E+00   2.344464E+00   2.167322E+00   6.530989E+01  -6.064756E-03  -5.487070E-03  -1.653469E-01   1.200000E+02  -1.940549E+00
  7.275000000001E+00   2.355472E+00   2.224528E+00   6.520125E+01  -6.104305E-03  -1.024255E-02  -3.002108E-01   1.200000E+02  -1.980713E+00
  7.280000000001E+00   2.366602E+00   2.214848E+00   6.510747E+01  -6.165754E-03  -1.410997E-02  -4.147753E-01   1.200000E+02  -2.007548E+00
  7.285000000001E+00   2.377506E+00   2.134447E+00   6.503123E+01  -6.242887E-03  -1.641600E-02  -5.001543E-01   1.200000E+02  -2.019657E+00
  7.290000000001E+00   2.387838E+00   1.986742E+00   6.497109E+01  -6.326805E-03  -1.679623E-02  -5.492758E-01   1.200000E+02  -2.016914E+00
  7.295000000001E+00   2.397284E+00   1.782890E+00   6.492300E+01  -6.407872E-03  -1.533323E-02  -5.583514E-01   1.200000E+02  -2.000051E+00
  7.300000000001E+00   2.405606E+00   1.541079E+00   6.488162E+01  -6.478003E-03  -1.254655E-02  -5.282278E-01   1.200000E+02  -1.970403E+00
  7.305000000001E+00   2.412671E+00   1.284667E+00   6.484187E+01  -6.532464E-03  -9.212553E-03  -4.649916E-01   1.200000E+02  -1.929846E+00
  7.310000000001E+00   2.418470E+00   1.039362E+00   6.480142E+01  -6.570473E-03  -6.082630E-03  -3.792354E-01   1.200000E+02  -1.880862E+00
  7.315000000001E+00   2.423122E+00   8.297297E-01   6.476545E+01  -6.594408E-03  -3.636583E-03  -2.838574E-01   1.200000E+02  -1.826637E+00
  7.320000000001E+00   2.426856E+00   6.753311E-01   6.475249E+01  -6.608140E-03  -1.992985E-03  -1.910926E-01   1.200000E+02  -1.771031E+00
  7.325000000001E+00   2.429982E+00   5.872747E-01   6.479330E+01  -6.615379E-03  -9.967977E-04  -1.099755E-01   1.200000E+02  -1.718330E+00
  7.330000000001E+00   2.432838E+00   5.667730E-01   6.491036E+01  -6.618734E-03  -3.942850E-04  -4.515596E-02   1.200000E+02  -1.672761E+00
  7.335000000001E+00   2.435747E+00   6.070240E-01   6.509169E+01  -6.619608E-03   2.563817E-05   2.749202E-03   1.200000E+02  -1.637942E+00
  7.340000000001E+00   2.438988E+00   6.969308E-01   6.529536E+01  -6.618574E-03   3.825559E-04   3.584162E-02   1.200000E+02  -1.616501E+00
  7.345000000001E+00   2.442776E+00   8.238289E-01   6.547784E+01  -6.615807E-03   7.226840E-04   5.743886E-02   1.200000E+02  -1.609894E+00
  7.350000000001E+00   2.447264E+00   9.746726E-01   6.561138E+01  -6.611363E-03   1.052095E-03   7.082318E-02   1.200000E+02  -1.618297E+00
  7.355000000001E+00   2.452540E+00   1.136692E+00   6.568517E+01  -6.605325E-03   1.356401E-03   7.838131E-02   1.200000E+02  -1.640564E+00
  7.360000000001E+00   2.458630E+00   1.298063E+00   6.570081E+01  -6.597890E-03   1.602702E-03   8.111992E-02   1.200000E+02  -1.674280E+00
  7.365000000001E+00   2.465503E+00   1.448514E+00   6.566781E+01  -6.589484E-03   1.731680E-03   7.850504E-02   1.200000E+02  -1.715984E+00
  7.370000000001E+00   2.473084E+00   1.579698E+00   6.559988E+01  -6.580905E-03   1.652644E-03   6.862908E-02   1.200000E+02  -1.761575E+00
  7.375000000001E+00   2.481259E+00   1.685327E+00   6.551193E+01  -6.573470E-03   1.253775E-03   4.873666E-02   1.200000E+02  -1.806847E+00
  7.380000000001E+00   2.489889E+00   1.761109E+00   6.541747E+01  -6.569045E-03   4.332159E-04   1.609207E-02   1.200000E+02  -1.848074E+00
  7.385000000001E+00   2.498819E+00   1.804597E+00   6.532690E+01  -6.569893E-03  -8.556114E-04  -3.097337E-02   1.200000E+02  -1.882451E+00
  7.390000000001E+00   2.507882E+00   1.814968E+00   6.524667E+01  -6.578280E-03  -2.564557E-03  -9.219379E-02   1.200000E+02  -1.908289E+00
  7.395000000001E+00   2.516916E+00   1.792832E+00   6.517960E+01  -6.595969E-03  -4.539638E-03  -1.650416E-01   1.200000E+02  -1.924920E+00
  7.400000000001E+00   2.525762E+00   1.740082E+00   6.512579E+01  -6.623729E-03  -6.545940E-03  -2.449939E-01   1.200000E+02  -1.932429E+00
  7.405000000001E+00   2.534273E+00   1.659849E+00   6.508372E+01  -6.661053E-03  -8.318714E-03  -3.261821E-01   1.200000E+02  -1.931343E+00
  7.410000000001E+00   2.542323E+00   1.556504E+00   6.505122E+01  -6.706162E-03  -9.623733E-03  -4.022061E-01   1.200000E+02  -1.922405E+00
  7.415000000001E+00   2.549810E+00   1.435694E+00   6.502612E+01  -6.756293E-03  -1.031014E-02  -4.669714E-01   1.200000E+02  -1.906455E+00
  7.420000000001E+00   2.556663E+00   1.304306E+00   6.500673E+01  -6.808209E-03  -1.034185E-02  -5.154386E-01   1.200000E+02  -1.884407E+00
  7.425000000001E+00   2.562849E+00   1.170297E+00   6.499231E+01  -6.858787E-03  -9.799000E-03  -5.441862E-01   1.200000E+02  -1.857297E+00
  7.430000000001E+00   2.568376E+00   1.042301E+00   6.498368E+01  -6.905545E-03  -8.849056E-03  -5.517067E-01   1.200000E+02  -1.826346E+00
  7.435000000001E+00   2.573295E+00   9.289849E-01   6.498380E+01  -6.946955E-03  -7.696785E-03  -5.384010E-01   1.200000E+02  -1.793018E+00
  7.440000000001E+00   2.577702E+00   8.382100E-01   6.499803E+01  -6.982492E-03  -6.529135E-03  -5.062943E-01   1.200000E+02  -1.759034E+00
  7.445000000001E+00   2.581724E+00   7.761347E-01   6.503295E+01  -7.012429E-03  -5.472567E-03  -4.585508E-01   1.200000E+02  -1.726330E+00
  7.450000000001E+00   2.585515E+00   7.465279E-01   6.509341E+01  -7.037477E-03  -4.575133E-03  -3.989282E-01   1.200000E+02  -1.696952E+00
  7.455000000001E+00   2.589243E+00   7.505088E-01   6.517867E+01  -7.058403E-03  -3.815306E-03  -3.313440E-01   1.200000E+02  -1.672891E+00
  7.460000000001E+00   2.593072E+00   7.867387E-01   6.528053E+01  -7.075749E-03  -3.129575E-03  -2.596800E-01   1.200000E+02  -1.655917E+00
  7.465000000001E+00   2.597156E+00   8.518420E-01   6.538533E+01  -7.089702E-03  -2.446939E-03  -1.878211E-01   1.200000E+02  -1.647404E+00
  7.470000000001E+00   2.601629E+00   9.408061E-01   6.547827E+01  -7.100146E-03  -1.721325E-03  -1.198009E-01   1.200000E+02  -1.648181E+00
  7.475000000001E+00   2.606593E+00   1.047283E+00   6.554740E+01  -7.106850E-03  -9.572196E-04  -5.991050E-02   1.200000E+02  -1.658401E+00
  7.480000000001E+00   2.612118E+00   1.163866E+00   6.558563E+01  -7.109765E-03  -2.250247E-04  -1.268048E-02   1.200000E+02  -1.677437E+00
  7.485000000001E+00   2.618234E+00   1.282425E+00   6.559117E+01  -7.109367E-03   3.381633E-04   1.729578E-02   1.200000E+02  -1.703852E+00
  7.490000000001E+00   2.624932E+00   1.394533E+00   6.556682E+01  -7.106950E-03   5.466778E-04   2.570319E-02   1.200000E+02  -1.735459E+00
  7.495000000001E+00   2.632156E+00   1.491983E+00   6.551877E+01  -7.104784E-03   2.050462E-04   9.004376E-03   1.200000E+02  -1.769510E+00
  7.500000000001E+00   2.639816E+00   1.567353E+00   6.545501E+01  -7.106026E-03  -8.364361E-04  -3.493083E-02   1.200000E+02  -1.803003E+00
  7.505000000001E+00   2.647785E+00   1.614591E+00   6.538379E+01  -7.114346E-03  -2.620970E-03  -1.061377E-01   1.200000E+02  -1.833057E+00
  7.510000000001E+00   2.655910E+00   1.629561E+00   6.531220E+01  -7.133259E-03  -5.038567E-03  -2.019438E-01   1.200000E+02  -1.857255E+00
  7.515000000001E+00   2.664026E+00   1.610489E+00   6.524531E+01  -7.165315E-03  -7.815280E-03  -3.166184E-01   1.200000E+02  -1.873885E+00
  7.520000000001E+00   2.671962E+00   1.558242E+00   6.518601E+01  -7.211352E-03  -1.055309E-02  -4.414680E-01   1.200000E+02  -1.882004E+00
  7.525000000001E+00   2.679560E+00   1.476401E+00   6.513533E+01  -7.270084E-03  -1.281779E-02  -5.654906E-01   1.200000E+02  -1.881383E+00
  7.530000000001E+00   2.686688E+00   1.371077E+00   6.509309E+01  -7.338189E-03  -1.425101E-02  -6.765793E-01   1.200000E+02  -1.872378E+00
  7.535000000001E+00   2.693247E+00   1.250483E+00   6.505873E+01  -7.410954E-03  -1.466820E-02  -7.631409E-01   1.200000E+02  -1.855801E+00
  7.540000000001E+00   2.699184E+00   1.124278E+00   6.503211E+01  -7.483290E-03  -1.410478E-02  -8.158692E-01   1.200000E+02  -1.832835E+00
  7.545000000001E+00   2.704497E+00   1.002717E+00   6.501442E+01  -7.550794E-03  -1.279042E-02  -8.293085E-01   1.200000E+02  -1.804988E+00
  7.550000000001E+00   2.709234E+00   8.956625E-01   6.500894E+01  -7.610530E-03  -1.106080E-02  -8.028143E-01   1.200000E+02  -1.774052E+00
  7.555000000001E+00   2.713490E+00   8.115614E-01   6.502107E+01  -7.661269E-03  -9.244073E-03  -7.406211E-01   1.200000E+02  -1.742063E+00
  7.560000000001E+00   2.717397E+00   7.565469E-01   6.505694E+01  -7.703208E-03  -7.570242E-03  -6.509799E-01   1.200000E+02  -1.711206E+00
  7.565000000001E+00   2.721108E+00   7.338888E-01   6.511999E+01  -7.737365E-03  -6.138072E-03  -5.446481E-01   1.200000E+02  -1.683680E+00
  7.570000000001E+00   2.724788E+00   7.439359E-01   6.520731E+01  -7.764970E-03  -4.942411E-03  -4.332111E-01   1.200000E+02  -1.661529E+00
  7.575000000001E+00   2.728596E+00   7.844608E-01   6.530878E+01  -7.787090E-03  -3.935660E-03  -3.276558E-01   1.200000E+02  -1.646467E+00
  7.580000000001E+00   2.732675E+00   8.511329E-01   6.540985E+01  -7.804578E-03  -3.088712E-03  -2.373686E-01   1.200000E+02  -1.639719E+00
  7.585000000001E+00   2.737140E+00   9.379105E-01   6.549612E+01  -7.818271E-03  -2.427714E-03  -1.695320E-01   1.200000E+02  -1.641872E+00
  7.590000000001E+00   2.742074E+00   1.037353E+00   6.555684E+01  -7.829288E-03  -2.038890E-03  -1.288502E-01   1.200000E+02  -1.652765E+00
  7.595000000001E+00   2.747520E+00   1.140986E+00   6.558646E+01  -7.839291E-03  -2.044870E-03  -1.175437E-01   1.200000E+02  -1.671407E+00
  7.600000000001E+00   2.753476E+00   1.239818E+00   6.558464E+01  -7.850559E-03  -2.562409E-03  -1.355479E-01   1.200000E+02  -1.695996E+00
  7.605000000001E+00   2.759896E+00   1.325040E+00   6.555533E+01  -7.865841E-03  -3.654869E-03  -1.808218E-01   1.200000E+02  -1.724052E+00
  7.610000000001E+00   2.766692E+00   1.388860E+00   6.550531E+01  -7.887989E-03  -5.293730E-03  -2.496777E-01   1.200000E+02  -1.752691E+00
  7.615000000001E+00   2.773741E+00   1.425360E+00   6.544261E+01  -7.919439E-03  -7.341470E-03  -3.370693E-01   1.200000E+02  -1.778994E+00
  7.620000000001E+00   2.780897E+00   1.431261E+00   6.537498E+01  -7.961686E-03  -9.563701E-03  -4.368363E-01   1.200000E+02  -1.800412E+00
  7.625000000001E+00   2.788004E+00   1.406445E+00   6.530878E+01  -8.014892E-03  -1.167135E-02  -5.419633E-01   1.200000E+02  -1.815078E+00
  7.630000000001E+00   2.794917E+00   1.354089E+00   6.524852E+01  -8.077763E-03  -1.338436E-02  -6.449423E-01   1.200000E+02  -1.821990E+00
  7.635000000001E+00   2.801511E+00   1.280360E+00   6.519702E+01  -8.147770E-03  -1.449887E-02  -7.382953E-01   1.200000E+02  -1.821016E+00
  7.640000000001E+00   2.807700E+00   1.193642E+00   6.515607E+01  -8.221658E-03  -1.493477E-02  -8.152289E-01   1.200000E+02  -1.812789E+00
  7.645000000001E+00   2.813442E+00   1.103423E+00   6.512716E+01  -8.296111E-03  -1.474528E-02  -8.703082E-01   1.200000E+02  -1.798541E+00
  7.650000000001E+00   2.818743E+00   1.018986E+00   6.511205E+01  -8.368354E-03  -1.408470E-02  -8.999966E-01   1.200000E+02  -1.779927E+00
  7.655000000001E+00   2.823653E+00   9.481421E-01   6.511276E+01  -8.436518E-03  -1.314815E-02  -9.029369E-01   1.200000E+02  -1.758837E+00
  7.660000000001E+00   2.828255E+00   8.962491E-01   6.513073E+01  -8.499675E-03  -1.210857E-02  -8.799336E-01   1.200000E+02  -1.737215E+00
  7.665000000001E+00   2.832650E+00   8.657013E-01   6.516548E+01  -8.557618E-03  -1.107550E-02  -8.337056E-01   1.200000E+02  -1.716878E+00
  7.670000000001E+00   2.836946E+00   8.559763E-01   6.521357E+01  -8.610506E-03  -1.008768E-02  -7.685420E-01   1.200000E+02  -1.699340E+00
  7.675000000001E+00   2.841239E+00   8.641575E-01   6.526886E+01  -8.658553E-03  -9.135248E-03  -6.899752E-01   1.200000E+02  -1.685683E+00
  7.680000000001E+00   2.845609E+00   8.857442E-01   6.532392E+01  -8.701879E-03  -8.196513E-03  -6.044954E-01   1.200000E+02  -1.676474E+00
  7.685000000001E+00   2.850109E+00   9.155496E-01   6.537205E+01  -8.740538E-03  -7.272295E-03  -5.192562E-01   1.200000E+02  -1.671757E+00
  7.690000000001E+00   2.854769E+00   9.485380E-01   6.540873E+01  -8.774691E-03  -6.405406E-03  -4.417002E-01   1.200000E+02  -1.671114E+00
  7.695000000001E+00   2.859593E+00   9.805105E-01   6.543211E+01  -8.804818E-03  -5.680357E-03  -3.790656E-01   1.200000E+02  -1.673776E+00
  7.700000000001E+00   2.864568E+00   1.008575E+00   6.544280E+01  -8.831895E-03  -5.205669E-03  -3.377770E-01   1.200000E+02  -1.678793E+00
  7.705000000001E+00   2.869670E+00   1.031362E+00   6.544309E+01  -8.857445E-03  -5.086679E-03  -3.227654E-01   1.200000E+02  -1.685194E+00
  7.710000000001E+00   2.874873E+00   1.048967E+00   6.543621E+01  -8.883455E-03  -5.399127E-03  -3.368060E-01   1.200000E+02  -1.692148E+00
  7.715000000001E+00   2.880154E+00   1.062647E+00   6.542547E+01  -8.912177E-03  -6.172009E-03  -3.800008E-01   1.200000E+02  -1.699069E+00
  7.720000000001E+00   2.885496E+00   1.074326E+00   6.541369E+01  -8.945879E-03  -7.383096E-03  -4.495430E-01   1.200000E+02  -1.705654E+00
  7.725000000001E+00   2.890897E+00   1.086006E+00   6.540280E+01  -8.986602E-03  -8.964409E-03  -5.398659E-01   1.200000E+02  -1.711868E+00
  7.730000000001E+00   2.896359E+00   1.099188E+00   6.539361E+01  -9.035950E-03  -1.081133E-02  -6.431944E-01   1.200000E+02  -1.717856E+00
  7.735000000001E+00   2.901892E+00   1.114412E+00   6.538587E+01  -9.094927E-03  -1.278978E-02  -7.504149E-01   1.200000E+02  -1.723831E+00
  7.740000000001E+00   2.907505E+00   1.130991E+00   6.537854E+01  -9.163805E-03  -1.474061E-02  -8.521018E-01   1.200000E+02  -1.729948E+00
  7.745000000001E+00   2.913201E+00   1.146996E+00   6.537012E+01  -9.242004E-03  -1.648505E-02  -9.395232E-01   1.200000E+02  -1.736199E+00
  7.750000000001E+00   2.918970E+00   1.159489E+00   6.535921E+01  -9.328027E-03  -1.783755E-02  -1.005485E+00   1.200000E+02  -1.742336E+00
  7.755000000001E+00   2.924785E+00   1.164972E+00   6.534480E+01  -9.419479E-03  -1.862920E-02  -1.044936E+00   1.200000E+02  -1.747861E+00
  7.760000000001E+00   2.930603E+00   1.159994E+00   6.532657E+01  -9.513224E-03  -1.873932E-02  -1.055330E+00   1.200000E+02  -1.752069E+00
  7.765000000001E+00   2.936364E+00   1.141810E+00   6.530484E+01  -9.605710E-03  -1.812684E-02  -1.036749E+00   1.200000E+02  -1.754136E+00
  7.770000000001E+00   2.941997E+00   1.109008E+00   6.528046E+01  -9.693423E-03  -1.684973E-02  -9.918401E-01   1.200000E+02  -1.753256E+00
  7.775000000001E+00   2.947431E+00   1.061967E+00   6.525467E+01  -9.773387E-03  -1.506284E-02  -9.255666E-01   1.200000E+02  -1.748772E+00
  7.780000000001E+00   2.952598E+00   1.003085E+00   6.522905E+01  -9.843594E-03  -1.299092E-02  -8.447792E-01   1.200000E+02  -1.740310E+00
  7.785000000001E+00   2.957449E+00   9.366949E-01   6.520562E+01  -9.903241E-03  -1.088318E-02  -7.576045E-01   1.200000E+02  -1.727867E+00
  7.790000000001E+00   2.961962E+00   8.686591E-01   6.518720E+01  -9.952731E-03  -8.963725E-03  -6.726690E-01   1.200000E+02  -1.711868E+00
  7.795000000001E+00   2.966144E+00   8.056812E-01   6.517765E+01  -9.993443E-03  -7.394890E-03  -5.982286E-01   1.200000E+02  -1.693172E+00
  7.800000000001E+00   2.970038E+00   7.544398E-01   6.518185E+01  -1.002739E-02  -6.265449E-03  -5.413203E-01   1.200000E+02  -1.673027E+00
  7.805000000001E+00   2.973717E+00   7.207017E-01   6.520466E+01  -1.005685E-02  -5.604643E-03  -5.070737E-01   1.200000E+02  -1.652983E+00
  7.810000000001E+00   2.977280E+00   7.086102E-01   6.524891E+01  -1.008418E-02  -5.411443E-03  -4.982864E-01   1.200000E+02  -1.634759E+00
  7.815000000001E+00   2.980841E+00   7.202881E-01   6.531313E+01  -1.011171E-02  -5.682846E-03  -5.153000E-01   1.200000E+02  -1.620085E+00
  7.820000000001E+00   2.984521E+00   7.557626E-01   6.539062E+01  -1.014177E-02  -6.427798E-03  -5.561504E-01   1.200000E+02  -1.610537E+00
  7.825000000001E+00   2.988434E+00   8.130811E-01   6.547075E+01  -1.017677E-02  -7.661596E-03  -6.169255E-01   1.200000E+02  -1.607373E+00
  7.830000000001E+00   2.992680E+00   8.884735E-01   6.554185E+01  -1.021917E-02  -9.384077E-03  -6.922546E-01   1.200000E+02  -1.611381E+00
  7.835000000001E+00   2.997339E+00   9.765112E-01   6.559396E+01  -1.027132E-02  -1.155037E-02  -7.758583E-01   1.200000E+02  -1.622743E+00
  7.840000000001E+00   3.002455E+00   1.070312E+00   6.562068E+01  -1.033520E-02  -1.404503E-02  -8.610986E-01   1.200000E+02  -1.640924E+00
  7.845000000001E+00   3.008038E+00   1.161871E+00   6.561980E+01  -1.041199E-02  -1.666992E-02  -9.414788E-01   1.200000E+02  -1.664627E+00
  7.850000000001E+00   3.014056E+00   1.242569E+00   6.559304E+01  -1.050168E-02  -1.915309E-02  -1.011058E+00   1.200000E+02  -1.691831E+00
  7.855000000001E+00   3.020433E+00   1.303881E+00   6.554516E+01  -1.060279E-02  -2.118115E-02  -1.064761E+00   1.200000E+02  -1.719962E+00
  7.860000000001E+00   3.027052E+00   1.338240E+00   6.548267E+01  -1.071227E-02  -2.245164E-02  -1.098602E+00   1.200000E+02  -1.746171E+00
  7.865000000001E+00   3.033763E+00   1.339994E+00   6.541237E+01  -1.082572E-02  -2.273646E-02  -1.109890E+00   1.200000E+02  -1.767692E+00
  7.870000000001E+00   3.040395E+00   1.306318E+00   6.534006E+01  -1.093790E-02  -2.194231E-02  -1.097521E+00   1.200000E+02  -1.782192E+00
  7.875000000001E+00   3.046770E+00   1.237955E+00   6.526965E+01  -1.104353E-02  -2.014969E-02  -1.062367E+00   1.200000E+02  -1.788033E+00
  7.880000000001E+00   3.052726E+00   1.139576E+00   6.520302E+01  -1.113819E-02  -1.761143E-02  -1.007671E+00   1.200000E+02  -1.784410E+00
  7.885000000001E+00   3.058131E+00   1.019662E+00   6.514052E+01  -1.121905E-02  -1.470150E-02  -9.391972E-01   1.200000E+02  -1.771370E+00
  7.890000000001E+00   3.062907E+00   8.897942E-01   6.508238E+01  -1.128527E-02  -1.182470E-02  -8.648962E-01   1.200000E+02  -1.749764E+00
  7.895000000001E+00   3.067035E+00   7.633806E-01   6.503095E+01  -1.133790E-02  -9.320071E-03  -7.939592E-01   1.200000E+02  -1.721178E+00
  7.900000000001E+00   3.070568E+00   6.538771E-01   6.499352E+01  -1.137941E-02  -7.398472E-03  -7.353870E-01   1.200000E+02  -1.687838E+00
  7.905000000001E+00   3.073619E+00   5.727272E-01   6.498400E+01  -1.141295E-02  -6.138059E-03  -6.964496E-01   1.200000E+02  -1.652472E+00
  7.910000000001E+00   3.076353E+00   5.275162E-01   6.501922E+01  -1.144183E-02  -5.528813E-03  -6.814560E-01   1.200000E+02  -1.618091E+00
  7.915000000001E+00   3.078957E+00   5.211020E-01   6.510818E+01  -1.146922E-02  -5.531494E-03  -6.911229E-01   1.200000E+02  -1.587689E+00
  7.920000000001E+00   3.081624E+00   5.521067E-01   6.524205E+01  -1.149808E-02  -6.115466E-03  -7.226603E-01   1.200000E+02  -1.563950E+00
  7.925000000001E+00   3.084531E+00   6.161430E-01   6.539640E+01  -1.153127E-02  -7.259537E-03  -7.705152E-01   1.200000E+02  -1.549012E+00
  7.930000000001E+00   3.087828E+00   7.067759E-01   6.554307E+01  -1.157151E-02  -8.923359E-03  -8.275103E-01   1.200000E+02  -1.544305E+00
  7.935000000001E+00   3.091628E+00   8.159558E-01   6.565999E+01  -1.162119E-02  -1.101084E-02  -8.860428E-01   1.200000E+02  -1.550410E+00
  7.940000000001E+00   3.096002E+00   9.343009E-01   6.573451E+01  -1.168202E-02  -1.334814E-02  -9.391337E-01   1.200000E+02  -1.566931E+00
  7.945000000001E+00   3.100970E+00   1.051566E+00   6.576290E+01  -1.175468E-02  -1.569057E-02  -9.812578E-01   1.200000E+02  -1.592421E+00
  7.950000000001E+00   3.106499E+00   1.157374E+00   6.574840E+01  -1.183849E-02  -1.776018E-02  -1.008925E+00   1.200000E+02  -1.624428E+00
  7.955000000001E+00   3.112510E+00   1.242126E+00   6.569908E+01  -1.193143E-02  -1.930263E-02  -1.020963E+00   1.200000E+02  -1.659706E+00
  7.960000000001E+00   3.118874E+00   1.297981E+00   6.562564E+01  -1.203039E-02  -2.014384E-02  -1.018468E+00   1.200000E+02  -1.694599E+00
  7.965000000001E+00   3.125435E+00   1.319772E+00   6.553922E+01  -1.213165E-02  -2.022611E-02  -1.004418E+00   1.200000E+02  -1.725544E+00
  7.970000000001E+00   3.132014E+00   1.305701E+00   6.544956E+01  -1.223153E-02  -1.961190E-02  -9.830655E-01   1.200000E+02  -1.749575E+00
  7.975000000001E+00   3.138437E+00   1.257693E+00   6.536380E+01  -1.232690E-02  -1.845693E-02  -9.592288E-01   1.200000E+02  -1.764697E+00
  7.980000000001E+00   3.144546E+00   1.181276E+00   6.528624E+01  -1.241556E-02  -1.696527E-02  -9.376294E-01   1.200000E+02  -1.770029E+00
  7.985000000001E+00   3.150218E+00   1.084975E+00   6.521899E+01  -1.249634E-02  -1.534316E-02  -9.222938E-01   1.200000E+02  -1.765753E+00
  7.990000000001E+00   3.155380E+00   9.792459E-01   6.516320E+01  -1.256906E-02  -1.376565E-02  -9.160250E-01   1.200000E+02  -1.752917E+00
  7.995000000001E+00   3.160013E+00   8.750993E-01   6.512053E+01  -1.263428E-02  -1.236316E-02  -9.200045E-01   1.200000E+02  -1.733214E+00
  8.000000000001E+00   3.164150E+00   7.826125E-01   6.509421E+01  -1.269312E-02  -1.122505E-02  -9.336493E-01   1.200000E+02  -1.708753E+00
  8.005000000001E+00   3.167871E+00   7.095983E-01   6.508908E+01  -1.274705E-02  -1.040914E-02  -9.547952E-01   1.200000E+02  -1.681853E+00
  8.010000000001E+00   3.171285E+00   6.607118E-01   6.510978E+01  -1.279778E-02  -9.946064E-03  -9.801340E-01   1.200000E+02  -1.654830E+00
  8.015000000001E+00   3.174518E+00   6.372222E-01   6.515764E+01  -1.284708E-02  -9.835923E-03  -1.005749E+00   1.200000E+02  -1.629801E+00
  8.020000000001E+00   3.177695E+00   6.374732E-01   6.522827E+01  -1.289665E-02  -1.004310E-02  -1.027642E+00   1.200000E+02  -1.608514E+00
  8.025000000001E+00   3.180925E+00   6.577823E-01   6.531217E+01  -1.294790E-02  -1.049668E-02  -1.042230E+00   1.200000E+02  -1.592227E+00
  8.030000000001E+00   3.184298E+00   6.934142E-01   6.539777E+01  -1.300185E-02  -1.109922E-02  -1.046798E+00   1.200000E+02  -1.581665E+00
  8.035000000001E+00   3.187876E+00   7.393765E-01   6.547485E+01  -1.305896E-02  -1.174250E-02  -1.039847E+00   1.200000E+02  -1.577036E+00
  8.040000000001E+00   3.191700E+00   7.909728E-01   6.553645E+01  -1.311918E-02  -1.232633E-02  -1.021305E+00   1.200000E+02  -1.578078E+00
  8.045000000001E+00   3.195788E+00   8.441450E-01   6.557920E+01  -1.318201E-02  -1.277637E-02  -9.925592E-01   1.200000E+02  -1.584155E+00
  8.050000000001E+00   3.200139E+00   8.956441E-01   6.560274E+01  -1.324667E-02  -1.305643E-02  -9.563371E-01   1.200000E+02  -1.594360E+00
  8.055000000001E+00   3.204738E+00   9.430599E-01   6.560884E+01  -1.331231E-02  -1.317284E-02  -9.164366E-01   1.200000E+02  -1.607625E+00
  8.060000000001E+00   3.209560E+00   9.847411E-01   6.560046E+01  -1.337820E-02  -1.316986E-02  -8.773362E-01   1.200000E+02  -1.622834E+00
  8.065000000001E+00   3.214575E+00   1.019643E+00   6.558103E+01  -1.344393E-02  -1.311785E-02  -8.437086E-01   1.200000E+02  -1.638907E+00
  8.070000000001E+00   3.219745E+00   1.047147E+00   6.555396E+01  -1.350943E-02  -1.309680E-02  -8.198916E-01   1.200000E+02  -1.654869E+00
  8.075000000001E+00   3.225034E+00   1.066884E+00   6.552221E+01  -1.357506E-02  -1.317897E-02  -8.093808E-01   1.200000E+02  -1.669887E+00
  8.080000000001E+00   3.230401E+00   1.078609E+00   6.548822E+01  -1.364147E-02  -1.341351E-02  -8.144074E-01   1.200000E+02  -1.683285E+00
  8.085000000001E+00   3.235807E+00   1.082127E+00   6.545377E+01  -1.370947E-02  -1.381546E-02  -8.356454E-01   1.200000E+02  -1.694535E+00
  8.090000000001E+00   3.241209E+00   1.077295E+00   6.542013E+01  -1.377986E-02  -1.436073E-02  -8.720737E-01   1.200000E+02  -1.703244E+00
  8.095000000001E+00   3.246566E+00   1.064077E+00   6.538810E+01  -1.385321E-02  -1.498762E-02  -9.209970E-01   1.200000E+02  -1.709130E+00
  8.100000000001E+00   3.251837E+00   1.042640E+00   6.535819E+01  -1.392972E-02  -1.560539E-02  -9.782286E-01   1.200000E+02  -1.712011E+00
  8.105000000001E+00   3.256980E+00   1.013465E+00   6.533074E+01  -1.400908E-02  -1.610897E-02  -1.038428E+00   1.200000E+02  -1.711796E+00
  8.110000000001E+00   3.261960E+00   9.774552E-01   6.530605E+01  -1.409046E-02  -1.639795E-02  -1.095585E+00   1.200000E+02  -1.708487E+00
  8.115000000001E+00   3.266746E+00   9.360008E-01   6.528453E+01  -1.417259E-02  -1.639637E-02  -1.143620E+00   1.200000E+02  -1.702187E+00
  8.120000000001E+00   3.271315E+00   8.909998E-01   6.526673E+01  -1.425390E-02  -1.606874E-02  -1.177053E+00   1.200000E+02  -1.693112E+00
  8.125000000001E+00   3.275654E+00   8.448139E-01   6.525352E+01  -1.433277E-02  -1.542812E-02  -1.191670E+00   1.200000E+02  -1.681605E+00
  8.130000000001E+00   3.279765E+00   8.001569E-01   6.524613E+01  -1.440777E-02  -1.453353E-02  -1.185088E+00   1.200000E+02  -1.668144E+00
  8.135000000001E+00   3.283663E+00   7.599218E-01   6.524616E+01  -1.447785E-02  -1.347719E-02  -1.157139E+00   1.200000E+02  -1.653346E+00
  8.140000000001E+00   3.287376E+00   7.269616E-01   6.525543E+01  -1.454246E-02  -1.236538E-02  -1.109973E+00   1.200000E+02  -1.637956E+00
  8.145000000001E+00   3.290948E+00   7.038485E-01   6.527559E+01  -1.460158E-02  -1.129884E-02  -1.047865E+00   1.200000E+02  -1.622829E+00
  8.150000000001E+00   3.294434E+00   6.926455E-01   6.530750E+01  -1.465565E-02  -1.035903E-02  -9.767221E-01   1.200000E+02  -1.608888E+00
  8.155000000001E+00   3.297896E+00   6.947177E-01   6.535058E+01  -1.470546E-02  -9.603547E-03  -9.033847E-01   1.200000E+02  -1.597074E+00
  8.160000000001E+00   3.301403E+00   7.105970E-01   6.540232E+01  -1.475204E-02  -9.070387E-03  -8.348253E-01   1.200000E+02  -1.588287E+00
  8.165000000001E+00   3.305023E+00   7.398923E-01   6.545831E+01  -1.479657E-02  -8.786865E-03  -7.773744E-01   1.200000E+02  -1.583307E+00
  8.170000000001E+00   3.308821E+00   7.812328E-01   6.551293E+01  -1.484035E-02  -8.777621E-03  -7.360772E-01   1.200000E+02  -1.582720E+00
  8.175000000001E+00   3.312851E+00   8.322400E-01   6.556023E+01  -1.488482E-02  -9.066873E-03  -7.142487E-01   1.200000E+02  -1.586838E+00
  8.180000000001E+00   3.317154E+00   8.895510E-01   6.559506E+01  -1.493153E-02  -9.672644E-03  -7.132560E-01   1.200000E+02  -1.595620E+00
  8.185000000001E+00   3.321750E+00   9.489289E-01   6.561378E+01  -1.498206E-02  -1.059394E-02  -7.325191E-01   1.200000E+02  -1.608620E+00
  8.190000000001E+00   3.326638E+00   1.005494E+00   6.561476E+01  -1.503792E-02  -1.179490E-02  -7.696904E-01   1.200000E+02  -1.624961E+00
  8.195000000001E+00   3.331792E+00   1.054095E+00   6.559842E+01  -1.510032E-02  -1.319193E-02  -8.209601E-01   1.200000E+02  -1.643370E+00
  8.200000000001E+00   3.337159E+00   1.089800E+00   6.556696E+01  -1.516994E-02  -1.465046E-02  -8.814335E-01   1.200000E+02  -1.662268E+00
  8.205000000001E+00   3.342663E+00   1.108472E+00   6.552384E+01  -1.524665E-02  -1.599587E-02  -9.455458E-01   1.200000E+02  -1.679926E+00
  8.210000000001E+00   3.348212E+00   1.107345E+00   6.547310E+01  -1.532941E-02  -1.703989E-02  -1.007504E+00   1.200000E+02  -1.694657E+00
  8.215000000001E+00   3.353703E+00   1.085517E+00   6.541878E+01  -1.541630E-02  -1.761808E-02  -1.061755E+00   1.200000E+02  -1.705020E+00
  8.220000000001E+00   3.359036E+00   1.044252E+00   6.536443E+01  -1.550468E-02  -1.762894E-02  -1.103475E+00   1.200000E+02  -1.709984E+00
  8.225000000001E+00   3.364120E+00   9.870156E-01   6.531300E+01  -1.559165E-02  -1.706207E-02  -1.129035E+00   1.200000E+02  -1.709040E+00
  8.230000000001E+00   3.368889E+00   9.191940E-01   6.526707E+01  -1.567451E-02  -1.600443E-02  -1.136389E+00   1.200000E+02  -1.702242E+00
  8.235000000001E+00   3.373306E+00   8.474884E-01   6.522927E+01  -1.575117E-02  -1.462028E-02  -1.125290E+00   1.200000E+02  -1.690184E+00
  8.240000000001E+00   3.377369E+00   7.790610E-01   6.520280E+01  -1.582051E-02  -1.311044E-02  -1.097266E+00   1.200000E+02  -1.673932E+00
  8.245000000001E+00   3.381112E+00   7.205542E-01   6.519159E+01  -1.588238E-02  -1.166465E-02  -1.055351E+00   1.200000E+02  -1.654915E+00
  8.250000000001E+00   3.384599E+00   6.771722E-01   6.519957E+01  -1.593749E-02  -1.042344E-02  -1.003591E+00   1.200000E+02  -1.634774E+00
  8.255000000001E+00   3.387913E+00   6.520295E-01   6.522897E+01  -1.598707E-02  -9.460872E-03  -9.464648E-01   1.200000E+02  -1.615204E+00
  8.260000000001E+00   3.391150E+00   6.459132E-01   6.527850E+01  -1.603257E-02  -8.789964E-03  -8.883481E-01   1.200000E+02  -1.597782E+00
  8.265000000001E+00   3.394401E+00   6.574614E-01   6.534257E+01  -1.607539E-02  -8.382825E-03  -8.331367E-01   1.200000E+02  -1.583809E+00
  8.270000000001E+00   3.397748E+00   6.836226E-01   6.541250E+01  -1.611675E-02  -8.194223E-03  -7.840651E-01   1.200000E+02  -1.574197E+00
  8.275000000001E+00   3.401254E+00   7.202207E-01   6.547896E+01  -1.615761E-02  -8.179784E-03  -7.436662E-01   1.200000E+02  -1.569394E+00
  8.280000000001E+00   3.404959E+00   7.625202E-01   6.553418E+01  -1.619877E-02  -8.305434E-03  -7.138037E-01   1.200000E+02  -1.569366E+00
  8.285000000001E+00   3.408880E+00   8.057546E-01   6.557320E+01  -1.624085E-02  -8.548927E-03  -6.957211E-01   1.200000E+02  -1.573622E+00
  8.290000000001E+00   3.413011E+00   8.456059E-01   6.559417E+01  -1.628442E-02  -8.896113E-03  -6.900770E-01   1.200000E+02  -1.581292E+00
  8.295000000001E+00   3.417325E+00   8.786118E-01   6.559786E+01  -1.632996E-02  -9.334893E-03  -6.969505E-01   1.200000E+02  -1.591245E+00
  8.300000000001E+00   3.421783E+00   9.024634E-01   6.558692E+01  -1.637789E-02  -9.849376E-03  -7.158077E-01   1.200000E+02  -1.602238E+00
  8.305000000001E+00   3.426334E+00   9.161557E-01   6.556513E+01  -1.642854E-02  -1.041613E-02  -7.454352E-01   1.200000E+02  -1.613071E+00
  8.310000000001E+00   3.430928E+00   9.199690E-01   6.553664E+01  -1.648209E-02  -1.100354E-02  -7.838692E-01   1.200000E+02  -1.622731E+00
  8.315000000001E+00   3.435520E+00   9.152803E-01   6.550546E+01  -1.653855E-02  -1.157445E-02  -8.283686E-01   1.200000E+02  -1.630492E+00
  8.320000000001E+00   3.440071E+00   9.042303E-01   6.547506E+01  -1.659774E-02  -1.209068E-02  -8.754826E-01   1.200000E+02  -1.635963E+00
  8.325000000001E+00   3.444556E+00   8.893002E-01   6.544814E+01  -1.665931E-02  -1.251777E-02  -9.212464E-01   1.200000E+02  -1.639074E+00
  8.330000000001E+00   3.448961E+00   8.728667E-01   6.542650E+01  -1.672273E-02  -1.282750E-02  -9.614967E-01   1.200000E+02  -1.640026E+00
  8.335000000001E+00   3.453285E+00   8.568127E-01   6.541099E+01  -1.678736E-02  -1.299760E-02  -9.922657E-01   1.200000E+02  -1.639194E+00
  8.340000000001E+00   3.457532E+00   8.422579E-01   6.540145E+01  -1.685246E-02  -1.300952E-02  -1.010191E+00   1.200000E+02  -1.637029E+00
  8.345000000001E+00   3.461711E+00   8.294509E-01   6.539689E+01  -1.691718E-02  -1.284676E-02  -1.012885E+00   1.200000E+02  -1.633954E+00
  8.350000000001E+00   3.465828E+00   8.178348E-01   6.539570E+01  -1.698062E-02  -1.249609E-02  -9.992122E-01   1.200000E+02  -1.630291E+00
  8.355000000001E+00   3.469889E+00   8.062634E-01   6.539599E+01  -1.704183E-02  -1.195251E-02  -9.694676E-01   1.200000E+02  -1.626210E+00
  8.360000000001E+00   3.473889E+00   7.933253E-01   6.539599E+01  -1.709985E-02  -1.122634E-02  -9.254180E-01   1.200000E+02  -1.621717E+00
  8.365000000001E+00   3.477818E+00   7.777147E-01   6.539437E+01  -1.715385E-02  -1.034926E-02  -8.702205E-01   1.200000E+02  -1.616678E+00
  8.370000000001E+00   3.481660E+00   7.585841E-01   6.539049E+01  -1.720319E-02  -9.375842E-03  -8.082043E-01   1.200000E+02  -1.610873E+00
  8.375000000001E+00   3.485398E+00   7.358172E-01   6.538453E+01  -1.724757E-02  -8.378616E-03  -7.445216E-01   1.200000E+02  -1.604073E+00
  8.380000000001E+00   3.489014E+00   7.101722E-01   6.537751E+01  -1.728707E-02  -7.437422E-03  -6.846792E-01   1.200000E+02  -1.596112E+00
  8.385000000001E+00   3.492498E+00   6.832644E-01   6.537127E+01  -1.732215E-02  -6.626438E-03  -6.339839E-01   1.200000E+02  -1.586965E+00
  8.390000000001E+00   3.495848E+00   6.573864E-01   6.536826E+01  -1.735363E-02  -6.003436E-03  -5.969612E-01   1.200000E+02  -1.576796E+00
  8.395000000001E+00   3.499077E+00   6.351934E-01   6.537134E+01  -1.738255E-02  -5.604853E-03  -5.768271E-01   1.200000E+02  -1.565977E+00
  8.400000000001E+00   3.502210E+00   6.193097E-01   6.538320E+01  -1.741007E-02  -5.447354E-03  -5.751007E-01   1.200000E+02  -1.555075E+00
  8.405000000001E+00   3.505284E+00   6.119333E-01   6.540561E+01  -1.743741E-02  -5.533362E-03  -5.914253E-01   1.200000E+02  -1.544804E+00
  8.410000000001E+00   3.508346E+00   6.145081E-01   6.543870E+01  -1.746578E-02  -5.856226E-03  -6.236270E-01   1.200000E+02  -1.535951E+00
  8.415000000001E+00   3.511446E+00   6.275080E-01   6.548045E+01  -1.749633E-02  -6.401453E-03  -6.679916E-01   1.200000E+02  -1.529289E+00
  8.420000000001E+00   3.514636E+00   6.503407E-01   6.552686E+01  -1.753011E-02  -7.142949E-03  -7.197075E-01   1.200000E+02  -1.525478E+00
  8.425000000001E+00   3.517962E+00   6.813520E-01   6.557264E+01  -1.756800E-02  -8.036249E-03  -7.734007E-01   1.200000E+02  -1.524979E+00
  8.430000000001E+00   3.521459E+00   7.179110E-01   6.561230E+01  -1.761061E-02  -9.012572E-03  -8.236892E-01   1.200000E+02  -1.527970E+00
  8.435000000001E+00   3.525145E+00   7.565719E-01   6.564116E+01  -1.765811E-02  -9.977847E-03  -8.656910E-01   1.200000E+02  -1.534290E+00
  8.440000000001E+00   3.529022E+00   7.933175E-01   6.565605E+01  -1.771019E-02  -1.081952E-02  -8.954383E-01   1.200000E+02  -1.543413E+00
  8.445000000001E+00   3.533068E+00   8.238918E-01   6.565555E+01  -1.776592E-02  -1.142144E-02  -9.101690E-01   1.200000E+02  -1.554454E+00
  8.450000000001E+00   3.537244E+00   8.442104E-01   6.563991E+01  -1.782386E-02  -1.168432E-02  -9.084915E-01   1.200000E+02  -1.566231E+00
  8.455000000001E+00   3.541488E+00   8.508228E-01   6.561071E+01  -1.788212E-02  -1.154697E-02  -8.904382E-01   1.200000E+02  -1.577369E+00
  8.460000000001E+00   3.545726E+00   8.413789E-01   6.557034E+01  -1.793867E-02  -1.100237E-02  -8.574364E-01   1.200000E+02  -1.586440E+00
  8.465000000001E+00   3.549875E+00   8.150387E-01   6.552151E+01  -1.799158E-02  -1.010342E-02  -8.122211E-01   1.200000E+02  -1.592129E+00
  8.470000000001E+00   3.553851E+00   7.727537E-01   6.546684E+01  -1.803931E-02  -8.955346E-03  -7.586870E-01   1.200000E+02  -1.593383E+00
  8.475000000001E+00   3.557581E+00   7.173524E-01   6.540878E+01  -1.808095E-02  -7.695119E-03  -7.016473E-01   1.200000E+02  -1.589542E+00
  8.480000000001E+00   3.561011E+00   6.533735E-01   6.534988E+01  -1.811631E-02  -6.463332E-03  -6.464572E-01   1.200000E+02  -1.580425E+00
  8.485000000001E+00   3.564111E+00   5.866200E-01   6.529351E+01  -1.814582E-02  -5.377065E-03  -5.984921E-01   1.200000E+02  -1.566358E+00
  8.490000000001E+00   3.566883E+00   5.234478E-01   6.524480E+01  -1.817043E-02  -4.513089E-03  -5.625310E-01   1.200000E+02  -1.548156E+00
  8.495000000001E+00   3.569361E+00   4.698651E-01   6.521128E+01  -1.819136E-02  -3.906360E-03  -5.421530E-01   1.200000E+02  -1.527048E+00
  8.500000000001E+00   3.571605E+00   4.306169E-01   6.520216E+01  -1.820992E-02  -3.561508E-03  -5.392683E-01   1.200000E+02  -1.504551E+00
  8.505000000001E+00   3.573694E+00   4.085131E-01   6.522522E+01  -1.822738E-02  -3.468938E-03  -5.538678E-01   1.200000E+02  -1.482303E+00
  8.510000000001E+00   3.575718E+00   4.042354E-01   6.528256E+01  -1.824499E-02  -3.616308E-03  -5.840207E-01   1.200000E+02  -1.461886E+00
  8.515000000001E+00   3.577763E+00   4.166211E-01   6.536822E+01  -1.826391E-02  -3.990517E-03  -6.261156E-01   1.200000E+02  -1.444673E+00
  8.520000000001E+00   3.579907E+00   4.431589E-01   6.546998E+01  -1.828523E-02  -4.571099E-03  -6.753104E-01   1.200000E+02  -1.431718E+00
  8.525000000001E+00   3.582212E+00   4.804115E-01   6.557356E+01  -1.830989E-02  -5.319748E-03  -7.261167E-01   1.200000E+02  -1.423689E+00
  8.530000000001E+00   3.584722E+00   5.242883E-01   6.566641E+01  -1.833859E-02  -6.171964E-03  -7.730302E-01   1.200000E+02  -1.420833E+00
  8.535000000001E+00   3.587458E+00   5.702567E-01   6.573965E+01  -1.837163E-02  -7.036127E-03  -8.111303E-01   1.200000E+02  -1.422944E+00
  8.540000000001E+00   3.590420E+00   6.135979E-01   6.578834E+01  -1.840880E-02  -7.802805E-03  -8.365961E-01   1.200000E+02  -1.429374E+00
  8.545000000001E+00   3.593583E+00   6.497510E-01   6.581104E+01  -1.844933E-02  -8.363313E-03  -8.470912E-01   1.200000E+02  -1.439064E+00
  8.550000000001E+00   3.596900E+00   6.747306E-01   6.580897E+01  -1.849196E-02  -8.632690E-03  -8.419783E-01   1.200000E+02  -1.450629E+00
  8.555000000001E+00   3.600308E+00   6.855680E-01   6.578519E+01  -1.853512E-02  -8.569863E-03  -8.223400E-01   1.200000E+02  -1.462490E+00
  8.560000000001E+00   3.603730E+00   6.807055E-01   6.574375E+01  -1.857715E-02  -8.187998E-03  -7.908115E-01   1.200000E+02  -1.473039E+00
  8.565000000001E+00   3.607090E+00   6.602634E-01   6.568910E+01  -1.861659E-02  -7.551143E-03  -7.512575E-01   1.200000E+02  -1.480829E+00
  8.570000000001E+00   3.610311E+00   6.261144E-01   6.562564E+01  -1.865241E-02  -6.758056E-03  -7.083398E-01   1.200000E+02  -1.484735E+00
  8.575000000001E+00   3.613334E+00   5.817170E-01   6.555762E+01  -1.868410E-02  -5.918628E-03  -6.670101E-01   1.200000E+02  -1.484082E+00
  8.580000000001E+00   3.616119E+00   5.317031E-01   6.548945E+01  -1.871168E-02  -5.130735E-03  -6.319486E-01   1.200000E+02  -1.478714E+00
  8.585000000001E+00   3.618651E+00   4.812494E-01   6.542624E+01  -1.873560E-02  -4.464802E-03  -6.069934E-01   1.200000E+02  -1.468982E+00
  8.590000000001E+00   3.620939E+00   4.353169E-01   6.537417E+01  -1.875659E-02  -3.959690E-03  -5.946507E-01   1.200000E+02  -1.455676E+00
  8.595000000001E+00   3.623017E+00   3.978975E-01   6.534019E+01  -1.877548E-02  -3.628135E-03  -5.957892E-01   1.200000E+02  -1.439899E+00
  8.600000000001E+00   3.624936E+00   3.714544E-01   6.533038E+01  -1.879314E-02  -3.465985E-03  -6.095880E-01   1.200000E+02  -1.422909E+00
  8.605000000001E+00   3.626751E+00   3.567207E-01   6.534755E+01  -1.881039E-02  -3.459417E-03  -6.337294E-01   1.200000E+02  -1.405944E+00
  8.610000000001E+00   3.628520E+00   3.528912E-01   6.538946E+01  -1.882795E-02  -3.587681E-03  -6.647844E-01   1.200000E+02  -1.390087E+00
  8.615000000001E+00   3.630294E+00   3.580689E-01   6.544927E+01  -1.884643E-02  -3.822618E-03  -6.987135E-01   1.200000E+02  -1.376163E+00
  8.620000000001E+00   3.632111E+00   3.697574E-01   6.551778E+01  -1.886629E-02  -4.127767E-03  -7.314043E-01   1.200000E+02  -1.364695E+00
  8.625000000001E+00   3.633998E+00   3.852634E-01   6.558606E+01  -1.888775E-02  -4.459492E-03  -7.591701E-01   1.200000E+02  -1.355905E+00
  8.630000000001E+00   3.635966E+00   4.019880E-01   6.564708E+01  -1.891085E-02  -4.771149E-03  -7.791575E-01   1.200000E+02  -1.349738E+00
  8.635000000001E+00   3.638016E+00   4.176354E-01   6.569632E+01  -1.893536E-02  -5.019726E-03  -7.896302E-01   1.200000E+02  -1.345905E+00
  8.640000000001E+00   3.640138E+00   4.303658E-01   6.573164E+01  -1.896089E-02  -5.173123E-03  -7.901135E-01   1.200000E+02  -1.343946E+00
  8.645000000001E+00   3.642313E+00   4.388955E-01   6.575277E+01  -1.898692E-02  -5.215703E-03  -7.813863E-01   1.200000E+02  -1.343289E+00
  8.650000000001E+00   3.644519E+00   4.425396E-01   6.576077E+01  -1.901288E-02  -5.150251E-03  -7.653202E-01   1.200000E+02  -1.343325E+00
  8.655000000001E+00   3.646730E+00   4.411932E-01   6.575760E+01  -1.903828E-02  -4.995695E-03  -7.445830E-01   1.200000E+02  -1.343470E+00
  8.660000000001E+00   3.648923E+00   4.352525E-01   6.574568E+01  -1.906274E-02  -4.781452E-03  -7.222470E-01   1.200000E+02  -1.343215E+00
  8.665000000001E+00   3.651077E+00   4.254890E-01   6.572759E+01  -1.908605E-02  -4.540316E-03  -7.013672E-01   1.200000E+02  -1.342167E+00
  8.670000000001E+00   3.653174E+00   4.128958E-01   6.570589E+01  -1.910815E-02  -4.302006E-03  -6.845966E-01   1.200000E+02  -1.340066E+00
  8.675000000001E+00   3.655203E+00   3.985321E-01   6.568288E+01  -1.912911E-02  -4.088865E-03  -6.738941E-01   1.200000E+02  -1.336785E+00
  8.680000000001E+00   3.657158E+00   3.833885E-01   6.566055E+01  -1.914910E-02  -3.914158E-03  -6.703534E-01   1.200000E+02  -1.332315E+00
  8.685000000001E+00   3.659037E+00   3.682909E-01   6.564044E+01  -1.916832E-02  -3.782526E-03  -6.741593E-01   1.200000E+02  -1.326736E+00
  8.690000000001E+00   3.660842E+00   3.538503E-01   6.562363E+01  -1.918699E-02  -3.691754E-03  -6.846576E-01   1.200000E+02  -1.320192E+00
  8.695000000001E+00   3.662577E+00   3.404574E-01   6.561073E+01  -1.920529E-02  -3.634995E-03  -7.005127E-01   1.200000E+02  -1.312862E+00
  8.700000000001E+00   3.664248E+00   3.283092E-01   6.560195E+01  -1.922338E-02  -3.602900E-03  -7.199228E-01   1.200000E+02  -1.304929E+00
  8.705000000001E+00   3.665862E+00   3.174569E-01   6.559716E+01  -1.924134E-02  -3.585385E-03  -7.408599E-01   1.200000E+02  -1.296570E+00
  8.710000000001E+00   3.667425E+00   3.078564E-01   6.559605E+01  -1.925924E-02  -3.572966E-03  -7.613045E-01   1.200000E+02  -1.287944E+00
  8.715000000001E+00   3.668943E+00   2.994133E-01   6.559819E+01  -1.927707E-02  -3.557699E-03  -7.794531E-01   1.200000E+02  -1.279184E+00
  8.720000000001E+00   3.670421E+00   2.920139E-01   6.560313E+01  -1.929480E-02  -3.533737E-03  -7.938806E-01   1.200000E+02  -1.270400E+00
  8.725000000001E+00   3.671864E+00   2.855431E-01   6.561041E+01  -1.931239E-02  -3.497573E-03  -8.036516E-01   1.200000E+02  -1.261680E+00
  8.730000000001E+00   3.673277E+00   2.798905E-01   6.561963E+01  -1.932976E-02  -3.448002E-03  -8.083755E-01   1.200000E+02  -1.253094E+00
  8.735000000001E+00   3.674664E+00   2.749500E-01   6.563038E+01  -1.934685E-02  -3.385892E-03  -8.082102E-01   1.200000E+02  -1.244695E+00
  8.740000000001E+00   3.676028E+00   2.706167E-01   6.564229E+01  -1.936360E-02  -3.313817E-03  -8.038178E-01   1.200000E+02  -1.236521E+00
  8.745000000001E+00   3.677371E+00   2.667844E-01   6.565495E+01  -1.937998E-02  -3.235628E-03  -7.962797E-01   1.200000E+02  -1.228599E+00
  8.750000000001E+00   3.678696E+00   2.633444E-01   6.566799E+01  -1.939595E-02  -3.155975E-03  -7.869793E-01   1.200000E+02  -1.220943E+00
  8.755000000001E+00   3.680005E+00   2.601852E-01   6.568102E+01  -1.941154E-02  -3.079782E-03  -7.774586E-01   1.200000E+02  -1.213555E+00
  8.760000000001E+00   3.681298E+00   2.571927E-01   6.569364E+01  -1.942676E-02  -3.011685E-03  -7.692619E-01   1.200000E+02  -1.206428E+00
  8.765000000001E+00   3.682577E+00   2.542485E-01   6.570548E+01  -1.944168E-02  -2.955445E-03  -7.637760E-01   1.200000E+02  -1.199543E+00
  8.770000000001E+00   3.683841E+00   2.512282E-01   6.571615E+01  -1.945634E-02  -2.913386E-03  -7.620822E-01   1.200000E+02  -1.192871E+00
  8.775000000001E+00   3.685089E+00   2.479996E-01   6.572524E+01  -1.947083E-02  -2.885940E-03  -7.648362E-01   1.200000E+02  -1.186375E+00
  8.780000000001E+00   3.686320E+00   2.444247E-01   6.573234E+01  -1.948522E-02  -2.871385E-03  -7.721921E-01   1.200000E+02  -1.180005E+00
  8.785000000001E+00   3.687532E+00   2.403666E-01   6.573703E+01  -1.949956E-02  -2.865888E-03  -7.837819E-01   1.200000E+02  -1.173701E+00
  8.790000000001E+00   3.688723E+00   2.357046E-01   6.573896E+01  -1.951389E-02  -2.863921E-03  -7.987592E-01   1.200000E+02  -1.167394E+00
  8.795000000001E+00   3.689888E+00   2.303564E-01   6.573789E+01  -1.952820E-02  -2.859064E-03  -8.159044E-01   1.200000E+02  -1.161010E+00
  8.800000000001E+00   3.691025E+00   2.243051E-01   6.573378E+01  -1.954246E-02  -2.845129E-03  -8.337800E-01   1.200000E+02  -1.154475E+00
  8.805000000001E+00   3.692130E+00   2.176236E-01   6.572693E+01  -1.955663E-02  -2.817402E-03  -8.509151E-01   1.200000E+02  -1.147721E+00
  8.810000000001E+00   3.693201E+00   2.104909E-01   6.571802E+01  -1.957061E-02  -2.773718E-03  -8.659914E-01   1.200000E+02  -1.140699E+00
  8.815000000001E+00   3.694235E+00   2.031905E-01   6.570823E+01  -1.958434E-02  -2.715058E-03  -8.780018E-01   1.200000E+02  -1.133385E+00
  8.820000000001E+00   3.695233E+00   1.960877E-01   6.569913E+01  -1.959774E-02  -2.645451E-03  -8.863578E-01   1.200000E+02  -1.125793E+00
  8.825000000001E+00   3.696197E+00   1.895847E-01   6.569263E+01  -1.961079E-02  -2.571161E-03  -8.909279E-01   1.200000E+02  -1.117973E+00
  8.830000000001E+00   3.697131E+00   1.840633E-01   6.569063E+01  -1.962346E-02  -2.499372E-03  -8.920043E-01   1.200000E+02  -1.110014E+00
  8.835000000001E+00   3.698040E+00   1.798233E-01   6.569473E+01  -1.963579E-02  -2.436731E-03  -8.902091E-01   1.200000E+02  -1.102037E+00
  8.840000000001E+00   3.698931E+00   1.770324E-01   6.570582E+01  -1.964785E-02  -2.388137E-03  -8.863603E-01   1.200000E+02  -1.094180E+00
  8.845000000001E+00   3.699812E+00   1.756939E-01   6.572380E+01  -1.965970E-02  -2.355978E-03  -8.813270E-01   1.200000E+02  -1.086579E+00
  8.850000000001E+00   3.700690E+00   1.756373E-01   6.574751E+01  -1.967144E-02  -2.339871E-03  -8.759002E-01   1.200000E+02  -1.079358E+00
  8.855000000001E+00   3.701570E+00   1.765280E-01   6.577482E+01  -1.968312E-02  -2.336805E-03  -8.707000E-01   1.200000E+02  -1.072606E+00
  8.860000000001E+00   3.702456E+00   1.778975E-01   6.580299E+01  -1.969482E-02  -2.341571E-03  -8.661302E-01   1.200000E+02  -1.066367E+00
  8.865000000001E+00   3.703349E+00   1.791902E-01   6.582903E+01  -1.970654E-02  -2.347450E-03  -8.623814E-01   1.200000E+02  -1.060626E+00
  8.870000000001E+00   3.704247E+00   1.798292E-01   6.585010E+01  -1.971828E-02  -2.347135E-03  -8.594769E-01   1.200000E+02  -1.055313E+00
  8.875000000001E+00   3.705145E+00   1.792958E-01   6.586389E+01  -1.972999E-02  -2.333888E-03  -8.573484E-01   1.200000E+02  -1.050302E+00
  8.880000000001E+00   3.706037E+00   1.772155E-01   6.586886E+01  -1.974159E-02  -2.302802E-03  -8.559236E-01   1.200000E+02  -1.045429E+00
  8.885000000001E+00   3.706915E+00   1.734352E-01   6.586448E+01  -1.975299E-02  -2.251938E-03  -8.552055E-01   1.200000E+02  -1.040509E+00
  8.890000000001E+00   3.707769E+00   1.680704E-01   6.585137E+01  -1.976408E-02  -2.183008E-03  -8.553206E-01   1.200000E+02  -1.035366E+00
  8.895000000001E+00   3.708594E+00   1.615073E-01   6.583138E+01  -1.977480E-02  -2.101351E-03  -8.565239E-01   1.200000E+02  -1.029858E+00
  8.900000000001E+00   3.709383E+00   1.543480E-01   6.580755E+01  -1.978509E-02  -2.015097E-03  -8.591531E-01   1.200000E+02  -1.023905E+00
  8.905000000001E+00   3.710137E+00   1.473069E-01   6.578390E+01  -1.979495E-02  -1.933687E-03  -8.635407E-01   1.200000E+02  -1.017501E+00
  8.910000000001E+00   3.710858E+00   1.410799E-01   6.576486E+01  -1.980445E-02  -1.866123E-03  -8.698994E-01   1.200000E+02  -1.010714E+00
  8.915000000000E+00   3.711550E+00   1.362242E-01   6.575447E+01  -1.981365E-02  -1.819390E-03  -8.782069E-01   1.200000E+02  -1.003675E+00
  8.920000000000E+00   3.712223E+00   1.330785E-01   6.575551E+01  -1.982268E-02  -1.797406E-03  -8.881177E-01   1.200000E+02  -9.965579E-01
  8.925000000000E+00   3.712884E+00   1.317370E-01   6.576888E+01  -1.983166E-02  -1.800580E-03  -8.989284E-01   1.200000E+02  -9.895484E-01
  8.930000000000E+00   3.713543E+00   1.320661E-01   6.579343E+01  -1.984072E-02  -1.825848E-03  -9.096107E-01   1.200000E+02  -9.828221E-01
  8.935000000000E+00   3.714207E+00   1.337427E-01   6.582631E+01  -1.984995E-02  -1.867005E-03  -9.189139E-01   1.200000E+02  -9.765223E-01
  8.940000000000E+00   3.714882E+00   1.362977E-01   6.586355E+01  -1.985940E-02  -1.915272E-03  -9.255225E-01   1.200000E+02  -9.707438E-01
  8.945000000000E+00   3.715570E+00   1.391629E-01   6.590080E+01  -1.986910E-02  -1.960178E-03  -9.282453E-01   1.200000E+02  -9.655226E-01
  8.950000000000E+00   3.716273E+00   1.417248E-01   6.593390E+01  -1.987898E-02  -1.990884E-03  -9.262086E-01   1.200000E+02  -9.608309E-01
  8.955000000000E+00   3.716986E+00   1.433922E-01   6.595933E+01  -1.988897E-02  -1.997908E-03  -9.190222E-01   1.200000E+02  -9.565781E-01
  8.960000000000E+00   3.717704E+00   1.436748E-01   6.597451E+01  -1.989891E-02  -1.974972E-03  -9.068937E-01   1.200000E+02  -9.526204E-01
  8.965000000000E+00   3.718420E+00   1.422620E-01   6.597798E+01  -1.990866E-02  -1.920465E-03  -8.906695E-01   1.200000E+02  -9.487774E-01
  8.970000000000E+00   3.719124E+00   1.390844E-01   6.596954E+01  -1.991807E-02  -1.838003E-03  -8.717889E-01   1.200000E+02  -9.448563E-01
  8.975000000000E+00   3.719808E+00   1.343391E-01   6.595032E+01  -1.992701E-02  -1.735806E-03  -8.521495E-01   1.200000E+02  -9.406796E-01
  8.980000000000E+00   3.720466E+00   1.284633E-01   6.592276E+01  -1.993542E-02  -1.625006E-03  -8.338945E-01   1.200000E+02  -9.361112E-01
  8.985000000000E+00   3.721092E+00   1.220575E-01   6.589053E+01  -1.994327E-02  -1.517407E-03  -8.191447E-01   1.200000E+02  -9.310767E-01
  8.990000000000E+00   3.721687E+00   1.157714E-01   6.585813E+01  -1.995061E-02  -1.423383E-03  -8.097105E-01   1.200000E+02  -9.255717E-01
  8.995000000000E+00   3.722251E+00   1.101861E-01   6.583030E+01  -1.995754E-02  -1.350457E-03  -8.068259E-01   1.200000E+02  -9.196580E-01
  9.000000000000E+00   3.722790E+00   1.057241E-01   6.581116E+01  -1.996416E-02  -1.302770E-03  -8.109484E-01   1.200000E+02  -9.134479E-01
  9.005000000000E+00   3.723310E+00   1.026112E-01   6.580344E+01  -1.997061E-02  -1.281261E-03  -8.216586E-01   1.200000E+02  -9.070834E-01
  9.010000000000E+00   3.723819E+00   1.008860E-01   6.580808E+01  -1.997701E-02  -1.284194E-03  -8.376813E-01   1.200000E+02  -9.007142E-01
  9.015000000000E+00   3.724321E+00   1.004382E-01   6.582424E+01  -1.998348E-02  -1.307700E-03  -8.570281E-01   1.200000E+02  -8.944798E-01
  9.020000000000E+00   3.724825E+00   1.010517E-01   6.584966E+01  -1.999011E-02  -1.346199E-03  -8.772417E-01   1.200000E+02  -8.884969E-01
  9.025000000000E+00   3.725333E+00   1.024403E-01   6.588124E+01  -1.999696E-02  -1.392760E-03  -8.957093E-01   1.200000E+02  -8.828510E-01
  9.030000000000E+00   3.725850E+00   1.042747E-01   6.591553E+01  -2.000404E-02  -1.439567E-03  -9.099985E-01   1.200000E+02  -8.775917E-01
  9.035000000000E+00   3.726376E+00   1.062052E-01   6.594915E+01  -2.001134E-02  -1.478628E-03  -9.181688E-01   1.200000E+02  -8.727312E-01
  9.040000000000E+00   3.726911E+00   1.078865E-01   6.597910E+01  -2.001880E-02  -1.502737E-03  -9.190143E-01   1.200000E+02  -8.682442E-01
  9.045000000000E+00   3.727454E+00   1.090062E-01   6.600294E+01  -2.002633E-02  -1.506540E-03  -9.122051E-01   1.200000E+02  -8.640718E-01
  9.050000000000E+00   3.728000E+00   1.093150E-01   6.601892E+01  -2.003383E-02  -1.487437E-03  -8.983116E-01   1.200000E+02  -8.601271E-01
  9.055000000000E+00   3.728546E+00   1.086545E-01   6.602604E+01  -2.004117E-02  -1.446039E-03  -8.787141E-01   1.200000E+02  -8.563047E-01
  9.060000000000E+00   3.729085E+00   1.069767E-01   6.602404E+01  -2.004826E-02  -1.386005E-03  -8.554169E-01   1.200000E+02  -8.524920E-01
  9.065000000000E+00   3.729614E+00   1.043507E-01   6.601346E+01  -2.005501E-02  -1.313278E-03  -8.307945E-01   1.200000E+02  -8.485815E-01
  9.070000000000E+00   3.730127E+00   1.009531E-01   6.599556E+01  -2.006138E-02  -1.234931E-03  -8.073051E-01   1.200000E+02  -8.444827E-01
  9.075000000000E+00   3.730623E+00   9.704185E-02   6.597229E+01  -2.006736E-02  -1.157940E-03  -7.872061E-01   1.200000E+02  -8.401319E-01
  9.080000000000E+00   3.731097E+00   9.291938E-02   6.594615E+01  -2.007297E-02  -1.088194E-03  -7.723059E-01   1.200000E+02  -8.354972E-01
  9.085000000000E+00   3.731552E+00   8.889046E-02   6.592000E+01  -2.007826E-02  -1.029925E-03  -7.637787E-01   1.200000E+02  -8.305805E-01
  9.090000000000E+00   3.731987E+00   8.522489E-02   6.589672E+01  -2.008330E-02  -9.855814E-04  -7.620612E-01   1.200000E+02  -8.254146E-01
  9.095000000000E+00   3.732405E+00   8.213135E-02   6.587893E+01  -2.008814E-02  -9.560172E-04  -7.668374E-01   1.200000E+02  -8.200561E-01
  9.100000000000E+00   3.732809E+00   7.974563E-02   6.586868E+01  -2.009288E-02  -9.408272E-04  -7.771090E-01   1.200000E+02  -8.145784E-01
  9.105000000000E+00   3.733204E+00   7.813057E-02   6.586716E+01  -2.009757E-02  -9.386698E-04  -7.913357E-01   1.200000E+02  -8.090628E-01
  9.110000000000E+00   3.733592E+00   7.728279E-02   6.587463E+01  -2.010228E-02  -9.474884E-04  -8.076242E-01   1.200000E+02  -8.035911E-01
  9.115000000000E+00   3.733978E+00   7.714051E-02   6.589041E+01  -2.010706E-02  -9.646212E-04  -8.239418E-01   1.200000E+02  -7.982388E-01
  9.120000000000E+00   3.734364E+00   7.758992E-02   6.591295E+01  -2.011194E-02  -9.868462E-04  -8.383298E-01   1.200000E+02  -7.930700E-01
  9.125000000000E+00   3.734754E+00   7.847004E-02   6.594002E+01  -2.011693E-02  -1.010443E-03  -8.490962E-01   1.200000E+02  -7.881323E-01
  9.130000000000E+00   3.735149E+00   7.957904E-02   6.596893E+01  -2.012204E-02  -1.031360E-03  -8.549705E-01   1.200000E+02  -7.834523E-01
  9.135000000000E+00   3.735550E+00   8.068533E-02   6.599684E+01  -2.012723E-02  -1.045551E-03  -8.552116E-01   1.200000E+02  -7.790332E-01
  9.140000000000E+00   3.735956E+00   8.154633E-02   6.602096E+01  -2.013248E-02  -1.049469E-03  -8.496635E-01   1.200000E+02  -7.748523E-01
  9.145000000000E+00   3.736365E+00   8.193515E-02   6.603890E+01  -2.013771E-02  -1.040653E-03  -8.387558E-01   1.200000E+02  -7.708629E-01
  9.150000000000E+00   3.736774E+00   8.167249E-02   6.604882E+01  -2.014286E-02  -1.018237E-03  -8.234521E-01   1.200000E+02  -7.669974E-01
  9.155000000000E+00   3.737180E+00   8.065732E-02   6.604971E+01  -2.014787E-02  -9.832143E-04  -8.051472E-01   1.200000E+02  -7.631753E-01
  9.160000000000E+00   3.737580E+00   7.888831E-02   6.604146E+01  -2.015268E-02  -9.383261E-04  -7.855211E-01   1.200000E+02  -7.593126E-01
  9.165000000000E+00   3.737968E+00   7.646828E-02   6.602497E+01  -2.015724E-02  -8.875759E-04  -7.663592E-01   1.200000E+02  -7.553334E-01
  9.170000000000E+00   3.738343E+00   7.358790E-02   6.600207E+01  -2.016155E-02  -8.354815E-04  -7.493557E-01   1.200000E+02  -7.511799E-01
  9.175000000000E+00   3.738704E+00   7.049090E-02   6.597540E+01  -2.016560E-02  -7.862907E-04  -7.359225E-01   1.200000E+02  -7.468194E-01
  9.180000000000E+00   3.739048E+00   6.742980E-02   6.594803E+01  -2.016942E-02  -7.433636E-04  -7.270282E-01   1.200000E+02  -7.422467E-01
  9.185000000000E+00   3.739378E+00   6.462468E-02   6.592308E+01  -2.017305E-02  -7.088485E-04  -7.230903E-01   1.200000E+02  -7.374827E-01
  9.190000000000E+00   3.739695E+00   6.223540E-02   6.590320E+01  -2.017653E-02  -6.836479E-04  -7.239382E-01   1.200000E+02  -7.325678E-01
  9.195000000000E+00   3.740002E+00   6.035165E-02   6.589026E+01  -2.017990E-02  -6.675870E-04  -7.288530E-01   1.200000E+02  -7.275546E-01
  9.200000000000E+00   3.740300E+00   5.899772E-02   6.588515E+01  -2.018322E-02  -6.596677E-04  -7.366778E-01   1.200000E+02  -7.225001E-01
  9.205000000000E+00   3.740592E+00   5.814549E-02   6.588779E+01  -2.018651E-02  -6.583244E-04  -7.459829E-01   1.200000E+02  -7.174597E-01
  9.210000000000E+00   3.740882E+00   5.772933E-02   6.589730E+01  -2.018981E-02  -6.616467E-04  -7.552613E-01   1.200000E+02  -7.124820E-01
  9.215000000000E+00   3.741170E+00   5.765952E-02   6.591222E+01  -2.019313E-02  -6.675772E-04  -7.631263E-01   1.200000E+02  -7.076061E-01
  9.220000000000E+00   3.741459E+00   5.783327E-02   6.593078E+01  -2.019648E-02  -6.741002E-04  -7.684842E-01   1.200000E+02  -7.028595E-01
  9.225000000000E+00   3.741749E+00   5.814381E-02   6.595116E+01  -2.019987E-02  -6.794267E-04  -7.706578E-01   1.200000E+02  -6.982583E-01
  9.230000000000E+00   3.742040E+00   5.848786E-02   6.597160E+01  -2.020327E-02  -6.821585E-04  -7.694432E-01   1.200000E+02  -6.938065E-01
  9.235000000000E+00   3.742334E+00   5.877178E-02   6.599058E+01  -2.020669E-02  -6.814001E-04  -7.650949E-01   1.200000E+02  -6.894979E-01
  9.240000000000E+00   3.742628E+00   5.891597E-02   6.600688E+01  -2.021008E-02  -6.767868E-04  -7.582423E-01   1.200000E+02  -6.853170E-01
  9.245000000000E+00   3.742922E+00   5.885752E-02   6.601954E+01  -2.021345E-02  -6.684188E-04  -7.497547E-01   1.200000E+02  -6.812412E-01
  9.250000000000E+00   3.743216E+00   5.855096E-02   6.602788E+01  -2.021676E-02  -6.567162E-04  -7.405785E-01   1.200000E+02  -6.772429E-01
  9.255000000000E+00   3.743507E+00   5.796798E-02   6.603148E+01  -2.022001E-02  -6.422381E-04  -7.315751E-01   1.200000E+02  -6.732909E-01
  9.260000000000E+00   3.743795E+00   5.709672E-02   6.603009E+01  -2.022318E-02  -6.255179E-04  -7.233866E-01   1.200000E+02  -6.693528E-01
  9.265000000000E+00   3.744078E+00   5.594158E-02   6.602366E+01  -2.022626E-02  -6.069620E-04  -7.163517E-01   1.200000E+02  -6.653968E-01
  9.270000000000E+00   3.744354E+00   5.452381E-02   6.601235E+01  -2.022925E-02  -5.868342E-04  -7.104843E-01   1.200000E+02  -6.613928E-01
  9.275000000000E+00   3.744623E+00   5.288254E-02   6.599658E+01  -2.023213E-02  -5.653238E-04  -7.055152E-01   1.200000E+02  -6.573148E-01
  9.280000000000E+00   3.744883E+00   5.107541E-02   6.597708E+01  -2.023490E-02  -5.426626E-04  -7.009889E-01   1.200000E+02  -6.531426E-01
  9.285000000000E+00   3.745133E+00   4.917729E-02   6.595496E+01  -2.023755E-02  -5.192455E-04  -6.963950E-01   1.200000E+02  -6.488636E-01
  9.290000000000E+00   3.745375E+00   4.727651E-02   6.593173E+01  -2.024009E-02  -4.957043E-04  -6.913082E-01   1.200000E+02  -6.444739E-01
  9.295000000000E+00   3.745606E+00   4.546826E-02   6.590925E+01  -2.024251E-02  -4.729075E-04  -6.855108E-01   1.200000E+02  -6.399798E-01
  9.300000000000E+00   3.745830E+00   4.384612E-02   6.588963E+01  -2.024482E-02  -4.518865E-04  -6.790712E-01   1.200000E+02  -6.353977E-01
  9.305000000000E+00   3.746045E+00   4.249343E-02   6.587501E+01  -2.024704E-02  -4.337155E-04  -6.723632E-01   1.200000E+02  -6.307531E-01
  9.310000000000E+00   3.746255E+00   4.147581E-02   6.586731E+01  -2.024917E-02  -4.193827E-04  -6.660174E-01   1.200000E+02  -6.260788E-01
  9.315000000000E+00   3.746461E+00   4.083571E-02   6.586790E+01  -2.025124E-02  -4.096789E-04  -6.608109E-01   1.200000E+02  -6.214131E-01
  9.320000000000E+00   3.746664E+00   4.058863E-02   6.587741E+01  -2.025327E-02  -4.051095E-04  -6.575135E-01   1.200000E+02  -6.167962E-01
  9.325000000000E+00   3.746867E+00   4.072015E-02   6.589554E+01  -2.025530E-02  -4.058169E-04  -6.567147E-01   1.200000E+02  -6.122681E-01
  9.330000000000E+00   3.747072E+00   4.118338E-02   6.592098E+01  -2.025734E-02  -4.114935E-04  -6.586653E-01   1.200000E+02  -6.078644E-01
  9.335000000000E+00   3.747279E+00   4.189671E-02   6.595152E+01  -2.025942E-02  -4.212843E-04  -6.631628E-01   1.200000E+02  -6.036133E-01
  9.340000000000E+00   3.747491E+00   4.274391E-02   6.598421E+01  -2.026155E-02  -4.337014E-04  -6.695092E-01   1.200000E+02  -5.995319E-01
  9.345000000000E+00   3.747707E+00   4.357874E-02   6.601567E+01  -2.026376E-02  -4.466117E-04  -6.765540E-01   1.200000E+02  -5.956228E-01
  9.350000000000E+00   3.747926E+00   4.423685E-02   6.604244E+01  -2.026602E-02  -4.573728E-04  -6.828248E-01   1.200000E+02  -5.918718E-01
  9.355000000000E+00   3.748149E+00   4.455619E-02   6.606132E+01  -2.026832E-02  -4.631763E-04  -6.867292E-01   1.200000E+02  -5.882473E-01
  9.360000000000E+00   3.748371E+00   4.440407E-02   6.606979E+01  -2.027064E-02  -4.615831E-04  -6.867996E-01   1.200000E+02  -5.847024E-01
  9.365000000000E+00   3.748592E+00   4.370562E-02   6.606630E+01  -2.027292E-02  -4.511319E-04  -6.819401E-01   1.200000E+02  -5.811795E-01
  9.370000000000E+00   3.748807E+00   4.246510E-02   6.605057E+01  -2.027513E-02  -4.318062E-04  -6.716351E-01   1.200000E+02  -5.776183E-01
  9.375000000000E+00   3.749016E+00   4.077158E-02   6.602377E+01  -2.027723E-02  -4.051492E-04  -6.560814E-01   1.200000E+02  -5.739646E-01
  9.380000000000E+00   3.749215E+00   3.878433E-02   6.598854E+01  -2.027918E-02  -3.739324E-04  -6.362170E-01   1.200000E+02  -5.701790E-01
  9.385000000000E+00   3.749403E+00   3.670073E-02   6.594879E+01  -2.028097E-02  -3.414912E-04  -6.136372E-01   1.200000E+02  -5.662421E-01
  9.390000000000E+00   3.749582E+00   3.471751E-02   6.590922E+01  -2.028260E-02  -3.109944E-04  -5.904053E-01   1.200000E+02  -5.621565E-01
  9.395000000000E+00   3.749751E+00   3.299844E-02   6.587462E+01  -2.028408E-02  -2.849203E-04  -5.687848E-01   1.200000E+02  -5.579443E-01
  9.400000000000E+00   3.749912E+00   3.165711E-02   6.584919E+01  -2.028546E-02  -2.648624E-04  -5.509339E-01   1.200000E+02  -5.536420E-01
  9.405000000000E+00   3.750068E+00   3.075478E-02   6.583595E+01  -2.028674E-02  -2.516053E-04  -5.386048E-01   1.200000E+02  -5.492950E-01
  9.410000000000E+00   3.750221E+00   3.030711E-02   6.583632E+01  -2.028798E-02  -2.453137E-04  -5.328965E-01   1.200000E+02  -5.449518E-01
  9.415000000000E+00   3.750372E+00   3.029248E-02   6.585008E+01  -2.028921E-02  -2.456950E-04  -5.340940E-01   1.200000E+02  -5.406596E-01
  9.420000000000E+00   3.750524E+00   3.065787E-02   6.587545E+01  -2.029045E-02  -2.520657E-04  -5.416207E-01   1.200000E+02  -5.364609E-01
  9.425000000000E+00   3.750679E+00   3.132155E-02   6.590940E+01  -2.029174E-02  -2.633244E-04  -5.541091E-01   1.200000E+02  -5.323901E-01
  9.430000000000E+00   3.750838E+00   3.217497E-02   6.594808E+01  -2.029309E-02  -2.778882E-04  -5.695792E-01   1.200000E+02  -5.284710E-01
  9.435000000000E+00   3.751001E+00   3.308705E-02   6.598723E+01  -2.029452E-02  -2.936774E-04  -5.856960E-01   1.200000E+02  -5.247139E-01
  9.440000000000E+00   3.751168E+00   3.391374E-02   6.602273E+01  -2.029602E-02  -3.082358E-04  -6.000686E-01   1.200000E+02  -5.211142E-01
  9.445000000000E+00   3.751340E+00   3.451389E-02   6.605096E+01  -2.029759E-02  -3.190312E-04  -6.105460E-01   1.200000E+02  -5.176519E-01
  9.450000000000E+00   3.751513E+00   3.476983E-02   6.606914E+01  -2.029920E-02  -3.239012E-04  -6.154727E-01   1.200000E+02  -5.142931E-01
  9.455000000000E+00   3.751687E+00   3.460801E-02   6.607562E+01  -2.030082E-02  -3.215242E-04  -6.138725E-01   1.200000E+02  -5.109942E-01
  9.460000000000E+00   3.751858E+00   3.401358E-02   6.606996E+01  -2.030241E-02  -3.117397E-04  -6.055414E-01   1.200000E+02  -5.077075E-01
  9.465000000000E+00   3.752026E+00   3.303332E-02   6.605302E+01  -2.030393E-02  -2.955824E-04  -5.910430E-01   1.200000E+02  -5.043876E-01
  9.470000000000E+00   3.752188E+00   3.176517E-02   6.602685E+01  -2.030536E-02  -2.749997E-04  -5.716124E-01   1.200000E+02  -5.009980E-01
  9.475000000000E+00   3.752344E+00   3.033695E-02   6.599442E+01  -2.030667E-02  -2.523630E-04  -5.489858E-01   1.200000E+02  -4.975152E-01
  9.480000000000E+00   3.752492E+00   2.888129E-02   6.595929E+01  -2.030788E-02  -2.299588E-04  -5.251814E-01   1.200000E+02  -4.939300E-01
  9.485000000000E+00   3.752633E+00   2.751454E-02   6.592514E+01  -2.030898E-02  -2.096234E-04  -5.022601E-01   1.200000E+02  -4.902474E-01
  9.490000000000E+00   3.752767E+00   2.632422E-02   6.589531E+01  -2.030998E-02  -1.925911E-04  -4.820977E-01   1.200000E+02  -4.864827E-01
  9.495000000000E+00   3.752896E+00   2.536573E-02   6.587250E+01  -2.031091E-02  -1.795183E-04  -4.661927E-01   1.200000E+02  -4.826593E-01
  9.500000000000E+00   3.753021E+00   2.466522E-02   6.585847E+01  -2.031178E-02  -1.706037E-04  -4.555281E-01   1.200000E+02  -4.788039E-01
  9.505000000000E+00   3.753143E+00   2.422503E-02   6.585401E+01  -2.031262E-02  -1.657203E-04  -4.504987E-01   1.200000E+02  -4.749449E-01
  9.510000000000E+00   3.753264E+00   2.402889E-02   6.585892E+01  -2.031345E-02  -1.645148E-04  -4.509059E-01   1.200000E+02  -4.711090E-01
  9.515000000000E+00   3.753384E+00   2.404571E-02   6.587212E+01  -2.031427E-02  -1.664615E-04  -4.560138E-01   1.200000E+02  -4.673201E-01
  9.520000000000E+00   3.753505E+00   2.423195E-02   6.589181E+01  -2.031511E-02  -1.708795E-04  -4.646577E-01   1.200000E+02  -4.635979E-01
  9.525000000000E+00   3.753626E+00   2.453342E-02   6.591568E+01  -2.031598E-02  -1.769365E-04  -4.753877E-01   1.200000E+02  -4.599562E-01
  9.530000000000E+00   3.753750E+00   2.488748E-02   6.594114E+01  -2.031688E-02  -1.836643E-04  -4.866317E-01   1.200000E+02  -4.564027E-01
  9.535000000000E+00   3.753875E+00   2.522651E-02   6.596554E+01  -2.031782E-02  -1.900092E-04  -4.968606E-01   1.200000E+02  -4.529377E-01
  9.540000000000E+00   3.754002E+00   2.548335E-02   6.598643E+01  -2.031878E-02  -1.949261E-04  -5.047404E-01   1.200000E+02  -4.495542E-01
  9.545000000000E+00   3.754130E+00   2.559820E-02   6.600170E+01  -2.031976E-02  -1.975111E-04  -5.092572E-01   1.200000E+02  -4.462386E-01
  9.550000000000E+00   3.754258E+00   2.552630E-02   6.600983E+01  -2.032075E-02  -1.971440E-04  -5.098052E-01   1.200000E+02  -4.429716E-01
  9.555000000000E+00   3.754385E+00   2.524453E-02   6.600995E+01  -2.032173E-02  -1.936000E-04  -5.062294E-01   1.200000E+02  -4.397305E-01
  9.560000000000E+00   3.754510E+00   2.475522E-02   6.600195E+01  -2.032268E-02  -1.870912E-04  -4.988196E-01   1.200000E+02  -4.364921E-01
  9.565000000000E+00   3.754632E+00   2.408573E-02   6.598651E+01  -2.032360E-02  -1.782185E-04  -4.882566E-01   1.200000E+02  -4.332347E-01
  9.570000000000E+00   3.754751E+00   2.328365E-02   6.596501E+01  -2.032446E-02  -1.678434E-04  -4.755178E-01   1.200000E+02  -4.299412E-01
  9.575000000000E+00   3.754865E+00   2.240858E-02   6.593941E+01  -2.032528E-02  -1.569201E-04  -4.617524E-01   1.200000E+02  -4.266008E-01
  9.580000000000E+00   3.754975E+00   2.152273E-02   6.591202E+01  -2.032603E-02  -1.463349E-04  -4.481416E-01   1.200000E+02  -4.232090E-01
  9.585000000000E+00   3.755080E+00   2.068241E-02   6.588528E+01  -2.032674E-02  -1.367920E-04  -4.357607E-01   1.200000E+02  -4.197683E-01
  9.590000000000E+00   3.755182E+00   1.993219E-02   6.586142E+01  -2.032740E-02  -1.287607E-04  -4.254606E-01   1.200000E+02  -4.162865E-01
  9.595000000000E+00   3.755280E+00   1.930200E-02   6.584227E+01  -2.032803E-02  -1.224745E-04  -4.177806E-01   1.200000E+02  -4.127750E-01
  9.600000000000E+00   3.755375E+00   1.880677E-02   6.582904E+01  -2.032863E-02  -1.179635E-04  -4.129057E-01   1.200000E+02  -4.092479E-01
  9.605000000000E+00   3.755468E+00   1.844771E-02   6.582225E+01  -2.032921E-02  -1.150969E-04  -4.106707E-01   1.200000E+02  -4.057198E-01
  9.610000000000E+00   3.755559E+00   1.821435E-02   6.582168E+01  -2.032978E-02  -1.136255E-04  -4.106115E-01   1.200000E+02  -4.022045E-01
  9.615000000000E+00   3.755650E+00   1.808689E-02   6.582651E+01  -2.033035E-02  -1.132188E-04  -4.120554E-01   1.200000E+02  -3.987140E-01
  9.620000000000E+00   3.755740E+00   1.803881E-02   6.583540E+01  -2.033092E-02  -1.135005E-04  -4.142374E-01   1.200000E+02  -3.952578E-01
  9.625000000000E+00   3.755831E+00   1.803962E-02   6.584675E+01  -2.033149E-02  -1.140857E-04  -4.164264E-01   1.200000E+02  -3.918421E-01
  9.630000000000E+00   3.755921E+00   1.805805E-02   6.585891E+01  -2.033206E-02  -1.146234E-04  -4.180391E-01   1.200000E+02  -3.884695E-01
  9.635000000000E+00   3.756011E+00   1.806532E-02   6.587033E+01  -2.033263E-02  -1.148381E-04  -4.187263E-01   1.200000E+02  -3.851396E-01
  9.640000000000E+00   3.756101E+00   1.803816E-02   6.587980E+01  -2.033321E-02  -1.145634E-04  -4.184137E-01   1.200000E+02  -3.818489E-01
  9.645000000000E+00   3.756192E+00   1.796092E-02   6.588648E+01  -2.033378E-02  -1.137553E-04  -4.172914E-01   1.200000E+02  -3.785922E-01
  9.650000000000E+00   3.756281E+00   1.782630E-02   6.588998E+01  -2.033434E-02  -1.124801E-04  -4.157513E-01   1.200000E+02  -3.753627E-01
  9.655000000000E+00   3.756370E+00   1.763449E-02   6.589024E+01  -2.033490E-02  -1.108765E-04  -4.142835E-01   1.200000E+02  -3.721537E-01
  9.660000000000E+00   3.756457E+00   1.739091E-02   6.588749E+01  -2.033545E-02  -1.091031E-04  -4.133499E-01   1.200000E+02  -3.689586E-01
  9.665000000000E+00   3.756544E+00   1.710330E-02   6.588205E+01  -2.033599E-02  -1.072842E-04  -4.132594E-01   1.200000E+02  -3.657720E-01
  9.670000000000E+00   3.756628E+00   1.677894E-02   6.587422E+01  -2.033652E-02  -1.054683E-04  -4.140689E-01   1.200000E+02  -3.625890E-01
  9.675000000000E+00   3.756711E+00   1.642275E-02   6.586416E+01  -2.033705E-02  -1.036106E-04  -4.155349E-01   1.200000E+02  -3.594058E-01
  9.680000000000E+00   3.756792E+00   1.603677E-02   6.585189E+01  -2.033756E-02  -1.015818E-04  -4.171261E-01   1.200000E+02  -3.562187E-01
  9.685000000000E+00   3.756872E+00   1.562106E-02   6.583726E+01  -2.033806E-02  -9.920231E-05  -4.181029E-01   1.200000E+02  -3.530242E-01
  9.690000000000E+00   3.756949E+00   1.517563E-02   6.582012E+01  -2.033855E-02  -9.629455E-05  -4.176513E-01   1.200000E+02  -3.498191E-01
  9.695000000000E+00   3.757023E+00   1.470288E-02   6.580042E+01  -2.033902E-02  -9.274178E-05  -4.150513E-01   1.200000E+02  -3.466001E-01
  9.700000000000E+00   3.757096E+00   1.420969E-02   6.577843E+01  -2.033948E-02  -8.853681E-05  -4.098480E-01   1.200000E+02  -3.433643E-01
  9.705000000000E+00   3.757165E+00   1.370846E-02   6.575479E+01  -2.033991E-02  -8.380663E-05  -4.019917E-01   1.200000E+02  -3.401102E-01
  9.710000000000E+00   3.757233E+00   1.321670E-02   6.573063E+01  -2.034032E-02  -7.880450E-05  -3.919186E-01   1.200000E+02  -3.368377E-01
  9.715000000000E+00   3.757298E+00   1.275520E-02   6.570748E+01  -2.034070E-02  -7.387225E-05  -3.805477E-01   1.200000E+02  -3.335489E-01
  9.720000000000E+00   3.757360E+00   1.234527E-02   6.568713E+01  -2.034105E-02  -6.938560E-05  -3.691894E-01   1.200000E+02  -3.302480E-01
  9.725000000000E+00   3.757421E+00   1.200574E-02   6.567138E+01  -2.034139E-02  -6.569881E-05  -3.593725E-01   1.200000E+02  -3.269417E-01
  9.730000000000E+00   3.757480E+00   1.175028E-02   6.566172E+01  -2.034171E-02  -6.310097E-05  -3.526145E-01   1.200000E+02  -3.236380E-01
  9.735000000000E+00   3.757539E+00   1.158537E-02   6.565908E+01  -2.034203E-02  -6.178678E-05  -3.501713E-01   1.200000E+02  -3.203462E-01
  9.740000000000E+00   3.757596E+00   1.150891E-02   6.566355E+01  -2.034233E-02  -6.183697E-05  -3.528081E-01   1.200000E+02  -3.170758E-01
  9.745000000000E+00   3.757654E+00   1.150940E-02   6.567429E+01  -2.034265E-02  -6.320060E-05  -3.606317E-01   1.200000E+02  -3.138351E-01
  9.750000000000E+00   3.757712E+00   1.156582E-02   6.568955E+01  -2.034297E-02  -6.567627E-05  -3.730169E-01   1.200000E+02  -3.106310E-01
  9.755000000000E+00   3.757770E+00   1.164836E-02   6.570677E+01  -2.034330E-02  -6.889803E-05  -3.886440E-01   1.200000E+02  -3.074673E-01
  9.760000000000E+00   3.757828E+00   1.172085E-02   6.572298E+01  -2.034366E-02  -7.234202E-05  -4.056475E-01   1.200000E+02  -3.043443E-01
  9.765000000000E+00   3.757887E+00   1.174493E-02   6.573509E+01  -2.034403E-02  -7.537316E-05  -4.218553E-01   1.200000E+02  -3.012582E-01
  9.770000000000E+00   3.757945E+00   1.168614E-02   6.574032E+01  -2.034441E-02  -7.734182E-05  -4.350858E-01   1.200000E+02  -2.982012E-01
  9.775000000000E+00   3.758004E+00   1.152072E-02   6.573665E+01  -2.034480E-02  -7.771827E-05  -4.434567E-01   1.200000E+02  -2.951625E-01
  9.780000000000E+00   3.758060E+00   1.124118E-02   6.572311E+01  -2.034518E-02  -7.622479E-05  -4.456589E-01   1.200000E+02  -2.921295E-01
  9.785000000000E+00   3.758116E+00   1.085884E-02   6.570000E+01  -2.034556E-02  -7.291358E-05  -4.411543E-01   1.200000E+02  -2.890902E-01
  9.790000000000E+00   3.758169E+00   1.040186E-02   6.566893E+01  -2.034591E-02  -6.815355E-05  -4.302663E-01   1.200000E+02  -2.860346E-01
  9.795000000000E+00   3.758220E+00   9.909505E-03   6.563268E+01  -2.034624E-02  -6.252992E-05  -4.141485E-01   1.200000E+02  -2.829566E-01
  9.800000000000E+00   3.758268E+00   9.424432E-03   6.559491E+01  -2.034653E-02  -5.669995E-05  -3.946369E-01   1.200000E+02  -2.798549E-01
  9.805000000000E+00   3.758314E+00   8.985696E-03   6.555961E+01  -2.034680E-02  -5.126180E-05  -3.740059E-01   1.200000E+02  -2.767322E-01
  9.810000000000E+00   3.758358E+00   8.624076E-03   6.553069E+01  -2.034705E-02  -4.667521E-05  -3.546651E-01   1.200000E+02  -2.735955E-01
  9.815000000000E+00   3.758400E+00   8.360152E-03   6.551135E+01  -2.034727E-02  -4.324048E-05  -3.388385E-01   1.200000E+02  -2.704542E-01
  9.820000000000E+00   3.758442E+00   8.204361E-03   6.550374E+01  -2.034748E-02  -4.111655E-05  -3.282751E-01   1.200000E+02  -2.673192E-01
  9.825000000000E+00   3.758483E+00   8.157867E-03   6.550864E+01  -2.034769E-02  -4.035142E-05  -3.240267E-01   1.200000E+02  -2.642022E-01
  9.830000000000E+00   3.758524E+00   8.213329E-03   6.552537E+01  -2.034789E-02  -4.090357E-05  -3.263258E-01   1.200000E+02  -2.611144E-01
  9.835000000000E+00   3.758565E+00   8.355192E-03   6.555188E+01  -2.034810E-02  -4.264480E-05  -3.345760E-01   1.200000E+02  -2.580654E-01
  9.840000000000E+00   3.758607E+00   8.559740E-03   6.558499E+01  -2.034832E-02  -4.534730E-05  -3.474524E-01   1.200000E+02  -2.550630E-01
  9.845000000000E+00   3.758651E+00   8.795650E-03   6.562079E+01  -2.034855E-02  -4.866852E-05  -3.630962E-01   1.200000E+02  -2.521115E-01
  9.850000000000E+00   3.758695E+00   9.025913E-03   6.565512E+01  -2.034880E-02  -5.215393E-05  -3.793713E-01   1.200000E+02  -2.492119E-01
  9.855000000000E+00   3.758741E+00   9.211763E-03   6.568406E+01  -2.034907E-02  -5.527666E-05  -3.941477E-01   1.200000E+02  -2.463608E-01
  9.860000000000E+00   3.758787E+00   9.318441E-03   6.570436E+01  -2.034936E-02  -5.751961E-05  -4.055709E-01   1.200000E+02  -2.435508E-01
  9.865000000000E+00   3.758834E+00   9.321602E-03   6.571386E+01  -2.034965E-02  -5.848312E-05  -4.122845E-01   1.200000E+02  -2.407714E-01
  9.870000000000E+00   3.758880E+00   9.212376E-03   6.571169E+01  -2.034994E-02  -5.798096E-05  -4.135770E-01   1.200000E+02  -2.380104E-01
  9.875000000000E+00   3.758926E+00   8.999162E-03   6.569837E+01  -2.035022E-02  -5.608386E-05  -4.094402E-01   1.200000E+02  -2.352555E-01
  9.880000000000E+00   3.758970E+00   8.705296E-03   6.567570E+01  -2.035050E-02  -5.309062E-05  -4.005336E-01   1.200000E+02  -2.324965E-01
  9.885000000000E+00   3.759013E+00   8.363419E-03   6.564650E+01  -2.035075E-02  -4.944013E-05  -3.880676E-01   1.200000E+02  -2.297263E-01
  9.890000000000E+00   3.759054E+00   8.008543E-03   6.561419E+01  -2.035099E-02  -4.560254E-05  -3.736227E-01   1.200000E+02  -2.269415E-01
  9.895000000000E+00   3.759093E+00   7.672032E-03   6.558234E+01  -2.035121E-02  -4.198936E-05  -3.589349E-01   1.200000E+02  -2.241424E-01
  9.900000000000E+00   3.759130E+00   7.377794E-03   6.555418E+01  -2.035141E-02  -3.890399E-05  -3.456750E-01   1.200000E+02  -2.213324E-01
  9.905000000000E+00   3.759167E+00   7.140865E-03   6.553224E+01  -2.035160E-02  -3.653146E-05  -3.352518E-01   1.200000E+02  -2.185168E-01
  9.910000000000E+00   3.759202E+00   6.967714E-03   6.551804E+01  -2.035178E-02  -3.495264E-05  -3.286628E-01   1.200000E+02  -2.157022E-01
  9.915000000000E+00   3.759236E+00   6.857433E-03   6.551204E+01  -2.035195E-02  -3.416632E-05  -3.264057E-01   1.200000E+02  -2.128954E-01
  9.920000000000E+00   3.759271E+00   6.803147E-03   6.551366E+01  -2.035212E-02  -3.410815E-05  -3.284583E-01   1.200000E+02  -2.101027E-01
  9.925000000000E+00   3.759305E+00   6.793378E-03   6.552145E+01  -2.035229E-02  -3.466307E-05  -3.343219E-01   1.200000E+02  -2.073291E-01
  9.930000000000E+00   3.759339E+00   6.813360E-03   6.553334E+01  -2.035247E-02  -3.567315E-05  -3.431172E-01   1.200000E+02  -2.045785E-01
  9.935000000000E+00   3.759373E+00   6.846444E-03   6.554697E+01  -2.035265E-02  -3.694603E-05  -3.537166E-01   1.200000E+02  -2.018529E-01
  9.940000000000E+00   3.759407E+00   6.875688E-03   6.555996E+01  -2.035284E-02  -3.826861E-05  -3.648928E-01   1.200000E+02  -1.991524E-01
  9.945000000000E+00   3.759441E+00   6.885601E-03   6.557016E+01  -2.035303E-02  -3.942818E-05  -3.754664E-01   1.200000E+02  -1.964755E-01
  9.950000000000E+00   3.759476E+00   6.863856E-03   6.557588E+01  -2.035323E-02  -4.023903E-05  -3.844355E-01   1.200000E+02  -1.938190E-01
  9.955000000000E+00   3.759510E+00   6.802659E-03   6.557600E+01  -2.035343E-02  -4.056889E-05  -3.910744E-01   1.200000E+02  -1.911787E-01
  9.960000000000E+00   3.759544E+00   6.699503E-03   6.557002E+01  -2.035364E-02  -4.035783E-05  -3.949940E-01   1.200000E+02  -1.885499E-01
  9.965000000000E+00   3.759577E+00   6.557162E-03   6.555809E+01  -2.035384E-02  -3.962412E-05  -3.961595E-01   1.200000E+02  -1.859281E-01
  9.970000000000E+00   3.759609E+00   6.382937E-03   6.554093E+01  -2.035403E-02  -3.845542E-05  -3.948659E-01   1.200000E+02  -1.833090E-01
  9.975000000000E+00   3.759641E+00   6.187375E-03   6.551976E+01  -2.035422E-02  -3.698810E-05  -3.916769E-01   1.200000E+02  -1.806898E-01
  9.980000000000E+00   3.759671E+00   5.982732E-03   6.549619E+01  -2.035440E-02  -3.538095E-05  -3.873343E-01   1.200000E+02  -1.780685E-01
  9.985000000000E+00   3.759701E+00   5.781480E-03   6.547207E+01  -2.035457E-02  -3.378967E-05  -3.826493E-01   1.200000E+02  -1.754449E-01
  9.990000000000E+00   3.759729E+00   5.595048E-03   6.544933E+01  -2.035474E-02  -3.234723E-05  -3.783890E-01   1.200000E+02  -1.728197E-01
  9.995000000000E+00   3.759757E+00   5.432894E-03   6.542982E+01  -2.035490E-02  -3.115198E-05  -3.751718E-01   1.200000E+02  -1.701951E-01
  1.000000000000E+01   3.759783E+00   5.301917E-03   6.541509E+01  -2.035505E-02  -3.026297E-05  -3.733847E-01   1.200000E+02  -1.675739E-01
  1.000500000000E+01   3.759810E+00   5.206122E-03   6.540626E+01  -2.035520E-02  -2.970027E-05  -3.731344E-01   1.200000E+02  -1.649597E-01
  1.001000000000E+01   3.759836E+00   5.146455E-03   6.540382E+01  -2.035535E-02  -2.944796E-05  -3.742399E-01   1.200000E+02  -1.623561E-01
  1.001500000000E+01   3.759861E+00   5.120762E-03   6.540759E+01  -2.035550E-02  -2.945805E-05  -3.762682E-01   1.200000E+02  -1.597668E-01
  1.002000000000E+01   3.759887E+00   5.123852E-03   6.541668E+01  -2.035564E-02  -2.965520E-05  -3.786106E-01   1.200000E+02  -1.571949E-01
  1.002500000000E+01   3.759912E+00   5.147758E-03   6.542960E+01  -2.035579E-02  -2.994339E-05  -3.805898E-01   1.200000E+02  -1.546430E-01
  1.003000000000E+01   3.759938E+00   5.182329E-03   6.544441E+01  -2.035594E-02  -3.021620E-05  -3.815816E-01   1.200000E+02  -1.521125E-01
  1.003500000000E+01   3.759964E+00   5.216261E-03   6.545899E+01  -2.035610E-02  -3.037158E-05  -3.811337E-01   1.200000E+02  -1.496037E-01
  1.004000000000E+01   3.759990E+00   5.238590E-03   6.547136E+01  -2.035625E-02  -3.032997E-05  -3.790608E-01   1.200000E+02  -1.471158E-01
  1.004500000000E+01   3.760017E+00   5.240442E-03   6.547990E+01  -2.035640E-02  -3.005166E-05  -3.754988E-01   1.200000E+02  -1.446466E-01
  1.005000000000E+01   3.760043E+00   5.216657E-03   6.548370E+01  -2.035655E-02  -2.954763E-05  -3.709057E-01   1.200000E+02  -1.421933E-01
  1.005500000000E+01   3.760069E+00   5.166802E-03   6.548260E+01  -2.035669E-02  -2.887914E-05  -3.660061E-01   1.200000E+02  -1.397531E-01
  1.006000000000E+01   3.760094E+00   5.095197E-03   6.547728E+01  -2.035684E-02  -2.814484E-05  -3.616833E-01   1.200000E+02  -1.373230E-01
  1.006500000000E+01   3.760120E+00   5.009923E-03   6.546912E+01  -2.035697E-02  -2.745926E-05  -3.588347E-01   1.200000E+02  -1.349009E-01
  1.007000000000E+01   3.760145E+00   4.921069E-03   6.545996E+01  -2.035711E-02  -2.692930E-05  -3.582130E-01   1.200000E+02  -1.324858E-01
  1.007500000000E+01   3.760169E+00   4.838744E-03   6.545173E+01  -2.035724E-02  -2.663484E-05  -3.602787E-01   1.200000E+02  -1.300776E-01
  1.008000000000E+01   3.760193E+00   4.771303E-03   6.544619E+01  -2.035738E-02  -2.661661E-05  -3.650901E-01   1.200000E+02  -1.276775E-01
  1.008500000000E+01   3.760217E+00   4.724094E-03   6.544453E+01  -2.035751E-02  -2.687102E-05  -3.722537E-01   1.200000E+02  -1.252871E-01
  1.009000000000E+01   3.760240E+00   4.698806E-03   6.544722E+01  -2.035765E-02  -2.735009E-05  -3.809451E-01   1.200000E+02  -1.229088E-01
  1.009500000000E+01   3.760264E+00   4.693369E-03   6.545389E+01  -2.035778E-02  -2.796530E-05  -3.900051E-01   1.200000E+02  -1.205445E-01
  1.010000000000E+01   3.760287E+00   4.702353E-03   6.546347E+01  -2.035793E-02  -2.859603E-05  -3.980976E-01   1.200000E+02  -1.181961E-01
  1.010500000000E+01   3.760311E+00   4.717839E-03   6.547432E+01  -2.035807E-02  -2.910415E-05  -4.039082E-01   1.200000E+02  -1.158644E-01
  1.011000000000E+01   3.760334E+00   4.730731E-03   6.548460E+01  -2.035822E-02  -2.935587E-05  -4.063553E-01   1.200000E+02  -1.135496E-01
  1.011500000000E+01   3.760358E+00   4.732376E-03   6.549256E+01  -2.035836E-02  -2.924855E-05  -4.047781E-01   1.200000E+02  -1.112505E-01
  1.012000000000E+01   3.760382E+00   4.716248E-03   6.549690E+01  -2.035851E-02  -2.873613E-05  -3.990730E-01   1.200000E+02  -1.089656E-01
  1.012500000000E+01   3.760405E+00   4.679273E-03   6.549693E+01  -2.035865E-02  -2.784486E-05  -3.897513E-01   1.200000E+02  -1.066924E-01
  1.013000000000E+01   3.760428E+00   4.622433E-03   6.549278E+01  -2.035879E-02  -2.667250E-05  -3.779083E-01   1.200000E+02  -1.044286E-01
  1.013500000000E+01   3.760451E+00   4.550456E-03   6.548526E+01  -2.035892E-02  -2.537019E-05  -3.651005E-01   1.200000E+02  -1.021721E-01
  1.014000000000E+01   3.760474E+00   4.470677E-03   6.547581E+01  -2.035904E-02  -2.411292E-05  -3.531485E-01   1.200000E+02  -9.992157E-02
  1.014500000000E+01   3.760496E+00   4.391448E-03   6.546614E+01  -2.035916E-02  -2.306802E-05  -3.438897E-01   1.200000E+02  -9.767646E-02
  1.015000000000E+01   3.760518E+00   4.320513E-03   6.545795E+01  -2.035927E-02  -2.237003E-05  -3.389173E-01   1.200000E+02  -9.543716E-02
  1.015500000000E+01   3.760539E+00   4.263690E-03   6.545264E+01  -2.035938E-02  -2.210535E-05  -3.393431E-01   1.200000E+02  -9.320481E-02
  1.016000000000E+01   3.760560E+00   4.224043E-03   6.545102E+01  -2.035949E-02  -2.230548E-05  -3.456207E-01   1.200000E+02  -9.098102E-02
  1.016500000000E+01   3.760582E+00   4.201524E-03   6.545316E+01  -2.035961E-02  -2.294565E-05  -3.574572E-01   1.200000E+02  -8.876755E-02
  1.017000000000E+01   3.760603E+00   4.193066E-03   6.545844E+01  -2.035972E-02  -2.394631E-05  -3.738287E-01   1.200000E+02  -8.656598E-02
  1.017500000000E+01   3.760623E+00   4.193060E-03   6.546558E+01  -2.035985E-02  -2.517797E-05  -3.930996E-01   1.200000E+02  -8.437741E-02
  1.018000000000E+01   3.760644E+00   4.194214E-03   6.547294E+01  -2.035998E-02  -2.647174E-05  -4.132318E-01   1.200000E+02  -8.220224E-02
  1.018500000000E+01   3.760665E+00   4.188735E-03   6.547873E+01  -2.036011E-02  -2.763885E-05  -4.320533E-01   1.200000E+02  -8.004000E-02
  1.019000000000E+01   3.760686E+00   4.169725E-03   6.548139E+01  -2.036025E-02  -2.849911E-05  -4.475503E-01   1.200000E+02  -7.788946E-02
  1.019500000000E+01   3.760707E+00   4.132525E-03   6.547982E+01  -2.036040E-02  -2.891384E-05  -4.581395E-01   1.200000E+02  -7.574873E-02
  1.020000000000E+01   3.760728E+00   4.075703E-03   6.547356E+01  -2.036054E-02  -2.881429E-05  -4.628832E-01   1.200000E+02  -7.361562E-02
  1.020500000000E+01   3.760748E+00   4.001382E-03   6.546296E+01  -2.036068E-02  -2.821591E-05  -4.616148E-01   1.200000E+02  -7.148797E-02
  1.021000000000E+01   3.760768E+00   3.914830E-03   6.544905E+01  -2.036082E-02  -2.721336E-05  -4.549594E-01   1.200000E+02  -6.936405E-02
  1.021500000000E+01   3.760787E+00   3.823417E-03   6.543348E+01  -2.036095E-02  -2.595811E-05  -4.442439E-01   1.200000E+02  -6.724284E-02
  1.022000000000E+01   3.760806E+00   3.735270E-03   6.541820E+01  -2.036108E-02  -2.462729E-05  -4.313135E-01   1.200000E+02  -6.512418E-02
  1.022500000000E+01   3.760824E+00   3.657966E-03   6.540522E+01  -2.036120E-02  -2.339337E-05  -4.182783E-01   1.200000E+02  -6.300876E-02
  1.023000000000E+01   3.760842E+00   3.597505E-03   6.539628E+01  -2.036131E-02  -2.240199E-05  -4.072287E-01   1.200000E+02  -6.089804E-02
  1.023500000000E+01   3.760860E+00   3.557669E-03   6.539261E+01  -2.036143E-02  -2.175966E-05  -3.999587E-01   1.200000E+02  -5.879397E-02
  1.024000000000E+01   3.760878E+00   3.539724E-03   6.539472E+01  -2.036153E-02  -2.152896E-05  -3.977373E-01   1.200000E+02  -5.669878E-02
  1.024500000000E+01   3.760896E+00   3.542381E-03   6.540233E+01  -2.036164E-02  -2.172779E-05  -4.011562E-01   1.200000E+02  -5.461469E-02
  1.025000000000E+01   3.760914E+00   3.561957E-03   6.541443E+01  -2.036175E-02  -2.232947E-05  -4.100751E-01   1.200000E+02  -5.254364E-02
  1.025500000000E+01   3.760931E+00   3.592739E-03   6.542943E+01  -2.036187E-02  -2.326366E-05  -4.236678E-01   1.200000E+02  -5.048703E-02
  1.026000000000E+01   3.760949E+00   3.627574E-03   6.544535E+01  -2.036198E-02  -2.441977E-05  -4.405590E-01   1.200000E+02  -4.844557E-02
  1.026500000000E+01   3.760968E+00   3.658736E-03   6.546016E+01  -2.036211E-02  -2.565630E-05  -4.590290E-01   1.200000E+02  -4.641914E-02
  1.027000000000E+01   3.760986E+00   3.678991E-03   6.547200E+01  -2.036224E-02  -2.681788E-05  -4.772560E-01   1.200000E+02  -4.440680E-02
  1.027500000000E+01   3.761004E+00   3.682737E-03   6.547949E+01  -2.036238E-02  -2.775910E-05  -4.935601E-01   1.200000E+02  -4.240692E-02
  1.028000000000E+01   3.761023E+00   3.666935E-03   6.548186E+01  -2.036252E-02  -2.837013E-05  -5.066161E-01   1.200000E+02  -4.041739E-02
  1.028500000000E+01   3.761041E+00   3.631610E-03   6.547907E+01  -2.036266E-02  -2.859672E-05  -5.156079E-01   1.200000E+02  -3.843597E-02
  1.029000000000E+01   3.761059E+00   3.579745E-03   6.547177E+01  -2.036280E-02  -2.844831E-05  -5.203057E-01   1.200000E+02  -3.646058E-02
  1.029500000000E+01   3.761077E+00   3.516625E-03   6.546122E+01  -2.036294E-02  -2.799180E-05  -5.210615E-01   1.200000E+02  -3.448962E-02
  1.030000000000E+01   3.761094E+00   3.448813E-03   6.544907E+01  -2.036308E-02  -2.733410E-05  -5.187267E-01   1.200000E+02  -3.252214E-02
  1.030500000000E+01   3.761111E+00   3.383042E-03   6.543713E+01  -2.036322E-02  -2.659961E-05  -5.145081E-01   1.200000E+02  -3.055794E-02
  1.031000000000E+01   3.761128E+00   3.325257E-03   6.542713E+01  -2.036335E-02  -2.590927E-05  -5.097860E-01   1.200000E+02  -2.859750E-02
  1.031500000000E+01   3.761145E+00   3.279963E-03   6.542048E+01  -2.036348E-02  -2.536513E-05  -5.059200E-01   1.200000E+02  -2.664190E-02
  1.032000000000E+01   3.761161E+00   3.249872E-03   6.541811E+01  -2.036360E-02  -2.504150E-05  -5.040714E-01   1.200000E+02  -2.469256E-02
  1.032500000000E+01   3.761177E+00   3.235812E-03   6.542037E+01  -2.036373E-02  -2.498137E-05  -5.050635E-01   1.200000E+02  -2.275112E-02
  1.033000000000E+01   3.761193E+00   3.236823E-03   6.542705E+01  -2.036385E-02  -2.519603E-05  -5.092964E-01   1.200000E+02  -2.081920E-02
  1.033500000000E+01   3.761210E+00   3.250364E-03   6.543737E+01  -2.036398E-02  -2.566645E-05  -5.167253E-01   1.200000E+02  -1.889821E-02
  1.034000000000E+01   3.761226E+00   3.272615E-03   6.545017E+01  -2.036411E-02  -2.634581E-05  -5.268990E-01   1.200000E+02  -1.698920E-02
  1.034500000000E+01   3.761242E+00   3.298862E-03   6.546403E+01  -2.036424E-02  -2.716379E-05  -5.390500E-01   1.200000E+02  -1.509277E-02
  1.035000000000E+01   3.761259E+00   3.323947E-03   6.547744E+01  -2.036438E-02  -2.803334E-05  -5.522204E-01   1.200000E+02  -1.320896E-02
  1.035500000000E+01   3.761275E+00   3.342775E-03   6.548896E+01  -2.036452E-02  -2.886012E-05  -5.654042E-01   1.200000E+02  -1.133726E-02
  1.036000000000E+01   3.761292E+00   3.350819E-03   6.549733E+01  -2.036467E-02  -2.955419E-05  -5.776858E-01   1.200000E+02  -9.476643E-03
  1.036500000000E+01   3.761309E+00   3.344576E-03   6.550158E+01  -2.036482E-02  -3.004211E-05  -5.883573E-01   1.200000E+02  -7.625632E-03
  1.037000000000E+01   3.761326E+00   3.321905E-03   6.550109E+01  -2.036497E-02  -3.027706E-05  -5.970008E-01   1.200000E+02  -5.782464E-03
  1.037500000000E+01   3.761342E+00   3.282219E-03   6.549558E+01  -2.036512E-02  -3.024496E-05  -6.035280E-01   1.200000E+02  -3.945232E-03
  1.038000000000E+01   3.761358E+00   3.226508E-03   6.548518E+01  -2.036527E-02  -2.996524E-05  -6.081743E-01   1.200000E+02  -2.112063E-03
  1.038500000000E+01   3.761374E+00   3.157208E-03   6.547038E+01  -2.036542E-02  -2.948636E-05  -6.114526E-01   1.200000E+02  -2.812822E-04
  1.039000000000E+01   3.761390E+00   3.077944E-03   6.545201E+01  -2.036557E-02  -2.887738E-05  -6.140730E-01   1.200000E+02   1.548448E-03
  1.039500000000E+01   3.761405E+00   2.993184E-03   6.543124E+01  -2.036571E-02  -2.821769E-05  -6.168409E-01   1.200000E+02   3.378014E-03
  1.040000000000E+01   3.761420E+00   2.907829E-03   6.540950E+01  -2.036585E-02  -2.758687E-05  -6.205465E-01   1.200000E+02   5.207786E-03
  1.040500000000E+01   3.761434E+00   2.826798E-03   6.538839E+01  -2.036599E-02  -2.705633E-05  -6.258565E-01   1.200000E+02   7.037598E-03
  1.041000000000E+01   3.761448E+00   2.754622E-03   6.536955E+01  -2.036612E-02  -2.668352E-05  -6.332230E-01   1.200000E+02   8.866767E-03
  1.041500000000E+01   3.761462E+00   2.695088E-03   6.535454E+01  -2.036625E-02  -2.650841E-05  -6.428159E-01   1.200000E+02   1.069416E-02
  1.042000000000E+01   3.761475E+00   2.650938E-03   6.534462E+01  -2.036639E-02  -2.655170E-05  -6.544895E-01   1.200000E+02   1.251830E-02
  1.042500000000E+01   3.761488E+00   2.623632E-03   6.534058E+01  -2.036652E-02  -2.681372E-05  -6.677855E-01   1.200000E+02   1.433747E-02
  1.043000000000E+01   3.761501E+00   2.613167E-03   6.534261E+01  -2.036665E-02  -2.727336E-05  -6.819741E-01   1.200000E+02   1.614990E-02
  1.043500000000E+01   3.761515E+00   2.617955E-03   6.535020E+01  -2.036679E-02  -2.788732E-05  -6.961318E-01   1.200000E+02   1.795390E-02
  1.044000000000E+01   3.761528E+00   2.634808E-03   6.536217E+01  -2.036693E-02  -2.859044E-05  -7.092481E-01   1.200000E+02   1.974806E-02
  1.044500000000E+01   3.761541E+00   2.659084E-03   6.537677E+01  -2.036708E-02  -2.929904E-05  -7.203519E-01   1.200000E+02   2.153138E-02
  1.045000000000E+01   3.761554E+00   2.685074E-03   6.539189E+01  -2.036723E-02  -2.991904E-05  -7.286441E-01   1.200000E+02   2.330346E-02
  1.045500000000E+01   3.761568E+00   2.706679E-03   6.540537E+01  -2.036738E-02  -3.035945E-05  -7.336189E-01   1.200000E+02   2.506453E-02
  1.046000000000E+01   3.761581E+00   2.718339E-03   6.541529E+01  -2.036753E-02  -3.054961E-05  -7.351591E-01   1.200000E+02   2.681545E-02
  1.046500000000E+01   3.761595E+00   2.716022E-03   6.542026E+01  -2.036768E-02  -3.045599E-05  -7.335872E-01   1.200000E+02   2.855762E-02
  1.047000000000E+01   3.761608E+00   2.698023E-03   6.541967E+01  -2.036783E-02  -3.009260E-05  -7.296633E-01   1.200000E+02   3.029276E-02
  1.047500000000E+01   3.761622E+00   2.665292E-03   6.541375E+01  -2.036798E-02  -2.952075E-05  -7.245221E-01   1.200000E+02   3.202259E-02
  1.048000000000E+01   3.761635E+00   2.621161E-03   6.540350E+01  -2.036813E-02  -2.883740E-05  -7.195539E-01   1.200000E+02   3.374862E-02
  1.048500000000E+01   3.761648E+00   2.570544E-03   6.539053E+01  -2.036827E-02  -2.815581E-05  -7.162388E-01   1.200000E+02   3.547186E-02
  1.049000000000E+01   3.761661E+00   2.518852E-03   6.537673E+01  -2.036841E-02  -2.758452E-05  -7.159554E-01   1.200000E+02   3.719277E-02
  1.049500000000E+01   3.761673E+00   2.470934E-03   6.536395E+01  -2.036855E-02  -2.720999E-05  -7.197894E-01   1.200000E+02   3.891124E-02
  1.050000000000E+01   3.761685E+00   2.430262E-03   6.535361E+01  -2.036868E-02  -2.708537E-05  -7.283688E-01   1.200000E+02   4.062670E-02
  1.050500000000E+01   3.761698E+00   2.398477E-03   6.534650E+01  -2.036882E-02  -2.722532E-05  -7.417539E-01   1.200000E+02   4.233829E-02
  1.051000000000E+01   3.761709E+00   2.375292E-03   6.534263E+01  -2.036895E-02  -2.760521E-05  -7.594001E-01   1.200000E+02   4.404510E-02
  1.051500000000E+01   3.761721E+00   2.358709E-03   6.534131E+01  -2.036909E-02  -2.816410E-05  -7.802058E-01   1.200000E+02   4.574635E-02
  1.052000000000E+01   3.761733E+00   2.345498E-03   6.534127E+01  -2.036924E-02  -2.881166E-05  -8.026397E-01   1.200000E+02   4.744153E-02
  1.052500000000E+01   3.761745E+00   2.331880E-03   6.534100E+01  -2.036938E-02  -2.944017E-05  -8.249354E-01   1.200000E+02   4.913055E-02
  1.053000000000E+01   3.761756E+00   2.314318E-03   6.533907E+01  -2.036953E-02  -2.994147E-05  -8.453238E-01   1.200000E+02   5.081370E-02
  1.053500000000E+01   3.761768E+00   2.290278E-03   6.533439E+01  -2.036968E-02  -3.022673E-05  -8.622729E-01   1.200000E+02   5.249161E-02
  1.054000000000E+01   3.761779E+00   2.258768E-03   6.532648E+01  -2.036983E-02  -3.024406E-05  -8.746972E-01   1.200000E+02   5.416512E-02
  1.054500000000E+01   3.761790E+00   2.220519E-03   6.531552E+01  -2.036998E-02  -2.998876E-05  -8.821055E-01   1.200000E+02   5.583504E-02
  1.055000000000E+01   3.761801E+00   2.177762E-03   6.530235E+01  -2.037013E-02  -2.950263E-05  -8.846657E-01   1.200000E+02   5.750206E-02
  1.055500000000E+01   3.761812E+00   2.133686E-03   6.528825E+01  -2.037028E-02  -2.886302E-05  -8.831740E-01   1.200000E+02   5.916653E-02
  1.056000000000E+01   3.761823E+00   2.091758E-03   6.527477E+01  -2.037042E-02  -2.816583E-05  -8.789344E-01   1.200000E+02   6.082844E-02
  1.056500000000E+01   3.761833E+00   2.055078E-03   6.526336E+01  -2.037056E-02  -2.750772E-05  -8.735658E-01   1.200000E+02   6.248744E-02
  1.057000000000E+01   3.761843E+00   2.025927E-03   6.525519E+01  -2.037070E-02  -2.697191E-05  -8.687662E-01   1.200000E+02   6.414285E-02
  1.057500000000E+01   3.761853E+00   2.005520E-03   6.525098E+01  -2.037083E-02  -2.661907E-05  -8.660701E-01   1.200000E+02   6.579382E-02
  1.058000000000E+01   3.761863E+00   1.993972E-03   6.525089E+01  -2.037096E-02  -2.648310E-05  -8.666349E-01   1.200000E+02   6.743944E-02
  1.058500000000E+01   3.761873E+00   1.990415E-03   6.525455E+01  -2.037110E-02  -2.657024E-05  -8.710891E-01   1.200000E+02   6.907884E-02
  1.059000000000E+01   3.761883E+00   1.993216E-03   6.526120E+01  -2.037123E-02  -2.686067E-05  -8.794629E-01   1.200000E+02   7.071128E-02
  1.059500000000E+01   3.761893E+00   2.000242E-03   6.526981E+01  -2.037136E-02  -2.731181E-05  -8.912105E-01   1.200000E+02   7.233625E-02
  1.060000000000E+01   3.761903E+00   2.009154E-03   6.527925E+01  -2.037150E-02  -2.786370E-05  -9.053175E-01   1.200000E+02   7.395346E-02
  1.060500000000E+01   3.761913E+00   2.017663E-03   6.528844E+01  -2.037164E-02  -2.844618E-05  -9.204741E-01   1.200000E+02   7.556291E-02
  1.061000000000E+01   3.761924E+00   2.023750E-03   6.529643E+01  -2.037179E-02  -2.898757E-05  -9.352859E-01   1.200000E+02   7.716479E-02
  1.061500000000E+01   3.761934E+00   2.025799E-03   6.530251E+01  -2.037193E-02  -2.942377E-05  -9.484878E-01   1.200000E+02   7.875953E-02
  1.062000000000E+01   3.761944E+00   2.022665E-03   6.530613E+01  -2.037208E-02  -2.970613E-05  -9.591268E-01   1.200000E+02   8.034768E-02
  1.062500000000E+01   3.761954E+00   2.013674E-03   6.530699E+01  -2.037223E-02  -2.980684E-05  -9.666885E-01   1.200000E+02   8.192990E-02
  1.063000000000E+01   3.761964E+00   1.998590E-03   6.530494E+01  -2.037238E-02  -2.972096E-05  -9.711474E-01   1.200000E+02   8.350689E-02
  1.063500000000E+01   3.761974E+00   1.977579E-03   6.529998E+01  -2.037253E-02  -2.946500E-05  -9.729388E-01   1.200000E+02   8.507934E-02
  1.064000000000E+01   3.761984E+00   1.951165E-03   6.529227E+01  -2.037267E-02  -2.907249E-05  -9.728591E-01   1.200000E+02   8.664792E-02
  1.064500000000E+01   3.761993E+00   1.920192E-03   6.528211E+01  -2.037282E-02  -2.858768E-05  -9.719154E-01   1.200000E+02   8.821320E-02
  1.065000000000E+01   3.762003E+00   1.885780E-03   6.526994E+01  -2.037296E-02  -2.805848E-05  -9.711501E-01   1.200000E+02   8.977567E-02
  1.065500000000E+01   3.762012E+00   1.849250E-03   6.525633E+01  -2.037310E-02  -2.752981E-05  -9.714718E-01   1.200000E+02   9.133565E-02
  1.066000000000E+01   3.762021E+00   1.812027E-03   6.524194E+01  -2.037323E-02  -2.703845E-05  -9.735180E-01   1.200000E+02   9.289334E-02
  1.066500000000E+01   3.762030E+00   1.775519E-03   6.522750E+01  -2.037337E-02  -2.660987E-05  -9.775707E-01   1.200000E+02   9.444875E-02
  1.067000000000E+01   3.762039E+00   1.740989E-03   6.521371E+01  -2.037350E-02  -2.625712E-05  -9.835354E-01   1.200000E+02   9.600179E-02
  1.067500000000E+01   3.762048E+00   1.709454E-03   6.520119E+01  -2.037363E-02  -2.598169E-05  -9.909812E-01   1.200000E+02   9.755220E-02
  1.068000000000E+01   3.762056E+00   1.681613E-03   6.519043E+01  -2.037376E-02  -2.577558E-05  -9.992317E-01   1.200000E+02   9.909965E-02
  1.068500000000E+01   3.762065E+00   1.657828E-03   6.518175E+01  -2.037389E-02  -2.562436E-05  -1.007487E+00   1.200000E+02   1.006437E-01
  1.069000000000E+01   3.762073E+00   1.638148E-03   6.517528E+01  -2.037402E-02  -2.551039E-05  -1.014955E+00   1.200000E+02   1.021841E-01
  1.069500000000E+01   3.762081E+00   1.622370E-03   6.517098E+01  -2.037414E-02  -2.541599E-05  -1.020966E+00   1.200000E+02   1.037203E-01
  1.070000000000E+01   3.762089E+00   1.610119E-03   6.516872E+01  -2.037427E-02  -2.532609E-05  -1.025060E+00   1.200000E+02   1.052519E-01
  1.070500000000E+01   3.762097E+00   1.600917E-03   6.516825E+01  -2.037440E-02  -2.522992E-05  -1.027030E+00   1.200000E+02   1.067788E-01
  1.071000000000E+01   3.762105E+00   1.594243E-03   6.516929E+01  -2.037452E-02  -2.512164E-05  -1.026920E+00   1.200000E+02   1.083005E-01
  1.071500000000E+01   3.762113E+00   1.589543E-03   6.517151E+01  -2.037465E-02  -2.499963E-05  -1.024989E+00   1.200000E+02   1.098169E-01
  1.072000000000E+01   3.762121E+00   1.586214E-03   6.517456E+01  -2.037477E-02  -2.486485E-05  -1.021650E+00   1.200000E+02   1.113279E-01
  1.072500000000E+01   3.762129E+00   1.583564E-03   6.517801E+01  -2.037490E-02  -2.471862E-05  -1.017395E+00   1.200000E+02   1.128333E-01
  1.073000000000E+01   3.762137E+00   1.580766E-03   6.518136E+01  -2.037502E-02  -2.456045E-05  -1.012726E+00   1.200000E+02   1.143333E-01
  1.073500000000E+01   3.762145E+00   1.576839E-03   6.518400E+01  -2.037514E-02  -2.438652E-05  -1.008099E+00   1.200000E+02   1.158278E-01
  1.074000000000E+01   3.762153E+00   1.570683E-03   6.518525E+01  -2.037526E-02  -2.418937E-05  -1.003888E+00   1.200000E+02   1.173172E-01
  1.074500000000E+01   3.762160E+00   1.561178E-03   6.518440E+01  -2.037538E-02  -2.395895E-05  -1.000366E+00   1.200000E+02   1.188017E-01
  1.075000000000E+01   3.762168E+00   1.547342E-03   6.518080E+01  -2.037550E-02  -2.368474E-05  -9.977043E-01   1.200000E+02   1.202818E-01
  1.075500000000E+01   3.762176E+00   1.528525E-03   6.517397E+01  -2.037562E-02  -2.335860E-05  -9.959753E-01   1.200000E+02   1.217582E-01
  1.076000000000E+01   3.762183E+00   1.504583E-03   6.516371E+01  -2.037574E-02  -2.297753E-05  -9.951605E-01   1.200000E+02   1.232312E-01
  1.076500000000E+01   3.762191E+00   1.475987E-03   6.515016E+01  -2.037585E-02  -2.254536E-05  -9.951536E-01   1.200000E+02   1.247016E-01
  1.077000000000E+01   3.762198E+00   1.443824E-03   6.513387E+01  -2.037596E-02  -2.207301E-05  -9.957592E-01   1.200000E+02   1.261698E-01
  1.077500000000E+01   3.762205E+00   1.409676E-03   6.511574E+01  -2.037607E-02  -2.157718E-05  -9.966929E-01   1.200000E+02   1.276361E-01
  1.078000000000E+01   3.762212E+00   1.375409E-03   6.509696E+01  -2.037618E-02  -2.107758E-05  -9.975843E-01   1.200000E+02   1.291007E-01
  1.078500000000E+01   3.762219E+00   1.342917E-03   6.507885E+01  -2.037628E-02  -2.059380E-05  -9.979925E-01   1.200000E+02   1.305635E-01
  1.079000000000E+01   3.762226E+00   1.313871E-03   6.506270E+01  -2.037638E-02  -2.014218E-05  -9.974380E-01   1.200000E+02   1.320243E-01
  1.079500000000E+01   3.762232E+00   1.289527E-03   6.504961E+01  -2.037648E-02  -1.973359E-05  -9.954521E-01   1.200000E+02   1.334825E-01
  1.080000000000E+01   3.762239E+00   1.270604E-03   6.504030E+01  -2.037658E-02  -1.937232E-05  -9.916399E-01   1.200000E+02   1.349378E-01
  1.080500000000E+01   3.762245E+00   1.257234E-03   6.503505E+01  -2.037668E-02  -1.905616E-05  -9.857494E-01   1.200000E+02   1.363895E-01
  1.081000000000E+01   3.762251E+00   1.248984E-03   6.503365E+01  -2.037677E-02  -1.877756E-05  -9.777330E-01   1.200000E+02   1.378370E-01
  1.081500000000E+01   3.762257E+00   1.244920E-03   6.503545E+01  -2.037686E-02  -1.852559E-05  -9.677888E-01   1.200000E+02   1.392800E-01
  1.082000000000E+01   3.762264E+00   1.243727E-03   6.503947E+01  -2.037696E-02  -1.828832E-05  -9.563698E-01   1.200000E+02   1.407180E-01
  1.082500000000E+01   3.762270E+00   1.243852E-03   6.504449E+01  -2.037705E-02  -1.805512E-05  -9.441530E-01   1.200000E+02   1.421508E-01
  1.083000000000E+01   3.762276E+00   1.243683E-03   6.504927E+01  -2.037714E-02  -1.781839E-05  -9.319686E-01   1.200000E+02   1.435785E-01
  1.083500000000E+01   3.762282E+00   1.241723E-03   6.505263E+01  -2.037723E-02  -1.757424E-05  -9.206966E-01   1.200000E+02   1.450012E-01
  1.084000000000E+01   3.762289E+00   1.236755E-03   6.505361E+01  -2.037731E-02  -1.732205E-05  -9.111439E-01   1.200000E+02   1.464191E-01
  1.084500000000E+01   3.762295E+00   1.227954E-03   6.505154E+01  -2.037740E-02  -1.706300E-05  -9.039221E-01   1.200000E+02   1.478328E-01
  1.085000000000E+01   3.762301E+00   1.214946E-03   6.504606E+01  -2.037748E-02  -1.679820E-05  -8.993458E-01   1.200000E+02   1.492426E-01
  1.085500000000E+01   3.762307E+00   1.197806E-03   6.503711E+01  -2.037757E-02  -1.652711E-05  -8.973703E-01   1.200000E+02   1.506490E-01
  1.086000000000E+01   3.762313E+00   1.176992E-03   6.502493E+01  -2.037765E-02  -1.624679E-05  -8.975817E-01   1.200000E+02   1.520526E-01
  1.086500000000E+01   3.762319E+00   1.153252E-03   6.500999E+01  -2.037773E-02  -1.595222E-05  -8.992428E-01   1.200000E+02   1.534536E-01
  1.087000000000E+01   3.762324E+00   1.127522E-03   6.499293E+01  -2.037781E-02  -1.563769E-05  -9.013917E-01   1.200000E+02   1.548524E-01
  1.087500000000E+01   3.762330E+00   1.100824E-03   6.497454E+01  -2.037789E-02  -1.529860E-05  -9.029773E-01   1.200000E+02   1.562492E-01
  1.088000000000E+01   3.762335E+00   1.074193E-03   6.495565E+01  -2.037796E-02  -1.493342E-05  -9.030126E-01   1.200000E+02   1.576440E-01
  1.088500000000E+01   3.762341E+00   1.048616E-03   6.493716E+01  -2.037804E-02  -1.454498E-05  -9.007207E-01   1.200000E+02   1.590368E-01
  1.089000000000E+01   3.762346E+00   1.024996E-03   6.491997E+01  -2.037811E-02  -1.414107E-05  -8.956508E-01   1.200000E+02   1.604275E-01
  1.089500000000E+01   3.762351E+00   1.004123E-03   6.490493E+01  -2.037818E-02  -1.373403E-05  -8.877462E-01   1.200000E+02   1.618157E-01
  1.090000000000E+01   3.762356E+00   9.866519E-04   6.489281E+01  -2.037824E-02  -1.333956E-05  -8.773523E-01   1.200000E+02   1.632013E-01
  1.090500000000E+01   3.762361E+00   9.730769E-04   6.488425E+01  -2.037831E-02  -1.297497E-05  -8.651645E-01   1.200000E+02   1.645839E-01
  1.091000000000E+01   3.762366E+00   9.637054E-04   6.487971E+01  -2.037837E-02  -1.265724E-05  -8.521256E-01   1.200000E+02   1.659629E-01
  1.091500000000E+01   3.762370E+00   9.586282E-04   6.487936E+01  -2.037844E-02  -1.240094E-05  -8.392878E-01   1.200000E+02   1.673381E-01
  1.092000000000E+01   3.762375E+00   9.576866E-04   6.488311E+01  -2.037850E-02  -1.221645E-05  -8.276624E-01   1.200000E+02   1.687088E-01
  1.092500000000E+01   3.762380E+00   9.604415E-04   6.489052E+01  -2.037856E-02  -1.210840E-05  -8.180821E-01   1.200000E+02   1.700749E-01
  1.093000000000E+01   3.762385E+00   9.661521E-04   6.490081E+01  -2.037862E-02  -1.207442E-05  -8.110936E-01   1.200000E+02   1.714359E-01
  1.093500000000E+01   3.762390E+00   9.737732E-04   6.491290E+01  -2.037868E-02  -1.210448E-05  -8.068991E-01   1.200000E+02   1.727915E-01
  1.094000000000E+01   3.762395E+00   9.819872E-04   6.492546E+01  -2.037874E-02  -1.218080E-05  -8.053506E-01   1.200000E+02   1.741418E-01
  1.094500000000E+01   3.762399E+00   9.892816E-04   6.493701E+01  -2.037880E-02  -1.227894E-05  -8.059969E-01   1.200000E+02   1.754866E-01
  1.095000000000E+01   3.762404E+00   9.940817E-04   6.494608E+01  -2.037886E-02  -1.237007E-05  -8.081705E-01   1.200000E+02   1.768264E-01
  1.095500000000E+01   3.762409E+00   9.949313E-04   6.495129E+01  -2.037893E-02  -1.242453E-05  -8.111004E-01   1.200000E+02   1.781613E-01
  1.096000000000E+01   3.762414E+00   9.906997E-04   6.495157E+01  -2.037899E-02  -1.241631E-05  -8.140296E-01   1.200000E+02   1.794920E-01
  1.096500000000E+01   3.762419E+00   9.807762E-04   6.494628E+01  -2.037905E-02  -1.232753E-05  -8.163198E-01   1.200000E+02   1.808191E-01
  1.097000000000E+01   3.762424E+00   9.652028E-04   6.493529E+01  -2.037911E-02  -1.215179E-05  -8.175275E-01   1.200000E+02   1.821432E-01
  1.097500000000E+01   3.762429E+00   9.447079E-04   6.491907E+01  -2.037917E-02  -1.189551E-05  -8.174435E-01   1.200000E+02   1.834649E-01
  1.098000000000E+01   3.762434E+00   9.206256E-04   6.489867E+01  -2.037923E-02  -1.157674E-05  -8.160921E-01   1.200000E+02   1.847847E-01
  1.098500000000E+01   3.762438E+00   8.947148E-04   6.487566E+01  -2.037929E-02  -1.122187E-05  -8.136966E-01   1.200000E+02   1.861029E-01
  1.099000000000E+01   3.762443E+00   8.689235E-04   6.485198E+01  -2.037934E-02  -1.086111E-05  -8.106173E-01   1.200000E+02   1.874197E-01
  1.099500000000E+01   3.762447E+00   8.451481E-04   6.482975E+01  -2.037940E-02  -1.052403E-05  -8.072786E-01   1.200000E+02   1.887349E-01
  1.100000000000E+01   3.762451E+00   8.250319E-04   6.481102E+01  -2.037945E-02  -1.023597E-05  -8.040945E-01   1.200000E+02   1.900483E-01
  1.100500000000E+01   3.762455E+00   8.098230E-04   6.479753E+01  -2.037950E-02  -1.001577E-05  -8.014065E-01   1.200000E+02   1.913593E-01
  1.101000000000E+01   3.762459E+00   8.002923E-04   6.479053E+01  -2.037955E-02  -9.874680E-06  -7.994400E-01   1.200000E+02   1.926675E-01
  1.101500000000E+01   3.762463E+00   7.966957E-04   6.479055E+01  -2.037960E-02  -9.816083E-06  -7.982839E-01   1.200000E+02   1.939722E-01
  1.102000000000E+01   3.762467E+00   7.987656E-04   6.479735E+01  -2.037965E-02  -9.835729E-06  -7.978926E-01   1.200000E+02   1.952728E-01
  1.102500000000E+01   3.762471E+00   8.057245E-04   6.480998E+01  -2.037969E-02  -9.922139E-06  -7.981060E-01   1.200000E+02   1.965688E-01
  1.103000000000E+01   3.762475E+00   8.163271E-04   6.482680E+01  -2.037974E-02  -1.005735E-05  -7.986824E-01   1.200000E+02   1.978597E-01
  1.103500000000E+01   3.762479E+00   8.289478E-04   6.484579E+01  -2.037980E-02  -1.021822E-05  -7.993372E-01   1.200000E+02   1.991452E-01
  1.104000000000E+01   3.762483E+00   8.417307E-04   6.486472E+01  -2.037985E-02  -1.037852E-05  -7.997806E-01   1.200000E+02   2.004253E-01
  1.104500000000E+01   3.762488E+00   8.528008E-04   6.488149E+01  -2.037990E-02  -1.051192E-05  -7.997521E-01   1.200000E+02   2.017000E-01
  1.105000000000E+01   3.762492E+00   8.605129E-04   6.489435E+01  -2.037995E-02  -1.059552E-05  -7.990459E-01   1.200000E+02   2.029697E-01
  1.105500000000E+01   3.762496E+00   8.636826E-04   6.490209E+01  -2.038001E-02  -1.061309E-05  -7.975292E-01   1.200000E+02   2.042348E-01
  1.106000000000E+01   3.762501E+00   8.617398E-04   6.490414E+01  -2.038006E-02  -1.055732E-05  -7.951515E-01   1.200000E+02   2.054960E-01
  1.106500000000E+01   3.762505E+00   8.547591E-04   6.490054E+01  -2.038011E-02  -1.043017E-05  -7.919470E-01   1.200000E+02   2.067536E-01
  1.107000000000E+01   3.762509E+00   8.433602E-04   6.489186E+01  -2.038016E-02  -1.024156E-05  -7.880308E-01   1.200000E+02   2.080084E-01
  1.107500000000E+01   3.762513E+00   8.285178E-04   6.487902E+01  -2.038021E-02  -1.000659E-05  -7.835894E-01   1.200000E+02   2.092608E-01
  1.108000000000E+01   3.762517E+00   8.113410E-04   6.486311E+01  -2.038026E-02  -9.742466E-06  -7.788669E-01   1.200000E+02   2.105110E-01
  1.108500000000E+01   3.762521E+00   7.928860E-04   6.484521E+01  -2.038031E-02  -9.465773E-06  -7.741467E-01   1.200000E+02   2.117593E-01
  1.109000000000E+01   3.762525E+00   7.740427E-04   6.482631E+01  -2.038036E-02  -9.190768E-06  -7.697295E-01   1.200000E+02   2.130058E-01
  1.109500000000E+01   3.762529E+00   7.555039E-04   6.480720E+01  -2.038040E-02  -8.928747E-06  -7.659089E-01   1.200000E+02   2.142506E-01
  1.110000000000E+01   3.762533E+00   7.378042E-04   6.478860E+01  -2.038045E-02  -8.688310E-06  -7.629442E-01   1.200000E+02   2.154935E-01
  1.110500000000E+01   3.762537E+00   7.213956E-04   6.477114E+01  -2.038049E-02  -8.476112E-06  -7.610353E-01   1.200000E+02   2.167345E-01
  1.111000000000E+01   3.762540E+00   7.067245E-04   6.475554E+01  -2.038053E-02  -8.297705E-06  -7.602996E-01   1.200000E+02   2.179734E-01
  1.111500000000E+01   3.762544E+00   6.942811E-04   6.474258E+01  -2.038057E-02  -8.158115E-06  -7.607544E-01   1.200000E+02   2.192101E-01
  1.112000000000E+01   3.762547E+00   6.846004E-04   6.473317E+01  -2.038061E-02  -8.061952E-06  -7.623071E-01   1.200000E+02   2.204442E-01
  1.112500000000E+01   3.762550E+00   6.782125E-04   6.472822E+01  -2.038065E-02  -8.012998E-06  -7.647561E-01   1.200000E+02   2.216755E-01
  1.113000000000E+01   3.762554E+00   6.755511E-04   6.472849E+01  -2.038069E-02  -8.013306E-06  -7.678015E-01   1.200000E+02   2.229036E-01
  1.113500000000E+01   3.762557E+00   6.768352E-04   6.473433E+01  -2.038073E-02  -8.061969E-06  -7.710683E-01   1.200000E+02   2.241281E-01
  1.114000000000E+01   3.762561E+00   6.819472E-04   6.474557E+01  -2.038077E-02  -8.153782E-06  -7.741380E-01   1.200000E+02   2.253486E-01
  1.114500000000E+01   3.762564E+00   6.903280E-04   6.476130E+01  -2.038081E-02  -8.278118E-06  -7.765897E-01   1.200000E+02   2.265648E-01
  1.115000000000E+01   3.762568E+00   7.009211E-04   6.477992E+01  -2.038086E-02  -8.418459E-06  -7.780435E-01   1.200000E+02   2.277763E-01
  1.115500000000E+01   3.762571E+00   7.121992E-04   6.479924E+01  -2.038090E-02  -8.553136E-06  -7.782047E-01   1.200000E+02   2.289830E-01
  1.116000000000E+01   3.762575E+00   7.223088E-04   6.481678E+01  -2.038094E-02  -8.657689E-06  -7.769024E-01   1.200000E+02   2.301850E-01
  1.116500000000E+01   3.762578E+00   7.293417E-04   6.483008E+01  -2.038099E-02  -8.708863E-06  -7.741177E-01   1.200000E+02   2.313825E-01
  1.117000000000E+01   3.762582E+00   7.316960E-04   6.483718E+01  -2.038103E-02  -8.689525E-06  -7.699978E-01   1.200000E+02   2.325759E-01
  1.117500000000E+01   3.762586E+00   7.284365E-04   6.483690E+01  -2.038107E-02  -8.593039E-06  -7.648519E-01   1.200000E+02   2.337660E-01
  1.118000000000E+01   3.762589E+00   7.195300E-04   6.482909E+01  -2.038111E-02  -8.425475E-06  -7.591287E-01   1.200000E+02   2.349532E-01
  1.118500000000E+01   3.762593E+00   7.058647E-04   6.481468E+01  -2.038116E-02  -8.204653E-06  -7.533766E-01   1.200000E+02   2.361382E-01
  1.119000000000E+01   3.762596E+00   6.890397E-04   6.479550E+01  -2.038120E-02  -7.956280E-06  -7.481879E-01   1.200000E+02   2.373214E-01
  1.119500000000E+01   3.762600E+00   6.709995E-04   6.477399E+01  -2.038124E-02  -7.708566E-06  -7.441356E-01   1.200000E+02   2.385032E-01
  1.120000000000E+01   3.762603E+00   6.536397E-04   6.475277E+01  -2.038127E-02  -7.487083E-06  -7.417074E-01   1.200000E+02   2.396834E-01
  1.120500000000E+01   3.762606E+00   6.384900E-04   6.473417E+01  -2.038131E-02  -7.311095E-06  -7.412452E-01   1.200000E+02   2.408621E-01
  1.121000000000E+01   3.762609E+00   6.265305E-04   6.471990E+01  -2.038135E-02  -7.191750E-06  -7.428997E-01   1.200000E+02   2.420388E-01
  1.121500000000E+01   3.762612E+00   6.181411E-04   6.471081E+01  -2.038138E-02  -7.131819E-06  -7.466027E-01   1.200000E+02   2.432133E-01
  1.122000000000E+01   3.762616E+00   6.131559E-04   6.470686E+01  -2.038142E-02  -7.126487E-06  -7.520642E-01   1.200000E+02   2.443851E-01
  1.122500000000E+01   3.762619E+00   6.109881E-04   6.470726E+01  -2.038145E-02  -7.164793E-06  -7.587940E-01   1.200000E+02   2.455540E-01
  1.123000000000E+01   3.762622E+00   6.107980E-04   6.471074E+01  -2.038149E-02  -7.231567E-06  -7.661453E-01   1.200000E+02   2.467197E-01
  1.123500000000E+01   3.762625E+00   6.116785E-04   6.471589E+01  -2.038153E-02  -7.309770E-06  -7.733774E-01   1.200000E+02   2.478821E-01
  1.124000000000E+01   3.762628E+00   6.128279E-04   6.472146E+01  -2.038156E-02  -7.383013E-06  -7.797285E-01   1.200000E+02   2.490411E-01
  1.124500000000E+01   3.762631E+00   6.136732E-04   6.472656E+01  -2.038160E-02  -7.437795E-06  -7.844939E-01   1.200000E+02   2.501967E-01
  1.125000000000E+01   3.762634E+00   6.139168E-04   6.473073E+01  -2.038164E-02  -7.464976E-06  -7.870991E-01   1.200000E+02   2.513489E-01
  1.125500000000E+01   3.762637E+00   6.134965E-04   6.473388E+01  -2.038167E-02  -7.460098E-06  -7.871620E-01   1.200000E+02   2.524980E-01
  1.126000000000E+01   3.762640E+00   6.124798E-04   6.473612E+01  -2.038171E-02  -7.422649E-06  -7.845378E-01   1.200000E+02   2.536439E-01
  1.126500000000E+01   3.762643E+00   6.109327E-04   6.473755E+01  -2.038175E-02  -7.354711E-06  -7.793426E-01   1.200000E+02   2.547868E-01
  1.127000000000E+01   3.762646E+00   6.088125E-04   6.473808E+01  -2.038179E-02  -7.259624E-06  -7.719520E-01   1.200000E+02   2.559267E-01
  1.127500000000E+01   3.762649E+00   6.059224E-04   6.473738E+01  -2.038182E-02  -7.141218E-06  -7.629752E-01   1.200000E+02   2.570638E-01
  1.128000000000E+01   3.762652E+00   6.019481E-04   6.473494E+01  -2.038186E-02  -7.003794E-06  -7.532048E-01   1.200000E+02   2.581980E-01
  1.128500000000E+01   3.762655E+00   5.965674E-04   6.473018E+01  -2.038189E-02  -6.852685E-06  -7.435465E-01   1.200000E+02   2.593297E-01
  1.129000000000E+01   3.762658E+00   5.896001E-04   6.472274E+01  -2.038193E-02  -6.694964E-06  -7.349327E-01   1.200000E+02   2.604588E-01
  1.129500000000E+01   3.762661E+00   5.811461E-04   6.471269E+01  -2.038196E-02  -6.539790E-06  -7.282290E-01   1.200000E+02   2.615858E-01
  1.130000000000E+01   3.762664E+00   5.716574E-04   6.470066E+01  -2.038199E-02  -6.398083E-06  -7.241404E-01   1.200000E+02   2.627106E-01
  1.130500000000E+01   3.762667E+00   5.619143E-04   6.468789E+01  -2.038202E-02  -6.281493E-06  -7.231291E-01   1.200000E+02   2.638334E-01
  1.131000000000E+01   3.762670E+00   5.529047E-04   6.467606E+01  -2.038205E-02  -6.200919E-06  -7.253530E-01   1.200000E+02   2.649542E-01
  1.131500000000E+01   3.762672E+00   5.456436E-04   6.466702E+01  -2.038208E-02  -6.164902E-06  -7.306342E-01   1.200000E+02   2.660729E-01
  1.132000000000E+01   3.762675E+00   5.409785E-04   6.466239E+01  -2.038212E-02  -6.178138E-06  -7.384642E-01   1.200000E+02   2.671891E-01
  1.132500000000E+01   3.762678E+00   5.394217E-04   6.466321E+01  -2.038215E-02  -6.240229E-06  -7.480478E-01   1.200000E+02   2.683027E-01
  1.133000000000E+01   3.762680E+00   5.410330E-04   6.466964E+01  -2.038218E-02  -6.344724E-06  -7.583844E-01   1.200000E+02   2.694133E-01
  1.133500000000E+01   3.762683E+00   5.453644E-04   6.468085E+01  -2.038221E-02  -6.478664E-06  -7.683771E-01   1.200000E+02   2.705206E-01
  1.134000000000E+01   3.762686E+00   5.514775E-04   6.469511E+01  -2.038224E-02  -6.622998E-06  -7.769593E-01   1.200000E+02   2.716243E-01
  1.134500000000E+01   3.762689E+00   5.580493E-04   6.471006E+01  -2.038228E-02  -6.754376E-06  -7.832212E-01   1.200000E+02   2.727244E-01
  1.135000000000E+01   3.762691E+00   5.635732E-04   6.472311E+01  -2.038231E-02  -6.848580E-06  -7.865196E-01   1.200000E+02   2.738209E-01
  1.135500000000E+01   3.762694E+00   5.666368E-04   6.473194E+01  -2.038234E-02  -6.885192E-06  -7.865565E-01   1.200000E+02   2.749140E-01
  1.136000000000E+01   3.762697E+00   5.662173E-04   6.473488E+01  -2.038238E-02  -6.852291E-06  -7.834134E-01   1.200000E+02   2.760040E-01
  1.136500000000E+01   3.762700E+00   5.619078E-04   6.473122E+01  -2.038241E-02  -6.749513E-06  -7.775372E-01   1.200000E+02   2.770914E-01
  1.137000000000E+01   3.762703E+00   5.539928E-04   6.472129E+01  -2.038245E-02  -6.588192E-06  -7.696784E-01   1.200000E+02   2.781767E-01
  1.137500000000E+01   3.762706E+00   5.433476E-04   6.470636E+01  -2.038248E-02  -6.388456E-06  -7.607906E-01   1.200000E+02   2.792600E-01
  1.138000000000E+01   3.762708E+00   5.312024E-04   6.468835E+01  -2.038251E-02  -6.174429E-06  -7.519047E-01   1.200000E+02   2.803418E-01
  1.138500000000E+01   3.762711E+00   5.188585E-04   6.466945E+01  -2.038254E-02  -5.969267E-06  -7.439971E-01   1.200000E+02   2.814221E-01
  1.139000000000E+01   3.762713E+00   5.074415E-04   6.465173E+01  -2.038257E-02  -5.791419E-06  -7.378688E-01   1.200000E+02   2.825009E-01
  1.139500000000E+01   3.762716E+00   4.977471E-04   6.463683E+01  -2.038260E-02  -5.652706E-06  -7.340535E-01   1.200000E+02   2.835780E-01
  1.140000000000E+01   3.762718E+00   4.901863E-04   6.462571E+01  -2.038263E-02  -5.558031E-06  -7.327657E-01   1.200000E+02   2.846532E-01
  1.140500000000E+01   3.762721E+00   4.848140E-04   6.461868E+01  -2.038265E-02  -5.506182E-06  -7.338943E-01   1.200000E+02   2.857264E-01
  1.141000000000E+01   3.762723E+00   4.814115E-04   6.461543E+01  -2.038268E-02  -5.491255E-06  -7.370405E-01   1.200000E+02   2.867972E-01
  1.141500000000E+01   3.762726E+00   4.795955E-04   6.461529E+01  -2.038271E-02  -5.504327E-06  -7.415910E-01   1.200000E+02   2.878656E-01
  1.142000000000E+01   3.762728E+00   4.789286E-04   6.461743E+01  -2.038274E-02  -5.535204E-06  -7.468141E-01   1.200000E+02   2.889313E-01
  1.142500000000E+01   3.762730E+00   4.790115E-04   6.462106E+01  -2.038276E-02  -5.574026E-06  -7.519642E-01   1.200000E+02   2.899944E-01
  1.143000000000E+01   3.762733E+00   4.795398E-04   6.462559E+01  -2.038279E-02  -5.612527E-06  -7.563771E-01   1.200000E+02   2.910547E-01
  1.143500000000E+01   3.762735E+00   4.803171E-04   6.463061E+01  -2.038282E-02  -5.644743E-06  -7.595466E-01   1.200000E+02   2.921122E-01
  1.144000000000E+01   3.762738E+00   4.812284E-04   6.463591E+01  -2.038285E-02  -5.667088E-06  -7.611716E-01   1.200000E+02   2.931669E-01
  1.144500000000E+01   3.762740E+00   4.821876E-04   6.464131E+01  -2.038288E-02  -5.677915E-06  -7.611724E-01   1.200000E+02   2.942188E-01
  1.145000000000E+01   3.762742E+00   4.830826E-04   6.464659E+01  -2.038291E-02  -5.676807E-06  -7.596759E-01   1.200000E+02   2.952680E-01
  1.145500000000E+01   3.762745E+00   4.837390E-04   6.465139E+01  -2.038293E-02  -5.663919E-06  -7.569789E-01   1.200000E+02   2.963144E-01
  1.146000000000E+01   3.762747E+00   4.839187E-04   6.465525E+01  -2.038296E-02  -5.639602E-06  -7.534942E-01   1.200000E+02   2.973581E-01
  1.146500000000E+01   3.762750E+00   4.833558E-04   6.465763E+01  -2.038299E-02  -5.604410E-06  -7.496917E-01   1.200000E+02   2.983992E-01
  1.147000000000E+01   3.762752E+00   4.818238E-04   6.465807E+01  -2.038302E-02  -5.559410E-06  -7.460417E-01   1.200000E+02   2.994379E-01
  1.147500000000E+01   3.762755E+00   4.792093E-04   6.465631E+01  -2.038305E-02  -5.506597E-06  -7.429661E-01   1.200000E+02   3.004741E-01
  1.148000000000E+01   3.762757E+00   4.755698E-04   6.465245E+01  -2.038307E-02  -5.449182E-06  -7.408018E-01   1.200000E+02   3.015081E-01
  1.148500000000E+01   3.762759E+00   4.711512E-04   6.464692E+01  -2.038310E-02  -5.391546E-06  -7.397771E-01   1.200000E+02   3.025399E-01
  1.149000000000E+01   3.762762E+00   4.663558E-04   6.464051E+01  -2.038313E-02  -5.338806E-06  -7.399996E-01   1.200000E+02   3.035697E-01
  1.149500000000E+01   3.762764E+00   4.616675E-04   6.463420E+01  -2.038315E-02  -5.296036E-06  -7.414536E-01   1.200000E+02   3.045975E-01
  1.150000000000E+01   3.762766E+00   4.575536E-04   6.462898E+01  -2.038318E-02  -5.267336E-06  -7.440059E-01   1.200000E+02   3.056232E-01
  1.150500000000E+01   3.762769E+00   4.543679E-04   6.462563E+01  -2.038321E-02  -5.254920E-06  -7.474174E-01   1.200000E+02   3.066467E-01
  1.151000000000E+01   3.762771E+00   4.522774E-04   6.462454E+01  -2.038323E-02  -5.258430E-06  -7.513611E-01   1.200000E+02   3.076680E-01
  1.151500000000E+01   3.762773E+00   4.512240E-04   6.462563E+01  -2.038326E-02  -5.274625E-06  -7.554473E-01   1.200000E+02   3.086870E-01
  1.152000000000E+01   3.762775E+00   4.509320E-04   6.462834E+01  -2.038329E-02  -5.297564E-06  -7.592559E-01   1.200000E+02   3.097035E-01
  1.152500000000E+01   3.762778E+00   4.509569E-04   6.463172E+01  -2.038331E-02  -5.319346E-06  -7.623754E-01   1.200000E+02   3.107176E-01
  1.153000000000E+01   3.762780E+00   4.507744E-04   6.463466E+01  -2.038334E-02  -5.331401E-06  -7.644474E-01   1.200000E+02   3.117292E-01
  1.153500000000E+01   3.762782E+00   4.498891E-04   6.463611E+01  -2.038337E-02  -5.326133E-06  -7.652119E-01   1.200000E+02   3.127384E-01
  1.154000000000E+01   3.762784E+00   4.479447E-04   6.463530E+01  -2.038339E-02  -5.298567E-06  -7.645464E-01   1.200000E+02   3.137452E-01
  1.154500000000E+01   3.762787E+00   4.448031E-04   6.463190E+01  -2.038342E-02  -5.247560E-06  -7.624942E-01   1.200000E+02   3.147499E-01
  1.155000000000E+01   3.762789E+00   4.405742E-04   6.462609E+01  -2.038344E-02  -5.176166E-06  -7.592713E-01   1.200000E+02   3.157526E-01
  1.155500000000E+01   3.762791E+00   4.355859E-04   6.461852E+01  -2.038347E-02  -5.091053E-06  -7.552501E-01   1.200000E+02   3.167534E-01
  1.156000000000E+01   3.762793E+00   4.303053E-04   6.461017E+01  -2.038350E-02  -5.001127E-06  -7.509172E-01   1.200000E+02   3.177523E-01
  1.156500000000E+01   3.762795E+00   4.252361E-04   6.460215E+01  -2.038352E-02  -4.915778E-06  -7.468082E-01   1.200000E+02   3.187494E-01
  1.157000000000E+01   3.762797E+00   4.208181E-04   6.459546E+01  -2.038354E-02  -4.843192E-06  -7.434287E-01   1.200000E+02   3.197446E-01
  1.157500000000E+01   3.762799E+00   4.173510E-04   6.459084E+01  -2.038357E-02  -4.789055E-06  -7.411725E-01   1.200000E+02   3.207379E-01
  1.158000000000E+01   3.762802E+00   4.149530E-04   6.458860E+01  -2.038359E-02  -4.755793E-06  -7.402524E-01   1.200000E+02   3.217291E-01
  1.158500000000E+01   3.762804E+00   4.135552E-04   6.458864E+01  -2.038362E-02  -4.742350E-06  -7.406555E-01   1.200000E+02   3.227181E-01
  1.159000000000E+01   3.762806E+00   4.129286E-04   6.459044E+01  -2.038364E-02  -4.744486E-06  -7.421343E-01   1.200000E+02   3.237049E-01
  1.159500000000E+01   3.762808E+00   4.127355E-04   6.459323E+01  -2.038366E-02  -4.755505E-06  -7.442378E-01   1.200000E+02   3.246894E-01
  1.160000000000E+01   3.762810E+00   4.125963E-04   6.459614E+01  -2.038369E-02  -4.767371E-06  -7.463802E-01   1.200000E+02   3.256716E-01
  1.160500000000E+01   3.762812E+00   4.121586E-04   6.459835E+01  -2.038371E-02  -4.772080E-06  -7.479366E-01   1.200000E+02   3.266516E-01
  1.161000000000E+01   3.762814E+00   4.111579E-04   6.459925E+01  -2.038374E-02  -4.763062E-06  -7.483506E-01   1.200000E+02   3.276292E-01
  1.161500000000E+01   3.762816E+00   4.094579E-04   6.459852E+01  -2.038376E-02  -4.736357E-06  -7.472359E-01   1.200000E+02   3.286048E-01
  1.162000000000E+01   3.762818E+00   4.070637E-04   6.459615E+01  -2.038378E-02  -4.691291E-06  -7.444519E-01   1.200000E+02   3.295782E-01
  1.162500000000E+01   3.762820E+00   4.041093E-04   6.459243E+01  -2.038381E-02  -4.630534E-06  -7.401400E-01   1.200000E+02   3.305497E-01
  1.163000000000E+01   3.762822E+00   4.008256E-04   6.458787E+01  -2.038383E-02  -4.559546E-06  -7.347121E-01   1.200000E+02   3.315193E-01
  1.163500000000E+01   3.762824E+00   3.974988E-04   6.458315E+01  -2.038385E-02  -4.485596E-06  -7.287920E-01   1.200000E+02   3.324869E-01
  1.164000000000E+01   3.762826E+00   3.944289E-04   6.457897E+01  -2.038387E-02  -4.416588E-06  -7.231182E-01   1.200000E+02   3.334527E-01
  1.164500000000E+01   3.762828E+00   3.918942E-04   6.457603E+01  -2.038390E-02  -4.359927E-06  -7.184254E-01   1.200000E+02   3.344165E-01
  1.165000000000E+01   3.762830E+00   3.901244E-04   6.457490E+01  -2.038392E-02  -4.321566E-06  -7.153224E-01   1.200000E+02   3.353784E-01
  1.165500000000E+01   3.762832E+00   3.892795E-04   6.457602E+01  -2.038394E-02  -4.305311E-06  -7.141908E-01   1.200000E+02   3.363381E-01
  1.166000000000E+01   3.762834E+00   3.894336E-04   6.457956E+01  -2.038396E-02  -4.312375E-06  -7.151188E-01   1.200000E+02   3.372957E-01
  1.166500000000E+01   3.762836E+00   3.905603E-04   6.458547E+01  -2.038398E-02  -4.341172E-06  -7.178831E-01   1.200000E+02   3.382510E-01
  1.167000000000E+01   3.762838E+00   3.925198E-04   6.459339E+01  -2.038400E-02  -4.387330E-06  -7.219827E-01   1.200000E+02   3.392040E-01
  1.167500000000E+01   3.762840E+00   3.950518E-04   6.460267E+01  -2.038403E-02  -4.443946E-06  -7.267168E-01   1.200000E+02   3.401545E-01
  1.168000000000E+01   3.762842E+00   3.977787E-04   6.461236E+01  -2.038405E-02  -4.502146E-06  -7.312968E-01   1.200000E+02   3.411026E-01
  1.168500000000E+01   3.762844E+00   4.002285E-04   6.462135E+01  -2.038407E-02  -4.551997E-06  -7.349707E-01   1.200000E+02   3.420482E-01
  1.169000000000E+01   3.762846E+00   4.018806E-04   6.462841E+01  -2.038409E-02  -4.583794E-06  -7.371426E-01   1.200000E+02   3.429915E-01
  1.169500000000E+01   3.762848E+00   4.022368E-04   6.463238E+01  -2.038412E-02  -4.589591E-06  -7.374664E-01   1.200000E+02   3.439325E-01
  1.170000000000E+01   3.762850E+00   4.009068E-04   6.463233E+01  -2.038414E-02  -4.564702E-06  -7.358999E-01   1.200000E+02   3.448714E-01
  1.170500000000E+01   3.762852E+00   3.976913E-04   6.462774E+01  -2.038416E-02  -4.508787E-06  -7.327107E-01   1.200000E+02   3.458085E-01
  1.171000000000E+01   3.762854E+00   3.926390E-04   6.461861E+01  -2.038418E-02  -4.426150E-06  -7.284343E-01   1.200000E+02   3.467438E-01
  1.171500000000E+01   3.762856E+00   3.860577E-04   6.460553E+01  -2.038421E-02  -4.325093E-06  -7.237906E-01   1.200000E+02   3.476778E-01
  1.172000000000E+01   3.762858E+00   3.784731E-04   6.458962E+01  -2.038423E-02  -4.216450E-06  -7.195726E-01   1.200000E+02   3.486104E-01
  1.172500000000E+01   3.762859E+00   3.705443E-04   6.457242E+01  -2.038425E-02  -4.111715E-06  -7.165227E-01   1.200000E+02   3.495417E-01
  1.173000000000E+01   3.762861E+00   3.629571E-04   6.455566E+01  -2.038427E-02  -4.021234E-06  -7.152179E-01   1.200000E+02   3.504719E-01
  1.173500000000E+01   3.762863E+00   3.563218E-04   6.454101E+01  -2.038429E-02  -3.952811E-06  -7.159776E-01   1.200000E+02   3.514007E-01
  1.174000000000E+01   3.762865E+00   3.510934E-04   6.452987E+01  -2.038431E-02  -3.910892E-06  -7.188096E-01   1.200000E+02   3.523281E-01
  1.174500000000E+01   3.762867E+00   3.475232E-04   6.452307E+01  -2.038433E-02  -3.896263E-06  -7.234016E-01   1.200000E+02   3.532539E-01
  1.175000000000E+01   3.762868E+00   3.456438E-04   6.452087E+01  -2.038435E-02  -3.906161E-06  -7.291579E-01   1.200000E+02   3.541780E-01
  1.175500000000E+01   3.762870E+00   3.452818E-04   6.452285E+01  -2.038437E-02  -3.934699E-06  -7.352777E-01   1.200000E+02   3.551002E-01
  1.176000000000E+01   3.762872E+00   3.460965E-04   6.452810E+01  -2.038439E-02  -3.973613E-06  -7.408618E-01   1.200000E+02   3.560203E-01
  1.176500000000E+01   3.762873E+00   3.476385E-04   6.453537E+01  -2.038441E-02  -4.013337E-06  -7.450330E-01   1.200000E+02   3.569382E-01
  1.177000000000E+01   3.762875E+00   3.494237E-04   6.454330E+01  -2.038443E-02  -4.044381E-06  -7.470520E-01   1.200000E+02   3.578540E-01
  1.177500000000E+01   3.762877E+00   3.510113E-04   6.455069E+01  -2.038445E-02  -4.058823E-06  -7.464141E-01   1.200000E+02   3.587675E-01
  1.178000000000E+01   3.762879E+00   3.520716E-04   6.455664E+01  -2.038447E-02  -4.051602E-06  -7.429108E-01   1.200000E+02   3.596789E-01
  1.178500000000E+01   3.762880E+00   3.524265E-04   6.456070E+01  -2.038449E-02  -4.021261E-06  -7.366512E-01   1.200000E+02   3.605882E-01
  1.179000000000E+01   3.762882E+00   3.520545E-04   6.456279E+01  -2.038451E-02  -3.969926E-06  -7.280392E-01   1.200000E+02   3.614956E-01
  1.179500000000E+01   3.762884E+00   3.510598E-04   6.456319E+01  -2.038453E-02  -3.902543E-06  -7.177143E-01   1.200000E+02   3.624011E-01
  1.180000000000E+01   3.762886E+00   3.496171E-04   6.456235E+01  -2.038455E-02  -3.825632E-06  -7.064637E-01   1.200000E+02   3.633047E-01
  1.180500000000E+01   3.762888E+00   3.479108E-04   6.456077E+01  -2.038457E-02  -3.745936E-06  -6.951221E-01   1.200000E+02   3.642065E-01
  1.181000000000E+01   3.762889E+00   3.460838E-04   6.455881E+01  -2.038458E-02  -3.669298E-06  -6.844745E-01   1.200000E+02   3.651066E-01
  1.181500000000E+01   3.762891E+00   3.442103E-04   6.455667E+01  -2.038460E-02  -3.599968E-06  -6.751744E-01   1.200000E+02   3.660050E-01
  1.182000000000E+01   3.762893E+00   3.422951E-04   6.455437E+01  -2.038462E-02  -3.540380E-06  -6.676900E-01   1.200000E+02   3.669016E-01
  1.182500000000E+01   3.762894E+00   3.402960E-04   6.455177E+01  -2.038464E-02  -3.491332E-06  -6.622811E-01   1.200000E+02   3.677965E-01
  1.183000000000E+01   3.762896E+00   3.381611E-04   6.454872E+01  -2.038466E-02  -3.452439E-06  -6.590070E-01   1.200000E+02   3.686898E-01
  1.183500000000E+01   3.762898E+00   3.358665E-04   6.454515E+01  -2.038467E-02  -3.422710E-06  -6.577593E-01   1.200000E+02   3.695813E-01
  1.184000000000E+01   3.762899E+00   3.334444E-04   6.454115E+01  -2.038469E-02  -3.401079E-06  -6.583093E-01   1.200000E+02   3.704712E-01
  1.184500000000E+01   3.762901E+00   3.309910E-04   6.453698E+01  -2.038471E-02  -3.386794E-06  -6.603608E-01   1.200000E+02   3.713595E-01
  1.185000000000E+01   3.762903E+00   3.286520E-04   6.453308E+01  -2.038472E-02  -3.379545E-06  -6.635970E-01   1.200000E+02   3.722462E-01
  1.185500000000E+01   3.762904E+00   3.265911E-04   6.452993E+01  -2.038474E-02  -3.379365E-06  -6.677163E-01   1.200000E+02   3.731312E-01
  1.186000000000E+01   3.762906E+00   3.249487E-04   6.452798E+01  -2.038476E-02  -3.386323E-06  -6.724527E-01   1.200000E+02   3.740145E-01
  1.186500000000E+01   3.762908E+00   3.238033E-04   6.452746E+01  -2.038477E-02  -3.400159E-06  -6.775830E-01   1.200000E+02   3.748962E-01
  1.187000000000E+01   3.762909E+00   3.231447E-04   6.452836E+01  -2.038479E-02  -3.419943E-06  -6.829241E-01   1.200000E+02   3.757761E-01
  1.187500000000E+01   3.762911E+00   3.228654E-04   6.453039E+01  -2.038481E-02  -3.443905E-06  -6.883257E-01   1.200000E+02   3.766541E-01
  1.188000000000E+01   3.762912E+00   3.227732E-04   6.453296E+01  -2.038483E-02  -3.469478E-06  -6.936626E-01   1.200000E+02   3.775304E-01
  1.188500000000E+01   3.762914E+00   3.226238E-04   6.453536E+01  -2.038484E-02  -3.493584E-06  -6.988315E-01   1.200000E+02   3.784048E-01
  1.189000000000E+01   3.762916E+00   3.221664E-04   6.453684E+01  -2.038486E-02  -3.513105E-06  -7.037503E-01   1.200000E+02   3.792774E-01
  1.189500000000E+01   3.762917E+00   3.211936E-04   6.453678E+01  -2.038488E-02  -3.525444E-06  -7.083602E-01   1.200000E+02   3.801483E-01
  1.190000000000E+01   3.762919E+00   3.195831E-04   6.453479E+01  -2.038490E-02  -3.528999E-06  -7.126258E-01   1.200000E+02   3.810175E-01
  1.190500000000E+01   3.762921E+00   3.173200E-04   6.453080E+01  -2.038491E-02  -3.523425E-06  -7.165305E-01   1.200000E+02   3.818852E-01
  1.191000000000E+01   3.762922E+00   3.144949E-04   6.452505E+01  -2.038493E-02  -3.509597E-06  -7.200655E-01   1.200000E+02   3.827512E-01
  1.191500000000E+01   3.762924E+00   3.112789E-04   6.451801E+01  -2.038495E-02  -3.489269E-06  -7.232122E-01   1.200000E+02   3.836159E-01
  1.192000000000E+01   3.762925E+00   3.078836E-04   6.451031E+01  -2.038497E-02  -3.464552E-06  -7.259217E-01   1.200000E+02   3.844791E-01
  1.192500000000E+01   3.762927E+00   3.045171E-04   6.450259E+01  -2.038498E-02  -3.437354E-06  -7.280978E-01   1.200000E+02   3.853409E-01
  1.193000000000E+01   3.762928E+00   3.013486E-04   6.449539E+01  -2.038500E-02  -3.408933E-06  -7.295884E-01   1.200000E+02   3.862013E-01
  1.193500000000E+01   3.762930E+00   2.984861E-04   6.448906E+01  -2.038502E-02  -3.379673E-06  -7.301915E-01   1.200000E+02   3.870602E-01
  1.194000000000E+01   3.762931E+00   2.959728E-04   6.448380E+01  -2.038503E-02  -3.349127E-06  -7.296766E-01   1.200000E+02   3.879177E-01
  1.194500000000E+01   3.762933E+00   2.937984E-04   6.447958E+01  -2.038505E-02  -3.316288E-06  -7.278218E-01   1.200000E+02   3.887737E-01
  1.195000000000E+01   3.762934E+00   2.919204E-04   6.447629E+01  -2.038507E-02  -3.280029E-06  -7.244582E-01   1.200000E+02   3.896281E-01
  1.195500000000E+01   3.762936E+00   2.902904E-04   6.447380E+01  -2.038508E-02  -3.239576E-06  -7.195131E-01   1.200000E+02   3.904810E-01
  1.196000000000E+01   3.762937E+00   2.888766E-04   6.447200E+01  -2.038510E-02  -3.194890E-06  -7.130415E-01   1.200000E+02   3.913323E-01
  1.196500000000E+01   3.762939E+00   2.876768E-04   6.447091E+01  -2.038512E-02  -3.146853E-06  -7.052374E-01   1.200000E+02   3.921821E-01
  1.197000000000E+01   3.762940E+00   2.867205E-04   6.447062E+01  -2.038513E-02  -3.097183E-06  -6.964180E-01   1.200000E+02   3.930302E-01
  1.197500000000E+01   3.762941E+00   2.860571E-04   6.447130E+01  -2.038515E-02  -3.048125E-06  -6.869838E-01   1.200000E+02   3.938767E-01
  1.198000000000E+01   3.762943E+00   2.857364E-04   6.447313E+01  -2.038516E-02  -3.001965E-06  -6.773587E-01   1.200000E+02   3.947216E-01
  1.198500000000E+01   3.762944E+00   2.857856E-04   6.447619E+01  -2.038518E-02  -2.960522E-06  -6.679244E-01   1.200000E+02   3.955648E-01
  1.199000000000E+01   3.762946E+00   2.861884E-04   6.448042E+01  -2.038519E-02  -2.924721E-06  -6.589619E-01   1.200000E+02   3.964062E-01
  1.199500000000E+01   3.762947E+00   2.868731E-04   6.448558E+01  -2.038521E-02  -2.894352E-06  -6.506152E-01   1.200000E+02   3.972459E-01
  1.200000000000E+01   3.762949E+00   2.877126E-04   6.449124E+01  -2.038522E-02  -2.868090E-06  -6.428869E-01   1.200000E+02   3.980839E-01
  1.200500000000E+01   3.762950E+00   2.885378E-04   6.449683E+01  -2.038523E-02  -2.843775E-06  -6.356688E-01   1.200000E+02   3.989201E-01
  1.201000000000E+01   3.762951E+00   2.891630E-04   6.450174E+01  -2.038525E-02  -2.818942E-06  -6.288036E-01   1.200000E+02   3.997545E-01
  1.201500000000E+01   3.762953E+00   2.894181E-04   6.450542E+01  -2.038526E-02  -2.791480E-06  -6.221643E-01   1.200000E+02   4.005872E-01
  1.202000000000E+01   3.762954E+00   2.891813E-04   6.450745E+01  -2.038528E-02  -2.760289E-06  -6.157353E-01   1.200000E+02   4.014183E-01
  1.202500000000E+01   3.762956E+00   2.884029E-04   6.450767E+01  -2.038529E-02  -2.725756E-06  -6.096753E-01   1.200000E+02   4.022478E-01
  1.203000000000E+01   3.762957E+00   2.871134E-04   6.450616E+01  -2.038530E-02  -2.689906E-06  -6.043447E-01   1.200000E+02   4.030757E-01
  1.203500000000E+01   3.762959E+00   2.854141E-04   6.450324E+01  -2.038532E-02  -2.656163E-06  -6.002895E-01   1.200000E+02   4.039022E-01
  1.204000000000E+01   3.762960E+00   2.834511E-04   6.449937E+01  -2.038533E-02  -2.628775E-06  -5.981786E-01   1.200000E+02   4.047272E-01
  1.204500000000E+01   3.762961E+00   2.813789E-04   6.449505E+01  -2.038534E-02  -2.612027E-06  -5.987045E-01   1.200000E+02   4.055509E-01
  1.205000000000E+01   3.762963E+00   2.793243E-04   6.449070E+01  -2.038536E-02  -2.609410E-06  -6.024636E-01   1.200000E+02   4.063731E-01
  1.205500000000E+01   3.762964E+00   2.773559E-04   6.448657E+01  -2.038537E-02  -2.622908E-06  -6.098387E-01   1.200000E+02   4.071940E-01
  1.206000000000E+01   3.762966E+00   2.754687E-04   6.448263E+01  -2.038538E-02  -2.652497E-06  -6.209052E-01   1.200000E+02   4.080135E-01
  1.206500000000E+01   3.762967E+00   2.735861E-04   6.447862E+01  -2.038540E-02  -2.695956E-06  -6.353814E-01   1.200000E+02   4.088315E-01
  1.207000000000E+01   3.762968E+00   2.715791E-04   6.447409E+01  -2.038541E-02  -2.749027E-06  -6.526313E-01   1.200000E+02   4.096482E-01
  1.207500000000E+01   3.762970E+00   2.693013E-04   6.446851E+01  -2.038542E-02  -2.805955E-06  -6.717227E-01   1.200000E+02   4.104635E-01
  1.208000000000E+01   3.762971E+00   2.666313E-04   6.446144E+01  -2.038544E-02  -2.860363E-06  -6.915282E-01   1.200000E+02   4.112775E-01
  1.208500000000E+01   3.762972E+00   2.635143E-04   6.445264E+01  -2.038545E-02  -2.906327E-06  -7.108550E-01   1.200000E+02   4.120903E-01
  1.209000000000E+01   3.762974E+00   2.599909E-04   6.444221E+01  -2.038547E-02  -2.939434E-06  -7.285779E-01   1.200000E+02   4.129018E-01
  1.209500000000E+01   3.762975E+00   2.562067E-04   6.443065E+01  -2.038548E-02  -2.957521E-06  -7.437550E-01   1.200000E+02   4.137122E-01
  1.210000000000E+01   3.762976E+00   2.523980E-04   6.441882E+01  -2.038550E-02  -2.960928E-06  -7.557092E-01   1.200000E+02   4.145214E-01
  1.210500000000E+01   3.762978E+00   2.488577E-04   6.440784E+01  -2.038551E-02  -2.952174E-06  -7.640638E-01   1.200000E+02   4.153295E-01
  1.211000000000E+01   3.762979E+00   2.458901E-04   6.439894E+01  -2.038553E-02  -2.935197E-06  -7.687320E-01   1.200000E+02   4.161363E-01
  1.211500000000E+01   3.762980E+00   2.437633E-04   6.439326E+01  -2.038554E-02  -2.914369E-06  -7.698685E-01   1.200000E+02   4.169419E-01
  1.212000000000E+01   3.762981E+00   2.426687E-04   6.439163E+01  -2.038556E-02  -2.893547E-06  -7.677964E-01   1.200000E+02   4.177462E-01
  1.212500000000E+01   3.762982E+00   2.426914E-04   6.439444E+01  -2.038557E-02  -2.875339E-06  -7.629271E-01   1.200000E+02   4.185489E-01
  1.213000000000E+01   3.762984E+00   2.437938E-04   6.440153E+01  -2.038558E-02  -2.860683E-06  -7.556893E-01   1.200000E+02   4.193501E-01
  1.213500000000E+01   3.762985E+00   2.458144E-04   6.441221E+01  -2.038560E-02  -2.848766E-06  -7.464792E-01   1.200000E+02   4.201496E-01
  1.214000000000E+01   3.762986E+00   2.484805E-04   6.442533E+01  -2.038561E-02  -2.837265E-06  -7.356381E-01   1.200000E+02   4.209473E-01
  1.214500000000E+01   3.762987E+00   2.514377E-04   6.443947E+01  -2.038563E-02  -2.822867E-06  -7.234560E-01   1.200000E+02   4.217432E-01
  1.215000000000E+01   3.762989E+00   2.542937E-04   6.445309E+01  -2.038564E-02  -2.802004E-06  -7.101937E-01   1.200000E+02   4.225372E-01
  1.215500000000E+01   3.762990E+00   2.566728E-04   6.446481E+01  -2.038565E-02  -2.771648E-06  -6.961148E-01   1.200000E+02   4.233295E-01
  1.216000000000E+01   3.762991E+00   2.582707E-04   6.447354E+01  -2.038567E-02  -2.730036E-06  -6.815139E-01   1.200000E+02   4.241200E-01
  1.216500000000E+01   3.762992E+00   2.588994E-04   6.447864E+01  -2.038568E-02  -2.677115E-06  -6.667328E-01   1.200000E+02   4.249090E-01
  1.217000000000E+01   3.762994E+00   2.585104E-04   6.447996E+01  -2.038569E-02  -2.614613E-06  -6.521600E-01   1.200000E+02   4.256964E-01
  1.217500000000E+01   3.762995E+00   2.571919E-04   6.447779E+01  -2.038571E-02  -2.545726E-06  -6.382114E-01   1.200000E+02   4.264825E-01
  1.218000000000E+01   3.762996E+00   2.551416E-04   6.447284E+01  -2.038572E-02  -2.474525E-06  -6.252984E-01   1.200000E+02   4.272673E-01
  1.218500000000E+01   3.762998E+00   2.526250E-04   6.446603E+01  -2.038573E-02  -2.405279E-06  -6.137903E-01   1.200000E+02   4.280509E-01
  1.219000000000E+01   3.762999E+00   2.499291E-04   6.445841E+01  -2.038574E-02  -2.341852E-06  -6.039797E-01   1.200000E+02   4.288332E-01
  1.219500000000E+01   3.763000E+00   2.473226E-04   6.445101E+01  -2.038576E-02  -2.287302E-06  -5.960594E-01   1.200000E+02   4.296145E-01
  1.220000000000E+01   3.763001E+00   2.450273E-04   6.444470E+01  -2.038577E-02  -2.243702E-06  -5.901166E-01   1.200000E+02   4.303945E-01
  1.220500000000E+01   3.763003E+00   2.432022E-04   6.444014E+01  -2.038578E-02  -2.212155E-06  -5.861444E-01   1.200000E+02   4.311733E-01
  1.221000000000E+01   3.763004E+00   2.419379E-04   6.443773E+01  -2.038579E-02  -2.192946E-06  -5.840691E-01   1.200000E+02   4.319509E-01
  1.221500000000E+01   3.763005E+00   2.412588E-04   6.443761E+01  -2.038580E-02  -2.185734E-06  -5.837860E-01   1.200000E+02   4.327271E-01
  1.222000000000E+01   3.763006E+00   2.411277E-04   6.443965E+01  -2.038581E-02  -2.189759E-06  -5.851974E-01   1.200000E+02   4.335019E-01
  1.222500000000E+01   3.763007E+00   2.414530E-04   6.444348E+01  -2.038582E-02  -2.203996E-06  -5.882435E-01   1.200000E+02   4.342753E-01
  1.223000000000E+01   3.763009E+00   2.420953E-04   6.444855E+01  -2.038583E-02  -2.227248E-06  -5.929190E-01   1.200000E+02   4.350472E-01
  1.223500000000E+01   3.763010E+00   2.428767E-04   6.445414E+01  -2.038584E-02  -2.258189E-06  -5.992738E-01   1.200000E+02   4.358177E-01
  1.224000000000E+01   3.763011E+00   2.435923E-04   6.445944E+01  -2.038586E-02  -2.295348E-06  -6.073953E-01   1.200000E+02   4.365866E-01
  1.224500000000E+01   3.763012E+00   2.440269E-04   6.446360E+01  -2.038587E-02  -2.337078E-06  -6.173765E-01   1.200000E+02   4.373541E-01
  1.225000000000E+01   3.763013E+00   2.439759E-04   6.446582E+01  -2.038588E-02  -2.381542E-06  -6.292755E-01   1.200000E+02   4.381201E-01
  1.225500000000E+01   3.763015E+00   2.432707E-04   6.446545E+01  -2.038589E-02  -2.426741E-06  -6.430735E-01   1.200000E+02   4.388848E-01
  1.226000000000E+01   3.763016E+00   2.418034E-04   6.446201E+01  -2.038590E-02  -2.470620E-06  -6.586389E-01   1.200000E+02   4.396482E-01
  1.226500000000E+01   3.763017E+00   2.395463E-04   6.445536E+01  -2.038592E-02  -2.511235E-06  -6.757046E-01   1.200000E+02   4.404104E-01
  1.227000000000E+01   3.763018E+00   2.365606E-04   6.444566E+01  -2.038593E-02  -2.546956E-06  -6.938613E-01   1.200000E+02   4.411715E-01
  1.227500000000E+01   3.763019E+00   2.329912E-04   6.443338E+01  -2.038594E-02  -2.576656E-06  -7.125704E-01   1.200000E+02   4.419316E-01
  1.228000000000E+01   3.763021E+00   2.290477E-04   6.441930E+01  -2.038595E-02  -2.599812E-06  -7.311931E-01   1.200000E+02   4.426908E-01
  1.228500000000E+01   3.763022E+00   2.249760E-04   6.440439E+01  -2.038597E-02  -2.616504E-06  -7.490327E-01   1.200000E+02   4.434490E-01
  1.229000000000E+01   3.763023E+00   2.210255E-04   6.438971E+01  -2.038598E-02  -2.627277E-06  -7.653850E-01   1.200000E+02   4.442063E-01
  1.229500000000E+01   3.763024E+00   2.174198E-04   6.437626E+01  -2.038599E-02  -2.632926E-06  -7.795881E-01   1.200000E+02   4.449626E-01
  1.230000000000E+01   3.763025E+00   2.143345E-04   6.436490E+01  -2.038601E-02  -2.634247E-06  -7.910676E-01   1.200000E+02   4.457179E-01
  1.230500000000E+01   3.763026E+00   2.118848E-04   6.435627E+01  -2.038602E-02  -2.631825E-06  -7.993704E-01   1.200000E+02   4.464722E-01
  1.231000000000E+01   3.763027E+00   2.101243E-04   6.435069E+01  -2.038603E-02  -2.625908E-06  -8.041857E-01   1.200000E+02   4.472254E-01
  1.231500000000E+01   3.763028E+00   2.090508E-04   6.434826E+01  -2.038605E-02  -2.616379E-06  -8.053517E-01   1.200000E+02   4.479774E-01
  1.232000000000E+01   3.763029E+00   2.086193E-04   6.434879E+01  -2.038606E-02  -2.602846E-06  -8.028500E-01   1.200000E+02   4.487281E-01
  1.232500000000E+01   3.763030E+00   2.087573E-04   6.435199E+01  -2.038607E-02  -2.584790E-06  -7.967929E-01   1.200000E+02   4.494775E-01
  1.233000000000E+01   3.763031E+00   2.093810E-04   6.435745E+01  -2.038609E-02  -2.561753E-06  -7.874063E-01   1.200000E+02   4.502256E-01
  1.233500000000E+01   3.763032E+00   2.104081E-04   6.436477E+01  -2.038610E-02  -2.533512E-06  -7.750126E-01   1.200000E+02   4.509722E-01
  1.234000000000E+01   3.763033E+00   2.117668E-04   6.437359E+01  -2.038611E-02  -2.500196E-06  -7.600179E-01   1.200000E+02   4.517173E-01
  1.234500000000E+01   3.763035E+00   2.133980E-04   6.438362E+01  -2.038612E-02  -2.462333E-06  -7.429028E-01   1.200000E+02   4.524610E-01
  1.235000000000E+01   3.763036E+00   2.152517E-04   6.439460E+01  -2.038614E-02  -2.420834E-06  -7.242154E-01   1.200000E+02   4.532032E-01
  1.235500000000E+01   3.763037E+00   2.172803E-04   6.440627E+01  -2.038615E-02  -2.376913E-06  -7.045651E-01   1.200000E+02   4.539439E-01
  1.236000000000E+01   3.763038E+00   2.194285E-04   6.441838E+01  -2.038616E-02  -2.331991E-06  -6.846105E-01   1.200000E+02   4.546830E-01
  1.236500000000E+01   3.763039E+00   2.216265E-04   6.443060E+01  -2.038617E-02  -2.287587E-06  -6.650404E-01   1.200000E+02   4.554207E-01
  1.237000000000E+01   3.763040E+00   2.237859E-04   6.444253E+01  -2.038618E-02  -2.245218E-06  -6.465445E-01   1.200000E+02   4.561567E-01
  1.237500000000E+01   3.763041E+00   2.258021E-04   6.445374E+01  -2.038619E-02  -2.206303E-06  -6.297749E-01   1.200000E+02   4.568913E-01
  1.238000000000E+01   3.763042E+00   2.275622E-04   6.446377E+01  -2.038620E-02  -2.172068E-06  -6.153027E-01   1.200000E+02   4.576244E-01
  1.238500000000E+01   3.763043E+00   2.289571E-04   6.447217E+01  -2.038621E-02  -2.143448E-06  -6.035747E-01   1.200000E+02   4.583560E-01
  1.239000000000E+01   3.763045E+00   2.298948E-04   6.447859E+01  -2.038623E-02  -2.121006E-06  -5.948785E-01   1.200000E+02   4.590863E-01
  1.239500000000E+01   3.763046E+00   2.303122E-04   6.448280E+01  -2.038624E-02  -2.104876E-06  -5.893230E-01   1.200000E+02   4.598151E-01
  1.240000000000E+01   3.763047E+00   2.301816E-04   6.448469E+01  -2.038625E-02  -2.094753E-06  -5.868390E-01   1.200000E+02   4.605428E-01
  1.240500000000E+01   3.763048E+00   2.295111E-04   6.448430E+01  -2.038626E-02  -2.089955E-06  -5.872016E-01   1.200000E+02   4.612692E-01
  1.241000000000E+01   3.763049E+00   2.283393E-04   6.448176E+01  -2.038627E-02  -2.089531E-06  -5.900719E-01   1.200000E+02   4.619944E-01
  1.241500000000E+01   3.763050E+00   2.267260E-04   6.447731E+01  -2.038628E-02  -2.092419E-06  -5.950510E-01   1.200000E+02   4.627186E-01
  1.242000000000E+01   3.763051E+00   2.247423E-04   6.447121E+01  -2.038629E-02  -2.097611E-06  -6.017360E-01   1.200000E+02   4.634416E-01
  1.242500000000E+01   3.763052E+00   2.224624E-04   6.446374E+01  -2.038630E-02  -2.104296E-06  -6.097694E-01   1.200000E+02   4.641637E-01
  1.243000000000E+01   3.763054E+00   2.199598E-04   6.445519E+01  -2.038631E-02  -2.111958E-06  -6.188706E-01   1.200000E+02   4.648848E-01
  1.243500000000E+01   3.763055E+00   2.173059E-04   6.444583E+01  -2.038632E-02  -2.120413E-06  -6.288452E-01   1.200000E+02   4.656050E-01
  1.244000000000E+01   3.763056E+00   2.145724E-04   6.443595E+01  -2.038633E-02  -2.129778E-06  -6.395707E-01   1.200000E+02   4.663242E-01
  1.244500000000E+01   3.763057E+00   2.118331E-04   6.442589E+01  -2.038634E-02  -2.140377E-06  -6.509638E-01   1.200000E+02   4.670425E-01
  1.245000000000E+01   3.763058E+00   2.091638E-04   6.441597E+01  -2.038635E-02  -2.152608E-06  -6.629366E-01   1.200000E+02   4.677598E-01
  1.245500000000E+01   3.763059E+00   2.066398E-04   6.440657E+01  -2.038636E-02  -2.166783E-06  -6.753543E-01   1.200000E+02   4.684763E-01
  1.246000000000E+01   3.763060E+00   2.043283E-04   6.439801E+01  -2.038637E-02  -2.182970E-06  -6.880049E-01   1.200000E+02   4.691917E-01
  1.246500000000E+01   3.763061E+00   2.022801E-04   6.439057E+01  -2.038638E-02  -2.200869E-06  -7.005890E-01   1.200000E+02   4.699062E-01
  1.247000000000E+01   3.763062E+00   2.005188E-04   6.438441E+01  -2.038640E-02  -2.219739E-06  -7.127340E-01   1.200000E+02   4.706197E-01
  1.247500000000E+01   3.763063E+00   1.990345E-04   6.437951E+01  -2.038641E-02  -2.238401E-06  -7.240311E-01   1.200000E+02   4.713321E-01
  1.248000000000E+01   3.763064E+00   1.977803E-04   6.437569E+01  -2.038642E-02  -2.255322E-06  -7.340870E-01   1.200000E+02   4.720435E-01
  1.248500000000E+01   3.763065E+00   1.966768E-04   6.437258E+01  -2.038643E-02  -2.268796E-06  -7.425798E-01   1.200000E+02   4.727538E-01
  1.249000000000E+01   3.763066E+00   1.956232E-04   6.436970E+01  -2.038644E-02  -2.277187E-06  -7.493070E-01   1.200000E+02   4.734631E-01
  1.249500000000E+01   3.763067E+00   1.945148E-04   6.436653E+01  -2.038645E-02  -2.279223E-06  -7.542137E-01   1.200000E+02   4.741713E-01
  1.250000000000E+01   3.763068E+00   1.932637E-04   6.436265E+01  -2.038646E-02  -2.274248E-06  -7.573933E-01   1.200000E+02   4.748784E-01
  1.250500000000E+01   3.763069E+00   1.918189E-04   6.435776E+01  -2.038647E-02  -2.262389E-06  -7.590611E-01   1.200000E+02   4.755844E-01
  1.251000000000E+01   3.763070E+00   1.901798E-04   6.435186E+01  -2.038649E-02  -2.244567E-06  -7.595027E-01   1.200000E+02   4.762895E-01
  1.251500000000E+01   3.763071E+00   1.883998E-04   6.434517E+01  -2.038650E-02  -2.222345E-06  -7.590089E-01   1.200000E+02   4.769936E-01
  1.252000000000E+01   3.763072E+00   1.865797E-04   6.433820E+01  -2.038651E-02  -2.197634E-06  -7.578094E-01   1.200000E+02   4.776967E-01
  1.252500000000E+01   3.763073E+00   1.848497E-04   6.433160E+01  -2.038652E-02  -2.172336E-06  -7.560188E-01   1.200000E+02   4.783988E-01
  1.253000000000E+01   3.763074E+00   1.833479E-04   6.432612E+01  -2.038653E-02  -2.147997E-06  -7.536075E-01   1.200000E+02   4.790999E-01
  1.253500000000E+01   3.763074E+00   1.821970E-04   6.432243E+01  -2.038654E-02  -2.125560E-06  -7.504031E-01   1.200000E+02   4.798000E-01
  1.254000000000E+01   3.763075E+00   1.814868E-04   6.432105E+01  -2.038655E-02  -2.105247E-06  -7.461240E-01   1.200000E+02   4.804991E-01
  1.254500000000E+01   3.763076E+00   1.812640E-04   6.432225E+01  -2.038656E-02  -2.086602E-06  -7.404390E-01   1.200000E+02   4.811970E-01
  1.255000000000E+01   3.763077E+00   1.815310E-04   6.432606E+01  -2.038657E-02  -2.068680E-06  -7.330430E-01   1.200000E+02   4.818938E-01
  1.255500000000E+01   3.763078E+00   1.822540E-04   6.433229E+01  -2.038658E-02  -2.050344E-06  -7.237336E-01   1.200000E+02   4.825894E-01
  1.256000000000E+01   3.763079E+00   1.833769E-04   6.434061E+01  -2.038659E-02  -2.030624E-06  -7.124757E-01   1.200000E+02   4.832838E-01
  1.256500000000E+01   3.763080E+00   1.848394E-04   6.435067E+01  -2.038660E-02  -2.009056E-06  -6.994402E-01   1.200000E+02   4.839768E-01
  1.257000000000E+01   3.763081E+00   1.865922E-04   6.436218E+01  -2.038661E-02  -1.985914E-06  -6.850111E-01   1.200000E+02   4.846686E-01
  1.257500000000E+01   3.763082E+00   1.886080E-04   6.437495E+01  -2.038662E-02  -1.962279E-06  -6.697575E-01   1.200000E+02   4.853590E-01
  1.258000000000E+01   3.763083E+00   1.908816E-04   6.438889E+01  -2.038663E-02  -1.939908E-06  -6.543769E-01   1.200000E+02   4.860481E-01
  1.258500000000E+01   3.763084E+00   1.934202E-04   6.440400E+01  -2.038664E-02  -1.920921E-06  -6.396176E-01   1.200000E+02   4.867358E-01
  1.259000000000E+01   3.763085E+00   1.962243E-04   6.442022E+01  -2.038665E-02  -1.907393E-06  -6.261952E-01   1.200000E+02   4.874220E-01
  1.259500000000E+01   3.763086E+00   1.992623E-04   6.443735E+01  -2.038666E-02  -1.900910E-06  -6.147153E-01   1.200000E+02   4.881069E-01
  1.260000000000E+01   3.763087E+00   2.024472E-04   6.445493E+01  -2.038667E-02  -1.902184E-06  -6.056153E-01   1.200000E+02   4.887902E-01
  1.260500000000E+01   3.763088E+00   2.056189E-04   6.447217E+01  -2.038668E-02  -1.910798E-06  -5.991344E-01   1.200000E+02   4.894722E-01
  1.261000000000E+01   3.763089E+00   2.085409E-04   6.448801E+01  -2.038669E-02  -1.925120E-06  -5.953131E-01   1.200000E+02   4.901526E-01
  1.261500000000E+01   3.763090E+00   2.109151E-04   6.450114E+01  -2.038670E-02  -1.942418E-06  -5.940219E-01   1.200000E+02   4.908317E-01
  1.262000000000E+01   3.763091E+00   2.124147E-04   6.451018E+01  -2.038671E-02  -1.959208E-06  -5.950100E-01   1.200000E+02   4.915095E-01
  1.262500000000E+01   3.763092E+00   2.127338E-04   6.451384E+01  -2.038672E-02  -1.971784E-06  -5.979649E-01   1.200000E+02   4.921861E-01
  1.263000000000E+01   3.763093E+00   2.116405E-04   6.451109E+01  -2.038673E-02  -1.976841E-06  -6.025699E-01   1.200000E+02   4.928617E-01
  1.263500000000E+01   3.763094E+00   2.090218E-04   6.450132E+01  -2.038674E-02  -1.972057E-06  -6.085504E-01   1.200000E+02   4.935364E-01
  1.264000000000E+01   3.763095E+00   2.049075E-04   6.448440E+01  -2.038675E-02  -1.956467E-06  -6.157002E-01   1.200000E+02   4.942103E-01
  1.264500000000E+01   3.763096E+00   1.994653E-04   6.446072E+01  -2.038676E-02  -1.930532E-06  -6.238854E-01   1.200000E+02   4.948837E-01
  1.265000000000E+01   3.763097E+00   1.929708E-04   6.443108E+01  -2.038677E-02  -1.895912E-06  -6.330266E-01   1.200000E+02   4.955567E-01
  1.265500000000E+01   3.763098E+00   1.857627E-04   6.439666E+01  -2.038678E-02  -1.855028E-06  -6.430659E-01   1.200000E+02   4.962293E-01
  1.266000000000E+01   3.763099E+00   1.781961E-04   6.435886E+01  -2.038679E-02  -1.810583E-06  -6.539257E-01   1.200000E+02   4.969017E-01
  1.266500000000E+01   3.763100E+00   1.706067E-04   6.431919E+01  -2.038680E-02  -1.765155E-06  -6.654683E-01   1.200000E+02   4.975738E-01
  1.267000000000E+01   3.763101E+00   1.632895E-04   6.427921E+01  -2.038680E-02  -1.720978E-06  -6.774662E-01   1.200000E+02   4.982457E-01
  1.267500000000E+01   3.763101E+00   1.564942E-04   6.424050E+01  -2.038681E-02  -1.679878E-06  -6.895859E-01   1.200000E+02   4.989172E-01
  1.268000000000E+01   3.763102E+00   1.504315E-04   6.420467E+01  -2.038682E-02  -1.643357E-06  -7.013903E-01   1.200000E+02   4.995884E-01
  1.268500000000E+01   3.763103E+00   1.452838E-04   6.417335E+01  -2.038683E-02  -1.612724E-06  -7.123569E-01   1.200000E+02   5.002592E-01
  1.269000000000E+01   3.763104E+00   1.412168E-04   6.414820E+01  -2.038684E-02  -1.589222E-06  -7.219094E-01   1.200000E+02   5.009294E-01
  1.269500000000E+01   3.763104E+00   1.383881E-04   6.413091E+01  -2.038684E-02  -1.574097E-06  -7.294578E-01   1.200000E+02   5.015989E-01
  1.270000000000E+01   3.763105E+00   1.369506E-04   6.412305E+01  -2.038685E-02  -1.568579E-06  -7.344406E-01   1.200000E+02   5.022676E-01
  1.270500000000E+01   3.763106E+00   1.370512E-04   6.412595E+01  -2.038686E-02  -1.573779E-06  -7.363674E-01   1.200000E+02   5.029353E-01
  1.271000000000E+01   3.763106E+00   1.388245E-04   6.414052E+01  -2.038687E-02  -1.590512E-06  -7.348581E-01   1.200000E+02   5.036019E-01
  1.271500000000E+01   3.763107E+00   1.423791E-04   6.416706E+01  -2.038688E-02  -1.619070E-06  -7.296781E-01   1.200000E+02   5.042671E-01
  1.272000000000E+01   3.763108E+00   1.477776E-04   6.420508E+01  -2.038688E-02  -1.658961E-06  -7.207707E-01   1.200000E+02   5.049308E-01
  1.272500000000E+01   3.763109E+00   1.550047E-04   6.425326E+01  -2.038689E-02  -1.708673E-06  -7.082867E-01   1.200000E+02   5.055928E-01
  1.273000000000E+01   3.763109E+00   1.639281E-04   6.430935E+01  -2.038690E-02  -1.765501E-06  -6.926098E-01   1.200000E+02   5.062529E-01
  1.273500000000E+01   3.763110E+00   1.742516E-04   6.437035E+01  -2.038691E-02  -1.825543E-06  -6.743745E-01   1.200000E+02   5.069109E-01
  1.274000000000E+01   3.763111E+00   1.854744E-04   6.443265E+01  -2.038692E-02  -1.883951E-06  -6.544730E-01   1.200000E+02   5.075667E-01
  1.274500000000E+01   3.763112E+00   1.968693E-04   6.449226E+01  -2.038693E-02  -1.935481E-06  -6.340428E-01   1.200000E+02   5.082203E-01
  1.275000000000E+01   3.763113E+00   2.075008E-04   6.454510E+01  -2.038694E-02  -1.975281E-06  -6.144299E-01   1.200000E+02   5.088716E-01
  1.275500000000E+01   3.763114E+00   2.162985E-04   6.458728E+01  -2.038695E-02  -1.999721E-06  -5.971218E-01   1.200000E+02   5.095209E-01
  1.276000000000E+01   3.763115E+00   2.221876E-04   6.461534E+01  -2.038696E-02  -2.006951E-06  -5.836502E-01   1.200000E+02   5.101683E-01
  1.276500000000E+01   3.763116E+00   2.242609E-04   6.462647E+01  -2.038697E-02  -1.996937E-06  -5.754680E-01   1.200000E+02   5.108143E-01
  1.277000000000E+01   3.763117E+00   2.219548E-04   6.461870E+01  -2.038698E-02  -1.970939E-06  -5.738085E-01   1.200000E+02   5.114594E-01
  1.277500000000E+01   3.763119E+00   2.151797E-04   6.459103E+01  -2.038699E-02  -1.930700E-06  -5.795432E-01   1.200000E+02   5.121039E-01
  1.278000000000E+01   3.763120E+00   2.043633E-04   6.454353E+01  -2.038700E-02  -1.877781E-06  -5.930547E-01   1.200000E+02   5.127484E-01
  1.278500000000E+01   3.763121E+00   1.903881E-04   6.447747E+01  -2.038701E-02  -1.813432E-06  -6.141431E-01   1.200000E+02   5.133933E-01
  1.279000000000E+01   3.763122E+00   1.744364E-04   6.439533E+01  -2.038702E-02  -1.739018E-06  -6.419799E-01   1.200000E+02   5.140388E-01
  1.279500000000E+01   3.763122E+00   1.577896E-04   6.430085E+01  -2.038703E-02  -1.656698E-06  -6.751212E-01   1.200000E+02   5.146851E-01
  1.280000000000E+01   3.763123E+00   1.416359E-04   6.419892E+01  -2.038703E-02  -1.569891E-06  -7.115803E-01   1.200000E+02   5.153322E-01
  1.280500000000E+01   3.763124E+00   1.269355E-04   6.409545E+01  -2.038704E-02  -1.483243E-06  -7.489565E-01   1.200000E+02   5.159800E-01
  1.281000000000E+01   3.763124E+00   1.143648E-04   6.399705E+01  -2.038705E-02  -1.402116E-06  -7.846055E-01   1.200000E+02   5.166283E-01
  1.281500000000E+01   3.763125E+00   1.043357E-04   6.391070E+01  -2.038705E-02  -1.331872E-06  -8.158368E-01   1.200000E+02   5.172768E-01
  1.282000000000E+01   3.763125E+00   9.706395E-05   6.384319E+01  -2.038706E-02  -1.277268E-06  -8.401145E-01   1.200000E+02   5.179253E-01
  1.282500000000E+01   3.763126E+00   9.266078E-05   6.380057E+01  -2.038707E-02  -1.242119E-06  -8.552472E-01   1.200000E+02   5.185735E-01
  1.283000000000E+01   3.763126E+00   9.122209E-05   6.378763E+01  -2.038707E-02  -1.229230E-06  -8.595468E-01   1.200000E+02   5.192210E-01
  1.283500000000E+01   3.763127E+00   9.290207E-05   6.380740E+01  -2.038708E-02  -1.240418E-06  -8.519491E-01   1.200000E+02   5.198675E-01
  1.284000000000E+01   3.763127E+00   9.796294E-05   6.386072E+01  -2.038709E-02  -1.276433E-06  -8.320895E-01   1.200000E+02   5.205126E-01
  1.284500000000E+01   3.763128E+00   1.067927E-04   6.394611E+01  -2.038709E-02  -1.336590E-06  -8.003336E-01   1.200000E+02   5.211561E-01
  1.285000000000E+01   3.763128E+00   1.198766E-04   6.405970E+01  -2.038710E-02  -1.418031E-06  -7.577678E-01   1.200000E+02   5.217973E-01
  1.285500000000E+01   3.763129E+00   1.377002E-04   6.419548E+01  -2.038711E-02  -1.514710E-06  -7.061540E-01   1.200000E+02   5.224360E-01
  1.286000000000E+01   3.763130E+00   1.605538E-04   6.434561E+01  -2.038711E-02  -1.616512E-06  -6.478543E-01   1.200000E+02   5.230715E-01
  1.286500000000E+01   3.763131E+00   1.882266E-04   6.450095E+01  -2.038712E-02  -1.709277E-06  -5.857302E-01   1.200000E+02   5.237033E-01
  1.287000000000E+01   3.763132E+00   2.196223E-04   6.465166E+01  -2.038713E-02  -1.776694E-06  -5.230172E-01   1.200000E+02   5.243309E-01
  1.287500000000E+01   3.763133E+00   2.524165E-04   6.478779E+01  -2.038714E-02  -1.804566E-06  -4.631782E-01   1.200000E+02   5.249541E-01
  1.288000000000E+01   3.763134E+00   2.829706E-04   6.489989E+01  -2.038715E-02  -1.786487E-06  -4.097344E-01   1.200000E+02   5.255728E-01
  1.288500000000E+01   3.763136E+00   3.067372E-04   6.497961E+01  -2.038716E-02  -1.728072E-06  -3.660770E-01   1.200000E+02   5.261877E-01
  1.289000000000E+01   3.763137E+00   3.192483E-04   6.502018E+01  -2.038717E-02  -1.646146E-06  -3.352648E-01   1.200000E+02   5.267996E-01
  1.289500000000E+01   3.763139E+00   3.174544E-04   6.501687E+01  -2.038718E-02  -1.561557E-06  -3.198177E-01   1.200000E+02   5.274100E-01
  1.290000000000E+01   3.763140E+00   3.008607E-04   6.496735E+01  -2.038718E-02  -1.488935E-06  -3.215181E-01   1.200000E+02   5.280206E-01
  1.290500000000E+01   3.763142E+00   2.718536E-04   6.487195E+01  -2.038719E-02  -1.430001E-06  -3.412386E-01   1.200000E+02   5.286327E-01
  1.291000000000E+01   3.763143E+00   2.349804E-04   6.473385E+01  -2.038720E-02  -1.375068E-06  -3.788122E-01   1.200000E+02   5.292475E-01
  1.291500000000E+01   3.763144E+00   1.955182E-04   6.455906E+01  -2.038720E-02  -1.311240E-06  -4.329644E-01   1.200000E+02   5.298657E-01
  1.292000000000E+01   3.763145E+00   1.580331E-04   6.435630E+01  -2.038721E-02  -1.231034E-06  -5.013173E-01   1.200000E+02   5.304871E-01
  1.292500000000E+01   3.763146E+00   1.255187E-04   6.413657E+01  -2.038722E-02  -1.136021E-06  -5.804752E-01   1.200000E+02   5.311114E-01
  1.293000000000E+01   3.763146E+00   9.927865E-05   6.391267E+01  -2.038722E-02  -1.034826E-06  -6.661903E-01   1.200000E+02   5.317380E-01
  1.293500000000E+01   3.763147E+00   7.933031E-05   6.369844E+01  -2.038723E-02  -9.385383E-07  -7.536014E-01   1.200000E+02   5.323662E-01
  1.294000000000E+01   3.763147E+00   6.497906E-05   6.350791E+01  -2.038723E-02  -8.569317E-07  -8.375305E-01   1.200000E+02   5.329953E-01
  1.294500000000E+01   3.763147E+00   5.531111E-05   6.335431E+01  -2.038724E-02  -7.969287E-07  -9.128161E-01   1.200000E+02   5.336248E-01
  1.295000000000E+01   3.763148E+00   4.951309E-05   6.324917E+01  -2.038724E-02  -7.629891E-07  -9.746599E-01   1.200000E+02   5.342542E-01
  1.295500000000E+01   3.763148E+00   4.704133E-05   6.320140E+01  -2.038724E-02  -7.584207E-07  -1.018960E+00   1.200000E+02   5.348832E-01
  1.296000000000E+01   3.763148E+00   4.770594E-05   6.321657E+01  -2.038725E-02  -7.867953E-07  -1.042606E+00   1.200000E+02   5.355113E-01
  1.296500000000E+01   3.763148E+00   5.173150E-05   6.329641E+01  -2.038725E-02  -8.530144E-07  -1.043711E+00   1.200000E+02   5.361382E-01
  1.297000000000E+01   3.763149E+00   5.983440E-05   6.343855E+01  -2.038726E-02  -9.637186E-07  -1.021769E+00   1.200000E+02   5.367636E-01
  1.297500000000E+01   3.763149E+00   7.332673E-05   6.363653E+01  -2.038726E-02  -1.126595E-06  -9.777148E-01   1.200000E+02   5.373869E-01
  1.298000000000E+01   3.763149E+00   9.421076E-05   6.388014E+01  -2.038727E-02  -1.347821E-06  -9.138979E-01   1.200000E+02   5.380075E-01
  1.298500000000E+01   3.763150E+00   1.251476E-04   6.415588E+01  -2.038727E-02  -1.626772E-06  -8.339511E-01   1.200000E+02   5.386244E-01
  1.299000000000E+01   3.763151E+00   1.690678E-04   6.444781E+01  -2.038728E-02  -1.948036E-06  -7.425815E-01   1.200000E+02   5.392364E-01
  1.299500000000E+01   3.763152E+00   2.280998E-04   6.473837E+01  -2.038729E-02  -2.273620E-06  -6.452896E-01   1.200000E+02   5.398419E-01
  1.300000000000E+01   3.763153E+00   3.016178E-04   6.500944E+01  -2.038731E-02  -2.542679E-06  -5.480384E-01   1.200000E+02   5.404393E-01
  1.300500000000E+01   3.763155E+00   3.838082E-04   6.524344E+01  -2.038732E-02  -2.687772E-06  -4.568934E-01   1.200000E+02   5.410273E-01
  1.301000000000E+01   3.763157E+00   4.622207E-04   6.542432E+01  -2.038733E-02  -2.668121E-06  -3.776550E-01   1.200000E+02   5.416057E-01
  1.301500000000E+01   3.763159E+00   5.194759E-04   6.553864E+01  -2.038735E-02  -2.500742E-06  -3.155012E-01   1.200000E+02   5.421756E-01
  1.302000000000E+01   3.763162E+00   5.391737E-04   6.557642E+01  -2.038736E-02  -2.258289E-06  -2.746620E-01   1.200000E+02   5.427404E-01
  1.302500000000E+01   3.763165E+00   5.137288E-04   6.553195E+01  -2.038737E-02  -2.023675E-06  -2.581427E-01   1.200000E+02   5.433047E-01
  1.303000000000E+01   3.763167E+00   4.489514E-04   6.540441E+01  -2.038738E-02  -1.836267E-06  -2.675122E-01   1.200000E+02   5.438733E-01
  1.303500000000E+01   3.763169E+00   3.615316E-04   6.519826E+01  -2.038739E-02  -1.678890E-06  -3.027694E-01   1.200000E+02   5.444494E-01
  1.304000000000E+01   3.763171E+00   2.710238E-04   6.492328E+01  -2.038739E-02  -1.512425E-06  -3.622989E-01   1.200000E+02   5.450346E-01
  1.304500000000E+01   3.763172E+00   1.920592E-04   6.459413E+01  -2.038740E-02  -1.316950E-06  -4.429218E-01   1.200000E+02   5.456283E-01
  1.305000000000E+01   3.763173E+00   1.311994E-04   6.422953E+01  -2.038741E-02  -1.103124E-06  -5.400415E-01   1.200000E+02   5.462287E-01
  1.305500000000E+01   3.763173E+00   8.837611E-05   6.385123E+01  -2.038741E-02  -8.967298E-07  -6.478821E-01   1.200000E+02   5.468338E-01
  1.306000000000E+01   3.763173E+00   6.014479E-05   6.348255E+01  -2.038742E-02  -7.198584E-07  -7.598072E-01   1.200000E+02   5.474419E-01
  1.306500000000E+01   3.763174E+00   4.237427E-05   6.314696E+01  -2.038742E-02  -5.829393E-07  -8.687074E-01   1.200000E+02   5.480516E-01
  1.307000000000E+01   3.763174E+00   3.161869E-05   6.286646E+01  -2.038742E-02  -4.865713E-07  -9.674347E-01   1.200000E+02   5.486620E-01
  1.307500000000E+01   3.763174E+00   2.548319E-05   6.266006E+01  -2.038742E-02  -4.267244E-07  -1.049263E+00   1.200000E+02   5.492724E-01
  1.308000000000E+01   3.763174E+00   2.252194E-05   6.254248E+01  -2.038743E-02  -3.991225E-07  -1.108346E+00   1.200000E+02   5.498824E-01
  1.308500000000E+01   3.763174E+00   2.203730E-05   6.252305E+01  -2.038743E-02  -4.018607E-07  -1.140138E+00   1.200000E+02   5.504918E-01
  1.309000000000E+01   3.763174E+00   2.395317E-05   6.260508E+01  -2.038743E-02  -4.368406E-07  -1.141746E+00   1.200000E+02   5.511002E-01
  1.309500000000E+01   3.763175E+00   2.883040E-05   6.278556E+01  -2.038743E-02  -5.107050E-07  -1.112190E+00   1.200000E+02   5.517074E-01
  1.310000000000E+01   3.763175E+00   3.806242E-05   6.305530E+01  -2.038744E-02  -6.353451E-07  -1.052531E+00   1.200000E+02   5.523130E-01
  1.310500000000E+01   3.763175E+00   5.428101E-05   6.339946E+01  -2.038744E-02  -8.269444E-07  -9.658595E-01   1.200000E+02   5.529164E-01
  1.311000000000E+01   3.763175E+00   8.194099E-05   6.379837E+01  -2.038744E-02  -1.100890E-06  -8.571410E-01   1.200000E+02   5.535166E-01
  1.311500000000E+01   3.763176E+00   1.278209E-04   6.422875E+01  -2.038745E-02  -1.458565E-06  -7.329147E-01   1.200000E+02   5.541121E-01
  1.312000000000E+01   3.763177E+00   2.006559E-04   6.466499E+01  -2.038746E-02  -1.864525E-06  -6.008771E-01   1.200000E+02   5.547004E-01
  1.312500000000E+01   3.763178E+00   3.084578E-04   6.508078E+01  -2.038747E-02  -2.224688E-06  -4.693815E-01   1.200000E+02   5.552781E-01
  1.313000000000E+01   3.763180E+00   4.522220E-04   6.545069E+01  -2.038748E-02  -2.396817E-06  -3.468945E-01   1.200000E+02   5.558414E-01
  1.313500000000E+01   3.763182E+00   6.173428E-04   6.575177E+01  -2.038749E-02  -2.266923E-06  -2.414448E-01   1.200000E+02   5.563868E-01
  1.314000000000E+01   3.763186E+00   7.692104E-04   6.596491E+01  -2.038750E-02  -1.866912E-06  -1.601002E-01   1.200000E+02   5.569139E-01
  1.314500000000E+01   3.763190E+00   8.618938E-04   6.607593E+01  -2.038751E-02  -1.415314E-06  -1.085031E-01   1.200000E+02   5.574265E-01
  1.315000000000E+01   3.763194E+00   8.608396E-04   6.607646E+01  -2.038752E-02  -1.178933E-06  -9.049268E-02   1.200000E+02   5.579333E-01
  1.315500000000E+01   3.763198E+00   7.648821E-04   6.596467E+01  -2.038752E-02  -1.250374E-06  -1.078343E-01   1.200000E+02   5.584448E-01
  1.316000000000E+01   3.763202E+00   6.079036E-04   6.574579E+01  -2.038753E-02  -1.480095E-06  -1.600748E-01   1.200000E+02   5.589698E-01
  1.316500000000E+01   3.763204E+00   4.377446E-04   6.543209E+01  -2.038754E-02  -1.635950E-06  -2.445344E-01   1.200000E+02   5.595122E-01
  1.317000000000E+01   3.763206E+00   2.912048E-04   6.504212E+01  -2.038755E-02  -1.595844E-06  -3.564400E-01   1.200000E+02   5.600714E-01
  1.317500000000E+01   3.763207E+00   1.834316E-04   6.459946E+01  -2.038755E-02  -1.389079E-06  -4.891947E-01   1.200000E+02   5.606436E-01
  1.318000000000E+01   3.763208E+00   1.125331E-04   6.413107E+01  -2.038756E-02  -1.113852E-06  -6.347691E-01   1.200000E+02   5.612246E-01
  1.318500000000E+01   3.763209E+00   6.927637E-05   6.366561E+01  -2.038757E-02  -8.533037E-07  -7.841938E-01   1.200000E+02   5.618109E-01
  1.319000000000E+01   3.763209E+00   4.408327E-05   6.323167E+01  -2.038757E-02  -6.470593E-07  -9.281217E-01   1.200000E+02   5.624001E-01
  1.319500000000E+01   3.763209E+00   2.980760E-05   6.285591E+01  -2.038757E-02  -5.014560E-07  -1.057431E+00   1.200000E+02   5.629905E-01
  1.320000000000E+01   3.763209E+00   2.193087E-05   6.256138E+01  -2.038757E-02  -4.079795E-07  -1.163828E+00   1.200000E+02   5.635813E-01
  1.320500000000E+01   3.763209E+00   1.788334E-05   6.236599E+01  -2.038758E-02  -3.556887E-07  -1.240421E+00   1.200000E+02   5.641720E-01
  1.321000000000E+01   3.763209E+00   1.635607E-05   6.228139E+01  -2.038758E-02  -3.367304E-07  -1.282218E+00   1.200000E+02   5.647621E-01
  1.321500000000E+01   3.763209E+00   1.685785E-05   6.231228E+01  -2.038758E-02  -3.480471E-07  -1.286499E+00   1.200000E+02   5.653515E-01
  1.322000000000E+01   3.763210E+00   1.952767E-05   6.245606E+01  -2.038758E-02  -3.917819E-07  -1.253050E+00   1.200000E+02   5.659398E-01
  1.322500000000E+01   3.763210E+00   2.517213E-05   6.270312E+01  -2.038758E-02  -4.753989E-07  -1.184206E+00   1.200000E+02   5.665270E-01
  1.323000000000E+01   3.763210E+00   3.551747E-05   6.303740E+01  -2.038759E-02  -6.111616E-07  -1.084707E+00   1.200000E+02   5.671125E-01
  1.323500000000E+01   3.763210E+00   5.365594E-05   6.343741E+01  -2.038759E-02  -8.131356E-07  -9.613702E-01   1.200000E+02   5.676957E-01
  1.324000000000E+01   3.763210E+00   8.452800E-05   6.387760E+01  -2.038759E-02  -1.088539E-06  -8.226064E-01   1.200000E+02   5.682756E-01
  1.324500000000E+01   3.763211E+00   1.348965E-04   6.432994E+01  -2.038760E-02  -1.421338E-06  -6.778128E-01   1.200000E+02   5.688503E-01
  1.325000000000E+01   3.763212E+00   2.116821E-04   6.476570E+01  -2.038761E-02  -1.754175E-06  -5.367030E-01   1.200000E+02   5.694174E-01
  1.325500000000E+01   3.763213E+00   3.174087E-04   6.515737E+01  -2.038762E-02  -1.990585E-06  -4.086255E-01   1.200000E+02   5.699738E-01
  1.326000000000E+01   3.763215E+00   4.433063E-04   6.548046E+01  -2.038763E-02  -2.044028E-06  -3.019220E-01   1.200000E+02   5.705167E-01
  1.326500000000E+01   3.763218E+00   5.647982E-04   6.571504E+01  -2.038764E-02  -1.919808E-06  -2.233723E-01   1.200000E+02   5.710452E-01
  1.327000000000E+01   3.763221E+00   6.467842E-04   6.584701E+01  -2.038765E-02  -1.746039E-06  -1.777586E-01   1.200000E+02   5.715616E-01
  1.327500000000E+01   3.763224E+00   6.605310E-04   6.586892E+01  -2.038766E-02  -1.680454E-06  -1.675768E-01   1.200000E+02   5.720719E-01
  1.328000000000E+01   3.763227E+00   6.014129E-04   6.578054E+01  -2.038766E-02  -1.763688E-06  -1.929063E-01   1.200000E+02   5.725841E-01
  1.328500000000E+01   3.763230E+00   4.918851E-04   6.558908E+01  -2.038767E-02  -1.885702E-06  -2.514438E-01   1.200000E+02   5.731050E-01
  1.329000000000E+01   3.763232E+00   3.668150E-04   6.530880E+01  -2.038768E-02  -1.902324E-06  -3.386953E-01   1.200000E+02   5.736384E-01
  1.329500000000E+01   3.763233E+00   2.547574E-04   6.495999E+01  -2.038769E-02  -1.758167E-06  -4.483110E-01   1.200000E+02   5.741841E-01
  1.330000000000E+01   3.763235E+00   1.690804E-04   6.456731E+01  -2.038770E-02  -1.499291E-06  -5.725396E-01   1.200000E+02   5.747398E-01
  1.330500000000E+01   3.763235E+00   1.103249E-04   6.415802E+01  -2.038771E-02  -1.208469E-06  -7.027694E-01   1.200000E+02   5.753026E-01
  1.331000000000E+01   3.763236E+00   7.285360E-05   6.375999E+01  -2.038771E-02  -9.485127E-07  -8.301190E-01   1.200000E+02   5.758699E-01
  1.331500000000E+01   3.763236E+00   5.004942E-05   6.339983E+01  -2.038772E-02  -7.468251E-07  -9.460366E-01   1.200000E+02   5.764395E-01
  1.332000000000E+01   3.763236E+00   3.664975E-05   6.310105E+01  -2.038772E-02  -6.057091E-07  -1.042869E+00   1.200000E+02   5.770104E-01
  1.332500000000E+01   3.763236E+00   2.916745E-05   6.288249E+01  -2.038772E-02  -5.168862E-07  -1.114362E+00   1.200000E+02   5.775816E-01
  1.333000000000E+01   3.763236E+00   2.556493E-05   6.275706E+01  -2.038773E-02  -4.709397E-07  -1.156068E+00   1.200000E+02   5.781526E-01
  1.333500000000E+01   3.763237E+00   2.483423E-05   6.273093E+01  -2.038773E-02  -4.614544E-07  -1.165628E+00   1.200000E+02   5.787231E-01
  1.334000000000E+01   3.763237E+00   2.671121E-05   6.280319E+01  -2.038773E-02  -4.860992E-07  -1.142913E+00   1.200000E+02   5.792928E-01
  1.334500000000E+01   3.763237E+00   3.155443E-05   6.296599E+01  -2.038773E-02  -5.462433E-07  -1.090013E+00   1.200000E+02   5.798614E-01
  1.335000000000E+01   3.763237E+00   4.034868E-05   6.320521E+01  -2.038774E-02  -6.454469E-07  -1.011077E+00   1.200000E+02   5.804285E-01
  1.335500000000E+01   3.763237E+00   5.474472E-05   6.350152E+01  -2.038774E-02  -7.862341E-07  -9.119977E-01   1.200000E+02   5.809936E-01
  1.336000000000E+01   3.763238E+00   7.695470E-05   6.383181E+01  -2.038774E-02  -9.644643E-07  -7.999967E-01   1.200000E+02   5.815560E-01
  1.336500000000E+01   3.763238E+00   1.091926E-04   6.417092E+01  -2.038775E-02  -1.162365E-06  -6.831055E-01   1.200000E+02   5.821148E-01
  1.337000000000E+01   3.763239E+00   1.523277E-04   6.449346E+01  -2.038775E-02  -1.345352E-06  -5.696036E-01   1.200000E+02   5.826687E-01
  1.337500000000E+01   3.763240E+00   2.038345E-04   6.477572E+01  -2.038776E-02  -1.470921E-06  -4.674378E-01   1.200000E+02   5.832167E-01
  1.338000000000E+01   3.763241E+00   2.561464E-04   6.499736E+01  -2.038777E-02  -1.511980E-06  -3.836660E-01   1.200000E+02   5.837583E-01
  1.338500000000E+01   3.763242E+00   2.974410E-04   6.514295E+01  -2.038778E-02  -1.479182E-06  -3.239577E-01   1.200000E+02   5.842939E-01
  1.339000000000E+01   3.763244E+00   3.160159E-04   6.520301E+01  -2.038778E-02  -1.416123E-06  -2.921862E-01   1.200000E+02   5.848256E-01
  1.339500000000E+01   3.763245E+00   3.062925E-04   6.517478E+01  -2.038779E-02  -1.363533E-06  -2.901409E-01   1.200000E+02   5.853560E-01
  1.340000000000E+01   3.763247E+00   2.719875E-04   6.506238E+01  -2.038780E-02  -1.326789E-06  -3.173824E-01   1.200000E+02   5.858882E-01
  1.340500000000E+01   3.763248E+00   2.237805E-04   6.487659E+01  -2.038780E-02  -1.280591E-06  -3.712583E-01   1.200000E+02   5.864243E-01
  1.341000000000E+01   3.763249E+00   1.735598E-04   6.463393E+01  -2.038781E-02  -1.200545E-06  -4.470850E-01   1.200000E+02   5.869652E-01
  1.341500000000E+01   3.763250E+00   1.296928E-04   6.435534E+01  -2.038782E-02  -1.085201E-06  -5.384916E-01   1.200000E+02   5.875106E-01
  1.342000000000E+01   3.763250E+00   9.570110E-05   6.406447E+01  -2.038782E-02  -9.529203E-07  -6.379063E-01   1.200000E+02   5.880594E-01
  1.342500000000E+01   3.763251E+00   7.152930E-05   6.378576E+01  -2.038783E-02  -8.266413E-07  -7.371516E-01   1.200000E+02   5.886107E-01
  1.343000000000E+01   3.763251E+00   5.547625E-05   6.354248E+01  -2.038783E-02  -7.229801E-07  -8.281012E-01   1.200000E+02   5.891635E-01
  1.343500000000E+01   3.763251E+00   4.559408E-05   6.335496E+01  -2.038783E-02  -6.501007E-07  -9.033432E-01   1.200000E+02   5.897169E-01
  1.344000000000E+01   3.763251E+00   4.035833E-05   6.323891E+01  -2.038784E-02  -6.106126E-07  -9.567906E-01   1.200000E+02   5.902705E-01
  1.344500000000E+01   3.763252E+00   3.886942E-05   6.320424E+01  -2.038784E-02  -6.052529E-07  -9.841812E-01   1.200000E+02   5.908237E-01
  1.345000000000E+01   3.763252E+00   4.087022E-05   6.325427E+01  -2.038784E-02  -6.354149E-07  -9.834228E-01   1.200000E+02   5.913761E-01
  1.345500000000E+01   3.763252E+00   4.674610E-05   6.338551E+01  -2.038785E-02  -7.041178E-07  -9.547505E-01   1.200000E+02   5.919274E-01
  1.346000000000E+01   3.763252E+00   5.755807E-05   6.358787E+01  -2.038785E-02  -8.152748E-07  -9.006832E-01   1.200000E+02   5.924772E-01
  1.346500000000E+01   3.763253E+00   7.505634E-05   6.384553E+01  -2.038785E-02  -9.707921E-07  -8.257896E-01   1.200000E+02   5.930247E-01
  1.347000000000E+01   3.763253E+00   1.014947E-04   6.413813E+01  -2.038786E-02  -1.165135E-06  -7.362907E-01   1.200000E+02   5.935691E-01
  1.347500000000E+01   3.763254E+00   1.389253E-04   6.444233E+01  -2.038787E-02  -1.378735E-06  -6.395443E-01   1.200000E+02   5.941094E-01
  1.348000000000E+01   3.763255E+00   1.876566E-04   6.473364E+01  -2.038787E-02  -1.575440E-06  -5.434604E-01   1.200000E+02   5.946443E-01
  1.348500000000E+01   3.763256E+00   2.440333E-04   6.498824E+01  -2.038788E-02  -1.711919E-06  -4.558993E-01   1.200000E+02   5.951728E-01
  1.349000000000E+01   3.763257E+00   2.988188E-04   6.518486E+01  -2.038789E-02  -1.760754E-06  -3.840940E-01   1.200000E+02   5.956945E-01
  1.349500000000E+01   3.763259E+00   3.384140E-04   6.530630E+01  -2.038790E-02  -1.731468E-06  -3.341344E-01   1.200000E+02   5.962102E-01
  1.350000000000E+01   3.763260E+00   3.501117E-04   6.534074E+01  -2.038791E-02  -1.663935E-06  -3.105372E-01   1.200000E+02   5.967224E-01
  1.350500000000E+01   3.763262E+00   3.289906E-04   6.528268E+01  -2.038792E-02  -1.592083E-06  -3.159222E-01   1.200000E+02   5.972345E-01
  1.351000000000E+01   3.763264E+00   2.811876E-04   6.513348E+01  -2.038792E-02  -1.514466E-06  -3.508066E-01   1.200000E+02   5.977498E-01
  1.351500000000E+01   3.763265E+00   2.204988E-04   6.490144E+01  -2.038793E-02  -1.404944E-06  -4.135299E-01   1.200000E+02   5.982705E-01
  1.352000000000E+01   3.763266E+00   1.610966E-04   6.460124E+01  -2.038794E-02  -1.247644E-06  -5.003166E-01   1.200000E+02   5.987971E-01
  1.352500000000E+01   3.763266E+00   1.119793E-04   6.425296E+01  -2.038794E-02  -1.055226E-06  -6.054817E-01   1.200000E+02   5.993291E-01
  1.353000000000E+01   3.763267E+00   7.593011E-05   6.388057E+01  -2.038795E-02  -8.579271E-07  -7.217804E-01   1.200000E+02   5.998649E-01
  1.353500000000E+01   3.763267E+00   5.160842E-05   6.351020E+01  -2.038795E-02  -6.833094E-07  -8.408923E-01   1.200000E+02   6.004034E-01
  1.354000000000E+01   3.763267E+00   3.613596E-05   6.316824E+01  -2.038795E-02  -5.457543E-07  -9.540175E-01   1.200000E+02   6.009433E-01
  1.354500000000E+01   3.763268E+00   2.673920E-05   6.287934E+01  -2.038796E-02  -4.475924E-07  -1.052549E+00   1.200000E+02   6.014839E-01
  1.355000000000E+01   3.763268E+00   2.136919E-05   6.266459E+01  -2.038796E-02  -3.849209E-07  -1.128770E+00   1.200000E+02   6.020245E-01
  1.355500000000E+01   3.763268E+00   1.874787E-05   6.253986E+01  -2.038796E-02  -3.526891E-07  -1.176514E+00   1.200000E+02   6.025650E-01
  1.356000000000E+01   3.763268E+00   1.823259E-05   6.251461E+01  -2.038796E-02  -3.475673E-07  -1.191714E+00   1.200000E+02   6.031049E-01
  1.356500000000E+01   3.763268E+00   1.970068E-05   6.259110E+01  -2.038796E-02  -3.691402E-07  -1.172797E+00   1.200000E+02   6.036441E-01
  1.357000000000E+01   3.763268E+00   2.352738E-05   6.276426E+01  -2.038797E-02  -4.201524E-07  -1.120845E+00   1.200000E+02   6.041823E-01
  1.357500000000E+01   3.763268E+00   3.067169E-05   6.302202E+01  -2.038797E-02  -5.059184E-07  -1.039525E+00   1.200000E+02   6.047193E-01
  1.358000000000E+01   3.763268E+00   4.284286E-05   6.334628E+01  -2.038797E-02  -6.322103E-07  -9.347689E-01   1.200000E+02   6.052546E-01
  1.358500000000E+01   3.763269E+00   6.263236E-05   6.371427E+01  -2.038798E-02  -8.004260E-07  -8.142525E-01   1.200000E+02   6.057875E-01
  1.359000000000E+01   3.763269E+00   9.331768E-05   6.410030E+01  -2.038798E-02  -9.997427E-07  -6.867274E-01   1.200000E+02   6.063170E-01
  1.359500000000E+01   3.763270E+00   1.378362E-04   6.447771E+01  -2.038799E-02  -1.199867E-06  -5.612797E-01   1.200000E+02   6.068419E-01
  1.360000000000E+01   3.763270E+00   1.965184E-04   6.482083E+01  -2.038799E-02  -1.353959E-06  -4.465980E-01   1.200000E+02   6.073605E-01
  1.360500000000E+01   3.763272E+00   2.640913E-04   6.510683E+01  -2.038800E-02  -1.420985E-06  -3.503176E-01   1.200000E+02   6.078715E-01
  1.361000000000E+01   3.763273E+00   3.281530E-04   6.531733E+01  -2.038801E-02  -1.399148E-06  -2.784939E-01   1.200000E+02   6.083745E-01
  1.361500000000E+01   3.763275E+00   3.720273E-04   6.543962E+01  -2.038801E-02  -1.337316E-06  -2.352338E-01   1.200000E+02   6.088710E-01
  1.362000000000E+01   3.763277E+00   3.822642E-04   6.546735E+01  -2.038802E-02  -1.299158E-06  -2.224964E-01   1.200000E+02   6.093638E-01
  1.362500000000E+01   3.763279E+00   3.561595E-04   6.540102E+01  -2.038803E-02  -1.307266E-06  -2.400513E-01   1.200000E+02   6.098569E-01
  1.363000000000E+01   3.763280E+00   3.031703E-04   6.524785E+01  -2.038803E-02  -1.326925E-06  -2.855787E-01   1.200000E+02   6.103538E-01
  1.363500000000E+01   3.763282E+00   2.390981E-04   6.502125E+01  -2.038804E-02  -1.304996E-06  -3.548856E-01   1.200000E+02   6.108566E-01
  1.364000000000E+01   3.763283E+00   1.781275E-04   6.473981E+01  -2.038804E-02  -1.216734E-06  -4.422177E-01   1.200000E+02   6.113657E-01
  1.364500000000E+01   3.763283E+00   1.283010E-04   6.442577E+01  -2.038805E-02  -1.076677E-06  -5.406488E-01   1.200000E+02   6.118803E-01
  1.365000000000E+01   3.763284E+00   9.162741E-05   6.410337E+01  -2.038806E-02  -9.184179E-07  -6.425335E-01   1.200000E+02   6.123989E-01
  1.365500000000E+01   3.763284E+00   6.654370E-05   6.379697E+01  -2.038806E-02  -7.718724E-07  -7.400117E-01   1.200000E+02   6.129202E-01
  1.366000000000E+01   3.763285E+00   5.031183E-05   6.352921E+01  -2.038806E-02  -6.537910E-07  -8.255479E-01   1.200000E+02   6.134430E-01
  1.366500000000E+01   3.763285E+00   4.039653E-05   6.331932E+01  -2.038807E-02  -5.693870E-07  -8.924824E-01   1.200000E+02   6.139667E-01
  1.367000000000E+01   3.763285E+00   3.495717E-05   6.318160E+01  -2.038807E-02  -5.176275E-07  -9.355602E-01   1.200000E+02   6.144905E-01
  1.367500000000E+01   3.763285E+00   3.288116E-05   6.312432E+01  -2.038807E-02  -4.955760E-07  -9.513926E-01   1.200000E+02   6.150141E-01
  1.368000000000E+01   3.763285E+00   3.367449E-05   6.314913E+01  -2.038807E-02  -5.006206E-07  -9.388043E-01   1.200000E+02   6.155371E-01
  1.368500000000E+01   3.763286E+00   3.735219E-05   6.325094E+01  -2.038808E-02  -5.309022E-07  -8.990120E-01   1.200000E+02   6.160592E-01
  1.369000000000E+01   3.763286E+00   4.435294E-05   6.341846E+01  -2.038808E-02  -5.843919E-07  -8.355981E-01   1.200000E+02   6.165801E-01
  1.369500000000E+01   3.763286E+00   5.542549E-05   6.363514E+01  -2.038808E-02  -6.569505E-07  -7.542584E-01   1.200000E+02   6.170995E-01
  1.370000000000E+01   3.763286E+00   7.137835E-05   6.388072E+01  -2.038809E-02  -7.400711E-07  -6.623335E-01   1.200000E+02   6.176167E-01
  1.370500000000E+01   3.763287E+00   9.256762E-05   6.413287E+01  -2.038809E-02  -8.200714E-07  -5.681634E-01   1.200000E+02   6.181313E-01
  1.371000000000E+01   3.763287E+00   1.181070E-04   6.436919E+01  -2.038809E-02  -8.813252E-07  -4.803288E-01   1.200000E+02   6.186427E-01
  1.371500000000E+01   3.763288E+00   1.450993E-04   6.456897E+01  -2.038810E-02  -9.142938E-07  -4.068594E-01   1.200000E+02   6.191507E-01
  1.372000000000E+01   3.763289E+00   1.685758E-04   6.471492E+01  -2.038810E-02  -9.234264E-07  -3.544960E-01   1.200000E+02   6.196552E-01
  1.372500000000E+01   3.763290E+00   1.827959E-04   6.479446E+01  -2.038811E-02  -9.255784E-07  -3.280837E-01   1.200000E+02   6.201570E-01
  1.373000000000E+01   3.763291E+00   1.836729E-04   6.480071E+01  -2.038811E-02  -9.358057E-07  -3.301568E-01   1.200000E+02   6.206574E-01
  1.373500000000E+01   3.763291E+00   1.708793E-04   6.473289E+01  -2.038812E-02  -9.522997E-07  -3.607523E-01   1.200000E+02   6.211578E-01
  1.374000000000E+01   3.763292E+00   1.480321E-04   6.459643E+01  -2.038812E-02  -9.566661E-07  -4.174583E-01   1.200000E+02   6.216597E-01
  1.374500000000E+01   3.763293E+00   1.208044E-04   6.440243E+01  -2.038813E-02  -9.297849E-07  -4.956806E-01   1.200000E+02   6.221637E-01
  1.375000000000E+01   3.763293E+00   9.442184E-05   6.416678E+01  -2.038813E-02  -8.668438E-07  -5.890859E-01   1.200000E+02   6.226700E-01
  1.375500000000E+01   3.763294E+00   7.212788E-05   6.390890E+01  -2.038814E-02  -7.789290E-07  -6.901700E-01   1.200000E+02   6.231784E-01
  1.376000000000E+01   3.763294E+00   5.505908E-05   6.365019E+01  -2.038814E-02  -6.841412E-07  -7.908907E-01   1.200000E+02   6.236884E-01
  1.376500000000E+01   3.763294E+00   4.295529E-05   6.341234E+01  -2.038814E-02  -5.983519E-07  -8.833114E-01   1.200000E+02   6.241993E-01
  1.377000000000E+01   3.763295E+00   3.497640E-05   6.321565E+01  -2.038815E-02  -5.312684E-07  -9.602042E-01   1.200000E+02   6.247107E-01
  1.377500000000E+01   3.763295E+00   3.025708E-05   6.307733E+01  -2.038815E-02  -4.871548E-07  -1.015578E+00   1.200000E+02   6.252221E-01
  1.378000000000E+01   3.763295E+00   2.817600E-05   6.301013E+01  -2.038815E-02  -4.673342E-07  -1.045102E+00   1.200000E+02   6.257334E-01
  1.378500000000E+01   3.763295E+00   2.845370E-05   6.302122E+01  -2.038815E-02  -4.724461E-07  -1.046406E+00   1.200000E+02   6.262441E-01
  1.379000000000E+01   3.763295E+00   3.119022E-05   6.311152E+01  -2.038815E-02  -5.037212E-07  -1.019249E+00   1.200000E+02   6.267540E-01
  1.379500000000E+01   3.763295E+00   3.690319E-05   6.327552E+01  -2.038816E-02  -5.631169E-07  -9.655402E-01   1.200000E+02   6.272629E-01
  1.380000000000E+01   3.763296E+00   4.657086E-05   6.350169E+01  -2.038816E-02  -6.521337E-07  -8.892170E-01   1.200000E+02   6.277704E-01
  1.380500000000E+01   3.763296E+00   6.161571E-05   6.377335E+01  -2.038816E-02  -7.690461E-07  -7.959764E-01   1.200000E+02   6.282760E-01
  1.381000000000E+01   3.763296E+00   8.367414E-05   6.407000E+01  -2.038817E-02  -9.048757E-07  -6.928710E-01   1.200000E+02   6.287789E-01
  1.381500000000E+01   3.763297E+00   1.139270E-04   6.436898E+01  -2.038817E-02  -1.040333E-06  -5.877902E-01   1.200000E+02   6.292785E-01
  1.382000000000E+01   3.763297E+00   1.518653E-04   6.464739E+01  -2.038818E-02  -1.148393E-06  -4.888585E-01   1.200000E+02   6.297737E-01
  1.382500000000E+01   3.763298E+00   1.938364E-04   6.488385E+01  -2.038818E-02  -1.206309E-06  -4.037939E-01   1.200000E+02   6.302640E-01
  1.383000000000E+01   3.763299E+00   2.324684E-04   6.506030E+01  -2.038819E-02  -1.212274E-06  -3.392759E-01   1.200000E+02   6.307492E-01
  1.383500000000E+01   3.763300E+00   2.583101E-04   6.516327E+01  -2.038820E-02  -1.190722E-06  -3.003805E-01   1.200000E+02   6.312303E-01
  1.384000000000E+01   3.763302E+00   2.637611E-04   6.518496E+01  -2.038820E-02  -1.173985E-06  -2.901344E-01   1.200000E+02   6.317090E-01
  1.384500000000E+01   3.763303E+00   2.470673E-04   6.512369E+01  -2.038821E-02  -1.173183E-06  -3.092356E-01   1.200000E+02   6.321878E-01
  1.385000000000E+01   3.763304E+00   2.133240E-04   6.498407E+01  -2.038821E-02  -1.168554E-06  -3.559721E-01   1.200000E+02   6.326689E-01
  1.385500000000E+01   3.763305E+00   1.716436E-04   6.477656E+01  -2.038822E-02  -1.129743E-06  -4.263536E-01   1.200000E+02   6.331536E-01
  1.386000000000E+01   3.763306E+00   1.307926E-04   6.451661E+01  -2.038823E-02  -1.042923E-06  -5.144471E-01   1.200000E+02   6.336423E-01
  1.386500000000E+01   3.763307E+00   9.629504E-05   6.422343E+01  -2.038823E-02  -9.189492E-07  -6.128880E-01   1.200000E+02   6.341346E-01
  1.387000000000E+01   3.763307E+00   7.004839E-05   6.391853E+01  -2.038823E-02  -7.819464E-07  -7.135192E-01   1.200000E+02   6.346296E-01
  1.387500000000E+01   3.763307E+00   5.151666E-05   6.362406E+01  -2.038824E-02  -6.543182E-07  -8.080954E-01   1.200000E+02   6.351264E-01
  1.388000000000E+01   3.763307E+00   3.915309E-05   6.336117E+01  -2.038824E-02  -5.493366E-07  -8.889874E-01   1.200000E+02   6.356243E-01
  1.388500000000E+01   3.763308E+00   3.134704E-05   6.314847E+01  -2.038824E-02  -4.714916E-07  -9.498175E-01   1.200000E+02   6.361227E-01
  1.389000000000E+01   3.763308E+00   2.684081E-05   6.300057E+01  -2.038825E-02  -4.200642E-07  -9.859719E-01   1.200000E+02   6.366212E-01
  1.389500000000E+01   3.763308E+00   2.482246E-05   6.292702E+01  -2.038825E-02  -3.924703E-07  -9.949454E-01   1.200000E+02   6.371195E-01
  1.390000000000E+01   3.763308E+00   2.489031E-05   6.293158E+01  -2.038825E-02  -3.862176E-07  -9.764955E-01   1.200000E+02   6.376173E-01
  1.390500000000E+01   3.763308E+00   2.699724E-05   6.301190E+01  -2.038825E-02  -3.995698E-07  -9.326009E-01   1.200000E+02   6.381144E-01
  1.391000000000E+01   3.763308E+00   3.140880E-05   6.315977E+01  -2.038825E-02  -4.312689E-07  -8.672361E-01   1.200000E+02   6.386106E-01
  1.391500000000E+01   3.763308E+00   3.865853E-05   6.336185E+01  -2.038826E-02  -4.795522E-07  -7.859926E-01   1.200000E+02   6.391056E-01
  1.392000000000E+01   3.763309E+00   4.944293E-05   6.360075E+01  -2.038826E-02  -5.407443E-07  -6.955846E-01   1.200000E+02   6.395990E-01
  1.392500000000E+01   3.763309E+00   6.436900E-05   6.385658E+01  -2.038826E-02  -6.081291E-07  -6.032880E-01   1.200000E+02   6.400905E-01
  1.393000000000E+01   3.763309E+00   8.348689E-05   6.410862E+01  -2.038826E-02  -6.724391E-07  -5.163582E-01   1.200000E+02   6.405796E-01
  1.393500000000E+01   3.763310E+00   1.056769E-04   6.433705E+01  -2.038827E-02  -7.251433E-07  -4.414738E-01   1.200000E+02   6.410659E-01
  1.394000000000E+01   3.763310E+00   1.282186E-04   6.452464E+01  -2.038827E-02  -7.635387E-07  -3.842426E-01   1.200000E+02   6.415491E-01
  1.394500000000E+01   3.763311E+00   1.470556E-04   6.465802E+01  -2.038828E-02  -7.933017E-07  -3.488022E-01   1.200000E+02   6.420295E-01
  1.395000000000E+01   3.763312E+00   1.580291E-04   6.472876E+01  -2.038828E-02  -8.240590E-07  -3.375347E-01   1.200000E+02   6.425077E-01
  1.395500000000E+01   3.763313E+00   1.586169E-04   6.473383E+01  -2.038828E-02  -8.598403E-07  -3.509131E-01   1.200000E+02   6.429848E-01
  1.396000000000E+01   3.763313E+00   1.490922E-04   6.467576E+01  -2.038829E-02  -8.932361E-07  -3.874833E-01   1.200000E+02   6.434618E-01
  1.396500000000E+01   3.763314E+00   1.322883E-04   6.456218E+01  -2.038829E-02  -9.097262E-07  -4.439843E-01   1.200000E+02   6.439397E-01
  1.397000000000E+01   3.763315E+00   1.121991E-04   6.440512E+01  -2.038830E-02  -8.982178E-07  -5.155995E-01   1.200000E+02   6.444191E-01
  1.397500000000E+01   3.763315E+00   9.241919E-05   6.421984E+01  -2.038830E-02  -8.581761E-07  -5.963257E-01   1.200000E+02   6.449001E-01
  1.398000000000E+01   3.763316E+00   7.526534E-05   6.402352E+01  -2.038831E-02  -7.987399E-07  -6.794381E-01   1.200000E+02   6.453827E-01
  1.398500000000E+01   3.763316E+00   6.172280E-05   6.383381E+01  -2.038831E-02  -7.329548E-07  -7.580229E-01   1.200000E+02   6.458663E-01
  1.399000000000E+01   3.763316E+00   5.185957E-05   6.366742E+01  -2.038831E-02  -6.724329E-07  -8.255385E-01   1.200000E+02   6.463507E-01
  1.399500000000E+01   3.763317E+00   4.531333E-05   6.353881E+01  -2.038832E-02  -6.249860E-07  -8.763617E-01   1.200000E+02   6.468354E-01
  1.400000000000E+01   3.763317E+00   4.164683E-05   6.345899E+01  -2.038832E-02  -5.947684E-07  -9.062732E-01   1.200000E+02   6.473201E-01
  1.400500000000E+01   3.763317E+00   4.054384E-05   6.343474E+01  -2.038832E-02  -5.834309E-07  -9.128339E-01   1.200000E+02   6.478045E-01
  1.401000000000E+01   3.763317E+00   4.189195E-05   6.346799E+01  -2.038833E-02  -5.911489E-07  -8.956144E-01   1.200000E+02   6.482884E-01
  1.401500000000E+01   3.763317E+00   4.579861E-05   6.355573E+01  -2.038833E-02  -6.170175E-07  -8.562485E-01   1.200000E+02   6.487715E-01
  1.402000000000E+01   3.763318E+00   5.255624E-05   6.369020E+01  -2.038833E-02  -6.587464E-07  -7.983009E-01   1.200000E+02   6.492534E-01
  1.402500000000E+01   3.763318E+00   6.253717E-05   6.385957E+01  -2.038834E-02  -7.119022E-07  -7.269560E-01   1.200000E+02   6.497339E-01
  1.403000000000E+01   3.763318E+00   7.597652E-05   6.404888E+01  -2.038834E-02  -7.693354E-07  -6.485565E-01   1.200000E+02   6.502126E-01
  1.403500000000E+01   3.763319E+00   9.261688E-05   6.424132E+01  -2.038834E-02  -8.218231E-07  -5.700365E-01   1.200000E+02   6.506891E-01
  1.404000000000E+01   3.763319E+00   1.112799E-04   6.441972E+01  -2.038835E-02  -8.607828E-07  -4.983053E-01   1.200000E+02   6.511631E-01
  1.404500000000E+01   3.763320E+00   1.295930E-04   6.456797E+01  -2.038835E-02  -8.823981E-07  -4.396430E-01   1.200000E+02   6.516346E-01
  1.405000000000E+01   3.763320E+00   1.442163E-04   6.467242E+01  -2.038836E-02  -8.901192E-07  -3.991655E-01   1.200000E+02   6.521037E-01
  1.405500000000E+01   3.763321E+00   1.517706E-04   6.472310E+01  -2.038836E-02  -8.920260E-07  -3.804075E-01   1.200000E+02   6.525711E-01
  1.406000000000E+01   3.763322E+00   1.501771E-04   6.471448E+01  -2.038836E-02  -8.935625E-07  -3.850549E-01   1.200000E+02   6.530376E-01
  1.406500000000E+01   3.763323E+00   1.396362E-04   6.464600E+01  -2.038837E-02  -8.917500E-07  -4.128448E-01   1.200000E+02   6.535043E-01
  1.407000000000E+01   3.763323E+00   1.225592E-04   6.452199E+01  -2.038837E-02  -8.768658E-07  -4.616310E-01   1.200000E+02   6.539719E-01
  1.407500000000E+01   3.763324E+00   1.024878E-04   6.435135E+01  -2.038838E-02  -8.402698E-07  -5.275994E-01   1.200000E+02   6.544412E-01
  1.408000000000E+01   3.763324E+00   8.273404E-05   6.414667E+01  -2.038838E-02  -7.810903E-07  -6.056074E-01   1.200000E+02   6.549120E-01
  1.408500000000E+01   3.763325E+00   6.550516E-05   6.392323E+01  -2.038839E-02  -7.066790E-07  -6.896129E-01   1.200000E+02   6.553844E-01
  1.409000000000E+01   3.763325E+00   5.175446E-05   6.369765E+01  -2.038839E-02  -6.281912E-07  -7.731567E-01   1.200000E+02   6.558580E-01
  1.409500000000E+01   3.763325E+00   4.151540E-05   6.348661E+01  -2.038839E-02  -5.557437E-07  -8.498601E-01   1.200000E+02   6.563323E-01
  1.410000000000E+01   3.763325E+00   3.435544E-05   6.330556E+01  -2.038839E-02  -4.959697E-07  -9.139060E-01   1.200000E+02   6.568070E-01
  1.410500000000E+01   3.763326E+00   2.972723E-05   6.316753E+01  -2.038840E-02  -4.520061E-07  -9.604697E-01   1.200000E+02   6.572819E-01
  1.411000000000E+01   3.763326E+00   2.716617E-05   6.308222E+01  -2.038840E-02  -4.246502E-07  -9.860747E-01   1.200000E+02   6.577566E-01
  1.411500000000E+01   3.763326E+00   2.637269E-05   6.305529E+01  -2.038840E-02  -4.135833E-07  -9.888491E-01   1.200000E+02   6.582310E-01
  1.412000000000E+01   3.763326E+00   2.723333E-05   6.308800E+01  -2.038840E-02  -4.181458E-07  -9.686655E-01   1.200000E+02   6.587048E-01
  1.412500000000E+01   3.763326E+00   2.981565E-05   6.317716E+01  -2.038841E-02  -4.375573E-07  -9.271516E-01   1.200000E+02   6.591780E-01
  1.413000000000E+01   3.763326E+00   3.434740E-05   6.331541E+01  -2.038841E-02  -4.706387E-07  -8.675672E-01   1.200000E+02   6.596502E-01
  1.413500000000E+01   3.763327E+00   4.116706E-05   6.349179E+01  -2.038841E-02  -5.151753E-07  -7.945528E-01   1.200000E+02   6.601214E-01
  1.414000000000E+01   3.763327E+00   5.061605E-05   6.369267E+01  -2.038841E-02  -5.672229E-07  -7.137645E-01   1.200000E+02   6.605911E-01
  1.414500000000E+01   3.763327E+00   6.284129E-05   6.390278E+01  -2.038842E-02  -6.209350E-07  -6.314236E-01   1.200000E+02   6.610591E-01
  1.415000000000E+01   3.763327E+00   7.751148E-05   6.410646E+01  -2.038842E-02  -6.696197E-07  -5.538141E-01   1.200000E+02   6.615252E-01
  1.415500000000E+01   3.763328E+00   9.353595E-05   6.428895E+01  -2.038842E-02  -7.082228E-07  -4.867743E-01   1.200000E+02   6.619890E-01
  1.416000000000E+01   3.763328E+00   1.089772E-04   6.443753E+01  -2.038843E-02  -7.360528E-07  -4.352233E-01   1.200000E+02   6.624507E-01
  1.416500000000E+01   3.763329E+00   1.213618E-04   6.454259E+01  -2.038843E-02  -7.573355E-07  -4.027659E-01   1.200000E+02   6.629103E-01
  1.417000000000E+01   3.763330E+00   1.284092E-04   6.459837E+01  -2.038843E-02  -7.780476E-07  -3.914097E-01   1.200000E+02   6.633683E-01
  1.417500000000E+01   3.763330E+00   1.288777E-04   6.460332E+01  -2.038844E-02  -8.007914E-07  -4.014176E-01   1.200000E+02   6.638254E-01
  1.418000000000E+01   3.763331E+00   1.230441E-04   6.456018E+01  -2.038844E-02  -8.220194E-07  -4.313064E-01   1.200000E+02   6.642823E-01
  1.418500000000E+01   3.763331E+00   1.125251E-04   6.447557E+01  -2.038845E-02  -8.342048E-07  -4.779896E-01   1.200000E+02   6.647396E-01
  1.419000000000E+01   3.763332E+00   9.958547E-05   6.435936E+01  -2.038845E-02  -8.309954E-07  -5.370496E-01   1.200000E+02   6.651978E-01
  1.419500000000E+01   3.763332E+00   8.636840E-05   6.422360E+01  -2.038845E-02  -8.110722E-07  -6.031138E-01   1.200000E+02   6.656569E-01
  1.420000000000E+01   3.763333E+00   7.441517E-05   6.408146E+01  -2.038846E-02  -7.783978E-07  -6.703051E-01   1.200000E+02   6.661168E-01
  1.420500000000E+01   3.763333E+00   6.456399E-05   6.394598E+01  -2.038846E-02  -7.398084E-07  -7.327269E-01   1.200000E+02   6.665775E-01
  1.421000000000E+01   3.763333E+00   5.710138E-05   6.382897E+01  -2.038847E-02  -7.022138E-07  -7.849475E-01   1.200000E+02   6.670386E-01
  1.421500000000E+01   3.763334E+00   5.199161E-05   6.374004E+01  -2.038847E-02  -6.708531E-07  -8.224443E-01   1.200000E+02   6.674998E-01
  1.422000000000E+01   3.763334E+00   4.907148E-05   6.368582E+01  -2.038847E-02  -6.487614E-07  -8.419738E-01   1.200000E+02   6.679611E-01
  1.422500000000E+01   3.763334E+00   4.817204E-05   6.366959E+01  -2.038848E-02  -6.369303E-07  -8.418387E-01   1.200000E+02   6.684220E-01
  1.423000000000E+01   3.763334E+00   4.917172E-05   6.369109E+01  -2.038848E-02  -6.346351E-07  -8.220293E-01   1.200000E+02   6.688824E-01
  1.423500000000E+01   3.763335E+00   5.199601E-05   6.374670E+01  -2.038848E-02  -6.396664E-07  -7.842260E-01   1.200000E+02   6.693422E-01
  1.424000000000E+01   3.763335E+00   5.657452E-05   6.382986E+01  -2.038849E-02  -6.484962E-07  -7.316619E-01   1.200000E+02   6.698010E-01
  1.424500000000E+01   3.763335E+00   6.276185E-05   6.393170E+01  -2.038849E-02  -6.566133E-07  -6.688522E-01   1.200000E+02   6.702587E-01
  1.425000000000E+01   3.763336E+00   7.023305E-05   6.404185E+01  -2.038849E-02  -6.593361E-07  -6.012141E-01   1.200000E+02   6.707153E-01
  1.425500000000E+01   3.763336E+00   7.838298E-05   6.414934E+01  -2.038850E-02  -6.532271E-07  -5.346070E-01   1.200000E+02   6.711704E-01
  1.426000000000E+01   3.763336E+00   8.628366E-05   6.424350E+01  -2.038850E-02  -6.377360E-07  -4.748338E-01   1.200000E+02   6.716243E-01
  1.426500000000E+01   3.763337E+00   9.276394E-05   6.431486E+01  -2.038850E-02  -6.160913E-07  -4.271469E-01   1.200000E+02   6.720768E-01
  1.427000000000E+01   3.763337E+00   9.664264E-05   6.435588E+01  -2.038850E-02  -5.943738E-07  -3.958030E-01   1.200000E+02   6.725283E-01
  1.427500000000E+01   3.763338E+00   9.706253E-05   6.436160E+01  -2.038851E-02  -5.786604E-07  -3.837064E-01   1.200000E+02   6.729790E-01
  1.428000000000E+01   3.763338E+00   9.378398E-05   6.433006E+01  -2.038851E-02  -5.717267E-07  -3.921694E-01   1.200000E+02   6.734295E-01
  1.428500000000E+01   3.763339E+00   8.728201E-05   6.426240E+01  -2.038851E-02  -5.715504E-07  -4.208107E-01   1.200000E+02   6.738800E-01
  1.429000000000E+01   3.763339E+00   7.858627E-05   6.416282E+01  -2.038852E-02  -5.727069E-07  -4.675943E-01   1.200000E+02   6.743309E-01
  1.429500000000E+01   3.763340E+00   6.894840E-05   6.403824E+01  -2.038852E-02  -5.695658E-07  -5.290042E-01   1.200000E+02   6.747823E-01
  1.430000000000E+01   3.763340E+00   5.950399E-05   6.389769E+01  -2.038852E-02  -5.590555E-07  -6.003355E-01   1.200000E+02   6.752342E-01
  1.430500000000E+01   3.763340E+00   5.106417E-05   6.375160E+01  -2.038852E-02  -5.415265E-07  -6.760744E-01   1.200000E+02   6.756867E-01
  1.431000000000E+01   3.763340E+00   4.407168E-05   6.361090E+01  -2.038853E-02  -5.198585E-07  -7.503381E-01   1.200000E+02   6.761395E-01
  1.431500000000E+01   3.763341E+00   3.867357E-05   6.348614E+01  -2.038853E-02  -4.978939E-07  -8.173375E-01   1.200000E+02   6.765925E-01
  1.432000000000E+01   3.763341E+00   3.483750E-05   6.338664E+01  -2.038853E-02  -4.791606E-07  -8.718299E-01   1.200000E+02   6.770456E-01
  1.432500000000E+01   3.763341E+00   3.245825E-05   6.331970E+01  -2.038853E-02  -4.662326E-07  -9.095286E-01   1.200000E+02   6.774985E-01
  1.433000000000E+01   3.763341E+00   3.143191E-05   6.329009E+01  -2.038854E-02  -4.605966E-07  -9.274397E-01   1.200000E+02   6.779511E-01
  1.433500000000E+01   3.763341E+00   3.169698E-05   6.329970E+01  -2.038854E-02  -4.627387E-07  -9.241014E-01   1.200000E+02   6.784033E-01
  1.434000000000E+01   3.763341E+00   3.324900E-05   6.334744E+01  -2.038854E-02  -4.722260E-07  -8.997054E-01   1.200000E+02   6.788549E-01
  1.434500000000E+01   3.763342E+00   3.613423E-05   6.342943E+01  -2.038854E-02  -4.876936E-07  -8.560892E-01   1.200000E+02   6.793058E-01
  1.435000000000E+01   3.763342E+00   4.042318E-05   6.353937E+01  -2.038855E-02  -5.067871E-07  -7.965958E-01   1.200000E+02   6.797558E-01
  1.435500000000E+01   3.763342E+00   4.616187E-05   6.366914E+01  -2.038855E-02  -5.262313E-07  -7.258089E-01   1.200000E+02   6.802048E-01
  1.436000000000E+01   3.763342E+00   5.330072E-05   6.380949E+01  -2.038855E-02  -5.422675E-07  -6.491810E-01   1.200000E+02   6.806527E-01
  1.436500000000E+01   3.763343E+00   6.161061E-05   6.395079E+01  -2.038855E-02  -5.516328E-07  -5.725857E-01   1.200000E+02   6.810992E-01
  1.437000000000E+01   3.763343E+00   7.061273E-05   6.408378E+01  -2.038856E-02  -5.529575E-07  -5.018302E-01   1.200000E+02   6.815443E-01
  1.437500000000E+01   3.763343E+00   7.956328E-05   6.420025E+01  -2.038856E-02  -5.479854E-07  -4.421738E-01   1.200000E+02   6.819880E-01
  1.438000000000E+01   3.763344E+00   8.753159E-05   6.429363E+01  -2.038856E-02  -5.417075E-07  -3.978946E-01   1.200000E+02   6.824303E-01
  1.438500000000E+01   3.763344E+00   9.357791E-05   6.435937E+01  -2.038857E-02  -5.408063E-07  -3.719463E-01   1.200000E+02   6.828714E-01
  1.439000000000E+01   3.763345E+00   9.698311E-05   6.439518E+01  -2.038857E-02  -5.508224E-07  -3.657370E-01   1.200000E+02   6.833115E-01
  1.439500000000E+01   3.763345E+00   9.744079E-05   6.440108E+01  -2.038857E-02  -5.735103E-07  -3.790474E-01   1.200000E+02   6.837509E-01
  1.440000000000E+01   3.763346E+00   9.512815E-05   6.437929E+01  -2.038857E-02  -6.059646E-07  -4.100949E-01   1.200000E+02   6.841900E-01
  1.440500000000E+01   3.763346E+00   9.062889E-05   6.433393E+01  -2.038858E-02  -6.420019E-07  -4.557323E-01   1.200000E+02   6.846290E-01
  1.441000000000E+01   3.763346E+00   8.475280E-05   6.427062E+01  -2.038858E-02  -6.748496E-07  -5.117589E-01   1.200000E+02   6.850681E-01
  1.441500000000E+01   3.763347E+00   7.833482E-05   6.419596E+01  -2.038858E-02  -6.995799E-07  -5.733109E-01   1.200000E+02   6.855074E-01
  1.442000000000E+01   3.763347E+00   7.208439E-05   6.411701E+01  -2.038859E-02  -7.142353E-07  -6.352920E-01   1.200000E+02   6.859470E-01
  1.442500000000E+01   3.763348E+00   6.651460E-05   6.404068E+01  -2.038859E-02  -7.195682E-07  -6.928048E-01   1.200000E+02   6.863868E-01
  1.443000000000E+01   3.763348E+00   6.194076E-05   6.397320E+01  -2.038859E-02  -7.179865E-07  -7.415456E-01   1.200000E+02   6.868267E-01
  1.443500000000E+01   3.763348E+00   5.851892E-05   6.391967E+01  -2.038860E-02  -7.123841E-07  -7.781305E-01   1.200000E+02   6.872665E-01
  1.444000000000E+01   3.763348E+00   5.629541E-05   6.388367E+01  -2.038860E-02  -7.052656E-07  -8.003309E-01   1.200000E+02   6.877062E-01
  1.444500000000E+01   3.763349E+00   5.524820E-05   6.386702E+01  -2.038860E-02  -6.982705E-07  -8.072020E-01   1.200000E+02   6.881457E-01
  1.445000000000E+01   3.763349E+00   5.531166E-05   6.386967E+01  -2.038861E-02  -6.920294E-07  -7.991026E-01   1.200000E+02   6.885847E-01
  1.445500000000E+01   3.763349E+00   5.638349E-05   6.388982E+01  -2.038861E-02  -6.862474E-07  -7.776075E-01   1.200000E+02   6.890232E-01
  1.446000000000E+01   3.763350E+00   5.831684E-05   6.392402E+01  -2.038862E-02  -6.799498E-07  -7.453270E-01   1.200000E+02   6.894611E-01
  1.446500000000E+01   3.763350E+00   6.090404E-05   6.396758E+01  -2.038862E-02  -6.718559E-07  -7.056510E-01   1.200000E+02   6.898984E-01
  1.447000000000E+01   3.763350E+00   6.386100E-05   6.401500E+01  -2.038862E-02  -6.608479E-07  -6.624416E-01   1.200000E+02   6.903348E-01
  1.447500000000E+01   3.763351E+00   6.682448E-05   6.406042E+01  -2.038863E-02  -6.464392E-07  -6.197005E-01   1.200000E+02   6.907705E-01
  1.448000000000E+01   3.763351E+00   6.937381E-05   6.409816E+01  -2.038863E-02  -6.290781E-07  -5.812388E-01   1.200000E+02   6.912055E-01
  1.448500000000E+01   3.763351E+00   7.108281E-05   6.412323E+01  -2.038863E-02  -6.101089E-07  -5.503743E-01   1.200000E+02   6.916397E-01
  1.449000000000E+01   3.763352E+00   7.159546E-05   6.413174E+01  -2.038863E-02  -5.913244E-07  -5.296797E-01   1.200000E+02   6.920735E-01
  1.449500000000E+01   3.763352E+00   7.070409E-05   6.412122E+01  -2.038864E-02  -5.742639E-07  -5.207974E-01   1.200000E+02   6.925067E-01
  1.450000000000E+01   3.763352E+00   6.840132E-05   6.409084E+01  -2.038864E-02  -5.595993E-07  -5.243347E-01   1.200000E+02   6.929398E-01
  1.450500000000E+01   3.763353E+00   6.488360E-05   6.404146E+01  -2.038864E-02  -5.469409E-07  -5.398420E-01   1.200000E+02   6.933727E-01
  1.451000000000E+01   3.763353E+00   6.050310E-05   6.397557E+01  -2.038865E-02  -5.351585E-07  -5.658729E-01   1.200000E+02   6.938056E-01
  1.451500000000E+01   3.763353E+00   5.568685E-05   6.389706E+01  -2.038865E-02  -5.230097E-07  -6.001198E-01   1.200000E+02   6.942385E-01
  1.452000000000E+01   3.763353E+00   5.085262E-05   6.381093E+01  -2.038865E-02  -5.097232E-07  -6.396113E-01   1.200000E+02   6.946716E-01
  1.452500000000E+01   3.763354E+00   4.634718E-05   6.372288E+01  -2.038865E-02  -4.952760E-07  -6.809566E-01   1.200000E+02   6.951047E-01
  1.453000000000E+01   3.763354E+00   4.241804E-05   6.363884E+01  -2.038866E-02  -4.803234E-07  -7.206184E-01   1.200000E+02   6.955378E-01
  1.453500000000E+01   3.763354E+00   3.921532E-05   6.356451E+01  -2.038866E-02  -4.659076E-07  -7.551942E-01   1.200000E+02   6.959709E-01
  1.454000000000E+01   3.763354E+00   3.681206E-05   6.350491E+01  -2.038866E-02  -4.531209E-07  -7.816842E-01   1.200000E+02   6.964039E-01
  1.454500000000E+01   3.763355E+00   3.523065E-05   6.346400E+01  -2.038866E-02  -4.428408E-07  -7.977272E-01   1.200000E+02   6.968367E-01
  1.455000000000E+01   3.763355E+00   3.446652E-05   6.344433E+01  -2.038867E-02  -4.355737E-07  -8.017833E-01   1.200000E+02   6.972691E-01
  1.455500000000E+01   3.763355E+00   3.450428E-05   6.344692E+01  -2.038867E-02  -4.313922E-07  -7.932497E-01   1.200000E+02   6.977011E-01
  1.456000000000E+01   3.763355E+00   3.532506E-05   6.347117E+01  -2.038867E-02  -4.299351E-07  -7.724964E-01   1.200000E+02   6.981327E-01
  1.456500000000E+01   3.763355E+00   3.690549E-05   6.351499E+01  -2.038867E-02  -4.304552E-07  -7.408209E-01   1.200000E+02   6.985637E-01
  1.457000000000E+01   3.763355E+00   3.920957E-05   6.357501E+01  -2.038867E-02  -4.319203E-07  -7.003224E-01   1.200000E+02   6.989941E-01
  1.457500000000E+01   3.763356E+00   4.217609E-05   6.364695E+01  -2.038868E-02  -4.331864E-07  -6.537115E-01   1.200000E+02   6.994237E-01
  1.458000000000E+01   3.763356E+00   4.570520E-05   6.372600E+01  -2.038868E-02  -4.332497E-07  -6.040728E-01   1.200000E+02   6.998526E-01
  1.458500000000E+01   3.763356E+00   4.964924E-05   6.380732E+01  -2.038868E-02  -4.315463E-07  -5.546069E-01   1.200000E+02   7.002806E-01
  1.459000000000E+01   3.763356E+00   5.381334E-05   6.388644E+01  -2.038868E-02  -4.282208E-07  -5.083777E-01   1.200000E+02   7.007078E-01
  1.459500000000E+01   3.763357E+00   5.796922E-05   6.395957E+01  -2.038868E-02  -4.242506E-07  -4.680913E-01   1.200000E+02   7.011340E-01
  1.460000000000E+01   3.763357E+00   6.188166E-05   6.402391E+01  -2.038869E-02  -4.213388E-07  -4.359249E-01   1.200000E+02   7.015594E-01
  1.460500000000E+01   3.763357E+00   6.534149E-05   6.407769E+01  -2.038869E-02  -4.215721E-07  -4.134183E-01   1.200000E+02   7.019840E-01
  1.461000000000E+01   3.763358E+00   6.819565E-05   6.412022E+01  -2.038869E-02  -4.269428E-07  -4.014283E-01   1.200000E+02   7.024079E-01
  1.461500000000E+01   3.763358E+00   7.036532E-05   6.415169E+01  -2.038869E-02  -4.388995E-07  -4.001424E-01   1.200000E+02   7.028310E-01
  1.462000000000E+01   3.763358E+00   7.184746E-05   6.417305E+01  -2.038870E-02  -4.580648E-07  -4.091365E-01   1.200000E+02   7.032535E-01
  1.462500000000E+01   3.763359E+00   7.270158E-05   6.418568E+01  -2.038870E-02  -4.841773E-07  -4.274632E-01   1.200000E+02   7.036755E-01
  1.463000000000E+01   3.763359E+00   7.302768E-05   6.419119E+01  -2.038870E-02  -5.162170E-07  -4.537538E-01   1.200000E+02   7.040970E-01
  1.463500000000E+01   3.763359E+00   7.294285E-05   6.419124E+01  -2.038870E-02  -5.526271E-07  -4.863234E-01   1.200000E+02   7.045180E-01
  1.464000000000E+01   3.763360E+00   7.256216E-05   6.418732E+01  -2.038871E-02  -5.915456E-07  -5.232717E-01   1.200000E+02   7.049387E-01
  1.464500000000E+01   3.763360E+00   7.198631E-05   6.418074E+01  -2.038871E-02  -6.309982E-07  -5.625783E-01   1.200000E+02   7.053590E-01
  1.465000000000E+01   3.763360E+00   7.129592E-05   6.417253E+01  -2.038871E-02  -6.690391E-07  -6.021934E-01   1.200000E+02   7.057790E-01
  1.465500000000E+01   3.763361E+00   7.055057E-05   6.416347E+01  -2.038872E-02  -7.038503E-07  -6.401292E-01   1.200000E+02   7.061986E-01
  1.466000000000E+01   3.763361E+00   6.979022E-05   6.415411E+01  -2.038872E-02  -7.338128E-07  -6.745516E-01   1.200000E+02   7.066179E-01
  1.466500000000E+01   3.763362E+00   6.903726E-05   6.414477E+01  -2.038872E-02  -7.575592E-07  -7.038730E-01   1.200000E+02   7.070369E-01
  1.467000000000E+01   3.763362E+00   6.829817E-05   6.413557E+01  -2.038873E-02  -7.740137E-07  -7.268395E-01   1.200000E+02   7.074555E-01
  1.467500000000E+01   3.763362E+00   6.756465E-05   6.412642E+01  -2.038873E-02  -7.824215E-07  -7.426056E-01   1.200000E+02   7.078738E-01
  1.468000000000E+01   3.763363E+00   6.681486E-05   6.411700E+01  -2.038873E-02  -7.823749E-07  -7.507839E-01   1.200000E+02   7.082918E-01
  1.468500000000E+01   3.763363E+00   6.601576E-05   6.410682E+01  -2.038874E-02  -7.738406E-07  -7.514639E-01   1.200000E+02   7.087095E-01
  1.469000000000E+01   3.763363E+00   6.512721E-05   6.409527E+01  -2.038874E-02  -7.571899E-07  -7.451922E-01   1.200000E+02   7.091268E-01
  1.469500000000E+01   3.763364E+00   6.410843E-05   6.408165E+01  -2.038875E-02  -7.332225E-07  -7.329162E-01   1.200000E+02   7.095438E-01
  1.470000000000E+01   3.763364E+00   6.292595E-05   6.406535E+01  -2.038875E-02  -7.031649E-07  -7.158971E-01   1.200000E+02   7.099606E-01
  1.470500000000E+01   3.763364E+00   6.156179E-05   6.404591E+01  -2.038875E-02  -6.686226E-07  -6.956026E-01   1.200000E+02   7.103771E-01
  1.471000000000E+01   3.763364E+00   6.001987E-05   6.402317E+01  -2.038876E-02  -6.314741E-07  -6.735932E-01   1.200000E+02   7.107933E-01
  1.471500000000E+01   3.763365E+00   5.832834E-05   6.399733E+01  -2.038876E-02  -5.937128E-07  -6.514164E-01   1.200000E+02   7.112093E-01
  1.472000000000E+01   3.763365E+00   5.653709E-05   6.396897E+01  -2.038876E-02  -5.572636E-07  -6.305167E-01   1.200000E+02   7.116251E-01
  1.472500000000E+01   3.763365E+00   5.471047E-05   6.393899E+01  -2.038876E-02  -5.238131E-07  -6.121695E-01   1.200000E+02   7.120407E-01
  1.473000000000E+01   3.763366E+00   5.291703E-05   6.390851E+01  -2.038877E-02  -4.946847E-07  -5.974365E-01   1.200000E+02   7.124560E-01
  1.473500000000E+01   3.763366E+00   5.121857E-05   6.387866E+01  -2.038877E-02  -4.707753E-07  -5.871405E-01   1.200000E+02   7.128712E-01
  1.474000000000E+01   3.763366E+00   4.966106E-05   6.385044E+01  -2.038877E-02  -4.525472E-07  -5.818510E-01   1.200000E+02   7.132861E-01
  1.474500000000E+01   3.763366E+00   4.826865E-05   6.382451E+01  -2.038877E-02  -4.400555E-07  -5.818751E-01   1.200000E+02   7.137008E-01
  1.475000000000E+01   3.763367E+00   4.704189E-05   6.380112E+01  -2.038878E-02  -4.329900E-07  -5.872478E-01   1.200000E+02   7.141153E-01
  1.475500000000E+01   3.763367E+00   4.595979E-05   6.378006E+01  -2.038878E-02  -4.307164E-07  -5.977206E-01   1.200000E+02   7.145294E-01
  1.476000000000E+01   3.763367E+00   4.498554E-05   6.376072E+01  -2.038878E-02  -4.323194E-07  -6.127524E-01   1.200000E+02   7.149433E-01
  1.476500000000E+01   3.763367E+00   4.407516E-05   6.374228E+01  -2.038878E-02  -4.366608E-07  -6.315067E-01   1.200000E+02   7.153569E-01
  1.477000000000E+01   3.763367E+00   4.318790E-05   6.372392E+01  -2.038879E-02  -4.424686E-07  -6.528643E-01   1.200000E+02   7.157702E-01
  1.477500000000E+01   3.763368E+00   4.229682E-05   6.370504E+01  -2.038879E-02  -4.484686E-07  -6.754577E-01   1.200000E+02   7.161831E-01
  1.478000000000E+01   3.763368E+00   4.139740E-05   6.368554E+01  -2.038879E-02  -4.535454E-07  -6.977319E-01   1.200000E+02   7.165958E-01
  1.478500000000E+01   3.763368E+00   4.051236E-05   6.366593E+01  -2.038879E-02  -4.569031E-07  -7.180318E-01   1.200000E+02   7.170082E-01
  1.479000000000E+01   3.763368E+00   3.969159E-05   6.364746E+01  -2.038879E-02  -4.581789E-07  -7.347130E-01   1.200000E+02   7.174203E-01
  1.479500000000E+01   3.763368E+00   3.900760E-05   6.363201E+01  -2.038880E-02  -4.574757E-07  -7.462673E-01   1.200000E+02   7.178320E-01
  1.480000000000E+01   3.763369E+00   3.854831E-05   6.362194E+01  -2.038880E-02  -4.553022E-07  -7.514521E-01   1.200000E+02   7.182435E-01
  1.480500000000E+01   3.763369E+00   3.840924E-05   6.361986E+01  -2.038880E-02  -4.524421E-07  -7.494108E-01   1.200000E+02   7.186545E-01
  1.481000000000E+01   3.763369E+00   3.868697E-05   6.362825E+01  -2.038880E-02  -4.497927E-07  -7.397716E-01   1.200000E+02   7.190652E-01
  1.481500000000E+01   3.763369E+00   3.947425E-05   6.364914E+01  -2.038881E-02  -4.482162E-07  -7.227135E-01   1.200000E+02   7.194754E-01
  1.482000000000E+01   3.763369E+00   4.085598E-05   6.368379E+01  -2.038881E-02  -4.484338E-07  -6.989910E-01   1.200000E+02   7.198851E-01
  1.482500000000E+01   3.763370E+00   4.290389E-05   6.373241E+01  -2.038881E-02  -4.509768E-07  -6.699123E-01   1.200000E+02   7.202943E-01
  1.483000000000E+01   3.763370E+00   4.566756E-05   6.379403E+01  -2.038881E-02  -4.561962E-07  -6.372705E-01   1.200000E+02   7.207028E-01
  1.483500000000E+01   3.763370E+00   4.915977E-05   6.386645E+01  -2.038881E-02  -4.643234E-07  -6.032307E-01   1.200000E+02   7.211105E-01
  1.484000000000E+01   3.763370E+00   5.333562E-05   6.394637E+01  -2.038882E-02  -4.755683E-07  -5.701792E-01   1.200000E+02   7.215175E-01
  1.484500000000E+01   3.763371E+00   5.806803E-05   6.402958E+01  -2.038882E-02  -4.902189E-07  -5.405472E-01   1.200000E+02   7.219236E-01
  1.485000000000E+01   3.763371E+00   6.312648E-05   6.411130E+01  -2.038882E-02  -5.086844E-07  -5.166202E-01   1.200000E+02   7.223287E-01
  1.485500000000E+01   3.763371E+00   6.816997E-05   6.418656E+01  -2.038882E-02  -5.314015E-07  -5.003499E-01   1.200000E+02   7.227330E-01
  1.486000000000E+01   3.763372E+00   7.276646E-05   6.425060E+01  -2.038883E-02  -5.585489E-07  -4.931819E-01   1.200000E+02   7.231363E-01
  1.486500000000E+01   3.763372E+00   7.644639E-05   6.429927E+01  -2.038883E-02  -5.896035E-07  -4.959172E-01   1.200000E+02   7.235388E-01
  1.487000000000E+01   3.763372E+00   7.878540E-05   6.432944E+01  -2.038883E-02  -6.229108E-07  -5.086158E-01   1.200000E+02   7.239406E-01
  1.487500000000E+01   3.763373E+00   7.949607E-05   6.433922E+01  -2.038884E-02  -6.555431E-07  -5.305562E-01   1.200000E+02   7.243418E-01
  1.488000000000E+01   3.763373E+00   7.849820E-05   6.432817E+01  -2.038884E-02  -6.836629E-07  -5.602522E-01   1.200000E+02   7.247427E-01
  1.488500000000E+01   3.763374E+00   7.594077E-05   6.429739E+01  -2.038884E-02  -7.033737E-07  -5.955312E-01   1.200000E+02   7.251433E-01
  1.489000000000E+01   3.763374E+00   7.216666E-05   6.424942E+01  -2.038885E-02  -7.117532E-07  -6.336684E-01   1.200000E+02   7.255440E-01
  1.489500000000E+01   3.763374E+00   6.763433E-05   6.418810E+01  -2.038885E-02  -7.076273E-07  -6.715709E-01   1.200000E+02   7.259447E-01
  1.490000000000E+01   3.763375E+00   6.282597E-05   6.411826E+01  -2.038885E-02  -6.917712E-07  -7.060005E-01   1.200000E+02   7.263456E-01
  1.490500000000E+01   3.763375E+00   5.817121E-05   6.404538E+01  -2.038886E-02  -6.665154E-07  -7.338206E-01   1.200000E+02   7.267466E-01
  1.491000000000E+01   3.763375E+00   5.400319E-05   6.397512E+01  -2.038886E-02  -6.349975E-07  -7.522526E-01   1.200000E+02   7.271477E-01
  1.491500000000E+01   3.763375E+00   5.054805E-05   6.391290E+01  -2.038886E-02  -6.003814E-07  -7.591215E-01   1.200000E+02   7.275489E-01
  1.492000000000E+01   3.763376E+00   4.793791E-05   6.386340E+01  -2.038887E-02  -5.652797E-07  -7.530715E-01   1.200000E+02   7.279500E-01
  1.492500000000E+01   3.763376E+00   4.623424E-05   6.383021E+01  -2.038887E-02  -5.314660E-07  -7.337330E-01   1.200000E+02   7.283510E-01
  1.493000000000E+01   3.763376E+00   4.545027E-05   6.381547E+01  -2.038887E-02  -4.998455E-07  -7.018193E-01   1.200000E+02   7.287517E-01
  1.493500000000E+01   3.763376E+00   4.556558E-05   6.381968E+01  -2.038887E-02  -4.706093E-07  -6.591408E-01   1.200000E+02   7.291521E-01
  1.494000000000E+01   3.763377E+00   4.652940E-05   6.384159E+01  -2.038888E-02  -4.435079E-07  -6.085239E-01   1.200000E+02   7.295520E-01
  1.494500000000E+01   3.763377E+00   4.825270E-05   6.387833E+01  -2.038888E-02  -4.182076E-07  -5.536353E-01   1.200000E+02   7.299515E-01
  1.495000000000E+01   3.763377E+00   5.059163E-05   6.392554E+01  -2.038888E-02  -3.946926E-07  -4.987175E-01   1.200000E+02   7.303503E-01
  1.495500000000E+01   3.763377E+00   5.332875E-05   6.397781E+01  -2.038888E-02  -3.736438E-07  -4.482557E-01   1.200000E+02   7.307485E-01
  1.496000000000E+01   3.763378E+00   5.616241E-05   6.402910E+01  -2.038888E-02  -3.566457E-07  -4.066012E-01   1.200000E+02   7.311460E-01
  1.496500000000E+01   3.763378E+00   5.871725E-05   6.407330E+01  -2.038889E-02  -3.460254E-07  -3.775890E-01   1.200000E+02   7.315429E-01
  1.497000000000E+01   3.763378E+00   6.058597E-05   6.410477E+01  -2.038889E-02  -3.441930E-07  -3.641835E-01   1.200000E+02   7.319391E-01
  1.497500000000E+01   3.763379E+00   6.140182E-05   6.411890E+01  -2.038889E-02  -3.525887E-07  -3.681910E-01   1.200000E+02   7.323349E-01
  1.498000000000E+01   3.763379E+00   6.092426E-05   6.411259E+01  -2.038889E-02  -3.706695E-07  -3.900677E-01   1.200000E+02   7.327302E-01
  1.498500000000E+01   3.763379E+00   5.910650E-05   6.408457E+01  -2.038889E-02  -3.955302E-07  -4.288426E-01   1.200000E+02   7.331253E-01
  1.499000000000E+01   3.763379E+00   5.611484E-05   6.403564E+01  -2.038890E-02  -4.225243E-07  -4.821651E-01   1.200000E+02   7.335203E-01
  1.499500000000E+01   3.763380E+00   5.228858E-05   6.396865E+01  -2.038890E-02  -4.466905E-07  -5.464709E-01   1.200000E+02   7.339153E-01
  1.500000000000E+01   3.763380E+00   4.805694E-05   6.388830E+01  -2.038890E-02  -4.642981E-07  -6.172514E-01   1.200000E+02   7.343104E-01
