# SCEC TPV101 on-fault time series
# problem=TPV101
# author=Tatva validation workflow
# date=2026-08-26
# code=Tatva
# code_version=TPV101-validation-1
# element_size=100 m
# time_step=5.000000000000e-03
# internal_time_step=1.000000000000e-03
# num_time_steps=3001
# location=on fault, 0 km along strike, 7.5 km down-dip
# Column #1 = Time (s)
# Column #2 = horizontal slip (m)
# Column #3 = horizontal slip rate (m/s)
# Column #4 = horizontal shear stress (MPa)
# Column #5 = vertical slip (m)
# Column #6 = vertical slip rate (m/s)
# Column #7 = vertical shear stress (MPa)
# Column #8 = normal stress, positive in compression (MPa)
# Column #9 = log10 of state variable (log-seconds)
t h-slip h-slip-rate h-shear-stress v-slip v-slip-rate v-shear-stress n-stress log-theta
  0.000000000000E+00   0.000000E+00   1.000000E-12   7.500000E+01   0.000000E+00   0.000000E+00   0.000000E+00   1.200000E+02   9.205810E+00
  5.000000000000E-03   5.000356E-15   1.000089E-12   7.500009E+01   1.891529E-49   1.624934E-46   1.218594E-32   1.200000E+02   9.205810E+00
  1.000000000000E-02   1.000080E-14   1.000089E-12   7.500009E+01   3.810942E-48   1.366916E-45   1.025097E-31   1.200000E+02   9.205810E+00
  1.500000000000E-02   1.500124E-14   1.000089E-12   7.500009E+01   1.429639E-47  -6.764601E-44  -5.073005E-30   1.200000E+02   9.205810E+00
  2.000000000000E-02   2.000169E-14   1.000089E-12   7.500009E+01   4.316928E-48  -1.395801E-43  -1.046759E-29   1.200000E+02   9.205810E+00
  2.500000000000E-02   2.500213E-14   1.000089E-12   7.500009E+01  -5.854778E-46  -1.854531E-44  -1.390776E-30   1.200000E+02   9.205810E+00
  3.000000000000E-02   3.000258E-14   1.000089E-12   7.500009E+01   4.312408E-46  -5.447548E-44  -4.085302E-30   1.200000E+02   9.205810E+00
  3.500000000000E-02   3.500302E-14   1.000089E-12   7.500009E+01   3.336426E-46   1.719492E-43   1.289506E-29   1.200000E+02   9.205810E+00
  4.000000000000E-02   4.000347E-14   1.000200E-12   7.500019E+01  -1.066649E-45  -3.547037E-45  -2.659753E-31   1.200000E+02   9.205810E+00
  4.500000000000E-02   4.500547E-14   1.000644E-12   7.500062E+01  -2.237280E-45  -4.412120E-43  -3.306987E-29   1.200000E+02   9.205810E+00
  5.000000000000E-02   5.001235E-14   1.002309E-12   7.500221E+01  -2.204109E-45  -5.557572E-43  -4.158698E-29   1.200000E+02   9.205810E+00
  5.500000000000E-02   5.503100E-14   1.005640E-12   7.500540E+01  -5.822568E-45  -4.077997E-43  -3.041564E-29   1.200000E+02   9.205810E+00
  6.000000000000E-02   6.007408E-14   1.012301E-12   7.501174E+01  -6.129743E-45   4.315123E-43   3.197515E-29   1.200000E+02   9.205810E+00
  6.500000000000E-02   6.516179E-14   1.023737E-12   7.502252E+01  -7.662150E-45  -9.535836E-43  -6.988149E-29   1.200000E+02   9.205810E+00
  7.000000000000E-02   7.032255E-14   1.041833E-12   7.503934E+01  -9.350531E-45  -3.455761E-43  -2.489055E-29   1.200000E+02   9.205810E+00
  7.500000000000E-02   7.559477E-14   1.068812E-12   7.506389E+01  -5.996222E-45  -7.856030E-44  -5.517381E-30   1.200000E+02   9.205810E+00
  8.000000000000E-02   8.102776E-14   1.106670E-12   7.509730E+01   5.488338E-45   2.811574E-43   1.907900E-29   1.200000E+02   9.205810E+00
  8.500000000000E-02   8.668302E-14   1.158185E-12   7.514098E+01   4.636086E-45   4.362636E-42   2.830402E-28   1.200000E+02   9.205810E+00
  9.000000000000E-02   9.263692E-14   1.226685E-12   7.519614E+01   4.310897E-45  -2.938348E-42  -1.801215E-28   1.200000E+02   9.205810E+00
  9.500000000000E-02   9.898296E-14   1.315725E-12   7.526341E+01  -1.175537E-45  -4.939227E-42  -2.825385E-28   1.200000E+02   9.205810E+00
  1.000000000000E-01   1.058344E-13   1.429967E-12   7.534335E+01   1.741689E-44   1.879492E-42   9.902827E-29   1.200000E+02   9.205810E+00
  1.050000000000E-01   1.133321E-13   1.575406E-12   7.543633E+01   1.192555E-44   1.068490E-43   5.116329E-30   1.200000E+02   9.205810E+00
  1.100000000000E-01   1.216506E-13   1.759703E-12   7.554254E+01  -2.184940E-45  -4.610360E-42  -1.979187E-28   1.200000E+02   9.205810E+00
  1.150000000000E-01   1.310062E-13   1.992295E-12   7.566172E+01  -3.983012E-44  -6.216072E-42  -2.360688E-28   1.200000E+02   9.205810E+00
  1.200000000000E-01   1.416715E-13   2.286282E-12   7.579385E+01  -9.084842E-44  -6.055536E-42  -2.007505E-28   1.200000E+02   9.205810E+00
  1.250000000000E-01   1.539923E-13   2.657763E-12   7.593839E+01  -1.479262E-43  -8.019281E-42  -2.291293E-28   1.200000E+02   9.205810E+00
  1.300000000000E-01   1.684079E-13   3.128720E-12   7.609500E+01  -2.465307E-43  -7.645660E-42  -1.859535E-28   1.200000E+02   9.205810E+00
  1.350000000000E-01   1.854831E-13   3.727352E-12   7.626307E+01  -3.609299E-43  -5.734288E-42  -1.173258E-28   1.200000E+02   9.205810E+00
  1.400000000000E-01   2.059454E-13   4.491296E-12   7.644206E+01  -4.553526E-43  -4.102021E-41  -6.981657E-28   1.200000E+02   9.205810E+00
  1.450000000000E-01   2.307378E-13   5.469625E-12   7.663124E+01  -6.567438E-43  -6.367220E-41  -8.920685E-28   1.200000E+02   9.205810E+00
  1.500000000000E-01   2.610886E-13   6.728063E-12   7.683004E+01  -1.123141E-42  -4.102371E-41  -4.684637E-28   1.200000E+02   9.205810E+00
  1.550000000000E-01   2.986033E-13   8.353096E-12   7.703773E+01  -1.192891E-42  -4.699815E-41  -4.334477E-28   1.200000E+02   9.205810E+00
  1.600000000000E-01   3.453876E-13   1.045974E-11   7.725363E+01  -1.271765E-42  -3.116418E-41  -2.301725E-28   1.200000E+02   9.205810E+00
  1.650000000000E-01   4.042126E-13   1.320088E-11   7.747707E+01  -2.138026E-42  -3.664956E-41  -2.150993E-28   1.200000E+02   9.205810E+00
  1.700000000000E-01   4.787339E-13   1.678035E-11   7.770740E+01  -2.017350E-42   1.912380E-40   8.855956E-28   1.200000E+02   9.205810E+00
  1.750000000000E-01   5.737865E-13   2.146960E-11   7.794397E+01   2.267031E-43   4.697951E-40   1.705560E-27   1.200000E+02   9.205810E+00
  1.800000000000E-01   6.957769E-13   2.763045E-11   7.818616E+01   6.129570E-43  -1.738423E-40  -4.919232E-28   1.200000E+02   9.205810E+00
  1.850000000000E-01   8.532081E-13   3.574574E-11   7.843337E+01  -1.787639E-42   6.661745E-40   1.461721E-27   1.200000E+02   9.205810E+00
  1.900000000000E-01   1.057380E-12   4.645984E-11   7.868504E+01  -3.335922E-42   1.982137E-41   3.356975E-29   1.200000E+02   9.205810E+00
  1.950000000000E-01   1.323323E-12   6.063239E-11   7.894064E+01  -1.484345E-41   3.168636E-39   4.125421E-27   1.200000E+02   9.205810E+00
  2.000000000000E-01   1.671048E-12   7.940948E-11   7.919963E+01  -1.590923E-41  -3.510812E-39  -3.501534E-27   1.200000E+02   9.205810E+00
  2.050000000000E-01   2.127199E-12   1.043191E-10   7.946156E+01  -3.603395E-41  -5.536404E-39  -4.217169E-27   1.200000E+02   9.205810E+00
  2.100000000000E-01   2.727266E-12   1.373960E-10   7.972595E+01  -1.204991E-40  -2.110566E-38  -1.224685E-26   1.200000E+02   9.205810E+00
  2.150000000000E-01   3.518505E-12   1.813472E-10   7.999240E+01  -2.274809E-40  -6.996173E-39  -3.086018E-27   1.200000E+02   9.205810E+00
  2.200000000000E-01   4.563821E-12   2.397693E-10   8.026049E+01  -2.935274E-40  -3.512930E-39  -1.175920E-27   1.200000E+02   9.205810E+00
  2.250000000000E-01   5.946895E-12   3.174352E-10   8.052986E+01  -4.159701E-40  -1.810729E-37  -4.593623E-26   1.200000E+02   9.205810E+00
  2.300000000000E-01   7.778955E-12   4.206668E-10   8.080017E+01  -7.729178E-40   6.223149E-38   1.195320E-26   1.200000E+02   9.205810E+00
  2.350000000000E-01   1.020768E-11   5.578250E-10   8.107108E+01  -8.050964E-40  -6.303493E-38  -9.161135E-27   1.200000E+02   9.205810E+00
  2.400000000000E-01   1.342893E-11   7.399444E-10   8.134231E+01   5.893135E-41  -1.608693E-37  -1.768441E-26   1.200000E+02   9.205810E+00
  2.450000000000E-01   1.770205E-11   9.815596E-10   8.161358E+01   1.262056E-39   3.861339E-37   3.210581E-26   1.200000E+02   9.205810E+00
  2.500000000000E-01   2.336993E-11   1.301772E-09   8.188462E+01   5.787843E-39   6.611758E-37   4.158956E-26   1.200000E+02   9.205810E+00
  2.550000000000E-01   3.088513E-11   1.725628E-09   8.215521E+01   9.404414E-39   1.891087E-36   9.003251E-26   1.200000E+02   9.205810E+00
  2.600000000000E-01   4.084385E-11   2.285888E-09   8.242513E+01   2.406741E-38   5.247143E-36   1.892028E-25   1.200000E+02   9.205810E+00
  2.650000000000E-01   5.402987E-11   3.025296E-09   8.269417E+01   2.116243E-38  -2.292185E-36  -6.265514E-26   1.200000E+02   9.205810E+00
  2.700000000000E-01   7.147144E-11   3.999471E-09   8.296216E+01   1.411543E-38  -1.717608E-35  -3.562882E-25   1.200000E+02   9.205810E+00
  2.750000000000E-01   9.451442E-11   5.280596E-09   8.322892E+01  -2.875556E-38  -9.535913E-36  -1.502981E-25   1.200000E+02   9.205810E+00
  2.800000000000E-01   1.249163E-10   6.962084E-09   8.349430E+01   2.280006E-38   2.600685E-36   3.118928E-26   1.200000E+02   9.205810E+00
  2.850000000000E-01   1.649666E-10   9.164476E-09   8.375817E+01  -1.035870E-38  -1.874401E-35  -1.713097E-25   1.200000E+02   9.205810E+00
  2.900000000000E-01   2.176401E-10   1.204287E-08   8.402038E+01  -9.421178E-38   1.048981E-35   7.318503E-26   1.200000E+02   9.205810E+00
  2.950000000000E-01   2.867920E-10   1.579624E-08   8.428083E+01  -4.434880E-37  -2.612695E-34  -1.394003E-24   1.200000E+02   9.205810E+00
  3.000000000000E-01   3.774054E-10   2.067906E-08   8.453940E+01  -1.953159E-36  -4.734877E-34  -1.935696E-24   1.200000E+02   9.205810E+00
  3.050000000000E-01   4.959035E-10   2.701578E-08   8.479601E+01  -3.445730E-36  -2.137161E-34  -6.708032E-25   1.200000E+02   9.205810E+00
  3.100000000000E-01   6.505427E-10   3.521885E-08   8.505056E+01  -5.559898E-37  -2.038886E-34  -4.923737E-25   1.200000E+02   9.205810E+00
  3.150000000000E-01   8.519059E-10   4.581085E-08   8.530299E+01  -1.583177E-36  -8.254613E-34  -1.537066E-24   1.200000E+02   9.205810E+00
  3.200000000000E-01   1.113519E-09   5.945185E-08   8.555321E+01  -9.140133E-36  -2.259901E-33  -3.252073E-24   1.200000E+02   9.205810E+00
  3.250000000000E-01   1.452620E-09   7.697298E-08   8.580116E+01  -1.403690E-35  -8.258401E-34  -9.205573E-25   1.200000E+02   9.205810E+00
  3.300000000000E-01   1.891110E-09   9.941729E-08   8.604680E+01  -2.578731E-35  -8.331445E-34  -7.210960E-25   1.200000E+02   9.205810E+00
  3.350000000000E-01   2.456738E-09   1.280897E-07   8.629007E+01  -2.289780E-35  -7.805308E-33  -5.258195E-24   1.200000E+02   9.205810E+00
  3.400000000000E-01   3.184552E-09   1.646174E-07   8.653092E+01  -1.054151E-35   2.962307E-34   1.557133E-25   1.200000E+02   9.205810E+00
  3.450000000000E-01   4.118687E-09   2.110228E-07   8.676933E+01  -6.783648E-35  -4.909052E-33  -2.018527E-24   1.200000E+02   9.205810E+00
  3.500000000000E-01   5.314558E-09   2.698117E-07   8.700526E+01  -8.948850E-35  -8.334467E-33  -2.687588E-24   1.200000E+02   9.205810E+00
  3.550000000000E-01   6.841525E-09   3.440782E-07   8.723868E+01   7.790894E-35   4.867420E-32   1.234101E-23   1.200000E+02   9.205810E+00
  3.600000000000E-01   8.786145E-09   4.376310E-07   8.746957E+01   6.998792E-35   2.205647E-32   4.408441E-24   1.200000E+02   9.205810E+00
  3.650000000000E-01   1.125611E-08   5.551430E-07   8.769790E+01  -2.263526E-34  -2.422618E-32  -3.827095E-24   1.200000E+02   9.205810E+00
  3.700000000000E-01   1.438498E-08   7.023285E-07   8.792367E+01  -3.853702E-35  -2.019967E-31  -2.528772E-23   1.200000E+02   9.205810E+00
  3.750000000000E-01   1.833792E-08   8.861536E-07   8.814686E+01  -1.922804E-33  -8.766094E-31  -8.719749E-23   1.200000E+02   9.205810E+00
  3.800000000000E-01   2.331857E-08   1.115082E-06   8.836746E+01  -4.515968E-33  -9.384440E-31  -7.436936E-23   1.200000E+02   9.205810E+00
  3.850000000000E-01   2.957718E-08   1.399364E-06   8.858547E+01  -9.991536E-33  -5.387641E-31  -3.410597E-23   1.200000E+02   9.205810E+00
  3.900000000000E-01   3.742042E-08   1.751376E-06   8.880087E+01  -1.234826E-32  -1.497399E-30  -7.592338E-23   1.200000E+02   9.205809E+00
  3.950000000000E-01   4.722295E-08   2.186009E-06   8.901368E+01  -1.994586E-32  -1.541642E-30  -6.277524E-23   1.200000E+02   9.205809E+00
  4.000000000000E-01   5.944108E-08   2.721129E-06   8.922389E+01  -2.971440E-32  -1.282393E-30  -4.204877E-23   1.200000E+02   9.205809E+00
  4.050000000000E-01   7.462895E-08   3.378098E-06   8.943151E+01  -3.220756E-32  -5.692086E-30  -1.506918E-22   1.200000E+02   9.205809E+00
  4.100000000000E-01   9.345748E-08   4.182381E-06   8.963653E+01  -2.155114E-32  -4.618182E-30  -9.897661E-23   1.200000E+02   9.205808E+00
  4.150000000000E-01   1.167365E-07   5.164234E-06   8.983897E+01   3.164828E-33   1.296176E-29   2.254876E-22   1.200000E+02   9.205808E+00
  4.200000000000E-01   1.454409E-07   6.359501E-06   9.003883E+01  -3.958726E-32  -1.278189E-29  -1.809680E-22   1.200000E+02   9.205807E+00
  4.250000000000E-01   1.807403E-07   7.810507E-06   9.023613E+01   1.012726E-31   6.152904E-30   7.108556E-23   1.200000E+02   9.205806E+00
  4.300000000000E-01   2.240343E-07   9.567078E-06   9.043087E+01   5.666284E-32  -1.318604E-29  -1.246384E-22   1.200000E+02   9.205805E+00
  4.350000000000E-01   2.769929E-07   1.168769E-05   9.062307E+01   4.101647E-32  -7.888686E-29  -6.116665E-22   1.200000E+02   9.205804E+00
  4.400000000000E-01   3.416025E-07   1.424076E-05   9.081273E+01   1.131006E-32  -1.872778E-29  -1.194262E-22   1.200000E+02   9.205803E+00
  4.450000000000E-01   4.202194E-07   1.730610E-05   9.099988E+01  -7.325668E-31  -3.240597E-28  -1.703988E-21   1.200000E+02   9.205801E+00
  4.500000000000E-01   5.156307E-07   2.097650E-05   9.118452E+01  -1.899302E-30  -5.929224E-28  -2.577424E-21   1.200000E+02   9.205799E+00
  4.550000000000E-01   6.311237E-07   2.535957E-05   9.136667E+01  -1.204187E-30   4.990681E-28   1.798066E-21   1.200000E+02   9.205796E+00
  4.600000000000E-01   7.705645E-07   3.057968E-05   9.154636E+01  -2.613573E-30  -4.993205E-28  -1.494815E-21   1.200000E+02   9.205793E+00
  4.650000000000E-01   9.384877E-07   3.678014E-05   9.172358E+01  -3.631469E-30  -2.957182E-28  -7.374722E-22   1.200000E+02   9.205790E+00
  4.700000000000E-01   1.140197E-06   4.412567E-05   9.189837E+01  -5.810126E-30   3.368180E-28   7.014745E-22   1.200000E+02   9.205785E+00
  4.750000000000E-01   1.381877E-06   5.280490E-05   9.207073E+01  -5.510575E-30   1.455017E-27   2.536971E-21   1.200000E+02   9.205780E+00
  4.800000000000E-01   1.670723E-06   6.303334E-05   9.224069E+01  -6.253803E-30  -7.717231E-28  -1.129311E-21   1.200000E+02   9.205774E+00
  4.850000000000E-01   2.015079E-06   7.505640E-05   9.240826E+01  -1.050348E-29  -4.933510E-27  -6.074059E-21   1.200000E+02   9.205766E+00
  4.900000000000E-01   2.424602E-06   8.915273E-05   9.257345E+01  -3.133770E-29  -5.902611E-27  -6.129090E-21   1.200000E+02   9.205758E+00
  4.950000000000E-01   2.910426E-06   1.056378E-04   9.273630E+01  -1.287887E-29   3.070165E-27   2.695207E-21   1.200000E+02   9.205747E+00
  5.000000000000E-01   3.485369E-06   1.248677E-04   9.289680E+01  -3.253020E-29  -1.119034E-26  -8.325182E-21   1.200000E+02   9.205734E+00
  5.050000000000E-01   4.164134E-06   1.472433E-04   9.305499E+01  -4.663048E-29   1.973774E-26   1.247388E-20   1.200000E+02   9.205720E+00
  5.100000000000E-01   4.963551E-06   1.732143E-04   9.321088E+01  -1.749706E-29   1.171826E-26   6.305883E-21   1.200000E+02   9.205702E+00
  5.150000000000E-01   5.902831E-06   2.032840E-04   9.336449E+01   5.487027E-29  -6.049070E-26  -2.778223E-20   1.200000E+02   9.205682E+00
  5.200000000000E-01   7.003844E-06   2.380139E-04   9.351582E+01  -7.427344E-30   9.688445E-27   3.806596E-21   1.200000E+02   9.205658E+00
  5.250000000000E-01   8.291422E-06   2.780286E-04   9.366491E+01   1.573497E-28  -4.197209E-26  -1.413996E-20   1.200000E+02   9.205630E+00
  5.300000000000E-01   9.793689E-06   3.240205E-04   9.381176E+01   1.869895E-28  -8.385068E-26  -2.427679E-20   1.200000E+02   9.205597E+00
  5.350000000000E-01   1.154241E-05   3.767558E-04   9.395639E+01  -2.209918E-28  -1.790499E-25  -4.465196E-20   1.200000E+02   9.205560E+00
  5.400000000000E-01   1.357338E-05   4.370787E-04   9.409882E+01  -5.252072E-28  -2.173881E-26  -4.680157E-21   1.200000E+02   9.205515E+00
  5.450000000000E-01   1.592682E-05   5.059174E-04   9.423906E+01  -1.035335E-27  -9.129208E-26  -1.700531E-20   1.200000E+02   9.205464E+00
  5.500000000000E-01   1.864780E-05   5.842891E-04   9.437713E+01  -1.665290E-27   3.160285E-27   5.104641E-22   1.200000E+02   9.205405E+00
  5.550000000000E-01   2.178673E-05   6.733051E-04   9.451303E+01  -1.787086E-27  -4.524506E-25  -6.351130E-20   1.200000E+02   9.205337E+00
  5.600000000000E-01   2.539981E-05   7.741756E-04   9.464679E+01  -3.194544E-27  -3.814896E-25  -4.663899E-20   1.200000E+02   9.205259E+00
  5.650000000000E-01   2.954955E-05   8.882151E-04   9.477841E+01  -5.362589E-27  -1.868158E-25  -1.993448E-20   1.200000E+02   9.205169E+00
  5.700000000000E-01   3.430530E-05   1.016846E-03   9.490790E+01  -3.611194E-27   7.167359E-25   6.689695E-20   1.200000E+02   9.205065E+00
  5.750000000000E-01   3.974381E-05   1.161603E-03   9.503528E+01  -6.438685E-27  -2.106101E-24  -1.723083E-19   1.200000E+02   9.204947E+00
  5.800000000000E-01   4.594977E-05   1.324138E-03   9.516056E+01  -1.004595E-26   2.300582E-25   1.653337E-20   1.200000E+02   9.204812E+00
  5.850000000000E-01   5.301646E-05   1.506220E-03   9.528374E+01  -8.700549E-27   1.518309E-24   9.604851E-20   1.200000E+02   9.204659E+00
  5.900000000000E-01   6.104627E-05   1.709740E-03   9.540483E+01  -2.664884E-27   1.771388E-24   9.884486E-20   1.200000E+02   9.204485E+00
  5.950000000000E-01   7.015137E-05   1.936712E-03   9.552384E+01  -7.460865E-28  -1.146078E-25  -5.652764E-21   1.200000E+02   9.204287E+00
  6.000000000000E-01   8.045432E-05   2.189273E-03   9.564077E+01  -1.199753E-26   2.128861E-24   9.300162E-20   1.200000E+02   9.204063E+00
  6.050000000000E-01   9.208866E-05   2.469683E-03   9.575563E+01  -1.478235E-26   1.188309E-24   4.607364E-20   1.200000E+02   9.203810E+00
  6.100000000000E-01   1.051995E-04   2.780324E-03   9.586843E+01  -5.748038E-28  -4.708117E-26  -1.623407E-21   1.200000E+02   9.203526E+00
  6.150000000000E-01   1.199443E-04   3.123695E-03   9.597916E+01  -3.408858E-26  -3.281398E-24  -1.008248E-19   1.200000E+02   9.203206E+00
  6.200000000000E-01   1.364930E-04   3.502414E-03   9.608782E+01  -1.020273E-25  -2.536738E-23  -6.959476E-19   1.200000E+02   9.202846E+00
  6.250000000000E-01   1.550293E-04   3.919205E-03   9.619443E+01  -1.272859E-25  -4.192740E-24  -1.029082E-19   1.200000E+02   9.202444E+00
  6.300000000000E-01   1.757505E-04   4.376897E-03   9.629897E+01  -1.846120E-25  -1.490556E-23  -3.279469E-19   1.200000E+02   9.201994E+00
  6.350000000000E-01   1.988684E-04   4.878416E-03   9.640144E+01  -2.347955E-25   1.048243E-23   2.071413E-19   1.200000E+02   9.201492E+00
  6.400000000000E-01   2.246096E-04   5.426774E-03   9.650185E+01  -1.716919E-25  -2.019374E-23  -3.590961E-19   1.200000E+02   9.200933E+00
  6.450000000000E-01   2.532160E-04   6.025059E-03   9.660019E+01  -3.981911E-25  -3.795271E-23  -6.084985E-19   1.200000E+02   9.200312E+00
  6.500000000000E-01   2.849451E-04   6.676423E-03   9.669646E+01  -6.477744E-25  -4.847053E-23  -7.020120E-19   1.200000E+02   9.199623E+00
  6.550000000000E-01   3.200703E-04   7.384069E-03   9.679064E+01  -8.940373E-25  -3.588307E-23  -4.703565E-19   1.200000E+02   9.198860E+00
  6.600000000000E-01   3.588810E-04   8.151240E-03   9.688274E+01  -8.917073E-25  -2.690785E-23  -3.198172E-19   1.200000E+02   9.198017E+00
  6.650000000000E-01   4.016832E-04   8.981198E-03   9.697274E+01  -5.727542E-25   1.239750E-22   1.338596E-18   1.200000E+02   9.197088E+00
  6.700000000000E-01   4.487987E-04   9.877214E-03   9.706064E+01  -5.800218E-25   1.200658E-23   1.179853E-19   1.200000E+02   9.196065E+00
  6.750000000000E-01   5.005662E-04   1.084255E-02   9.714643E+01  -1.730342E-25   4.660785E-23   4.175944E-19   1.200000E+02   9.194941E+00
  6.800000000000E-01   5.573403E-04   1.188043E-02   9.723010E+01  -2.950866E-25  -1.406027E-22  -1.150700E-18   1.200000E+02   9.193708E+00
  6.850000000000E-01   6.194917E-04   1.299404E-02   9.731164E+01  -1.316540E-24  -1.241360E-22  -9.296471E-19   1.200000E+02   9.192358E+00
  6.900000000000E-01   6.874069E-04   1.418652E-02   9.739104E+01  -2.195143E-24  -2.012820E-22  -1.381809E-18   1.200000E+02   9.190883E+00
  6.950000000000E-01   7.614879E-04   1.546091E-02   9.746829E+01  -3.115122E-24  -2.065849E-22  -1.302348E-18   1.200000E+02   9.189275E+00
  7.000000000000E-01   8.421517E-04   1.682015E-02   9.754337E+01  -4.523338E-24  -7.372159E-22  -4.275262E-18   1.200000E+02   9.187523E+00
  7.050000000000E-01   9.298297E-04   1.826708E-02   9.761628E+01  -4.212175E-24   3.283449E-22   1.754621E-18   1.200000E+02   9.185619E+00
  7.100000000000E-01   1.024967E-03   1.980442E-02   9.768701E+01  -3.330711E-24   4.863607E-22   2.399016E-18   1.200000E+02   9.183553E+00
  7.150000000000E-01   1.128023E-03   2.143474E-02   9.775553E+01  -3.609156E-24  -6.427454E-22  -2.931312E-18   1.200000E+02   9.181315E+00
  7.200000000000E-01   1.239467E-03   2.316045E-02   9.782184E+01  -2.822307E-24  -1.682555E-22  -7.106539E-19   1.200000E+02   9.178895E+00
  7.250000000000E-01   1.359784E-03   2.498381E-02   9.788593E+01  -7.024827E-24  -8.086290E-22  -3.168188E-18   1.200000E+02   9.176283E+00
  7.300000000000E-01   1.489465E-03   2.690689E-02   9.794778E+01  -1.273245E-23  -1.077641E-22  -3.922883E-19   1.200000E+02   9.173467E+00
  7.350000000000E-01   1.629015E-03   2.893159E-02   9.800738E+01  -1.458417E-23  -5.487915E-22  -1.859062E-18   1.200000E+02   9.170437E+00
  7.400000000000E-01   1.778946E-03   3.105961E-02   9.806472E+01  -1.740203E-23  -3.995977E-22  -1.261653E-18   1.200000E+02   9.167181E+00
  7.450000000000E-01   1.939779E-03   3.329249E-02   9.811979E+01  -2.460168E-23  -2.309902E-21  -6.807754E-18   1.200000E+02   9.163688E+00
  7.500000000000E-01   2.112041E-03   3.563153E-02   9.817257E+01  -3.053997E-23  -2.310024E-21  -6.364615E-18   1.200000E+02   9.159948E+00
  7.550000000000E-01   2.296266E-03   3.807786E-02   9.822305E+01  -3.994401E-23   1.098189E-24   2.832814E-21   1.200000E+02   9.155947E+00
  7.600000000000E-01   2.492993E-03   4.063243E-02   9.827122E+01  -4.151092E-23  -1.055200E-21  -2.552046E-18   1.200000E+02   9.151676E+00
  7.650000000000E-01   2.702765E-03   4.329597E-02   9.831707E+01  -2.954395E-23   2.949779E-21   6.698397E-18   1.200000E+02   9.147120E+00
  7.700000000000E-01   2.926128E-03   4.606905E-02   9.836059E+01  -3.477617E-23  -3.179848E-21  -6.789193E-18   1.200000E+02   9.142270E+00
  7.750000000000E-01   3.163631E-03   4.895204E-02   9.840176E+01  -3.983718E-23   2.907307E-21   5.844171E-18   1.200000E+02   9.137113E+00
  7.800000000000E-01   3.415824E-03   5.194514E-02   9.844058E+01  -2.792416E-23   4.449789E-21   8.432738E-18   1.200000E+02   9.131636E+00
  7.850000000000E-01   3.683259E-03   5.504840E-02   9.847702E+01  -2.536553E-23   1.836846E-21   3.285966E-18   1.200000E+02   9.125829E+00
  7.900000000000E-01   3.966484E-03   5.826169E-02   9.851110E+01  -1.768307E-23  -8.142589E-22  -1.376780E-18   1.200000E+02   9.119679E+00
  7.950000000000E-01   4.266051E-03   6.158475E-02   9.854278E+01  -7.831770E-24  -1.359343E-21  -2.175108E-18   1.200000E+02   9.113174E+00
  8.000000000000E-01   4.582507E-03   6.501716E-02   9.857206E+01  -2.272284E-23  -7.899958E-21  -1.197707E-17   1.200000E+02   9.106302E+00
  8.050000000000E-01   4.916397E-03   6.855841E-02   9.859893E+01  -3.454672E-23   3.065888E-21   4.409280E-18   1.200000E+02   9.099052E+00
  8.100000000000E-01   5.268264E-03   7.220782E-02   9.862339E+01  -6.573897E-23  -1.029546E-20  -1.406181E-17   1.200000E+02   9.091411E+00
  8.150000000000E-01   5.638647E-03   7.596465E-02   9.864541E+01  -1.472883E-22  -3.116750E-20  -4.047318E-17   1.200000E+02   9.083369E+00
  8.200000000000E-01   6.028081E-03   7.982802E-02   9.866499E+01  -2.134848E-22  -6.215265E-21  -7.681877E-18   1.200000E+02   9.074912E+00
  8.250000000000E-01   6.437096E-03   8.379700E-02   9.868213E+01  -2.268212E-22   1.004104E-20   1.182466E-17   1.200000E+02   9.066030E+00
  8.300000000000E-01   6.866218E-03   8.787054E-02   9.869680E+01  -2.813805E-22  -7.972084E-21  -8.954300E-18   1.200000E+02   9.056712E+00
  8.350000000000E-01   7.315967E-03   9.204754E-02   9.870900E+01  -2.954338E-22  -4.869588E-21  -5.221999E-18   1.200000E+02   9.046946E+00
  8.400000000000E-01   7.786857E-03   9.632683E-02   9.871872E+01  -3.196473E-22  -1.527599E-20  -1.565531E-17   1.200000E+02   9.036721E+00
  8.450000000000E-01   8.279397E-03   1.007072E-01   9.872595E+01  -3.915803E-22  -3.035297E-20  -2.975583E-17   1.200000E+02   9.026025E+00
  8.500000000000E-01   8.794089E-03   1.051873E-01   9.873067E+01  -4.740953E-22  -2.728577E-20  -2.561090E-17   1.200000E+02   9.014849E+00
  8.550000000000E-01   9.331428E-03   1.097659E-01   9.873289E+01  -5.437337E-22  -1.365082E-20  -1.227872E-17   1.200000E+02   9.003181E+00
  8.600000000000E-01   9.891904E-03   1.144417E-01   9.873258E+01  -8.102809E-22  -4.873991E-20  -4.204952E-17   1.200000E+02   8.991010E+00
  8.650000000000E-01   1.047600E-02   1.192131E-01   9.872974E+01  -9.196327E-22  -4.851601E-21  -4.017994E-18   1.200000E+02   8.978327E+00
  8.700000000000E-01   1.108419E-02   1.240787E-01   9.872435E+01  -1.161099E-21  -9.395632E-21  -7.475718E-18   1.200000E+02   8.965120E+00
  8.750000000000E-01   1.171693E-02   1.290372E-01   9.871641E+01  -1.373970E-21  -2.399748E-20  -1.835862E-17   1.200000E+02   8.951380E+00
  8.800000000000E-01   1.237470E-02   1.340870E-01   9.870591E+01  -1.739420E-21  -3.126607E-20  -2.301599E-17   1.200000E+02   8.937097E+00
  8.850000000000E-01   1.305795E-02   1.392266E-01   9.869282E+01  -1.841839E-21   1.998336E-20   1.416550E-17   1.200000E+02   8.922260E+00
  8.900000000000E-01   1.376711E-02   1.444544E-01   9.867715E+01  -1.985586E-21  -4.691079E-20  -3.204487E-17   1.200000E+02   8.906861E+00
  8.950000000000E-01   1.450263E-02   1.497689E-01   9.865888E+01  -2.016988E-21  -3.751683E-20  -2.471386E-17   1.200000E+02   8.890890E+00
  9.000000000000E-01   1.526494E-02   1.551685E-01   9.863799E+01  -1.946893E-21   2.702364E-20   1.717848E-17   1.200000E+02   8.874336E+00
  9.050000000000E-01   1.605445E-02   1.606515E-01   9.861448E+01  -2.077645E-21  -7.435550E-20  -4.564247E-17   1.200000E+02   8.857192E+00
  9.100000000000E-01   1.687158E-02   1.662162E-01   9.858834E+01  -2.487771E-21  -9.376982E-21  -5.561798E-18   1.200000E+02   8.839448E+00
  9.150000000000E-01   1.771674E-02   1.718611E-01   9.855955E+01  -2.451625E-21   3.175915E-21   1.821336E-18   1.200000E+02   8.821096E+00
  9.200000000000E-01   1.859032E-02   1.775843E-01   9.852810E+01  -2.292343E-21   3.340010E-20   1.853119E-17   1.200000E+02   8.802127E+00
  9.250000000000E-01   1.949270E-02   1.833840E-01   9.849398E+01  -2.562551E-21  -2.945473E-21  -1.581988E-18   1.200000E+02   8.782531E+00
  9.300000000000E-01   2.042428E-02   1.892585E-01   9.845718E+01  -3.050858E-21  -1.466184E-19  -7.627468E-17   1.200000E+02   8.762303E+00
  9.350000000000E-01   2.138541E-02   1.952059E-01   9.841768E+01  -3.469200E-21  -7.618051E-20  -3.840821E-17   1.200000E+02   8.741432E+00
  9.400000000000E-01   2.237645E-02   2.012242E-01   9.837547E+01  -4.284954E-21  -2.404387E-19  -1.175468E-16   1.200000E+02   8.719912E+00
  9.450000000000E-01   2.339776E-02   2.073116E-01   9.833055E+01  -4.694576E-21  -1.488460E-20  -7.059960E-18   1.200000E+02   8.697734E+00
  9.500000000000E-01   2.444967E-02   2.134658E-01   9.828290E+01  -6.256509E-21  -4.595683E-19  -2.115922E-16   1.200000E+02   8.674892E+00
  9.550000000000E-01   2.553252E-02   2.196849E-01   9.823250E+01  -8.484602E-21  -4.907818E-19  -2.194540E-16   1.200000E+02   8.651379E+00
  9.600000000000E-01   2.664662E-02   2.259666E-01   9.817935E+01  -1.164634E-20  -7.138069E-19  -3.101392E-16   1.200000E+02   8.627186E+00
  9.650000000000E-01   2.779228E-02   2.323087E-01   9.812344E+01  -1.519848E-20  -6.634199E-19  -2.802179E-16   1.200000E+02   8.602308E+00
  9.700000000000E-01   2.896980E-02   2.387087E-01   9.806474E+01  -1.851017E-20  -7.456585E-19  -3.063265E-16   1.200000E+02   8.576739E+00
  9.750000000000E-01   3.017946E-02   2.451643E-01   9.800327E+01  -2.135064E-20  -5.489670E-19  -2.194470E-16   1.200000E+02   8.550472E+00
  9.800000000000E-01   3.142153E-02   2.516728E-01   9.793899E+01  -2.219434E-20  -3.467618E-20  -1.349430E-17   1.200000E+02   8.523500E+00
  9.850000000000E-01   3.269627E-02   2.582317E-01   9.787191E+01  -2.148188E-20   2.991900E-19   1.133954E-16   1.200000E+02   8.495820E+00
  9.900000000000E-01   3.400392E-02   2.648380E-01   9.780201E+01  -2.171900E-20  -2.874542E-19  -1.061539E-16   1.200000E+02   8.467424E+00
  9.950000000000E-01   3.534472E-02   2.714888E-01   9.772928E+01  -2.191164E-20  -4.939421E-20  -1.778070E-17   1.200000E+02   8.438309E+00
  1.000000000000E+00   3.671888E-02   2.781812E-01   9.765372E+01  -2.251216E-20  -1.411581E-19  -4.955265E-17   1.200000E+02   8.408470E+00
  1.005000000000E+00   3.812661E-02   2.849264E-01   9.757536E+01  -2.317914E-20  -4.829340E-19  -1.653847E-16   1.200000E+02   8.377901E+00
  1.010000000000E+00   3.956832E-02   2.917855E-01   9.749439E+01  -2.728488E-20  -1.025421E-18  -3.426243E-16   1.200000E+02   8.346595E+00
  1.015000000000E+00   4.104474E-02   2.988175E-01   9.741095E+01  -3.198664E-20  -5.643507E-19  -1.839716E-16   1.200000E+02   8.314535E+00
  1.020000000000E+00   4.255685E-02   3.060659E-01   9.732509E+01  -3.257835E-20  -1.829116E-19  -5.816358E-17   1.200000E+02   8.281700E+00
  1.025000000000E+00   4.410580E-02   3.135619E-01   9.723679E+01  -3.285457E-20   1.158200E-19   3.591623E-17   1.200000E+02   8.248065E+00
  1.030000000000E+00   4.569289E-02   3.213269E-01   9.714601E+01  -2.768268E-20   1.066411E-18   3.224054E-16   1.200000E+02   8.213602E+00
  1.035000000000E+00   4.731952E-02   3.293748E-01   9.705264E+01  -2.159133E-20   1.161976E-18   3.423847E-16   1.200000E+02   8.178280E+00
  1.040000000000E+00   4.898711E-02   3.377142E-01   9.695658E+01  -1.634547E-20   1.033494E-18   2.967125E-16   1.200000E+02   8.142069E+00
  1.045000000000E+00   5.069714E-02   3.463504E-01   9.685769E+01  -1.264868E-20   2.269014E-19   6.345349E-17   1.200000E+02   8.104936E+00
  1.050000000000E+00   5.245109E-02   3.552873E-01   9.675587E+01  -1.324675E-20  -8.398552E-19  -2.287189E-16   1.200000E+02   8.066849E+00
  1.055000000000E+00   5.425050E-02   3.645286E-01   9.665096E+01  -1.961291E-20  -1.426577E-18  -3.782422E-16   1.200000E+02   8.027776E+00
  1.060000000000E+00   5.609687E-02   3.740794E-01   9.654285E+01  -2.816838E-20  -1.838858E-18  -4.745745E-16   1.200000E+02   7.987682E+00
  1.065000000000E+00   5.799180E-02   3.839473E-01   9.643141E+01  -3.305230E-20  -3.344616E-19  -8.400268E-17   1.200000E+02   7.946534E+00
  1.070000000000E+00   5.993687E-02   3.941425E-01   9.631652E+01  -3.332573E-20   5.770985E-19   1.410254E-16   1.200000E+02   7.904298E+00
  1.075000000000E+00   6.193377E-02   4.046788E-01   9.619807E+01  -2.849889E-20   1.746325E-18   4.151270E-16   1.200000E+02   7.860935E+00
  1.080000000000E+00   6.398423E-02   4.155733E-01   9.607594E+01  -2.193557E-20   9.279758E-19   2.145377E-16   1.200000E+02   7.816410E+00
  1.085000000000E+00   6.609011E-02   4.268462E-01   9.595001E+01  -1.171648E-20   3.230088E-18   7.260857E-16   1.200000E+02   7.770682E+00
  1.090000000000E+00   6.825334E-02   4.385209E-01   9.582017E+01   3.429382E-21   2.264225E-18   4.947504E-16   1.200000E+02   7.723708E+00
  1.095000000000E+00   7.047600E-02   4.506229E-01   9.568627E+01   1.065806E-20   2.355751E-18   5.002253E-16   1.200000E+02   7.675443E+00
  1.100000000000E+00   7.276029E-02   4.631797E-01   9.554818E+01   3.608545E-20   6.831875E-18   1.409330E-15   1.200000E+02   7.625840E+00
  1.105000000000E+00   7.510857E-02   4.762199E-01   9.540576E+01   7.010142E-20   7.368797E-18   1.476263E-15   1.200000E+02   7.574848E+00
  1.110000000000E+00   7.752331E-02   4.897729E-01   9.525884E+01   1.022985E-19   4.320162E-18   8.402540E-16   1.200000E+02   7.522413E+00
  1.115000000000E+00   8.000717E-02   5.038686E-01   9.510724E+01   1.094396E-19  -1.477955E-18  -2.789699E-16   1.200000E+02   7.468477E+00
  1.120000000000E+00   8.256292E-02   5.185369E-01   9.495078E+01   1.023080E-19  -1.643570E-18  -3.009588E-16   1.200000E+02   7.412979E+00
  1.125000000000E+00   8.519350E-02   5.338078E-01   9.478924E+01   8.179390E-20  -4.050584E-18  -7.192696E-16   1.200000E+02   7.355857E+00
  1.130000000000E+00   8.790201E-02   5.497115E-01   9.462241E+01   6.004719E-20  -3.127069E-18  -5.382656E-16   1.200000E+02   7.297042E+00
  1.135000000000E+00   9.069168E-02   5.662787E-01   9.445006E+01   4.788136E-20  -2.370462E-18  -3.953711E-16   1.200000E+02   7.236465E+00
  1.140000000000E+00   9.356591E-02   5.835410E-01   9.427194E+01   3.125374E-20  -3.917828E-18  -6.329311E-16   1.200000E+02   7.174052E+00
  1.145000000000E+00   9.652825E-02   6.015312E-01   9.408780E+01   2.283946E-20  -1.456201E-18  -2.277700E-16   1.200000E+02   7.109726E+00
  1.150000000000E+00   9.958244E-02   6.202842E-01   9.389737E+01   1.369613E-20  -1.323895E-18  -2.004086E-16   1.200000E+02   7.043405E+00
  1.155000000000E+00   1.027324E-01   6.398374E-01   9.370037E+01   1.366916E-20  -8.000770E-19  -1.171665E-16   1.200000E+02   6.975005E+00
  1.160000000000E+00   1.059822E-01   6.602310E-01   9.349651E+01   1.064170E-20   7.067185E-19   1.000797E-16   1.200000E+02   6.904437E+00
  1.165000000000E+00   1.093361E-01   6.815086E-01   9.328547E+01   7.113942E-21   7.446980E-19   1.019349E-16   1.200000E+02   6.831607E+00
  1.170000000000E+00   1.127987E-01   7.037179E-01   9.306695E+01  -6.301426E-21  -7.132405E-18  -9.432632E-16   1.200000E+02   6.756417E+00
  1.175000000000E+00   1.163748E-01   7.269100E-01   9.284060E+01  -3.187753E-20  -3.954915E-18  -5.051199E-16   1.200000E+02   6.678762E+00
  1.180000000000E+00   1.200695E-01   7.511403E-01   9.260606E+01  -6.486727E-20  -8.599261E-18  -1.060180E-15   1.200000E+02   6.598534E+00
  1.185000000000E+00   1.238880E-01   7.764683E-01   9.236296E+01  -9.941319E-20  -4.340059E-18  -5.162615E-16   1.200000E+02   6.515616E+00
  1.190000000000E+00   1.278360E-01   8.029574E-01   9.211091E+01  -1.295265E-19  -4.205341E-18  -4.824138E-16   1.200000E+02   6.429886E+00
  1.195000000000E+00   1.319195E-01   8.306749E-01   9.184948E+01  -1.295548E-19   4.083804E-18   4.515548E-16   1.200000E+02   6.341214E+00
  1.200000000000E+00   1.361449E-01   8.596918E-01   9.157822E+01  -1.113472E-19   4.890033E-18   5.209082E-16   1.200000E+02   6.249462E+00
  1.205000000000E+00   1.405187E-01   8.900831E-01   9.129665E+01  -8.346805E-20   7.546441E-18   7.740455E-16   1.200000E+02   6.154486E+00
  1.210000000000E+00   1.450480E-01   9.219272E-01   9.100429E+01  -3.493547E-20   1.061012E-17   1.047335E-15   1.200000E+02   6.056133E+00
  1.215000000000E+00   1.497404E-01   9.553067E-01   9.070058E+01   8.598775E-21   1.203343E-17   1.142502E-15   1.200000E+02   5.954239E+00
  1.220000000000E+00   1.546037E-01   9.903081E-01   9.038497E+01   7.424100E-20   1.303453E-17   1.189655E-15   1.200000E+02   5.848634E+00
  1.225000000000E+00   1.596462E-01   1.027023E+00   9.005685E+01   1.393426E-19   9.495914E-18   8.326711E-16   1.200000E+02   5.739137E+00
  1.230000000000E+00   1.648768E-01   1.065546E+00   8.971560E+01   1.656958E-19   3.250472E-18   2.736794E-16   1.200000E+02   5.625556E+00
  1.235000000000E+00   1.703047E-01   1.105980E+00   8.936054E+01   1.633626E-19  -1.014577E-17  -8.197541E-16   1.200000E+02   5.507690E+00
  1.240000000000E+00   1.759398E-01   1.148432E+00   8.899097E+01   1.257525E-19  -1.445294E-17  -1.119945E-15   1.200000E+02   5.385325E+00
  1.245000000000E+00   1.817925E-01   1.193016E+00   8.860615E+01   4.451615E-20  -1.866037E-17  -1.385918E-15   1.200000E+02   5.258237E+00
  1.250000000000E+00   1.878736E-01   1.239855E+00   8.820528E+01  -8.476510E-20  -2.893579E-17  -2.058539E-15   1.200000E+02   5.126187E+00
  1.255000000000E+00   1.941948E-01   1.289078E+00   8.778752E+01  -2.473342E-19  -4.096547E-17  -2.789791E-15   1.200000E+02   4.988923E+00
  1.260000000000E+00   2.007684E-01   1.340823E+00   8.735201E+01  -4.543087E-19  -4.178592E-17  -2.722271E-15   1.200000E+02   4.846180E+00
  1.265000000000E+00   2.076073E-01   1.395240E+00   8.689780E+01  -6.479584E-19  -3.864120E-17  -2.406635E-15   1.200000E+02   4.697674E+00
  1.270000000000E+00   2.147253E-01   1.452487E+00   8.642390E+01  -8.249019E-19  -4.363382E-17  -2.596239E-15   1.200000E+02   4.543109E+00
  1.275000000000E+00   2.221370E-01   1.512732E+00   8.592928E+01  -1.000491E-18  -2.931097E-17  -1.664981E-15   1.200000E+02   4.382167E+00
  1.280000000000E+00   2.298577E-01   1.576156E+00   8.541281E+01  -1.081134E-18  -9.647541E-18  -5.228059E-16   1.200000E+02   4.214513E+00
  1.285000000000E+00   2.379039E-01   1.642948E+00   8.487333E+01  -1.103750E-18  -8.675263E-18  -4.481568E-16   1.200000E+02   4.039792E+00
  1.290000000000E+00   2.462929E-01   1.713313E+00   8.430958E+01  -1.086429E-18   1.019967E-17   5.019104E-16   1.200000E+02   3.857628E+00
  1.295000000000E+00   2.550431E-01   1.787465E+00   8.372024E+01  -1.054434E-18   1.240937E-17   5.812228E-16   1.200000E+02   3.667620E+00
  1.300000000000E+00   2.641740E-01   1.865633E+00   8.310391E+01  -1.009880E-18   1.688840E-18   7.522872E-17   1.200000E+02   3.469346E+00
  1.305000000000E+00   2.737063E-01   1.948059E+00   8.245910E+01  -1.051673E-18  -2.482642E-17  -1.050874E-15   1.200000E+02   3.262356E+00
  1.310000000000E+00   2.836618E-01   2.035000E+00   8.178422E+01  -1.187131E-18  -1.610695E-17  -6.473190E-16   1.200000E+02   3.046176E+00
  1.315000000000E+00   2.940639E-01   2.126727E+00   8.107760E+01  -1.159109E-18   1.133718E-17   4.322095E-16   1.200000E+02   2.820300E+00
  1.320000000000E+00   3.049372E-01   2.223529E+00   8.033747E+01  -1.072331E-18   4.409461E-17   1.593165E-15   1.200000E+02   2.584194E+00
  1.325000000000E+00   3.163078E-01   2.325712E+00   7.956194E+01  -6.771492E-19   9.206918E-17   3.149660E-15   1.200000E+02   2.337291E+00
  1.330000000000E+00   3.282035E-01   2.433601E+00   7.874903E+01  -2.639814E-19   6.741484E-17   2.181480E-15   1.200000E+02   2.078995E+00
  1.335000000000E+00   3.406535E-01   2.547542E+00   7.789664E+01   1.476811E-19   7.474727E-17   2.285560E-15   1.200000E+02   1.808670E+00
  1.340000000000E+00   3.536892E-01   2.667900E+00   7.700255E+01   3.774320E-19   3.666313E-17   1.058194E-15   1.200000E+02   1.525652E+00
  1.345000000000E+00   3.673434E-01   2.795061E+00   7.606445E+01   3.957864E-19  -5.055860E-17  -1.375896E-15   1.200000E+02   1.229247E+00
  1.350000000000E+00   3.816513E-01   2.929431E+00   7.507998E+01  -2.200048E-19  -2.064990E-16  -5.292477E-15   1.200000E+02   9.187413E-01
  1.355000000000E+00   3.966499E-01   3.071425E+00   7.404680E+01  -1.476041E-18  -2.676671E-16  -6.452996E-15   1.200000E+02   5.934392E-01
  1.360000000000E+00   4.123784E-01   3.221453E+00   7.296292E+01  -2.845236E-18  -2.654462E-16  -6.012109E-15   1.200000E+02   2.527379E-01
  1.365000000000E+00   4.288779E-01   3.379868E+00   7.182726E+01  -4.168166E-18  -2.230326E-16  -4.739777E-15   1.200000E+02  -1.036681E-01
  1.370000000000E+00   4.461908E-01   3.546843E+00   7.064143E+01  -5.117841E-18  -2.264630E-16  -4.510397E-15   1.200000E+02  -4.752660E-01
  1.375000000000E+00   4.643596E-01   3.722058E+00   6.941409E+01  -6.217883E-18  -1.568674E-16  -2.925480E-15   1.200000E+02  -8.593865E-01
  1.380000000000E+00   4.834222E-01   3.903899E+00   6.817164E+01  -6.710409E-18  -2.858871E-17  -4.992290E-16   1.200000E+02  -1.247910E+00
  1.385000000000E+00   5.034019E-01   4.087577E+00   6.698026E+01  -6.330547E-18   1.540587E-16   2.524451E-15   1.200000E+02  -1.620535E+00
  1.390000000000E+00   5.242833E-01   4.261740E+00   6.596668E+01  -5.166131E-18   2.798160E-16   4.331221E-15   1.200000E+02  -1.938303E+00
  1.395000000000E+00   5.459719E-01   4.406135E+00   6.526815E+01  -3.360613E-18   3.647613E-16   5.403215E-15   1.200000E+02  -2.158623E+00
  1.400000000000E+00   5.682591E-01   4.497459E+00   6.489591E+01  -1.645527E-18   2.815425E-16   4.062506E-15   1.200000E+02  -2.276828E+00
  1.405000000000E+00   5.908380E-01   4.521518E+00   6.473319E+01  -8.955960E-19   1.613184E-17   2.309546E-16   1.200000E+02  -2.327448E+00
  1.410000000000E+00   6.133655E-01   4.477961E+00   6.466866E+01  -1.439201E-18  -2.548674E-16  -3.680678E-15   1.200000E+02  -2.344108E+00
  1.415000000000E+00   6.355246E-01   4.376487E+00   6.464539E+01  -3.219651E-18  -4.436651E-16  -6.553407E-15   1.200000E+02  -2.344490E+00
  1.420000000000E+00   6.570616E-01   4.232116E+00   6.464074E+01  -5.534482E-18  -4.056500E-16  -6.195839E-15   1.200000E+02  -2.336180E+00
  1.425000000000E+00   6.778047E-01   4.062059E+00   6.464618E+01  -7.328617E-18  -3.667724E-16  -5.837048E-15   1.200000E+02  -2.322663E+00
  1.430000000000E+00   6.976690E-01   3.883661E+00   6.465820E+01  -9.230856E-18  -2.780848E-16  -4.629772E-15   1.200000E+02  -2.306037E+00
  1.435000000000E+00   7.166536E-01   3.712852E+00   6.467492E+01  -1.011194E-17  -6.511129E-17  -1.134187E-15   1.200000E+02  -2.287971E+00
  1.440000000000E+00   7.348311E-01   3.562922E+00   6.469499E+01  -9.693250E-18   2.688146E-16   4.881094E-15   1.200000E+02  -2.269984E+00
  1.445000000000E+00   7.523320E-01   3.443611E+00   6.471704E+01  -8.111762E-18   4.058910E-16   7.628059E-15   1.200000E+02  -2.253471E+00
  1.450000000000E+00   7.693255E-01   3.360560E+00   6.473950E+01  -6.177298E-18   3.433204E-16   6.613895E-15   1.200000E+02  -2.239630E+00
  1.455000000000E+00   7.859981E-01   3.315152E+00   6.476052E+01  -4.587767E-18   2.812545E-16   5.494224E-15   1.200000E+02  -2.229352E+00
  1.460000000000E+00   8.025332E-01   3.304727E+00   6.477818E+01  -3.384968E-18   1.786018E-16   3.500893E-15   1.200000E+02  -2.223113E+00
  1.465000000000E+00   8.190917E-01   3.323160E+00   6.479087E+01  -2.373661E-18   2.150581E-16   4.192938E-15   1.200000E+02  -2.220896E+00
  1.470000000000E+00   8.357971E-01   3.361711E+00   6.479764E+01  -1.520391E-18   1.144946E-16   2.206906E-15   1.200000E+02  -2.222194E+00
  1.475000000000E+00   8.527246E-01   3.410100E+00   6.479850E+01  -1.675507E-18  -1.613769E-16  -3.066473E-15   1.200000E+02  -2.226074E+00
  1.480000000000E+00   8.698968E-01   3.457695E+00   6.479438E+01  -3.400821E-18  -4.522327E-16  -8.474472E-15   1.200000E+02  -2.231329E+00
  1.485000000000E+00   8.872845E-01   3.494711E+00   6.478690E+01  -6.186090E-18  -6.233984E-16  -1.155691E-14   1.200000E+02  -2.236667E+00
  1.490000000000E+00   9.048142E-01   3.513297E+00   6.477798E+01  -9.957619E-18  -7.854830E-16  -1.448269E-14   1.200000E+02  -2.240894E+00
  1.495000000000E+00   9.223797E-01   3.508372E+00   6.476943E+01  -1.384870E-17  -7.914510E-16  -1.461129E-14   1.200000E+02  -2.243065E+00
  1.500000000000E+00   9.398572E-01   3.478119E+00   6.476276E+01  -1.753330E-17  -6.017144E-16  -1.120395E-14   1.200000E+02  -2.242571E+00
  1.505000000000E+00   9.571226E-01   3.424051E+00   6.475899E+01  -1.918007E-17  -5.829176E-17  -1.102471E-15   1.200000E+02  -2.239172E+00
  1.510000000000E+00   9.740667E-01   3.350655E+00   6.475873E+01  -1.824747E-17   4.525046E-16   8.745641E-15   1.200000E+02  -2.232976E+00
  1.515000000000E+00   9.906089E-01   3.264662E+00   6.476220E+01  -1.496995E-17   7.757232E-16   1.538828E-14   1.200000E+02  -2.224402E+00
  1.520000000000E+00   1.006706E+00   3.174077E+00   6.476930E+01  -1.054078E-17   9.294835E-16   1.896677E-14   1.200000E+02  -2.214113E+00
  1.525000000000E+00   1.022355E+00   3.087089E+00   6.477965E+01  -6.338039E-18   7.009264E-16   1.470828E-14   1.200000E+02  -2.202945E+00
  1.530000000000E+00   1.037594E+00   3.011064E+00   6.479262E+01  -3.521829E-18   3.474778E-16   7.477091E-15   1.200000E+02  -2.191816E+00
  1.535000000000E+00   1.052493E+00   2.951717E+00   6.480727E+01  -3.219812E-18  -1.827081E-16  -4.011500E-15   1.200000E+02  -2.181634E+00
  1.540000000000E+00   1.067144E+00   2.912597E+00   6.482242E+01  -5.544726E-18  -7.040988E-16  -1.567034E-14   1.200000E+02  -2.173201E+00
  1.545000000000E+00   1.081653E+00   2.894886E+00   6.483673E+01  -9.867425E-18  -9.336176E-16  -2.091022E-14   1.200000E+02  -2.167121E+00
  1.550000000000E+00   1.096126E+00   2.897511E+00   6.484883E+01  -1.439912E-17  -9.320876E-16  -2.086094E-14   1.200000E+02  -2.163732E+00
  1.555000000000E+00   1.110656E+00   2.917481E+00   6.485761E+01  -1.878854E-17  -7.957846E-16  -1.769084E-14   1.200000E+02  -2.163073E+00
  1.560000000000E+00   1.125321E+00   2.950367E+00   6.486236E+01  -2.176564E-17  -3.104187E-16  -6.824402E-15   1.200000E+02  -2.164885E+00
  1.565000000000E+00   1.140172E+00   2.990826E+00   6.486295E+01  -2.149174E-17   3.037063E-16   6.586571E-15   1.200000E+02  -2.168652E+00
  1.570000000000E+00   1.155232E+00   3.033110E+00   6.485976E+01  -1.910154E-17   7.197549E-16   1.539117E-14   1.200000E+02  -2.173677E+00
  1.575000000000E+00   1.170497E+00   3.071526E+00   6.485365E+01  -1.475302E-17   1.063554E-15   2.245638E-14   1.200000E+02  -2.179165E+00
  1.580000000000E+00   1.185933E+00   3.100836E+00   6.484569E+01  -9.234804E-18   1.114515E-15   2.330711E-14   1.200000E+02  -2.184314E+00
  1.585000000000E+00   1.201484E+00   3.116632E+00   6.483706E+01  -3.602093E-18   1.016093E-15   2.113835E-14   1.200000E+02  -2.188388E+00
  1.590000000000E+00   1.217072E+00   3.115692E+00   6.482886E+01   3.424938E-19   5.373704E-16   1.118118E-14   1.200000E+02  -2.190773E+00
  1.595000000000E+00   1.232611E+00   3.096321E+00   6.482204E+01   1.274122E-18  -1.689700E-16  -3.537419E-15   1.200000E+02  -2.191025E+00
  1.600000000000E+00   1.248006E+00   3.058656E+00   6.481736E+01  -8.663021E-19  -6.352116E-16  -1.346105E-14   1.200000E+02  -2.188894E+00
  1.605000000000E+00   1.263172E+00   3.004876E+00   6.481539E+01  -4.661953E-18  -8.359397E-16  -1.803128E-14   1.200000E+02  -2.184351E+00
  1.610000000000E+00   1.278036E+00   2.939222E+00   6.481655E+01  -8.998302E-18  -7.355271E-16  -1.622005E-14   1.200000E+02  -2.177606E+00
  1.615000000000E+00   1.292554E+00   2.867776E+00   6.482107E+01  -1.230999E-17  -5.142526E-16  -1.162378E-14   1.200000E+02  -2.169117E+00
  1.620000000000E+00   1.306716E+00   2.797915E+00   6.482903E+01  -1.435146E-17  -2.843331E-16  -6.588133E-15   1.200000E+02  -2.159578E+00
  1.625000000000E+00   1.320549E+00   2.737485E+00   6.484019E+01  -1.420801E-17   3.679658E-16   8.715654E-15   1.200000E+02  -2.149888E+00
  1.630000000000E+00   1.334118E+00   2.693749E+00   6.485396E+01  -1.092680E-17   9.206335E-16   2.216492E-14   1.200000E+02  -2.141072E+00
  1.635000000000E+00   1.347522E+00   2.672278E+00   6.486917E+01  -4.925938E-18   1.333522E-15   3.237106E-14   1.200000E+02  -2.134170E+00
  1.640000000000E+00   1.360881E+00   2.675964E+00   6.488406E+01   1.171923E-18   1.094401E-15   2.653593E-14   1.200000E+02  -2.130077E+00
  1.645000000000E+00   1.374321E+00   2.704357E+00   6.489650E+01   6.184765E-18   7.043767E-16   1.690294E-14   1.200000E+02  -2.129381E+00
  1.650000000000E+00   1.387958E+00   2.753483E+00   6.490439E+01   8.018343E-18   5.753851E-17   1.356283E-15   1.200000E+02  -2.132215E+00
  1.655000000000E+00   1.401878E+00   2.816212E+00   6.490625E+01   6.514285E-18  -6.560658E-16  -1.512058E-14   1.200000E+02  -2.138176E+00
  1.660000000000E+00   1.416127E+00   2.883184E+00   6.490172E+01   2.051331E-18  -1.274617E-15  -2.869218E-14   1.200000E+02  -2.146347E+00
  1.665000000000E+00   1.430700E+00   2.944164E+00   6.489168E+01  -6.070171E-18  -1.774205E-15  -3.910486E-14   1.200000E+02  -2.155435E+00
  1.670000000000E+00   1.445544E+00   2.989634E+00   6.487801E+01  -1.542160E-17  -1.911620E-15  -4.148404E-14   1.200000E+02  -2.163995E+00
  1.675000000000E+00   1.460560E+00   3.012342E+00   6.486308E+01  -2.520595E-17  -1.810421E-15  -3.898278E-14   1.200000E+02  -2.170688E+00
  1.680000000000E+00   1.475624E+00   3.008514E+00   6.484923E+01  -3.217736E-17  -8.891495E-16  -1.916583E-14   1.200000E+02  -2.174497E+00
  1.685000000000E+00   1.490603E+00   2.978483E+00   6.483835E+01  -3.447338E-17  -1.939182E-16  -4.221390E-15   1.200000E+02  -2.174873E+00
  1.690000000000E+00   1.505374E+00   2.926591E+00   6.483175E+01  -3.377530E-17   3.700746E-16   8.198134E-15   1.200000E+02  -2.171776E+00
  1.695000000000E+00   1.519846E+00   2.860373E+00   6.483010E+01  -2.932489E-17   1.573686E-15   3.566745E-14   1.200000E+02  -2.165646E+00
  1.700000000000E+00   1.533970E+00   2.789191E+00   6.483354E+01  -1.909918E-17   2.134127E-15   4.960686E-14   1.200000E+02  -2.157311E+00
  1.705000000000E+00   1.547745E+00   2.722591E+00   6.484168E+01  -8.397878E-18   2.179901E-15   5.191687E-14   1.200000E+02  -2.147860E+00
  1.710000000000E+00   1.561216E+00   2.668731E+00   6.485359E+01   1.491493E-18   1.855626E-15   4.509409E-14   1.200000E+02  -2.138483E+00
  1.715000000000E+00   1.574462E+00   2.633179E+00   6.486782E+01   8.707106E-18   9.600917E-16   2.365166E-14   1.200000E+02  -2.130308E+00
  1.720000000000E+00   1.587581E+00   2.618290E+00   6.488250E+01   1.206917E-17   4.324726E-16   1.071688E-14   1.200000E+02  -2.124239E+00
  1.725000000000E+00   1.600677E+00   2.623237E+00   6.489563E+01   1.296509E-17   3.366637E-17   8.328640E-16   1.200000E+02  -2.120826E+00
  1.730000000000E+00   1.613840E+00   2.644611E+00   6.490546E+01   1.162569E-17  -6.142436E-16  -1.507510E-14   1.200000E+02  -2.120211E+00
  1.735000000000E+00   1.627141E+00   2.677393E+00   6.491092E+01   7.504395E-18  -9.177537E-16  -2.225009E-14   1.200000E+02  -2.122131E+00
  1.740000000000E+00   1.640623E+00   2.716068E+00   6.491180E+01   2.355183E-18  -1.001868E-15  -2.394382E-14   1.200000E+02  -2.126018E+00
  1.745000000000E+00   1.654303E+00   2.755605E+00   6.490869E+01  -2.255350E-18  -7.397442E-16  -1.742479E-14   1.200000E+02  -2.131140E+00
  1.750000000000E+00   1.668175E+00   2.792123E+00   6.490272E+01  -5.017024E-18  -4.541346E-16  -1.055633E-14   1.200000E+02  -2.136753E+00
  1.755000000000E+00   1.682215E+00   2.823125E+00   6.489518E+01  -8.040938E-18  -7.849774E-16  -1.804428E-14   1.200000E+02  -2.142222E+00
  1.760000000000E+00   1.696395E+00   2.847324E+00   6.488723E+01  -1.157646E-17  -5.480796E-16  -1.249010E-14   1.200000E+02  -2.147092E+00
  1.765000000000E+00   1.710677E+00   2.864171E+00   6.487968E+01  -1.425608E-17  -4.120550E-16  -9.333938E-15   1.200000E+02  -2.151078E+00
  1.770000000000E+00   1.725024E+00   2.873283E+00   6.487297E+01  -1.625833E-17  -3.696185E-16  -8.345243E-15   1.200000E+02  -2.154022E+00
  1.775000000000E+00   1.739396E+00   2.873991E+00   6.486726E+01  -1.815630E-17  -5.342943E-16  -1.205926E-14   1.200000E+02  -2.155815E+00
  1.780000000000E+00   1.753749E+00   2.865184E+00   6.486255E+01  -2.138749E-17  -6.998153E-16  -1.584254E-14   1.200000E+02  -2.156346E+00
  1.785000000000E+00   1.768031E+00   2.845530E+00   6.485887E+01  -2.415873E-17  -4.092409E-16  -9.327930E-15   1.200000E+02  -2.155463E+00
  1.790000000000E+00   1.782185E+00   2.814031E+00   6.485636E+01  -2.585267E-17  -2.228137E-16  -5.135297E-15   1.200000E+02  -2.152998E+00
  1.795000000000E+00   1.796152E+00   2.770768E+00   6.485533E+01  -2.667727E-17  -3.346006E-17  -7.831992E-16   1.200000E+02  -2.148823E+00
  1.800000000000E+00   1.809877E+00   2.717583E+00   6.485625E+01  -2.624339E-17   1.826029E-16   4.357896E-15   1.200000E+02  -2.142933E+00
  1.805000000000E+00   1.823318E+00   2.658478E+00   6.485968E+01  -2.420196E-17   7.014967E-16   1.711463E-14   1.200000E+02  -2.135531E+00
  1.810000000000E+00   1.836462E+00   2.599519E+00   6.486613E+01  -2.041809E-17   9.305191E-16   2.321936E-14   1.200000E+02  -2.127095E+00
  1.815000000000E+00   1.849326E+00   2.548183E+00   6.487586E+01  -1.382114E-17   1.680844E-15   4.279371E-14   1.200000E+02  -2.118385E+00
  1.820000000000E+00   1.861968E+00   2.512212E+00   6.488868E+01  -5.285713E-18   1.646197E-15   4.252011E-14   1.200000E+02  -2.110402E+00
  1.825000000000E+00   1.874483E+00   2.498188E+00   6.490366E+01   2.303342E-18   1.266140E-15   3.289468E-14   1.200000E+02  -2.104263E+00
  1.830000000000E+00   1.886992E+00   2.510122E+00   6.491899E+01   7.320808E-18   7.759275E-16   2.006772E-14   1.200000E+02  -2.101019E+00
  1.835000000000E+00   1.899627E+00   2.548370E+00   6.493213E+01   9.708256E-18   1.677402E-16   4.273999E-15   1.200000E+02  -2.101433E+00
  1.840000000000E+00   1.912512E+00   2.609134E+00   6.494038E+01   7.967209E-18  -9.388621E-16  -2.336793E-14   1.200000E+02  -2.105769E+00
  1.845000000000E+00   1.925742E+00   2.684690E+00   6.494165E+01   7.364654E-19  -1.838472E-15  -4.447196E-14   1.200000E+02  -2.113652E+00
  1.850000000000E+00   1.939365E+00   2.764351E+00   6.493523E+01  -9.791750E-18  -2.205994E-15  -5.181928E-14   1.200000E+02  -2.124054E+00
  1.855000000000E+00   1.953373E+00   2.836043E+00   6.492204E+01  -2.127926E-17  -2.219887E-15  -5.081714E-14   1.200000E+02  -2.135445E+00
  1.860000000000E+00   1.967694E+00   2.888238E+00   6.490436E+01  -3.138441E-17  -1.738234E-15  -3.906153E-14   1.200000E+02  -2.146057E+00
  1.865000000000E+00   1.982209E+00   2.911907E+00   6.488514E+01  -3.889097E-17  -1.207180E-15  -2.689922E-14   1.200000E+02  -2.154216E+00
  1.870000000000E+00   1.996760E+00   2.902121E+00   6.486728E+01  -4.212385E-17  -1.074103E-16  -2.400801E-15   1.200000E+02  -2.158628E+00
  1.875000000000E+00   2.011177E+00   2.858951E+00   6.485312E+01  -4.067141E-17   6.224543E-16   1.411990E-14   1.200000E+02  -2.158561E+00
  1.880000000000E+00   2.025304E+00   2.787501E+00   6.484423E+01  -3.750796E-17   7.509833E-16   1.746974E-14   1.200000E+02  -2.153913E+00
  1.885000000000E+00   2.039021E+00   2.697026E+00   6.484152E+01  -3.190721E-17   1.313302E-15   3.157423E-14   1.200000E+02  -2.145176E+00
  1.890000000000E+00   2.052262E+00   2.599332E+00   6.484533E+01  -2.584379E-17   1.030337E-15   2.570374E-14   1.200000E+02  -2.133345E+00
  1.895000000000E+00   2.065023E+00   2.506791E+00   6.485553E+01  -2.180925E-17   6.197476E-16   1.603407E-14   1.200000E+02  -2.119775E+00
  1.900000000000E+00   2.077356E+00   2.430356E+00   6.487140E+01  -1.941917E-17   2.841720E-16   7.585159E-15   1.200000E+02  -2.106021E+00
  1.905000000000E+00   2.089365E+00   2.377984E+00   6.489155E+01  -1.777846E-17   3.983464E-16   1.087027E-14   1.200000E+02  -2.093636E+00
  1.910000000000E+00   2.101181E+00   2.353715E+00   6.491374E+01  -1.587443E-17   2.297555E-16   6.336489E-15   1.200000E+02  -2.083976E+00
  1.915000000000E+00   2.112947E+00   2.357523E+00   6.493509E+01  -1.460148E-17   2.373687E-16   6.538032E-15   1.200000E+02  -2.078006E+00
  1.920000000000E+00   2.124796E+00   2.385840E+00   6.495263E+01  -1.346856E-17   2.500892E-16   6.808482E-15   1.200000E+02  -2.076172E+00
  1.925000000000E+00   2.136835E+00   2.432570E+00   6.496402E+01  -1.235896E-17   9.158940E-17   2.445979E-15   1.200000E+02  -2.078353E+00
  1.930000000000E+00   2.149139E+00   2.490302E+00   6.496810E+01  -1.202236E-17   1.985695E-16   5.180369E-15   1.200000E+02  -2.083912E+00
  1.935000000000E+00   2.161744E+00   2.551477E+00   6.496510E+01  -1.114141E-17  -5.744161E-17  -1.462565E-15   1.200000E+02  -2.091843E+00
  1.940000000000E+00   2.174649E+00   2.609307E+00   6.495638E+01  -1.431052E-17  -9.374806E-16  -2.333775E-14   1.200000E+02  -2.100963E+00
  1.945000000000E+00   2.187823E+00   2.658328E+00   6.494392E+01  -2.005531E-17  -1.247629E-15  -3.048003E-14   1.200000E+02  -2.110111E+00
  1.950000000000E+00   2.201211E+00   2.694578E+00   6.492978E+01  -2.748965E-17  -1.783841E-15  -4.298423E-14   1.200000E+02  -2.118295E+00
  1.955000000000E+00   2.214744E+00   2.715461E+00   6.491574E+01  -3.690609E-17  -1.829622E-15  -4.373890E-14   1.200000E+02  -2.124764E+00
  1.960000000000E+00   2.228339E+00   2.719447E+00   6.490307E+01  -4.591967E-17  -1.681851E-15  -4.013951E-14   1.200000E+02  -2.129010E+00
  1.965000000000E+00   2.241910E+00   2.705776E+00   6.489255E+01  -5.393257E-17  -1.428554E-15  -3.426098E-14   1.200000E+02  -2.130723E+00
  1.970000000000E+00   2.255368E+00   2.674302E+00   6.488459E+01  -5.947036E-17  -6.016411E-16  -1.459717E-14   1.200000E+02  -2.129737E+00
  1.975000000000E+00   2.268625E+00   2.625566E+00   6.487938E+01  -6.029270E-17   3.045528E-16   7.525690E-15   1.200000E+02  -2.125985E+00
  1.980000000000E+00   2.281598E+00   2.561084E+00   6.487704E+01  -5.578942E-17   1.322679E-15   3.350594E-14   1.200000E+02  -2.119492E+00
  1.985000000000E+00   2.294215E+00   2.483735E+00   6.487774E+01  -4.862481E-17   1.756331E-15   4.587720E-14   1.200000E+02  -2.110400E+00
  1.990000000000E+00   2.306422E+00   2.398095E+00   6.488178E+01  -3.762915E-17   2.856370E-15   7.728066E-14   1.200000E+02  -2.099021E+00
  1.995000000000E+00   2.318193E+00   2.310513E+00   6.488960E+01  -2.181500E-17   3.172921E-15   8.910988E-14   1.200000E+02  -2.085892E+00
  2.000000000000E+00   2.329537E+00   2.228797E+00   6.490169E+01  -6.226289E-18   3.040099E-15   8.852649E-14   1.200000E+02  -2.071820E+00
  2.005000000000E+00   2.340504E+00   2.161457E+00   6.491843E+01   8.434086E-18   2.717222E-15   8.161058E-14   1.200000E+02  -2.057890E+00
  2.010000000000E+00   2.351188E+00   2.116577E+00   6.493967E+01   1.942842E-17   1.665250E-15   5.109228E-14   1.200000E+02  -2.045408E+00
  2.015000000000E+00   2.361716E+00   2.100497E+00   6.496429E+01   2.545454E-17   7.946452E-16   2.457683E-14   1.200000E+02  -2.035774E+00
  2.020000000000E+00   2.372244E+00   2.116564E+00   6.498980E+01   2.823325E-17   1.493163E-17   4.584806E-16   1.200000E+02  -2.030286E+00
  2.025000000000E+00   2.382933E+00   2.164207E+00   6.501249E+01   2.367021E-17  -1.798334E-15  -5.402172E-14   1.200000E+02  -2.029890E+00
  2.030000000000E+00   2.393929E+00   2.238533E+00   6.502819E+01   1.217236E-17  -2.767118E-15  -8.038331E-14   1.200000E+02  -2.034930E+00
  2.035000000000E+00   2.405347E+00   2.330568E+00   6.503359E+01  -2.857718E-18  -3.296281E-15  -9.198145E-14   1.200000E+02  -2.044967E+00
  2.040000000000E+00   2.417244E+00   2.428147E+00   6.502732E+01  -2.092119E-17  -3.825721E-15  -1.024552E-13   1.200000E+02  -2.058735E+00
  2.045000000000E+00   2.429615E+00   2.517399E+00   6.501043E+01  -3.834988E-17  -2.972159E-15  -7.675434E-14   1.200000E+02  -2.074280E+00
  2.050000000000E+00   2.442383E+00   2.584643E+00   6.498601E+01  -5.029804E-17  -1.663761E-15  -4.183215E-14   1.200000E+02  -2.089276E+00
  2.055000000000E+00   2.455407E+00   2.618427E+00   6.495819E+01  -5.447659E-17  -3.038221E-16  -7.537247E-15   1.200000E+02  -2.101426E+00
  2.060000000000E+00   2.468501E+00   2.611378E+00   6.493103E+01  -5.309133E-17   1.007268E-15   2.504538E-14   1.200000E+02  -2.108839E+00
  2.065000000000E+00   2.481452E+00   2.561508E+00   6.490773E+01  -4.625411E-17   1.546888E-15   3.919760E-14   1.200000E+02  -2.110282E+00
  2.070000000000E+00   2.494054E+00   2.472704E+00   6.489045E+01  -3.802085E-17   1.775261E-15   4.658764E-14   1.200000E+02  -2.105278E+00
  2.075000000000E+00   2.506132E+00   2.354271E+00   6.488043E+01  -2.868161E-17   1.653703E-15   4.557376E-14   1.200000E+02  -2.094089E+00
  2.080000000000E+00   2.517570E+00   2.219577E+00   6.487843E+01  -2.222383E-17   9.576630E-16   2.799257E-14   1.200000E+02  -2.077637E+00
  2.085000000000E+00   2.528326E+00   2.084041E+00   6.488506E+01  -1.823635E-17   6.976482E-16   2.172076E-14   1.200000E+02  -2.057392E+00
  2.090000000000E+00   2.538434E+00   1.962807E+00   6.490096E+01  -1.724812E-17  -1.222248E-16  -4.041410E-15   1.200000E+02  -2.035246E+00
  2.095000000000E+00   2.547998E+00   1.868556E+00   6.492636E+01  -1.857810E-17  -2.994979E-16  -1.040659E-14   1.200000E+02  -2.013338E+00
  2.100000000000E+00   2.557176E+00   1.809831E+00   6.496035E+01  -1.980330E-17  -3.058466E-16  -1.097776E-14   1.200000E+02  -1.993840E+00
  2.105000000000E+00   2.566159E+00   1.790157E+00   6.500005E+01  -2.140557E-17  -3.029026E-16  -1.099830E-14   1.200000E+02  -1.978702E+00
  2.110000000000E+00   2.575138E+00   1.808026E+00   6.504048E+01  -2.249542E-17   4.660462E-17   1.676518E-15   1.200000E+02  -1.969383E+00
  2.115000000000E+00   2.584290E+00   1.857621E+00   6.507559E+01  -2.172672E-17   2.528781E-16   8.858748E-15   1.200000E+02  -1.966632E+00
  2.120000000000E+00   2.593751E+00   1.930014E+00   6.509995E+01  -2.183175E-17  -1.350503E-16  -4.555287E-15   1.200000E+02  -1.970352E+00
  2.125000000000E+00   2.603609E+00   2.014571E+00   6.511043E+01  -2.102882E-17   2.176230E-16   7.033521E-15   1.200000E+02  -1.979607E+00
  2.130000000000E+00   2.613899E+00   2.100334E+00   6.510679E+01  -1.955621E-17   6.480318E-16   2.008788E-14   1.200000E+02  -1.992776E+00
  2.135000000000E+00   2.624598E+00   2.177224E+00   6.509138E+01  -1.480004E-17   1.182867E-15   3.536359E-14   1.200000E+02  -2.007832E+00
  2.140000000000E+00   2.635643E+00   2.236951E+00   6.506813E+01  -8.484084E-18   1.229435E-15   3.576164E-14   1.200000E+02  -2.022680E+00
  2.145000000000E+00   2.646931E+00   2.273588E+00   6.504134E+01  -3.471612E-18   9.038049E-16   2.585546E-14   1.200000E+02  -2.035465E+00
  2.150000000000E+00   2.658337E+00   2.283809E+00   6.501475E+01   1.801062E-18   9.453230E-16   2.691115E-14   1.200000E+02  -2.044783E+00
  2.155000000000E+00   2.669725E+00   2.266821E+00   6.499109E+01   5.543162E-18   4.920153E-16   1.410637E-14   1.200000E+02  -2.049756E+00
  2.160000000000E+00   2.680964E+00   2.224102E+00   6.497201E+01   7.372862E-18   1.497140E-18   4.373548E-17   1.200000E+02  -2.050002E+00
  2.165000000000E+00   2.691930E+00   2.159024E+00   6.495828E+01   4.114252E-18  -8.951529E-16  -2.693234E-14   1.200000E+02  -2.045546E+00
  2.170000000000E+00   2.702526E+00   2.076445E+00   6.495009E+01  -9.783768E-19  -1.137253E-15  -3.557264E-14   1.200000E+02  -2.036723E+00
  2.175000000000E+00   2.712676E+00   1.982330E+00   6.494742E+01  -6.343860E-18  -1.220593E-15  -3.999049E-14   1.200000E+02  -2.024100E+00
  2.180000000000E+00   2.722341E+00   1.883389E+00   6.495022E+01  -1.239028E-17  -1.076477E-15  -3.712320E-14   1.200000E+02  -2.008430E+00
  2.185000000000E+00   2.731514E+00   1.786704E+00   6.495864E+01  -1.594999E-17  -4.257918E-16  -1.548038E-14   1.200000E+02  -1.990632E+00
  2.190000000000E+00   2.740223E+00   1.699298E+00   6.497299E+01  -1.635048E-17   3.655771E-17   1.397791E-15   1.200000E+02  -1.971781E+00
  2.195000000000E+00   2.748532E+00   1.627628E+00   6.499363E+01  -1.626919E-17  -7.647913E-17  -3.053926E-15   1.200000E+02  -1.953081E+00
  2.200000000000E+00   2.756533E+00   1.577014E+00   6.502054E+01  -1.709436E-17  -2.130741E-16  -8.785079E-15   1.200000E+02  -1.935821E+00
  2.205000000000E+00   2.764342E+00   1.551085E+00   6.505281E+01  -1.841133E-17  -1.936576E-16  -8.122037E-15   1.200000E+02  -1.921288E+00
  2.210000000000E+00   2.772086E+00   1.551330E+00   6.508822E+01  -1.835379E-17   1.366959E-16   5.735270E-15   1.200000E+02  -1.910653E+00
  2.215000000000E+00   2.779896E+00   1.576845E+00   6.512323E+01  -1.792396E-17   1.410978E-16   5.827295E-15   1.200000E+02  -1.904818E+00
  2.220000000000E+00   2.787890E+00   1.624345E+00   6.515351E+01  -1.787317E-17  -1.531198E-16  -6.141731E-15   1.200000E+02  -1.904280E+00
  2.225000000000E+00   2.796166E+00   1.688432E+00   6.517499E+01  -1.856863E-17  -1.557153E-16  -6.010752E-15   1.200000E+02  -1.909005E+00
  2.230000000000E+00   2.804790E+00   1.762111E+00   6.518489E+01  -1.669438E-17   8.815155E-16   3.260947E-14   1.200000E+02  -1.918384E+00
  2.235000000000E+00   2.813790E+00   1.837490E+00   6.518240E+01  -1.160466E-17   1.143941E-15   4.057970E-14   1.200000E+02  -1.931264E+00
  2.240000000000E+00   2.823154E+00   1.906578E+00   6.516869E+01  -7.035030E-18   8.201969E-16   2.803512E-14   1.200000E+02  -1.946085E+00
  2.245000000000E+00   2.832834E+00   1.962089E+00   6.514650E+01  -5.769494E-18  -1.546489E-16  -5.134750E-15   1.200000E+02  -1.961085E+00
  2.250000000000E+00   2.842744E+00   1.998136E+00   6.511935E+01  -7.341773E-18  -3.622245E-16  -1.180492E-14   1.200000E+02  -1.974545E+00
  2.255000000000E+00   2.852777E+00   2.010749E+00   6.509073E+01  -7.702038E-18   1.522292E-16   4.927871E-15   1.200000E+02  -1.985000E+00
  2.260000000000E+00   2.862811E+00   1.998147E+00   6.506355E+01  -4.593354E-18   9.840595E-16   3.204289E-14   1.200000E+02  -1.991376E+00
  2.265000000000E+00   2.872719E+00   1.960773E+00   6.503989E+01   1.691997E-18   1.474729E-15   4.891756E-14   1.200000E+02  -1.993046E+00
  2.270000000000E+00   2.882383E+00   1.901123E+00   6.502098E+01   7.557670E-18   5.640516E-16   1.929132E-14   1.200000E+02  -1.989804E+00
  2.275000000000E+00   2.891701E+00   1.823450E+00   6.500744E+01   8.783714E-18   1.104750E-16   3.938522E-15   1.200000E+02  -1.981810E+00
  2.280000000000E+00   2.900598E+00   1.733396E+00   6.499955E+01   7.604916E-18  -5.935587E-16  -2.225750E-14   1.200000E+02  -1.969526E+00
  2.285000000000E+00   2.909026E+00   1.637618E+00   6.499757E+01   1.648485E-18  -1.779055E-15  -7.061127E-14   1.200000E+02  -1.953664E+00
  2.290000000000E+00   2.916976E+00   1.543402E+00   6.500203E+01  -1.124225E-17  -3.007809E-15  -1.266771E-13   1.200000E+02  -1.935164E+00
  2.295000000000E+00   2.924475E+00   1.458250E+00   6.501382E+01  -2.697209E-17  -2.936719E-15  -1.309290E-13   1.200000E+02  -1.915178E+00
  2.300000000000E+00   2.931585E+00   1.389398E+00   6.503410E+01  -4.070710E-17  -2.624562E-15  -1.228489E-13   1.200000E+02  -1.895058E+00
  2.305000000000E+00   2.938405E+00   1.343248E+00   6.506379E+01  -5.297379E-17  -2.114691E-15  -1.024307E-13   1.200000E+02  -1.876323E+00
  2.310000000000E+00   2.945062E+00   1.324743E+00   6.510267E+01  -6.173175E-17  -1.376299E-15  -6.763632E-14   1.200000E+02  -1.860582E+00
  2.315000000000E+00   2.951702E+00   1.336743E+00   6.514838E+01  -6.666535E-17  -4.339152E-16  -2.114757E-14   1.200000E+02  -1.849407E+00
  2.320000000000E+00   2.958479E+00   1.379485E+00   6.519599E+01  -6.566512E-17   7.361262E-16   3.479014E-14   1.200000E+02  -1.844159E+00
  2.325000000000E+00   2.965541E+00   1.450195E+00   6.523865E+01  -5.942393E-17   1.856808E-15   8.353058E-14   1.200000E+02  -1.845767E+00
  2.330000000000E+00   2.973016E+00   1.542943E+00   6.526922E+01  -4.809980E-17   2.649930E-15   1.120967E-13   1.200000E+02  -1.854495E+00
  2.335000000000E+00   2.980992E+00   1.648808E+00   6.528230E+01  -3.328829E-17   3.194391E-15   1.264775E-13   1.200000E+02  -1.869764E+00
  2.340000000000E+00   2.989507E+00   1.756464E+00   6.527568E+01  -1.811545E-17   2.785101E-15   1.035030E-13   1.200000E+02  -1.890074E+00
  2.345000000000E+00   2.998539E+00   1.853222E+00   6.525082E+01  -5.320068E-18   2.338119E-15   8.232373E-14   1.200000E+02  -1.913095E+00
  2.350000000000E+00   3.008002E+00   1.926500E+00   6.521220E+01   5.278958E-18   1.756399E-15   5.945428E-14   1.200000E+02  -1.935971E+00
  2.355000000000E+00   3.017749E+00   1.965546E+00   6.516588E+01   1.147415E-17   7.986214E-16   2.647756E-14   1.200000E+02  -1.955750E+00
  2.360000000000E+00   3.027590E+00   1.963153E+00   6.511792E+01   1.275806E-17  -2.118767E-16  -7.027963E-15   1.200000E+02  -1.969862E+00
  2.365000000000E+00   3.037310E+00   1.917017E+00   6.507316E+01   9.610814E-18  -9.522281E-16  -3.232339E-14   1.200000E+02  -1.976475E+00
  2.370000000000E+00   3.046696E+00   1.830430E+00   6.503475E+01   3.216399E-18  -1.602661E-15  -5.694220E-14   1.200000E+02  -1.974678E+00
  2.375000000000E+00   3.055564E+00   1.712092E+00   6.500439E+01  -4.011436E-18  -1.238642E-15  -4.702851E-14   1.200000E+02  -1.964485E+00
  2.380000000000E+00   3.063786E+00   1.575008E+00   6.498311E+01  -9.539079E-18  -1.042664E-15  -4.301918E-14   1.200000E+02  -1.946740E+00
  2.385000000000E+00   3.071308E+00   1.434615E+00   6.497223E+01  -1.248769E-17  -3.100241E-16  -1.404067E-14   1.200000E+02  -1.922991E+00
  2.390000000000E+00   3.078152E+00   1.306472E+00   6.497409E+01  -1.260243E-17   1.990688E-16   9.900185E-15   1.200000E+02  -1.895337E+00
  2.395000000000E+00   3.084414E+00   1.203946E+00   6.499202E+01  -1.198603E-17   8.650998E-17   4.670027E-15   1.200000E+02  -1.866268E+00
  2.400000000000E+00   3.090248E+00   1.136367E+00   6.502884E+01  -1.378915E-17  -5.786929E-16  -3.311583E-14   1.200000E+02  -1.838439E+00
  2.405000000000E+00   3.095841E+00   1.108044E+00   6.508428E+01  -1.687929E-17  -6.995061E-16  -4.108759E-14   1.200000E+02  -1.814410E+00
  2.410000000000E+00   3.101390E+00   1.118279E+00   6.515295E+01  -2.106721E-17  -1.098738E-15  -6.401444E-14   1.200000E+02  -1.796362E+00
  2.415000000000E+00   3.107078E+00   1.162192E+00   6.522483E+01  -2.726920E-17  -1.258739E-15  -7.064324E-14   1.200000E+02  -1.785835E+00
  2.420000000000E+00   3.113054E+00   1.231958E+00   6.528842E+01  -3.438183E-17  -1.353062E-15  -7.170638E-14   1.200000E+02  -1.783536E+00
  2.425000000000E+00   3.119424E+00   1.318093E+00   6.533433E+01  -4.128824E-17  -1.600698E-15  -7.934231E-14   1.200000E+02  -1.789257E+00
  2.430000000000E+00   3.126245E+00   1.410588E+00   6.535753E+01  -4.906251E-17  -1.312873E-15  -6.083004E-14   1.200000E+02  -1.801896E+00
  2.435000000000E+00   3.133524E+00   1.499842E+00   6.535769E+01  -5.308345E-17  -2.011260E-16  -8.764343E-15   1.200000E+02  -1.819611E+00
  2.440000000000E+00   3.141224E+00   1.577359E+00   6.533821E+01  -4.921610E-17   1.639326E-15   6.790503E-14   1.200000E+02  -1.840077E+00
  2.445000000000E+00   3.149268E+00   1.636237E+00   6.530465E+01  -3.811502E-17   3.182341E-15   1.270119E-13   1.200000E+02  -1.860807E+00
  2.450000000000E+00   3.157549E+00   1.671484E+00   6.526319E+01  -1.712755E-17   4.797347E-15   1.873127E-13   1.200000E+02  -1.879482E+00
  2.455000000000E+00   3.165940E+00   1.680180E+00   6.521937E+01   9.257679E-18   5.619399E-15   2.181275E-13   1.200000E+02  -1.894200E+00
  2.460000000000E+00   3.174307E+00   1.661561E+00   6.517741E+01   3.743848E-17   5.494245E-15   2.155206E-13   1.200000E+02  -1.903630E+00
  2.465000000000E+00   3.182514E+00   1.617003E+00   6.514002E+01   6.197226E-17   4.205527E-15   1.694172E-13   1.200000E+02  -1.907034E+00
  2.470000000000E+00   3.190441E+00   1.549938E+00   6.510869E+01   8.137167E-17   3.455000E-15   1.451351E-13   1.200000E+02  -1.904221E+00
  2.475000000000E+00   3.197986E+00   1.465640E+00   6.508404E+01   9.524583E-17   2.013097E-15   8.939472E-14   1.200000E+02  -1.895463E+00
  2.480000000000E+00   3.205080E+00   1.370865E+00   6.506646E+01   9.902372E-17  -5.062565E-16  -2.402885E-14   1.200000E+02  -1.881409E+00
  2.485000000000E+00   3.211690E+00   1.273313E+00   6.505654E+01   8.906447E-17  -3.619287E-15  -1.849179E-13   1.200000E+02  -1.863027E+00
  2.490000000000E+00   3.217822E+00   1.180919E+00   6.505542E+01   6.620234E-17  -5.342444E-15  -2.943088E-13   1.200000E+02  -1.841555E+00
  2.495000000000E+00   3.223519E+00   1.101050E+00   6.506484E+01   3.749584E-17  -6.091915E-15  -3.599924E-13   1.200000E+02  -1.818440E+00
  2.500000000000E+00   3.228862E+00   1.039692E+00   6.508662E+01   7.057032E-18  -5.958078E-15  -3.729866E-13   1.200000E+02  -1.795270E+00
  2.505000000000E+00   3.233952E+00   1.000820E+00   6.512168E+01  -2.083799E-17  -5.076175E-15  -3.302981E-13   1.200000E+02  -1.773665E+00
  2.510000000000E+00   3.238909E+00   9.860446E-01   6.516881E+01  -4.266082E-17  -3.764359E-15  -2.487907E-13   1.200000E+02  -1.755144E+00
  2.515000000000E+00   3.243850E+00   9.946085E-01   6.522404E+01  -5.788172E-17  -2.003296E-15  -1.313714E-13   1.200000E+02  -1.740989E+00
  2.520000000000E+00   3.248888E+00   1.023685E+00   6.528115E+01  -6.330368E-17   5.092088E-17   3.247262E-15   1.200000E+02  -1.732110E+00
  2.525000000000E+00   3.254113E+00   1.068853E+00   6.533309E+01  -5.589289E-17   2.557579E-15   1.563307E-13   1.200000E+02  -1.728943E+00
  2.530000000000E+00   3.259593E+00   1.124637E+00   6.537379E+01  -3.849386E-17   4.543043E-15   2.640817E-13   1.200000E+02  -1.731400E+00
  2.535000000000E+00   3.265367E+00   1.185025E+00   6.539925E+01  -1.174122E-17   6.107227E-15   3.370460E-13   1.200000E+02  -1.738864E+00
  2.540000000000E+00   3.271441E+00   1.243939E+00   6.540810E+01   2.135603E-17   6.846208E-15   3.599833E-13   1.200000E+02  -1.750244E+00
  2.545000000000E+00   3.277795E+00   1.295628E+00   6.540126E+01   5.489659E-17   6.381992E-15   3.221529E-13   1.200000E+02  -1.764092E+00
  2.550000000000E+00   3.284378E+00   1.335015E+00   6.538142E+01   8.098242E-17   3.829870E-15   1.875652E-13   1.200000E+02  -1.778747E+00
  2.555000000000E+00   3.291118E+00   1.358016E+00   6.535217E+01   9.212340E-17   8.149085E-16   3.921606E-14   1.200000E+02  -1.792516E+00
  2.560000000000E+00   3.297927E+00   1.361846E+00   6.531732E+01   9.029022E-17  -1.260733E-15  -6.046767E-14   1.200000E+02  -1.803841E+00
  2.565000000000E+00   3.304704E+00   1.345324E+00   6.528038E+01   7.899093E-17  -3.063904E-15  -1.486726E-13   1.200000E+02  -1.811447E+00
  2.570000000000E+00   3.311349E+00   1.309131E+00   6.524426E+01   6.134788E-17  -3.810327E-15  -1.898985E-13   1.200000E+02  -1.814446E+00
  2.575000000000E+00   3.317768E+00   1.255947E+00   6.521123E+01   4.185426E-17  -4.016131E-15  -2.085254E-13   1.200000E+02  -1.812399E+00
  2.580000000000E+00   3.323888E+00   1.190377E+00   6.518318E+01   2.193359E-17  -3.808048E-15  -2.085228E-13   1.200000E+02  -1.805334E+00
  2.585000000000E+00   3.329662E+00   1.118568E+00   6.516190E+01   4.173575E-18  -3.220182E-15  -1.875909E-13   1.200000E+02  -1.793738E+00
  2.590000000000E+00   3.335075E+00   1.047508E+00   6.514939E+01  -9.103486E-18  -2.126324E-15  -1.322460E-13   1.200000E+02  -1.778506E+00
  2.595000000000E+00   3.340149E+00   9.840531E-01   6.514788E+01  -1.769694E-17  -1.300245E-15  -8.608092E-14   1.200000E+02  -1.760870E+00
  2.600000000000E+00   3.344937E+00   9.338758E-01   6.515930E+01  -2.276577E-17  -8.007974E-16  -5.587402E-14   1.200000E+02  -1.742274E+00
  2.605000000000E+00   3.349515E+00   9.005616E-01   6.518429E+01  -2.603829E-17  -7.435622E-16  -5.382039E-14   1.200000E+02  -1.724219E+00
  2.610000000000E+00   3.353971E+00   8.851057E-01   6.522118E+01  -2.993110E-17  -6.995792E-16  -5.155021E-14   1.200000E+02  -1.708081E+00
  2.615000000000E+00   3.358392E+00   8.859402E-01   6.526566E+01  -3.266657E-17  -3.844519E-16  -2.832189E-14   1.200000E+02  -1.694938E+00
  2.620000000000E+00   3.362851E+00   8.994787E-01   6.531173E+01  -3.373776E-17  -1.593007E-16  -1.156692E-14   1.200000E+02  -1.685435E+00
  2.625000000000E+00   3.367400E+00   9.210289E-01   6.535338E+01  -3.437466E-17  -1.282489E-16  -9.100145E-15   1.200000E+02  -1.679729E+00
  2.630000000000E+00   3.372067E+00   9.458610E-01   6.538624E+01  -3.448946E-17   2.281740E-16   1.577340E-14   1.200000E+02  -1.677523E+00
  2.635000000000E+00   3.376858E+00   9.701897E-01   6.540842E+01  -3.191654E-17   8.255963E-16   5.566019E-14   1.200000E+02  -1.678184E+00
  2.640000000000E+00   3.381764E+00   9.918479E-01   6.542051E+01  -2.615605E-17   1.488520E-15   9.818013E-14   1.200000E+02  -1.680932E+00
  2.645000000000E+00   3.386771E+00   1.010477E+00   6.542479E+01  -1.705924E-17   2.229558E-15   1.443560E-13   1.200000E+02  -1.685028E+00
  2.650000000000E+00   3.391866E+00   1.027176E+00   6.542428E+01  -4.009050E-18   2.967500E-15   1.890099E-13   1.200000E+02  -1.689928E+00
  2.655000000000E+00   3.397043E+00   1.043692E+00   6.542162E+01   1.242080E-17   3.350166E-15   2.099980E-13   1.200000E+02  -1.695348E+00
  2.660000000000E+00   3.402305E+00   1.061385E+00   6.541830E+01   3.034323E-17   3.652355E-15   2.251123E-13   1.200000E+02  -1.701216E+00
  2.665000000000E+00   3.407659E+00   1.080276E+00   6.541425E+01   4.707408E-17   2.914207E-15   1.764648E-13   1.200000E+02  -1.707546E+00
  2.670000000000E+00   3.413107E+00   1.098498E+00   6.540807E+01   5.989029E-17   1.980851E-15   1.179461E-13   1.200000E+02  -1.714252E+00
  2.675000000000E+00   3.418637E+00   1.112353E+00   6.539776E+01   6.539297E-17   1.880965E-16   1.105862E-14   1.200000E+02  -1.720991E+00
  2.680000000000E+00   3.424215E+00   1.117025E+00   6.538159E+01   5.964208E-17  -2.358331E-15  -1.380375E-13   1.200000E+02  -1.727081E+00
  2.685000000000E+00   3.429785E+00   1.107819E+00   6.535887E+01   4.322981E-17  -4.111160E-15  -2.425494E-13   1.200000E+02  -1.731538E+00
  2.690000000000E+00   3.435266E+00   1.081600E+00   6.533024E+01   2.032457E-17  -4.920129E-15  -2.971830E-13   1.200000E+02  -1.733238E+00
  2.695000000000E+00   3.440573E+00   1.038053E+00   6.529764E+01  -5.332331E-18  -5.296721E-15  -3.331848E-13   1.200000E+02  -1.731169E+00
  2.700000000000E+00   3.445624E+00   9.803337E-01   6.526419E+01  -3.012586E-17  -4.257145E-15  -2.834128E-13   1.200000E+02  -1.724695E+00
  2.705000000000E+00   3.450364E+00   9.148658E-01   6.523407E+01  -4.744116E-17  -2.606005E-15  -1.858200E-13   1.200000E+02  -1.713767E+00
  2.710000000000E+00   3.454774E+00   8.502095E-01   6.521261E+01  -5.650716E-17  -9.651155E-16  -7.402610E-14   1.200000E+02  -1.699020E+00
  2.715000000000E+00   3.458881E+00   7.952570E-01   6.520579E+01  -5.777870E-17   4.623940E-16   3.791324E-14   1.200000E+02  -1.681729E+00
  2.720000000000E+00   3.462754E+00   7.572444E-01   6.521882E+01  -5.271838E-17   1.707331E-15   1.470464E-13   1.200000E+02  -1.663621E+00
  2.725000000000E+00   3.466488E+00   7.401956E-01   6.525343E+01  -4.187534E-17   2.488566E-15   2.193845E-13   1.200000E+02  -1.646589E+00
  2.730000000000E+00   3.470190E+00   7.442675E-01   6.530585E+01  -2.799071E-17   2.941812E-15   2.581297E-13   1.200000E+02  -1.632366E+00
  2.735000000000E+00   3.473959E+00   7.661082E-01   6.536722E+01  -1.274637E-17   3.002722E-15   2.562034E-13   1.200000E+02  -1.622231E+00
  2.740000000000E+00   3.477870E+00   7.999844E-01   6.542670E+01   1.708557E-21   2.060392E-15   1.685091E-13   1.200000E+02  -1.616821E+00
  2.745000000000E+00   3.481967E+00   8.392776E-01   6.547520E+01   7.753082E-18   1.088342E-15   8.490562E-14   1.200000E+02  -1.616078E+00
  2.750000000000E+00   3.486262E+00   8.779610E-01   6.550762E+01   1.047615E-17   1.680755E-17   1.254068E-15   1.200000E+02  -1.619344E+00
  2.755000000000E+00   3.490739E+00   9.117139E-01   6.552321E+01   8.398005E-18  -1.051841E-15  -7.559391E-14   1.200000E+02  -1.625565E+00
  2.760000000000E+00   3.495367E+00   9.384182E-01   6.552443E+01   6.653638E-19  -1.983577E-15  -1.385019E-13   1.200000E+02  -1.633556E+00
  2.765000000000E+00   3.500111E+00   9.579320E-01   6.551540E+01  -9.585130E-18  -2.034878E-15  -1.391704E-13   1.200000E+02  -1.642240E+00
  2.770000000000E+00   3.504937E+00   9.712488E-01   6.550029E+01  -1.938619E-17  -1.743858E-15  -1.176045E-13   1.200000E+02  -1.650792E+00
  2.775000000000E+00   3.509816E+00   9.793549E-01   6.548220E+01  -2.638324E-17  -1.113486E-15  -7.445057E-14   1.200000E+02  -1.658657E+00
  2.780000000000E+00   3.514722E+00   9.822046E-01   6.546246E+01  -2.936972E-17  -4.695992E-17  -3.129808E-15   1.200000E+02  -1.665449E+00
  2.785000000000E+00   3.519627E+00   9.782029E-01   6.544083E+01  -2.776307E-17   7.990669E-16   5.345681E-14   1.200000E+02  -1.670791E+00
  2.790000000000E+00   3.524489E+00   9.644248E-01   6.541601E+01  -2.167502E-17   1.449987E-15   9.835125E-14   1.200000E+02  -1.674169E+00
  2.795000000000E+00   3.529250E+00   9.375700E-01   6.538656E+01  -1.399080E-17   1.589177E-15   1.108299E-13   1.200000E+02  -1.674876E+00
  2.800000000000E+00   3.533840E+00   8.954070E-01   6.535166E+01  -6.522052E-18   1.249445E-15   9.119124E-14   1.200000E+02  -1.672078E+00
  2.805000000000E+00   3.538180E+00   8.382660E-01   6.531178E+01  -2.710838E-18   2.859115E-16   2.227621E-14   1.200000E+02  -1.665015E+00
  2.810000000000E+00   3.542204E+00   7.700493E-01   6.526928E+01  -2.992033E-18  -3.417920E-16  -2.897025E-14   1.200000E+02  -1.653257E+00
  2.815000000000E+00   3.545875E+00   6.982874E-01   6.522938E+01  -7.947670E-18  -1.482118E-15  -1.384497E-13   1.200000E+02  -1.636969E+00
  2.820000000000E+00   3.549198E+00   6.329980E-01   6.520111E+01  -1.633349E-17  -1.804212E-15  -1.858404E-13   1.200000E+02  -1.617073E+00
  2.825000000000E+00   3.552232E+00   5.845127E-01   6.519695E+01  -2.606345E-17  -2.124505E-15  -2.369688E-13   1.200000E+02  -1.595254E+00
  2.830000000000E+00   3.555083E+00   5.609172E-01   6.522865E+01  -3.597507E-17  -1.795819E-15  -2.088345E-13   1.200000E+02  -1.573764E+00
  2.835000000000E+00   3.557887E+00   5.660495E-01   6.529939E+01  -4.369244E-17  -1.164054E-15  -1.342851E-13   1.200000E+02  -1.555067E+00
  2.840000000000E+00   3.560788E+00   5.987069E-01   6.539855E+01  -4.746350E-17  -2.615233E-16  -2.856697E-14   1.200000E+02  -1.541399E+00
  2.845000000000E+00   3.563909E+00   6.529942E-01   6.550524E+01  -4.600903E-17   6.698507E-16   6.719620E-14   1.200000E+02  -1.534353E+00
  2.850000000000E+00   3.567337E+00   7.193914E-01   6.559754E+01  -4.061404E-17   1.548022E-15   1.411560E-13   1.200000E+02  -1.534552E+00
  2.855000000000E+00   3.571104E+00   7.863294E-01   6.565999E+01  -3.065070E-17   2.589611E-15   2.162374E-13   1.200000E+02  -1.541479E+00
  2.860000000000E+00   3.575182E+00   8.421995E-01   6.568603E+01  -1.579071E-17   3.194985E-15   2.491879E-13   1.200000E+02  -1.553497E+00
  2.865000000000E+00   3.579493E+00   8.775389E-01   6.567702E+01   3.574843E-20   3.057654E-15   2.288419E-13   1.200000E+02  -1.568116E+00
  2.870000000000E+00   3.583916E+00   8.869142E-01   6.563963E+01   1.411088E-17   2.486686E-15   1.840372E-13   1.200000E+02  -1.582469E+00
  2.875000000000E+00   3.588319E+00   8.700001E-01   6.558326E+01   2.381213E-17   1.379954E-15   1.040251E-13   1.200000E+02  -1.593895E+00
  2.880000000000E+00   3.592581E+00   8.315204E-01   6.551806E+01   2.772928E-17   1.799977E-16   1.418258E-14   1.200000E+02  -1.600462E+00
  2.885000000000E+00   3.596614E+00   7.800130E-01   6.545387E+01   2.552195E-17  -1.037945E-15  -8.709789E-14   1.200000E+02  -1.601308E+00
  2.890000000000E+00   3.600377E+00   7.256982E-01   6.539987E+01   1.865171E-17  -1.809393E-15  -1.630624E-13   1.200000E+02  -1.596697E+00
  2.895000000000E+00   3.603881E+00   6.780054E-01   6.536404E+01   7.298147E-18  -2.390206E-15  -2.304311E-13   1.200000E+02  -1.587822E+00
  2.900000000000E+00   3.607178E+00   6.434522E-01   6.535161E+01  -5.239374E-18  -2.518427E-15  -2.557816E-13   1.200000E+02  -1.576425E+00
  2.905000000000E+00   3.610341E+00   6.244826E-01   6.536290E+01  -1.742987E-17  -2.190329E-15  -2.292557E-13   1.200000E+02  -1.564357E+00
  2.910000000000E+00   3.613446E+00   6.195246E-01   6.539232E+01  -2.716448E-17  -1.687686E-15  -1.781393E-13   1.200000E+02  -1.553174E+00
  2.915000000000E+00   3.616552E+00   6.240741E-01   6.543021E+01  -3.301258E-17  -7.765311E-16  -8.141436E-14   1.200000E+02  -1.543865E+00
  2.920000000000E+00   3.619692E+00   6.323240E-01   6.546642E+01  -3.456690E-17   9.980527E-17   1.033314E-14   1.200000E+02  -1.536747E+00
  2.925000000000E+00   3.622872E+00   6.388323E-01   6.549354E+01  -3.171383E-17   9.331239E-16   9.566454E-14   1.200000E+02  -1.531532E+00
  2.930000000000E+00   3.626072E+00   6.398382E-01   6.550835E+01  -2.542189E-17   1.603080E-15   1.641276E-13   1.200000E+02  -1.527523E+00
  2.935000000000E+00   3.629259E+00   6.339759E-01   6.551157E+01  -1.665617E-17   1.820661E-15   1.881371E-13   1.200000E+02  -1.523886E+00
  2.940000000000E+00   3.632402E+00   6.222806E-01   6.550690E+01  -7.283585E-18   1.944537E-15   2.046996E-13   1.200000E+02  -1.519903E+00
  2.945000000000E+00   3.635477E+00   6.075607E-01   6.549961E+01   1.662807E-18   1.654847E-15   1.784049E-13   1.200000E+02  -1.515171E+00
  2.950000000000E+00   3.638478E+00   5.933684E-01   6.549514E+01   9.129813E-18   1.216877E-15   1.343171E-13   1.200000E+02  -1.509674E+00
  2.955000000000E+00   3.641417E+00   5.829047E-01   6.549773E+01   1.392574E-17   5.502830E-16   6.183222E-14   1.200000E+02  -1.503742E+00
  2.960000000000E+00   3.644317E+00   5.781789E-01   6.550923E+01   1.510919E-17  -1.174537E-16  -1.330782E-14   1.200000E+02  -1.497918E+00
  2.965000000000E+00   3.647209E+00   5.796304E-01   6.552864E+01   1.284240E-17  -8.270733E-16  -9.350268E-14   1.200000E+02  -1.492789E+00
  2.970000000000E+00   3.650121E+00   5.862370E-01   6.555267E+01   7.119076E-18  -1.348237E-15  -1.507591E-13   1.200000E+02  -1.488826E+00
  2.975000000000E+00   3.653076E+00   5.959885E-01   6.557696E+01  -4.115829E-19  -1.675082E-15  -1.843102E-13   1.200000E+02  -1.486276E+00
  2.980000000000E+00   3.656083E+00   6.065239E-01   6.559757E+01  -9.084801E-18  -1.704481E-15  -1.843453E-13   1.200000E+02  -1.485132E+00
  2.985000000000E+00   3.659139E+00   6.157348E-01   6.561195E+01  -1.692062E-17  -1.566145E-15  -1.668865E-13   1.200000E+02  -1.485159E+00
  2.990000000000E+00   3.662235E+00   6.221844E-01   6.561924E+01  -2.362105E-17  -1.127425E-15  -1.189049E-13   1.200000E+02  -1.485977E+00
  2.995000000000E+00   3.665356E+00   6.252622E-01   6.562007E+01  -2.793778E-17  -4.027737E-16  -4.227032E-14   1.200000E+02  -1.487155E+00
  3.000000000000E+00   3.668483E+00   6.250761E-01   6.561598E+01  -2.898851E-17  -4.366956E-18  -4.584115E-16   1.200000E+02  -1.488304E+00
  3.005000000000E+00   3.671602E+00   6.221568E-01   6.560876E+01  -2.865952E-17   1.004001E-16   1.058757E-14   1.200000E+02  -1.489124E+00
  3.010000000000E+00   3.674701E+00   6.170982E-01   6.559995E+01  -2.780261E-17   3.694121E-16   3.926995E-14   1.200000E+02  -1.489418E+00
  3.015000000000E+00   3.677770E+00   6.102634E-01   6.559042E+01  -2.525636E-17   7.624820E-16   8.195071E-14   1.200000E+02  -1.489068E+00
  3.020000000000E+00   3.680801E+00   6.016525E-01   6.558035E+01  -2.049447E-17   1.061774E-15   1.157337E-13   1.200000E+02  -1.487990E+00
  3.025000000000E+00   3.683783E+00   5.909698E-01   6.556944E+01  -1.528400E-17   9.636124E-16   1.069150E-13   1.200000E+02  -1.486096E+00
  3.030000000000E+00   3.686707E+00   5.778561E-01   6.555726E+01  -1.075729E-17   9.296962E-16   1.054732E-13   1.200000E+02  -1.483272E+00
  3.035000000000E+00   3.689558E+00   5.622059E-01   6.554376E+01  -6.824965E-18   7.418874E-16   8.649159E-14   1.200000E+02  -1.479394E+00
  3.040000000000E+00   3.692325E+00   5.444598E-01   6.552964E+01  -3.245942E-18   6.848986E-16   8.243246E-14   1.200000E+02  -1.474365E+00
  3.045000000000E+00   3.695001E+00   5.257710E-01   6.551662E+01  -1.593408E-19   5.424551E-16   6.759563E-14   1.200000E+02  -1.468180E+00
  3.050000000000E+00   3.697584E+00   5.079787E-01   6.550744E+01   1.985782E-18   3.188138E-16   4.111329E-14   1.200000E+02  -1.460979E+00
  3.055000000000E+00   3.700086E+00   4.933753E-01   6.550560E+01   3.755933E-18   3.258481E-16   4.326296E-14   1.200000E+02  -1.453091E+00
  3.060000000000E+00   3.702527E+00   4.843150E-01   6.551452E+01   4.667997E-18   2.841991E-17   3.844433E-15   1.200000E+02  -1.445035E+00
  3.065000000000E+00   3.704941E+00   4.827593E-01   6.553647E+01   4.188755E-18  -1.639891E-16  -2.226216E-14   1.200000E+02  -1.437482E+00
  3.070000000000E+00   3.707368E+00   4.898643E-01   6.557139E+01   3.076383E-18  -4.381801E-16  -5.865314E-14   1.200000E+02  -1.431181E+00
  3.075000000000E+00   3.709854E+00   5.056871E-01   6.561625E+01   4.203084E-19  -6.569533E-16  -8.524403E-14   1.200000E+02  -1.426856E+00
  3.080000000000E+00   3.712437E+00   5.290432E-01   6.566546E+01  -3.307438E-18  -9.575506E-16  -1.188523E-13   1.200000E+02  -1.425087E+00
  3.085000000000E+00   3.715152E+00   5.575190E-01   6.571207E+01  -9.296353E-18  -1.216049E-15  -1.433298E-13   1.200000E+02  -1.426207E+00
  3.090000000000E+00   3.718015E+00   5.876520E-01   6.574936E+01  -1.507361E-17  -1.121395E-15  -1.254671E-13   1.200000E+02  -1.430202E+00
  3.095000000000E+00   3.721025E+00   6.152965E-01   6.577206E+01  -2.015225E-17  -8.492681E-16  -9.078243E-14   1.200000E+02  -1.436664E+00
  3.100000000000E+00   3.724157E+00   6.361793E-01   6.577715E+01  -2.351101E-17  -5.292752E-16  -5.472390E-14   1.200000E+02  -1.444792E+00
  3.105000000000E+00   3.727370E+00   6.465998E-01   6.576399E+01  -2.479613E-17   5.175318E-17   5.263682E-15   1.200000E+02  -1.453467E+00
  3.110000000000E+00   3.730603E+00   6.441703E-01   6.573408E+01  -2.324896E-17   5.379612E-16   5.489602E-14   1.200000E+02  -1.461396E+00
  3.115000000000E+00   3.733790E+00   6.284381E-01   6.569071E+01  -1.918605E-17   1.048662E-15   1.096168E-13   1.200000E+02  -1.467319E+00
  3.120000000000E+00   3.736869E+00   6.012128E-01   6.563856E+01  -1.285854E-17   1.283427E-15   1.401206E-13   1.200000E+02  -1.470225E+00
  3.125000000000E+00   3.739790E+00   5.664527E-01   6.558362E+01  -6.183287E-18   1.332346E-15   1.542584E-13   1.200000E+02  -1.469551E+00
  3.130000000000E+00   3.742530E+00   5.296452E-01   6.553322E+01   3.498535E-19   1.038703E-15   1.285191E-13   1.200000E+02  -1.465300E+00
  3.135000000000E+00   3.745093E+00   4.967599E-01   6.549570E+01   4.541434E-18   5.573072E-16   7.347860E-14   1.200000E+02  -1.458056E+00
  3.140000000000E+00   3.747512E+00   4.730125E-01   6.547908E+01   5.105614E-18  -3.021130E-16  -4.182147E-14   1.200000E+02  -1.448885E+00
  3.145000000000E+00   3.749843E+00   4.617966E-01   6.548835E+01   1.256650E-18  -1.048800E-15  -1.487326E-13   1.200000E+02  -1.439140E+00
  3.150000000000E+00   3.752152E+00   4.641051E-01   6.552274E+01  -4.855680E-18  -1.458164E-15  -2.058649E-13   1.200000E+02  -1.430212E+00
  3.155000000000E+00   3.754504E+00   4.785451E-01   6.557509E+01  -1.211691E-17  -1.459392E-15  -1.999807E-13   1.200000E+02  -1.423296E+00
  3.160000000000E+00   3.756952E+00   5.018245E-01   6.563426E+01  -1.912367E-17  -1.234003E-15  -1.613968E-13   1.200000E+02  -1.419203E+00
  3.165000000000E+00   3.759529E+00   5.295045E-01   6.568895E+01  -2.353636E-17  -6.008942E-16  -7.454537E-14   1.200000E+02  -1.418255E+00
  3.170000000000E+00   3.762246E+00   5.568718E-01   6.573066E+01  -2.544547E-17  -1.263444E-16  -1.491313E-14   1.200000E+02  -1.420266E+00
  3.175000000000E+00   3.765091E+00   5.798089E-01   6.575498E+01  -2.397783E-17   6.592938E-16   7.476921E-14   1.200000E+02  -1.424615E+00
  3.180000000000E+00   3.768033E+00   5.955199E-01   6.576148E+01  -1.930415E-17   1.223514E-15   1.351090E-13   1.200000E+02  -1.430397E+00
  3.185000000000E+00   3.771032E+00   6.029496E-01   6.575276E+01  -1.184488E-17   1.703053E-15   1.857210E-13   1.200000E+02  -1.436617E+00
  3.190000000000E+00   3.774050E+00   6.027826E-01   6.573335E+01  -3.471800E-18   1.746930E-15   1.905025E-13   1.200000E+02  -1.442390E+00
  3.195000000000E+00   3.777051E+00   5.970121E-01   6.570854E+01   3.784947E-18   1.151618E-15   1.267497E-13   1.200000E+02  -1.447087E+00
  3.200000000000E+00   3.780015E+00   5.881992E-01   6.568326E+01   8.380781E-18   7.284628E-16   8.134628E-14   1.200000E+02  -1.450405E+00
  3.205000000000E+00   3.782932E+00   5.786453E-01   6.566113E+01   1.096418E-17   2.772939E-16   3.146562E-14   1.200000E+02  -1.452339E+00
  3.210000000000E+00   3.785803E+00   5.697286E-01   6.564378E+01   1.101115E-17  -3.069746E-16  -3.536943E-14   1.200000E+02  -1.453076E+00
  3.215000000000E+00   3.788631E+00   5.616056E-01   6.563072E+01   8.117891E-18  -7.572303E-16  -8.849194E-14   1.200000E+02  -1.452858E+00
  3.220000000000E+00   3.791419E+00   5.533604E-01   6.561985E+01   4.207845E-18  -8.594686E-16  -1.019195E-13   1.200000E+02  -1.451852E+00
  3.225000000000E+00   3.794162E+00   5.435504E-01   6.560857E+01  -4.380741E-19  -9.297758E-16  -1.122274E-13   1.200000E+02  -1.450077E+00
  3.230000000000E+00   3.796850E+00   5.309722E-01   6.559495E+01  -5.726304E-18  -1.166277E-15  -1.440789E-13   1.200000E+02  -1.447405E+00
  3.235000000000E+00   3.799467E+00   5.153995E-01   6.557883E+01  -1.197827E-17  -1.379118E-15  -1.754774E-13   1.200000E+02  -1.443649E+00
  3.240000000000E+00   3.802001E+00   4.980325E-01   6.556236E+01  -1.846639E-17  -1.247484E-15  -1.642223E-13   1.200000E+02  -1.438690E+00
  3.245000000000E+00   3.804448E+00   4.814724E-01   6.555003E+01  -2.374216E-17  -8.366053E-16  -1.138996E-13   1.200000E+02  -1.432618E+00
  3.250000000000E+00   3.806822E+00   4.691809E-01   6.554775E+01  -2.674544E-17  -3.798412E-16  -5.306639E-14   1.200000E+02  -1.425821E+00
  3.255000000000E+00   3.809152E+00   4.645695E-01   6.556090E+01  -2.776596E-17   1.850745E-17   2.611805E-15   1.200000E+02  -1.418993E+00
  3.260000000000E+00   3.811484E+00   4.700090E-01   6.559181E+01  -2.643726E-17   6.189454E-16   8.637653E-14   1.200000E+02  -1.413043E+00
  3.265000000000E+00   3.813870E+00   4.860591E-01   6.563769E+01  -2.197342E-17   1.094196E-15   1.477608E-13   1.200000E+02  -1.408927E+00
  3.270000000000E+00   3.816359E+00   5.111078E-01   6.569088E+01  -1.578044E-17   1.307964E-15   1.681080E-13   1.200000E+02  -1.407434E+00
  3.275000000000E+00   3.818989E+00   5.414749E-01   6.574112E+01  -8.552327E-18   1.596014E-15   1.937740E-13   1.200000E+02  -1.408993E+00
  3.280000000000E+00   3.821774E+00   5.719601E-01   6.577870E+01  -2.609855E-19   1.593906E-15   1.833084E-13   1.200000E+02  -1.413515E+00
  3.285000000000E+00   3.824700E+00   5.967757E-01   6.579682E+01   7.189122E-18   1.461720E-15   1.611602E-13   1.200000E+02  -1.420350E+00
  3.290000000000E+00   3.827724E+00   6.107232E-01   6.579250E+01   1.349819E-17   1.012082E-15   1.090305E-13   1.200000E+02  -1.428342E+00
  3.295000000000E+00   3.830784E+00   6.103762E-01   6.576647E+01   1.698278E-17   4.543833E-16   4.895864E-14   1.200000E+02  -1.436026E+00
  3.300000000000E+00   3.833804E+00   5.949738E-01   6.572243E+01   1.759000E-17  -3.349935E-16  -3.700429E-14   1.200000E+02  -1.441909E+00
  3.305000000000E+00   3.836713E+00   5.667568E-01   6.566629E+01   1.423522E-17  -8.672511E-16  -1.004825E-13   1.200000E+02  -1.444773E+00
  3.310000000000E+00   3.839459E+00   5.305950E-01   6.560576E+01   8.941038E-18  -1.275252E-15  -1.576793E-13   1.200000E+02  -1.443940E+00
  3.315000000000E+00   3.842017E+00   4.929383E-01   6.555011E+01   2.028734E-18  -1.410388E-15  -1.875511E-13   1.200000E+02  -1.439409E+00
  3.320000000000E+00   3.844396E+00   4.603330E-01   6.550950E+01  -5.469562E-18  -1.617087E-15  -2.301259E-13   1.200000E+02  -1.431845E+00
  3.325000000000E+00   3.846636E+00   4.379294E-01   6.549286E+01  -1.322148E-17  -1.516205E-15  -2.267502E-13   1.200000E+02  -1.422416E+00
  3.330000000000E+00   3.848796E+00   4.284558E-01   6.550463E+01  -2.023576E-17  -1.188490E-15  -1.817027E-13   1.200000E+02  -1.412536E+00
  3.335000000000E+00   3.850942E+00   4.319474E-01   6.554213E+01  -2.408681E-17  -5.378417E-16  -8.161015E-14   1.200000E+02  -1.403574E+00
  3.340000000000E+00   3.853133E+00   4.461698E-01   6.559628E+01  -2.568184E-17  -6.825738E-18  -1.003526E-15   1.200000E+02  -1.396623E+00
  3.345000000000E+00   3.855415E+00   4.674311E-01   6.565516E+01  -2.460794E-17   3.757150E-16   5.277276E-14   1.200000E+02  -1.392343E+00
  3.350000000000E+00   3.857812E+00   4.914842E-01   6.570806E+01  -2.140622E-17   8.207340E-16   1.097265E-13   1.200000E+02  -1.390917E+00
  3.355000000000E+00   3.860328E+00   5.143466E-01   6.574784E+01  -1.706635E-17   9.305549E-16   1.189509E-13   1.200000E+02  -1.392084E+00
  3.360000000000E+00   3.862948E+00   5.329356E-01   6.577142E+01  -1.214110E-17   1.134456E-15   1.400071E-13   1.200000E+02  -1.395251E+00
  3.365000000000E+00   3.865647E+00   5.454398E-01   6.577914E+01  -6.741268E-18   9.836982E-16   1.186324E-13   1.200000E+02  -1.399639E+00
  3.370000000000E+00   3.868392E+00   5.513816E-01   6.577361E+01  -2.925584E-18   5.104451E-16   6.089035E-14   1.200000E+02  -1.404443E+00
  3.375000000000E+00   3.871152E+00   5.513919E-01   6.575864E+01  -2.311096E-18  -2.258896E-16  -2.693945E-14   1.200000E+02  -1.408962E+00
  3.380000000000E+00   3.873899E+00   5.467871E-01   6.573825E+01  -3.932500E-18  -6.008825E-16  -7.224196E-14   1.200000E+02  -1.412684E+00
  3.385000000000E+00   3.876614E+00   5.390891E-01   6.571593E+01  -8.151457E-18  -8.961137E-16  -1.092379E-13   1.200000E+02  -1.415312E+00
  3.390000000000E+00   3.879287E+00   5.296292E-01   6.569422E+01  -1.267062E-17  -7.338446E-16  -9.102472E-14   1.200000E+02  -1.416733E+00
  3.395000000000E+00   3.881909E+00   5.193382E-01   6.567460E+01  -1.606981E-17  -5.079229E-16  -6.423104E-14   1.200000E+02  -1.416969E+00
  3.400000000000E+00   3.884480E+00   5.087537E-01   6.565769E+01  -1.672713E-17   1.421854E-16   1.834986E-14   1.200000E+02  -1.416109E+00
  3.405000000000E+00   3.886997E+00   4.982014E-01   6.564364E+01  -1.482653E-17   6.019717E-16   7.931656E-14   1.200000E+02  -1.414275E+00
  3.410000000000E+00   3.889462E+00   4.880521E-01   6.563273E+01  -1.071626E-17   8.812470E-16   1.185092E-13   1.200000E+02  -1.411607E+00
  3.415000000000E+00   3.891879E+00   4.789383E-01   6.562569E+01  -6.119669E-18   1.003234E-15   1.374664E-13   1.200000E+02  -1.408274E+00
  3.420000000000E+00   3.894255E+00   4.718315E-01   6.562383E+01  -1.419508E-18   8.679440E-16   1.207164E-13   1.200000E+02  -1.404506E+00
  3.425000000000E+00   3.896603E+00   4.679329E-01   6.562875E+01   2.225012E-18   5.633517E-16   7.901148E-14   1.200000E+02  -1.400619E+00
  3.430000000000E+00   3.898941E+00   4.684008E-01   6.564167E+01   4.811157E-18   3.801527E-16   5.327458E-14   1.200000E+02  -1.397011E+00
  3.435000000000E+00   3.901295E+00   4.739903E-01   6.566259E+01   6.040058E-18   1.133470E-16   1.570213E-14   1.200000E+02  -1.394136E+00
  3.440000000000E+00   3.903689E+00   4.847142E-01   6.568970E+01   6.539653E-18  -2.170435E-16  -2.941429E-14   1.200000E+02  -1.392439E+00
  3.445000000000E+00   3.906149E+00   4.996251E-01   6.571936E+01   4.417168E-18  -6.218525E-16  -8.179682E-14   1.200000E+02  -1.392266E+00
  3.450000000000E+00   3.908689E+00   5.167891E-01   6.574678E+01   3.807875E-19  -9.668720E-16  -1.230071E-13   1.200000E+02  -1.393775E+00
  3.455000000000E+00   3.911316E+00   5.334855E-01   6.576706E+01  -4.121406E-18  -7.948257E-16  -9.798458E-14   1.200000E+02  -1.396865E+00
  3.460000000000E+00   3.914019E+00   5.466265E-01   6.577625E+01  -7.830761E-18  -6.709514E-16  -8.073642E-14   1.200000E+02  -1.401139E+00
  3.465000000000E+00   3.916772E+00   5.533443E-01   6.577207E+01  -1.132523E-17  -6.891278E-16  -8.191167E-14   1.200000E+02  -1.405937E+00
  3.470000000000E+00   3.919538E+00   5.516422E-01   6.575424E+01  -1.360134E-17  -2.316271E-16  -2.760932E-14   1.200000E+02  -1.410421E+00
  3.475000000000E+00   3.922274E+00   5.409625E-01   6.572453E+01  -1.359195E-17   2.448402E-16   2.974700E-14   1.200000E+02  -1.413721E+00
  3.480000000000E+00   3.924936E+00   5.225134E-01   6.568662E+01  -1.221510E-17   3.879553E-16   4.877095E-14   1.200000E+02  -1.415110E+00
  3.485000000000E+00   3.927491E+00   4.992205E-01   6.564597E+01  -1.085531E-17   1.217989E-16   1.601619E-14   1.200000E+02  -1.414165E+00
  3.490000000000E+00   3.929927E+00   4.752507E-01   6.560960E+01  -1.070166E-17  -5.938870E-18  -8.198765E-16   1.200000E+02  -1.410887E+00
  3.495000000000E+00   3.932250E+00   4.551770E-01   6.558529E+01  -1.046437E-17   5.078962E-17   7.318147E-15   1.200000E+02  -1.405723E+00
  3.500000000000E+00   3.934491E+00   4.429860E-01   6.557984E+01  -9.999354E-18   1.219624E-16   1.805536E-14   1.200000E+02  -1.399509E+00
  3.505000000000E+00   3.936697E+00   4.412096E-01   6.559653E+01  -9.472973E-18   9.438625E-17   1.403281E-14   1.200000E+02  -1.393311E+00
  3.510000000000E+00   3.938921E+00   4.504090E-01   6.563319E+01  -9.016573E-18   3.042276E-17   4.433177E-15   1.200000E+02  -1.388229E+00
  3.515000000000E+00   3.941216E+00   4.690856E-01   6.568228E+01  -8.616036E-18   1.675172E-16   2.345609E-14   1.200000E+02  -1.385188E+00
  3.520000000000E+00   3.943622E+00   4.939545E-01   6.573327E+01  -7.319814E-18   3.571059E-16   4.752207E-14   1.200000E+02  -1.384765E+00
  3.525000000000E+00   3.946158E+00   5.204895E-01   6.577588E+01  -4.761868E-18   6.684629E-16   8.447574E-14   1.200000E+02  -1.387065E+00
  3.530000000000E+00   3.948821E+00   5.436851E-01   6.580242E+01  -1.481726E-18   7.101393E-16   8.594843E-14   1.200000E+02  -1.391684E+00
  3.535000000000E+00   3.951582E+00   5.589599E-01   6.580887E+01   2.351444E-18   8.444251E-16   9.941797E-14   1.200000E+02  -1.397762E+00
  3.540000000000E+00   3.954393E+00   5.630671E-01   6.579480E+01   6.041187E-18   6.625945E-16   7.742465E-14   1.200000E+02  -1.404124E+00
  3.545000000000E+00   3.957193E+00   5.548169E-01   6.576279E+01   8.658215E-18   4.094817E-16   4.853612E-14   1.200000E+02  -1.409506E+00
  3.550000000000E+00   3.959923E+00   5.354124E-01   6.571770E+01   9.091450E-18  -4.145078E-16  -5.087760E-14   1.200000E+02  -1.412796E+00
  3.555000000000E+00   3.962535E+00   5.082675E-01   6.566618E+01   4.714843E-18  -1.261003E-15  -1.629167E-13   1.200000E+02  -1.413270E+00
  3.560000000000E+00   3.965001E+00   4.782962E-01   6.561627E+01  -2.889257E-18  -1.678599E-15  -2.302828E-13   1.200000E+02  -1.410725E+00
  3.565000000000E+00   3.967322E+00   4.508197E-01   6.557674E+01  -1.225172E-17  -1.975446E-15  -2.873507E-13   1.200000E+02  -1.405517E+00
  3.570000000000E+00   3.969521E+00   4.303771E-01   6.555560E+01  -2.248604E-17  -1.992810E-15  -3.035474E-13   1.200000E+02  -1.398459E+00
  3.575000000000E+00   3.971641E+00   4.197953E-01   6.555762E+01  -3.182748E-17  -1.839640E-15  -2.872886E-13   1.200000E+02  -1.390642E+00
  3.580000000000E+00   3.973736E+00   4.197791E-01   6.558225E+01  -3.984746E-17  -1.250966E-15  -1.954389E-13   1.200000E+02  -1.383201E+00
  3.585000000000E+00   3.975854E+00   4.290649E-01   6.562345E+01  -4.438051E-17  -5.112978E-16  -7.820058E-14   1.200000E+02  -1.377110E+00
  3.590000000000E+00   3.978037E+00   4.449703E-01   6.567193E+01  -4.496070E-17   3.789885E-16   5.593387E-14   1.200000E+02  -1.373029E+00
  3.595000000000E+00   3.980309E+00   4.641158E-01   6.571832E+01  -4.044502E-17   1.402679E-15   1.986179E-13   1.200000E+02  -1.371233E+00
  3.600000000000E+00   3.982678E+00   4.831509E-01   6.575563E+01  -3.113462E-17   2.235777E-15   3.042837E-13   1.200000E+02  -1.371620E+00
  3.605000000000E+00   3.985136E+00   4.993649E-01   6.578013E+01  -1.907150E-17   2.487052E-15   3.276133E-13   1.200000E+02  -1.373788E+00
  3.610000000000E+00   3.987664E+00   5.110889E-01   6.579126E+01  -6.033493E-18   2.560952E-15   3.296653E-13   1.200000E+02  -1.377149E+00
  3.615000000000E+00   3.990239E+00   5.178174E-01   6.579081E+01   3.891689E-18   1.393468E-15   1.770458E-13   1.200000E+02  -1.381072E+00
  3.620000000000E+00   3.992835E+00   5.200404E-01   6.578191E+01   7.836157E-18   3.338418E-16   4.222893E-14   1.200000E+02  -1.384995E+00
  3.625000000000E+00   3.995434E+00   5.188505E-01   6.576806E+01   6.575935E-18  -7.433077E-16  -9.421964E-14   1.200000E+02  -1.388509E+00
  3.630000000000E+00   3.998020E+00   5.154586E-01   6.575228E+01   6.259620E-19  -1.568423E-15  -2.000692E-13   1.200000E+02  -1.391371E+00
  3.635000000000E+00   4.000586E+00   5.107740E-01   6.573651E+01  -7.604920E-18  -1.611953E-15  -2.074581E-13   1.200000E+02  -1.393482E+00
  3.640000000000E+00   4.003127E+00   5.051789E-01   6.572150E+01  -1.610069E-17  -1.698069E-15  -2.209112E-13   1.200000E+02  -1.394820E+00
  3.645000000000E+00   4.005636E+00   4.985579E-01   6.570698E+01  -2.282035E-17  -9.787874E-16  -1.289984E-13   1.200000E+02  -1.395381E+00
  3.650000000000E+00   4.008110E+00   4.905566E-01   6.569227E+01  -2.581590E-17  -8.049221E-17  -1.077901E-14   1.200000E+02  -1.395131E+00
  3.655000000000E+00   4.010539E+00   4.809681E-01   6.567704E+01  -2.446115E-17   5.359184E-16   7.318060E-14   1.200000E+02  -1.394011E+00
  3.660000000000E+00   4.012917E+00   4.701022E-01   6.566187E+01  -2.041117E-17   9.677117E-16   1.351658E-13   1.200000E+02  -1.391970E+00
  3.665000000000E+00   4.015240E+00   4.589940E-01   6.564866E+01  -1.426648E-17   1.436813E-15   2.055035E-13   1.200000E+02  -1.389029E+00
  3.670000000000E+00   4.017510E+00   4.493550E-01   6.564048E+01  -6.822758E-18   1.558495E-15   2.276604E-13   1.200000E+02  -1.385351E+00
  3.675000000000E+00   4.019739E+00   4.432590E-01   6.564089E+01   2.206196E-19   1.241489E-15   1.838484E-13   1.200000E+02  -1.381273E+00
  3.680000000000E+00   4.021951E+00   4.426460E-01   6.565273E+01   5.857032E-18   8.895351E-16   1.319348E-13   1.200000E+02  -1.377304E+00
  3.685000000000E+00   4.024177E+00   4.487937E-01   6.567671E+01   8.121075E-18   8.719463E-17   1.276011E-14   1.200000E+02  -1.374063E+00
  3.690000000000E+00   4.026450E+00   4.619085E-01   6.571060E+01   7.440786E-18  -5.512713E-16  -7.842326E-14   1.200000E+02  -1.372181E+00
  3.695000000000E+00   4.028805E+00   4.809374E-01   6.574938E+01   2.544872E-18  -1.292851E-15  -1.767468E-13   1.200000E+02  -1.372176E+00
  3.700000000000E+00   4.031266E+00   5.036404E-01   6.578649E+01  -4.641250E-18  -1.650147E-15  -2.155455E-13   1.200000E+02  -1.374337E+00
  3.705000000000E+00   4.033843E+00   5.269176E-01   6.581559E+01  -1.365296E-17  -1.892378E-15  -2.363709E-13   1.200000E+02  -1.378642E+00
  3.710000000000E+00   4.036530E+00   5.473434E-01   6.583193E+01  -2.299324E-17  -1.748055E-15  -2.102479E-13   1.200000E+02  -1.384726E+00
  3.715000000000E+00   4.039306E+00   5.618206E-01   6.583315E+01  -3.085303E-17  -1.254680E-15  -1.470212E-13   1.200000E+02  -1.391917E+00
  3.720000000000E+00   4.042135E+00   5.682168E-01   6.581938E+01  -3.472882E-17  -4.481086E-16  -5.190666E-14   1.200000E+02  -1.399346E+00
  3.725000000000E+00   4.044974E+00   5.658284E-01   6.579296E+01  -3.529418E-17   2.420680E-16   2.814700E-14   1.200000E+02  -1.406095E+00
  3.730000000000E+00   4.047781E+00   5.555412E-01   6.575787E+01  -3.213074E-17   1.021286E-15   1.208868E-13   1.200000E+02  -1.411367E+00
  3.735000000000E+00   4.050521E+00   5.396241E-01   6.571912E+01  -2.632295E-17   1.317342E-15   1.604349E-13   1.200000E+02  -1.414635E+00
  3.740000000000E+00   4.053173E+00   5.211968E-01   6.568216E+01  -1.834976E-17   1.679286E-15   2.116266E-13   1.200000E+02  -1.415724E+00
  3.745000000000E+00   4.055734E+00   5.035065E-01   6.565202E+01  -1.008961E-17   1.578321E-15   2.057967E-13   1.200000E+02  -1.414815E+00
  3.750000000000E+00   4.058214E+00   4.892167E-01   6.563248E+01  -2.893236E-18   1.225771E-15   1.644474E-13   1.200000E+02  -1.412372E+00
  3.755000000000E+00   4.060634E+00   4.799071E-01   6.562516E+01   1.173418E-18   4.426517E-16   6.053064E-14   1.200000E+02  -1.409019E+00
  3.760000000000E+00   4.063021E+00   4.759090E-01   6.562913E+01   1.381694E-18  -3.288576E-16  -4.535034E-14   1.200000E+02  -1.405400E+00
  3.765000000000E+00   4.065401E+00   4.764841E-01   6.564138E+01  -1.688399E-18  -8.729206E-16  -1.202553E-13   1.200000E+02  -1.402054E+00
  3.770000000000E+00   4.067791E+00   4.802486E-01   6.565792E+01  -7.133358E-18  -1.241803E-15  -1.697750E-13   1.200000E+02  -1.399343E+00
  3.775000000000E+00   4.070206E+00   4.856957E-01   6.567507E+01  -1.475318E-17  -1.808686E-15  -2.445679E-13   1.200000E+02  -1.397436E+00
  3.780000000000E+00   4.072649E+00   4.916639E-01   6.569041E+01  -2.417616E-17  -1.936519E-15  -2.587352E-13   1.200000E+02  -1.396345E+00
  3.785000000000E+00   4.075122E+00   4.976306E-01   6.570316E+01  -3.394915E-17  -1.911093E-15  -2.523255E-13   1.200000E+02  -1.395992E+00
  3.790000000000E+00   4.077626E+00   5.037652E-01   6.571393E+01  -4.256703E-17  -1.437820E-15  -1.875573E-13   1.200000E+02  -1.396294E+00
  3.795000000000E+00   4.080161E+00   5.107355E-01   6.572404E+01  -4.759627E-17  -7.293776E-16  -9.386002E-14   1.200000E+02  -1.397223E+00
  3.800000000000E+00   4.082736E+00   5.193349E-01   6.573473E+01  -4.920814E-17   1.639556E-16   2.075265E-14   1.200000E+02  -1.398832E+00
  3.805000000000E+00   4.085358E+00   5.300476E-01   6.574636E+01  -4.699524E-17   7.194484E-16   8.923935E-14   1.200000E+02  -1.401238E+00
  3.810000000000E+00   4.088039E+00   5.426845E-01   6.575797E+01  -4.298701E-17   1.105964E-15   1.340115E-13   1.200000E+02  -1.404557E+00
  3.815000000000E+00   4.090786E+00   5.562036E-01   6.576743E+01  -3.731141E-17   1.055857E-15   1.248482E-13   1.200000E+02  -1.408828E+00
  3.820000000000E+00   4.093600E+00   5.687787E-01   6.577196E+01  -3.228083E-17   9.595933E-16   1.109647E-13   1.200000E+02  -1.413934E+00
  3.825000000000E+00   4.096469E+00   5.781165E-01   6.576897E+01  -2.705093E-17   1.113740E-15   1.267038E-13   1.200000E+02  -1.419552E+00
  3.830000000000E+00   4.099372E+00   5.819647E-01   6.575674E+01  -2.139929E-17   1.240469E-15   1.401618E-13   1.200000E+02  -1.425161E+00
  3.835000000000E+00   4.102277E+00   5.786988E-01   6.573494E+01  -1.368721E-17   1.684666E-15   1.913628E-13   1.200000E+02  -1.430105E+00
  3.840000000000E+00   4.105147E+00   5.678426E-01   6.570485E+01  -5.391070E-18   1.501844E-15   1.737777E-13   1.200000E+02  -1.433698E+00
  3.845000000000E+00   4.107945E+00   5.503718E-01   6.566929E+01   1.641381E-18   1.260954E-15   1.504545E-13   1.200000E+02  -1.435375E+00
  3.850000000000E+00   4.110644E+00   5.286908E-01   6.563255E+01   7.653234E-18   1.192296E-15   1.480136E-13   1.200000E+02  -1.434818E+00
  3.855000000000E+00   4.113231E+00   5.062461E-01   6.560006E+01   1.275555E-17   9.017108E-16   1.168449E-13   1.200000E+02  -1.432058E+00
  3.860000000000E+00   4.115711E+00   4.868464E-01   6.557769E+01   1.621283E-17   6.250925E-16   8.419928E-14   1.200000E+02  -1.427490E+00
  3.865000000000E+00   4.118109E+00   4.738608E-01   6.557051E+01   1.820303E-17   3.102378E-17   4.292917E-15   1.200000E+02  -1.421829E+00
  3.870000000000E+00   4.120464E+00   4.695158E-01   6.558105E+01   1.671656E-17  -5.643866E-16  -7.883241E-14   1.200000E+02  -1.415983E+00
  3.875000000000E+00   4.122820E+00   4.744794E-01   6.560802E+01   1.401683E-17  -7.376983E-16  -1.020043E-13   1.200000E+02  -1.410893E+00
  3.880000000000E+00   4.125222E+00   4.877997E-01   6.564627E+01   1.001182E-17  -9.119008E-16  -1.227202E-13   1.200000E+02  -1.407375E+00
  3.885000000000E+00   4.127707E+00   5.071582E-01   6.568826E+01   4.718344E-18  -1.158023E-15  -1.499898E-13   1.200000E+02  -1.405977E+00
  3.890000000000E+00   4.130298E+00   5.293433E-01   6.572631E+01  -1.401385E-18  -1.519012E-15  -1.886092E-13   1.200000E+02  -1.406899E+00
  3.895000000000E+00   4.133000E+00   5.508525E-01   6.575437E+01  -9.791457E-18  -1.759430E-15  -2.100204E-13   1.200000E+02  -1.409968E+00
  3.900000000000E+00   4.135800E+00   5.685329E-01   6.576906E+01  -1.893348E-17  -1.839445E-15  -2.127908E-13   1.200000E+02  -1.414684E+00
  3.905000000000E+00   4.138675E+00   5.801533E-01   6.576978E+01  -2.747211E-17  -1.256063E-15  -1.423951E-13   1.200000E+02  -1.420325E+00
  3.910000000000E+00   4.141591E+00   5.847915E-01   6.575830E+01  -3.240807E-17  -7.790234E-16  -8.759918E-14   1.200000E+02  -1.426092E+00
  3.915000000000E+00   4.144513E+00   5.829412E-01   6.573812E+01  -3.430539E-17   8.767072E-17   9.886603E-15   1.200000E+02  -1.431263E+00
  3.920000000000E+00   4.147412E+00   5.763028E-01   6.571365E+01  -3.084066E-17   1.205752E-15   1.374874E-13   1.200000E+02  -1.435325E+00
  3.925000000000E+00   4.150272E+00   5.673005E-01   6.568950E+01  -2.309548E-17   1.909121E-15   2.210631E-13   1.200000E+02  -1.438050E+00
  3.930000000000E+00   4.153086E+00   5.584469E-01   6.566960E+01  -1.133238E-17   2.687862E-15   3.160744E-13   1.200000E+02  -1.439499E+00
  3.935000000000E+00   4.155860E+00   5.517235E-01   6.565644E+01   8.102424E-19   2.161523E-15   2.572265E-13   1.200000E+02  -1.439960E+00
  3.940000000000E+00   4.158608E+00   5.481409E-01   6.565059E+01   1.045464E-17   1.547848E-15   1.853851E-13   1.200000E+02  -1.439838E+00
  3.945000000000E+00   4.161346E+00   5.475867E-01   6.565063E+01   1.645111E-17   8.551306E-16   1.025223E-13   1.200000E+02  -1.439532E+00
  3.950000000000E+00   4.164087E+00   5.489823E-01   6.565377E+01   1.728579E-17  -5.446129E-16  -6.513122E-14   1.200000E+02  -1.439323E+00
  3.955000000000E+00   4.166836E+00   5.506902E-01   6.565678E+01   1.186660E-17  -1.371896E-15  -1.635661E-13   1.200000E+02  -1.439315E+00
  3.960000000000E+00   4.169592E+00   5.510545E-01   6.565705E+01   3.579715E-18  -2.088952E-15  -2.488944E-13   1.200000E+02  -1.439425E+00
  3.965000000000E+00   4.172343E+00   5.489312E-01   6.565331E+01  -8.016724E-18  -2.507365E-15  -2.998860E-13   1.200000E+02  -1.439436E+00
  3.970000000000E+00   4.175077E+00   5.440689E-01   6.564593E+01  -2.035127E-17  -2.329565E-15  -2.810793E-13   1.200000E+02  -1.439085E+00
  3.975000000000E+00   4.177780E+00   5.372330E-01   6.563682E+01  -3.082252E-17  -1.814427E-15  -2.216788E-13   1.200000E+02  -1.438172E+00
  3.980000000000E+00   4.180448E+00   5.300330E-01   6.562892E+01  -3.797272E-17  -1.094665E-15  -1.355419E-13   1.200000E+02  -1.436647E+00
  3.985000000000E+00   4.183083E+00   5.244962E-01   6.562545E+01  -4.119906E-17  -1.397718E-16  -1.748838E-14   1.200000E+02  -1.434653E+00
  3.990000000000E+00   4.185699E+00   5.225085E-01   6.562888E+01  -4.078295E-17   4.621917E-16   5.805289E-14   1.200000E+02  -1.432520E+00
  3.995000000000E+00   4.188316E+00   5.252831E-01   6.564002E+01  -3.659624E-17   1.354510E-15   1.692612E-13   1.200000E+02  -1.430695E+00
  4.000000000000E+00   4.190960E+00   5.330054E-01   6.565752E+01  -2.821881E-17   1.807950E-15   2.227097E-13   1.200000E+02  -1.429642E+00
  4.005000000000E+00   4.193653E+00   5.447426E-01   6.567814E+01  -1.935440E-17   1.782304E-15   2.148875E-13   1.200000E+02  -1.429728E+00
  4.010000000000E+00   4.196411E+00   5.586305E-01   6.569767E+01  -1.041556E-17   1.742311E-15   2.049042E-13   1.200000E+02  -1.431128E+00
  4.015000000000E+00   4.199239E+00   5.722859E-01   6.571209E+01  -3.202510E-18   1.067633E-15   1.225898E-13   1.200000E+02  -1.433771E+00
  4.020000000000E+00   4.202129E+00   5.833475E-01   6.571860E+01  -9.084348E-20   3.002562E-16   3.382618E-14   1.200000E+02  -1.437351E+00
  4.025000000000E+00   4.205065E+00   5.900174E-01   6.571615E+01   7.182970E-19  -1.068296E-16  -1.189869E-14   1.200000E+02  -1.441379E+00
  4.030000000000E+00   4.208021E+00   5.914689E-01   6.570553E+01  -1.497939E-18  -5.969733E-16  -6.631701E-14   1.200000E+02  -1.445297E+00
  4.035000000000E+00   4.210972E+00   5.880099E-01   6.568898E+01  -4.825078E-18  -6.058991E-16  -6.768745E-14   1.200000E+02  -1.448589E+00
  4.040000000000E+00   4.213895E+00   5.809499E-01   6.566973E+01  -7.248044E-18  -4.993895E-16  -5.645026E-14   1.200000E+02  -1.450898E+00
  4.045000000000E+00   4.216779E+00   5.722009E-01   6.565123E+01  -9.724538E-18  -3.627619E-16  -4.162134E-14   1.200000E+02  -1.452082E+00
  4.050000000000E+00   4.219618E+00   5.637253E-01   6.563644E+01  -1.078379E-17   5.618097E-17   6.541341E-15   1.200000E+02  -1.452221E+00
  4.055000000000E+00   4.222419E+00   5.569926E-01   6.562709E+01  -1.007173E-17   7.992762E-17   9.417391E-15   1.200000E+02  -1.451565E+00
  4.060000000000E+00   4.225192E+00   5.526079E-01   6.562325E+01  -9.822980E-18  -9.624328E-18  -1.142908E-15   1.200000E+02  -1.450434E+00
  4.065000000000E+00   4.227948E+00   5.502183E-01   6.562345E+01  -1.022796E-17  -1.199004E-16  -1.430028E-14   1.200000E+02  -1.449118E+00
  4.070000000000E+00   4.230695E+00   5.487186E-01   6.562523E+01  -1.248832E-17  -5.456711E-16  -6.526076E-14   1.200000E+02  -1.447791E+00
  4.075000000000E+00   4.233434E+00   5.466918E-01   6.562605E+01  -1.568925E-17  -8.086470E-16  -9.707172E-14   1.200000E+02  -1.446472E+00
  4.080000000000E+00   4.236159E+00   5.429558E-01   6.562422E+01  -2.050873E-17  -1.198691E-15  -1.448795E-13   1.200000E+02  -1.445038E+00
  4.085000000000E+00   4.238860E+00   5.370585E-01   6.561950E+01  -2.683907E-17  -1.116706E-15  -1.364427E-13   1.200000E+02  -1.443300E+00
  4.090000000000E+00   4.241527E+00   5.295693E-01   6.561333E+01  -3.224894E-17  -1.100532E-15  -1.363553E-13   1.200000E+02  -1.441097E+00
  4.095000000000E+00   4.244156E+00   5.220651E-01   6.560857E+01  -3.666158E-17  -6.172705E-16  -7.757315E-14   1.200000E+02  -1.438399E+00
  4.100000000000E+00   4.246752E+00   5.167910E-01   6.560883E+01  -3.838181E-17  -5.252924E-17  -6.668812E-15   1.200000E+02  -1.435380E+00
  4.105000000000E+00   4.249331E+00   5.160786E-01   6.561730E+01  -3.663713E-17   7.899926E-16   1.004444E-13   1.200000E+02  -1.432426E+00
  4.110000000000E+00   4.251923E+00   5.216815E-01   6.563542E+01  -3.037497E-17   1.534329E-15   1.930418E-13   1.200000E+02  -1.430090E+00
  4.115000000000E+00   4.254559E+00   5.342124E-01   6.566189E+01  -2.100399E-17   2.013134E-15   2.474412E-13   1.200000E+02  -1.428978E+00
  4.120000000000E+00   4.257275E+00   5.528251E-01   6.569268E+01  -9.893005E-18   2.407367E-15   2.860694E-13   1.200000E+02  -1.429609E+00
  4.125000000000E+00   4.260094E+00   5.752157E-01   6.572195E+01   3.720364E-18   3.005451E-15   3.433914E-13   1.200000E+02  -1.432275E+00
  4.130000000000E+00   4.263027E+00   5.979488E-01   6.574373E+01   1.716596E-17   2.202633E-15   2.421767E-13   1.200000E+02  -1.436929E+00
  4.135000000000E+00   4.266067E+00   6.170647E-01   6.575334E+01   2.516124E-17   7.844379E-16   8.358833E-14   1.200000E+02  -1.443143E+00
  4.140000000000E+00   4.269186E+00   6.288652E-01   6.574832E+01   2.558669E-17  -9.130256E-16  -9.545750E-14   1.200000E+02  -1.450141E+00
  4.145000000000E+00   4.272340E+00   6.307279E-01   6.572869E+01   1.700304E-17  -2.393573E-15  -2.494363E-13   1.200000E+02  -1.456916E+00
  4.150000000000E+00   4.275476E+00   6.217617E-01   6.569672E+01   3.071519E-18  -3.246450E-15  -3.430271E-13   1.200000E+02  -1.462414E+00
  4.155000000000E+00   4.278542E+00   6.031262E-01   6.565646E+01  -1.512374E-17  -4.044694E-15  -4.403064E-13   1.200000E+02  -1.465745E+00
  4.160000000000E+00   4.281497E+00   5.779006E-01   6.561339E+01  -3.431427E-17  -3.682575E-15  -4.181104E-13   1.200000E+02  -1.466365E+00
  4.165000000000E+00   4.284317E+00   5.504932E-01   6.557394E+01  -5.120555E-17  -2.986555E-15  -3.557540E-13   1.200000E+02  -1.464197E+00
  4.170000000000E+00   4.287006E+00   5.257115E-01   6.554481E+01  -6.390327E-17  -2.006256E-15  -2.501366E-13   1.200000E+02  -1.459645E+00
  4.175000000000E+00   4.289586E+00   5.077318E-01   6.553172E+01  -7.196003E-17  -9.096855E-16  -1.174109E-13   1.200000E+02  -1.453517E+00
  4.180000000000E+00   4.292098E+00   4.992529E-01   6.553764E+01  -7.350506E-17   6.037026E-16   7.924890E-14   1.200000E+02  -1.446856E+00
  4.185000000000E+00   4.294595E+00   5.010574E-01   6.556138E+01  -6.503376E-17   2.444077E-15   3.197978E-13   1.200000E+02  -1.440741E+00
  4.190000000000E+00   4.297124E+00   5.120450E-01   6.559762E+01  -4.993607E-17   3.482044E-15   4.460815E-13   1.200000E+02  -1.436090E+00
  4.195000000000E+00   4.299726E+00   5.296474E-01   6.563859E+01  -3.157397E-17   3.801579E-15   4.711253E-13   1.200000E+02  -1.433520E+00
  4.200000000000E+00   4.302425E+00   5.504692E-01   6.567646E+01  -1.218193E-17   3.710046E-15   4.426455E-13   1.200000E+02  -1.433263E+00
  4.205000000000E+00   4.305230E+00   5.710078E-01   6.570531E+01   4.321495E-18   2.922663E-15   3.363080E-13   1.200000E+02  -1.435168E+00
  4.210000000000E+00   4.308130E+00   5.883273E-01   6.572205E+01   1.567365E-17   1.792333E-15   2.002215E-13   1.200000E+02  -1.438771E+00
  4.215000000000E+00   4.311105E+00   6.005688E-01   6.572642E+01   2.181285E-17   6.098187E-16   6.673874E-14   1.200000E+02  -1.443416E+00
  4.220000000000E+00   4.314127E+00   6.071979E-01   6.572041E+01   2.251826E-17  -2.203471E-16  -2.384939E-14   1.200000E+02  -1.448408E+00
  4.225000000000E+00   4.317169E+00   6.089380E-01   6.570742E+01   1.878163E-17  -1.331893E-15  -1.437178E-13   1.200000E+02  -1.453152E+00
  4.230000000000E+00   4.320211E+00   6.074084E-01   6.569139E+01   9.768668E-18  -2.067124E-15  -2.235601E-13   1.200000E+02  -1.457259E+00
  4.235000000000E+00   4.323241E+00   6.045665E-01   6.567589E+01  -2.318114E-18  -2.358315E-15  -2.561909E-13   1.200000E+02  -1.460577E+00
  4.240000000000E+00   4.326257E+00   6.021068E-01   6.566338E+01  -1.505599E-17  -2.628128E-15  -2.866132E-13   1.200000E+02  -1.463169E+00
  4.245000000000E+00   4.329264E+00   6.009818E-01   6.565476E+01  -2.914226E-17  -2.908725E-15  -3.177661E-13   1.200000E+02  -1.465227E+00
  4.250000000000E+00   4.332269E+00   6.011697E-01   6.564930E+01  -4.300529E-17  -2.744296E-15  -2.996843E-13   1.200000E+02  -1.466964E+00
  4.255000000000E+00   4.335277E+00   6.017425E-01   6.564507E+01  -5.548619E-17  -1.978818E-15  -2.158724E-13   1.200000E+02  -1.468515E+00
  4.260000000000E+00   4.338285E+00   6.012102E-01   6.563973E+01  -6.401483E-17  -1.562945E-15  -1.706413E-13   1.200000E+02  -1.469870E+00
  4.265000000000E+00   4.341285E+00   5.980426E-01   6.563137E+01  -7.089078E-17  -1.398311E-15  -1.534558E-13   1.200000E+02  -1.470861E+00
  4.270000000000E+00   4.344260E+00   5.912333E-01   6.561921E+01  -7.519097E-17  -2.732642E-16  -3.032877E-14   1.200000E+02  -1.471213E+00
  4.275000000000E+00   4.347191E+00   5.807505E-01   6.560395E+01  -7.470018E-17   5.201742E-16   5.876100E-14   1.200000E+02  -1.470635E+00
  4.280000000000E+00   4.350063E+00   5.677401E-01   6.558785E+01  -7.079416E-17   9.378062E-16   1.083395E-13   1.200000E+02  -1.468932E+00
  4.285000000000E+00   4.352868E+00   5.544043E-01   6.557439E+01  -6.693921E-17   6.650863E-16   7.866576E-14   1.200000E+02  -1.466108E+00
  4.290000000000E+00   4.355611E+00   5.435637E-01   6.556766E+01  -6.259565E-17   1.068222E-15   1.288549E-13   1.200000E+02  -1.462423E+00
  4.295000000000E+00   4.358312E+00   5.380097E-01   6.557117E+01  -5.608940E-17   1.534126E-15   1.869751E-13   1.200000E+02  -1.458390E+00
  4.300000000000E+00   4.361003E+00   5.398198E-01   6.558662E+01  -4.715331E-17   2.284344E-15   2.775415E-13   1.200000E+02  -1.454702E+00
  4.305000000000E+00   4.363723E+00   5.498176E-01   6.561283E+01  -3.470416E-17   2.530265E-15   3.019508E-13   1.200000E+02  -1.452110E+00
  4.310000000000E+00   4.366513E+00   5.673040E-01   6.564566E+01  -2.153114E-17   2.703262E-15   3.128083E-13   1.200000E+02  -1.451273E+00
  4.315000000000E+00   4.369405E+00   5.901023E-01   6.567903E+01  -8.355908E-18   2.600708E-15   2.894616E-13   1.200000E+02  -1.452618E+00
  4.320000000000E+00   4.372417E+00   6.149000E-01   6.570657E+01   4.178335E-18   2.184055E-15   2.333823E-13   1.200000E+02  -1.456231E+00
  4.325000000000E+00   4.375551E+00   6.378272E-01   6.572322E+01   1.381645E-17   1.871132E-15   1.928058E-13   1.200000E+02  -1.461808E+00
  4.330000000000E+00   4.378787E+00   6.551797E-01   6.572616E+01   2.197340E-17   1.268487E-15   1.272517E-13   1.200000E+02  -1.468694E+00
  4.335000000000E+00   4.382089E+00   6.641526E-01   6.571507E+01   2.432978E-17  -5.254585E-16  -5.199188E-14   1.200000E+02  -1.475975E+00
  4.340000000000E+00   4.385413E+00   6.634282E-01   6.569188E+01   1.843686E-17  -2.029982E-15  -2.010064E-13   1.200000E+02  -1.482652E+00
  4.345000000000E+00   4.388709E+00   6.534700E-01   6.566020E+01   5.042074E-18  -3.129219E-15  -3.144217E-13   1.200000E+02  -1.487828E+00
  4.350000000000E+00   4.391936E+00   6.364318E-01   6.562474E+01  -1.167836E-17  -3.590502E-15  -3.702294E-13   1.200000E+02  -1.490873E+00
  4.355000000000E+00   4.395067E+00   6.156817E-01   6.559070E+01  -3.087488E-17  -3.859892E-15  -4.112076E-13   1.200000E+02  -1.491543E+00
  4.360000000000E+00   4.398093E+00   5.950462E-01   6.556309E+01  -4.914522E-17  -3.441424E-15  -3.791812E-13   1.200000E+02  -1.490001E+00
  4.365000000000E+00   4.401023E+00   5.779672E-01   6.554588E+01  -6.425261E-17  -2.579313E-15  -2.925137E-13   1.200000E+02  -1.486760E+00
  4.370000000000E+00   4.403882E+00   5.667951E-01   6.554110E+01  -7.493321E-17  -1.676911E-15  -1.939089E-13   1.200000E+02  -1.482549E+00
  4.375000000000E+00   4.406702E+00   5.624020E-01   6.554820E+01  -8.039801E-17  -4.949600E-16  -5.768780E-14   1.200000E+02  -1.478156E+00
  4.380000000000E+00   4.409516E+00   5.641885E-01   6.556415E+01  -7.965199E-17   6.901121E-16   8.019768E-14   1.200000E+02  -1.474263E+00
  4.385000000000E+00   4.412351E+00   5.704397E-01   6.558442E+01  -7.230470E-17   2.049231E-15   2.356035E-13   1.200000E+02  -1.471340E+00
  4.390000000000E+00   4.415224E+00   5.789032E-01   6.560438E+01  -5.988239E-17   2.812906E-15   3.187734E-13   1.200000E+02  -1.469584E+00
  4.395000000000E+00   4.418140E+00   5.874259E-01   6.562053E+01  -4.528070E-17   2.824127E-15   3.154793E-13   1.200000E+02  -1.468945E+00
  4.400000000000E+00   4.421096E+00   5.944947E-01   6.563121E+01  -3.067513E-17   3.009341E-15   3.322262E-13   1.200000E+02  -1.469188E+00
  4.405000000000E+00   4.424082E+00   5.995540E-01   6.563662E+01  -1.657518E-17   2.178350E-15   2.384765E-13   1.200000E+02  -1.470008E+00
  4.410000000000E+00   4.427089E+00   6.030278E-01   6.563843E+01  -8.151778E-18   1.194290E-15   1.299962E-13   1.200000E+02  -1.471136E+00
  4.415000000000E+00   4.430111E+00   6.060462E-01   6.563895E+01  -5.928216E-18  -1.188308E-16  -1.287019E-14   1.200000E+02  -1.472424E+00
  4.420000000000E+00   4.433151E+00   6.099606E-01   6.564033E+01  -6.659839E-18  -2.867264E-16  -3.085578E-14   1.200000E+02  -1.473874E+00
  4.425000000000E+00   4.436214E+00   6.157903E-01   6.564370E+01  -8.277652E-18  -2.613015E-16  -2.785493E-14   1.200000E+02  -1.475610E+00
  4.430000000000E+00   4.439312E+00   6.237633E-01   6.564877E+01  -1.003563E-17  -4.757351E-16  -5.006935E-14   1.200000E+02  -1.477807E+00
  4.435000000000E+00   4.442454E+00   6.330882E-01   6.565381E+01  -1.162893E-17  -2.382283E-16  -2.470524E-14   1.200000E+02  -1.480582E+00
  4.440000000000E+00   4.445643E+00   6.420273E-01   6.565625E+01  -1.300953E-17  -4.996218E-16  -5.109329E-14   1.200000E+02  -1.483907E+00
  4.445000000000E+00   4.448870E+00   6.482665E-01   6.565347E+01  -1.623372E-17  -4.061207E-16  -4.113005E-14   1.200000E+02  -1.487544E+00
  4.450000000000E+00   4.452117E+00   6.494993E-01   6.564366E+01  -1.712376E-17   6.871911E-17   6.945310E-15   1.200000E+02  -1.491052E+00
  4.455000000000E+00   4.455354E+00   6.440910E-01   6.562636E+01  -1.651066E-17  -6.835929E-17  -6.965121E-15   1.200000E+02  -1.493849E+00
  4.460000000000E+00   4.458547E+00   6.316486E-01   6.560271E+01  -2.013311E-17  -1.113929E-15  -1.156921E-13   1.200000E+02  -1.495333E+00
  4.465000000000E+00   4.461661E+00   6.133331E-01   6.557547E+01  -2.633989E-17  -1.269199E-15  -1.356983E-13   1.200000E+02  -1.495031E+00
  4.470000000000E+00   4.464675E+00   5.917961E-01   6.554876E+01  -3.450234E-17  -2.005485E-15  -2.221323E-13   1.200000E+02  -1.492736E+00
  4.475000000000E+00   4.467580E+00   5.707174E-01   6.552768E+01  -4.546979E-17  -2.464740E-15  -2.829924E-13   1.200000E+02  -1.488593E+00
  4.480000000000E+00   4.470389E+00   5.540360E-01   6.551738E+01  -5.791660E-17  -2.322860E-15  -2.746891E-13   1.200000E+02  -1.483112E+00
  4.485000000000E+00   4.473133E+00   5.450721E-01   6.552166E+01  -6.807187E-17  -1.595863E-15  -1.918345E-13   1.200000E+02  -1.477097E+00
  4.490000000000E+00   4.475855E+00   5.457795E-01   6.554145E+01  -7.334860E-17  -6.617149E-16  -7.946387E-14   1.200000E+02  -1.471506E+00
  4.495000000000E+00   4.478606E+00   5.563164E-01   6.557385E+01  -7.451402E-17   2.749162E-16   3.240478E-14   1.200000E+02  -1.467270E+00
  4.500000000000E+00   4.481432E+00   5.750043E-01   6.561269E+01  -6.930033E-17   1.616148E-15   1.844157E-13   1.200000E+02  -1.465122E+00
  4.505000000000E+00   4.484364E+00   5.986437E-01   6.565030E+01  -5.830770E-17   2.921065E-15   3.203388E-13   1.200000E+02  -1.465443E+00
  4.510000000000E+00   4.487419E+00   6.231023E-01   6.567963E+01  -3.953846E-17   4.434259E-15   4.674040E-13   1.200000E+02  -1.468191E+00
  4.515000000000E+00   4.490590E+00   6.440783E-01   6.569584E+01  -1.575354E-17   5.199711E-15   5.303694E-13   1.200000E+02  -1.472889E+00
  4.520000000000E+00   4.493849E+00   6.579174E-01   6.569693E+01   9.522390E-18   4.773482E-15   4.766603E-13   1.200000E+02  -1.478715E+00
  4.525000000000E+00   4.497154E+00   6.623344E-01   6.568369E+01   3.015276E-17   3.520299E-15   3.491079E-13   1.200000E+02  -1.484647E+00
  4.530000000000E+00   4.500456E+00   6.568815E-01   6.565909E+01   4.394555E-17   1.888833E-15   1.887998E-13   1.200000E+02  -1.489671E+00
  4.535000000000E+00   4.503709E+00   6.430430E-01   6.562770E+01   4.923113E-17   2.763364E-16   2.820235E-14   1.200000E+02  -1.492973E+00
  4.540000000000E+00   4.506878E+00   6.239077E-01   6.559495E+01   4.752994E-17  -1.150143E-15  -1.209210E-13   1.200000E+02  -1.494103E+00
  4.545000000000E+00   4.509946E+00   6.034774E-01   6.556651E+01   3.902364E-17  -2.169212E-15  -2.356802E-13   1.200000E+02  -1.493041E+00
  4.550000000000E+00   4.512917E+00   5.857702E-01   6.554739E+01   2.629072E-17  -3.023007E-15  -3.382729E-13   1.200000E+02  -1.490185E+00
  4.555000000000E+00   4.515813E+00   5.739462E-01   6.554091E+01   8.484560E-18  -3.757687E-15  -4.291033E-13   1.200000E+02  -1.486236E+00
  4.560000000000E+00   4.518669E+00   5.696774E-01   6.554766E+01  -9.684073E-18  -3.498994E-15  -4.025978E-13   1.200000E+02  -1.482040E+00
  4.565000000000E+00   4.521522E+00   5.729044E-01   6.556515E+01  -2.500941E-17  -2.770365E-15  -3.170501E-13   1.200000E+02  -1.478400E+00
  4.570000000000E+00   4.524407E+00   5.820010E-01   6.558850E+01  -3.653870E-17  -1.804467E-15  -2.033541E-13   1.200000E+02  -1.475917E+00
  4.575000000000E+00   4.527347E+00   5.942617E-01   6.561193E+01  -4.340464E-17  -9.593233E-16  -1.059181E-13   1.200000E+02  -1.474888E+00
  4.580000000000E+00   4.530350E+00   6.065789E-01   6.563036E+01  -4.672762E-17  -3.355335E-16  -3.630390E-14   1.200000E+02  -1.475269E+00
  4.585000000000E+00   4.533409E+00   6.161642E-01   6.564060E+01  -4.644450E-17   2.566757E-16   2.734393E-14   1.200000E+02  -1.476720E+00
  4.590000000000E+00   4.536504E+00   6.211649E-01   6.564176E+01  -4.445515E-17   6.868030E-16   7.257809E-14   1.200000E+02  -1.478710E+00
  4.595000000000E+00   4.539612E+00   6.210481E-01   6.563512E+01  -4.104251E-17   7.017568E-16   7.416478E-14   1.200000E+02  -1.480660E+00
  4.600000000000E+00   4.542708E+00   6.166598E-01   6.562356E+01  -3.745512E-17   4.274603E-16   4.548937E-14   1.200000E+02  -1.482091E+00
  4.605000000000E+00   4.545775E+00   6.099423E-01   6.561091E+01  -3.602566E-17   9.661144E-17   1.039240E-14   1.200000E+02  -1.482737E+00
  4.610000000000E+00   4.548808E+00   6.033757E-01   6.560097E+01  -3.506940E-17   2.372151E-16   2.579079E-14   1.200000E+02  -1.482601E+00
  4.615000000000E+00   4.551813E+00   5.992907E-01   6.559667E+01  -3.229688E-17   7.233309E-16   7.917376E-14   1.200000E+02  -1.481931E+00
  4.620000000000E+00   4.554807E+00   5.992363E-01   6.559919E+01  -2.862831E-17   6.562434E-16   7.183983E-14   1.200000E+02  -1.481143E+00
  4.625000000000E+00   4.557812E+00   6.035665E-01   6.560761E+01  -2.566488E-17   4.914178E-16   5.341705E-14   1.200000E+02  -1.480690E+00
  4.630000000000E+00   4.560848E+00   6.113457E-01   6.561911E+01  -2.287973E-17   6.782523E-16   7.280056E-14   1.200000E+02  -1.480928E+00
  4.635000000000E+00   4.563928E+00   6.205841E-01   6.562991E+01  -2.034573E-17   4.260849E-16   4.506064E-14   1.200000E+02  -1.482014E+00
  4.640000000000E+00   4.567052E+00   6.287401E-01   6.563637E+01  -1.838463E-17  -8.210124E-17  -8.570835E-15   1.200000E+02  -1.483845E+00
  4.645000000000E+00   4.570210E+00   6.333740E-01   6.563602E+01  -2.033039E-17  -7.670611E-16  -7.948990E-14   1.200000E+02  -1.486077E+00
  4.650000000000E+00   4.573378E+00   6.328008E-01   6.562812E+01  -2.500309E-17  -1.214724E-15  -1.259797E-13   1.200000E+02  -1.488200E+00
  4.655000000000E+00   4.576529E+00   6.265847E-01   6.561377E+01  -3.090892E-17  -1.184707E-15  -1.240584E-13   1.200000E+02  -1.489669E+00
  4.660000000000E+00   4.579636E+00   6.157397E-01   6.559575E+01  -3.733037E-17  -1.219797E-15  -1.299469E-13   1.200000E+02  -1.490048E+00
  4.665000000000E+00   4.582682E+00   6.025632E-01   6.557800E+01  -4.402480E-17  -1.367173E-15  -1.487918E-13   1.200000E+02  -1.489136E+00
  4.670000000000E+00   4.585663E+00   5.901244E-01   6.556494E+01  -5.055540E-17  -1.232417E-15  -1.369259E-13   1.200000E+02  -1.487038E+00
  4.675000000000E+00   4.588590E+00   5.815288E-01   6.556040E+01  -5.600470E-17  -1.006257E-15  -1.134434E-13   1.200000E+02  -1.484158E+00
  4.680000000000E+00   4.591488E+00   5.791532E-01   6.556653E+01  -5.966876E-17  -4.248337E-16  -4.809586E-14   1.200000E+02  -1.481124E+00
  4.685000000000E+00   4.594393E+00   5.840542E-01   6.558282E+01  -6.162710E-17  -5.653488E-16  -6.348242E-14   1.200000E+02  -1.478650E+00
  4.690000000000E+00   4.597340E+00   5.956928E-01   6.560599E+01  -6.359678E-17  -1.795090E-16  -1.977003E-14   1.200000E+02  -1.477376E+00
  4.695000000000E+00   4.600357E+00   6.120230E-01   6.563081E+01  -6.330155E-17   3.021216E-16   3.239827E-14   1.200000E+02  -1.477720E+00
  4.700000000000E+00   4.603462E+00   6.299073E-01   6.565165E+01  -5.968866E-17   1.002457E-15   1.044804E-13   1.200000E+02  -1.479774E+00
  4.705000000000E+00   4.606653E+00   6.457707E-01   6.566394E+01  -5.312712E-17   1.920201E-15   1.952519E-13   1.200000E+02  -1.483269E+00
  4.710000000000E+00   4.609911E+00   6.563638E-01   6.566512E+01  -4.137383E-17   2.798246E-15   2.799471E-13   1.200000E+02  -1.487623E+00
  4.715000000000E+00   4.613205E+00   6.594824E-01   6.565499E+01  -2.577779E-17   3.486494E-15   3.470990E-13   1.200000E+02  -1.492051E+00
  4.720000000000E+00   4.616493E+00   6.544813E-01   6.563547E+01  -7.743212E-18   3.500264E-15   3.510283E-13   1.200000E+02  -1.495735E+00
  4.725000000000E+00   4.619738E+00   6.424488E-01   6.561013E+01   9.646841E-18   3.312892E-15   3.383293E-13   1.200000E+02  -1.498004E+00
  4.730000000000E+00   4.622911E+00   6.259810E-01   6.558364E+01   2.499144E-17   2.647536E-15   2.773807E-13   1.200000E+02  -1.498476E+00
  4.735000000000E+00   4.625997E+00   6.085911E-01   6.556101E+01   3.383158E-17   6.078120E-16   6.547708E-14   1.200000E+02  -1.497144E+00
  4.740000000000E+00   4.629001E+00   5.938976E-01   6.554676E+01   3.275471E-17  -8.629268E-16  -9.523873E-14   1.200000E+02  -1.494366E+00
  4.745000000000E+00   4.631945E+00   5.848011E-01   6.554383E+01   2.478581E-17  -2.185966E-15  -2.450006E-13   1.200000E+02  -1.490780E+00
  4.750000000000E+00   4.634860E+00   5.828662E-01   6.555267E+01   1.141571E-17  -3.312081E-15  -3.724967E-13   1.200000E+02  -1.487155E+00
  4.755000000000E+00   4.637785E+00   5.880549E-01   6.557089E+01  -7.841848E-18  -4.120732E-15  -4.594810E-13   1.200000E+02  -1.484226E+00
  4.760000000000E+00   4.640750E+00   5.988430E-01   6.559392E+01  -2.800346E-17  -3.777593E-15  -4.137765E-13   1.200000E+02  -1.482543E+00
  4.765000000000E+00   4.643778E+00   6.126547E-01   6.561640E+01  -4.373299E-17  -2.429535E-15  -2.602074E-13   1.200000E+02  -1.482366E+00
  4.770000000000E+00   4.646877E+00   6.264946E-01   6.563364E+01  -5.314452E-17  -1.007545E-15  -1.055537E-13   1.200000E+02  -1.483633E+00
  4.775000000000E+00   4.650039E+00   6.376328E-01   6.564272E+01  -5.315982E-17   9.832506E-16   1.012232E-13   1.200000E+02  -1.485998E+00
  4.780000000000E+00   4.653245E+00   6.441999E-01   6.564285E+01  -4.406756E-17   2.517575E-15   2.565365E-13   1.200000E+02  -1.488924E+00
  4.785000000000E+00   4.656472E+00   6.455624E-01   6.563527E+01  -2.779352E-17   3.841378E-15   3.905584E-13   1.200000E+02  -1.491824E+00
  4.790000000000E+00   4.659694E+00   6.423895E-01   6.562266E+01  -7.153028E-18   4.281102E-15   4.373318E-13   1.200000E+02  -1.494199E+00
  4.795000000000E+00   4.662892E+00   6.363951E-01   6.560852E+01   1.421765E-17   3.867718E-15   3.987385E-13   1.200000E+02  -1.495748E+00
  4.800000000000E+00   4.666057E+00   6.298204E-01   6.559633E+01   3.195134E-17   3.057000E-15   3.183891E-13   1.200000E+02  -1.496419E+00
  4.805000000000E+00   4.669192E+00   6.247942E-01   6.558872E+01   4.434699E-17   1.791055E-15   1.880187E-13   1.200000E+02  -1.496395E+00
  4.810000000000E+00   4.672310E+00   6.227467E-01   6.558683E+01   4.913583E-17   2.544458E-16   2.679789E-14   1.200000E+02  -1.496015E+00
  4.815000000000E+00   4.675425E+00   6.240301E-01   6.558999E+01   4.806784E-17  -8.157622E-16  -8.574239E-14   1.200000E+02  -1.495658E+00
  4.820000000000E+00   4.678554E+00   6.278436E-01   6.559595E+01   4.006544E-17  -2.196845E-15  -2.295224E-13   1.200000E+02  -1.495623E+00
  4.825000000000E+00   4.681705E+00   6.324705E-01   6.560163E+01   2.783535E-17  -2.589049E-15  -2.685435E-13   1.200000E+02  -1.496038E+00
  4.830000000000E+00   4.684877E+00   6.357659E-01   6.560406E+01   1.466524E-17  -2.443110E-15  -2.521021E-13   1.200000E+02  -1.496808E+00
  4.835000000000E+00   4.688057E+00   6.357748E-01   6.560130E+01   3.428059E-18  -1.957269E-15  -2.019574E-13   1.200000E+02  -1.497643E+00
  4.840000000000E+00   4.691227E+00   6.313299E-01   6.559294E+01  -5.012279E-18  -1.496366E-15  -1.554671E-13   1.200000E+02  -1.498134E+00
  4.845000000000E+00   4.694363E+00   6.224753E-01   6.558025E+01  -1.185588E-17  -1.378774E-15  -1.452594E-13   1.200000E+02  -1.497873E+00
  4.850000000000E+00   4.697447E+00   6.105939E-01   6.556601E+01  -1.906255E-17  -1.571649E-15  -1.687648E-13   1.200000E+02  -1.496586E+00
  4.855000000000E+00   4.700468E+00   5.981792E-01   6.555408E+01  -2.677979E-17  -1.613097E-15  -1.767783E-13   1.200000E+02  -1.494239E+00
  4.860000000000E+00   4.703433E+00   5.882904E-01   6.554853E+01  -3.475309E-17  -1.687110E-15  -1.879813E-13   1.200000E+02  -1.491084E+00
  4.865000000000E+00   4.706360E+00   5.838195E-01   6.555262E+01  -4.380489E-17  -1.998229E-15  -2.243658E-13   1.200000E+02  -1.487643E+00
  4.870000000000E+00   4.709283E+00   5.867616E-01   6.556749E+01  -5.484538E-17  -2.293402E-15  -2.562755E-13   1.200000E+02  -1.484613E+00
  4.875000000000E+00   4.712241E+00   5.976739E-01   6.559146E+01  -6.729601E-17  -2.612333E-15  -2.866893E-13   1.200000E+02  -1.482721E+00
  4.880000000000E+00   4.715271E+00   6.154459E-01   6.562010E+01  -8.123906E-17  -2.641121E-15  -2.816017E-13   1.200000E+02  -1.482567E+00
  4.885000000000E+00   4.718402E+00   6.374180E-01   6.564746E+01  -9.161753E-17  -1.636170E-15  -1.685085E-13   1.200000E+02  -1.484471E+00
  4.890000000000E+00   4.721646E+00   6.598227E-01   6.566767E+01  -9.704696E-17  -3.677752E-16  -3.660216E-14   1.200000E+02  -1.488378E+00
  4.895000000000E+00   4.724994E+00   6.784767E-01   6.567637E+01  -9.338179E-17   1.843614E-15   1.784613E-13   1.200000E+02  -1.493825E+00
  4.900000000000E+00   4.728418E+00   6.896093E-01   6.567151E+01  -7.957753E-17   3.737921E-15   3.559623E-13   1.200000E+02  -1.500003E+00
  4.905000000000E+00   4.731874E+00   6.906725E-01   6.565346E+01  -5.711666E-17   5.120571E-15   4.867476E-13   1.200000E+02  -1.505892E+00
  4.910000000000E+00   4.735308E+00   6.809547E-01   6.562472E+01  -2.878437E-17   6.083501E-15   5.862769E-13   1.200000E+02  -1.510459E+00
  4.915000000000E+00   4.738668E+00   6.618364E-01   6.558940E+01   3.347158E-18   6.567237E-15   6.508273E-13   1.200000E+02  -1.512865E+00
  4.920000000000E+00   4.741916E+00   6.365915E-01   6.555281E+01   3.250573E-17   5.184543E-15   5.338766E-13   1.200000E+02  -1.512642E+00
  4.925000000000E+00   4.745032E+00   6.097446E-01   6.552088E+01   5.242293E-17   2.644226E-15   2.841386E-13   1.200000E+02  -1.509796E+00
  4.930000000000E+00   4.748019E+00   5.861159E-01   6.549948E+01   6.050174E-17   3.851820E-16   4.304476E-14   1.200000E+02  -1.504807E+00
  4.935000000000E+00   4.750905E+00   5.697928E-01   6.549318E+01   5.620761E-17  -1.752269E-15  -2.014094E-13   1.200000E+02  -1.498528E+00
  4.940000000000E+00   4.753733E+00   5.633005E-01   6.550377E+01   4.262146E-17  -3.739735E-15  -4.348775E-13   1.200000E+02  -1.492017E+00
  4.945000000000E+00   4.756554E+00   5.671784E-01   6.552922E+01   2.162833E-17  -4.578786E-15  -5.290121E-13   1.200000E+02  -1.486328E+00
  4.950000000000E+00   4.759419E+00   5.800236E-01   6.556400E+01  -1.712589E-18  -4.680084E-15  -5.290217E-13   1.200000E+02  -1.482322E+00
  4.955000000000E+00   4.762364E+00   5.989257E-01   6.560077E+01  -2.514296E-17  -4.468710E-15  -4.894611E-13   1.200000E+02  -1.480518E+00
  4.960000000000E+00   4.765412E+00   6.201526E-01   6.563252E+01  -4.511184E-17  -3.445040E-15  -3.645984E-13   1.200000E+02  -1.481027E+00
  4.965000000000E+00   4.768563E+00   6.399379E-01   6.565426E+01  -5.849616E-17  -1.794403E-15  -1.840963E-13   1.200000E+02  -1.483560E+00
  4.970000000000E+00   4.771804E+00   6.552261E-01   6.566380E+01  -6.196694E-17   8.365885E-17   8.383912E-15   1.200000E+02  -1.487519E+00
  4.975000000000E+00   4.775106E+00   6.642347E-01   6.566160E+01  -5.683478E-17   1.970762E-15   1.948158E-13   1.200000E+02  -1.492138E+00
  4.980000000000E+00   4.778436E+00   6.667146E-01   6.565019E+01  -4.414175E-17   3.029327E-15   2.982924E-13   1.200000E+02  -1.496657E+00
  4.985000000000E+00   4.781764E+00   6.638465E-01   6.563338E+01  -2.552678E-17   4.454325E-15   4.403915E-13   1.200000E+02  -1.500478E+00
  4.990000000000E+00   4.785069E+00   6.577997E-01   6.561536E+01  -1.318470E-18   5.208747E-15   5.195712E-13   1.200000E+02  -1.503266E+00
  4.995000000000E+00   4.788341E+00   6.510671E-01   6.559980E+01   2.346336E-17   4.294983E-15   4.327511E-13   1.200000E+02  -1.504979E+00
  5.000000000000E+00   4.791582E+00   6.457583E-01   6.558914E+01   4.353038E-17   3.425499E-15   3.479251E-13   1.200000E+02  -1.505822E+00
  5.005000000000E+00   4.794803E+00   6.430399E-01   6.558406E+01   5.738095E-17   2.352661E-15   2.399494E-13   1.200000E+02  -1.506135E+00
  5.010000000000E+00   4.798017E+00   6.428713E-01   6.558337E+01   6.418226E-17   2.057392E-16   2.098876E-14   1.200000E+02  -1.506266E+00
  5.015000000000E+00   4.801234E+00   6.440944E-01   6.558459E+01   6.143330E-17  -8.509593E-16  -8.664851E-14   1.200000E+02  -1.506447E+00
  5.020000000000E+00   4.804457E+00   6.448430E-01   6.558481E+01   5.510395E-17  -1.449015E-15  -1.473744E-13   1.200000E+02  -1.506718E+00
  5.025000000000E+00   4.807678E+00   6.431578E-01   6.558165E+01   4.619833E-17  -2.042119E-15  -2.082312E-13   1.200000E+02  -1.506914E+00
  5.030000000000E+00   4.810882E+00   6.376477E-01   6.557402E+01   3.587790E-17  -2.197850E-15  -2.260211E-13   1.200000E+02  -1.506724E+00
  5.035000000000E+00   4.814048E+00   6.280223E-01   6.556250E+01   2.629103E-17  -1.768619E-15  -1.846353E-13   1.200000E+02  -1.505795E+00
  5.040000000000E+00   4.817157E+00   6.153419E-01   6.554932E+01   1.792334E-17  -1.483603E-15  -1.580409E-13   1.200000E+02  -1.503864E+00
  5.045000000000E+00   4.820200E+00   6.018996E-01   6.553801E+01   1.060175E-17  -1.391365E-15  -1.514991E-13   1.200000E+02  -1.500881E+00
  5.050000000000E+00   4.823180E+00   5.907431E-01   6.553267E+01   5.654557E-18  -8.588486E-16  -9.527430E-14   1.200000E+02  -1.497073E+00
  5.055000000000E+00   4.826116E+00   5.849527E-01   6.553689E+01   2.114471E-19  -1.268502E-15  -1.421204E-13   1.200000E+02  -1.492949E+00
  5.060000000000E+00   4.829042E+00   5.868680E-01   6.555240E+01  -5.687501E-18  -1.082524E-15  -1.209166E-13   1.200000E+02  -1.489218E+00
  5.065000000000E+00   4.831999E+00   5.974676E-01   6.557807E+01  -9.857805E-18  -9.063292E-16  -9.947873E-14   1.200000E+02  -1.486659E+00
  5.070000000000E+00   4.835030E+00   6.160489E-01   6.560980E+01  -1.416694E-17  -8.052712E-16  -8.576216E-14   1.200000E+02  -1.485957E+00
  5.075000000000E+00   4.838169E+00   6.402623E-01   6.564154E+01  -1.784135E-17  -5.205089E-16  -5.336407E-14   1.200000E+02  -1.487544E+00
  5.080000000000E+00   4.841435E+00   6.664827E-01   6.566702E+01  -1.916461E-17   1.964900E-16   1.935971E-14   1.200000E+02  -1.491481E+00
  5.085000000000E+00   4.844830E+00   6.904504E-01   6.568127E+01  -1.628036E-17   9.356074E-16   8.900260E-14   1.200000E+02  -1.497412E+00
  5.090000000000E+00   4.848330E+00   7.080760E-01   6.568165E+01  -9.390537E-18   2.030935E-15   1.883911E-13   1.200000E+02  -1.504595E+00
  5.095000000000E+00   4.851895E+00   7.162616E-01   6.566807E+01   1.563877E-18   2.308307E-15   2.116295E-13   1.200000E+02  -1.512021E+00
  5.100000000000E+00   4.855475E+00   7.135658E-01   6.564264E+01   1.208777E-17   2.019614E-15   1.857891E-13   1.200000E+02  -1.518598E+00
  5.105000000000E+00   4.859014E+00   7.005498E-01   6.560917E+01   2.213372E-17   1.855181E-15   1.737448E-13   1.200000E+02  -1.523361E+00
  5.110000000000E+00   4.862468E+00   6.797010E-01   6.557255E+01   2.914379E-17   9.824542E-16   9.477995E-14   1.200000E+02  -1.525659E+00
  5.115000000000E+00   4.865805E+00   6.549234E-01   6.553816E+01   3.304798E-17   2.669949E-16   2.671817E-14   1.200000E+02  -1.525277E+00
  5.120000000000E+00   4.869018E+00   6.306998E-01   6.551131E+01   2.835350E-17  -2.121128E-15  -2.203234E-13   1.200000E+02  -1.522466E+00
  5.125000000000E+00   4.872120E+00   6.111275E-01   6.549629E+01   1.275658E-17  -3.870525E-15  -4.148153E-13   1.200000E+02  -1.517868E+00
  5.130000000000E+00   4.875141E+00   5.990790E-01   6.549538E+01  -8.096604E-18  -4.197161E-15  -4.588621E-13   1.200000E+02  -1.512378E+00
  5.135000000000E+00   4.878124E+00   5.956974E-01   6.550795E+01  -2.925769E-17  -4.165875E-15  -4.581150E-13   1.200000E+02  -1.506947E+00
  5.140000000000E+00   4.881111E+00   6.003313E-01   6.553043E+01  -4.648821E-17  -2.734013E-15  -2.984370E-13   1.200000E+02  -1.502410E+00
  5.145000000000E+00   4.884137E+00   6.108730E-01   6.555734E+01  -5.697967E-17  -1.465348E-15  -1.572574E-13   1.200000E+02  -1.499333E+00
  5.150000000000E+00   4.887225E+00   6.243768E-01   6.558293E+01  -6.230442E-17  -3.102013E-16  -3.258274E-14   1.200000E+02  -1.497946E+00
  5.155000000000E+00   4.890381E+00   6.377962E-01   6.560271E+01  -5.992809E-17   1.182338E-15   1.216134E-13   1.200000E+02  -1.498138E+00
  5.160000000000E+00   4.893598E+00   6.486804E-01   6.561431E+01  -5.119350E-17   2.339458E-15   2.366372E-13   1.200000E+02  -1.499538E+00
  5.165000000000E+00   4.896861E+00   6.556859E-01   6.561768E+01  -3.517010E-17   3.820377E-15   3.823237E-13   1.200000E+02  -1.501633E+00
  5.170000000000E+00   4.900149E+00   6.587931E-01   6.561464E+01  -1.448250E-17   4.259052E-15   4.241942E-13   1.200000E+02  -1.503917E+00
  5.175000000000E+00   4.903445E+00   6.591789E-01   6.560823E+01   8.128737E-18   4.750889E-15   4.728571E-13   1.200000E+02  -1.506021E+00
  5.180000000000E+00   4.906740E+00   6.587798E-01   6.560177E+01   3.241895E-17   4.831708E-15   4.811450E-13   1.200000E+02  -1.507793E+00
  5.185000000000E+00   4.910035E+00   6.596594E-01   6.559803E+01   5.597830E-17   4.447416E-15   4.422611E-13   1.200000E+02  -1.509310E+00
  5.190000000000E+00   4.913341E+00   6.633524E-01   6.559837E+01   7.545954E-17   3.301867E-15   3.265189E-13   1.200000E+02  -1.510823E+00
  5.195000000000E+00   4.916674E+00   6.703604E-01   6.560239E+01   8.782951E-17   1.628985E-15   1.594148E-13   1.200000E+02  -1.512652E+00
  5.200000000000E+00   4.920048E+00   6.799291E-01   6.560804E+01   9.169038E-17  -9.704552E-17  -9.364163E-15   1.200000E+02  -1.515052E+00
  5.205000000000E+00   4.923474E+00   6.901643E-01   6.561227E+01   8.646511E-17  -2.056599E-15  -1.955159E-13   1.200000E+02  -1.518103E+00
  5.210000000000E+00   4.926947E+00   6.984589E-01   6.561201E+01   7.043778E-17  -4.323142E-15  -4.061084E-13   1.200000E+02  -1.521641E+00
  5.215000000000E+00   4.930451E+00   7.021375E-01   6.560508E+01   4.365613E-17  -6.229264E-15  -5.820390E-13   1.200000E+02  -1.525251E+00
  5.220000000000E+00   4.933958E+00   6.991708E-01   6.559076E+01   1.013609E-17  -7.116300E-15  -6.675958E-13   1.200000E+02  -1.528345E+00
  5.225000000000E+00   4.937431E+00   6.887912E-01   6.556998E+01  -2.589656E-17  -7.049857E-15  -6.711163E-13   1.200000E+02  -1.530281E+00
  5.230000000000E+00   4.940835E+00   6.718419E-01   6.554524E+01  -5.925741E-17  -6.299107E-15  -6.145441E-13   1.200000E+02  -1.530527E+00
  5.235000000000E+00   4.944143E+00   6.507490E-01   6.552034E+01  -8.613430E-17  -4.626641E-15  -4.658310E-13   1.200000E+02  -1.528802E+00
  5.240000000000E+00   4.947342E+00   6.290888E-01   6.549988E+01  -1.049792E-16  -2.895152E-15  -3.014393E-13   1.200000E+02  -1.525172E+00
  5.245000000000E+00   4.950439E+00   6.108387E-01   6.548851E+01  -1.141845E-16  -6.562565E-16  -7.035780E-14   1.200000E+02  -1.520077E+00
  5.250000000000E+00   4.953461E+00   5.994979E-01   6.548981E+01  -1.133429E-16   9.642366E-16   1.053343E-13   1.200000E+02  -1.514260E+00
  5.255000000000E+00   4.956449E+00   5.973132E-01   6.550493E+01  -1.048443E-16   2.572794E-15   2.821479E-13   1.200000E+02  -1.508642E+00
  5.260000000000E+00   4.959450E+00   6.048050E-01   6.553181E+01  -8.569284E-17   4.947999E-15   5.361255E-13   1.200000E+02  -1.504143E+00
  5.265000000000E+00   4.962510E+00   6.206870E-01   6.556542E+01  -5.635406E-17   6.692418E-15   7.069443E-13   1.200000E+02  -1.501512E+00
  5.270000000000E+00   4.965666E+00   6.421599E-01   6.559917E+01  -2.153537E-17   7.206032E-15   7.361246E-13   1.200000E+02  -1.501180E+00
  5.275000000000E+00   4.968935E+00   6.654887E-01   6.562678E+01   1.500696E-17   7.142237E-15   7.043276E-13   1.200000E+02  -1.503183E+00
  5.280000000000E+00   4.972317E+00   6.867476E-01   6.564379E+01   4.762408E-17   5.717340E-15   5.465004E-13   1.200000E+02  -1.507161E+00
  5.285000000000E+00   4.975794E+00   7.025950E-01   6.564823E+01   7.021114E-17   3.294742E-15   3.078502E-13   1.200000E+02  -1.512426E+00
  5.290000000000E+00   4.979331E+00   7.109262E-01   6.564069E+01   7.989907E-17   4.974879E-16   4.593366E-14   1.200000E+02  -1.518113E+00
  5.295000000000E+00   4.982890E+00   7.112627E-01   6.562376E+01   7.641599E-17  -1.890578E-15  -1.744317E-13   1.200000E+02  -1.523357E+00
  5.300000000000E+00   4.986433E+00   7.047777E-01   6.560135E+01   6.087169E-17  -3.722923E-15  -3.465331E-13   1.200000E+02  -1.527461E+00
  5.305000000000E+00   4.989931E+00   6.939426E-01   6.557796E+01   3.842862E-17  -5.032964E-15  -4.756179E-13   1.200000E+02  -1.530031E+00
  5.310000000000E+00   4.993370E+00   6.818733E-01   6.555781E+01   1.090735E-17  -6.084735E-15  -5.850089E-13   1.200000E+02  -1.531027E+00
  5.315000000000E+00   4.996752E+00   6.715424E-01   6.554415E+01  -2.070810E-17  -6.232238E-15  -6.082814E-13   1.200000E+02  -1.530728E+00
  5.320000000000E+00   5.000092E+00   6.650610E-01   6.553849E+01  -5.022726E-17  -5.472690E-15  -5.393066E-13   1.200000E+02  -1.529628E+00
  5.325000000000E+00   5.003410E+00   6.632151E-01   6.554026E+01  -7.372760E-17  -3.790145E-15  -3.745498E-13   1.200000E+02  -1.528289E+00
  5.330000000000E+00   5.006730E+00   6.653626E-01   6.554700E+01  -8.812926E-17  -2.123210E-15  -2.091642E-13   1.200000E+02  -1.527190E+00
  5.335000000000E+00   5.010068E+00   6.696986E-01   6.555517E+01  -9.343495E-17  -1.961741E-16  -1.920300E-14   1.200000E+02  -1.526608E+00
  5.340000000000E+00   5.013427E+00   6.738059E-01   6.556120E+01  -8.885203E-17   1.969152E-15   1.915982E-13   1.200000E+02  -1.526561E+00
  5.345000000000E+00   5.016801E+00   6.753490E-01   6.556254E+01  -7.374987E-17   4.152845E-15   4.031561E-13   1.200000E+02  -1.526818E+00
  5.350000000000E+00   5.020174E+00   6.727460E-01   6.555827E+01  -5.017591E-17   5.457240E-15   5.318013E-13   1.200000E+02  -1.526986E+00
  5.355000000000E+00   5.023522E+00   6.656514E-01   6.554926E+01  -2.120054E-17   5.966598E-15   5.875540E-13   1.200000E+02  -1.526635E+00
  5.360000000000E+00   5.026825E+00   6.551244E-01   6.553793E+01   8.875361E-18   5.823468E-15   5.825734E-13   1.200000E+02  -1.525436E+00
  5.365000000000E+00   5.030071E+00   6.434285E-01   6.552777E+01   3.614263E-17   4.985872E-15   5.077691E-13   1.200000E+02  -1.523286E+00
  5.370000000000E+00   5.033262E+00   6.335006E-01   6.552254E+01   5.618706E-17   3.105508E-15   3.212006E-13   1.200000E+02  -1.520360E+00
  5.375000000000E+00   5.036413E+00   6.282272E-01   6.552532E+01   6.759177E-17   1.614008E-15   1.683442E-13   1.200000E+02  -1.517103E+00
  5.380000000000E+00   5.039555E+00   6.297155E-01   6.553740E+01   7.220335E-17  -1.094034E-17  -1.138612E-15   1.200000E+02  -1.514145E+00
  5.385000000000E+00   5.042723E+00   6.387502E-01   6.555762E+01   6.590535E-17  -2.357541E-15  -2.419644E-13   1.200000E+02  -1.512170E+00
  5.390000000000E+00   5.045953E+00   6.545589E-01   6.558245E+01   5.062496E-17  -3.605061E-15  -3.612031E-13   1.200000E+02  -1.511759E+00
  5.395000000000E+00   5.049276E+00   6.749226E-01   6.560691E+01   3.054976E-17  -4.493753E-15  -4.368223E-13   1.200000E+02  -1.513254E+00
  5.400000000000E+00   5.052705E+00   6.965934E-01   6.562594E+01   6.519548E-18  -5.139779E-15  -4.842177E-13   1.200000E+02  -1.516663E+00
  5.405000000000E+00   5.056238E+00   7.159303E-01   6.563574E+01  -1.948769E-17  -5.239798E-15  -4.803791E-13   1.200000E+02  -1.521637E+00
  5.410000000000E+00   5.059855E+00   7.296295E-01   6.563443E+01  -4.378587E-17  -4.491952E-15  -4.040772E-13   1.200000E+02  -1.527520E+00
  5.415000000000E+00   5.063521E+00   7.354033E-01   6.562227E+01  -6.608328E-17  -4.138721E-15  -3.693107E-13   1.200000E+02  -1.533467E+00
  5.420000000000E+00   5.067195E+00   7.324594E-01   6.560137E+01  -8.232890E-17  -2.404509E-15  -2.153554E-13   1.200000E+02  -1.538610E+00
  5.425000000000E+00   5.070833E+00   7.216641E-01   6.557513E+01  -9.200421E-17  -1.581280E-15  -1.436854E-13   1.200000E+02  -1.542226E+00
  5.430000000000E+00   5.074403E+00   7.053384E-01   6.554768E+01  -9.667008E-17  -4.909769E-16  -4.562689E-14   1.200000E+02  -1.543879E+00
  5.435000000000E+00   5.077883E+00   6.867256E-01   6.552329E+01  -9.572899E-17   5.489963E-16   5.238197E-14   1.200000E+02  -1.543493E+00
  5.440000000000E+00   5.081272E+00   6.692552E-01   6.550567E+01  -9.060841E-17   1.357224E-15   1.328430E-13   1.200000E+02  -1.541344E+00
  5.445000000000E+00   5.084582E+00   6.557883E-01   6.549731E+01  -8.161510E-17   2.052284E-15   2.049733E-13   1.200000E+02  -1.537980E+00
  5.450000000000E+00   5.087839E+00   6.480387E-01   6.549880E+01  -7.051513E-17   2.325952E-15   2.350894E-13   1.200000E+02  -1.534090E+00
  5.455000000000E+00   5.091072E+00   6.463053E-01   6.550863E+01  -5.795524E-17   2.519145E-15   2.553371E-13   1.200000E+02  -1.530350E+00
  5.460000000000E+00   5.094310E+00   6.495613E-01   6.552360E+01  -4.593384E-17   2.254476E-15   2.274171E-13   1.200000E+02  -1.527290E+00
  5.465000000000E+00   5.097573E+00   6.558499E-01   6.553976E+01  -3.468941E-17   2.159215E-15   2.157726E-13   1.200000E+02  -1.525206E+00
  5.470000000000E+00   5.100870E+00   6.628672E-01   6.555354E+01  -2.351356E-17   2.172815E-15   2.148782E-13   1.200000E+02  -1.524131E+00
  5.475000000000E+00   5.104199E+00   6.685887E-01   6.556265E+01  -1.226851E-17   2.368514E-15   2.322595E-13   1.200000E+02  -1.523871E+00
  5.480000000000E+00   5.107551E+00   6.717898E-01   6.556648E+01   4.260595E-19   2.436640E-15   2.378153E-13   1.200000E+02  -1.524100E+00
  5.485000000000E+00   5.110913E+00   6.723395E-01   6.556602E+01   1.098623E-17   2.004716E-15   1.954983E-13   1.200000E+02  -1.524474E+00
  5.490000000000E+00   5.114272E+00   6.711930E-01   6.556349E+01   2.071789E-17   1.460406E-15   1.426554E-13   1.200000E+02  -1.524745E+00
  5.495000000000E+00   5.117625E+00   6.700853E-01   6.556157E+01   2.546059E-17   5.293730E-16   5.179419E-14   1.200000E+02  -1.524844E+00
  5.500000000000E+00   5.120976E+00   6.710017E-01   6.556268E+01   2.541818E-17  -4.053016E-16  -3.960148E-14   1.200000E+02  -1.524904E+00
  5.505000000000E+00   5.124341E+00   6.755660E-01   6.556814E+01   2.156321E-17  -1.161649E-15  -1.127457E-13   1.200000E+02  -1.525222E+00
  5.510000000000E+00   5.127739E+00   6.845077E-01   6.557762E+01   1.602568E-17  -1.150316E-15  -1.102032E-13   1.200000E+02  -1.526171E+00
  5.515000000000E+00   5.131192E+00   6.973457E-01   6.558914E+01   6.913494E-18  -2.176841E-15  -2.047437E-13   1.200000E+02  -1.528076E+00
  5.520000000000E+00   5.134716E+00   7.123687E-01   6.559957E+01  -2.642145E-18  -1.899402E-15  -1.749094E-13   1.200000E+02  -1.531101E+00
  5.525000000000E+00   5.138315E+00   7.269217E-01   6.560554E+01  -1.229361E-17  -1.981757E-15  -1.788559E-13   1.200000E+02  -1.535156E+00
  5.530000000000E+00   5.141980E+00   7.379451E-01   6.560436E+01  -2.276439E-17  -2.303496E-15  -2.047840E-13   1.200000E+02  -1.539869E+00
  5.535000000000E+00   5.145684E+00   7.426571E-01   6.559468E+01  -3.346355E-17  -2.316770E-15  -2.046272E-13   1.200000E+02  -1.544630E+00
  5.540000000000E+00   5.149393E+00   7.392331E-01   6.557679E+01  -4.216036E-17  -1.142858E-15  -1.013820E-13   1.200000E+02  -1.548689E+00
  5.545000000000E+00   5.153063E+00   7.273233E-01   6.555250E+01  -4.727076E-17  -8.668045E-16  -7.812372E-14   1.200000E+02  -1.551311E+00
  5.550000000000E+00   5.156655E+00   7.082680E-01   6.552494E+01  -5.336835E-17  -1.390615E-15  -1.286518E-13   1.200000E+02  -1.551936E+00
  5.555000000000E+00   5.160139E+00   6.849319E-01   6.549816E+01  -6.082540E-17  -1.740720E-15  -1.664603E-13   1.200000E+02  -1.550314E+00
  5.560000000000E+00   5.163503E+00   6.611696E-01   6.547666E+01  -6.869443E-17  -1.618391E-15  -1.602718E-13   1.200000E+02  -1.546575E+00
  5.565000000000E+00   5.166756E+00   6.410344E-01   6.546471E+01  -7.814884E-17  -1.983190E-15  -2.025305E-13   1.200000E+02  -1.541224E+00
  5.570000000000E+00   5.169925E+00   6.279272E-01   6.546534E+01  -8.907163E-17  -2.337576E-15  -2.437069E-13   1.200000E+02  -1.535054E+00
  5.575000000000E+00   5.173050E+00   6.239032E-01   6.547923E+01  -9.695954E-17  -1.132448E-15  -1.188515E-13   1.200000E+02  -1.529003E+00
  5.580000000000E+00   5.176179E+00   6.293044E-01   6.550416E+01  -1.017087E-16  -6.364953E-16  -6.625266E-14   1.200000E+02  -1.523980E+00
  5.585000000000E+00   5.179356E+00   6.427762E-01   6.553536E+01  -1.025341E-16   2.991896E-16   3.050439E-14   1.200000E+02  -1.520703E+00
  5.590000000000E+00   5.182616E+00   6.616242E-01   6.556682E+01  -9.729012E-17   2.118561E-15   2.099490E-13   1.200000E+02  -1.519581E+00
  5.595000000000E+00   5.185976E+00   6.824064E-01   6.559298E+01  -8.283305E-17   3.717297E-15   3.573071E-13   1.200000E+02  -1.520647E+00
  5.600000000000E+00   5.189437E+00   7.016338E-01   6.560993E+01  -6.117481E-17   4.731475E-15   4.424412E-13   1.200000E+02  -1.523579E+00
  5.605000000000E+00   5.192985E+00   7.164469E-01   6.561607E+01  -3.746393E-17   5.018927E-15   4.596604E-13   1.200000E+02  -1.527777E+00
  5.610000000000E+00   5.196592E+00   7.251367E-01   6.561199E+01  -1.151384E-17   5.061206E-15   4.579492E-13   1.200000E+02  -1.532499E+00
  5.615000000000E+00   5.200226E+00   7.274030E-01   6.560001E+01   1.305051E-17   4.765689E-15   4.297882E-13   1.200000E+02  -1.537015E+00
  5.620000000000E+00   5.203857E+00   7.242909E-01   6.558350E+01   3.338427E-17   3.621222E-15   3.278965E-13   1.200000E+02  -1.540753E+00
  5.625000000000E+00   5.207463E+00   7.178216E-01   6.556614E+01   4.861687E-17   2.545817E-15   2.325361E-13   1.200000E+02  -1.543392E+00
  5.630000000000E+00   5.211034E+00   7.104101E-01   6.555119E+01   5.844516E-17   1.186805E-15   1.095093E-13   1.200000E+02  -1.544894E+00
  5.635000000000E+00   5.214569E+00   7.042190E-01   6.554091E+01   5.967290E-17  -6.408409E-16  -5.964237E-14   1.200000E+02  -1.545462E+00
  5.640000000000E+00   5.218080E+00   7.006161E-01   6.553603E+01   5.276735E-17  -1.937320E-15  -1.812180E-13   1.200000E+02  -1.545447E+00
  5.645000000000E+00   5.221580E+00   6.998697E-01   6.553574E+01   3.967806E-17  -3.223811E-15  -3.018774E-13   1.200000E+02  -1.545225E+00
  5.650000000000E+00   5.225082E+00   7.011523E-01   6.553798E+01   2.156253E-17  -4.032934E-15  -3.769657E-13   1.200000E+02  -1.545080E+00
  5.655000000000E+00   5.228592E+00   7.028357E-01   6.554014E+01   5.286708E-19  -4.265410E-15  -3.977538E-13   1.200000E+02  -1.545123E+00
  5.660000000000E+00   5.232108E+00   7.029996E-01   6.553989E+01  -2.088732E-17  -4.327143E-15  -4.034148E-13   1.200000E+02  -1.545267E+00
  5.665000000000E+00   5.235617E+00   7.000204E-01   6.553586E+01  -4.379404E-17  -4.645148E-15  -4.348784E-13   1.200000E+02  -1.545254E+00
  5.670000000000E+00   5.239102E+00   6.930959E-01   6.552799E+01  -6.504280E-17  -3.804507E-15  -3.596930E-13   1.200000E+02  -1.544746E+00
  5.675000000000E+00   5.242542E+00   6.825690E-01   6.551764E+01  -7.963391E-17  -2.437931E-15  -2.340093E-13   1.200000E+02  -1.543438E+00
  5.680000000000E+00   5.245924E+00   6.699569E-01   6.550727E+01  -8.882272E-17  -1.342795E-15  -1.312963E-13   1.200000E+02  -1.541166E+00
  5.685000000000E+00   5.249243E+00   6.576660E-01   6.550002E+01  -9.066456E-17   3.452000E-16   3.438008E-14   1.200000E+02  -1.537991E+00
  5.690000000000E+00   5.252506E+00   6.484527E-01   6.549896E+01  -8.507745E-17   1.881539E-15   1.900506E-13   1.200000E+02  -1.534227E+00
  5.695000000000E+00   5.255736E+00   6.447682E-01   6.550618E+01  -7.225119E-17   3.033403E-15   3.081831E-13   1.200000E+02  -1.530399E+00
  5.700000000000E+00   5.258965E+00   6.481545E-01   6.552196E+01  -5.540886E-17   3.872610E-15   3.914823E-13   1.200000E+02  -1.527155E+00
  5.705000000000E+00   5.262229E+00   6.588428E-01   6.554437E+01  -3.443763E-17   4.573973E-15   4.550375E-13   1.200000E+02  -1.525132E+00
  5.710000000000E+00   5.265563E+00   6.756394E-01   6.556958E+01  -1.080081E-17   4.704016E-15   4.565162E-13   1.200000E+02  -1.524819E+00
  5.715000000000E+00   5.268992E+00   6.961137E-01   6.559283E+01   1.127380E-17   4.307734E-15   4.059057E-13   1.200000E+02  -1.526449E+00
  5.720000000000E+00   5.272525E+00   7.170404E-01   6.560974E+01   3.054915E-17   3.211994E-15   2.938998E-13   1.200000E+02  -1.529927E+00
  5.725000000000E+00   5.276157E+00   7.350128E-01   6.561724E+01   4.225718E-17   1.510702E-15   1.348658E-13   1.200000E+02  -1.534830E+00
  5.730000000000E+00   5.279866E+00   7.471077E-01   6.561420E+01   4.594444E-17   1.615902E-17   1.419154E-15   1.200000E+02  -1.540475E+00
  5.735000000000E+00   5.283616E+00   7.514725E-01   6.560133E+01   3.944019E-17  -2.593232E-15  -2.263815E-13   1.200000E+02  -1.546041E+00
  5.740000000000E+00   5.287367E+00   7.477021E-01   6.558098E+01   2.186650E-17  -4.582106E-15  -4.018967E-13   1.200000E+02  -1.550724E+00
  5.745000000000E+00   5.291082E+00   7.369134E-01   6.555651E+01  -5.424097E-18  -6.360739E-15  -5.658573E-13   1.200000E+02  -1.553895E+00
  5.750000000000E+00   5.294729E+00   7.214873E-01   6.553184E+01  -4.091979E-17  -7.289890E-15  -6.621321E-13   1.200000E+02  -1.555211E+00
  5.755000000000E+00   5.298294E+00   7.045279E-01   6.551079E+01  -7.700586E-17  -6.973763E-15  -6.484579E-13   1.200000E+02  -1.554671E+00
  5.760000000000E+00   5.301777E+00   6.891674E-01   6.549653E+01  -1.093213E-16  -5.785210E-15  -5.498101E-13   1.200000E+02  -1.552589E+00
  5.765000000000E+00   5.305192E+00   6.778869E-01   6.549090E+01  -1.326541E-16  -3.367423E-15  -3.253280E-13   1.200000E+02  -1.549510E+00
  5.770000000000E+00   5.308565E+00   6.720227E-01   6.549393E+01  -1.439068E-16  -1.004170E-15  -9.786427E-14   1.200000E+02  -1.546080E+00
  5.775000000000E+00   5.311921E+00   6.715715E-01   6.550382E+01  -1.434635E-16   1.088618E-15   1.061817E-13   1.200000E+02  -1.542903E+00
  5.780000000000E+00   5.315287E+00   6.753222E-01   6.551740E+01  -1.297241E-16   4.601085E-15   4.463812E-13   1.200000E+02  -1.540419E+00
  5.785000000000E+00   5.318678E+00   6.812613E-01   6.553105E+01  -1.014494E-16   6.142522E-15   5.908540E-13   1.200000E+02  -1.538838E+00
  5.790000000000E+00   5.322100E+00   6.871417E-01   6.554169E+01  -6.548685E-17   7.799850E-15   7.439738E-13   1.200000E+02  -1.538117E+00
  5.795000000000E+00   5.325546E+00   6.910773E-01   6.554753E+01  -2.674807E-17   7.755266E-15   7.355740E-13   1.200000E+02  -1.538010E+00
  5.800000000000E+00   5.329005E+00   6.920284E-01   6.554834E+01   9.833636E-18   6.465879E-15   6.124426E-13   1.200000E+02  -1.538164E+00
  5.805000000000E+00   5.332462E+00   6.900610E-01   6.554538E+01   3.755931E-17   4.783241E-15   4.543357E-13   1.200000E+02  -1.538234E+00
  5.810000000000E+00   5.335903E+00   6.863186E-01   6.554096E+01   5.298319E-17   1.548394E-15   1.478661E-13   1.200000E+02  -1.537990E+00
  5.815000000000E+00   5.339325E+00   6.827063E-01   6.553785E+01   5.446249E-17  -1.023883E-15  -9.828985E-14   1.200000E+02  -1.537400E+00
  5.820000000000E+00   5.342734E+00   6.813675E-01   6.553849E+01   4.345376E-17  -3.247980E-15  -3.124124E-13   1.200000E+02  -1.536641E+00
  5.825000000000E+00   5.346145E+00   6.840835E-01   6.554422E+01   2.279505E-17  -4.743205E-15  -4.544616E-13   1.200000E+02  -1.536063E+00
  5.830000000000E+00   5.349583E+00   6.917514E-01   6.555480E+01  -3.897448E-18  -5.634079E-15  -5.339215E-13   1.200000E+02  -1.536098E+00
  5.835000000000E+00   5.353070E+00   7.040684E-01   6.556829E+01  -3.406470E-17  -6.097759E-15  -5.678705E-13   1.200000E+02  -1.537140E+00
  5.840000000000E+00   5.356628E+00   7.194955E-01   6.558153E+01  -6.468276E-17  -5.872327E-15  -5.352587E-13   1.200000E+02  -1.539423E+00
  5.845000000000E+00   5.360266E+00   7.355118E-01   6.559102E+01  -9.222521E-17  -5.266831E-15  -4.696822E-13   1.200000E+02  -1.542937E+00
  5.850000000000E+00   5.363980E+00   7.491059E-01   6.559384E+01  -1.139907E-16  -3.418116E-15  -2.992999E-13   1.200000E+02  -1.547386E+00
  5.855000000000E+00   5.367749E+00   7.574108E-01   6.558840E+01  -1.282834E-16  -2.102422E-15  -1.820603E-13   1.200000E+02  -1.552222E+00
  5.860000000000E+00   5.371542E+00   7.583495E-01   6.557464E+01  -1.343201E-16  -6.185414E-16  -5.348540E-14   1.200000E+02  -1.556730E+00
  5.865000000000E+00   5.375319E+00   7.511475E-01   6.555406E+01  -1.348320E-16   1.291302E-16   1.126944E-14   1.200000E+02  -1.560173E+00
  5.870000000000E+00   5.379042E+00   7.365864E-01   6.552941E+01  -1.329612E-16   8.367540E-16   7.444068E-14   1.200000E+02  -1.561939E+00
  5.875000000000E+00   5.382677E+00   7.169172E-01   6.550429E+01  -1.296774E-16   6.110234E-16   5.582884E-14   1.200000E+02  -1.561679E+00
  5.880000000000E+00   5.386208E+00   6.954349E-01   6.548269E+01  -1.245032E-16   1.608185E-15   1.514280E-13   1.200000E+02  -1.559385E+00
  5.885000000000E+00   5.389634E+00   6.758000E-01   6.546841E+01  -1.137528E-16   2.404012E-15   2.328897E-13   1.200000E+02  -1.555400E+00
  5.890000000000E+00   5.392974E+00   6.612711E-01   6.546428E+01  -1.000534E-16   3.007782E-15   2.977633E-13   1.200000E+02  -1.550354E+00
  5.895000000000E+00   5.396259E+00   6.540391E-01   6.547133E+01  -8.508214E-17   3.148947E-15   3.152193E-13   1.200000E+02  -1.545043E+00
  5.900000000000E+00   5.399527E+00   6.548266E-01   6.548829E+01  -6.796256E-17   3.712818E-15   3.713137E-13   1.200000E+02  -1.540277E+00
  5.905000000000E+00   5.402819E+00   6.628311E-01   6.551170E+01  -4.683421E-17   4.174815E-15   4.126228E-13   1.200000E+02  -1.536733E+00
  5.910000000000E+00   5.406164E+00   6.759947E-01   6.553687E+01  -2.439823E-17   4.546822E-15   4.408089E-13   1.200000E+02  -1.534835E+00
  5.915000000000E+00   5.409582E+00   6.915158E-01   6.555912E+01  -2.694121E-18   4.154105E-15   3.938297E-13   1.200000E+02  -1.534697E+00
  5.920000000000E+00   5.413078E+00   7.064801E-01   6.557494E+01   1.420652E-17   2.679471E-15   2.487065E-13   1.200000E+02  -1.536125E+00
  5.925000000000E+00   5.416642E+00   7.184797E-01   6.558262E+01   2.392218E-17   9.355137E-16   8.539342E-14   1.200000E+02  -1.538687E+00
  5.930000000000E+00   5.420256E+00   7.260920E-01   6.558234E+01   2.530991E-17  -6.808105E-16  -6.149241E-14   1.200000E+02  -1.541821E+00
  5.935000000000E+00   5.423896E+00   7.291161E-01   6.557588E+01   1.952329E-17  -1.421828E-15  -1.278776E-13   1.200000E+02  -1.544973E+00
  5.940000000000E+00   5.427541E+00   7.285101E-01   6.556597E+01   8.747700E-18  -3.085503E-15  -2.776955E-13   1.200000E+02  -1.547721E+00
  5.945000000000E+00   5.431178E+00   7.260463E-01   6.555565E+01  -1.087631E-17  -4.007537E-15  -3.618457E-13   1.200000E+02  -1.549852E+00
  5.950000000000E+00   5.434802E+00   7.237672E-01   6.554756E+01  -3.064490E-17  -3.977999E-15  -3.602652E-13   1.200000E+02  -1.551382E+00
  5.955000000000E+00   5.438419E+00   7.233864E-01   6.554328E+01  -4.836574E-17  -2.863405E-15  -2.594422E-13   1.200000E+02  -1.552521E+00
  5.960000000000E+00   5.442040E+00   7.257872E-01   6.554296E+01  -6.096706E-17  -1.755206E-15  -1.585057E-13   1.200000E+02  -1.553576E+00
  5.965000000000E+00   5.445681E+00   7.307495E-01   6.554533E+01  -6.692078E-17  -9.331232E-17  -8.369744E-15   1.200000E+02  -1.554834E+00
  5.970000000000E+00   5.449350E+00   7.369716E-01   6.554808E+01  -6.412909E-17   1.077364E-15   9.582346E-14   1.200000E+02  -1.556459E+00
  5.975000000000E+00   5.453049E+00   7.423823E-01   6.554863E+01  -5.685326E-17   1.589254E-15   1.403232E-13   1.200000E+02  -1.558414E+00
  5.980000000000E+00   5.456769E+00   7.446709E-01   6.554485E+01  -4.823930E-17   1.419200E-15   1.249159E-13   1.200000E+02  -1.560443E+00
  5.985000000000E+00   5.460488E+00   7.419145E-01   6.553574E+01  -4.127668E-17   1.661223E-15   1.467412E-13   1.200000E+02  -1.562118E+00
  5.990000000000E+00   5.464178E+00   7.331533E-01   6.552162E+01  -3.353426E-17   1.417086E-15   1.266445E-13   1.200000E+02  -1.562936E+00
  5.995000000000E+00   5.467810E+00   7.187688E-01   6.550421E+01  -2.928807E-17   2.451347E-16   2.234008E-14   1.200000E+02  -1.562451E+00
  6.000000000000E+00   5.471360E+00   7.005536E-01   6.548636E+01  -2.851277E-17  -2.806245E-16  -2.623222E-14   1.200000E+02  -1.560402E+00
  6.005000000000E+00   5.474814E+00   6.814322E-01   6.547171E+01  -3.165437E-17  -9.420419E-16  -9.051097E-14   1.200000E+02  -1.556809E+00
  6.010000000000E+00   5.478178E+00   6.648820E-01   6.546402E+01  -3.884141E-17  -1.847414E-15  -1.818957E-13   1.200000E+02  -1.552008E+00
  6.015000000000E+00   5.481472E+00   6.541901E-01   6.546633E+01  -4.885257E-17  -2.246481E-15  -2.248106E-13   1.200000E+02  -1.546617E+00
  6.020000000000E+00   5.484733E+00   6.517337E-01   6.547989E+01  -6.018590E-17  -2.513732E-15  -2.525555E-13   1.200000E+02  -1.541438E+00
  6.025000000000E+00   5.488005E+00   6.584603E-01   6.550344E+01  -6.925809E-17  -9.454253E-16  -9.405062E-14   1.200000E+02  -1.537311E+00
  6.030000000000E+00   5.491332E+00   6.736800E-01   6.553318E+01  -6.989469E-17   4.978872E-16   4.843269E-14   1.200000E+02  -1.534957E+00
  6.035000000000E+00   5.494752E+00   6.951891E-01   6.556374E+01  -6.491884E-17   1.558752E-15   1.470069E-13   1.200000E+02  -1.534840E+00
  6.040000000000E+00   5.498288E+00   7.196800E-01   6.558957E+01  -5.496401E-17   2.449683E-15   2.232571E-13   1.200000E+02  -1.537074E+00
  6.045000000000E+00   5.501947E+00   7.433502E-01   6.560633E+01  -4.104124E-17   2.680921E-15   2.366118E-13   1.200000E+02  -1.541388E+00
  6.050000000000E+00   5.505715E+00   7.626014E-01   6.561168E+01  -2.875521E-17   2.486889E-15   2.139637E-13   1.200000E+02  -1.547175E+00
  6.055000000000E+00   5.509562E+00   7.747029E-01   6.560551E+01  -1.716341E-17   2.151826E-15   1.822268E-13   1.200000E+02  -1.553596E+00
  6.060000000000E+00   5.513448E+00   7.782860E-01   6.558958E+01  -9.372906E-18   1.344546E-15   1.133108E-13   1.200000E+02  -1.559738E+00
  6.065000000000E+00   5.517331E+00   7.735621E-01   6.556700E+01  -5.018180E-18   8.253936E-16   6.996023E-14   1.200000E+02  -1.564783E+00
  6.070000000000E+00   5.521173E+00   7.622075E-01   6.554163E+01  -2.591330E-18  -3.433027E-16  -2.952033E-14   1.200000E+02  -1.568155E+00
  6.075000000000E+00   5.524947E+00   7.469356E-01   6.551739E+01  -9.658461E-18  -1.874612E-15  -1.644315E-13   1.200000E+02  -1.569606E+00
  6.080000000000E+00   5.528641E+00   7.308536E-01   6.549774E+01  -2.016418E-17  -2.117980E-15  -1.898094E-13   1.200000E+02  -1.569229E+00
  6.085000000000E+00   5.532259E+00   7.167618E-01   6.548511E+01  -3.041919E-17  -2.269084E-15  -2.073091E-13   1.200000E+02  -1.567401E+00
  6.090000000000E+00   5.535815E+00   7.065690E-01   6.548041E+01  -4.275718E-17  -2.268363E-15  -2.102177E-13   1.200000E+02  -1.564672E+00
  6.095000000000E+00   5.539332E+00   7.009644E-01   6.548287E+01  -5.422217E-17  -2.386298E-15  -2.229238E-13   1.200000E+02  -1.561623E+00
  6.100000000000E+00   5.542831E+00   6.994137E-01   6.549030E+01  -6.642233E-17  -2.328990E-15  -2.180773E-13   1.200000E+02  -1.558742E+00
  6.105000000000E+00   5.546330E+00   7.004585E-01   6.549972E+01  -7.712859E-17  -1.878386E-15  -1.756475E-13   1.200000E+02  -1.556333E+00
  6.110000000000E+00   5.549837E+00   7.022263E-01   6.550829E+01  -8.458137E-17  -1.183729E-15  -1.104260E-13   1.200000E+02  -1.554478E+00
  6.115000000000E+00   5.553351E+00   7.030167E-01   6.551405E+01  -8.828414E-17  -4.994806E-16  -4.654655E-14   1.200000E+02  -1.553067E+00
  6.120000000000E+00   5.556864E+00   7.018166E-01   6.551639E+01  -9.007105E-17  -2.177517E-16  -2.032768E-14   1.200000E+02  -1.551868E+00
  6.125000000000E+00   5.560366E+00   6.986171E-01   6.551608E+01  -8.916012E-17   4.253858E-16   3.989254E-14   1.200000E+02  -1.550638E+00
  6.130000000000E+00   5.563848E+00   6.944483E-01   6.551501E+01  -8.487116E-17   1.322896E-15   1.248034E-13   1.200000E+02  -1.549227E+00
  6.135000000000E+00   5.567311E+00   6.911187E-01   6.551561E+01  -7.716208E-17   1.798591E-15   1.705001E-13   1.200000E+02  -1.547655E+00
  6.140000000000E+00   5.570764E+00   6.907207E-01   6.552009E+01  -6.855762E-17   1.521009E-15   1.442792E-13   1.200000E+02  -1.546137E+00
  6.145000000000E+00   5.574226E+00   6.950299E-01   6.552965E+01  -6.135930E-17   1.846804E-15   1.741226E-13   1.200000E+02  -1.545053E+00
  6.150000000000E+00   5.577724E+00   7.049526E-01   6.554391E+01  -5.337126E-17   1.480918E-15   1.376904E-13   1.200000E+02  -1.544857E+00
  6.155000000000E+00   5.581284E+00   7.201624E-01   6.556075E+01  -4.542486E-17   1.229410E-15   1.119207E-13   1.200000E+02  -1.545960E+00
  6.160000000000E+00   5.584931E+00   7.390158E-01   6.557678E+01  -3.903029E-17   1.037560E-15   9.206821E-14   1.200000E+02  -1.548606E+00
  6.165000000000E+00   5.588676E+00   7.587710E-01   6.558829E+01  -3.440991E-17   1.100634E-15   9.513899E-14   1.200000E+02  -1.552773E+00
  6.170000000000E+00   5.592515E+00   7.760752E-01   6.559218E+01  -2.966922E-17   8.627537E-16   7.291806E-14   1.200000E+02  -1.558128E+00
  6.175000000000E+00   5.596427E+00   7.876292E-01   6.558674E+01  -2.746951E-17   4.473111E-16   3.724808E-14   1.200000E+02  -1.564049E+00
  6.180000000000E+00   5.600378E+00   7.908990E-01   6.557191E+01  -2.481817E-17   3.882739E-16   3.219104E-14   1.200000E+02  -1.569720E+00
  6.185000000000E+00   5.604321E+00   7.847167E-01   6.554928E+01  -2.223228E-17   3.619847E-16   3.023746E-14   1.200000E+02  -1.574274E+00
  6.190000000000E+00   5.608211E+00   7.696244E-01   6.552169E+01  -2.074434E-17   3.163889E-16   2.693565E-14   1.200000E+02  -1.576971E+00
  6.195000000000E+00   5.612007E+00   7.478587E-01   6.549291E+01  -1.999050E-17  -4.612672E-17  -4.039497E-15   1.200000E+02  -1.577345E+00
  6.200000000000E+00   5.615684E+00   7.229508E-01   6.546716E+01  -2.131881E-17  -7.086904E-16  -6.417580E-14   1.200000E+02  -1.575305E+00
  6.205000000000E+00   5.619238E+00   6.990194E-01   6.544858E+01  -2.901654E-17  -2.071363E-15  -1.939399E-13   1.200000E+02  -1.571162E+00
  6.210000000000E+00   5.622682E+00   6.799188E-01   6.544053E+01  -3.984489E-17  -1.980872E-15  -1.906541E-13   1.200000E+02  -1.565566E+00
  6.215000000000E+00   5.626049E+00   6.684558E-01   6.544470E+01  -4.992322E-17  -1.884851E-15  -1.845351E-13   1.200000E+02  -1.559388E+00
  6.220000000000E+00   5.629381E+00   6.658711E-01   6.546035E+01  -5.876409E-17  -1.401415E-15  -1.377700E-13   1.200000E+02  -1.553545E+00
  6.225000000000E+00   5.632721E+00   6.716951E-01   6.548430E+01  -6.302702E-17  -6.143411E-16  -5.989280E-14   1.200000E+02  -1.548845E+00
  6.230000000000E+00   5.636108E+00   6.839799E-01   6.551166E+01  -6.370151E-17   3.905243E-16   3.740445E-14   1.200000E+02  -1.545840E+00
  6.235000000000E+00   5.639567E+00   6.998195E-01   6.553724E+01  -5.812431E-17   1.745387E-15   1.634534E-13   1.200000E+02  -1.544753E+00
  6.240000000000E+00   5.643107E+00   7.160261E-01   6.555686E+01  -4.659995E-17   2.969420E-15   2.718698E-13   1.200000E+02  -1.545465E+00
  6.245000000000E+00   5.646723E+00   7.298189E-01   6.556818E+01  -3.249253E-17   3.057498E-15   2.746909E-13   1.200000E+02  -1.547574E+00
  6.250000000000E+00   5.650398E+00   7.393839E-01   6.557095E+01  -1.605052E-17   3.458780E-15   3.067357E-13   1.200000E+02  -1.550508E+00
  6.255000000000E+00   5.654109E+00   7.441878E-01   6.556668E+01   1.026153E-18   3.266017E-15   2.877525E-13   1.200000E+02  -1.553672E+00
  6.260000000000E+00   5.657834E+00   7.449763E-01   6.555806E+01   1.428087E-17   2.225481E-15   1.958428E-13   1.200000E+02  -1.556578E+00
  6.265000000000E+00   5.661555E+00   7.434572E-01   6.554824E+01   2.311645E-17   1.093532E-15   9.641320E-14   1.200000E+02  -1.558948E+00
  6.270000000000E+00   5.665268E+00   7.417504E-01   6.554008E+01   2.439113E-17  -6.855732E-16  -6.057634E-14   1.200000E+02  -1.560745E+00
  6.275000000000E+00   5.668976E+00   7.417452E-01   6.553542E+01   1.444407E-17  -2.737571E-15  -2.418726E-13   1.200000E+02  -1.562147E+00
  6.280000000000E+00   5.672690E+00   7.445352E-01   6.553470E+01  -4.620635E-18  -4.779423E-15  -4.206893E-13   1.200000E+02  -1.563453E+00
  6.285000000000E+00   5.676426E+00   7.500747E-01   6.553681E+01  -2.760313E-17  -4.630635E-15  -4.045957E-13   1.200000E+02  -1.564963E+00
  6.290000000000E+00   5.680193E+00   7.571441E-01   6.553951E+01  -5.296418E-17  -5.491589E-15  -4.753601E-13   1.200000E+02  -1.566863E+00
  6.295000000000E+00   5.683996E+00   7.636305E-01   6.554016E+01  -7.954364E-17  -4.796732E-15  -4.116894E-13   1.200000E+02  -1.569136E+00
  6.300000000000E+00   5.687825E+00   7.670593E-01   6.553652E+01  -1.012855E-16  -4.004855E-15  -3.421694E-13   1.200000E+02  -1.571532E+00
  6.305000000000E+00   5.691658E+00   7.652549E-01   6.552737E+01  -1.170328E-16  -2.090019E-15  -1.789645E-13   1.200000E+02  -1.573610E+00
  6.310000000000E+00   5.695467E+00   7.569745E-01   6.551288E+01  -1.232471E-16  -3.599922E-16  -3.115577E-14   1.200000E+02  -1.574830E+00
  6.315000000000E+00   5.699218E+00   7.423569E-01   6.549463E+01  -1.190812E-16   1.884427E-15   1.662541E-13   1.200000E+02  -1.574690E+00
  6.320000000000E+00   5.702883E+00   7.230590E-01   6.547538E+01  -1.050124E-16   3.538316E-15   3.204063E-13   1.200000E+02  -1.572867E+00
  6.325000000000E+00   5.706446E+00   7.020219E-01   6.545879E+01  -8.365272E-17   4.892462E-15   4.561889E-13   1.200000E+02  -1.569324E+00
  6.330000000000E+00   5.709906E+00   6.829018E-01   6.544874E+01  -5.652347E-17   5.812419E-15   5.570574E-13   1.200000E+02  -1.564359E+00
  6.335000000000E+00   5.713283E+00   6.692955E-01   6.544858E+01  -2.841666E-17   5.281930E-15   5.165055E-13   1.200000E+02  -1.558581E+00
  6.340000000000E+00   5.716612E+00   6.639548E-01   6.546002E+01  -4.745048E-18   3.970700E-15   3.914756E-13   1.200000E+02  -1.552812E+00
  6.345000000000E+00   5.719938E+00   6.681896E-01   6.548227E+01   9.677150E-18   1.799749E-15   1.763746E-13   1.200000E+02  -1.547940E+00
  6.350000000000E+00   5.723309E+00   6.815903E-01   6.551188E+01   1.388469E-17   1.539958E-16   1.480150E-14   1.200000E+02  -1.544760E+00
  6.355000000000E+00   5.726766E+00   7.021115E-01   6.554349E+01   1.049993E-17  -1.875230E-15  -1.750564E-13   1.200000E+02  -1.543815E+00
  6.360000000000E+00   5.730336E+00   7.264704E-01   6.557132E+01  -3.232192E-18  -3.508325E-15  -3.166619E-13   1.200000E+02  -1.545296E+00
  6.365000000000E+00   5.734030E+00   7.507723E-01   6.559064E+01  -2.466556E-17  -4.899161E-15  -4.280114E-13   1.200000E+02  -1.548996E+00
  6.370000000000E+00   5.737838E+00   7.712461E-01   6.559872E+01  -5.234894E-17  -6.115286E-15  -5.201387E-13   1.200000E+02  -1.554349E+00
  6.375000000000E+00   5.741732E+00   7.849537E-01   6.559513E+01  -8.660533E-17  -7.321191E-15  -6.117998E-13   1.200000E+02  -1.560532E+00
  6.380000000000E+00   5.745674E+00   7.903323E-01   6.558147E+01  -1.217629E-16  -6.447828E-15  -5.350383E-13   1.200000E+02  -1.566630E+00
  6.385000000000E+00   5.749622E+00   7.874490E-01   6.556080E+01  -1.530446E-16  -5.378119E-15  -4.477671E-13   1.200000E+02  -1.571805E+00
  6.390000000000E+00   5.753538E+00   7.779026E-01   6.553699E+01  -1.734067E-16  -2.761392E-15  -2.326427E-13   1.200000E+02  -1.575455E+00
  6.395000000000E+00   5.757395E+00   7.643881E-01   6.551403E+01  -1.826657E-16  -8.495205E-16  -7.281054E-14   1.200000E+02  -1.577305E+00
  6.400000000000E+00   5.761180E+00   7.500245E-01   6.549541E+01  -1.799258E-16   2.232392E-15   1.949422E-13   1.200000E+02  -1.577429E+00
  6.405000000000E+00   5.764898E+00   7.376132E-01   6.548350E+01  -1.622317E-16   4.784961E-15   4.247972E-13   1.200000E+02  -1.576188E+00
  6.410000000000E+00   5.768563E+00   7.290149E-01   6.547912E+01  -1.313056E-16   7.493430E-15   6.730496E-13   1.200000E+02  -1.574116E+00
  6.415000000000E+00   5.772195E+00   7.247970E-01   6.548132E+01  -9.077013E-17   8.663582E-15   7.827058E-13   1.200000E+02  -1.571771E+00
  6.420000000000E+00   5.775817E+00   7.242300E-01   6.548775E+01  -4.468950E-17   9.779812E-15   8.843295E-13   1.200000E+02  -1.569605E+00
  6.425000000000E+00   5.779441E+00   7.256139E-01   6.549535E+01   3.524453E-18   9.183477E-15   8.289187E-13   1.200000E+02  -1.567867E+00
  6.430000000000E+00   5.783072E+00   7.268401E-01   6.550127E+01   4.412654E-17   7.127249E-15   6.422924E-13   1.200000E+02  -1.566571E+00
  6.435000000000E+00   5.786706E+00   7.260422E-01   6.550368E+01   7.194097E-17   3.985056E-15   3.595326E-13   1.200000E+02  -1.565525E+00
  6.440000000000E+00   5.790328E+00   7.221748E-01   6.550221E+01   8.545118E-17   1.186236E-15   1.075932E-13   1.200000E+02  -1.564423E+00
  6.445000000000E+00   5.793923E+00   7.153723E-01   6.549796E+01   8.129731E-17  -2.666537E-15  -2.441424E-13   1.200000E+02  -1.562965E+00
  6.450000000000E+00   5.797479E+00   7.069902E-01   6.549323E+01   6.136289E-17  -5.049002E-15  -4.677228E-13   1.200000E+02  -1.560978E+00
  6.455000000000E+00   5.800994E+00   6.993074E-01   6.549095E+01   3.040713E-17  -7.130254E-15  -6.677565E-13   1.200000E+02  -1.558502E+00
  6.460000000000E+00   5.804477E+00   6.949585E-01   6.549385E+01  -7.677155E-18  -7.695411E-15  -7.252263E-13   1.200000E+02  -1.555820E+00
  6.465000000000E+00   5.807952E+00   6.962392E-01   6.550359E+01  -4.195468E-17  -6.091742E-15  -5.731233E-13   1.200000E+02  -1.553418E+00
  6.470000000000E+00   5.811451E+00   7.044678E-01   6.551995E+01  -7.091649E-17  -5.084655E-15  -4.729049E-13   1.200000E+02  -1.551886E+00
  6.475000000000E+00   5.815008E+00   7.195594E-01   6.554064E+01  -9.078333E-17  -2.874142E-15  -2.617896E-13   1.200000E+02  -1.551781E+00
  6.480000000000E+00   5.818655E+00   7.399137E-01   6.556178E+01  -9.975260E-17  -7.804066E-16  -6.914974E-14   1.200000E+02  -1.553483E+00
  6.485000000001E+00   5.822411E+00   7.626386E-01   6.557888E+01  -9.848627E-17   1.199686E-15   1.031603E-13   1.200000E+02  -1.557082E+00
  6.490000000001E+00   5.826279E+00   7.840643E-01   6.558814E+01  -8.880393E-17   2.813849E-15   2.353826E-13   1.200000E+02  -1.562312E+00
  6.495000000001E+00   5.830244E+00   8.004534E-01   6.558725E+01  -7.284771E-17   3.346936E-15   2.742400E-13   1.200000E+02  -1.568569E+00
  6.500000000001E+00   5.834271E+00   8.087663E-01   6.557584E+01  -5.563334E-17   3.445398E-15   2.793574E-13   1.200000E+02  -1.575002E+00
  6.505000000001E+00   5.838316E+00   8.073217E-01   6.555534E+01  -4.114168E-17   2.295296E-15   1.863804E-13   1.200000E+02  -1.580667E+00
  6.510000000001E+00   5.842329E+00   7.961956E-01   6.552863E+01  -3.224974E-17   1.298318E-15   1.068544E-13   1.200000E+02  -1.584704E+00
  6.515000000001E+00   5.846265E+00   7.772530E-01   6.549951E+01  -3.167016E-17  -9.331262E-16  -7.863502E-14   1.200000E+02  -1.586516E+00
  6.520000000001E+00   5.850094E+00   7.537810E-01   6.547220E+01  -4.062083E-17  -2.490682E-15  -2.163366E-13   1.200000E+02  -1.585876E+00
  6.525000000001E+00   5.853802E+00   7.297974E-01   6.545080E+01  -5.623666E-17  -3.166556E-15  -2.839879E-13   1.200000E+02  -1.582966E+00
  6.530000000001E+00   5.857397E+00   7.091953E-01   6.543867E+01  -7.220346E-17  -2.717715E-15  -2.507683E-13   1.200000E+02  -1.578333E+00
  6.535000000001E+00   5.860904E+00   6.949387E-01   6.543764E+01  -8.354286E-17  -1.757142E-15  -1.654580E-13   1.200000E+02  -1.572765E+00
  6.540000000001E+00   5.864359E+00   6.885098E-01   6.544741E+01  -8.908534E-17  -3.946075E-16  -3.751005E-14   1.200000E+02  -1.567127E+00
  6.545000000001E+00   5.867802E+00   6.897335E-01   6.546545E+01  -8.561543E-17   1.506346E-15   1.429736E-13   1.200000E+02  -1.562201E+00
  6.550000000001E+00   5.871266E+00   6.969899E-01   6.548762E+01  -7.352576E-17   3.044505E-15   2.860549E-13   1.200000E+02  -1.558546E+00
  6.555000000001E+00   5.874777E+00   7.077320E-01   6.550935E+01  -5.432334E-17   4.712786E-15   4.362266E-13   1.200000E+02  -1.556421E+00
  6.560000000001E+00   5.878345E+00   7.191656E-01   6.552688E+01  -3.001785E-17   4.753107E-15   4.330800E-13   1.200000E+02  -1.555772E+00
  6.565000000001E+00   5.881966E+00   7.289324E-01   6.553809E+01  -7.573354E-18   4.227004E-15   3.800486E-13   1.200000E+02  -1.556299E+00
  6.570000000001E+00   5.885629E+00   7.356438E-01   6.554270E+01   1.131418E-17   3.110191E-15   2.771047E-13   1.200000E+02  -1.557560E+00
  6.575000000001E+00   5.889317E+00   7.391454E-01   6.554212E+01   2.162197E-17   1.323346E-15   1.173449E-13   1.200000E+02  -1.559111E+00
  6.580000000001E+00   5.893017E+00   7.404513E-01   6.553878E+01   2.270644E-17  -8.421431E-16  -7.453973E-14   1.200000E+02  -1.560627E+00
  6.585000000001E+00   5.896721E+00   7.413633E-01   6.553547E+01   1.453378E-17  -2.564823E-15  -2.267268E-13   1.200000E+02  -1.561983E+00
  6.590000000001E+00   5.900433E+00   7.438758E-01   6.553446E+01  -2.935698E-18  -4.055080E-15  -3.572471E-13   1.200000E+02  -1.563268E+00
  6.595000000001E+00   5.904165E+00   7.495210E-01   6.553684E+01  -2.426717E-17  -4.598851E-15  -4.021157E-13   1.200000E+02  -1.564738E+00
  6.600000000001E+00   5.907934E+00   7.588291E-01   6.554216E+01  -4.514513E-17  -3.673909E-15  -3.173256E-13   1.200000E+02  -1.566709E+00
  6.605000000001E+00   5.911758E+00   7.710447E-01   6.554846E+01  -6.085537E-17  -2.289675E-15  -1.946510E-13   1.200000E+02  -1.569432E+00
  6.610000000001E+00   5.915646E+00   7.841744E-01   6.555293E+01  -6.655259E-17  -1.051575E-16  -8.790627E-15   1.200000E+02  -1.572973E+00
  6.615000000001E+00   5.919597E+00   7.953648E-01   6.555272E+01  -6.345857E-17   1.299143E-15   1.070733E-13   1.200000E+02  -1.577139E+00
  6.620000000001E+00   5.923592E+00   8.015339E-01   6.554579E+01  -5.233539E-17   2.915694E-15   2.384321E-13   1.200000E+02  -1.581465E+00
  6.625000000001E+00   5.927600E+00   8.001237E-01   6.553144E+01  -3.670830E-17   3.164226E-15   2.591553E-13   1.200000E+02  -1.585282E+00
  6.630000000001E+00   5.931579E+00   7.898031E-01   6.551049E+01  -2.062019E-17   3.062914E-15   2.540544E-13   1.200000E+02  -1.587843E+00
  6.635000000001E+00   5.935484E+00   7.709461E-01   6.548515E+01  -6.758186E-18   2.567593E-15   2.180946E-13   1.200000E+02  -1.588489E+00
  6.640000000001E+00   5.939278E+00   7.457460E-01   6.545881E+01   4.044587E-18   1.256528E-15   1.102934E-13   1.200000E+02  -1.586810E+00
  6.645000000001E+00   5.942937E+00   7.179029E-01   6.543570E+01   5.713865E-18  -6.541552E-16  -5.962520E-14   1.200000E+02  -1.582765E+00
  6.650000000001E+00   5.946460E+00   6.919297E-01   6.542035E+01  -9.996809E-19  -2.230164E-15  -2.108568E-13   1.200000E+02  -1.576725E+00
  6.655000000001E+00   5.949867E+00   6.722316E-01   6.541679E+01  -1.561109E-17  -3.619542E-15  -3.522280E-13   1.200000E+02  -1.569437E+00
  6.660000000001E+00   5.953198E+00   6.621899E-01   6.542733E+01  -3.600986E-17  -4.491544E-15  -4.437847E-13   1.200000E+02  -1.561899E+00
  6.665000000001E+00   5.956507E+00   6.634857E-01   6.545144E+01  -5.988671E-17  -4.946933E-15  -4.880043E-13   1.200000E+02  -1.555195E+00
  6.670000000001E+00   5.959850E+00   6.758138E-01   6.548535E+01  -8.420674E-17  -4.637121E-15  -4.493301E-13   1.200000E+02  -1.550297E+00
  6.675000000001E+00   5.963279E+00   6.970111E-01   6.552293E+01  -1.054116E-16  -3.816453E-15  -3.587679E-13   1.200000E+02  -1.547904E+00
  6.680000000001E+00   5.966829E+00   7.235307E-01   6.555741E+01  -1.196836E-16  -2.003681E-15  -1.815488E-13   1.200000E+02  -1.548316E+00
  6.685000000001E+00   5.970516E+00   7.511405E-01   6.558316E+01  -1.255083E-16  -2.560753E-16  -2.235830E-14   1.200000E+02  -1.551395E+00
  6.690000000001E+00   5.974336E+00   7.757168E-01   6.559682E+01  -1.206800E-16   2.012371E-15   1.701719E-13   1.200000E+02  -1.556596E+00
  6.695000000001E+00   5.978263E+00   7.939889E-01   6.559766E+01  -1.052720E-16   4.086566E-15   3.376234E-13   1.200000E+02  -1.563082E+00
  6.700000000001E+00   5.982262E+00   8.040935E-01   6.558723E+01  -8.122431E-17   4.828577E-15   3.938510E-13   1.200000E+02  -1.569889E+00
  6.705000000001E+00   5.986291E+00   8.058193E-01   6.556866E+01  -5.567619E-17   5.243348E-15   4.266457E-13   1.200000E+02  -1.576111E+00
  6.710000000001E+00   5.990309E+00   8.004886E-01   6.554589E+01  -3.023988E-17   4.607509E-15   3.772737E-13   1.200000E+02  -1.581058E+00
  6.715000000001E+00   5.994288E+00   7.905015E-01   6.552289E+01  -9.705826E-18   3.343456E-15   2.771315E-13   1.200000E+02  -1.584359E+00
  6.720000000001E+00   5.998211E+00   7.786597E-01   6.550303E+01   4.352496E-18   2.107323E-15   1.772739E-13   1.200000E+02  -1.585978E+00
  6.725000000001E+00   6.002076E+00   7.674440E-01   6.548851E+01   1.150830E-17   7.634836E-16   6.515056E-14   1.200000E+02  -1.586158E+00
  6.730000000001E+00   6.005889E+00   7.584332E-01   6.548001E+01   1.311931E-17   2.351275E-16   2.029995E-14   1.200000E+02  -1.585301E+00
  6.735000000001E+00   6.009664E+00   7.520132E-01   6.547670E+01   1.421128E-17   7.282534E-18   6.340796E-16   1.200000E+02  -1.583838E+00
  6.740000000001E+00   6.013412E+00   7.474391E-01   6.547660E+01   1.085221E-17  -1.368096E-15  -1.198469E-13   1.200000E+02  -1.582101E+00
  6.745000000001E+00   6.017139E+00   7.432204E-01   6.547731E+01   1.310722E-18  -2.248999E-15  -1.981356E-13   1.200000E+02  -1.580247E+00
  6.750000000001E+00   6.020843E+00   7.377164E-01   6.547682E+01  -9.104675E-18  -1.985034E-15  -1.761838E-13   1.200000E+02  -1.578245E+00
  6.755000000001E+00   6.024512E+00   7.297775E-01   6.547412E+01  -1.687518E-17  -1.377178E-15  -1.235575E-13   1.200000E+02  -1.575926E+00
  6.760000000001E+00   6.028136E+00   7.192566E-01   6.546960E+01  -2.088523E-17  -5.474987E-17  -4.983552E-15   1.200000E+02  -1.573084E+00
  6.765000000001E+00   6.031703E+00   7.072418E-01   6.546501E+01  -1.618539E-17   1.730903E-15   1.602190E-13   1.200000E+02  -1.569593E+00
  6.770000000001E+00   6.035210E+00   6.959307E-01   6.546305E+01  -5.846785E-18   2.422252E-15   2.278503E-13   1.200000E+02  -1.565515E+00
  6.775000000001E+00   6.038668E+00   6.881601E-01   6.546673E+01   8.203263E-18   3.074841E-15   2.925189E-13   1.200000E+02  -1.561154E+00
  6.780000000001E+00   6.042101E+00   6.867077E-01   6.547832E+01   2.313747E-17   3.056390E-15   2.914301E-13   1.200000E+02  -1.557048E+00
  6.785000000001E+00   6.045548E+00   6.935481E-01   6.549831E+01   3.694173E-17   2.972719E-15   2.807420E-13   1.200000E+02  -1.553887E+00
  6.790000000001E+00   6.049051E+00   7.092544E-01   6.552481E+01   4.969728E-17   2.004575E-15   1.851936E-13   1.200000E+02  -1.552380E+00
  6.795000000001E+00   6.052653E+00   7.326914E-01   6.555365E+01   5.640810E-17   5.847861E-16   5.232061E-14   1.200000E+02  -1.553095E+00
  6.800000000001E+00   6.056386E+00   7.610655E-01   6.557947E+01   5.505128E-17  -9.067281E-16  -7.813092E-14   1.200000E+02  -1.556306E+00
  6.805000000001E+00   6.060265E+00   7.903276E-01   6.559717E+01   4.658598E-17  -2.470583E-15  -2.050583E-13   1.200000E+02  -1.561892E+00
  6.810000000001E+00   6.064283E+00   8.158632E-01   6.560313E+01   2.917292E-17  -4.472125E-15  -3.596012E-13   1.200000E+02  -1.569301E+00
  6.815000000001E+00   6.068411E+00   8.333539E-01   6.559595E+01   2.821835E-18  -5.916368E-15  -4.656962E-13   1.200000E+02  -1.577610E+00
  6.820000000001E+00   6.072599E+00   8.396435E-01   6.557645E+01  -2.764624E-17  -6.179090E-15  -4.825891E-13   1.200000E+02  -1.585667E+00
  6.825000000001E+00   6.076787E+00   8.334236E-01   6.554732E+01  -5.890619E-17  -5.677635E-15  -4.465362E-13   1.200000E+02  -1.592299E+00
  6.830000000001E+00   6.080914E+00   8.155705E-01   6.551250E+01  -8.237844E-17  -3.808256E-15  -3.059065E-13   1.200000E+02  -1.596532E+00
  6.835000000001E+00   6.084929E+00   7.890293E-01   6.547662E+01  -9.652619E-17  -1.888160E-15  -1.566866E-13   1.200000E+02  -1.597773E+00
  6.840000000001E+00   6.088798E+00   7.582440E-01   6.544457E+01  -1.022686E-16  -3.870579E-16  -3.340724E-14   1.200000E+02  -1.595918E+00
  6.845000000001E+00   6.092513E+00   7.282495E-01   6.542095E+01  -1.012066E-16   7.212455E-16   6.479175E-14   1.200000E+02  -1.591355E+00
  6.850000000001E+00   6.096089E+00   7.036393E-01   6.540942E+01  -9.638811E-17   1.173400E-15   1.090778E-13   1.200000E+02  -1.584880E+00
  6.855000000001E+00   6.099563E+00   6.876684E-01   6.541177E+01  -8.839091E-17   1.920383E-15   1.826689E-13   1.200000E+02  -1.577524E+00
  6.860000000001E+00   6.102982E+00   6.817153E-01   6.542717E+01  -7.847433E-17   1.802983E-15   1.730401E-13   1.200000E+02  -1.570362E+00
  6.865000000001E+00   6.106395E+00   6.852087E-01   6.545211E+01  -6.907287E-17   1.696019E-15   1.620061E-13   1.200000E+02  -1.564320E+00
  6.870000000001E+00   6.109846E+00   6.959877E-01   6.548130E+01  -6.361474E-17   5.063482E-16   4.763926E-14   1.200000E+02  -1.560035E+00
  6.875000000001E+00   6.113362E+00   7.109591E-01   6.550922E+01  -6.359081E-17  -4.736665E-16  -4.364460E-14   1.200000E+02  -1.557776E+00
  6.880000000001E+00   6.116957E+00   7.268760E-01   6.553155E+01  -6.854653E-17  -1.360387E-15  -1.226458E-13   1.200000E+02  -1.557453E+00
  6.885000000001E+00   6.120628E+00   7.410617E-01   6.554598E+01  -7.687423E-17  -1.833788E-15  -1.621962E-13   1.200000E+02  -1.558696E+00
  6.890000000001E+00   6.124362E+00   7.519301E-01   6.555238E+01  -8.633672E-17  -1.879551E-15  -1.638571E-13   1.200000E+02  -1.560981E+00
  6.895000000001E+00   6.128141E+00   7.591964E-01   6.555234E+01  -9.418462E-17  -1.205697E-15  -1.041052E-13   1.200000E+02  -1.563777E+00
  6.900000000001E+00   6.131949E+00   7.637374E-01   6.554846E+01  -9.757772E-17   1.707631E-16   1.465590E-14   1.200000E+02  -1.566675E+00
  6.905000000001E+00   6.135777E+00   7.671495E-01   6.554350E+01  -9.304514E-17   2.018927E-15   1.724925E-13   1.200000E+02  -1.569461E+00
  6.910000000001E+00   6.139622E+00   7.711253E-01   6.553961E+01  -7.848222E-17   3.547852E-15   3.015396E-13   1.200000E+02  -1.572130E+00
  6.915000000001E+00   6.143491E+00   7.768232E-01   6.553777E+01  -5.727531E-17   4.657672E-15   3.929510E-13   1.200000E+02  -1.574819E+00
  6.920000000001E+00   6.147393E+00   7.844015E-01   6.553750E+01  -3.230283E-17   5.427530E-15   4.534753E-13   1.200000E+02  -1.577711E+00
  6.925000000001E+00   6.151336E+00   7.928478E-01   6.553716E+01  -4.995107E-18   5.247474E-15   4.337586E-13   1.200000E+02  -1.580912E+00
  6.930000000001E+00   6.155320E+00   8.001522E-01   6.553455E+01   1.816782E-17   4.096450E-15   3.355099E-13   1.200000E+02  -1.584356E+00
  6.935000000001E+00   6.159332E+00   8.037928E-01   6.552763E+01   3.447062E-17   2.265895E-15   1.847227E-13   1.200000E+02  -1.587757E+00
  6.940000000001E+00   6.163348E+00   8.014205E-01   6.551526E+01   3.953557E-17  -3.686122E-16  -3.013365E-14   1.200000E+02  -1.590630E+00
  6.945000000001E+00   6.167334E+00   7.915813E-01   6.549758E+01   3.050466E-17  -2.689526E-15  -2.225387E-13   1.200000E+02  -1.592389E+00
  6.950000000001E+00   6.171252E+00   7.742856E-01   6.547607E+01   1.234030E-17  -4.372852E-15  -3.697824E-13   1.200000E+02  -1.592478E+00
  6.955000000001E+00   6.175068E+00   7.512598E-01   6.545355E+01  -1.518564E-17  -6.421320E-15  -5.594578E-13   1.200000E+02  -1.590531E+00
  6.960000000001E+00   6.178761E+00   7.257770E-01   6.543379E+01  -4.692699E-17  -6.213637E-15  -5.602022E-13   1.200000E+02  -1.586496E+00
  6.965000000001E+00   6.182328E+00   7.020717E-01   6.542112E+01  -7.710154E-17  -5.379888E-15  -5.013140E-13   1.200000E+02  -1.580704E+00
  6.970000000001E+00   6.185791E+00   6.844619E-01   6.541948E+01  -1.001435E-16  -4.059907E-15  -3.880377E-13   1.200000E+02  -1.573845E+00
  6.975000000001E+00   6.189188E+00   6.764016E-01   6.543121E+01  -1.160231E-16  -1.769122E-15  -1.711347E-13   1.200000E+02  -1.566878E+00
  6.980000000001E+00   6.192573E+00   6.797100E-01   6.545585E+01  -1.184604E-16   5.450643E-16   5.248952E-14   1.200000E+02  -1.560858E+00
  6.985000000001E+00   6.196003E+00   6.941645E-01   6.548968E+01  -1.109052E-16   2.594586E-15   2.447815E-13   1.200000E+02  -1.556749E+00
  6.990000000001E+00   6.199529E+00   7.175246E-01   6.552646E+01  -9.370711E-17   4.221930E-15   3.855591E-13   1.200000E+02  -1.555238E+00
  6.995000000001E+00   6.203187E+00   7.459524E-01   6.555926E+01  -7.103292E-17   4.593231E-15   4.036837E-13   1.200000E+02  -1.556595E+00
  7.000000000001E+00   6.206989E+00   7.747317E-01   6.558227E+01  -4.791078E-17   4.442254E-15   3.760438E-13   1.200000E+02  -1.560614E+00
  7.005000000001E+00   6.210927E+00   7.991576E-01   6.559210E+01  -2.666761E-17   3.810006E-15   3.127121E-13   1.200000E+02  -1.566638E+00
  7.010000000001E+00   6.214968E+00   8.154364E-01   6.558811E+01  -1.151060E-17   2.663458E-15   2.142303E-13   1.200000E+02  -1.573681E+00
  7.015000000001E+00   6.219065E+00   8.214170E-01   6.557213E+01  -7.860351E-19   1.469456E-15   1.173039E-13   1.200000E+02  -1.580617E+00
  7.020000000001E+00   6.223165E+00   8.169890E-01   6.554775E+01   3.196879E-18   1.024737E-16   8.221559E-15   1.200000E+02  -1.586403E+00
  7.025000000001E+00   6.227221E+00   8.040406E-01   6.551956E+01  -5.407632E-19  -1.809372E-15  -1.474419E-13   1.200000E+02  -1.590280E+00
  7.030000000001E+00   6.231197E+00   7.859732E-01   6.549237E+01  -9.963352E-18  -2.111634E-15  -1.759550E-13   1.200000E+02  -1.591899E+00
  7.035000000001E+00   6.235079E+00   7.668772E-01   6.547055E+01  -2.076024E-17  -2.056647E-15  -1.755820E-13   1.200000E+02  -1.591360E+00
  7.040000000001E+00   6.238871E+00   7.505748E-01   6.545727E+01  -3.028902E-17  -1.515788E-15  -1.321911E-13   1.200000E+02  -1.589145E+00
  7.045000000001E+00   6.242594E+00   7.397718E-01   6.545386E+01  -3.662013E-17  -7.042690E-16  -6.231263E-14   1.200000E+02  -1.585974E+00
  7.050000000001E+00   6.246279E+00   7.355343E-01   6.545945E+01  -3.517807E-17   1.148051E-15   1.021717E-13   1.200000E+02  -1.582624E+00
  7.055000000001E+00   6.249959E+00   7.372023E-01   6.547115E+01  -2.788779E-17   1.920234E-15   1.705365E-13   1.200000E+02  -1.579753E+00
  7.060000000001E+00   6.253657E+00   7.427320E-01   6.548492E+01  -1.960531E-17   1.455669E-15   1.283429E-13   1.200000E+02  -1.577763E+00
  7.065000000001E+00   6.257388E+00   7.493542E-01   6.549682E+01  -1.373974E-17   6.922590E-16   6.050645E-14   1.200000E+02  -1.576744E+00
  7.070000000001E+00   6.261148E+00   7.543705E-01   6.550405E+01  -1.391397E-17  -8.298402E-16  -7.205729E-14   1.200000E+02  -1.576495E+00
  7.075000000001E+00   6.264926E+00   7.558929E-01   6.550557E+01  -2.407918E-17  -2.775121E-15  -2.404916E-13   1.200000E+02  -1.576619E+00
  7.080000000001E+00   6.268701E+00   7.533462E-01   6.550219E+01  -4.080363E-17  -4.087006E-15  -3.553583E-13   1.200000E+02  -1.576664E+00
  7.085000000001E+00   6.272454E+00   7.476084E-01   6.549615E+01  -6.119596E-17  -3.990649E-15  -3.496111E-13   1.200000E+02  -1.576272E+00
  7.090000000001E+00   6.276175E+00   7.407501E-01   6.549052E+01  -8.023244E-17  -3.539969E-15  -3.129725E-13   1.200000E+02  -1.575300E+00
  7.095000000001E+00   6.279864E+00   7.354409E-01   6.548836E+01  -9.396353E-17  -2.127877E-15  -1.894797E-13   1.200000E+02  -1.573871E+00
  7.100000000001E+00   6.283536E+00   7.341829E-01   6.549176E+01  -1.002391E-16  -4.664987E-16  -4.161337E-14   1.200000E+02  -1.572347E+00
  7.105000000001E+00   6.287215E+00   7.385790E-01   6.550117E+01  -9.914712E-17   1.125949E-15   9.985524E-14   1.200000E+02  -1.571238E+00
  7.110000000001E+00   6.290931E+00   7.488331E-01   6.551501E+01  -8.918092E-17   2.983428E-15   2.610185E-13   1.200000E+02  -1.571058E+00
  7.115000000001E+00   6.294711E+00   7.636048E-01   6.553006E+01  -7.146432E-17   4.157020E-15   3.567419E-13   1.200000E+02  -1.572172E+00
  7.120000000001E+00   6.298570E+00   7.802513E-01   6.554244E+01  -4.937449E-17   4.693971E-15   3.943016E-13   1.200000E+02  -1.574683E+00
  7.125000000001E+00   6.302511E+00   7.953984E-01   6.554869E+01  -2.665253E-17   4.357208E-15   3.590770E-13   1.200000E+02  -1.578367E+00
  7.130000000001E+00   6.306516E+00   8.057133E-01   6.554671E+01  -6.712838E-18   3.357271E-15   2.731221E-13   1.200000E+02  -1.582693E+00
  7.135000000001E+00   6.310556E+00   8.087079E-01   6.553623E+01   6.628839E-18   1.809074E-15   1.466041E-13   1.200000E+02  -1.586929E+00
  7.140000000001E+00   6.314590E+00   8.033822E-01   6.551872E+01   1.167388E-17   3.953051E-16   3.223856E-14   1.200000E+02  -1.590295E+00
  7.145000000001E+00   6.318578E+00   7.905414E-01   6.549713E+01   9.578995E-18  -1.231757E-15  -1.020523E-13   1.200000E+02  -1.592143E+00
  7.150000000001E+00   6.322487E+00   7.726873E-01   6.547530E+01   1.260387E-19  -2.425701E-15  -2.055469E-13   1.200000E+02  -1.592112E+00
  7.155000000001E+00   6.326302E+00   7.534868E-01   6.545741E+01  -1.432648E-17  -2.875388E-15  -2.497926E-13   1.200000E+02  -1.590223E+00
  7.160000000001E+00   6.330026E+00   7.369370E-01   6.544719E+01  -2.591297E-17  -1.931359E-15  -1.715236E-13   1.200000E+02  -1.586873E+00
  7.165000000001E+00   6.333682E+00   7.264357E-01   6.544705E+01  -3.304126E-17  -1.038914E-15  -9.359931E-14   1.200000E+02  -1.582760E+00
  7.170000000001E+00   6.337304E+00   7.240007E-01   6.545721E+01  -3.567193E-17   8.727910E-17   7.890940E-15   1.200000E+02  -1.578726E+00
  7.175000000001E+00   6.340935E+00   7.298320E-01   6.547535E+01  -3.187090E-17   1.374570E-15   1.233167E-13   1.200000E+02  -1.575575E+00
  7.180000000001E+00   6.344613E+00   7.423080E-01   6.549717E+01  -2.498891E-17   1.356810E-15   1.197174E-13   1.200000E+02  -1.573903E+00
  7.185000000001E+00   6.348364E+00   7.583931E-01   6.551754E+01  -1.830055E-17   1.413139E-15   1.220810E-13   1.200000E+02  -1.573968E+00
  7.190000000001E+00   6.352197E+00   7.743469E-01   6.553197E+01  -1.416599E-17   4.754149E-16   4.023375E-14   1.200000E+02  -1.575641E+00
  7.195000000001E+00   6.356101E+00   7.865786E-01   6.553772E+01  -1.374149E-17  -3.552006E-16  -2.959531E-14   1.200000E+02  -1.578445E+00
  7.200000000001E+00   6.360052E+00   7.924634E-01   6.553419E+01  -1.857364E-17  -1.382093E-15  -1.142947E-13   1.200000E+02  -1.581669E+00
  7.205000000001E+00   6.364014E+00   7.909403E-01   6.552283E+01  -2.785141E-17  -2.443625E-15  -2.024340E-13   1.200000E+02  -1.584538E+00
  7.210000000001E+00   6.367951E+00   7.827477E-01   6.550665E+01  -4.431547E-17  -3.783992E-15  -3.166751E-13   1.200000E+02  -1.586402E+00
  7.215000000001E+00   6.371834E+00   7.702290E-01   6.548958E+01  -6.210386E-17  -3.159371E-15  -2.686290E-13   1.200000E+02  -1.586883E+00
  7.220000000001E+00   6.375652E+00   7.567457E-01   6.547568E+01  -7.833204E-17  -3.572312E-15  -3.090861E-13   1.200000E+02  -1.585962E+00
  7.225000000001E+00   6.379406E+00   7.458398E-01   6.546834E+01  -9.363423E-17  -2.615732E-15  -2.296038E-13   1.200000E+02  -1.583973E+00
  7.230000000001E+00   6.383119E+00   7.403609E-01   6.546943E+01  -1.039437E-16  -1.770806E-15  -1.565907E-13   1.200000E+02  -1.581509E+00
  7.235000000001E+00   6.386821E+00   7.417850E-01   6.547867E+01  -1.106361E-16  -7.159023E-16  -6.319396E-14   1.200000E+02  -1.579278E+00
  7.240000000001E+00   6.390547E+00   7.498872E-01   6.549359E+01  -1.103370E-16   6.859921E-16   5.991313E-14   1.200000E+02  -1.577923E+00
  7.245000000001E+00   6.394328E+00   7.628338E-01   6.551019E+01  -1.043145E-16   1.824484E-15   1.566820E-13   1.200000E+02  -1.577873E+00
  7.250000000001E+00   6.398179E+00   7.776488E-01   6.552414E+01  -9.350170E-17   2.803092E-15   2.361866E-13   1.200000E+02  -1.579236E+00
  7.255000000001E+00   6.402102E+00   7.909357E-01   6.553196E+01  -7.725316E-17   3.609846E-15   2.990892E-13   1.200000E+02  -1.581781E+00
  7.260000000001E+00   6.406081E+00   7.996875E-01   6.553189E+01  -5.654811E-17   4.566030E-15   3.741719E-13   1.200000E+02  -1.584989E+00
  7.265000000001E+00   6.410088E+00   8.020023E-01   6.552408E+01  -3.369985E-17   4.084445E-15   3.337017E-13   1.200000E+02  -1.588182E+00
  7.270000000001E+00   6.414090E+00   7.975343E-01   6.551039E+01  -1.635720E-17   3.164851E-15   2.599646E-13   1.200000E+02  -1.590692E+00
  7.275000000001E+00   6.418054E+00   7.875641E-01   6.549391E+01  -2.192924E-18   2.350396E-15   1.954592E-13   1.200000E+02  -1.592020E+00
  7.280000000001E+00   6.421961E+00   7.746647E-01   6.547828E+01   8.036401E-18   1.202489E-15   1.016400E-13   1.200000E+02  -1.591953E+00
  7.285000000001E+00   6.425802E+00   7.620390E-01   6.546696E+01   1.027263E-17  -7.267128E-17  -6.243208E-15   1.200000E+02  -1.590610E+00
  7.290000000001E+00   6.429586E+00   7.527017E-01   6.546244E+01   6.328711E-18  -1.519099E-15  -1.321160E-13   1.200000E+02  -1.588403E+00
  7.295000000001E+00   6.433337E+00   7.487240E-01   6.546558E+01  -6.262238E-18  -3.232674E-15  -2.826528E-13   1.200000E+02  -1.585923E+00
  7.300000000001E+00   6.437083E+00   7.507363E-01   6.547522E+01  -2.382447E-17  -4.108312E-15  -3.583051E-13   1.200000E+02  -1.583792E+00
  7.305000000001E+00   6.440853E+00   7.578111E-01   6.548850E+01  -4.395482E-17  -3.639018E-15  -3.144765E-13   1.200000E+02  -1.582503E+00
  7.310000000001E+00   6.444666E+00   7.677387E-01   6.550164E+01  -5.914265E-17  -2.275568E-15  -1.941461E-13   1.200000E+02  -1.582308E+00
  7.315000000001E+00   6.448530E+00   7.776160E-01   6.551111E+01  -6.757388E-17  -1.249724E-15  -1.052844E-13   1.200000E+02  -1.583152E+00
  7.320000000001E+00   6.452438E+00   7.846031E-01   6.551457E+01  -6.971474E-17   1.915588E-16   1.599521E-14   1.200000E+02  -1.584700E+00
  7.325000000001E+00   6.456368E+00   7.866670E-01   6.551136E+01  -6.555278E-17   1.601681E-15   1.333833E-13   1.200000E+02  -1.586430E+00
  7.330000000001E+00   6.460295E+00   7.831327E-01   6.550258E+01  -5.445679E-17   2.728020E-15   2.281764E-13   1.200000E+02  -1.587774E+00
  7.335000000001E+00   6.464192E+00   7.748965E-01   6.549075E+01  -4.132115E-17   2.501926E-15   2.114515E-13   1.200000E+02  -1.588279E+00
  7.340000000001E+00   6.468040E+00   7.642369E-01   6.547926E+01  -2.787601E-17   2.386840E-15   2.045027E-13   1.200000E+02  -1.587733E+00
  7.345000000001E+00   6.471835E+00   7.542556E-01   6.547160E+01  -1.859905E-17   1.150322E-15   9.985135E-14   1.200000E+02  -1.586237E+00
  7.350000000001E+00   6.475589E+00   7.480892E-01   6.547052E+01  -1.745942E-17  -5.310015E-16  -4.647166E-14   1.200000E+02  -1.584186E+00
  7.355000000001E+00   6.479326E+00   7.480956E-01   6.547717E+01  -2.316841E-17  -1.901293E-15  -1.664110E-13   1.200000E+02  -1.582182E+00
  7.360000000001E+00   6.483081E+00   7.552279E-01   6.549057E+01  -3.490362E-17  -2.921284E-15  -2.533230E-13   1.200000E+02  -1.580890E+00
  7.365000000001E+00   6.486889E+00   7.687496E-01   6.550768E+01  -5.337206E-17  -4.024292E-15  -3.429232E-13   1.200000E+02  -1.580867E+00
  7.370000000001E+00   6.490775E+00   7.863490E-01   6.552427E+01  -7.391898E-17  -4.368196E-15  -3.639896E-13   1.200000E+02  -1.582418E+00
  7.375000000001E+00   6.494753E+00   8.046188E-01   6.553608E+01  -9.345249E-17  -3.219131E-15  -2.621977E-13   1.200000E+02  -1.585506E+00
  7.380000000001E+00   6.498817E+00   8.197918E-01   6.554000E+01  -1.067591E-16  -2.224880E-15  -1.778728E-13   1.200000E+02  -1.589732E+00
  7.385000000001E+00   6.502941E+00   8.285750E-01   6.553473E+01  -1.129005E-16   2.940611E-16   2.325826E-14   1.200000E+02  -1.594408E+00
  7.390000000001E+00   6.507089E+00   8.289021E-01   6.552089E+01  -1.055539E-16   2.342004E-15   1.851246E-13   1.200000E+02  -1.598696E+00
  7.395000000001E+00   6.511216E+00   8.204274E-01   6.550075E+01  -8.844393E-17   4.189872E-15   3.345083E-13   1.200000E+02  -1.601793E+00
  7.400000000001E+00   6.515281E+00   8.046373E-01   6.547775E+01  -6.579760E-17   4.867785E-15   3.961184E-13   1.200000E+02  -1.603103E+00
  7.405000000001E+00   6.519255E+00   7.845370E-01   6.545589E+01  -4.169346E-17   4.188173E-15   3.494298E-13   1.200000E+02  -1.602371E+00
  7.410000000001E+00   6.523126E+00   7.639781E-01   6.543914E+01  -2.408398E-17   3.006820E-15   2.575516E-13   1.200000E+02  -1.599735E+00
  7.415000000001E+00   6.526900E+00   7.467932E-01   6.543071E+01  -1.240711E-17   1.585602E-15   1.389234E-13   1.200000E+02  -1.595690E+00
  7.420000000001E+00   6.530604E+00   7.359565E-01   6.543231E+01  -9.583464E-18  -5.429323E-16  -4.827094E-14   1.200000E+02  -1.590977E+00
  7.425000000001E+00   6.534273E+00   7.329855E-01   6.544352E+01  -1.663104E-17  -1.847626E-15  -1.649625E-13   1.200000E+02  -1.586423E+00
  7.430000000001E+00   6.537946E+00   7.377196E-01   6.546180E+01  -2.917170E-17  -2.893843E-15  -2.567862E-13   1.200000E+02  -1.582776E+00
  7.435000000001E+00   6.541660E+00   7.484974E-01   6.548307E+01  -4.766900E-17  -4.517150E-15  -3.951875E-13   1.200000E+02  -1.580561E+00
  7.440000000001E+00   6.545437E+00   7.626586E-01   6.550294E+01  -7.352941E-17  -5.198083E-15  -4.464511E-13   1.200000E+02  -1.579994E+00
  7.445000000001E+00   6.549287E+00   7.772261E-01   6.551786E+01  -9.981386E-17  -5.187077E-15  -4.372552E-13   1.200000E+02  -1.580971E+00
  7.450000000001E+00   6.553205E+00   7.896064E-01   6.552588E+01  -1.213846E-16  -3.068312E-15  -2.546254E-13   1.200000E+02  -1.583128E+00
  7.455000000001E+00   6.557177E+00   7.981477E-01   6.552687E+01  -1.283078E-16   8.928351E-17   7.330058E-15   1.200000E+02  -1.585945E+00
  7.460000000001E+00   6.561180E+00   8.024324E-01   6.552224E+01  -1.214608E-16   2.796429E-15   2.283411E-13   1.200000E+02  -1.588893E+00
  7.465000000001E+00   6.565195E+00   8.032389E-01   6.551437E+01  -1.001685E-16   5.443134E-15   4.439570E-13   1.200000E+02  -1.591556E+00
  7.470000000001E+00   6.569209E+00   8.021912E-01   6.550596E+01  -6.853360E-17   6.907398E-15   5.640497E-13   1.200000E+02  -1.593715E+00
  7.475000000001E+00   6.573217E+00   8.011965E-01   6.549927E+01  -3.189413E-17   7.828053E-15   6.399576E-13   1.200000E+02  -1.595373E+00
  7.480000000001E+00   6.577224E+00   8.018254E-01   6.549560E+01   6.698073E-18   7.386676E-15   6.033667E-13   1.200000E+02  -1.596708E+00
  7.485000000001E+00   6.581240E+00   8.048074E-01   6.549493E+01   4.237946E-17   6.883012E-15   5.601370E-13   1.200000E+02  -1.597984E+00
  7.490000000001E+00   6.585275E+00   8.097773E-01   6.549604E+01   7.579785E-17   6.052317E-15   4.895207E-13   1.200000E+02  -1.599433E+00
  7.495000000001E+00   6.589338E+00   8.153390E-01   6.549689E+01   9.967620E-17   3.632830E-15   2.918284E-13   1.200000E+02  -1.601156E+00
  7.500000000001E+00   6.593426E+00   8.194294E-01   6.549538E+01   1.111729E-16   1.251681E-15   1.000444E-13   1.200000E+02  -1.603060E+00
  7.505000000001E+00   6.597527E+00   8.198930E-01   6.548998E+01   1.123763E-16  -1.222847E-15  -9.767644E-14   1.200000E+02  -1.604854E+00
  7.510000000001E+00   6.601617E+00   8.151226E-01   6.548021E+01   1.025813E-16  -2.913683E-15  -2.340612E-13   1.200000E+02  -1.606111E+00
  7.515000000001E+00   6.605669E+00   8.046023E-01   6.546686E+01   8.374224E-17  -4.571806E-15  -3.719873E-13   1.200000E+02  -1.606376E+00
  7.520000000001E+00   6.609655E+00   7.892045E-01   6.545189E+01   5.608046E-17  -6.427961E-15  -5.330965E-13   1.200000E+02  -1.605297E+00
  7.525000000001E+00   6.613556E+00   7.711459E-01   6.543814E+01   2.096459E-17  -7.383321E-15  -6.265362E-13   1.200000E+02  -1.602740E+00
  7.530000000001E+00   6.617367E+00   7.535909E-01   6.542888E+01  -1.709885E-17  -7.738770E-15  -6.719018E-13   1.200000E+02  -1.598866E+00
  7.535000000001E+00   6.621099E+00   7.399905E-01   6.542710E+01  -5.569800E-17  -7.451675E-15  -6.588483E-13   1.200000E+02  -1.594131E+00
  7.540000000001E+00   6.624778E+00   7.333176E-01   6.543466E+01  -8.850479E-17  -5.255144E-15  -4.689218E-13   1.200000E+02  -1.589229E+00
  7.545000000001E+00   6.628446E+00   7.353961E-01   6.545150E+01  -1.111776E-16  -3.786603E-15  -3.370140E-13   1.200000E+02  -1.584970E+00
  7.550000000001E+00   6.632147E+00   7.464857E-01   6.547530E+01  -1.270022E-16  -2.415668E-15  -2.118816E-13   1.200000E+02  -1.582125E+00
  7.555000000001E+00   6.635923E+00   7.652060E-01   6.550188E+01  -1.340413E-16  -4.171047E-16  -3.570429E-14   1.200000E+02  -1.581279E+00
  7.560000000001E+00   6.639807E+00   7.887979E-01   6.552629E+01  -1.309152E-16   1.222269E-15   1.015352E-13   1.200000E+02  -1.582708E+00
  7.565000000001E+00   6.643813E+00   8.136512E-01   6.554411E+01  -1.194707E-16   3.205565E-15   2.582260E-13   1.200000E+02  -1.586317E+00
  7.570000000001E+00   6.647939E+00   8.359884E-01   6.555242E+01  -9.897537E-17   4.805875E-15   3.768435E-13   1.200000E+02  -1.591651E+00
  7.575000000001E+00   6.652164E+00   8.525707E-01   6.555032E+01  -7.099835E-17   6.357152E-15   4.887728E-13   1.200000E+02  -1.597972E+00
  7.580000000001E+00   6.656452E+00   8.612852E-01   6.553876E+01  -3.917585E-17   6.407387E-15   4.875646E-13   1.200000E+02  -1.604403E+00
  7.585000000001E+00   6.660763E+00   8.614911E-01   6.552014E+01  -8.159394E-18   5.490653E-15   4.175880E-13   1.200000E+02  -1.610087E+00
  7.590000000001E+00   6.665055E+00   8.540498E-01   6.549770E+01   1.823624E-17   4.466187E-15   3.425152E-13   1.200000E+02  -1.614342E+00
  7.595000000001E+00   6.669294E+00   8.410369E-01   6.547491E+01   3.767334E-17   3.480501E-15   2.709578E-13   1.200000E+02  -1.616772E+00
  7.600000000001E+00   6.673461E+00   8.252084E-01   6.545491E+01   5.090173E-17   1.539451E-15   1.221081E-13   1.200000E+02  -1.617303E+00
  7.605000000001E+00   6.677547E+00   8.093592E-01   6.544008E+01   5.715090E-17   7.197599E-16   5.819561E-14   1.200000E+02  -1.616159E+00
  7.610000000001E+00   6.681558E+00   7.957349E-01   6.543171E+01   5.778025E-17  -2.848318E-16  -2.342116E-14   1.200000E+02  -1.613770E+00
  7.615000000001E+00   6.685510E+00   7.856430E-01   6.542977E+01   5.336922E-17  -1.523314E-15  -1.268644E-13   1.200000E+02  -1.610659E+00
  7.620000000001E+00   6.689420E+00   7.793443E-01   6.543309E+01   4.408182E-17  -2.152039E-15  -1.806834E-13   1.200000E+02  -1.607326E+00
  7.625000000001E+00   6.693308E+00   7.762294E-01   6.543976E+01   3.167931E-17  -2.477941E-15  -2.089020E-13   1.200000E+02  -1.604154E+00
  7.630000000001E+00   6.697186E+00   7.752041E-01   6.544773E+01   1.790714E-17  -3.266241E-15  -2.757571E-13   1.200000E+02  -1.601370E+00
  7.635000000001E+00   6.701062E+00   7.751617E-01   6.545538E+01   1.691125E-18  -3.244103E-15  -2.739351E-13   1.200000E+02  -1.599047E+00
  7.640000000001E+00   6.704938E+00   7.754035E-01   6.546194E+01  -1.364018E-17  -3.155115E-15  -2.663645E-13   1.200000E+02  -1.597157E+00
  7.645000000001E+00   6.708816E+00   7.758914E-01   6.546758E+01  -3.020185E-17  -3.484546E-15  -2.940164E-13   1.200000E+02  -1.595639E+00
  7.650000000001E+00   6.712698E+00   7.772631E-01   6.547313E+01  -4.811164E-17  -3.566885E-15  -3.004582E-13   1.200000E+02  -1.594477E+00
  7.655000000001E+00   6.716592E+00   7.806085E-01   6.547967E+01  -6.454146E-17  -2.900349E-15  -2.432895E-13   1.200000E+02  -1.593748E+00
  7.660000000001E+00   6.720509E+00   7.870734E-01   6.548798E+01  -7.783227E-17  -2.270573E-15  -1.889217E-13   1.200000E+02  -1.593628E+00
  7.665000000001E+00   6.724469E+00   7.974023E-01   6.549807E+01  -8.858633E-17  -1.833293E-15  -1.505854E-13   1.200000E+02  -1.594360E+00
  7.670000000001E+00   6.728490E+00   8.115524E-01   6.550893E+01  -9.433661E-17  -6.081009E-16  -4.908622E-14   1.200000E+02  -1.596178E+00
  7.675000000001E+00   6.732589E+00   8.284906E-01   6.551868E+01  -9.653472E-17  -3.164868E-16  -2.502840E-14   1.200000E+02  -1.599220E+00
  7.680000000001E+00   6.736776E+00   8.462364E-01   6.552502E+01  -9.296061E-17   1.993955E-15   1.543941E-13   1.200000E+02  -1.603443E+00
  7.685000000001E+00   6.741048E+00   8.621591E-01   6.552590E+01  -7.846481E-17   3.994861E-15   3.036178E-13   1.200000E+02  -1.608575E+00
  7.690000000001E+00   6.745390E+00   8.734717E-01   6.552003E+01  -5.600601E-17   4.749708E-15   3.562806E-13   1.200000E+02  -1.614119E+00
  7.695000000001E+00   6.749772E+00   8.778224E-01   6.550727E+01  -3.142253E-17   5.142852E-15   3.837840E-13   1.200000E+02  -1.619407E+00
  7.700000000001E+00   6.754155E+00   8.738469E-01   6.548863E+01  -7.407908E-18   4.736618E-15   3.549760E-13   1.200000E+02  -1.623712E+00
  7.705000000001E+00   6.758497E+00   8.615502E-01   6.546617E+01   1.729582E-17   4.821098E-15   3.663383E-13   1.200000E+02  -1.626385E+00
  7.710000000001E+00   6.762759E+00   8.424124E-01   6.544263E+01   3.801404E-17   3.611401E-15   2.805509E-13   1.200000E+02  -1.626980E+00
  7.715000000001E+00   6.766914E+00   8.191760E-01   6.542117E+01   5.370414E-17   2.559808E-15   2.044318E-13   1.200000E+02  -1.625353E+00
  7.720000000001E+00   6.770950E+00   7.953478E-01   6.540495E+01   6.242120E-17   1.392533E-15   1.145141E-13   1.200000E+02  -1.621697E+00
  7.725000000001E+00   6.774873E+00   7.745268E-01   6.539666E+01   6.903082E-17   9.812217E-16   8.284880E-14   1.200000E+02  -1.616519E+00
  7.730000000001E+00   6.778705E+00   7.597175E-01   6.539792E+01   7.191779E-17   2.444480E-16   2.104255E-14   1.200000E+02  -1.610548E+00
  7.735000000001E+00   6.782483E+00   7.527943E-01   6.540881E+01   7.187287E-17  -3.661230E-16  -3.181170E-14   1.200000E+02  -1.604613E+00
  7.740000000001E+00   6.786247E+00   7.542345E-01   6.542758E+01   6.578123E-17  -1.920378E-15  -1.665870E-13   1.200000E+02  -1.599505E+00
  7.745000000001E+00   6.790037E+00   7.631572E-01   6.545098E+01   5.542737E-17  -2.393990E-15  -2.053168E-13   1.200000E+02  -1.595854E+00
  7.750000000001E+00   6.793887E+00   7.776253E-01   6.547503E+01   3.856695E-17  -4.215121E-15  -3.549076E-13   1.200000E+02  -1.594039E+00
  7.755000000001E+00   6.797818E+00   7.951148E-01   6.549601E+01   1.536343E-17  -4.892279E-15  -4.029918E-13   1.200000E+02  -1.594151E+00
  7.760000000001E+00   6.801839E+00   8.130343E-01   6.551124E+01  -9.588987E-18  -5.213537E-15  -4.200872E-13   1.200000E+02  -1.596010E+00
  7.765000000001E+00   6.805946E+00   8.291850E-01   6.551945E+01  -3.659999E-17  -5.536085E-15  -4.374431E-13   1.200000E+02  -1.599229E+00
  7.770000000001E+00   6.810125E+00   8.420742E-01   6.552075E+01  -6.320826E-17  -5.471784E-15  -4.257528E-13   1.200000E+02  -1.603301E+00
  7.775000000001E+00   6.814360E+00   8.510310E-01   6.551631E+01  -8.985708E-17  -5.046355E-15  -3.884919E-13   1.200000E+02  -1.607704E+00
  7.780000000001E+00   6.818630E+00   8.561209E-01   6.550786E+01  -1.110690E-16  -3.591236E-15  -2.747908E-13   1.200000E+02  -1.611980E+00
  7.785000000001E+00   6.822916E+00   8.579060E-01   6.549722E+01  -1.260136E-16  -2.069030E-15  -1.579610E-13   1.200000E+02  -1.615791E+00
  7.790000000001E+00   6.827205E+00   8.571288E-01   6.548595E+01  -1.299209E-16   4.732306E-16   3.615554E-14   1.200000E+02  -1.618930E+00
  7.795000000001E+00   6.831484E+00   8.544186E-01   6.547504E+01  -1.235783E-16   1.934076E-15   1.482104E-13   1.200000E+02  -1.621301E+00
  7.800000000001E+00   6.835746E+00   8.501033E-01   6.546496E+01  -1.093854E-16   3.916989E-15   3.016404E-13   1.200000E+02  -1.622877E+00
  7.805000000001E+00   6.839983E+00   8.441758E-01   6.545567E+01  -8.511111E-17   5.356113E-15   4.153021E-13   1.200000E+02  -1.623652E+00
  7.810000000001E+00   6.844185E+00   8.364167E-01   6.544695E+01  -5.707238E-17   6.171366E-15   4.828898E-13   1.200000E+02  -1.623609E+00
  7.815000000001E+00   6.848344E+00   8.266282E-01   6.543862E+01  -2.475490E-17   6.604335E-15   5.228210E-13   1.200000E+02  -1.622713E+00
  7.820000000001E+00   6.852448E+00   8.148999E-01   6.543082E+01   7.861613E-18   6.283449E-15   5.045175E-13   1.200000E+02  -1.620926E+00
  7.825000000001E+00   6.856490E+00   8.018157E-01   6.542416E+01   3.780561E-17   5.310117E-15   4.332790E-13   1.200000E+02  -1.618251E+00
  7.830000000001E+00   6.860466E+00   7.885253E-01   6.541965E+01   6.048165E-17   3.995943E-15   3.315217E-13   1.200000E+02  -1.614771E+00
  7.835000000001E+00   6.864378E+00   7.766398E-01   6.541860E+01   7.712361E-17   2.691924E-15   2.267485E-13   1.200000E+02  -1.610689E+00
  7.840000000001E+00   6.868237E+00   7.679619E-01   6.542223E+01   8.721917E-17   1.119292E-15   9.535184E-14   1.200000E+02  -1.606341E+00
  7.845000000001E+00   6.872065E+00   7.641115E-01   6.543125E+01   8.954191E-17   1.600359E-16   1.370395E-14   1.200000E+02  -1.602167E+00
  7.850000000001E+00   6.875888E+00   7.661403E-01   6.544541E+01   8.659820E-17  -9.112278E-16  -7.783910E-14   1.200000E+02  -1.598663E+00
  7.855000000001E+00   6.879736E+00   7.742338E-01   6.546333E+01   7.883197E-17  -2.304498E-15  -1.948509E-13   1.200000E+02  -1.596302E+00
  7.860000000001E+00   6.883639E+00   7.875777E-01   6.548259E+01   6.375497E-17  -3.696692E-15  -3.073589E-13   1.200000E+02  -1.595439E+00
  7.865000000001E+00   6.887618E+00   8.044243E-01   6.550025E+01   4.259304E-17  -5.295829E-15  -4.312129E-13   1.200000E+02  -1.596243E+00
  7.870000000001E+00   6.891685E+00   8.223511E-01   6.551345E+01   1.339485E-17  -6.179017E-15  -4.922578E-13   1.200000E+02  -1.598641E+00
  7.875000000001E+00   6.895839E+00   8.386647E-01   6.552013E+01  -1.719076E-17  -6.243499E-15  -4.877693E-13   1.200000E+02  -1.602314E+00
  7.880000000001E+00   6.900065E+00   8.508746E-01   6.551934E+01  -4.814759E-17  -6.120711E-15  -4.713091E-13   1.200000E+02  -1.606737E+00
  7.885000000001E+00   6.904338E+00   8.571414E-01   6.551139E+01  -7.500257E-17  -4.325647E-15  -3.306096E-13   1.200000E+02  -1.611261E+00
  7.890000000001E+00   6.908625E+00   8.566073E-01   6.549765E+01  -9.155771E-17  -2.245952E-15  -1.717293E-13   1.200000E+02  -1.615223E+00
  7.895000000001E+00   6.912893E+00   8.495354E-01   6.548030E+01  -9.720904E-17   4.901563E-16   3.778016E-14   1.200000E+02  -1.618056E+00
  7.900000000001E+00   6.917112E+00   8.372240E-01   6.546188E+01  -8.654625E-17   3.590262E-15   2.807198E-13   1.200000E+02  -1.619384E+00
  7.905000000001E+00   6.921261E+00   8.217156E-01   6.544496E+01  -6.332914E-17   5.747031E-15   4.577182E-13   1.200000E+02  -1.619074E+00
  7.910000000001E+00   6.925328E+00   8.053671E-01   6.543176E+01  -3.224216E-17   6.916101E-15   5.618960E-13   1.200000E+02  -1.617238E+00
  7.915000000001E+00   6.929316E+00   7.903836E-01   6.542382E+01   1.754382E-18   6.527555E-15   5.403168E-13   1.200000E+02  -1.614194E+00
  7.920000000001E+00   6.933237E+00   7.784246E-01   6.542181E+01   3.311900E-17   6.143317E-15   5.163080E-13   1.200000E+02  -1.610387E+00
  7.925000000001E+00   6.937107E+00   7.703694E-01   6.542537E+01   6.205460E-17   5.140450E-15   4.365644E-13   1.200000E+02  -1.606301E+00
  7.930000000001E+00   6.940947E+00   7.662801E-01   6.543328E+01   8.483434E-17   3.754863E-15   3.206308E-13   1.200000E+02  -1.602374E+00
  7.935000000001E+00   6.944775E+00   7.655497E-01   6.544377E+01   9.889841E-17   1.686818E-15   1.441993E-13   1.200000E+02  -1.598935E+00
  7.940000000001E+00   6.948606E+00   7.671736E-01   6.545496E+01   1.004512E-16  -1.288964E-15  -1.099739E-13   1.200000E+02  -1.596174E+00
  7.945000000001E+00   6.952449E+00   7.700641E-01   6.546531E+01   8.776967E-17  -4.004380E-15  -3.404236E-13   1.200000E+02  -1.594140E+00
  7.950000000001E+00   6.956307E+00   7.733216E-01   6.547387E+01   6.142489E-17  -6.530210E-15  -5.528853E-13   1.200000E+02  -1.592780E+00
  7.955000000001E+00   6.960182E+00   7.764003E-01   6.548035E+01   2.464533E-17  -7.960056E-15  -6.713383E-13   1.200000E+02  -1.591976E+00
  7.960000000001E+00   6.964071E+00   7.791363E-01   6.548497E+01  -1.663174E-17  -8.582806E-15  -7.213691E-13   1.200000E+02  -1.591601E+00
  7.965000000001E+00   6.967973E+00   7.816474E-01   6.548823E+01  -5.645128E-17  -7.611131E-15  -6.376782E-13   1.200000E+02  -1.591550E+00
  7.970000000001E+00   6.971887E+00   7.841480E-01   6.549063E+01  -9.262341E-17  -6.489014E-15  -5.419508E-13   1.200000E+02  -1.591753E+00
  7.975000000001E+00   6.975814E+00   7.867435E-01   6.549241E+01  -1.171666E-16  -3.397550E-15  -2.828288E-13   1.200000E+02  -1.592171E+00
  7.980000000001E+00   6.979755E+00   7.892736E-01   6.549351E+01  -1.274292E-16  -6.540596E-16  -5.427352E-14   1.200000E+02  -1.592771E+00
  7.985000000001E+00   6.983706E+00   7.912562E-01   6.549353E+01  -1.200343E-16   3.332842E-15   2.758646E-13   1.200000E+02  -1.593491E+00
  7.990000000001E+00   6.987665E+00   7.919532E-01   6.549195E+01  -9.757366E-17   5.737611E-15   4.744817E-13   1.200000E+02  -1.594221E+00
  7.995000000001E+00   6.991622E+00   7.905460E-01   6.548836E+01  -6.411142E-17   7.475742E-15   6.192861E-13   1.200000E+02  -1.594789E+00
  8.000000000001E+00   6.995566E+00   7.863719E-01   6.548264E+01  -2.471557E-17   7.822442E-15   6.513892E-13   1.200000E+02  -1.594980E+00
  8.005000000001E+00   6.999481E+00   7.791580E-01   6.547515E+01   1.204256E-17   6.442011E-15   5.413429E-13   1.200000E+02  -1.594572E+00
  8.010000000001E+00   7.003353E+00   7.691806E-01   6.546673E+01   3.819762E-17   3.980242E-15   3.387675E-13   1.200000E+02  -1.593380E+00
  8.015000000001E+00   7.007170E+00   7.572988E-01   6.545865E+01   5.331499E-17   2.017779E-15   1.744108E-13   1.200000E+02  -1.591309E+00
  8.020000000001E+00   7.010925E+00   7.448397E-01   6.545240E+01   5.638079E-17  -5.604380E-16  -4.924820E-14   1.200000E+02  -1.588391E+00
  8.025000000001E+00   7.014620E+00   7.333526E-01   6.544941E+01   5.009048E-17  -2.075800E-15  -1.852586E-13   1.200000E+02  -1.584792E+00
  8.030000000001E+00   7.018263E+00   7.242896E-01   6.545071E+01   3.556819E-17  -3.829457E-15  -3.460504E-13   1.200000E+02  -1.580800E+00
  8.035000000001E+00   7.021868E+00   7.186884E-01   6.545661E+01   1.274451E-17  -5.006560E-15  -4.559869E-13   1.200000E+02  -1.576773E+00
  8.040000000001E+00   7.025456E+00   7.169390E-01   6.546651E+01  -1.278069E-17  -5.018746E-15  -4.582814E-13   1.200000E+02  -1.573081E+00
  8.045000000001E+00   7.029043E+00   7.186893E-01   6.547897E+01  -3.693101E-17  -4.443043E-15  -4.048006E-13   1.200000E+02  -1.570031E+00
  8.050000000001E+00   7.032647E+00   7.229112E-01   6.549196E+01  -5.751850E-17  -3.891368E-15  -3.525375E-13   1.200000E+02  -1.567809E+00
  8.055000000001E+00   7.036274E+00   7.281109E-01   6.550336E+01  -7.584994E-17  -3.610219E-15  -3.247878E-13   1.200000E+02  -1.566445E+00
  8.060000000001E+00   7.039927E+00   7.326348E-01   6.551142E+01  -9.270391E-17  -3.216022E-15  -2.875732E-13   1.200000E+02  -1.565806E+00
  8.065000000001E+00   7.043597E+00   7.350042E-01   6.551513E+01  -1.107026E-16  -3.973498E-15  -3.541806E-13   1.200000E+02  -1.565625E+00
  8.070000000001E+00   7.047272E+00   7.342058E-01   6.551432E+01  -1.286672E-16  -3.127804E-15  -2.790987E-13   1.200000E+02  -1.565554E+00
  8.075000000001E+00   7.050933E+00   7.298768E-01   6.550970E+01  -1.450639E-16  -2.851508E-15  -2.559356E-13   1.200000E+02  -1.565236E+00
  8.080000000001E+00   7.054565E+00   7.223433E-01   6.550260E+01  -1.543771E-16  -1.016271E-15  -9.215614E-14   1.200000E+02  -1.564372E+00
  8.085000000001E+00   7.058153E+00   7.125090E-01   6.549473E+01  -1.589359E-16  -6.086450E-16  -5.594741E-14   1.200000E+02  -1.562778E+00
  8.090000000001E+00   7.061689E+00   7.016214E-01   6.548780E+01  -1.588584E-16   1.017966E-15   9.501470E-14   1.200000E+02  -1.560408E+00
  8.095000000001E+00   7.065170E+00   6.909784E-01   6.548326E+01  -1.485673E-16   3.095593E-15   2.933660E-13   1.200000E+02  -1.557353E+00
  8.100000000001E+00   7.068601E+00   6.816472E-01   6.548197E+01  -1.282514E-16   5.282855E-15   5.074939E-13   1.200000E+02  -1.553804E+00
  8.105000000001E+00   7.071989E+00   6.742639E-01   6.548412E+01  -9.541882E-17   7.799156E-15   7.574494E-13   1.200000E+02  -1.550004E+00
  8.110000000001E+00   7.075347E+00   6.689550E-01   6.548916E+01  -5.474536E-17   8.243860E-15   8.070549E-13   1.200000E+02  -1.546195E+00
  8.115000000001E+00   7.078682E+00   6.653885E-01   6.549606E+01  -1.326001E-17   8.650413E-15   8.514845E-13   1.200000E+02  -1.542566E+00
  8.120000000001E+00   7.082002E+00   6.629283E-01   6.550358E+01   3.061916E-17   8.566927E-15   8.464934E-13   1.200000E+02  -1.539225E+00
  8.125000000001E+00   7.085312E+00   6.608409E-01   6.551060E+01   7.070317E-17   7.273727E-15   7.210604E-13   1.200000E+02  -1.536195E+00
  8.130000000001E+00   7.088610E+00   6.584956E-01   6.551636E+01   1.006288E-16   4.860198E-15   4.835606E-13   1.200000E+02  -1.533427E+00
  8.135000000001E+00   7.091896E+00   6.555063E-01   6.552061E+01   1.189637E-16   1.774650E-15   1.773837E-13   1.200000E+02  -1.530828E+00
  8.140000000001E+00   7.095164E+00   6.517816E-01   6.552353E+01   1.192846E-16  -1.462732E-15  -1.470483E-13   1.200000E+02  -1.528299E+00
  8.145000000001E+00   7.098412E+00   6.474783E-01   6.552559E+01   1.035719E-16  -4.803558E-15  -4.861260E-13   1.200000E+02  -1.525758E+00
  8.150000000001E+00   7.101638E+00   6.428795E-01   6.552736E+01   7.406193E-17  -6.887959E-15  -7.020753E-13   1.200000E+02  -1.523162E+00
  8.155000000001E+00   7.104841E+00   6.382393E-01   6.552923E+01   3.657518E-17  -8.154195E-15  -8.372065E-13   1.200000E+02  -1.520501E+00
  8.160000000001E+00   7.108021E+00   6.336473E-01   6.553130E+01  -5.522303E-18  -8.499743E-15  -8.790368E-13   1.200000E+02  -1.517784E+00
  8.165000000001E+00   7.111177E+00   6.289530E-01   6.553334E+01  -4.593812E-17  -7.536963E-15  -7.853088E-13   1.200000E+02  -1.515018E+00
  8.170000000001E+00   7.114310E+00   6.237798E-01   6.553482E+01  -7.912587E-17  -5.680654E-15  -5.968142E-13   1.200000E+02  -1.512179E+00
  8.175000000001E+00   7.117414E+00   6.176231E-01   6.553517E+01  -1.044467E-16  -4.146980E-15  -4.400306E-13   1.200000E+02  -1.509201E+00
  8.180000000001E+00   7.120484E+00   6.100096E-01   6.553395E+01  -1.174964E-16  -1.168105E-15  -1.254907E-13   1.200000E+02  -1.505979E+00
  8.185000000001E+00   7.123511E+00   6.006726E-01   6.553107E+01  -1.186632E-16   8.861080E-16   9.667096E-14   1.200000E+02  -1.502382E+00
  8.190000000001E+00   7.126488E+00   5.896905E-01   6.552692E+01  -1.079246E-16   3.120549E-15   3.467582E-13   1.200000E+02  -1.498290E+00
  8.195000000001E+00   7.129406E+00   5.775464E-01   6.552242E+01  -9.106737E-17   3.661469E-15   4.153922E-13   1.200000E+02  -1.493624E+00
  8.200000000001E+00   7.132263E+00   5.650834E-01   6.551885E+01  -7.100397E-17   4.005319E-15   4.643986E-13   1.200000E+02  -1.488385E+00
  8.205000000001E+00   7.135058E+00   5.533569E-01   6.551767E+01  -5.199173E-17   3.597426E-15   4.259366E-13   1.200000E+02  -1.482667E+00
  8.210000000001E+00   7.137799E+00   5.434185E-01   6.552020E+01  -3.646356E-17   2.473745E-15   2.982605E-13   1.200000E+02  -1.476657E+00
  8.215000000001E+00   7.140496E+00   5.360808E-01   6.552720E+01  -2.767456E-17   1.001561E-15   1.224247E-13   1.200000E+02  -1.470609E+00
  8.220000000001E+00   7.143165E+00   5.317246E-01   6.553862E+01  -2.727382E-17  -6.680078E-16  -8.233644E-14   1.200000E+02  -1.464805E+00
  8.225000000001E+00   7.145818E+00   5.301929E-01   6.555344E+01  -3.452239E-17  -1.974398E-15  -2.441161E-13   1.200000E+02  -1.459498E+00
  8.230000000001E+00   7.148470E+00   5.307981E-01   6.556989E+01  -4.550162E-17  -2.572994E-15  -3.178439E-13   1.200000E+02  -1.454867E+00
  8.235000000001E+00   7.151128E+00   5.324370E-01   6.558575E+01  -5.881614E-17  -2.439482E-15  -3.004961E-13   1.200000E+02  -1.450978E+00
  8.240000000001E+00   7.153794E+00   5.337903E-01   6.559884E+01  -7.005855E-17  -2.233420E-15  -2.744706E-13   1.200000E+02  -1.447764E+00
  8.245000000001E+00   7.156463E+00   5.335638E-01   6.560748E+01  -7.943981E-17  -1.207615E-15  -1.484894E-13   1.200000E+02  -1.445037E+00
  8.250000000001E+00   7.159125E+00   5.307251E-01   6.561072E+01  -8.378718E-17  -3.781218E-16  -4.674519E-14   1.200000E+02  -1.442514E+00
  8.255000000001E+00   7.161765E+00   5.246871E-01   6.560851E+01  -8.330417E-17   7.715445E-16   9.647633E-14   1.200000E+02  -1.439867E+00
  8.260000000001E+00   7.164367E+00   5.154025E-01   6.560162E+01  -7.574866E-17   2.149989E-15   2.736556E-13   1.200000E+02  -1.436778E+00
  8.265000000001E+00   7.166915E+00   5.033490E-01   6.559146E+01  -6.198534E-17   3.227081E-15   4.205213E-13   1.200000E+02  -1.432990E+00
  8.270000000001E+00   7.169397E+00   4.894105E-01   6.557988E+01  -4.450399E-17   3.500599E-15   4.690723E-13   1.200000E+02  -1.428351E+00
  8.275000000001E+00   7.171808E+00   4.746841E-01   6.556887E+01  -2.762029E-17   3.114081E-15   4.301529E-13   1.200000E+02  -1.422826E+00
  8.280000000001E+00   7.174145E+00   4.602602E-01   6.556024E+01  -1.428840E-17   1.978661E-15   2.818438E-13   1.200000E+02  -1.416495E+00
  8.285000000001E+00   7.176412E+00   4.470273E-01   6.555535E+01  -7.883189E-18   5.448952E-16   7.990742E-14   1.200000E+02  -1.409524E+00
  8.290000000001E+00   7.178618E+00   4.355469E-01   6.555488E+01  -9.604083E-18  -1.146021E-15  -1.724894E-13   1.200000E+02  -1.402132E+00
  8.295000000001E+00   7.180771E+00   4.260194E-01   6.555880E+01  -1.673985E-17  -1.793975E-15  -2.760692E-13   1.200000E+02  -1.394547E+00
  8.300000000001E+00   7.182881E+00   4.183341E-01   6.556644E+01  -2.774921E-17  -2.487009E-15  -3.897946E-13   1.200000E+02  -1.386972E+00
  8.305000000001E+00   7.184957E+00   4.121791E-01   6.557677E+01  -3.990388E-17  -2.413067E-15  -3.839135E-13   1.200000E+02  -1.379563E+00
  8.310000000001E+00   7.187005E+00   4.071686E-01   6.558870E+01  -5.145077E-17  -2.111812E-15  -3.401810E-13   1.200000E+02  -1.372425E+00
  8.315000000001E+00   7.189030E+00   4.029508E-01   6.560130E+01  -6.094918E-17  -1.464614E-15  -2.384425E-13   1.200000E+02  -1.365611E+00
  8.320000000001E+00   7.191035E+00   3.992692E-01   6.561394E+01  -6.668524E-17  -6.967371E-16  -1.144983E-13   1.200000E+02  -1.359141E+00
  8.325000000001E+00   7.193023E+00   3.959677E-01   6.562629E+01  -6.885597E-17  -3.362260E-16  -5.572491E-14   1.200000E+02  -1.353013E+00
  8.330000000001E+00   7.194995E+00   3.929459E-01   6.563816E+01  -6.914253E-17   4.206957E-16   7.027351E-14   1.200000E+02  -1.347215E+00
  8.335000000001E+00   7.196953E+00   3.900892E-01   6.564935E+01  -6.491293E-17   9.742073E-16   1.639525E-13   1.200000E+02  -1.341727E+00
  8.340000000001E+00   7.198896E+00   3.872010E-01   6.565949E+01  -6.121289E-17   4.878699E-16   8.273037E-14   1.200000E+02  -1.336517E+00
  8.345000000001E+00   7.200824E+00   3.839673E-01   6.566797E+01  -5.798715E-17   6.533131E-16   1.117328E-13   1.200000E+02  -1.331531E+00
  8.350000000001E+00   7.202734E+00   3.799683E-01   6.567400E+01  -5.451445E-17   3.947072E-16   6.822148E-14   1.200000E+02  -1.326683E+00
  8.355000000001E+00   7.204622E+00   3.747434E-01   6.567672E+01  -5.425164E-17  -1.800020E-16  -3.154676E-14   1.200000E+02  -1.321851E+00
  8.360000000001E+00   7.206479E+00   3.678940E-01   6.567550E+01  -5.475292E-17  -1.699711E-16  -3.034281E-14   1.200000E+02  -1.316880E+00
  8.365000000001E+00   7.208298E+00   3.592001E-01   6.567006E+01  -5.530642E-17   4.845078E-17   8.857919E-15   1.200000E+02  -1.311596E+00
  8.370000000001E+00   7.210068E+00   3.487161E-01   6.566073E+01  -5.453546E-17   2.721115E-16   5.123664E-14   1.200000E+02  -1.305833E+00
  8.375000000001E+00   7.211783E+00   3.368158E-01   6.564852E+01  -5.202156E-17   4.653375E-16   9.069861E-14   1.200000E+02  -1.299462E+00
  8.380000000001E+00   7.213435E+00   3.241658E-01   6.563512E+01  -4.842981E-17   1.047502E-15   2.120918E-13   1.200000E+02  -1.292419E+00
  8.385000000001E+00   7.215025E+00   3.116247E-01   6.562277E+01  -4.351790E-17   1.089122E-15   2.293502E-13   1.200000E+02  -1.284722E+00
  8.390000000001E+00   7.216553E+00   3.000883E-01   6.561389E+01  -3.745859E-17   1.378699E-15   3.014506E-13   1.200000E+02  -1.276479E+00
  8.395000000001E+00   7.218028E+00   2.903184E-01   6.561066E+01  -3.091964E-17   1.154653E-15   2.609464E-13   1.200000E+02  -1.267870E+00
  8.400000000001E+00   7.219460E+00   2.828004E-01   6.561447E+01  -2.529360E-17   1.095506E-15   2.541759E-13   1.200000E+02  -1.259125E+00
  8.405000000001E+00   7.220860E+00   2.776619E-01   6.562551E+01  -2.090584E-17   7.079917E-16   1.673341E-13   1.200000E+02  -1.250485E+00
  8.410000000001E+00   7.222240E+00   2.746699E-01   6.564270E+01  -1.901904E-17  -8.829197E-18  -2.110069E-15   1.200000E+02  -1.242163E+00
  8.415000000001E+00   7.223609E+00   2.732939E-01   6.566389E+01  -2.089098E-17  -7.353570E-16  -1.766831E-13   1.200000E+02  -1.234318E+00
  8.420000000001E+00   7.224974E+00   2.728163E-01   6.568638E+01  -2.589052E-17  -1.312491E-15  -3.160104E-13   1.200000E+02  -1.227029E+00
  8.425000000001E+00   7.226338E+00   2.724627E-01   6.570747E+01  -3.423558E-17  -1.931071E-15  -4.656995E-13   1.200000E+02  -1.220294E+00
  8.430000000001E+00   7.227698E+00   2.715283E-01   6.572493E+01  -4.459614E-17  -2.308708E-15  -5.588356E-13   1.200000E+02  -1.214034E+00
  8.435000000001E+00   7.229051E+00   2.694819E-01   6.573730E+01  -5.455822E-17  -1.757825E-15  -4.288032E-13   1.200000E+02  -1.208113E+00
  8.440000000001E+00   7.230391E+00   2.660308E-01   6.574398E+01  -6.234762E-17  -1.310094E-15  -3.237625E-13   1.200000E+02  -1.202366E+00
  8.445000000001E+00   7.231709E+00   2.611387E-01   6.574521E+01  -6.753866E-17  -6.748627E-16  -1.699058E-13   1.200000E+02  -1.196622E+00
  8.450000000001E+00   7.233000E+00   2.549934E-01   6.574187E+01  -6.909284E-17   1.201636E-17   3.098032E-15   1.200000E+02  -1.190732E+00
  8.455000000001E+00   7.234258E+00   2.479380E-01   6.573531E+01  -6.787901E-17   5.553580E-16   1.472410E-13   1.200000E+02  -1.184588E+00
  8.460000000001E+00   7.235479E+00   2.403806E-01   6.572701E+01  -6.290019E-17   1.342267E-15   3.670145E-13   1.200000E+02  -1.178129E+00
  8.465000000001E+00   7.236661E+00   2.327090E-01   6.571839E+01  -5.543410E-17   1.608455E-15   4.542372E-13   1.200000E+02  -1.171338E+00
  8.470000000001E+00   7.237806E+00   2.252280E-01   6.571056E+01  -4.728528E-17   1.587429E-15   4.631346E-13   1.200000E+02  -1.164238E+00
  8.475000000001E+00   7.238914E+00   2.181334E-01   6.570426E+01  -3.955048E-17   1.350088E-15   4.066618E-13   1.200000E+02  -1.156873E+00
  8.480000000001E+00   7.239988E+00   2.115210E-01   6.569981E+01  -3.414481E-17   7.469023E-16   2.319928E-13   1.200000E+02  -1.149300E+00
  8.485000000001E+00   7.241030E+00   2.054210E-01   6.569733E+01  -3.203417E-17   1.378468E-16   4.408590E-14   1.200000E+02  -1.141576E+00
  8.490000000001E+00   7.242043E+00   1.998404E-01   6.569682E+01  -3.333392E-17  -6.757170E-16  -2.221395E-13   1.200000E+02  -1.133757E+00
  8.495000000001E+00   7.243030E+00   1.947975E-01   6.569835E+01  -3.822474E-17  -1.261571E-15  -4.254836E-13   1.200000E+02  -1.125894E+00
  8.500000000001E+00   7.243992E+00   1.903356E-01   6.570215E+01  -4.551912E-17  -1.605962E-15  -5.543637E-13   1.200000E+02  -1.118040E+00
  8.505000000001E+00   7.244934E+00   1.865143E-01   6.570851E+01  -5.435954E-17  -1.823275E-15  -6.423351E-13   1.200000E+02  -1.110249E+00
  8.510000000001E+00   7.245858E+00   1.833819E-01   6.571768E+01  -6.297186E-17  -1.674054E-15  -5.999225E-13   1.200000E+02  -1.102579E+00
  8.515000000001E+00   7.246769E+00   1.809407E-01   6.572966E+01  -6.989231E-17  -1.148018E-15  -4.170360E-13   1.200000E+02  -1.095088E+00
  8.520000000001E+00   7.247669E+00   1.791169E-01   6.574401E+01  -7.430421E-17  -5.820391E-16  -2.136347E-13   1.200000E+02  -1.087825E+00
  8.525000000001E+00   7.248561E+00   1.777461E-01   6.575984E+01  -7.539591E-17   2.412248E-16   8.924477E-14   1.200000E+02  -1.080828E+00
  8.530000000001E+00   7.249447E+00   1.765801E-01   6.577580E+01  -7.176140E-17   1.087466E-15   4.050794E-13   1.200000E+02  -1.074108E+00
  8.535000000001E+00   7.250326E+00   1.753166E-01   6.579032E+01  -6.482152E-17   1.610036E-15   6.041915E-13   1.200000E+02  -1.067651E+00
  8.540000000001E+00   7.251199E+00   1.736449E-01   6.580182E+01  -5.620842E-17   1.913109E-15   7.249623E-13   1.200000E+02  -1.061408E+00
  8.545000000001E+00   7.252062E+00   1.713024E-01   6.580902E+01  -4.657194E-17   1.916261E-15   7.361676E-13   1.200000E+02  -1.055304E+00
  8.550000000001E+00   7.252911E+00   1.681272E-01   6.581114E+01  -3.757578E-17   1.662347E-15   6.507035E-13   1.200000E+02  -1.049247E+00
  8.555000000001E+00   7.253742E+00   1.640958E-01   6.580810E+01  -2.961705E-17   1.405229E-15   5.635452E-13   1.200000E+02  -1.043138E+00
  8.560000000001E+00   7.254550E+00   1.593349E-01   6.580055E+01  -2.410493E-17   9.205504E-16   3.801598E-13   1.200000E+02  -1.036890E+00
  8.565000000001E+00   7.255334E+00   1.541003E-01   6.578986E+01  -2.107076E-17   2.503473E-16   1.068805E-13   1.200000E+02  -1.030443E+00
  8.570000000001E+00   7.256091E+00   1.487279E-01   6.577793E+01  -2.135572E-17  -3.032813E-16  -1.341323E-13   1.200000E+02  -1.023768E+00
  8.575000000001E+00   7.256822E+00   1.435677E-01   6.576688E+01  -2.433530E-17  -7.981133E-16  -3.656074E-13   1.200000E+02  -1.016876E+00
  8.580000000001E+00   7.257528E+00   1.389171E-01   6.575869E+01  -2.898197E-17  -1.019349E-15  -4.825253E-13   1.200000E+02  -1.009812E+00
  8.585000000001E+00   7.258212E+00   1.349725E-01   6.575480E+01  -3.487128E-17  -1.215746E-15  -5.922772E-13   1.200000E+02  -1.002644E+00
  8.590000000001E+00   7.258879E+00   1.318076E-01   6.575587E+01  -4.092779E-17  -1.134493E-15  -5.659730E-13   1.200000E+02  -9.954519E-01
  8.595000000001E+00   7.259531E+00   1.293803E-01   6.576170E+01  -4.607848E-17  -1.001177E-15  -5.088805E-13   1.200000E+02  -9.883118E-01
  8.600000000001E+00   7.260174E+00   1.275598E-01   6.577139E+01  -5.036180E-17  -6.566243E-16  -3.385634E-13   1.200000E+02  -9.812877E-01
  8.605000000001E+00   7.260808E+00   1.261652E-01   6.578359E+01  -5.255076E-17  -2.383508E-16  -1.242781E-13   1.200000E+02  -9.744237E-01
  8.610000000001E+00   7.261436E+00   1.250047E-01   6.579688E+01  -5.251554E-17   2.049590E-16   1.078812E-13   1.200000E+02  -9.677421E-01
  8.615000000001E+00   7.262058E+00   1.239094E-01   6.580997E+01  -5.050583E-17   6.090202E-16   3.234589E-13   1.200000E+02  -9.612454E-01
  8.620000000001E+00   7.262675E+00   1.227563E-01   6.582196E+01  -4.671127E-17   9.096689E-16   4.877646E-13   1.200000E+02  -9.549207E-01
  8.625000000001E+00   7.263285E+00   1.214777E-01   6.583239E+01  -4.148057E-17   1.086053E-15   5.885647E-13   1.200000E+02  -9.487460E-01
  8.630000000001E+00   7.263889E+00   1.200568E-01   6.584115E+01  -3.607574E-17   9.994354E-16   5.481069E-13   1.200000E+02  -9.426962E-01
  8.635000000001E+00   7.264486E+00   1.185131E-01   6.584845E+01  -3.150295E-17   8.285101E-16   4.603381E-13   1.200000E+02  -9.367480E-01
  8.640000000001E+00   7.265074E+00   1.168803E-01   6.585458E+01  -2.821129E-17   4.615490E-16   2.600533E-13   1.200000E+02  -9.308823E-01
  8.645000000001E+00   7.265654E+00   1.151859E-01   6.585978E+01  -2.687227E-17   9.767552E-17   5.584790E-14   1.200000E+02  -9.250845E-01
  8.650000000001E+00   7.266226E+00   1.134367E-01   6.586413E+01  -2.727363E-17  -2.944208E-16  -1.709480E-13   1.200000E+02  -9.193425E-01
  8.655000000001E+00   7.266789E+00   1.116155E-01   6.586749E+01  -2.989002E-17  -7.138235E-16  -4.212477E-13   1.200000E+02  -9.136445E-01
  8.660000000001E+00   7.267342E+00   1.096883E-01   6.586956E+01  -3.423136E-17  -1.015907E-15  -6.100680E-13   1.200000E+02  -9.079762E-01
  8.665000000001E+00   7.267885E+00   1.076207E-01   6.587005E+01  -3.955325E-17  -1.103017E-15  -6.751095E-13   1.200000E+02  -9.023203E-01
  8.670000000001E+00   7.268418E+00   1.053971E-01   6.586878E+01  -4.484505E-17  -1.033321E-15  -6.457825E-13   1.200000E+02  -8.966574E-01
  8.675000000001E+00   7.268939E+00   1.030369E-01   6.586590E+01  -4.936803E-17  -7.697334E-16  -4.920488E-13   1.200000E+02  -8.909689E-01
  8.680000000001E+00   7.269448E+00   1.006019E-01   6.586193E+01  -5.219003E-17  -3.658967E-16  -2.395449E-13   1.200000E+02  -8.852413E-01
  8.685000000001E+00   7.269945E+00   9.819119E-02   6.585778E+01  -5.312554E-17   1.492892E-17   1.001297E-14   1.200000E+02  -8.794702E-01
  8.690000000001E+00   7.270430E+00   9.592494E-02   6.585462E+01  -5.234432E-17   3.145783E-16   2.159650E-13   1.200000E+02  -8.736633E-01
  8.695000000001E+00   7.270905E+00   9.392034E-02   6.585365E+01  -5.015327E-17   5.791525E-16   4.060815E-13   1.200000E+02  -8.678410E-01
  8.700000000001E+00   7.271370E+00   9.226734E-02   6.585586E+01  -4.681915E-17   7.143044E-16   5.098351E-13   1.200000E+02  -8.620340E-01
  8.705000000001E+00   7.271828E+00   9.101005E-02   6.586177E+01  -4.323969E-17   6.896131E-16   4.990563E-13   1.200000E+02  -8.562794E-01
  8.710000000001E+00   7.272281E+00   9.013796E-02   6.587131E+01  -4.010542E-17   5.393656E-16   3.941594E-13   1.200000E+02  -8.506146E-01
  8.715000000001E+00   7.272730E+00   8.958816E-02   6.588381E+01  -3.806258E-17   2.740488E-16   2.015375E-13   1.200000E+02  -8.450723E-01
  8.720000000001E+00   7.273177E+00   8.925726E-02   6.589816E+01  -3.737996E-17  -1.305126E-18  -9.635679E-16   1.200000E+02  -8.396748E-01
  8.725000000001E+00   7.273623E+00   8.902022E-02   6.591299E+01  -3.803232E-17  -2.646413E-16  -1.959476E-13   1.200000E+02  -8.344316E-01
  8.730000000001E+00   7.274067E+00   8.875286E-02   6.592699E+01  -3.972338E-17  -3.901205E-16  -2.897875E-13   1.200000E+02  -8.293387E-01
  8.735000000001E+00   7.274510E+00   8.835363E-02   6.593910E+01  -4.218246E-17  -5.596824E-16  -4.176960E-13   1.200000E+02  -8.243801E-01
  8.740000000001E+00   7.274950E+00   8.776047E-02   6.594871E+01  -4.500312E-17  -5.249429E-16  -3.944750E-13   1.200000E+02  -8.195315E-01
  8.745000000001E+00   7.275387E+00   8.695861E-02   6.595570E+01  -4.724508E-17  -3.621974E-16  -2.747167E-13   1.200000E+02  -8.147656E-01
  8.750000000001E+00   7.275820E+00   8.597748E-02   6.596042E+01  -4.856809E-17  -1.678498E-16  -1.287714E-13   1.200000E+02  -8.100570E-01
  8.755000000001E+00   7.276247E+00   8.487730E-02   6.596354E+01  -4.899190E-17   8.994073E-18   6.989865E-15   1.200000E+02  -8.053862E-01
  8.760000000001E+00   7.276668E+00   8.372946E-02   6.596587E+01  -4.854420E-17   1.267937E-16   9.989381E-14   1.200000E+02  -8.007414E-01
  8.765000000001E+00   7.277084E+00   8.259629E-02   6.596812E+01  -4.725523E-17   3.384477E-16   2.703119E-13   1.200000E+02  -7.961187E-01
  8.770000000001E+00   7.277494E+00   8.151596E-02   6.597073E+01  -4.537681E-17   3.910909E-16   3.165092E-13   1.200000E+02  -7.915198E-01
  8.775000000001E+00   7.277899E+00   8.049616E-02   6.597380E+01  -4.336819E-17   3.974104E-16   3.257134E-13   1.200000E+02  -7.869488E-01
  8.780000000001E+00   7.278299E+00   7.951761E-02   6.597711E+01  -4.142002E-17   3.766927E-16   3.125483E-13   1.200000E+02  -7.824091E-01
  8.785000000001E+00   7.278695E+00   7.854555E-02   6.598025E+01  -3.971792E-17   2.896767E-16   2.433358E-13   1.200000E+02  -7.779009E-01
  8.790000000001E+00   7.279085E+00   7.754547E-02   6.598280E+01  -3.853294E-17   1.586160E-16   1.349650E-13   1.200000E+02  -7.734206E-01
  8.795000000001E+00   7.279470E+00   7.649863E-02   6.598454E+01  -3.791045E-17   8.715564E-17   7.517683E-14   1.200000E+02  -7.689620E-01
  8.800000000001E+00   7.279850E+00   7.541279E-02   6.598555E+01  -3.767819E-17   1.874432E-17   1.640112E-14   1.200000E+02  -7.645180E-01
  8.805000000001E+00   7.280224E+00   7.432512E-02   6.598630E+01  -3.782509E-17  -1.461353E-17  -1.297398E-14   1.200000E+02  -7.600847E-01
  8.810000000001E+00   7.280593E+00   7.329616E-02   6.598758E+01  -3.787290E-17  -2.328658E-17  -2.096461E-14   1.200000E+02  -7.556631E-01
  8.815000000001E+00   7.280957E+00   7.239674E-02   6.599032E+01  -3.774863E-17   4.926152E-17   4.490235E-14   1.200000E+02  -7.512619E-01
  8.820000000001E+00   7.281317E+00   7.169127E-02   6.599540E+01  -3.746623E-17   6.355688E-17   5.850728E-14   1.200000E+02  -7.468967E-01
  8.825000000001E+00   7.281674E+00   7.122201E-02   6.600338E+01  -3.728692E-17   1.178980E-18   1.092593E-15   1.200000E+02  -7.425885E-01
  8.830000000001E+00   7.282030E+00   7.099793E-02   6.601437E+01  -3.744135E-17  -5.364158E-17  -4.987632E-14   1.200000E+02  -7.383609E-01
  8.835000000001E+00   7.282385E+00   7.099034E-02   6.602794E+01  -3.780835E-17  -9.546123E-17  -8.878825E-14   1.200000E+02  -7.342354E-01
  8.840000000001E+00   7.282740E+00   7.113576E-02   6.604319E+01  -3.857842E-17  -2.131300E-16  -1.978721E-13   1.200000E+02  -7.302286E-01
  8.845000000001E+00   7.283096E+00   7.134538E-02   6.605889E+01  -3.979473E-17  -2.917841E-16  -2.701637E-13   1.200000E+02  -7.263479E-01
  8.850000000001E+00   7.283453E+00   7.151953E-02   6.607368E+01  -4.127228E-17  -3.075191E-16  -2.841031E-13   1.200000E+02  -7.225907E-01
  8.855000000001E+00   7.283811E+00   7.156471E-02   6.608638E+01  -4.301526E-17  -3.682900E-16  -3.400971E-13   1.200000E+02  -7.189439E-01
  8.860000000001E+00   7.284169E+00   7.141008E-02   6.609610E+01  -4.508315E-17  -4.053848E-16  -3.752181E-13   1.200000E+02  -7.153860E-01
  8.865000000001E+00   7.284525E+00   7.101964E-02   6.610243E+01  -4.704900E-17  -3.805528E-16  -3.542043E-13   1.200000E+02  -7.118902E-01
  8.870000000001E+00   7.284879E+00   7.039731E-02   6.610546E+01  -4.889683E-17  -3.493370E-16  -3.280393E-13   1.200000E+02  -7.084287E-01
  8.875000000001E+00   7.285229E+00   6.958350E-02   6.610574E+01  -5.034431E-17  -2.381437E-16  -2.262414E-13   1.200000E+02  -7.049769E-01
  8.880000000001E+00   7.285574E+00   6.864414E-02   6.610417E+01  -5.119663E-17  -1.384625E-16  -1.333391E-13   1.200000E+02  -7.015169E-01
  8.885000000001E+00   7.285915E+00   6.765573E-02   6.610178E+01  -5.169770E-17  -2.741455E-17  -2.678488E-14   1.200000E+02  -6.980386E-01
  8.890000000001E+00   7.286251E+00   6.669044E-02   6.609958E+01  -5.122871E-17   1.794478E-16   1.778579E-13   1.200000E+02  -6.945407E-01
  8.895000000001E+00   7.286582E+00   6.580540E-02   6.609840E+01  -5.004682E-17   2.700987E-16   2.713013E-13   1.200000E+02  -6.910286E-01
  8.900000000001E+00   7.286909E+00   6.503796E-02   6.609879E+01  -4.849301E-17   3.361688E-16   3.416520E-13   1.200000E+02  -6.875128E-01
  8.905000000001E+00   7.287233E+00   6.440692E-02   6.610106E+01  -4.673613E-17   3.086379E-16   3.167562E-13   1.200000E+02  -6.840065E-01
  8.910000000001E+00   7.287553E+00   6.391796E-02   6.610529E+01  -4.534212E-17   2.455778E-16   2.539818E-13   1.200000E+02  -6.805238E-01
  8.915000000000E+00   7.287872E+00   6.357047E-02   6.611148E+01  -4.430018E-17   1.969029E-16   2.047734E-13   1.200000E+02  -6.770788E-01
  8.920000000000E+00   7.288189E+00   6.336334E-02   6.611960E+01  -4.350263E-17   1.095396E-16   1.143045E-13   1.200000E+02  -6.736849E-01
  8.925000000000E+00   7.288506E+00   6.329757E-02   6.612964E+01  -4.308890E-17   2.251840E-17   2.352592E-14   1.200000E+02  -6.703556E-01
  8.930000000000E+00   7.288823E+00   6.337523E-02   6.614160E+01  -4.324260E-17  -7.877638E-17  -8.221501E-14   1.200000E+02  -6.671039E-01
  8.935000000000E+00   7.289140E+00   6.359480E-02   6.615540E+01  -4.380919E-17  -1.406008E-16  -1.462620E-13   1.200000E+02  -6.639429E-01
  8.940000000000E+00   7.289459E+00   6.394463E-02   6.617081E+01  -4.473071E-17  -2.137203E-16  -2.211609E-13   1.200000E+02  -6.608848E-01
  8.945000000000E+00   7.289779E+00   6.439655E-02   6.618734E+01  -4.574449E-17  -1.711986E-16  -1.759594E-13   1.200000E+02  -6.579393E-01
  8.950000000000E+00   7.290103E+00   6.490203E-02   6.620422E+01  -4.643969E-17  -8.503876E-17  -8.674497E-14   1.200000E+02  -6.551120E-01
  8.955000000000E+00   7.290428E+00   6.539275E-02   6.622043E+01  -4.658043E-17   1.519427E-17   1.538659E-14   1.200000E+02  -6.524022E-01
  8.960000000000E+00   7.290757E+00   6.578690E-02   6.623483E+01  -4.593318E-17   2.254021E-16   2.269368E-13   1.200000E+02  -6.498008E-01
  8.965000000000E+00   7.291086E+00   6.600093E-02   6.624627E+01  -4.445233E-17   3.559248E-16   3.572478E-13   1.200000E+02  -6.472902E-01
  8.970000000000E+00   7.291416E+00   6.596525E-02   6.625386E+01  -4.218994E-17   5.291267E-16   5.314417E-13   1.200000E+02  -6.448448E-01
  8.975000000000E+00   7.291745E+00   6.564030E-02   6.625711E+01  -3.930070E-17   6.155847E-16   6.213693E-13   1.200000E+02  -6.424336E-01
  8.980000000000E+00   7.292072E+00   6.502888E-02   6.625612E+01  -3.632165E-17   5.871317E-16   5.982122E-13   1.200000E+02  -6.400242E-01
  8.985000000000E+00   7.292395E+00   6.418039E-02   6.625159E+01  -3.356564E-17   5.066138E-16   5.229630E-13   1.200000E+02  -6.375876E-01
  8.990000000000E+00   7.292714E+00   6.318511E-02   6.624482E+01  -3.151670E-17   2.968662E-16   3.112419E-13   1.200000E+02  -6.351033E-01
  8.995000000000E+00   7.293027E+00   6.215901E-02   6.623753E+01  -3.041843E-17   1.029106E-16   1.096630E-13   1.200000E+02  -6.325622E-01
  9.000000000000E+00   7.293335E+00   6.122343E-02   6.623157E+01  -3.053119E-17  -1.575817E-16  -1.704720E-13   1.200000E+02  -6.299686E-01
  9.005000000000E+00   7.293640E+00   6.048463E-02   6.622863E+01  -3.200606E-17  -4.149423E-16  -4.543479E-13   1.200000E+02  -6.273390E-01
  9.010000000000E+00   7.293941E+00   6.001830E-02   6.622996E+01  -3.465965E-17  -6.353432E-16  -7.010988E-13   1.200000E+02  -6.246992E-01
  9.015000000000E+00   7.294240E+00   5.986113E-02   6.623612E+01  -3.826051E-17  -7.954118E-16  -8.801202E-13   1.200000E+02  -6.220810E-01
  9.020000000000E+00   7.294540E+00   6.000972E-02   6.624700E+01  -4.234239E-17  -8.078591E-16  -8.918263E-13   1.200000E+02  -6.195167E-01
  9.025000000000E+00   7.294841E+00   6.042508E-02   6.626185E+01  -4.617460E-17  -7.385910E-16  -8.099354E-13   1.200000E+02  -6.170362E-01
  9.030000000000E+00   7.295144E+00   6.104101E-02   6.627946E+01  -4.939090E-17  -5.253470E-16  -5.704315E-13   1.200000E+02  -6.146627E-01
  9.035000000000E+00   7.295451E+00   6.177475E-02   6.629839E+01  -5.169355E-17  -3.358512E-16  -3.604449E-13   1.200000E+02  -6.124110E-01
  9.040000000000E+00   7.295762E+00   6.253846E-02   6.631723E+01  -5.272911E-17  -5.858739E-17  -6.212742E-14   1.200000E+02  -6.102863E-01
  9.045000000000E+00   7.296077E+00   6.325006E-02   6.633473E+01  -5.202056E-17   3.598948E-16   3.774467E-13   1.200000E+02  -6.082844E-01
  9.050000000000E+00   7.296394E+00   6.384208E-02   6.634995E+01  -4.963011E-17   6.141398E-16   6.382647E-13   1.200000E+02  -6.063933E-01
  9.055000000000E+00   7.296715E+00   6.426707E-02   6.636228E+01  -4.604437E-17   8.379478E-16   8.652663E-13   1.200000E+02  -6.045950E-01
  9.060000000000E+00   7.297037E+00   6.449923E-02   6.637147E+01  -4.168017E-17   8.844666E-16   9.101403E-13   1.200000E+02  -6.028680E-01
  9.065000000000E+00   7.297359E+00   6.453268E-02   6.637753E+01  -3.732253E-17   8.206688E-16   8.441300E-13   1.200000E+02  -6.011894E-01
  9.070000000000E+00   7.297682E+00   6.437780E-02   6.638070E+01  -3.367657E-17   6.009993E-16   6.196974E-13   1.200000E+02  -5.995373E-01
  9.075000000000E+00   7.298003E+00   6.405739E-02   6.638137E+01  -3.148272E-17   2.665819E-16   2.762534E-13   1.200000E+02  -5.978919E-01
  9.080000000000E+00   7.298322E+00   6.360396E-02   6.638004E+01  -3.088732E-17   1.100351E-17   1.148378E-14   1.200000E+02  -5.962367E-01
  9.085000000000E+00   7.298639E+00   6.305874E-02   6.637733E+01  -3.161402E-17  -2.788171E-16  -2.934904E-13   1.200000E+02  -5.945598E-01
  9.090000000000E+00   7.298953E+00   6.247164E-02   6.637401E+01  -3.372082E-17  -5.551632E-16  -5.898422E-13   1.200000E+02  -5.928541E-01
  9.095000000000E+00   7.299264E+00   6.190075E-02   6.637095E+01  -3.700130E-17  -7.529985E-16  -8.073767E-13   1.200000E+02  -5.911186E-01
  9.100000000000E+00   7.299572E+00   6.141006E-02   6.636914E+01  -4.076048E-17  -7.362159E-16  -7.956679E-13   1.200000E+02  -5.893590E-01
  9.105000000000E+00   7.299878E+00   6.106435E-02   6.636960E+01  -4.449812E-17  -7.118272E-16  -7.736705E-13   1.200000E+02  -5.875876E-01
  9.110000000000E+00   7.300183E+00   6.092153E-02   6.637320E+01  -4.754890E-17  -5.101832E-16  -5.558379E-13   1.200000E+02  -5.858235E-01
  9.115000000000E+00   7.300488E+00   6.102353E-02   6.638055E+01  -4.950558E-17  -2.910583E-16  -3.166092E-13   1.200000E+02  -5.840906E-01
  9.120000000000E+00   7.300793E+00   6.138745E-02   6.639181E+01  -5.023665E-17   3.804880E-17   4.115058E-14   1.200000E+02  -5.824156E-01
  9.125000000000E+00   7.301102E+00   6.199868E-02   6.640660E+01  -4.925610E-17   3.516283E-16   3.766280E-13   1.200000E+02  -5.808252E-01
  9.130000000000E+00   7.301414E+00   6.280788E-02   6.642396E+01  -4.681637E-17   6.348768E-16   6.714290E-13   1.200000E+02  -5.793419E-01
  9.135000000000E+00   7.301730E+00   6.373311E-02   6.644252E+01  -4.298438E-17   8.364743E-16   8.720342E-13   1.200000E+02  -5.779806E-01
  9.140000000000E+00   7.302051E+00   6.466803E-02   6.646059E+01  -3.847143E-17   9.572380E-16   9.837722E-13   1.200000E+02  -5.767460E-01
  9.145000000000E+00   7.302377E+00   6.549626E-02   6.647651E+01  -3.389396E-17   8.737797E-16   8.868570E-13   1.200000E+02  -5.756304E-01
  9.150000000000E+00   7.302706E+00   6.611039E-02   6.648883E+01  -2.998691E-17   6.790616E-16   6.829489E-13   1.200000E+02  -5.746141E-01
  9.155000000000E+00   7.303037E+00   6.643205E-02   6.649663E+01  -2.733168E-17   3.957931E-16   3.961779E-13   1.200000E+02  -5.736675E-01
  9.160000000000E+00   7.303370E+00   6.642846E-02   6.649960E+01  -2.613495E-17   6.399139E-17   6.405992E-14   1.200000E+02  -5.727556E-01
  9.165000000000E+00   7.303701E+00   6.612040E-02   6.649817E+01  -2.668481E-17  -2.713153E-16  -2.728654E-13   1.200000E+02  -5.718434E-01
  9.170000000000E+00   7.304030E+00   6.557857E-02   6.649339E+01  -2.875203E-17  -5.520332E-16  -5.597341E-13   1.200000E+02  -5.709013E-01
  9.175000000000E+00   7.304357E+00   6.490896E-02   6.648682E+01  -3.200773E-17  -7.384152E-16  -7.563652E-13   1.200000E+02  -5.699103E-01
  9.180000000000E+00   7.304679E+00   6.423106E-02   6.648022E+01  -3.597226E-17  -8.294264E-16  -8.584701E-13   1.200000E+02  -5.688639E-01
  9.185000000000E+00   7.304999E+00   6.365524E-02   6.647520E+01  -4.008742E-17  -8.087944E-16  -8.446245E-13   1.200000E+02  -5.677684E-01
  9.190000000000E+00   7.305316E+00   6.326508E-02   6.647304E+01  -4.392033E-17  -6.626032E-16  -6.962016E-13   1.200000E+02  -5.666403E-01
  9.195000000000E+00   7.305632E+00   6.310797E-02   6.647442E+01  -4.688893E-17  -5.084390E-16  -5.355613E-13   1.200000E+02  -5.655032E-01
  9.200000000000E+00   7.305948E+00   6.319429E-02   6.647945E+01  -4.891445E-17  -3.074951E-16  -3.234803E-13   1.200000E+02  -5.643830E-01
  9.205000000000E+00   7.306264E+00   6.350332E-02   6.648771E+01  -4.973504E-17  -3.912210E-17  -4.096067E-14   1.200000E+02  -5.633049E-01
  9.210000000000E+00   7.306583E+00   6.399295E-02   6.649845E+01  -4.943503E-17   1.731385E-16   1.799174E-13   1.200000E+02  -5.622898E-01
  9.215000000000E+00   7.306905E+00   6.461049E-02   6.651077E+01  -4.795958E-17   3.521335E-16   3.624902E-13   1.200000E+02  -5.613531E-01
  9.220000000000E+00   7.307229E+00   6.530194E-02   6.652381E+01  -4.597772E-17   4.656608E-16   4.743739E-13   1.200000E+02  -5.605043E-01
  9.225000000000E+00   7.307558E+00   6.601829E-02   6.653679E+01  -4.380114E-17   4.517016E-16   4.552492E-13   1.200000E+02  -5.597469E-01
  9.230000000000E+00   7.307889E+00   6.671782E-02   6.654912E+01  -4.153508E-17   4.491133E-16   4.479777E-13   1.200000E+02  -5.590797E-01
  9.235000000000E+00   7.308225E+00   6.736484E-02   6.656032E+01  -3.962771E-17   2.921925E-16   2.887029E-13   1.200000E+02  -5.584973E-01
  9.240000000000E+00   7.308563E+00   6.792636E-02   6.656997E+01  -3.848156E-17   1.954625E-16   1.915594E-13   1.200000E+02  -5.579906E-01
  9.245000000000E+00   7.308904E+00   6.836893E-02   6.657767E+01  -3.780097E-17   3.312168E-17   3.225389E-14   1.200000E+02  -5.575473E-01
  9.250000000000E+00   7.309246E+00   6.865817E-02   6.658304E+01  -3.785704E-17  -5.841101E-17  -5.664559E-14   1.200000E+02  -5.571516E-01
  9.255000000000E+00   7.309590E+00   6.876231E-02   6.658571E+01  -3.828767E-17  -1.289658E-16  -1.248836E-13   1.200000E+02  -5.567844E-01
  9.260000000000E+00   7.309934E+00   6.865995E-02   6.658548E+01  -3.878644E-17  -8.776165E-17  -8.511003E-14   1.200000E+02  -5.564239E-01
  9.265000000000E+00   7.310276E+00   6.835020E-02   6.658238E+01  -3.946532E-17  -1.767776E-16  -1.722054E-13   1.200000E+02  -5.560476E-01
  9.270000000000E+00   7.310617E+00   6.786174E-02   6.657687E+01  -4.027920E-17  -1.758362E-16  -1.725070E-13   1.200000E+02  -5.556345E-01
  9.275000000000E+00   7.310955E+00   6.725715E-02   6.656982E+01  -4.134248E-17  -2.301971E-16  -2.278446E-13   1.200000E+02  -5.551692E-01
  9.280000000000E+00   7.311289E+00   6.662954E-02   6.656256E+01  -4.262030E-17  -3.230249E-16  -3.227001E-13   1.200000E+02  -5.546449E-01
  9.285000000000E+00   7.311621E+00   6.609080E-02   6.655668E+01  -4.442731E-17  -4.071233E-16  -4.099932E-13   1.200000E+02  -5.540660E-01
  9.290000000000E+00   7.311951E+00   6.575374E-02   6.655382E+01  -4.671298E-17  -5.012439E-16  -5.073430E-13   1.200000E+02  -5.534493E-01
  9.295000000000E+00   7.312279E+00   6.571200E-02   6.655529E+01  -4.945974E-17  -5.929535E-16  -6.005629E-13   1.200000E+02  -5.528224E-01
  9.300000000000E+00   7.312608E+00   6.602207E-02   6.656180E+01  -5.248102E-17  -5.957726E-16  -6.006431E-13   1.200000E+02  -5.522208E-01
  9.305000000000E+00   7.312940E+00   6.669061E-02   6.657326E+01  -5.554270E-17  -5.930973E-16  -5.920537E-13   1.200000E+02  -5.516827E-01
  9.310000000000E+00   7.313276E+00   6.766879E-02   6.658869E+01  -5.809162E-17  -4.255001E-16  -4.187085E-13   1.200000E+02  -5.512435E-01
  9.315000000000E+00   7.313617E+00   6.885455E-02   6.660641E+01  -5.955461E-17  -1.834100E-16  -1.774216E-13   1.200000E+02  -5.509298E-01
  9.320000000000E+00   7.313964E+00   7.010345E-02   6.662425E+01  -5.981023E-17   1.228551E-16   1.167579E-13   1.200000E+02  -5.507541E-01
  9.325000000000E+00   7.314318E+00   7.124806E-02   6.663994E+01  -5.813726E-17   5.350739E-16   5.004669E-13   1.200000E+02  -5.507120E-01
  9.330000000000E+00   7.314676E+00   7.212446E-02   6.665144E+01  -5.450917E-17   9.071617E-16   8.383236E-13   1.200000E+02  -5.507808E-01
  9.335000000000E+00   7.315038E+00   7.260183E-02   6.665731E+01  -4.912453E-17   1.271654E-15   1.167533E-12   1.200000E+02  -5.509222E-01
  9.340000000000E+00   7.315402E+00   7.260860E-02   6.665685E+01  -4.229943E-17   1.438093E-15   1.320212E-12   1.200000E+02  -5.510874E-01
  9.345000000000E+00   7.315764E+00   7.214810E-02   6.665029E+01  -3.481558E-17   1.470913E-15   1.358827E-12   1.200000E+02  -5.512248E-01
  9.350000000000E+00   7.316123E+00   7.129821E-02   6.663870E+01  -2.770950E-17   1.349072E-15   1.260907E-12   1.200000E+02  -5.512881E-01
  9.355000000000E+00   7.316476E+00   7.019452E-02   6.662387E+01  -2.156516E-17   1.094625E-15   1.038943E-12   1.200000E+02  -5.512437E-01
  9.360000000000E+00   7.316824E+00   6.900175E-02   6.660798E+01  -1.725353E-17   6.318010E-16   6.098828E-13   1.200000E+02  -5.510748E-01
  9.365000000000E+00   7.317167E+00   6.788208E-02   6.659324E+01  -1.542358E-17   9.301932E-17   9.125320E-14   1.200000E+02  -5.507830E-01
  9.370000000000E+00   7.317504E+00   6.696942E-02   6.658156E+01  -1.624119E-17  -4.161948E-16  -4.137844E-13   1.200000E+02  -5.503859E-01
  9.375000000000E+00   7.317837E+00   6.635490E-02   6.657428E+01  -1.970966E-17  -9.379948E-16  -9.410959E-13   1.200000E+02  -5.499130E-01
  9.380000000000E+00   7.318168E+00   6.608443E-02   6.657206E+01  -2.536781E-17  -1.347706E-15  -1.357650E-12   1.200000E+02  -5.494007E-01
  9.385000000000E+00   7.318498E+00   6.616487E-02   6.657493E+01  -3.270475E-17  -1.544039E-15  -1.553608E-12   1.200000E+02  -5.488872E-01
  9.390000000000E+00   7.318830E+00   6.657455E-02   6.658244E+01  -4.071534E-17  -1.647168E-15  -1.647363E-12   1.200000E+02  -5.484095E-01
  9.395000000000E+00   7.319164E+00   6.727373E-02   6.659382E+01  -4.874247E-17  -1.541498E-15  -1.525919E-12   1.200000E+02  -5.480003E-01
  9.400000000000E+00   7.319503E+00   6.821245E-02   6.660817E+01  -5.570177E-17  -1.255439E-15  -1.225912E-12   1.200000E+02  -5.476870E-01
  9.405000000000E+00   7.319847E+00   6.933433E-02   6.662448E+01  -6.071069E-17  -7.454390E-16  -7.163043E-13   1.200000E+02  -5.474907E-01
  9.410000000000E+00   7.320196E+00   7.057625E-02   6.664174E+01  -6.320539E-17  -2.432080E-16  -2.296496E-13   1.200000E+02  -5.474256E-01
  9.415000000000E+00   7.320553E+00   7.186532E-02   6.665887E+01  -6.306747E-17   3.425622E-16   3.177444E-13   1.200000E+02  -5.474986E-01
  9.420000000000E+00   7.320915E+00   7.311547E-02   6.667473E+01  -6.010036E-17   8.635659E-16   7.874945E-13   1.200000E+02  -5.477079E-01
  9.425000000000E+00   7.321283E+00   7.422642E-02   6.668810E+01  -5.451237E-17   1.376840E-15   1.237010E-12   1.200000E+02  -5.480417E-01
  9.430000000000E+00   7.321657E+00   7.508818E-02   6.669774E+01  -4.703544E-17   1.611274E-15   1.431228E-12   1.200000E+02  -5.484767E-01
  9.435000000000E+00   7.322034E+00   7.559240E-02   6.670250E+01  -3.869089E-17   1.702879E-15   1.502615E-12   1.200000E+02  -5.489786E-01
  9.440000000000E+00   7.322412E+00   7.565035E-02   6.670150E+01  -3.025645E-17   1.576078E-15   1.389641E-12   1.200000E+02  -5.495025E-01
  9.445000000000E+00   7.322790E+00   7.521416E-02   6.669431E+01  -2.305538E-17   1.279183E-15   1.134284E-12   1.200000E+02  -5.499971E-01
  9.450000000000E+00   7.323163E+00   7.429546E-02   6.668115E+01  -1.777160E-17   8.341245E-16   7.486377E-13   1.200000E+02  -5.504095E-01
  9.455000000000E+00   7.323532E+00   7.297480E-02   6.666299E+01  -1.483714E-17   3.541853E-16   3.235507E-13   1.200000E+02  -5.506930E-01
  9.460000000000E+00   7.323893E+00   7.139655E-02   6.664160E+01  -1.437952E-17  -1.504556E-16  -1.404354E-13   1.200000E+02  -5.508138E-01
  9.465000000000E+00   7.324246E+00   6.974840E-02   6.661936E+01  -1.608473E-17  -5.291608E-16  -5.054217E-13   1.200000E+02  -5.507569E-01
  9.470000000000E+00   7.324591E+00   6.823015E-02   6.659899E+01  -1.938215E-17  -7.861034E-16  -7.673103E-13   1.200000E+02  -5.505288E-01
  9.475000000000E+00   7.324928E+00   6.702022E-02   6.658305E+01  -2.376033E-17  -9.461847E-16  -9.400129E-13   1.200000E+02  -5.501564E-01
  9.480000000000E+00   7.325261E+00   6.624865E-02   6.657350E+01  -2.862529E-17  -1.010251E-15  -1.015205E-12   1.200000E+02  -5.496831E-01
  9.485000000000E+00   7.325592E+00   6.598150E-02   6.657135E+01  -3.355062E-17  -9.600723E-16  -9.686550E-13   1.200000E+02  -5.491619E-01
  9.490000000000E+00   7.325922E+00   6.621680E-02   6.657647E+01  -3.831176E-17  -9.248263E-16  -9.298498E-13   1.200000E+02  -5.486486E-01
  9.495000000000E+00   7.326255E+00   6.688965E-02   6.658769E+01  -4.250739E-17  -7.487033E-16  -7.453235E-13   1.200000E+02  -5.481942E-01
  9.500000000000E+00   7.326591E+00   6.788365E-02   6.660303E+01  -4.586211E-17  -5.637054E-16  -5.530711E-13   1.200000E+02  -5.478387E-01
  9.505000000000E+00   7.326934E+00   6.904732E-02   6.662011E+01  -4.827032E-17  -3.712417E-16  -3.581915E-13   1.200000E+02  -5.476072E-01
  9.510000000000E+00   7.327282E+00   7.021474E-02   6.663654E+01  -4.967294E-17  -2.435985E-16  -2.311846E-13   1.200000E+02  -5.475068E-01
  9.515000000000E+00   7.327636E+00   7.122885E-02   6.665024E+01  -5.034724E-17  -5.267804E-17  -4.929187E-14   1.200000E+02  -5.475269E-01
  9.520000000000E+00   7.327994E+00   7.196437E-02   6.665972E+01  -5.008726E-17   1.408683E-16   1.304846E-13   1.200000E+02  -5.476418E-01
  9.525000000000E+00   7.328355E+00   7.234551E-02   6.666422E+01  -4.920453E-17   2.584117E-16   2.381186E-13   1.200000E+02  -5.478151E-01
  9.530000000000E+00   7.328717E+00   7.235453E-02   6.666370E+01  -4.768208E-17   4.097195E-16   3.774943E-13   1.200000E+02  -5.480063E-01
  9.535000000000E+00   7.329078E+00   7.202856E-02   6.665880E+01  -4.533270E-17   5.237756E-16   4.847280E-13   1.200000E+02  -5.481764E-01
  9.540000000000E+00   7.329437E+00   7.144634E-02   6.665062E+01  -4.240180E-17   6.256787E-16   5.836811E-13   1.200000E+02  -5.482937E-01
  9.545000000000E+00   7.329792E+00   7.070894E-02   6.664052E+01  -3.870926E-17   8.057696E-16   7.594076E-13   1.200000E+02  -5.483369E-01
  9.550000000000E+00   7.330144E+00   6.992056E-02   6.662989E+01  -3.469698E-17   7.860953E-16   7.490993E-13   1.200000E+02  -5.482962E-01
  9.555000000000E+00   7.330491E+00   6.917423E-02   6.662000E+01  -3.100759E-17   6.980108E-16   6.722370E-13   1.200000E+02  -5.481729E-01
  9.560000000000E+00   7.330835E+00   6.854483E-02   6.661187E+01  -2.748206E-17   6.838289E-16   6.645450E-13   1.200000E+02  -5.479771E-01
  9.565000000000E+00   7.331177E+00   6.808856E-02   6.660629E+01  -2.453077E-17   5.162330E-16   5.049948E-13   1.200000E+02  -5.477259E-01
  9.570000000000E+00   7.331517E+00   6.784599E-02   6.660381E+01  -2.259893E-17   2.799652E-16   2.748393E-13   1.200000E+02  -5.474411E-01
  9.575000000000E+00   7.331856E+00   6.784520E-02   6.660477E+01  -2.195921E-17  -5.522558E-18  -5.421588E-15   1.200000E+02  -5.471481E-01
  9.580000000000E+00   7.332196E+00   6.810225E-02   6.660931E+01  -2.279975E-17  -3.287576E-16  -3.215506E-13   1.200000E+02  -5.468739E-01
  9.585000000000E+00   7.332537E+00   6.861788E-02   6.661731E+01  -2.534702E-17  -6.774450E-16  -6.576939E-13   1.200000E+02  -5.466462E-01
  9.590000000000E+00   7.332882E+00   6.937095E-02   6.662830E+01  -2.929814E-17  -9.018584E-16  -8.662026E-13   1.200000E+02  -5.464911E-01
  9.595000000000E+00   7.333231E+00   7.031088E-02   6.664142E+01  -3.411646E-17  -1.010977E-15  -9.582149E-13   1.200000E+02  -5.464305E-01
  9.600000000000E+00   7.333585E+00   7.135213E-02   6.665537E+01  -3.916527E-17  -9.690763E-16  -9.052868E-13   1.200000E+02  -5.464786E-01
  9.605000000000E+00   7.333945E+00   7.237405E-02   6.666850E+01  -4.389726E-17  -8.203242E-16  -7.556546E-13   1.200000E+02  -5.466382E-01
  9.610000000000E+00   7.334309E+00   7.322907E-02   6.667891E+01  -4.741554E-17  -5.747224E-16  -5.233149E-13   1.200000E+02  -5.468975E-01
  9.615000000000E+00   7.334677E+00   7.376060E-02   6.668476E+01  -4.938041E-17  -2.003436E-16  -1.811246E-13   1.200000E+02  -5.472284E-01
  9.620000000000E+00   7.335046E+00   7.382914E-02   6.668446E+01  -4.935428E-17   2.055336E-16   1.856434E-13   1.200000E+02  -5.475868E-01
  9.625000000000E+00   7.335414E+00   7.334211E-02   6.667701E+01  -4.747052E-17   5.199849E-16   4.727303E-13   1.200000E+02  -5.479170E-01
  9.630000000000E+00   7.335778E+00   7.227974E-02   6.666221E+01  -4.426595E-17   7.658289E-16   7.063092E-13   1.200000E+02  -5.481577E-01
  9.635000000000E+00   7.336136E+00   7.070839E-02   6.664080E+01  -4.017073E-17   8.547831E-16   8.056105E-13   1.200000E+02  -5.482513E-01
  9.640000000000E+00   7.336485E+00   6.877526E-02   6.661451E+01  -3.597107E-17   7.784400E-16   7.539833E-13   1.200000E+02  -5.481529E-01
  9.645000000000E+00   7.336823E+00   6.668384E-02   6.658591E+01  -3.232834E-17   6.369478E-16   6.360124E-13   1.200000E+02  -5.478375E-01
  9.650000000000E+00   7.337152E+00   6.465677E-02   6.655804E+01  -2.973558E-17   3.747942E-16   3.858152E-13   1.200000E+02  -5.473038E-01
  9.655000000000E+00   7.337470E+00   6.289754E-02   6.653398E+01  -2.868114E-17   1.734372E-17   1.834645E-14   1.200000E+02  -5.465741E-01
  9.660000000000E+00   7.337781E+00   6.156184E-02   6.651631E+01  -2.935392E-17  -2.515962E-16  -2.718446E-13   1.200000E+02  -5.456893E-01
  9.665000000000E+00   7.338087E+00   6.074416E-02   6.650674E+01  -3.123323E-17  -4.684836E-16  -5.129270E-13   1.200000E+02  -5.447036E-01
  9.670000000000E+00   7.338390E+00   6.047844E-02   6.650594E+01  -3.387492E-17  -5.651952E-16  -6.215246E-13   1.200000E+02  -5.436767E-01
  9.675000000000E+00   7.338692E+00   6.074742E-02   6.651354E+01  -3.679101E-17  -5.592462E-16  -6.123296E-13   1.200000E+02  -5.426682E-01
  9.680000000000E+00   7.338998E+00   6.149524E-02   6.652839E+01  -3.948601E-17  -5.114560E-16  -5.533167E-13   1.200000E+02  -5.417326E-01
  9.685000000000E+00   7.339308E+00   6.263981E-02   6.654880E+01  -4.161676E-17  -3.428825E-16  -3.642798E-13   1.200000E+02  -5.409160E-01
  9.690000000000E+00   7.339625E+00   6.408333E-02   6.657287E+01  -4.274656E-17  -1.178357E-16  -1.224135E-13   1.200000E+02  -5.402538E-01
  9.695000000000E+00   7.339949E+00   6.572033E-02   6.659869E+01  -4.282485E-17   1.121465E-16   1.136454E-13   1.200000E+02  -5.397698E-01
  9.700000000000E+00   7.340282E+00   6.744311E-02   6.662450E+01  -4.167532E-17   3.176200E-16   3.137648E-13   1.200000E+02  -5.394760E-01
  9.705000000000E+00   7.340624E+00   6.914437E-02   6.664876E+01  -3.979091E-17   4.331072E-16   4.174752E-13   1.200000E+02  -5.393726E-01
  9.710000000000E+00   7.340973E+00   7.071771E-02   6.667011E+01  -3.741557E-17   4.724194E-16   4.453800E-13   1.200000E+02  -5.394482E-01
  9.715000000000E+00   7.341330E+00   7.205767E-02   6.668736E+01  -3.512255E-17   4.458135E-16   4.125879E-13   1.200000E+02  -5.396802E-01
  9.720000000000E+00   7.341693E+00   7.306149E-02   6.669946E+01  -3.313876E-17   3.143903E-16   2.870140E-13   1.200000E+02  -5.400354E-01
  9.725000000000E+00   7.342060E+00   7.363496E-02   6.670553E+01  -3.204462E-17   1.203972E-16   1.090672E-13   1.200000E+02  -5.404701E-01
  9.730000000000E+00   7.342429E+00   7.370351E-02   6.670489E+01  -3.196056E-17  -1.126277E-16  -1.019329E-13   1.200000E+02  -5.409323E-01
  9.735000000000E+00   7.342796E+00   7.322726E-02   6.669723E+01  -3.289212E-17  -2.177495E-16  -1.983318E-13   1.200000E+02  -5.413648E-01
  9.740000000000E+00   7.343160E+00   7.221645E-02   6.668275E+01  -3.413039E-17  -2.618752E-16  -2.418086E-13   1.200000E+02  -5.417093E-01
  9.745000000000E+00   7.343518E+00   7.074141E-02   6.666226E+01  -3.515906E-17  -1.990502E-16  -1.875724E-13   1.200000E+02  -5.419131E-01
  9.750000000000E+00   7.343867E+00   6.893156E-02   6.663731E+01  -3.580216E-17  -5.777576E-17  -5.585281E-14   1.200000E+02  -5.419349E-01
  9.755000000000E+00   7.344207E+00   6.696084E-02   6.661007E+01  -3.581288E-17   5.551723E-17   5.522641E-14   1.200000E+02  -5.417511E-01
  9.760000000000E+00   7.344537E+00   6.502172E-02   6.658316E+01  -3.512134E-17   2.063952E-16   2.113516E-13   1.200000E+02  -5.413582E-01
  9.765000000000E+00   7.344858E+00   6.329458E-02   6.655926E+01  -3.381277E-17   3.072280E-16   3.230745E-13   1.200000E+02  -5.407732E-01
  9.770000000000E+00   7.345170E+00   6.192099E-02   6.654066E+01  -3.220390E-17   3.703841E-16   3.980169E-13   1.200000E+02  -5.400303E-01
  9.775000000000E+00   7.345477E+00   6.098707E-02   6.652890E+01  -3.066727E-17   2.833050E-16   3.090486E-13   1.200000E+02  -5.391756E-01
  9.780000000000E+00   7.345781E+00   6.051869E-02   6.652454E+01  -2.951071E-17   1.842006E-16   2.024806E-13   1.200000E+02  -5.382601E-01
  9.785000000000E+00   7.346083E+00   6.048622E-02   6.652709E+01  -2.896939E-17   3.650849E-17   4.015466E-14   1.200000E+02  -5.373339E-01
  9.790000000000E+00   7.346386E+00   6.081573E-02   6.653527E+01  -2.908209E-17  -6.873939E-17  -7.520412E-14   1.200000E+02  -5.364405E-01
  9.795000000000E+00   7.346692E+00   6.140378E-02   6.654725E+01  -2.997170E-17  -2.283012E-16  -2.474248E-13   1.200000E+02  -5.356128E-01
  9.800000000000E+00   7.347001E+00   6.213430E-02   6.656106E+01  -3.132015E-17  -3.028349E-16  -3.244105E-13   1.200000E+02  -5.348713E-01
  9.805000000000E+00   7.347313E+00   6.289594E-02   6.657491E+01  -3.299956E-17  -3.550860E-16  -3.758560E-13   1.200000E+02  -5.342238E-01
  9.810000000000E+00   7.347630E+00   6.359756E-02   6.658740E+01  -3.475730E-17  -3.203806E-16  -3.354423E-13   1.200000E+02  -5.336667E-01
  9.815000000000E+00   7.347949E+00   6.417905E-02   6.659773E+01  -3.611180E-17  -2.142608E-16  -2.223355E-13   1.200000E+02  -5.331886E-01
  9.820000000000E+00   7.348271E+00   6.461482E-02   6.660560E+01  -3.680103E-17  -5.996576E-17  -6.181330E-14   1.200000E+02  -5.327733E-01
  9.825000000000E+00   7.348595E+00   6.490928E-02   6.661119E+01  -3.666704E-17   1.177455E-16   1.208328E-13   1.200000E+02  -5.324042E-01
  9.830000000000E+00   7.348920E+00   6.508586E-02   6.661492E+01  -3.565510E-17   2.551074E-16   2.611006E-13   1.200000E+02  -5.320664E-01
  9.835000000000E+00   7.349246E+00   6.517336E-02   6.661726E+01  -3.412035E-17   3.697527E-16   3.779444E-13   1.200000E+02  -5.317482E-01
  9.840000000000E+00   7.349572E+00   6.519413E-02   6.661859E+01  -3.221775E-17   3.620105E-16   3.699202E-13   1.200000E+02  -5.314411E-01
  9.845000000000E+00   7.349898E+00   6.515770E-02   6.661905E+01  -3.051680E-17   2.325633E-16   2.377792E-13   1.200000E+02  -5.311382E-01
  9.850000000000E+00   7.350223E+00   6.506152E-02   6.661865E+01  -2.990992E-17   4.007055E-17   4.102957E-14   1.200000E+02  -5.308334E-01
  9.855000000000E+00   7.350548E+00   6.489785E-02   6.661727E+01  -3.005087E-17  -1.282095E-16  -1.316063E-13   1.200000E+02  -5.305198E-01
  9.860000000000E+00   7.350872E+00   6.466384E-02   6.661489E+01  -3.089619E-17  -2.455399E-16  -2.529484E-13   1.200000E+02  -5.301900E-01
  9.865000000000E+00   7.351195E+00   6.437094E-02   6.661171E+01  -3.241959E-17  -3.491498E-16  -3.613038E-13   1.200000E+02  -5.298371E-01
  9.870000000000E+00   7.351516E+00   6.404974E-02   6.660816E+01  -3.429781E-17  -3.900178E-16  -4.055968E-13   1.200000E+02  -5.294568E-01
  9.875000000000E+00   7.351835E+00   6.374808E-02   6.660499E+01  -3.615649E-17  -3.513305E-16  -3.670756E-13   1.200000E+02  -5.290488E-01
  9.880000000000E+00   7.352153E+00   6.352234E-02   6.660301E+01  -3.760589E-17  -2.347664E-16  -2.461519E-13   1.200000E+02  -5.286187E-01
  9.885000000000E+00   7.352471E+00   6.342433E-02   6.660299E+01  -3.844083E-17  -8.295749E-17  -8.711510E-14   1.200000E+02  -5.281779E-01
  9.890000000000E+00   7.352788E+00   6.348753E-02   6.660539E+01  -3.844732E-17   6.081688E-17   6.380358E-14   1.200000E+02  -5.277425E-01
  9.895000000000E+00   7.353106E+00   6.371635E-02   6.661021E+01  -3.768966E-17   2.299316E-16   2.403746E-13   1.200000E+02  -5.273302E-01
  9.900000000000E+00   7.353425E+00   6.408135E-02   6.661693E+01  -3.633350E-17   3.134696E-16   3.258730E-13   1.200000E+02  -5.269572E-01
  9.905000000000E+00   7.353747E+00   6.452183E-02   6.662457E+01  -3.464408E-17   3.714912E-16   3.835980E-13   1.200000E+02  -5.266346E-01
  9.910000000000E+00   7.354070E+00   6.495571E-02   6.663190E+01  -3.283449E-17   3.434247E-16   3.522868E-13   1.200000E+02  -5.263652E-01
  9.915000000000E+00   7.354396E+00   6.529525E-02   6.663764E+01  -3.114222E-17   2.854070E-16   2.912747E-13   1.200000E+02  -5.261428E-01
  9.920000000000E+00   7.354723E+00   6.546546E-02   6.664077E+01  -3.006080E-17   1.735101E-16   1.766252E-13   1.200000E+02  -5.259521E-01
  9.925000000000E+00   7.355050E+00   6.542109E-02   6.664072E+01  -2.946115E-17   6.329645E-17   6.447648E-14   1.200000E+02  -5.257716E-01
  9.930000000000E+00   7.355377E+00   6.515737E-02   6.663749E+01  -2.937059E-17  -4.337389E-17  -4.435917E-14   1.200000E+02  -5.255773E-01
  9.935000000000E+00   7.355702E+00   6.471106E-02   6.663165E+01  -2.982062E-17  -1.354876E-16  -1.395088E-13   1.200000E+02  -5.253474E-01
  9.940000000000E+00   7.356024E+00   6.415104E-02   6.662424E+01  -3.053599E-17  -1.542622E-16  -1.602095E-13   1.200000E+02  -5.250664E-01
  9.945000000000E+00   7.356343E+00   6.356100E-02   6.661649E+01  -3.140478E-17  -1.667650E-16  -1.747817E-13   1.200000E+02  -5.247274E-01
  9.950000000000E+00   7.356660E+00   6.301953E-02   6.660959E+01  -3.221660E-17  -1.419949E-16  -1.500840E-13   1.200000E+02  -5.243323E-01
  9.955000000000E+00   7.356973E+00   6.258328E-02   6.660438E+01  -3.302254E-17  -1.416253E-16  -1.507251E-13   1.200000E+02  -5.238908E-01
  9.960000000000E+00   7.357286E+00   6.227750E-02   6.660125E+01  -3.353038E-17  -6.550770E-17  -7.005572E-14   1.200000E+02  -5.234166E-01
  9.965000000000E+00   7.357596E+00   6.209534E-02   6.660008E+01  -3.363188E-17   5.299552E-18   5.684010E-15   1.200000E+02  -5.229242E-01
  9.970000000000E+00   7.357907E+00   6.200526E-02   6.660033E+01  -3.340919E-17   7.573933E-17   8.135221E-14   1.200000E+02  -5.224257E-01
  9.975000000000E+00   7.358217E+00   6.196344E-02   6.660133E+01  -3.286220E-17   1.746593E-16   1.877323E-13   1.200000E+02  -5.219288E-01
  9.980000000000E+00   7.358526E+00   6.192799E-02   6.660242E+01  -3.198731E-17   1.982783E-16   2.132447E-13   1.200000E+02  -5.214362E-01
  9.985000000000E+00   7.358836E+00   6.187078E-02   6.660315E+01  -3.082318E-17   2.702949E-16   2.909692E-13   1.200000E+02  -5.209470E-01
  9.990000000000E+00   7.359145E+00   6.178405E-02   6.660343E+01  -2.955314E-17   2.586196E-16   2.787928E-13   1.200000E+02  -5.204580E-01
  9.995000000000E+00   7.359454E+00   6.167979E-02   6.660344E+01  -2.837300E-17   2.251858E-16   2.431615E-13   1.200000E+02  -5.199666E-01
  1.000000000000E+01   7.359762E+00   6.158270E-02   6.660356E+01  -2.743421E-17   1.500374E-16   1.622700E-13   1.200000E+02  -5.194721E-01
  1.000500000000E+01   7.360070E+00   6.151892E-02   6.660421E+01  -2.694948E-17   2.181155E-17   2.361454E-14   1.200000E+02  -5.189769E-01
  1.001000000000E+01   7.360377E+00   6.150468E-02   6.660562E+01  -2.714686E-17  -1.116952E-16  -1.209587E-13   1.200000E+02  -5.184855E-01
  1.001500000000E+01   7.360685E+00   6.153845E-02   6.660774E+01  -2.813254E-17  -2.557572E-16  -2.768255E-13   1.200000E+02  -5.180033E-01
  1.002000000000E+01   7.360992E+00   6.159927E-02   6.661025E+01  -2.979529E-17  -3.849365E-16  -4.162503E-13   1.200000E+02  -5.175344E-01
  1.002500000000E+01   7.361301E+00   6.165200E-02   6.661258E+01  -3.204591E-17  -5.163061E-16  -5.578486E-13   1.200000E+02  -5.170796E-01
  1.003000000000E+01   7.361609E+00   6.165824E-02   6.661414E+01  -3.474684E-17  -5.447098E-16  -5.884919E-13   1.200000E+02  -5.166358E-01
  1.003500000000E+01   7.361917E+00   6.158996E-02   6.661454E+01  -3.746247E-17  -5.220719E-16  -5.646631E-13   1.200000E+02  -5.161960E-01
  1.004000000000E+01   7.362225E+00   6.144175E-02   6.661370E+01  -3.976002E-17  -3.835941E-16  -4.158837E-13   1.200000E+02  -5.157517E-01
  1.004500000000E+01   7.362531E+00   6.123768E-02   6.661202E+01  -4.117491E-17  -1.848964E-16  -2.011233E-13   1.200000E+02  -5.152952E-01
  1.005000000000E+01   7.362837E+00   6.102988E-02   6.661032E+01  -4.169018E-17   1.366435E-17   1.491379E-14   1.200000E+02  -5.148233E-01
  1.005500000000E+01   7.363142E+00   6.088869E-02   6.660970E+01  -4.096882E-17   2.924791E-16   3.199600E-13   1.200000E+02  -5.143396E-01
  1.006000000000E+01   7.363446E+00   6.088667E-02   6.661127E+01  -3.898693E-17   4.882395E-16   5.341441E-13   1.200000E+02  -5.138554E-01
  1.006500000000E+01   7.363751E+00   6.108072E-02   6.661588E+01  -3.595521E-17   6.965572E-16   7.596795E-13   1.200000E+02  -5.133889E-01
  1.007000000000E+01   7.364057E+00   6.149685E-02   6.662381E+01  -3.210707E-17   8.100805E-16   8.776164E-13   1.200000E+02  -5.129628E-01
  1.007500000000E+01   7.364366E+00   6.212081E-02   6.663470E+01  -2.789647E-17   8.448993E-16   9.062923E-13   1.200000E+02  -5.126000E-01
  1.008000000000E+01   7.364679E+00   6.289642E-02   6.664754E+01  -2.400394E-17   7.183475E-16   7.611896E-13   1.200000E+02  -5.123192E-01
  1.008500000000E+01   7.364995E+00   6.373203E-02   6.666084E+01  -2.085487E-17   5.166377E-16   5.403799E-13   1.200000E+02  -5.121306E-01
  1.009000000000E+01   7.365316E+00   6.451425E-02   6.667287E+01  -1.915965E-17   1.784946E-16   1.844670E-13   1.200000E+02  -5.120334E-01
  1.009500000000E+01   7.365640E+00   6.512691E-02   6.668201E+01  -1.907285E-17  -1.502353E-16  -1.538226E-13   1.200000E+02  -5.120139E-01
  1.010000000000E+01   7.365967E+00   6.547156E-02   6.668697E+01  -2.058482E-17  -4.266932E-16  -4.346143E-13   1.200000E+02  -5.120471E-01
  1.010500000000E+01   7.366294E+00   6.548508E-02   6.668699E+01  -2.340279E-17  -6.986397E-16  -7.114625E-13   1.200000E+02  -5.120993E-01
  1.011000000000E+01   7.366621E+00   6.514959E-02   6.668195E+01  -2.724968E-17  -8.073864E-16  -8.263766E-13   1.200000E+02  -5.121333E-01
  1.011500000000E+01   7.366945E+00   6.449217E-02   6.667228E+01  -3.130498E-17  -8.286881E-16  -8.567013E-13   1.200000E+02  -5.121128E-01
  1.012000000000E+01   7.367266E+00   6.357479E-02   6.665888E+01  -3.540475E-17  -7.789730E-16  -8.167619E-13   1.200000E+02  -5.120070E-01
  1.012500000000E+01   7.367581E+00   6.247815E-02   6.664288E+01  -3.864287E-17  -5.163071E-16  -5.507237E-13   1.200000E+02  -5.117936E-01
  1.013000000000E+01   7.367890E+00   6.128496E-02   6.662548E+01  -4.050113E-17  -2.331591E-16  -2.534771E-13   1.200000E+02  -5.114596E-01
  1.013500000000E+01   7.368194E+00   6.006779E-02   6.660774E+01  -4.101121E-17   3.407271E-17   3.778242E-14   1.200000E+02  -5.110006E-01
  1.014000000000E+01   7.368491E+00   5.888409E-02   6.659056E+01  -4.022279E-17   2.722229E-16   3.078501E-13   1.200000E+02  -5.104191E-01
  1.014500000000E+01   7.368783E+00   5.777817E-02   6.657467E+01  -3.830400E-17   5.091132E-16   5.866236E-13   1.200000E+02  -5.097234E-01
  1.015000000000E+01   7.369069E+00   5.678728E-02   6.656071E+01  -3.547274E-17   6.067712E-16   7.112002E-13   1.200000E+02  -5.089255E-01
  1.015500000000E+01   7.369351E+00   5.594803E-02   6.654934E+01  -3.223905E-17   6.671910E-16   7.936138E-13   1.200000E+02  -5.080415E-01
  1.016000000000E+01   7.369629E+00   5.529989E-02   6.654131E+01  -2.903165E-17   5.929786E-16   7.135199E-13   1.200000E+02  -5.070912E-01
  1.016500000000E+01   7.369904E+00   5.488386E-02   6.653735E+01  -2.625929E-17   4.693728E-16   5.690347E-13   1.200000E+02  -5.060984E-01
  1.017000000000E+01   7.370178E+00   5.473628E-02   6.653811E+01  -2.434819E-17   3.121847E-16   3.794956E-13   1.200000E+02  -5.050907E-01
  1.017500000000E+01   7.370452E+00   5.487930E-02   6.654390E+01  -2.320571E-17   1.228822E-16   1.490009E-13   1.200000E+02  -5.040987E-01
  1.018000000000E+01   7.370727E+00   5.531042E-02   6.655455E+01  -2.325342E-17  -1.412444E-16  -1.699581E-13   1.200000E+02  -5.031535E-01
  1.018500000000E+01   7.371005E+00   5.599371E-02   6.656922E+01  -2.440292E-17  -3.326988E-16  -3.955354E-13   1.200000E+02  -5.022839E-01
  1.019000000000E+01   7.371288E+00   5.685537E-02   6.658644E+01  -2.642078E-17  -4.479237E-16  -5.245880E-13   1.200000E+02  -5.015121E-01
  1.019500000000E+01   7.371574E+00   5.778588E-02   6.660422E+01  -2.901493E-17  -5.955438E-16  -6.864261E-13   1.200000E+02  -5.008502E-01
  1.020000000000E+01   7.371865E+00   5.865054E-02   6.662031E+01  -3.202933E-17  -5.559788E-16  -6.315284E-13   1.200000E+02  -5.002968E-01
  1.020500000000E+01   7.372160E+00   5.930847E-02   6.663255E+01  -3.473785E-17  -4.751872E-16  -5.338687E-13   1.200000E+02  -4.998353E-01
  1.021000000000E+01   7.372458E+00   5.963778E-02   6.663919E+01  -3.670272E-17  -2.790996E-16  -3.118657E-13   1.200000E+02  -4.994353E-01
  1.021500000000E+01   7.372756E+00   5.956157E-02   6.663922E+01  -3.776101E-17  -1.037547E-16  -1.160837E-13   1.200000E+02  -4.990555E-01
  1.022000000000E+01   7.373053E+00   5.906737E-02   6.663257E+01  -3.772371E-17   9.684258E-17   1.092459E-13   1.200000E+02  -4.986506E-01
  1.022500000000E+01   7.373346E+00   5.821283E-02   6.662014E+01  -3.679092E-17   2.647345E-16   3.029684E-13   1.200000E+02  -4.981786E-01
  1.023000000000E+01   7.373635E+00   5.711474E-02   6.660376E+01  -3.517256E-17   3.587435E-16   4.183449E-13   1.200000E+02  -4.976073E-01
  1.023500000000E+01   7.373917E+00   5.592376E-02   6.658580E+01  -3.336465E-17   4.011526E-16   4.776336E-13   1.200000E+02  -4.969201E-01
  1.024000000000E+01   7.374194E+00   5.479298E-02   6.656886E+01  -3.148361E-17   3.107765E-16   3.775672E-13   1.200000E+02  -4.961172E-01
  1.024500000000E+01   7.374465E+00   5.384994E-02   6.655518E+01  -3.013095E-17   2.323985E-16   2.872302E-13   1.200000E+02  -4.952140E-01
  1.025000000000E+01   7.374733E+00   5.317894E-02   6.654638E+01  -2.910487E-17   1.548516E-16   1.937762E-13   1.200000E+02  -4.942374E-01
  1.025500000000E+01   7.374998E+00   5.281551E-02   6.654317E+01  -2.863833E-17   3.136641E-17   3.951908E-14   1.200000E+02  -4.932201E-01
  1.026000000000E+01   7.375261E+00   5.275070E-02   6.654539E+01  -2.869722E-17  -7.133097E-17  -8.998453E-14   1.200000E+02  -4.921957E-01
  1.026500000000E+01   7.375526E+00   5.294096E-02   6.655217E+01  -2.926537E-17  -1.636569E-16  -2.057333E-13   1.200000E+02  -4.911945E-01
  1.027000000000E+01   7.375791E+00   5.332010E-02   6.656218E+01  -3.034973E-17  -2.448759E-16  -3.056910E-13   1.200000E+02  -4.902401E-01
  1.027500000000E+01   7.376059E+00   5.381068E-02   6.657393E+01  -3.165845E-17  -2.518335E-16  -3.115654E-13   1.200000E+02  -4.893479E-01
  1.028000000000E+01   7.376329E+00   5.433330E-02   6.658594E+01  -3.277857E-17  -2.314639E-16  -2.836611E-13   1.200000E+02  -4.885248E-01
  1.028500000000E+01   7.376602E+00   5.481282E-02   6.659688E+01  -3.359436E-17  -8.581991E-17  -1.042701E-13   1.200000E+02  -4.877689E-01
  1.029000000000E+01   7.376877E+00   5.518133E-02   6.660563E+01  -3.394900E-17  -3.837057E-17  -4.631451E-14   1.200000E+02  -4.870709E-01
  1.029500000000E+01   7.377154E+00   5.537860E-02   6.661123E+01  -3.385534E-17   5.730930E-17   6.893354E-14   1.200000E+02  -4.864144E-01
  1.030000000000E+01   7.377431E+00   5.535184E-02   6.661288E+01  -3.365125E-17   2.822526E-17   3.396754E-14   1.200000E+02  -4.857776E-01
  1.030500000000E+01   7.377707E+00   5.505672E-02   6.660988E+01  -3.339405E-17   4.262437E-17   5.156872E-14   1.200000E+02  -4.851335E-01
  1.031000000000E+01   7.377981E+00   5.446139E-02   6.660171E+01  -3.332231E-17  -2.552480E-17  -3.121468E-14   1.200000E+02  -4.844513E-01
  1.031500000000E+01   7.378251E+00   5.355377E-02   6.658807E+01  -3.352275E-17  -1.057744E-16  -1.315185E-13   1.200000E+02  -4.836985E-01
  1.032000000000E+01   7.378516E+00   5.235024E-02   6.656909E+01  -3.418860E-17  -1.635123E-16  -2.079239E-13   1.200000E+02  -4.828429E-01
  1.032500000000E+01   7.378774E+00   5.090235E-02   6.654543E+01  -3.514355E-17  -2.339672E-16  -3.058689E-13   1.200000E+02  -4.818567E-01
  1.033000000000E+01   7.379025E+00   4.929751E-02   6.651845E+01  -3.628421E-17  -2.472947E-16  -3.336813E-13   1.200000E+02  -4.807198E-01
  1.033500000000E+01   7.379267E+00   4.765129E-02   6.649014E+01  -3.754963E-17  -2.468383E-16  -3.444253E-13   1.200000E+02  -4.794237E-01
  1.034000000000E+01   7.379501E+00   4.609203E-02   6.646301E+01  -3.863007E-17  -2.043044E-16  -2.945994E-13   1.200000E+02  -4.779729E-01
  1.034500000000E+01   7.379728E+00   4.474154E-02   6.643973E+01  -3.950921E-17  -1.528819E-16  -2.270246E-13   1.200000E+02  -4.763860E-01
  1.035000000000E+01   7.379949E+00   4.369711E-02   6.642266E+01  -4.025318E-17  -1.209195E-16  -1.838061E-13   1.200000E+02  -4.746928E-01
  1.035500000000E+01   7.380166E+00   4.301885E-02   6.641349E+01  -4.043521E-17   1.452524E-17   2.242439E-14   1.200000E+02  -4.729316E-01
  1.036000000000E+01   7.380380E+00   4.272349E-02   6.641280E+01  -4.019000E-17   7.751388E-17   1.204938E-13   1.200000E+02  -4.711440E-01
  1.036500000000E+01   7.380594E+00   4.278368E-02   6.642003E+01  -3.958603E-17   1.611076E-16   2.501135E-13   1.200000E+02  -4.693704E-01
  1.037000000000E+01   7.380808E+00   4.313133E-02   6.643352E+01  -3.868871E-17   2.053155E-16   3.162395E-13   1.200000E+02  -4.676457E-01
  1.037500000000E+01   7.381025E+00   4.366472E-02   6.645079E+01  -3.759471E-17   2.321971E-16   3.533672E-13   1.200000E+02  -4.659947E-01
  1.038000000000E+01   7.381245E+00   4.425972E-02   6.646897E+01  -3.626965E-17   2.966621E-16   4.455254E-13   1.200000E+02  -4.644298E-01
  1.038500000000E+01   7.381468E+00   4.478574E-02   6.648523E+01  -3.472355E-17   3.369206E-16   5.001646E-13   1.200000E+02  -4.629491E-01
  1.039000000000E+01   7.381693E+00   4.512514E-02   6.649715E+01  -3.299103E-17   3.339940E-16   4.921791E-13   1.200000E+02  -4.615375E-01
  1.039500000000E+01   7.381918E+00   4.519272E-02   6.650313E+01  -3.132446E-17   3.344131E-16   4.921040E-13   1.200000E+02  -4.601686E-01
  1.040000000000E+01   7.382144E+00   4.495016E-02   6.650247E+01  -2.972869E-17   3.144446E-16   4.652117E-13   1.200000E+02  -4.588100E-01
  1.040500000000E+01   7.382367E+00   4.441081E-02   6.649546E+01  -2.822610E-17   2.594511E-16   3.884711E-13   1.200000E+02  -4.574282E-01
  1.041000000000E+01   7.382588E+00   4.363297E-02   6.648325E+01  -2.713589E-17   1.964606E-16   2.993456E-13   1.200000E+02  -4.559943E-01
  1.041500000000E+01   7.382804E+00   4.270368E-02   6.646758E+01  -2.641859E-17   6.273600E-17   9.764757E-14   1.200000E+02  -4.544878E-01
  1.042000000000E+01   7.383015E+00   4.171866E-02   6.645045E+01  -2.627988E-17  -1.540155E-17  -2.453195E-14   1.200000E+02  -4.528985E-01
  1.042500000000E+01   7.383221E+00   4.076449E-02   6.643378E+01  -2.669813E-17  -1.533795E-16  -2.499622E-13   1.200000E+02  -4.512264E-01
  1.043000000000E+01   7.383422E+00   3.990744E-02   6.641917E+01  -2.775526E-17  -2.796573E-16  -4.654421E-13   1.200000E+02  -4.494795E-01
  1.043500000000E+01   7.383620E+00   3.918986E-02   6.640775E+01  -2.935349E-17  -3.654892E-16  -6.193265E-13   1.200000E+02  -4.476719E-01
  1.044000000000E+01   7.383815E+00   3.863226E-02   6.640013E+01  -3.135063E-17  -4.235808E-16  -7.280397E-13   1.200000E+02  -4.458206E-01
  1.044500000000E+01   7.384007E+00   3.823819E-02   6.639651E+01  -3.357462E-17  -4.506126E-16  -7.824403E-13   1.200000E+02  -4.439437E-01
  1.045000000000E+01   7.384197E+00   3.799896E-02   6.639674E+01  -3.590567E-17  -4.543285E-16  -7.938619E-13   1.200000E+02  -4.420587E-01
  1.045500000000E+01   7.384387E+00   3.789665E-02   6.640037E+01  -3.817060E-17  -4.453169E-16  -7.802592E-13   1.200000E+02  -4.401814E-01
  1.046000000000E+01   7.384576E+00   3.790474E-02   6.640673E+01  -4.021235E-17  -3.707248E-16  -6.494865E-13   1.200000E+02  -4.383251E-01
  1.046500000000E+01   7.384766E+00   3.798707E-02   6.641487E+01  -4.191346E-17  -3.029420E-16  -5.296501E-13   1.200000E+02  -4.364994E-01
  1.047000000000E+01   7.384956E+00   3.809637E-02   6.642356E+01  -4.319870E-17  -2.089164E-16  -3.642596E-13   1.200000E+02  -4.347092E-01
  1.047500000000E+01   7.385147E+00   3.817430E-02   6.643134E+01  -4.398646E-17  -1.072609E-16  -1.866566E-13   1.200000E+02  -4.329540E-01
  1.048000000000E+01   7.385338E+00   3.815457E-02   6.643658E+01  -4.416552E-17   2.946985E-17   5.131432E-14   1.200000E+02  -4.312261E-01
  1.048500000000E+01   7.385528E+00   3.797037E-02   6.643762E+01  -4.373673E-17   1.565299E-16   2.738839E-13   1.200000E+02  -4.295111E-01
  1.049000000000E+01   7.385717E+00   3.756562E-02   6.643304E+01  -4.258629E-17   2.838748E-16   5.020194E-13   1.200000E+02  -4.277876E-01
  1.049500000000E+01   7.385904E+00   3.690812E-02   6.642192E+01  -4.092468E-17   3.854566E-16   6.936892E-13   1.200000E+02  -4.260299E-01
  1.050000000000E+01   7.386086E+00   3.600067E-02   6.640405E+01  -3.865179E-17   4.900794E-16   9.039626E-13   1.200000E+02  -4.242108E-01
  1.050500000000E+01   7.386263E+00   3.488585E-02   6.638017E+01  -3.601612E-17   5.861638E-16   1.115342E-12   1.200000E+02  -4.223060E-01
  1.051000000000E+01   7.386435E+00   3.364159E-02   6.635196E+01  -3.306135E-17   5.825629E-16   1.149000E-12   1.200000E+02  -4.202981E-01
  1.051500000000E+01   7.386600E+00   3.236767E-02   6.632193E+01  -3.019912E-17   5.433776E-16   1.113390E-12   1.200000E+02  -4.181797E-01
  1.052000000000E+01   7.386758E+00   3.116719E-02   6.629303E+01  -2.772057E-17   4.626355E-16   9.840318E-13   1.200000E+02  -4.159543E-01
  1.052500000000E+01   7.386911E+00   3.012863E-02   6.626818E+01  -2.576727E-17   3.279913E-16   7.214198E-13   1.200000E+02  -4.136364E-01
  1.053000000000E+01   7.387060E+00   2.931322E-02   6.624976E+01  -2.442927E-17   1.958171E-16   4.425592E-13   1.200000E+02  -4.112478E-01
  1.053500000000E+01   7.387205E+00   2.874913E-02   6.623917E+01  -2.384564E-17   3.446382E-17   7.940606E-14   1.200000E+02  -4.088153E-01
  1.054000000000E+01   7.387348E+00   2.843141E-02   6.623662E+01  -2.401757E-17  -1.104700E-16  -2.573618E-13   1.200000E+02  -4.063665E-01
  1.054500000000E+01   7.387490E+00   2.832563E-02   6.624113E+01  -2.497822E-17  -2.528194E-16  -5.912328E-13   1.200000E+02  -4.039264E-01
  1.055000000000E+01   7.387631E+00   2.837371E-02   6.625076E+01  -2.655282E-17  -3.815597E-16  -8.909169E-13   1.200000E+02  -4.015145E-01
  1.055500000000E+01   7.387774E+00   2.850166E-02   6.626294E+01  -2.858608E-17  -4.355164E-16  -1.012523E-12   1.200000E+02  -3.991431E-01
  1.056000000000E+01   7.387916E+00   2.862919E-02   6.627494E+01  -3.084365E-17  -4.559133E-16  -1.055413E-12   1.200000E+02  -3.968158E-01
  1.056500000000E+01   7.388060E+00   2.868076E-02   6.628426E+01  -3.313688E-17  -4.571869E-16  -1.056607E-12   1.200000E+02  -3.945277E-01
  1.057000000000E+01   7.388203E+00   2.859647E-02   6.628893E+01  -3.531665E-17  -4.157191E-16  -9.636705E-13   1.200000E+02  -3.922665E-01
  1.057500000000E+01   7.388345E+00   2.834049E-02   6.628776E+01  -3.718019E-17  -3.266582E-16  -7.640462E-13   1.200000E+02  -3.900148E-01
  1.058000000000E+01   7.388486E+00   2.790461E-02   6.628038E+01  -3.851526E-17  -2.070075E-16  -4.916941E-13   1.200000E+02  -3.877532E-01
  1.058500000000E+01   7.388624E+00   2.730624E-02   6.626717E+01  -3.922262E-17  -8.826356E-17  -2.141992E-13   1.200000E+02  -3.854630E-01
  1.059000000000E+01   7.388759E+00   2.658169E-02   6.624909E+01  -3.936801E-17   4.427944E-17   1.103569E-13   1.200000E+02  -3.831285E-01
  1.059500000000E+01   7.388890E+00   2.577730E-02   6.622751E+01  -3.881994E-17   1.580741E-16   4.061268E-13   1.200000E+02  -3.807392E-01
  1.060000000000E+01   7.389017E+00   2.494136E-02   6.620399E+01  -3.778661E-17   2.437355E-16   6.469681E-13   1.200000E+02  -3.782894E-01
  1.060500000000E+01   7.389139E+00   2.411856E-02   6.618011E+01  -3.640847E-17   3.132308E-16   8.594894E-13   1.200000E+02  -3.757787E-01
  1.061000000000E+01   7.389258E+00   2.334756E-02   6.615743E+01  -3.470653E-17   3.487961E-16   9.883456E-13   1.200000E+02  -3.732114E-01
  1.061500000000E+01   7.389373E+00   2.266068E-02   6.613744E+01  -3.286781E-17   3.730079E-16   1.088660E-12   1.200000E+02  -3.705952E-01
  1.062000000000E+01   7.389485E+00   2.208449E-02   6.612151E+01  -3.104457E-17   3.564177E-16   1.067124E-12   1.200000E+02  -3.679412E-01
  1.062500000000E+01   7.389594E+00   2.163992E-02   6.611087E+01  -2.939063E-17   3.069260E-16   9.376723E-13   1.200000E+02  -3.652627E-01
  1.063000000000E+01   7.389701E+00   2.134143E-02   6.610645E+01  -2.808249E-17   2.175949E-16   6.740145E-13   1.200000E+02  -3.625749E-01
  1.063500000000E+01   7.389808E+00   2.119497E-02   6.610873E+01  -2.720870E-17   1.174385E-16   3.662997E-13   1.200000E+02  -3.598939E-01
  1.064000000000E+01   7.389914E+00   2.119515E-02   6.611755E+01  -2.687663E-17   9.216319E-18   2.875000E-14   1.200000E+02  -3.572356E-01
  1.064500000000E+01   7.390020E+00   2.132227E-02   6.613198E+01  -2.712915E-17  -1.062223E-16  -3.294533E-13   1.200000E+02  -3.546146E-01
  1.065000000000E+01   7.390127E+00   2.154018E-02   6.615027E+01  -2.796066E-17  -2.187702E-16  -6.718471E-13   1.200000E+02  -3.520421E-01
  1.065500000000E+01   7.390235E+00   2.179616E-02   6.616996E+01  -2.925772E-17  -2.979932E-16  -9.046639E-13   1.200000E+02  -3.495246E-01
  1.066000000000E+01   7.390345E+00   2.202434E-02   6.618812E+01  -3.084082E-17  -3.248345E-16  -9.762011E-13   1.200000E+02  -3.470619E-01
  1.066500000000E+01   7.390455E+00   2.215352E-02   6.620175E+01  -3.241201E-17  -3.070724E-16  -9.176300E-13   1.200000E+02  -3.446464E-01
  1.067000000000E+01   7.390566E+00   2.211903E-02   6.620815E+01  -3.386520E-17  -2.567274E-16  -7.684533E-13   1.200000E+02  -3.422631E-01
  1.067500000000E+01   7.390676E+00   2.187649E-02   6.620543E+01  -3.495758E-17  -1.691410E-16  -5.118764E-13   1.200000E+02  -3.398911E-01
  1.068000000000E+01   7.390785E+00   2.141305E-02   6.619278E+01  -3.552539E-17  -5.248533E-17  -1.622446E-13   1.200000E+02  -3.375068E-01
  1.068500000000E+01   7.390890E+00   2.075198E-02   6.617070E+01  -3.555141E-17   5.165334E-17   1.647042E-13   1.200000E+02  -3.350872E-01
  1.069000000000E+01   7.390992E+00   1.994786E-02   6.614097E+01  -3.507504E-17   1.371088E-16   4.546107E-13   1.200000E+02  -3.326138E-01
  1.069500000000E+01   7.391089E+00   1.907381E-02   6.610637E+01  -3.422045E-17   1.969908E-16   6.827344E-13   1.200000E+02  -3.300754E-01
  1.070000000000E+01   7.391183E+00   1.820543E-02   6.607028E+01  -3.318078E-17   2.160467E-16   7.840662E-13   1.200000E+02  -3.274693E-01
  1.070500000000E+01   7.391272E+00   1.740692E-02   6.603607E+01  -3.210527E-17   1.945405E-16   7.380219E-13   1.200000E+02  -3.248002E-01
  1.071000000000E+01   7.391357E+00   1.672291E-02   6.600661E+01  -3.116209E-17   1.736536E-16   6.854243E-13   1.200000E+02  -3.220788E-01
  1.071500000000E+01   7.391439E+00   1.617648E-02   6.598387E+01  -3.042622E-17   1.129085E-16   4.605539E-13   1.200000E+02  -3.193192E-01
  1.072000000000E+01   7.391519E+00   1.577147E-02   6.596875E+01  -3.003318E-17   5.485047E-17   2.294280E-13   1.200000E+02  -3.165369E-01
  1.072500000000E+01   7.391597E+00   1.549690E-02   6.596114E+01  -2.993225E-17  -5.219941E-18  -2.221821E-14   1.200000E+02  -3.137468E-01
  1.073000000000E+01   7.391674E+00   1.533177E-02   6.596009E+01  -3.008554E-17  -6.106092E-17  -2.626953E-13   1.200000E+02  -3.109618E-01
  1.073500000000E+01   7.391750E+00   1.524956E-02   6.596411E+01  -3.048353E-17  -9.217717E-17  -3.987253E-13   1.200000E+02  -3.081920E-01
  1.074000000000E+01   7.391827E+00   1.522186E-02   6.597148E+01  -3.102495E-17  -1.210670E-16  -5.247040E-13   1.200000E+02  -3.054446E-01
  1.074500000000E+01   7.391903E+00   1.522115E-02   6.598045E+01  -3.159396E-17  -1.143955E-16  -4.958799E-13   1.200000E+02  -3.027236E-01
  1.075000000000E+01   7.391979E+00   1.522253E-02   6.598947E+01  -3.208673E-17  -8.988494E-17  -3.896501E-13   1.200000E+02  -3.000299E-01
  1.075500000000E+01   7.392055E+00   1.520436E-02   6.599717E+01  -3.246399E-17  -6.206560E-17  -2.694065E-13   1.200000E+02  -2.973624E-01
  1.076000000000E+01   7.392131E+00   1.514832E-02   6.600240E+01  -3.271220E-17  -2.724255E-17  -1.186979E-13   1.200000E+02  -2.947172E-01
  1.076500000000E+01   7.392206E+00   1.503911E-02   6.600416E+01  -3.275834E-17   4.648200E-18   2.040018E-14   1.200000E+02  -2.920893E-01
  1.077000000000E+01   7.392281E+00   1.486468E-02   6.600164E+01  -3.270361E-17   1.440420E-17   6.395707E-14   1.200000E+02  -2.894717E-01
  1.077500000000E+01   7.392355E+00   1.461723E-02   6.599420E+01  -3.264143E-17   1.134671E-18   5.122837E-15   1.200000E+02  -2.868567E-01
  1.078000000000E+01   7.392427E+00   1.429499E-02   6.598149E+01  -3.265639E-17  -6.128181E-18  -2.828589E-14   1.200000E+02  -2.842361E-01
  1.078500000000E+01   7.392498E+00   1.390406E-02   6.596360E+01  -3.272862E-17  -2.131601E-17  -1.011273E-13   1.200000E+02  -2.816020E-01
  1.079000000000E+01   7.392566E+00   1.345939E-02   6.594120E+01  -3.286633E-17  -3.372342E-17  -1.652201E-13   1.200000E+02  -2.789476E-01
  1.079500000000E+01   7.392632E+00   1.298401E-02   6.591556E+01  -3.307179E-17  -4.484678E-17  -2.276723E-13   1.200000E+02  -2.762683E-01
  1.080000000000E+01   7.392696E+00   1.250636E-02   6.588855E+01  -3.330410E-17  -5.133657E-17  -2.704619E-13   1.200000E+02  -2.735625E-01
  1.080500000000E+01   7.392757E+00   1.205612E-02   6.586241E+01  -3.354963E-17  -3.968031E-17  -2.167730E-13   1.200000E+02  -2.708315E-01
  1.081000000000E+01   7.392817E+00   1.165988E-02   6.583945E+01  -3.368675E-17  -1.374525E-17  -7.761485E-14   1.200000E+02  -2.680799E-01
  1.081500000000E+01   7.392874E+00   1.133741E-02   6.582170E+01  -3.364817E-17   2.933271E-17   1.702972E-13   1.200000E+02  -2.653147E-01
  1.082000000000E+01   7.392930E+00   1.109943E-02   6.581052E+01  -3.343644E-17   5.477445E-17   3.247675E-13   1.200000E+02  -2.625445E-01
  1.082500000000E+01   7.392985E+00   1.094679E-02   6.580639E+01  -3.308713E-17   8.502965E-17   5.111540E-13   1.200000E+02  -2.597785E-01
  1.083000000000E+01   7.393040E+00   1.087083E-02   6.580884E+01  -3.264705E-17   9.175338E-17   5.554482E-13   1.200000E+02  -2.570254E-01
  1.083500000000E+01   7.393094E+00   1.085487E-02   6.581649E+01  -3.217848E-17   9.058809E-17   5.492639E-13   1.200000E+02  -2.542922E-01
  1.084000000000E+01   7.393148E+00   1.087654E-02   6.582738E+01  -3.176296E-17   7.306838E-17   4.422271E-13   1.200000E+02  -2.515840E-01
  1.084500000000E+01   7.393203E+00   1.091100E-02   6.583931E+01  -3.147759E-17   4.060924E-17   2.450447E-13   1.200000E+02  -2.489031E-01
  1.085000000000E+01   7.393257E+00   1.093479E-02   6.585020E+01  -3.137170E-17   2.693429E-18   1.622005E-14   1.200000E+02  -2.462493E-01
  1.085500000000E+01   7.393312E+00   1.092945E-02   6.585845E+01  -3.147061E-17  -4.651158E-17  -2.802686E-13   1.200000E+02  -2.436199E-01
  1.086000000000E+01   7.393367E+00   1.088415E-02   6.586311E+01  -3.176790E-17  -7.220040E-17  -4.369053E-13   1.200000E+02  -2.410107E-01
  1.086500000000E+01   7.393421E+00   1.079647E-02   6.586395E+01  -3.216342E-17  -8.950798E-17  -5.460443E-13   1.200000E+02  -2.384170E-01
  1.087000000000E+01   7.393474E+00   1.067100E-02   6.586129E+01  -3.262430E-17  -8.757004E-17  -5.404811E-13   1.200000E+02  -2.358340E-01
  1.087500000000E+01   7.393527E+00   1.051656E-02   6.585584E+01  -3.307580E-17  -9.156290E-17  -5.733769E-13   1.200000E+02  -2.332580E-01
  1.088000000000E+01   7.393580E+00   1.034278E-02   6.584837E+01  -3.347506E-17  -6.713004E-17  -4.273904E-13   1.200000E+02  -2.306860E-01
  1.088500000000E+01   7.393631E+00   1.015744E-02   6.583953E+01  -3.375975E-17  -5.033419E-17  -3.262611E-13   1.200000E+02  -2.281164E-01
  1.089000000000E+01   7.393681E+00   9.965105E-03   6.582969E+01  -3.394401E-17  -2.689158E-17  -1.776464E-13   1.200000E+02  -2.255480E-01
  1.089500000000E+01   7.393730E+00   9.767207E-03   6.581895E+01  -3.401592E-17  -5.348539E-18  -3.604257E-14   1.200000E+02  -2.229799E-01
  1.090000000000E+01   7.393779E+00   9.563425E-03   6.580723E+01  -3.400195E-17   9.920690E-18   6.826562E-14   1.200000E+02  -2.204115E-01
  1.090500000000E+01   7.393826E+00   9.353535E-03   6.579444E+01  -3.396586E-17   6.376611E-18   4.485423E-14   1.200000E+02  -2.178420E-01
  1.091000000000E+01   7.393872E+00   9.139109E-03   6.578071E+01  -3.392171E-17   6.174031E-18   4.443892E-14   1.200000E+02  -2.152706E-01
  1.091500000000E+01   7.393917E+00   8.924407E-03   6.576642E+01  -3.392851E-17  -7.813873E-18  -5.758258E-14   1.200000E+02  -2.126971E-01
  1.092000000000E+01   7.393962E+00   8.716166E-03   6.575229E+01  -3.400283E-17  -1.561056E-17  -1.177617E-13   1.200000E+02  -2.101214E-01
  1.092500000000E+01   7.394005E+00   8.522386E-03   6.573925E+01  -3.411829E-17  -2.540634E-17  -1.959772E-13   1.200000E+02  -2.075448E-01
  1.093000000000E+01   7.394047E+00   8.350540E-03   6.572824E+01  -3.424399E-17  -2.305810E-17  -1.814934E-13   1.200000E+02  -2.049690E-01
  1.093500000000E+01   7.394088E+00   8.205775E-03   6.571998E+01  -3.432388E-17  -1.039523E-17  -8.325532E-14   1.200000E+02  -2.023967E-01
  1.094000000000E+01   7.394129E+00   8.089600E-03   6.571480E+01  -3.435155E-17  -5.486835E-19  -4.457158E-15   1.200000E+02  -1.998307E-01
  1.094500000000E+01   7.394169E+00   7.999361E-03   6.571251E+01  -3.430723E-17   1.870817E-17   1.536824E-13   1.200000E+02  -1.972737E-01
  1.095000000000E+01   7.394209E+00   7.928611E-03   6.571242E+01  -3.420192E-17   2.822659E-17   2.339423E-13   1.200000E+02  -1.947283E-01
  1.095500000000E+01   7.394248E+00   7.868293E-03   6.571348E+01  -3.403277E-17   3.469959E-17   2.897999E-13   1.200000E+02  -1.921957E-01
  1.096000000000E+01   7.394288E+00   7.808515E-03   6.571452E+01  -3.385101E-17   3.603431E-17   3.032558E-13   1.200000E+02  -1.896763E-01
  1.096500000000E+01   7.394327E+00   7.740516E-03   6.571443E+01  -3.369055E-17   2.699372E-17   2.291678E-13   1.200000E+02  -1.871695E-01
  1.097000000000E+01   7.394365E+00   7.658321E-03   6.571246E+01  -3.358241E-17   1.468190E-17   1.259785E-13   1.200000E+02  -1.846738E-01
  1.097500000000E+01   7.394403E+00   7.559606E-03   6.570825E+01  -3.355696E-17  -5.369385E-18  -4.667080E-14   1.200000E+02  -1.821874E-01
  1.098000000000E+01   7.394441E+00   7.445519E-03   6.570187E+01  -3.361273E-17  -2.196788E-17  -1.938523E-13   1.200000E+02  -1.797083E-01
  1.098500000000E+01   7.394478E+00   7.319560E-03   6.569369E+01  -3.374830E-17  -3.134779E-17  -2.813491E-13   1.200000E+02  -1.772348E-01
  1.099000000000E+01   7.394514E+00   7.185952E-03   6.568419E+01  -3.394120E-17  -4.328152E-17  -3.956207E-13   1.200000E+02  -1.747658E-01
  1.099500000000E+01   7.394549E+00   7.048082E-03   6.567377E+01  -3.414497E-17  -3.944515E-17  -3.675485E-13   1.200000E+02  -1.723005E-01
  1.100000000000E+01   7.394584E+00   6.907547E-03   6.566260E+01  -3.430750E-17  -2.529482E-17  -2.404506E-13   1.200000E+02  -1.698383E-01
  1.100500000000E+01   7.394618E+00   6.764048E-03   6.565060E+01  -3.440059E-17  -1.171065E-17  -1.136614E-13   1.200000E+02  -1.673790E-01
  1.101000000000E+01   7.394652E+00   6.616144E-03   6.563752E+01  -3.441119E-17   8.227733E-18   8.162579E-14   1.200000E+02  -1.649219E-01
  1.101500000000E+01   7.394685E+00   6.462563E-03   6.562311E+01  -3.431663E-17   2.810822E-17   2.854206E-13   1.200000E+02  -1.624664E-01
  1.102000000000E+01   7.394717E+00   6.303608E-03   6.560735E+01  -3.415845E-17   3.434910E-17   3.575021E-13   1.200000E+02  -1.600118E-01
  1.102500000000E+01   7.394748E+00   6.142140E-03   6.559057E+01  -3.397823E-17   3.863506E-17   4.125753E-13   1.200000E+02  -1.575575E-01
  1.103000000000E+01   7.394778E+00   5.983770E-03   6.557363E+01  -3.378523E-17   3.546715E-17   3.886697E-13   1.200000E+02  -1.551033E-01
  1.103500000000E+01   7.394807E+00   5.836142E-03   6.555778E+01  -3.363011E-17   2.451366E-17   2.753637E-13   1.200000E+02  -1.526501E-01
  1.104000000000E+01   7.394836E+00   5.707543E-03   6.554452E+01  -3.354002E-17   1.192902E-17   1.369910E-13   1.200000E+02  -1.501991E-01
  1.104500000000E+01   7.394865E+00   5.605230E-03   6.553527E+01  -3.351834E-17  -2.347960E-18  -2.745190E-14   1.200000E+02  -1.477529E-01
  1.105000000000E+01   7.394892E+00   5.533903E-03   6.553106E+01  -3.356556E-17  -1.521403E-17  -1.801606E-13   1.200000E+02  -1.453144E-01
  1.105500000000E+01   7.394920E+00   5.494619E-03   6.553227E+01  -3.367761E-17  -2.759728E-17  -3.291425E-13   1.200000E+02  -1.428869E-01
  1.106000000000E+01   7.394947E+00   5.484288E-03   6.553846E+01  -3.384120E-17  -3.703297E-17  -4.425523E-13   1.200000E+02  -1.404736E-01
  1.106500000000E+01   7.394975E+00   5.495814E-03   6.554843E+01  -3.404234E-17  -3.914830E-17  -4.669207E-13   1.200000E+02  -1.380770E-01
  1.107000000000E+01   7.395002E+00   5.518927E-03   6.556034E+01  -3.423402E-17  -3.686168E-17  -4.378866E-13   1.200000E+02  -1.356989E-01
  1.107500000000E+01   7.395030E+00   5.541681E-03   6.557211E+01  -3.439136E-17  -2.585949E-17  -3.059832E-13   1.200000E+02  -1.333395E-01
  1.108000000000E+01   7.395058E+00   5.552445E-03   6.558174E+01  -3.449786E-17  -1.377774E-17  -1.627334E-13   1.200000E+02  -1.309981E-01
  1.108500000000E+01   7.395086E+00   5.542007E-03   6.558764E+01  -3.452417E-17   3.723999E-18   4.407218E-14   1.200000E+02  -1.286725E-01
  1.109000000000E+01   7.395113E+00   5.505213E-03   6.558892E+01  -3.447259E-17   1.761513E-17   2.098660E-13   1.200000E+02  -1.263599E-01
  1.109500000000E+01   7.395141E+00   5.441643E-03   6.558540E+01  -3.436352E-17   2.951807E-17   3.557665E-13   1.200000E+02  -1.240573E-01
  1.110000000000E+01   7.395168E+00   5.355105E-03   6.557762E+01  -3.421380E-17   3.334436E-17   4.083289E-13   1.200000E+02  -1.217619E-01
  1.110500000000E+01   7.395194E+00   5.252184E-03   6.556659E+01  -3.404707E-17   3.326730E-17   4.152983E-13   1.200000E+02  -1.194712E-01
  1.111000000000E+01   7.395220E+00   5.140395E-03   6.555352E+01  -3.389692E-17   2.693448E-17   3.434852E-13   1.200000E+02  -1.171839E-01
  1.111500000000E+01   7.395245E+00   5.026538E-03   6.553959E+01  -3.377198E-17   1.988842E-17   2.593195E-13   1.200000E+02  -1.148992E-01
  1.112000000000E+01   7.395270E+00   4.915679E-03   6.552575E+01  -3.370066E-17   9.187664E-18   1.224711E-13   1.200000E+02  -1.126172E-01
  1.112500000000E+01   7.395295E+00   4.810874E-03   6.551262E+01  -3.367832E-17  -1.835374E-18  -2.499341E-14   1.200000E+02  -1.103382E-01
  1.113000000000E+01   7.395318E+00   4.713510E-03   6.550053E+01  -3.371477E-17  -1.053114E-17  -1.463443E-13   1.200000E+02  -1.080629E-01
  1.113500000000E+01   7.395342E+00   4.623983E-03   6.548965E+01  -3.379981E-17  -2.448209E-17  -3.467408E-13   1.200000E+02  -1.057921E-01
  1.114000000000E+01   7.395365E+00   4.542404E-03   6.548008E+01  -3.393229E-17  -2.970099E-17  -4.281485E-13   1.200000E+02  -1.035264E-01
  1.114500000000E+01   7.395387E+00   4.469079E-03   6.547195E+01  -3.408938E-17  -3.430951E-17  -5.026337E-13   1.200000E+02  -1.012667E-01
  1.115000000000E+01   7.395409E+00   4.404612E-03   6.546547E+01  -3.425859E-17  -3.348335E-17  -4.976610E-13   1.200000E+02  -9.901370E-02
  1.115500000000E+01   7.395431E+00   4.349612E-03   6.546085E+01  -3.442341E-17  -3.056243E-17  -4.599588E-13   1.200000E+02  -9.676837E-02
  1.116000000000E+01   7.395453E+00   4.304164E-03   6.545818E+01  -3.456564E-17  -2.536642E-17  -3.857751E-13   1.200000E+02  -9.453159E-02
  1.116500000000E+01   7.395474E+00   4.267235E-03   6.545730E+01  -3.467691E-17  -1.957534E-17  -3.002762E-13   1.200000E+02  -9.230423E-02
  1.117000000000E+01   7.395496E+00   4.236280E-03   6.545766E+01  -3.476142E-17  -1.436232E-17  -2.219221E-13   1.200000E+02  -9.008696E-02
  1.117500000000E+01   7.395517E+00   4.207230E-03   6.545837E+01  -3.481284E-17  -6.310875E-18  -9.818802E-14   1.200000E+02  -8.788009E-02
  1.118000000000E+01   7.395538E+00   4.174982E-03   6.545827E+01  -3.483279E-17  -8.043742E-19  -1.261154E-14   1.200000E+02  -8.568342E-02
  1.118500000000E+01   7.395558E+00   4.134354E-03   6.545613E+01  -3.481022E-17   9.531116E-18   1.508990E-13   1.200000E+02  -8.349619E-02
  1.119000000000E+01   7.395579E+00   4.081314E-03   6.545096E+01  -3.475496E-17   1.227447E-17   1.968425E-13   1.200000E+02  -8.131714E-02
  1.119500000000E+01   7.395599E+00   4.014136E-03   6.544223E+01  -3.467993E-17   1.648510E-17   2.687557E-13   1.200000E+02  -7.914468E-02
  1.120000000000E+01   7.395619E+00   3.934072E-03   6.543008E+01  -3.459339E-17   2.050356E-17   3.410079E-13   1.200000E+02  -7.697722E-02
  1.120500000000E+01   7.395639E+00   3.845264E-03   6.541533E+01  -3.449499E-17   2.082037E-17   3.541945E-13   1.200000E+02  -7.481346E-02
  1.121000000000E+01   7.395658E+00   3.753880E-03   6.539941E+01  -3.438548E-17   2.282854E-17   3.977146E-13   1.200000E+02  -7.265271E-02
  1.121500000000E+01   7.395676E+00   3.666738E-03   6.538401E+01  -3.427184E-17   2.279134E-17   4.064074E-13   1.200000E+02  -7.049495E-02
  1.122000000000E+01   7.395694E+00   3.589833E-03   6.537080E+01  -3.415956E-17   2.241322E-17   4.081444E-13   1.200000E+02  -6.834093E-02
  1.122500000000E+01   7.395712E+00   3.527132E-03   6.536101E+01  -3.405850E-17   1.976687E-17   3.662984E-13   1.200000E+02  -6.619188E-02
  1.123000000000E+01   7.395730E+00   3.479857E-03   6.535516E+01  -3.398231E-17   1.001233E-17   1.880415E-13   1.200000E+02  -6.404937E-02
  1.123500000000E+01   7.395747E+00   3.446315E-03   6.535294E+01  -3.393998E-17   4.010959E-18   7.606035E-14   1.200000E+02  -6.191489E-02
  1.124000000000E+01   7.395764E+00   3.422262E-03   6.535327E+01  -3.393897E-17  -2.546831E-18  -4.863559E-14   1.200000E+02  -5.978962E-02
  1.124500000000E+01   7.395781E+00   3.401729E-03   6.535450E+01  -3.396862E-17  -1.034151E-17  -1.986825E-13   1.200000E+02  -5.767416E-02
  1.125000000000E+01   7.395798E+00   3.378219E-03   6.535483E+01  -3.403967E-17  -1.674350E-17  -3.239188E-13   1.200000E+02  -5.556842E-02
  1.125500000000E+01   7.395815E+00   3.346066E-03   6.535260E+01  -3.413312E-17  -2.095049E-17  -4.091877E-13   1.200000E+02  -5.347164E-02
  1.126000000000E+01   7.395831E+00   3.301647E-03   6.534670E+01  -3.424577E-17  -2.446971E-17  -4.843082E-13   1.200000E+02  -5.138257E-02
  1.126500000000E+01   7.395848E+00   3.244126E-03   6.533673E+01  -3.436682E-17  -2.280325E-17  -4.592576E-13   1.200000E+02  -4.929970E-02
  1.127000000000E+01   7.395864E+00   3.175492E-03   6.532309E+01  -3.446556E-17  -1.767245E-17  -3.635404E-13   1.200000E+02  -4.722159E-02
  1.127500000000E+01   7.395880E+00   3.099923E-03   6.530685E+01  -3.452831E-17  -7.818145E-18  -1.647068E-13   1.200000E+02  -4.514719E-02
  1.128000000000E+01   7.395895E+00   3.022734E-03   6.528951E+01  -3.455324E-17  -1.052438E-18  -2.273212E-14   1.200000E+02  -4.307594E-02
  1.128500000000E+01   7.395910E+00   2.949256E-03   6.527274E+01  -3.453316E-17   8.966514E-18   1.984463E-13   1.200000E+02  -4.100788E-02
  1.129000000000E+01   7.395924E+00   2.883973E-03   6.525810E+01  -3.447221E-17   1.558240E-17   3.525962E-13   1.200000E+02  -3.894361E-02
  1.129500000000E+01   7.395939E+00   2.830043E-03   6.524681E+01  -3.438695E-17   1.741273E-17   4.014515E-13   1.200000E+02  -3.688412E-02
  1.130000000000E+01   7.395953E+00   2.789201E-03   6.523966E+01  -3.429718E-17   1.686780E-17   3.945392E-13   1.200000E+02  -3.483068E-02
  1.130500000000E+01   7.395967E+00   2.761915E-03   6.523701E+01  -3.422156E-17   1.271247E-17   3.002713E-13   1.200000E+02  -3.278463E-02
  1.131000000000E+01   7.395980E+00   2.747646E-03   6.523879E+01  -3.418128E-17   3.484540E-18   8.273526E-14   1.200000E+02  -3.074735E-02
  1.131500000000E+01   7.395994E+00   2.745085E-03   6.524461E+01  -3.417957E-17  -3.959681E-18  -9.411289E-14   1.200000E+02  -2.872009E-02
  1.132000000000E+01   7.396008E+00   2.752277E-03   6.525381E+01  -3.422702E-17  -1.336005E-17  -3.167537E-13   1.200000E+02  -2.670389E-02
  1.132500000000E+01   7.396022E+00   2.766607E-03   6.526544E+01  -3.431145E-17  -2.046957E-17  -4.828858E-13   1.200000E+02  -2.469958E-02
  1.133000000000E+01   7.396036E+00   2.784696E-03   6.527830E+01  -3.443123E-17  -2.496274E-17  -5.851717E-13   1.200000E+02  -2.270765E-02
  1.133500000000E+01   7.396049E+00   2.802302E-03   6.529092E+01  -3.456705E-17  -2.773635E-17  -6.462301E-13   1.200000E+02  -2.072815E-02
  1.134000000000E+01   7.396064E+00   2.814391E-03   6.530157E+01  -3.470121E-17  -2.552503E-17  -5.922505E-13   1.200000E+02  -1.876068E-02
  1.134500000000E+01   7.396078E+00   2.815517E-03   6.530844E+01  -3.481631E-17  -2.053220E-17  -4.762628E-13   1.200000E+02  -1.680421E-02
  1.135000000000E+01   7.396092E+00   2.800584E-03   6.530980E+01  -3.489272E-17  -1.130821E-17  -2.637081E-13   1.200000E+02  -1.485719E-02
  1.135500000000E+01   7.396106E+00   2.765917E-03   6.530427E+01  -3.492224E-17  -1.204847E-18  -2.844686E-14   1.200000E+02  -1.291755E-02
  1.136000000000E+01   7.396119E+00   2.710359E-03   6.529120E+01  -3.490996E-17   6.384191E-18   1.537920E-13   1.200000E+02  -1.098298E-02
  1.136500000000E+01   7.396133E+00   2.636001E-03   6.527090E+01  -3.486308E-17   1.183323E-17   2.930065E-13   1.200000E+02  -9.051243E-03
  1.137000000000E+01   7.396146E+00   2.548206E-03   6.524479E+01  -3.478681E-17   1.808892E-17   4.631524E-13   1.200000E+02  -7.120492E-03
  1.137500000000E+01   7.396158E+00   2.454826E-03   6.521535E+01  -3.469902E-17   1.717119E-17   4.561729E-13   1.200000E+02  -5.189633E-03
  1.138000000000E+01   7.396170E+00   2.364855E-03   6.518591E+01  -3.461583E-17   1.578436E-17   4.350869E-13   1.200000E+02  -3.258503E-03
  1.138500000000E+01   7.396182E+00   2.286945E-03   6.516015E+01  -3.454205E-17   1.385654E-17   3.948037E-13   1.200000E+02  -1.327909E-03
  1.139000000000E+01   7.396193E+00   2.228188E-03   6.514156E+01  -3.448147E-17   1.045093E-17   3.055350E-13   1.200000E+02   6.004863E-04
  1.139500000000E+01   7.396204E+00   2.193353E-03   6.513281E+01  -3.443407E-17   8.312689E-18   2.468498E-13   1.200000E+02   2.524377E-03
  1.140000000000E+01   7.396215E+00   2.184509E-03   6.513528E+01  -3.440018E-17   5.364048E-18   1.599393E-13   1.200000E+02   4.441099E-03
  1.140500000000E+01   7.396226E+00   2.200862E-03   6.514877E+01  -3.437819E-17   3.480868E-18   1.030388E-13   1.200000E+02   6.347928E-03
  1.141000000000E+01   7.396237E+00   2.238688E-03   6.517141E+01  -3.436308E-17   2.240766E-18   6.523192E-14   1.200000E+02   8.242399E-03
  1.141500000000E+01   7.396248E+00   2.291364E-03   6.519997E+01  -3.435246E-17   1.377601E-18   3.919915E-14   1.200000E+02   1.012262E-02
  1.142000000000E+01   7.396260E+00   2.349717E-03   6.523029E+01  -3.434673E-17  -6.923667E-19  -1.922073E-14   1.200000E+02   1.198756E-02
  1.142500000000E+01   7.396272E+00   2.402897E-03   6.525791E+01  -3.434820E-17  -3.070581E-19  -8.339088E-15   1.200000E+02   1.383731E-02
  1.143000000000E+01   7.396284E+00   2.439912E-03   6.527867E+01  -3.436255E-17  -4.594842E-18  -1.229328E-13   1.200000E+02   1.567313E-02
  1.143500000000E+01   7.396296E+00   2.451598E-03   6.528931E+01  -3.438470E-17  -5.447002E-18  -1.450609E-13   1.200000E+02   1.749741E-02
  1.144000000000E+01   7.396308E+00   2.432499E-03   6.528782E+01  -3.442517E-17  -8.351694E-18  -2.241579E-13   1.200000E+02   1.931333E-02
  1.144500000000E+01   7.396321E+00   2.381980E-03   6.527368E+01  -3.447460E-17  -1.130559E-17  -3.098084E-13   1.200000E+02   2.112436E-02
  1.145000000000E+01   7.396332E+00   2.304155E-03   6.524779E+01  -3.453249E-17  -1.143143E-17  -3.237090E-13   1.200000E+02   2.293381E-02
  1.145500000000E+01   7.396344E+00   2.206703E-03   6.521231E+01  -3.458625E-17  -1.076460E-17  -3.181147E-13   1.200000E+02   2.474427E-02
  1.146000000000E+01   7.396354E+00   2.099064E-03   6.517031E+01  -3.462794E-17  -6.218220E-18  -1.930590E-13   1.200000E+02   2.655741E-02
  1.146500000000E+01   7.396365E+00   1.990683E-03   6.512544E+01  -3.465088E-17  -2.831844E-18  -9.264412E-14   1.200000E+02   2.837383E-02
  1.147000000000E+01   7.396374E+00   1.889751E-03   6.508152E+01  -3.465268E-17   1.705912E-18   5.875025E-14   1.200000E+02   3.019316E-02
  1.147500000000E+01   7.396383E+00   1.802609E-03   6.504224E+01  -3.463173E-17   5.010170E-18   1.807783E-13   1.200000E+02   3.201427E-02
  1.148000000000E+01   7.396392E+00   1.733684E-03   6.501085E+01  -3.460311E-17   7.113381E-18   2.667423E-13   1.200000E+02   3.383542E-02
  1.148500000000E+01   7.396401E+00   1.685721E-03   6.498995E+01  -3.456491E-17   8.351056E-18   3.219600E-13   1.200000E+02   3.565452E-02
  1.149000000000E+01   7.396409E+00   1.660070E-03   6.498125E+01  -3.452653E-17   6.422324E-18   2.513934E-13   1.200000E+02   3.746926E-02
  1.149500000000E+01   7.396417E+00   1.656872E-03   6.498539E+01  -3.450437E-17   2.654592E-18   1.041177E-13   1.200000E+02   3.927725E-02
  1.150000000000E+01   7.396426E+00   1.675044E-03   6.500183E+01  -3.450070E-17  -1.276568E-18  -4.953854E-14   1.200000E+02   4.107616E-02
  1.150500000000E+01   7.396434E+00   1.712058E-03   6.502874E+01  -3.452561E-17  -7.454183E-18  -2.831306E-13   1.200000E+02   4.286390E-02
  1.151000000000E+01   7.396443E+00   1.763605E-03   6.506310E+01  -3.457836E-17  -1.279165E-17  -4.719110E-13   1.200000E+02   4.463870E-02
  1.151500000000E+01   7.396452E+00   1.823307E-03   6.510090E+01  -3.465860E-17  -1.867526E-17  -6.667974E-13   1.200000E+02   4.639941E-02
  1.152000000000E+01   7.396461E+00   1.882789E-03   6.513750E+01  -3.476069E-17  -2.209202E-17  -7.643018E-13   1.200000E+02   4.814569E-02
  1.152500000000E+01   7.396471E+00   1.932382E-03   6.516821E+01  -3.487410E-17  -2.258178E-17  -7.615544E-13   1.200000E+02   4.987816E-02
  1.153000000000E+01   7.396480E+00   1.962607E-03   6.518881E+01  -3.497774E-17  -1.871948E-17  -6.217754E-13   1.200000E+02   5.159852E-02
  1.153500000000E+01   7.396490E+00   1.966210E-03   6.519625E+01  -3.505174E-17  -1.182812E-17  -3.922008E-13   1.200000E+02   5.330937E-02
  1.154000000000E+01   7.396500E+00   1.940092E-03   6.518906E+01  -3.508616E-17  -2.201340E-18  -7.396725E-14   1.200000E+02   5.501389E-02
  1.154500000000E+01   7.396510E+00   1.886315E-03   6.516772E+01  -3.507398E-17   6.862844E-18   2.370950E-13   1.200000E+02   5.671529E-02
  1.155000000000E+01   7.396519E+00   1.811669E-03   6.513459E+01  -3.501925E-17   1.402888E-17   5.043775E-13   1.200000E+02   5.841629E-02
  1.155500000000E+01   7.396528E+00   1.725945E-03   6.509370E+01  -3.493258E-17   1.875509E-17   7.073447E-13   1.200000E+02   6.011865E-02
  1.156000000000E+01   7.396536E+00   1.639660E-03   6.505012E+01  -3.483339E-17   2.050150E-17   8.133545E-13   1.200000E+02   6.182304E-02
  1.156500000000E+01   7.396544E+00   1.562088E-03   6.500925E+01  -3.473397E-17   1.796030E-17   7.474519E-13   1.200000E+02   6.352901E-02
  1.157000000000E+01   7.396552E+00   1.500126E-03   6.497605E+01  -3.465322E-17   1.381998E-17   5.985947E-13   1.200000E+02   6.523524E-02
  1.157500000000E+01   7.396559E+00   1.457991E-03   6.495435E+01  -3.459864E-17   7.667473E-18   3.415905E-13   1.200000E+02   6.693980E-02
  1.158000000000E+01   7.396566E+00   1.437449E-03   6.494637E+01  -3.457628E-17   9.632718E-19   4.352224E-14   1.200000E+02   6.864048E-02
  1.158500000000E+01   7.396574E+00   1.438225E-03   6.495251E+01  -3.458793E-17  -5.709051E-18  -2.578297E-13   1.200000E+02   7.033498E-02
  1.159000000000E+01   7.396581E+00   1.458347E-03   6.497144E+01  -3.462803E-17  -1.026361E-17  -4.572584E-13   1.200000E+02   7.202112E-02
  1.159500000000E+01   7.396588E+00   1.494379E-03   6.500042E+01  -3.469021E-17  -1.425747E-17  -6.201515E-13   1.200000E+02   7.369705E-02
  1.160000000000E+01   7.396596E+00   1.541613E-03   6.503582E+01  -3.476668E-17  -1.571905E-17  -6.631372E-13   1.200000E+02   7.536137E-02
  1.160500000000E+01   7.396604E+00   1.594342E-03   6.507358E+01  -3.484591E-17  -1.507492E-17  -6.152877E-13   1.200000E+02   7.701322E-02
  1.161000000000E+01   7.396612E+00   1.646307E-03   6.510981E+01  -3.491273E-17  -1.065295E-17  -4.213136E-13   1.200000E+02   7.865244E-02
  1.161500000000E+01   7.396620E+00   1.691342E-03   6.514111E+01  -3.495546E-17  -5.704024E-18  -2.196874E-13   1.200000E+02   8.027953E-02
  1.162000000000E+01   7.396629E+00   1.724111E-03   6.516489E+01  -3.496739E-17   1.019827E-18   3.854563E-14   1.200000E+02   8.189561E-02
  1.162500000000E+01   7.396637E+00   1.740777E-03   6.517945E+01  -3.494654E-17   7.333242E-18   2.745767E-13   1.200000E+02   8.350230E-02
  1.163000000000E+01   7.396646E+00   1.739457E-03   6.518403E+01  -3.489704E-17   1.160418E-17   4.348525E-13   1.200000E+02   8.510154E-02
  1.163500000000E+01   7.396655E+00   1.720363E-03   6.517871E+01  -3.483457E-17   1.320593E-17   5.003281E-13   1.200000E+02   8.669534E-02
  1.164000000000E+01   7.396663E+00   1.685631E-03   6.516441E+01  -3.476954E-17   1.310853E-17   5.067594E-13   1.200000E+02   8.828557E-02
  1.164500000000E+01   7.396672E+00   1.638909E-03   6.514269E+01  -3.471005E-17   1.036304E-17   4.119056E-13   1.200000E+02   8.987378E-02
  1.165000000000E+01   7.396680E+00   1.584799E-03   6.511572E+01  -3.466901E-17   6.763771E-18   2.779077E-13   1.200000E+02   9.146105E-02
  1.165500000000E+01   7.396687E+00   1.528253E-03   6.508610E+01  -3.464589E-17   1.812595E-18   7.719583E-14   1.200000E+02   9.304796E-02
  1.166000000000E+01   7.396695E+00   1.474019E-03   6.505668E+01  -3.464842E-17  -3.265219E-18  -1.441123E-13   1.200000E+02   9.463451E-02
  1.166500000000E+01   7.396702E+00   1.426190E-03   6.503027E+01  -3.467630E-17  -7.075686E-18  -3.226314E-13   1.200000E+02   9.622027E-02
  1.167000000000E+01   7.396709E+00   1.387889E-03   6.500939E+01  -3.472556E-17  -1.128220E-17  -5.284639E-13   1.200000E+02   9.780438E-02
  1.167500000000E+01   7.396716E+00   1.361082E-03   6.499591E+01  -3.478718E-17  -1.297248E-17  -6.194765E-13   1.200000E+02   9.938571E-02
  1.168000000000E+01   7.396723E+00   1.346497E-03   6.499079E+01  -3.485342E-17  -1.288974E-17  -6.221435E-13   1.200000E+02   1.009630E-01
  1.168500000000E+01   7.396729E+00   1.343600E-03   6.499394E+01  -3.491719E-17  -1.164083E-17  -5.631019E-13   1.200000E+02   1.025350E-01
  1.169000000000E+01   7.396736E+00   1.350632E-03   6.500414E+01  -3.497316E-17  -1.007404E-17  -4.848502E-13   1.200000E+02   1.041006E-01
  1.169500000000E+01   7.396743E+00   1.364740E-03   6.501928E+01  -3.501600E-17  -6.882601E-18  -3.279026E-13   1.200000E+02   1.056588E-01
  1.170000000000E+01   7.396750E+00   1.382246E-03   6.503666E+01  -3.504141E-17  -2.954428E-18  -1.390101E-13   1.200000E+02   1.072092E-01
  1.170500000000E+01   7.396757E+00   1.399116E-03   6.505342E+01  -3.504430E-17   1.212078E-18   5.635689E-14   1.200000E+02   1.087516E-01
  1.171000000000E+01   7.396764E+00   1.411602E-03   6.506704E+01  -3.502502E-17   5.929247E-18   2.733054E-13   1.200000E+02   1.102864E-01
  1.171500000000E+01   7.396771E+00   1.416929E-03   6.507572E+01  -3.498487E-17   1.026469E-17   4.714296E-13   1.200000E+02   1.118143E-01
  1.172000000000E+01   7.396778E+00   1.413811E-03   6.507865E+01  -3.492907E-17   1.231887E-17   5.670457E-13   1.200000E+02   1.133362E-01
  1.172500000000E+01   7.396785E+00   1.402627E-03   6.507606E+01  -3.486082E-17   1.409066E-17   6.537477E-13   1.200000E+02   1.148530E-01
  1.173000000000E+01   7.396792E+00   1.385169E-03   6.506905E+01  -3.478908E-17   1.452080E-17   6.821227E-13   1.200000E+02   1.163656E-01
  1.173500000000E+01   7.396799E+00   1.364055E-03   6.505931E+01  -3.472142E-17   1.292675E-17   6.165479E-13   1.200000E+02   1.178745E-01
  1.174000000000E+01   7.396806E+00   1.342040E-03   6.504868E+01  -3.466437E-17   9.539463E-18   4.623779E-13   1.200000E+02   1.193801E-01
  1.174500000000E+01   7.396812E+00   1.321402E-03   6.503878E+01  -3.461959E-17   7.804328E-18   3.841253E-13   1.200000E+02   1.208822E-01
  1.175000000000E+01   7.396819E+00   1.303572E-03   6.503071E+01  -3.458862E-17   3.720850E-18   1.856203E-13   1.200000E+02   1.223808E-01
  1.175500000000E+01   7.396825E+00   1.289020E-03   6.502489E+01  -3.457648E-17   9.504046E-19   4.794336E-14   1.200000E+02   1.238755E-01
  1.176000000000E+01   7.396832E+00   1.277375E-03   6.502112E+01  -3.457794E-17  -1.689249E-18  -8.598642E-14   1.200000E+02   1.253660E-01
  1.176500000000E+01   7.396838E+00   1.267713E-03   6.501876E+01  -3.459230E-17  -3.985860E-18  -2.044276E-13   1.200000E+02   1.268521E-01
  1.177000000000E+01   7.396844E+00   1.258927E-03   6.501699E+01  -3.461777E-17  -5.537682E-18  -2.859923E-13   1.200000E+02   1.283336E-01
  1.177500000000E+01   7.396851E+00   1.250081E-03   6.501512E+01  -3.464946E-17  -7.294558E-18  -3.793806E-13   1.200000E+02   1.298106E-01
  1.178000000000E+01   7.396857E+00   1.240681E-03   6.501276E+01  -3.468920E-17  -8.582502E-18  -4.497304E-13   1.200000E+02   1.312831E-01
  1.178500000000E+01   7.396863E+00   1.230784E-03   6.500993E+01  -3.473691E-17  -1.021970E-17  -5.398035E-13   1.200000E+02   1.327512E-01
  1.179000000000E+01   7.396869E+00   1.220938E-03   6.500708E+01  -3.479020E-17  -1.061100E-17  -5.649677E-13   1.200000E+02   1.342149E-01
  1.179500000000E+01   7.396875E+00   1.211987E-03   6.500485E+01  -3.484408E-17  -1.098092E-17  -5.889607E-13   1.200000E+02   1.356744E-01
  1.180000000000E+01   7.396881E+00   1.204828E-03   6.500399E+01  -3.489780E-17  -1.056320E-17  -5.699153E-13   1.200000E+02   1.371294E-01
  1.180500000000E+01   7.396887E+00   1.200179E-03   6.500509E+01  -3.494596E-17  -8.791272E-18  -4.761602E-13   1.200000E+02   1.385797E-01
  1.181000000000E+01   7.396893E+00   1.198439E-03   6.500849E+01  -3.498457E-17  -6.108264E-18  -3.313384E-13   1.200000E+02   1.400252E-01
  1.181500000000E+01   7.396899E+00   1.199650E-03   6.501423E+01  -3.500970E-17  -3.353518E-18  -1.817416E-13   1.200000E+02   1.414654E-01
  1.182000000000E+01   7.396905E+00   1.203550E-03   6.502210E+01  -3.501802E-17   3.698060E-19   1.997887E-14   1.200000E+02   1.429002E-01
  1.182500000000E+01   7.396911E+00   1.209691E-03   6.503173E+01  -3.500485E-17   5.001827E-18   2.688929E-13   1.200000E+02   1.443293E-01
  1.183000000000E+01   7.396917E+00   1.217566E-03   6.504268E+01  -3.497274E-17   8.233302E-18   4.398249E-13   1.200000E+02   1.457524E-01
  1.183500000000E+01   7.396924E+00   1.226693E-03   6.505455E+01  -3.492555E-17   1.034177E-17   5.484495E-13   1.200000E+02   1.471696E-01
  1.184000000000E+01   7.396930E+00   1.236630E-03   6.506697E+01  -3.486910E-17   1.201560E-17   6.322172E-13   1.200000E+02   1.485807E-01
  1.184500000000E+01   7.396936E+00   1.246912E-03   6.507958E+01  -3.481271E-17   1.075499E-17   5.613307E-13   1.200000E+02   1.499857E-01
  1.185000000000E+01   7.396942E+00   1.256937E-03   6.509190E+01  -3.476053E-17   9.624674E-18   4.984248E-13   1.200000E+02   1.513846E-01
  1.185500000000E+01   7.396949E+00   1.265853E-03   6.510331E+01  -3.471752E-17   7.015089E-18   3.607888E-13   1.200000E+02   1.527776E-01
  1.186000000000E+01   7.396955E+00   1.272523E-03   6.511295E+01  -3.469024E-17   3.104879E-18   1.588717E-13   1.200000E+02   1.541648E-01
  1.186500000000E+01   7.396961E+00   1.275613E-03   6.511986E+01  -3.468053E-17   2.609933E-19   1.332367E-14   1.200000E+02   1.555467E-01
  1.187000000000E+01   7.396968E+00   1.273833E-03   6.512309E+01  -3.468812E-17  -3.117213E-18  -1.593636E-13   1.200000E+02   1.569236E-01
  1.187500000000E+01   7.396974E+00   1.266273E-03   6.512192E+01  -3.471380E-17  -6.731008E-18  -3.461624E-13   1.200000E+02   1.582962E-01
  1.188000000000E+01   7.396980E+00   1.252767E-03   6.511617E+01  -3.475459E-17  -9.766816E-18  -5.076585E-13   1.200000E+02   1.596652E-01
  1.188500000000E+01   7.396987E+00   1.234119E-03   6.510630E+01  -3.480562E-17  -1.028138E-17  -5.423970E-13   1.200000E+02   1.610313E-01
  1.189000000000E+01   7.396993E+00   1.212125E-03   6.509356E+01  -3.485888E-17  -1.073693E-17  -5.765950E-13   1.200000E+02   1.623948E-01
  1.189500000000E+01   7.396999E+00   1.189329E-03   6.507985E+01  -3.491225E-17  -1.049908E-17  -5.745072E-13   1.200000E+02   1.637561E-01
  1.190000000000E+01   7.397005E+00   1.168608E-03   6.506748E+01  -3.495858E-17  -8.369723E-18  -4.660218E-13   1.200000E+02   1.651152E-01
  1.190500000000E+01   7.397010E+00   1.152680E-03   6.505880E+01  -3.499508E-17  -6.402191E-18  -3.613482E-13   1.200000E+02   1.664716E-01
  1.191000000000E+01   7.397016E+00   1.143674E-03   6.505576E+01  -3.501748E-17  -3.302163E-18  -1.878374E-13   1.200000E+02   1.678248E-01
  1.191500000000E+01   7.397022E+00   1.142804E-03   6.505950E+01  -3.502611E-17  -3.799327E-20  -2.162946E-15   1.200000E+02   1.691739E-01
  1.192000000000E+01   7.397027E+00   1.150182E-03   6.507014E+01  -3.501935E-17   2.823725E-18   1.597488E-13   1.200000E+02   1.705181E-01
  1.192500000000E+01   7.397033E+00   1.164746E-03   6.508666E+01  -3.499819E-17   5.674986E-18   3.171213E-13   1.200000E+02   1.718566E-01
  1.193000000000E+01   7.397039E+00   1.184331E-03   6.510708E+01  -3.496188E-17   8.842043E-18   4.860802E-13   1.200000E+02   1.731887E-01
  1.193500000000E+01   7.397045E+00   1.205883E-03   6.512879E+01  -3.491110E-17   1.135153E-17   6.130872E-13   1.200000E+02   1.745141E-01
  1.194000000000E+01   7.397051E+00   1.225877E-03   6.514895E+01  -3.484835E-17   1.367819E-17   7.269240E-13   1.200000E+02   1.758328E-01
  1.194500000000E+01   7.397057E+00   1.240871E-03   6.516497E+01  -3.478035E-17   1.370263E-17   7.196005E-13   1.200000E+02   1.771451E-01
  1.195000000000E+01   7.397064E+00   1.248124E-03   6.517490E+01  -3.471343E-17   1.278583E-17   6.676543E-13   1.200000E+02   1.784519E-01
  1.195500000000E+01   7.397070E+00   1.246091E-03   6.517765E+01  -3.465735E-17   1.003844E-17   5.250672E-13   1.200000E+02   1.797540E-01
  1.196000000000E+01   7.397076E+00   1.234649E-03   6.517310E+01  -3.461855E-17   5.656348E-18   2.985801E-13   1.200000E+02   1.810526E-01
  1.196500000000E+01   7.397082E+00   1.214989E-03   6.516199E+01  -3.460384E-17   1.178008E-20   6.317865E-16   1.200000E+02   1.823486E-01
  1.197000000000E+01   7.397088E+00   1.189234E-03   6.514571E+01  -3.461905E-17  -6.271881E-18  -3.435708E-13   1.200000E+02   1.836429E-01
  1.197500000000E+01   7.397094E+00   1.159951E-03   6.512606E+01  -3.466348E-17  -1.150078E-17  -6.457170E-13   1.200000E+02   1.849359E-01
  1.198000000000E+01   7.397100E+00   1.129699E-03   6.510498E+01  -3.473381E-17  -1.633314E-17  -9.412850E-13   1.200000E+02   1.862280E-01
  1.198500000000E+01   7.397105E+00   1.100728E-03   6.508432E+01  -3.482385E-17  -1.862252E-17  -1.101120E-12   1.200000E+02   1.875191E-01
  1.199000000000E+01   7.397111E+00   1.074849E-03   6.506575E+01  -3.491944E-17  -1.937990E-17  -1.173158E-12   1.200000E+02   1.888089E-01
  1.199500000000E+01   7.397116E+00   1.053429E-03   6.505070E+01  -3.501296E-17  -1.709738E-17  -1.055787E-12   1.200000E+02   1.900972E-01
  1.200000000000E+01   7.397121E+00   1.037452E-03   6.504029E+01  -3.509296E-17  -1.375869E-17  -8.625641E-13   1.200000E+02   1.913834E-01
  1.200500000000E+01   7.397127E+00   1.027580E-03   6.503537E+01  -3.514889E-17  -8.388388E-18  -5.308998E-13   1.200000E+02   1.926669E-01
  1.201000000000E+01   7.397132E+00   1.024170E-03   6.503642E+01  -3.517317E-17  -1.781787E-18  -1.131463E-13   1.200000E+02   1.939469E-01
  1.201500000000E+01   7.397137E+00   1.027244E-03   6.504353E+01  -3.516389E-17   5.208374E-18   3.297862E-13   1.200000E+02   1.952229E-01
  1.202000000000E+01   7.397142E+00   1.036400E-03   6.505627E+01  -3.512162E-17   1.154608E-17   7.247638E-13   1.200000E+02   1.964942E-01
  1.202500000000E+01   7.397147E+00   1.050707E-03   6.507363E+01  -3.504749E-17   1.721721E-17   1.066317E-12   1.200000E+02   1.977601E-01
  1.203000000000E+01   7.397152E+00   1.068631E-03   6.509404E+01  -3.495382E-17   1.991109E-17   1.212854E-12   1.200000E+02   1.990203E-01
  1.203500000000E+01   7.397158E+00   1.088043E-03   6.511548E+01  -3.485180E-17   2.058598E-17   1.231997E-12   1.200000E+02   2.002745E-01
  1.204000000000E+01   7.397163E+00   1.106381E-03   6.513567E+01  -3.475385E-17   1.819394E-17   1.071127E-12   1.200000E+02   2.015226E-01
  1.204500000000E+01   7.397169E+00   1.120975E-03   6.515237E+01  -3.467057E-17   1.543477E-17   8.970866E-13   1.200000E+02   2.027650E-01
  1.205000000000E+01   7.397175E+00   1.129523E-03   6.516376E+01  -3.460710E-17   9.784676E-18   5.644918E-13   1.200000E+02   2.040022E-01
  1.205500000000E+01   7.397180E+00   1.130582E-03   6.516875E+01  -3.457318E-17   3.524483E-18   2.031575E-13   1.200000E+02   2.052350E-01
  1.206000000000E+01   7.397186E+00   1.123933E-03   6.516716E+01  -3.456947E-17  -2.220552E-18  -1.287507E-13   1.200000E+02   2.064644E-01
  1.206500000000E+01   7.397191E+00   1.110659E-03   6.515982E+01  -3.459271E-17  -7.368219E-18  -4.322765E-13   1.200000E+02   2.076909E-01
  1.207000000000E+01   7.397197E+00   1.092914E-03   6.514842E+01  -3.463908E-17  -1.129099E-17  -6.730539E-13   1.200000E+02   2.089155E-01
  1.207500000000E+01   7.397202E+00   1.073446E-03   6.513522E+01  -3.469866E-17  -1.280174E-17  -7.767923E-13   1.200000E+02   2.101382E-01
  1.208000000000E+01   7.397208E+00   1.055045E-03   6.512267E+01  -3.476495E-17  -1.410843E-17  -8.708428E-13   1.200000E+02   2.113593E-01
  1.208500000000E+01   7.397213E+00   1.040072E-03   6.511299E+01  -3.483599E-17  -1.408214E-17  -8.816022E-13   1.200000E+02   2.125785E-01
  1.209000000000E+01   7.397218E+00   1.030150E-03   6.510783E+01  -3.490442E-17  -1.289060E-17  -8.147151E-13   1.200000E+02   2.137953E-01
  1.209500000000E+01   7.397223E+00   1.026045E-03   6.510802E+01  -3.496565E-17  -1.147057E-17  -7.278684E-13   1.200000E+02   2.150091E-01
  1.210000000000E+01   7.397228E+00   1.027706E-03   6.511358E+01  -3.501726E-17  -9.037667E-18  -5.726103E-13   1.200000E+02   2.162194E-01
  1.210500000000E+01   7.397233E+00   1.034410E-03   6.512382E+01  -3.505653E-17  -6.554577E-18  -4.126594E-13   1.200000E+02   2.174256E-01
  1.211000000000E+01   7.397239E+00   1.044989E-03   6.513758E+01  -3.508441E-17  -3.836409E-18  -2.391359E-13   1.200000E+02   2.186271E-01
  1.211500000000E+01   7.397244E+00   1.058083E-03   6.515350E+01  -3.509763E-17  -1.579558E-18  -9.726438E-14   1.200000E+02   2.198237E-01
  1.212000000000E+01   7.397249E+00   1.072390E-03   6.517034E+01  -3.509813E-17   1.234132E-18   7.499961E-14   1.200000E+02   2.210153E-01
  1.212500000000E+01   7.397255E+00   1.086858E-03   6.518714E+01  -3.508360E-17   4.372138E-18   2.622304E-13   1.200000E+02   2.222016E-01
  1.213000000000E+01   7.397260E+00   1.100774E-03   6.520327E+01  -3.505451E-17   7.187793E-18   4.257619E-13   1.200000E+02   2.233829E-01
  1.213500000000E+01   7.397266E+00   1.113742E-03   6.521842E+01  -3.501298E-17   1.000834E-17   5.860677E-13   1.200000E+02   2.245592E-01
  1.214000000000E+01   7.397271E+00   1.125570E-03   6.523244E+01  -3.495348E-17   1.362003E-17   7.893494E-13   1.200000E+02   2.257307E-01
  1.214500000000E+01   7.397277E+00   1.136119E-03   6.524527E+01  -3.487783E-17   1.602156E-17   9.200889E-13   1.200000E+02   2.268974E-01
  1.215000000000E+01   7.397283E+00   1.145183E-03   6.525675E+01  -3.479067E-17   1.822938E-17   1.038777E-12   1.200000E+02   2.280597E-01
  1.215500000000E+01   7.397288E+00   1.152443E-03   6.526665E+01  -3.469776E-17   1.872410E-17   1.060408E-12   1.200000E+02   2.292176E-01
  1.216000000000E+01   7.397294E+00   1.157518E-03   6.527470E+01  -3.460953E-17   1.639010E-17   9.242696E-13   1.200000E+02   2.303714E-01
  1.216500000000E+01   7.397300E+00   1.160094E-03   6.528064E+01  -3.453622E-17   1.248023E-17   7.022858E-13   1.200000E+02   2.315215E-01
  1.217000000000E+01   7.397306E+00   1.160069E-03   6.528443E+01  -3.448857E-17   6.144768E-18   3.458049E-13   1.200000E+02   2.326680E-01
  1.217500000000E+01   7.397312E+00   1.157666E-03   6.528623E+01  -3.447768E-17  -1.610664E-18  -9.083287E-14   1.200000E+02   2.338113E-01
  1.218000000000E+01   7.397317E+00   1.153439E-03   6.528650E+01  -3.450364E-17  -9.677073E-18  -5.477377E-13   1.200000E+02   2.349517E-01
  1.218500000000E+01   7.397323E+00   1.148175E-03   6.528588E+01  -3.456899E-17  -1.626754E-17  -9.249819E-13   1.200000E+02   2.360892E-01
  1.219000000000E+01   7.397329E+00   1.142702E-03   6.528505E+01  -3.466511E-17  -2.176131E-17  -1.243271E-12   1.200000E+02   2.372241E-01
  1.219500000000E+01   7.397334E+00   1.137679E-03   6.528458E+01  -3.478448E-17  -2.506032E-17  -1.438061E-12   1.200000E+02   2.383562E-01
  1.220000000000E+01   7.397340E+00   1.133414E-03   6.528472E+01  -3.491214E-17  -2.518509E-17  -1.450662E-12   1.200000E+02   2.394856E-01
  1.220500000000E+01   7.397346E+00   1.129789E-03   6.528538E+01  -3.503330E-17  -2.267171E-17  -1.310095E-12   1.200000E+02   2.406121E-01
  1.221000000000E+01   7.397351E+00   1.126309E-03   6.528614E+01  -3.513400E-17  -1.749875E-17  -1.014310E-12   1.200000E+02   2.417358E-01
  1.221500000000E+01   7.397357E+00   1.122286E-03   6.528642E+01  -3.520541E-17  -1.037055E-17  -6.032831E-13   1.200000E+02   2.428567E-01
  1.222000000000E+01   7.397363E+00   1.117105E-03   6.528569E+01  -3.523684E-17  -1.896475E-18  -1.108335E-13   1.200000E+02   2.439749E-01
  1.222500000000E+01   7.397368E+00   1.110516E-03   6.528371E+01  -3.522333E-17   7.188444E-18   4.225858E-13   1.200000E+02   2.450905E-01
  1.223000000000E+01   7.397374E+00   1.102833E-03   6.528073E+01  -3.516877E-17   1.466967E-17   8.683512E-13   1.200000E+02   2.462038E-01
  1.223500000000E+01   7.397379E+00   1.094996E-03   6.527757E+01  -3.508146E-17   1.999780E-17   1.192157E-12   1.200000E+02   2.473147E-01
  1.224000000000E+01   7.397385E+00   1.088437E-03   6.527548E+01  -3.497254E-17   2.332586E-17   1.398893E-12   1.200000E+02   2.484233E-01
  1.224500000000E+01   7.397390E+00   1.084800E-03   6.527593E+01  -3.485431E-17   2.377902E-17   1.430861E-12   1.200000E+02   2.495294E-01
  1.225000000000E+01   7.397396E+00   1.085580E-03   6.528028E+01  -3.473899E-17   2.214286E-17   1.331538E-12   1.200000E+02   2.506325E-01
  1.225500000000E+01   7.397401E+00   1.091757E-03   6.528937E+01  -3.463890E-17   1.774024E-17   1.060904E-12   1.200000E+02   2.517321E-01
  1.226000000000E+01   7.397407E+00   1.103496E-03   6.530327E+01  -3.456481E-17   1.149840E-17   6.804586E-13   1.200000E+02   2.528277E-01
  1.226500000000E+01   7.397412E+00   1.119955E-03   6.532110E+01  -3.452632E-17   3.837690E-18   2.238323E-13   1.200000E+02   2.539187E-01
  1.227000000000E+01   7.397418E+00   1.139256E-03   6.534111E+01  -3.452780E-17  -4.454748E-18  -2.554984E-13   1.200000E+02   2.550047E-01
  1.227500000000E+01   7.397423E+00   1.158643E-03   6.536089E+01  -3.456630E-17  -1.104210E-17  -6.229024E-13   1.200000E+02   2.560856E-01
  1.228000000000E+01   7.397429E+00   1.174885E-03   6.537782E+01  -3.463552E-17  -1.660507E-17  -9.240082E-13   1.200000E+02   2.571615E-01
  1.228500000000E+01   7.397435E+00   1.184882E-03   6.538951E+01  -3.472719E-17  -1.964683E-17  -1.084240E-12   1.200000E+02   2.582329E-01
  1.229000000000E+01   7.397441E+00   1.186347E-03   6.539424E+01  -3.483087E-17  -2.132131E-17  -1.175281E-12   1.200000E+02   2.593008E-01
  1.229500000000E+01   7.397447E+00   1.178368E-03   6.539129E+01  -3.493668E-17  -2.070733E-17  -1.149114E-12   1.200000E+02   2.603661E-01
  1.230000000000E+01   7.397453E+00   1.161657E-03   6.538111E+01  -3.503378E-17  -1.767246E-17  -9.946523E-13   1.200000E+02   2.614299E-01
  1.230500000000E+01   7.397459E+00   1.138392E-03   6.536521E+01  -3.511084E-17  -1.265809E-17  -7.268136E-13   1.200000E+02   2.624929E-01
  1.231000000000E+01   7.397464E+00   1.111722E-03   6.534597E+01  -3.516020E-17  -7.152138E-18  -4.203959E-13   1.200000E+02   2.635558E-01
  1.231500000000E+01   7.397470E+00   1.085146E-03   6.532627E+01  -3.518233E-17  -1.792184E-18  -1.078903E-13   1.200000E+02   2.646187E-01
  1.232000000000E+01   7.397475E+00   1.061945E-03   6.530905E+01  -3.517689E-17   3.683334E-18   2.265231E-13   1.200000E+02   2.656814E-01
  1.232500000000E+01   7.397480E+00   1.044818E-03   6.529696E+01  -3.514411E-17   8.825155E-18   5.515371E-13   1.200000E+02   2.667435E-01
  1.233000000000E+01   7.397486E+00   1.035723E-03   6.529208E+01  -3.508640E-17   1.390467E-17   8.765516E-13   1.200000E+02   2.678041E-01
  1.233500000000E+01   7.397491E+00   1.035881E-03   6.529574E+01  -3.500784E-17   1.740055E-17   1.096826E-12   1.200000E+02   2.688624E-01
  1.234000000000E+01   7.397496E+00   1.045852E-03   6.530843E+01  -3.491655E-17   1.901430E-17   1.187352E-12   1.200000E+02   2.699172E-01
  1.234500000000E+01   7.397501E+00   1.065610E-03   6.532988E+01  -3.481857E-17   1.937637E-17   1.187917E-12   1.200000E+02   2.709677E-01
  1.235000000000E+01   7.397507E+00   1.094577E-03   6.535909E+01  -3.472403E-17   1.805465E-17   1.078075E-12   1.200000E+02   2.720126E-01
  1.235500000000E+01   7.397512E+00   1.131587E-03   6.539446E+01  -3.464290E-17   1.411631E-17   8.157819E-13   1.200000E+02   2.730512E-01
  1.236000000000E+01   7.397518E+00   1.174804E-03   6.543386E+01  -3.458272E-17   8.742326E-18   4.869274E-13   1.200000E+02   2.740827E-01
  1.236500000000E+01   7.397524E+00   1.221625E-03   6.547477E+01  -3.455943E-17   6.300809E-19   3.377011E-14   1.200000E+02   2.751065E-01
  1.237000000000E+01   7.397530E+00   1.268659E-03   6.551441E+01  -3.457552E-17  -7.581914E-18  -3.915351E-13   1.200000E+02   2.761224E-01
  1.237500000000E+01   7.397537E+00   1.311863E-03   6.554990E+01  -3.463490E-17  -1.652781E-17  -8.258459E-13   1.200000E+02   2.771308E-01
  1.238000000000E+01   7.397543E+00   1.346922E-03   6.557854E+01  -3.473436E-17  -2.324606E-17  -1.131797E-12   1.200000E+02   2.781322E-01
  1.238500000000E+01   7.397550E+00   1.369897E-03   6.559808E+01  -3.486346E-17  -2.759755E-17  -1.321520E-12   1.200000E+02   2.791278E-01
  1.239000000000E+01   7.397557E+00   1.378018E-03   6.560704E+01  -3.500303E-17  -2.757402E-17  -1.312791E-12   1.200000E+02   2.801190E-01
  1.239500000000E+01   7.397564E+00   1.370413E-03   6.560501E+01  -3.513314E-17  -2.373112E-17  -1.136067E-12   1.200000E+02   2.811077E-01
  1.240000000000E+01   7.397571E+00   1.348495E-03   6.559280E+01  -3.523851E-17  -1.765929E-17  -8.589743E-13   1.200000E+02   2.820954E-01
  1.240500000000E+01   7.397577E+00   1.315828E-03   6.557254E+01  -3.530618E-17  -9.337997E-18  -4.653465E-13   1.200000E+02   2.830835E-01
  1.241000000000E+01   7.397584E+00   1.277503E-03   6.554744E+01  -3.532952E-17  -3.535692E-20  -1.814129E-15   1.200000E+02   2.840729E-01
  1.241500000000E+01   7.397590E+00   1.239228E-03   6.552153E+01  -3.530838E-17   8.229069E-18   4.350943E-13   1.200000E+02   2.850640E-01
  1.242000000000E+01   7.397596E+00   1.206459E-03   6.549909E+01  -3.525295E-17   1.376154E-17   7.471190E-13   1.200000E+02   2.860564E-01
  1.242500000000E+01   7.397602E+00   1.183759E-03   6.548415E+01  -3.517473E-17   1.695076E-17   9.376958E-13   1.200000E+02   2.870493E-01
  1.243000000000E+01   7.397608E+00   1.174481E-03   6.547988E+01  -3.508692E-17   1.687600E-17   9.408737E-13   1.200000E+02   2.880414E-01
  1.243500000000E+01   7.397614E+00   1.180669E-03   6.548821E+01  -3.500462E-17   1.600982E-17   8.880170E-13   1.200000E+02   2.890311E-01
  1.244000000000E+01   7.397620E+00   1.203059E-03   6.550951E+01  -3.493588E-17   1.172205E-17   6.382943E-13   1.200000E+02   2.900168E-01
  1.244500000000E+01   7.397626E+00   1.241052E-03   6.554261E+01  -3.489006E-17   6.475691E-18   3.419950E-13   1.200000E+02   2.909966E-01
  1.245000000000E+01   7.397632E+00   1.292635E-03   6.558493E+01  -3.487137E-17   5.873301E-19   2.979960E-14   1.200000E+02   2.919690E-01
  1.245500000000E+01   7.397639E+00   1.354285E-03   6.563285E+01  -3.488536E-17  -5.674351E-18  -2.749967E-13   1.200000E+02   2.929328E-01
  1.246000000000E+01   7.397646E+00   1.420990E-03   6.568217E+01  -3.492772E-17  -1.103554E-17  -5.100939E-13   1.200000E+02   2.938871E-01
  1.246500000000E+01   7.397653E+00   1.486524E-03   6.572859E+01  -3.499216E-17  -1.412019E-17  -6.243427E-13   1.200000E+02   2.948318E-01
  1.247000000000E+01   7.397661E+00   1.544064E-03   6.576815E+01  -3.506367E-17  -1.351124E-17  -5.755003E-13   1.200000E+02   2.957673E-01
  1.247500000000E+01   7.397669E+00   1.587141E-03   6.579764E+01  -3.512302E-17  -1.009483E-17  -4.184982E-13   1.200000E+02   2.966950E-01
  1.248000000000E+01   7.397677E+00   1.610728E-03   6.581486E+01  -3.516020E-17  -3.989662E-18  -1.630188E-13   1.200000E+02   2.976166E-01
  1.248500000000E+01   7.397685E+00   1.612188E-03   6.581877E+01  -3.516093E-17   3.744441E-18   1.528696E-13   1.200000E+02   2.985346E-01
  1.249000000000E+01   7.397693E+00   1.591796E-03   6.580959E+01  -3.512672E-17   8.908251E-18   3.682937E-13   1.200000E+02   2.994513E-01
  1.249500000000E+01   7.397701E+00   1.552668E-03   6.578874E+01  -3.507222E-17   1.289830E-17   5.465196E-13   1.200000E+02   3.003690E-01
  1.250000000000E+01   7.397708E+00   1.500134E-03   6.575875E+01  -3.500696E-17   1.289846E-17   5.654072E-13   1.200000E+02   3.012894E-01
  1.250500000000E+01   7.397716E+00   1.440766E-03   6.572305E+01  -3.494803E-17   1.043574E-17   4.760447E-13   1.200000E+02   3.022136E-01
  1.251000000000E+01   7.397723E+00   1.381342E-03   6.568569E+01  -3.490673E-17   6.294095E-18   2.992974E-13   1.200000E+02   3.031421E-01
  1.251500000000E+01   7.397729E+00   1.328010E-03   6.565098E+01  -3.488549E-17   2.124404E-18   1.050212E-13   1.200000E+02   3.040744E-01
  1.252000000000E+01   7.397736E+00   1.285765E-03   6.562305E+01  -3.488507E-17  -1.688281E-18  -8.616672E-14   1.200000E+02   3.050096E-01
  1.252500000000E+01   7.397742E+00   1.258231E-03   6.560537E+01  -3.490408E-17  -5.873986E-18  -3.062753E-13   1.200000E+02   3.059463E-01
  1.253000000000E+01   7.397748E+00   1.247649E-03   6.560037E+01  -3.493927E-17  -7.931046E-18  -4.170080E-13   1.200000E+02   3.068828E-01
  1.253500000000E+01   7.397755E+00   1.254921E-03   6.560905E+01  -3.498191E-17  -8.564595E-18  -4.477691E-13   1.200000E+02   3.078172E-01
  1.254000000000E+01   7.397761E+00   1.279603E-03   6.563083E+01  -3.502539E-17  -8.047781E-18  -4.127707E-13   1.200000E+02   3.087475E-01
  1.254500000000E+01   7.397768E+00   1.319806E-03   6.566359E+01  -3.506093E-17  -6.192958E-18  -3.081149E-13   1.200000E+02   3.096720E-01
  1.255000000000E+01   7.397774E+00   1.372068E-03   6.570392E+01  -3.508455E-17  -3.459846E-18  -1.656809E-13   1.200000E+02   3.105892E-01
  1.255500000000E+01   7.397781E+00   1.431340E-03   6.574753E+01  -3.509682E-17  -1.569108E-18  -7.207582E-14   1.200000E+02   3.114980E-01
  1.256000000000E+01   7.397789E+00   1.491284E-03   6.578990E+01  -3.509870E-17   2.062917E-19   9.100822E-15   1.200000E+02   3.123981E-01
  1.256500000000E+01   7.397796E+00   1.545012E-03   6.582684E+01  -3.509628E-17   4.984246E-19   2.123590E-14   1.200000E+02   3.132898E-01
  1.257000000000E+01   7.397804E+00   1.586213E-03   6.585503E+01  -3.509305E-17   2.542083E-20   1.055400E-15   1.200000E+02   3.141741E-01
  1.257500000000E+01   7.397812E+00   1.610388E-03   6.587247E+01  -3.509413E-17  -3.481323E-19  -1.424026E-14   1.200000E+02   3.150527E-01
  1.258000000000E+01   7.397820E+00   1.615749E-03   6.587856E+01  -3.509759E-17  -1.045904E-18  -4.264439E-14   1.200000E+02   3.159276E-01
  1.258500000000E+01   7.397828E+00   1.603448E-03   6.587412E+01  -3.510238E-17  -9.443097E-19  -3.879488E-14   1.200000E+02   3.168007E-01
  1.259000000000E+01   7.397836E+00   1.577059E-03   6.586108E+01  -3.510718E-17  -9.866073E-19  -4.120267E-14   1.200000E+02   3.176739E-01
  1.259500000000E+01   7.397844E+00   1.541565E-03   6.584213E+01  -3.511008E-17  -4.232504E-19  -1.807754E-14   1.200000E+02   3.185484E-01
  1.260000000000E+01   7.397852E+00   1.502260E-03   6.582024E+01  -3.510882E-17   1.025602E-18   4.493585E-14   1.200000E+02   3.194249E-01
  1.260500000000E+01   7.397859E+00   1.463894E-03   6.579832E+01  -3.510200E-17   2.068356E-18   9.296734E-14   1.200000E+02   3.203036E-01
  1.261000000000E+01   7.397866E+00   1.430222E-03   6.577890E+01  -3.508440E-17   4.837314E-18   2.224782E-13   1.200000E+02   3.211841E-01
  1.261500000000E+01   7.397873E+00   1.403925E-03   6.576400E+01  -3.505837E-17   5.975602E-18   2.799148E-13   1.200000E+02   3.220658E-01
  1.262000000000E+01   7.397880E+00   1.386770E-03   6.575513E+01  -3.502885E-17   6.171394E-18   2.926230E-13   1.200000E+02   3.229477E-01
  1.262500000000E+01   7.397887E+00   1.379851E-03   6.575325E+01  -3.499619E-17   6.559398E-18   3.125712E-13   1.200000E+02   3.238289E-01
  1.263000000000E+01   7.397894E+00   1.383811E-03   6.575891E+01  -3.496333E-17   5.719299E-18   2.717820E-13   1.200000E+02   3.247081E-01
  1.263500000000E+01   7.397901E+00   1.398953E-03   6.577227E+01  -3.494047E-17   4.121495E-18   1.937735E-13   1.200000E+02   3.255843E-01
  1.264000000000E+01   7.397908E+00   1.425219E-03   6.579301E+01  -3.492685E-17   1.581877E-18   7.302490E-14   1.200000E+02   3.264561E-01
  1.264500000000E+01   7.397915E+00   1.462033E-03   6.582037E+01  -3.492474E-17  -5.194217E-19  -2.338425E-14   1.200000E+02   3.273224E-01
  1.265000000000E+01   7.397923E+00   1.508062E-03   6.585298E+01  -3.493636E-17  -4.555773E-18  -1.989382E-13   1.200000E+02   3.281822E-01
  1.265500000000E+01   7.397930E+00   1.560963E-03   6.588890E+01  -3.496417E-17  -7.020481E-18  -2.963374E-13   1.200000E+02   3.290346E-01
  1.266000000000E+01   7.397938E+00   1.617239E-03   6.592570E+01  -3.500707E-17  -9.788407E-18  -3.990181E-13   1.200000E+02   3.298790E-01
  1.266500000000E+01   7.397947E+00   1.672349E-03   6.596064E+01  -3.505872E-17  -1.117534E-17  -4.407769E-13   1.200000E+02   3.307153E-01
  1.267000000000E+01   7.397955E+00   1.721182E-03   6.599102E+01  -3.511279E-17  -1.012058E-17  -3.880283E-13   1.200000E+02   3.315441E-01
  1.267500000000E+01   7.397964E+00   1.758899E-03   6.601456E+01  -3.515646E-17  -7.751924E-18  -2.909432E-13   1.200000E+02   3.323661E-01
  1.268000000000E+01   7.397973E+00   1.781963E-03   6.602977E+01  -3.518945E-17  -5.966939E-18  -2.211020E-13   1.200000E+02   3.331830E-01
  1.268500000000E+01   7.397981E+00   1.789034E-03   6.603627E+01  -3.520997E-17  -2.143477E-18  -7.911938E-14   1.200000E+02   3.339963E-01
  1.269000000000E+01   7.397990E+00   1.781372E-03   6.603484E+01  -3.521287E-17   9.084610E-19   3.367633E-14   1.200000E+02   3.348077E-01
  1.269500000000E+01   7.397999E+00   1.762559E-03   6.602734E+01  -3.520329E-17   2.467426E-18   9.243240E-14   1.200000E+02   3.356188E-01
  1.270000000000E+01   7.398008E+00   1.737629E-03   6.601635E+01  -3.518426E-17   4.597539E-18   1.746706E-13   1.200000E+02   3.364304E-01
  1.270500000000E+01   7.398017E+00   1.711927E-03   6.600474E+01  -3.515702E-17   5.611959E-18   2.163737E-13   1.200000E+02   3.372430E-01
  1.271000000000E+01   7.398025E+00   1.690059E-03   6.599510E+01  -3.512927E-17   5.137376E-18   2.006094E-13   1.200000E+02   3.380563E-01
  1.271500000000E+01   7.398034E+00   1.675174E-03   6.598930E+01  -3.510401E-17   4.655891E-18   1.834073E-13   1.200000E+02   3.388698E-01
  1.272000000000E+01   7.398042E+00   1.668647E-03   6.598825E+01  -3.508418E-17   3.002885E-18   1.187520E-13   1.200000E+02   3.396826E-01
  1.272500000000E+01   7.398050E+00   1.670138E-03   6.599180E+01  -3.507023E-17   2.517518E-18   9.947417E-14   1.200000E+02   3.404937E-01
  1.273000000000E+01   7.398059E+00   1.677940E-03   6.599895E+01  -3.506118E-17   1.448730E-18   5.698338E-14   1.200000E+02   3.413025E-01
  1.273500000000E+01   7.398067E+00   1.689550E-03   6.600824E+01  -3.505535E-17   1.046411E-18   4.088175E-14   1.200000E+02   3.421084E-01
  1.274000000000E+01   7.398076E+00   1.702364E-03   6.601816E+01  -3.504929E-17   1.582160E-18   6.135660E-14   1.200000E+02   3.429111E-01
  1.274500000000E+01   7.398084E+00   1.714364E-03   6.602755E+01  -3.503946E-17   2.252075E-18   8.673711E-14   1.200000E+02   3.437106E-01
  1.275000000000E+01   7.398093E+00   1.724611E-03   6.603591E+01  -3.502813E-17   2.486349E-18   9.520309E-14   1.200000E+02   3.445071E-01
  1.275500000000E+01   7.398101E+00   1.733394E-03   6.604342E+01  -3.501226E-17   3.957621E-18   1.507879E-13   1.200000E+02   3.453008E-01
  1.276000000000E+01   7.398110E+00   1.741979E-03   6.605079E+01  -3.499146E-17   4.430869E-18   1.680057E-13   1.200000E+02   3.460918E-01
  1.276500000000E+01   7.398119E+00   1.752045E-03   6.605893E+01  -3.496484E-17   5.013956E-18   1.890457E-13   1.200000E+02   3.468799E-01
  1.277000000000E+01   7.398128E+00   1.764978E-03   6.606860E+01  -3.494373E-17   4.417898E-18   1.653756E-13   1.200000E+02   3.476651E-01
  1.277500000000E+01   7.398136E+00   1.781225E-03   6.607999E+01  -3.492538E-17   2.666666E-18   9.892812E-14   1.200000E+02   3.484469E-01
  1.278000000000E+01   7.398145E+00   1.799880E-03   6.609257E+01  -3.491147E-17   2.302042E-18   8.453225E-14   1.200000E+02   3.492251E-01
  1.278500000000E+01   7.398154E+00   1.818607E-03   6.610507E+01  -3.490272E-17   1.579420E-18   5.741077E-14   1.200000E+02   3.499995E-01
  1.279000000000E+01   7.398164E+00   1.833976E-03   6.611571E+01  -3.489923E-17  -7.524220E-19  -2.712517E-14   1.200000E+02   3.507703E-01
  1.279500000000E+01   7.398173E+00   1.842169E-03   6.612253E+01  -3.490998E-17  -3.563184E-18  -1.278964E-13   1.200000E+02   3.515380E-01
  1.280000000000E+01   7.398182E+00   1.839936E-03   6.612391E+01  -3.493387E-17  -5.757416E-18  -2.069109E-13   1.200000E+02   3.523037E-01
  1.280500000000E+01   7.398191E+00   1.825517E-03   6.611889E+01  -3.496651E-17  -7.082029E-18  -2.565059E-13   1.200000E+02   3.530685E-01
  1.281000000000E+01   7.398200E+00   1.799223E-03   6.610750E+01  -3.500627E-17  -8.231793E-18  -3.024546E-13   1.200000E+02   3.538339E-01
  1.281500000000E+01   7.398209E+00   1.763447E-03   6.609076E+01  -3.504839E-17  -8.558430E-18  -3.207542E-13   1.200000E+02   3.546010E-01
  1.282000000000E+01   7.398218E+00   1.722107E-03   6.607054E+01  -3.508542E-17  -6.777121E-18  -2.600118E-13   1.200000E+02   3.553707E-01
  1.282500000000E+01   7.398226E+00   1.679740E-03   6.604919E+01  -3.511369E-17  -3.989359E-18  -1.568659E-13   1.200000E+02   3.561432E-01
  1.283000000000E+01   7.398235E+00   1.640577E-03   6.602911E+01  -3.512616E-17  -9.561413E-19  -3.848228E-14   1.200000E+02   3.569185E-01
  1.283500000000E+01   7.398243E+00   1.607847E-03   6.601234E+01  -3.512514E-17   2.207808E-18   9.064456E-14   1.200000E+02   3.576960E-01
  1.284000000000E+01   7.398251E+00   1.583431E-03   6.600024E+01  -3.510522E-17   5.347301E-18   2.228851E-13   1.200000E+02   3.584749E-01
  1.284500000000E+01   7.398259E+00   1.567846E-03   6.599333E+01  -3.507410E-17   6.869893E-18   2.891656E-13   1.200000E+02   3.592543E-01
  1.285000000000E+01   7.398266E+00   1.560475E-03   6.599138E+01  -3.503501E-17   8.208086E-18   3.471141E-13   1.200000E+02   3.600332E-01
  1.285500000000E+01   7.398274E+00   1.559945E-03   6.599364E+01  -3.499621E-17   7.093358E-18   3.000853E-13   1.200000E+02   3.608108E-01
  1.286000000000E+01   7.398282E+00   1.564563E-03   6.599905E+01  -3.496023E-17   6.720845E-18   2.835100E-13   1.200000E+02   3.615865E-01
  1.286500000000E+01   7.398290E+00   1.572727E-03   6.600661E+01  -3.493137E-17   5.080761E-18   2.132372E-13   1.200000E+02   3.623598E-01
  1.287000000000E+01   7.398298E+00   1.583210E-03   6.601554E+01  -3.491180E-17   2.822887E-18   1.177067E-13   1.200000E+02   3.631304E-01
  1.287500000000E+01   7.398306E+00   1.595267E-03   6.602537E+01  -3.490143E-17   1.146198E-18   4.743915E-14   1.200000E+02   3.638981E-01
  1.288000000000E+01   7.398314E+00   1.608521E-03   6.603585E+01  -3.490046E-17  -4.072948E-19  -1.672098E-14   1.200000E+02   3.646628E-01
  1.288500000000E+01   7.398322E+00   1.622685E-03   6.604679E+01  -3.490199E-17  -3.730428E-19  -1.518364E-14   1.200000E+02   3.654243E-01
  1.289000000000E+01   7.398330E+00   1.637209E-03   6.605786E+01  -3.490500E-17  -8.772915E-19  -3.539681E-14   1.200000E+02   3.661826E-01
  1.289500000000E+01   7.398338E+00   1.650984E-03   6.606840E+01  -3.491273E-17  -1.751725E-18  -7.009981E-14   1.200000E+02   3.669378E-01
  1.290000000000E+01   7.398346E+00   1.662218E-03   6.607741E+01  -3.491977E-17  -1.628592E-18  -6.474067E-14   1.200000E+02   3.676900E-01
  1.290500000000E+01   7.398355E+00   1.668578E-03   6.608356E+01  -3.492999E-17  -1.420891E-18  -5.627400E-14   1.200000E+02   3.684395E-01
  1.291000000000E+01   7.398363E+00   1.667605E-03   6.608548E+01  -3.494153E-17  -2.471081E-18  -9.792645E-14   1.200000E+02   3.691872E-01
  1.291500000000E+01   7.398371E+00   1.657337E-03   6.608202E+01  -3.495598E-17  -2.935828E-18  -1.170585E-13   1.200000E+02   3.699338E-01
  1.292000000000E+01   7.398380E+00   1.636960E-03   6.607262E+01  -3.497547E-17  -3.956634E-18  -1.597017E-13   1.200000E+02   3.706805E-01
  1.292500000000E+01   7.398388E+00   1.607255E-03   6.605752E+01  -3.499766E-17  -5.422328E-18  -2.228555E-13   1.200000E+02   3.714284E-01
  1.293000000000E+01   7.398396E+00   1.570678E-03   6.603791E+01  -3.502680E-17  -6.500915E-18  -2.733259E-13   1.200000E+02   3.721783E-01
  1.293500000000E+01   7.398403E+00   1.531015E-03   6.601585E+01  -3.506156E-17  -7.230198E-18  -3.117589E-13   1.200000E+02   3.729308E-01
  1.294000000000E+01   7.398411E+00   1.492738E-03   6.599405E+01  -3.509935E-17  -7.490666E-18  -3.311628E-13   1.200000E+02   3.736859E-01
  1.294500000000E+01   7.398418E+00   1.460264E-03   6.597545E+01  -3.513843E-17  -7.941319E-18  -3.587926E-13   1.200000E+02   3.744434E-01
  1.295000000000E+01   7.398426E+00   1.437332E-03   6.596277E+01  -3.517518E-17  -6.651449E-18  -3.052516E-13   1.200000E+02   3.752023E-01
  1.295500000000E+01   7.398433E+00   1.426577E-03   6.595807E+01  -3.520412E-17  -4.007389E-18  -1.852825E-13   1.200000E+02   3.759614E-01
  1.296000000000E+01   7.398440E+00   1.429299E-03   6.596242E+01  -3.522054E-17  -1.746917E-18  -8.062057E-14   1.200000E+02   3.767194E-01
  1.296500000000E+01   7.398447E+00   1.445370E-03   6.597566E+01  -3.522225E-17   1.223419E-18   5.584444E-14   1.200000E+02   3.774747E-01
  1.297000000000E+01   7.398454E+00   1.473209E-03   6.599646E+01  -3.520619E-17   5.330537E-18   2.387961E-13   1.200000E+02   3.782261E-01
  1.297500000000E+01   7.398462E+00   1.509837E-03   6.602251E+01  -3.517052E-17   8.833491E-18   3.862730E-13   1.200000E+02   3.789724E-01
  1.298000000000E+01   7.398470E+00   1.551060E-03   6.605083E+01  -3.511523E-17   1.367323E-17   5.822651E-13   1.200000E+02   3.797128E-01
  1.298500000000E+01   7.398477E+00   1.591847E-03   6.607818E+01  -3.504041E-17   1.618383E-17   6.717972E-13   1.200000E+02   3.804472E-01
  1.299000000000E+01   7.398485E+00   1.626949E-03   6.610153E+01  -3.495235E-17   1.778029E-17   7.223981E-13   1.200000E+02   3.811759E-01
  1.299500000000E+01   7.398494E+00   1.651678E-03   6.611842E+01  -3.485892E-17   1.896689E-17   7.592648E-13   1.200000E+02   3.818998E-01
  1.300000000000E+01   7.398502E+00   1.662695E-03   6.612719E+01  -3.476516E-17   1.753439E-17   6.973615E-13   1.200000E+02   3.826203E-01
  1.300500000000E+01   7.398510E+00   1.658572E-03   6.612719E+01  -3.468643E-17   1.466779E-17   5.848038E-13   1.200000E+02   3.833389E-01
  1.301000000000E+01   7.398518E+00   1.639962E-03   6.611874E+01  -3.462672E-17   9.055971E-18   3.651117E-13   1.200000E+02   3.840572E-01
  1.301500000000E+01   7.398527E+00   1.609329E-03   6.610302E+01  -3.459703E-17   3.236633E-18   1.329444E-13   1.200000E+02   3.847768E-01
  1.302000000000E+01   7.398535E+00   1.570348E-03   6.608188E+01  -3.459545E-17  -2.109826E-18  -8.878365E-14   1.200000E+02   3.854987E-01
  1.302500000000E+01   7.398542E+00   1.527181E-03   6.605752E+01  -3.461865E-17  -7.124361E-18  -3.081610E-13   1.200000E+02   3.862236E-01
  1.303000000000E+01   7.398550E+00   1.483813E-03   6.603228E+01  -3.466433E-17  -1.111820E-17  -4.947793E-13   1.200000E+02   3.869518E-01
  1.303500000000E+01   7.398557E+00   1.443598E-03   6.600833E+01  -3.472566E-17  -1.324648E-17  -6.056938E-13   1.200000E+02   3.876830E-01
  1.304000000000E+01   7.398564E+00   1.409023E-03   6.598749E+01  -3.479630E-17  -1.506627E-17  -7.055847E-13   1.200000E+02   3.884168E-01
  1.304500000000E+01   7.398571E+00   1.381674E-03   6.597111E+01  -3.487044E-17  -1.402660E-17  -6.697313E-13   1.200000E+02   3.891524E-01
  1.305000000000E+01   7.398578E+00   1.362318E-03   6.596001E+01  -3.493395E-17  -1.166080E-17  -5.645867E-13   1.200000E+02   3.898892E-01
  1.305500000000E+01   7.398585E+00   1.351040E-03   6.595447E+01  -3.498255E-17  -7.986848E-18  -3.898983E-13   1.200000E+02   3.906260E-01
  1.306000000000E+01   7.398592E+00   1.347395E-03   6.595432E+01  -3.501507E-17  -4.058134E-18  -1.986436E-13   1.200000E+02   3.913622E-01
  1.306500000000E+01   7.398598E+00   1.350522E-03   6.595898E+01  -3.502934E-17  -1.447268E-18  -7.068401E-14   1.200000E+02   3.920969E-01
  1.307000000000E+01   7.398605E+00   1.359227E-03   6.596758E+01  -3.503396E-17   1.221674E-19   5.929169E-15   1.200000E+02   3.928295E-01
  1.307500000000E+01   7.398612E+00   1.372027E-03   6.597899E+01  -3.503008E-17   2.060734E-18   9.909801E-14   1.200000E+02   3.935593E-01
  1.308000000000E+01   7.398619E+00   1.387161E-03   6.599194E+01  -3.501547E-17   4.013122E-18   1.909178E-13   1.200000E+02   3.942862E-01
  1.308500000000E+01   7.398626E+00   1.402603E-03   6.600496E+01  -3.499722E-17   3.733341E-18   1.756870E-13   1.200000E+02   3.950100E-01
  1.309000000000E+01   7.398633E+00   1.416102E-03   6.601655E+01  -3.497781E-17   3.939222E-18   1.836406E-13   1.200000E+02   3.957307E-01
  1.309500000000E+01   7.398640E+00   1.425294E-03   6.602514E+01  -3.495526E-17   5.229302E-18   2.422415E-13   1.200000E+02   3.964487E-01
  1.310000000000E+01   7.398647E+00   1.427915E-03   6.602928E+01  -3.492859E-17   6.171860E-18   2.853975E-13   1.200000E+02   3.971646E-01
  1.310500000000E+01   7.398654E+00   1.422117E-03   6.602774E+01  -3.490189E-17   6.155836E-18   2.858105E-13   1.200000E+02   3.978792E-01
  1.311000000000E+01   7.398661E+00   1.406833E-03   6.601974E+01  -3.487030E-17   7.189155E-18   3.373720E-13   1.200000E+02   3.985935E-01
  1.311500000000E+01   7.398668E+00   1.382107E-03   6.600508E+01  -3.483409E-17   7.638391E-18   3.647856E-13   1.200000E+02   3.993086E-01
  1.312000000000E+01   7.398675E+00   1.349253E-03   6.598437E+01  -3.479544E-17   7.376738E-18   3.607547E-13   1.200000E+02   4.000254E-01
  1.312500000000E+01   7.398682E+00   1.310779E-03   6.595898E+01  -3.475961E-17   7.077776E-18   3.561567E-13   1.200000E+02   4.007446E-01
  1.313000000000E+01   7.398688E+00   1.270051E-03   6.593107E+01  -3.472622E-17   5.427479E-18   2.817520E-13   1.200000E+02   4.014668E-01
  1.313500000000E+01   7.398694E+00   1.230787E-03   6.590333E+01  -3.470598E-17   2.825870E-18   1.513131E-13   1.200000E+02   4.021919E-01
  1.314000000000E+01   7.398701E+00   1.196512E-03   6.587863E+01  -3.469838E-17   6.977550E-19   3.841761E-14   1.200000E+02   4.029196E-01
  1.314500000000E+01   7.398706E+00   1.170098E-03   6.585962E+01  -3.470217E-17  -2.329722E-18  -1.311297E-13   1.200000E+02   4.036492E-01
  1.315000000000E+01   7.398712E+00   1.153447E-03   6.584828E+01  -3.472130E-17  -5.068640E-18  -2.893599E-13   1.200000E+02   4.043797E-01
  1.315500000000E+01   7.398718E+00   1.147321E-03   6.584559E+01  -3.475106E-17  -6.628127E-18  -3.803931E-13   1.200000E+02   4.051100E-01
  1.316000000000E+01   7.398724E+00   1.151284E-03   6.585132E+01  -3.478588E-17  -7.435125E-18  -4.252752E-13   1.200000E+02   4.058389E-01
  1.316500000000E+01   7.398730E+00   1.163741E-03   6.586406E+01  -3.481697E-17  -5.845914E-18  -3.308601E-13   1.200000E+02   4.065656E-01
  1.317000000000E+01   7.398735E+00   1.182086E-03   6.588147E+01  -3.484168E-17  -4.234962E-18  -2.360282E-13   1.200000E+02   4.072891E-01
  1.317500000000E+01   7.398741E+00   1.203014E-03   6.590070E+01  -3.485497E-17  -1.143849E-18  -6.265970E-14   1.200000E+02   4.080090E-01
  1.318000000000E+01   7.398747E+00   1.223025E-03   6.591892E+01  -3.485328E-17   1.391497E-18   7.499928E-14   1.200000E+02   4.087252E-01
  1.318500000000E+01   7.398754E+00   1.239047E-03   6.593377E+01  -3.484053E-17   3.837599E-18   2.042114E-13   1.200000E+02   4.094381E-01
  1.319000000000E+01   7.398760E+00   1.249046E-03   6.594385E+01  -3.481656E-17   5.298151E-18   2.797178E-13   1.200000E+02   4.101482E-01
  1.319500000000E+01   7.398766E+00   1.252404E-03   6.594877E+01  -3.478909E-17   5.517258E-18   2.905263E-13   1.200000E+02   4.108561E-01
  1.320000000000E+01   7.398772E+00   1.249917E-03   6.594920E+01  -3.476235E-17   4.488624E-18   2.368326E-13   1.200000E+02   4.115627E-01
  1.320500000000E+01   7.398779E+00   1.243410E-03   6.594653E+01  -3.474569E-17   2.434156E-18   1.291000E-13   1.200000E+02   4.122684E-01
  1.321000000000E+01   7.398785E+00   1.235110E-03   6.594244E+01  -3.474437E-17  -1.651396E-18  -8.816790E-14   1.200000E+02   4.129736E-01
  1.321500000000E+01   7.398791E+00   1.227000E-03   6.593845E+01  -3.476112E-17  -4.979393E-18  -2.675904E-13   1.200000E+02   4.136783E-01
  1.322000000000E+01   7.398797E+00   1.220326E-03   6.593555E+01  -3.479233E-17  -7.294188E-18  -3.941130E-13   1.200000E+02   4.143824E-01
  1.322500000000E+01   7.398803E+00   1.215376E-03   6.593398E+01  -3.483632E-17  -9.696079E-18  -5.260109E-13   1.200000E+02   4.150858E-01
  1.323000000000E+01   7.398809E+00   1.211550E-03   6.593329E+01  -3.488336E-17  -9.146878E-18  -4.977785E-13   1.200000E+02   4.157884E-01
  1.323500000000E+01   7.398815E+00   1.207678E-03   6.593254E+01  -3.492775E-17  -7.821017E-18  -4.269841E-13   1.200000E+02   4.164900E-01
  1.324000000000E+01   7.398821E+00   1.202510E-03   6.593075E+01  -3.496157E-17  -5.448324E-18  -2.987186E-13   1.200000E+02   4.171907E-01
  1.324500000000E+01   7.398827E+00   1.195234E-03   6.592724E+01  -3.497753E-17  -1.471216E-18  -8.114997E-14   1.200000E+02   4.178908E-01
  1.325000000000E+01   7.398833E+00   1.185877E-03   6.592202E+01  -3.497536E-17   2.832789E-18   1.574726E-13   1.200000E+02   4.185904E-01
  1.325500000000E+01   7.398839E+00   1.175433E-03   6.591584E+01  -3.495139E-17   6.382231E-18   3.579023E-13   1.200000E+02   4.192898E-01
  1.326000000000E+01   7.398845E+00   1.165689E-03   6.591017E+01  -3.491178E-17   8.934625E-18   5.051801E-13   1.200000E+02   4.199890E-01
  1.326500000000E+01   7.398851E+00   1.158796E-03   6.590679E+01  -3.486211E-17   1.060822E-17   6.033454E-13   1.200000E+02   4.206878E-01
  1.327000000000E+01   7.398857E+00   1.156733E-03   6.590740E+01  -3.480900E-17   1.084963E-17   6.181816E-13   1.200000E+02   4.213858E-01
  1.327500000000E+01   7.398862E+00   1.160800E-03   6.591308E+01  -3.475974E-17   8.534487E-18   4.846091E-13   1.200000E+02   4.220823E-01
  1.328000000000E+01   7.398868E+00   1.171238E-03   6.592397E+01  -3.472228E-17   6.153873E-18   3.463752E-13   1.200000E+02   4.227767E-01
  1.328500000000E+01   7.398874E+00   1.187043E-03   6.593913E+01  -3.469810E-17   2.789220E-18   1.549386E-13   1.200000E+02   4.234684E-01
  1.329000000000E+01   7.398880E+00   1.206010E-03   6.595663E+01  -3.469323E-17  -6.668091E-19  -3.646776E-14   1.200000E+02   4.241569E-01
  1.329500000000E+01   7.398886E+00   1.225047E-03   6.597394E+01  -3.470800E-17  -4.571866E-18  -2.462142E-13   1.200000E+02   4.248419E-01
  1.330000000000E+01   7.398892E+00   1.240751E-03   6.598843E+01  -3.473343E-17  -5.478212E-18  -2.913547E-13   1.200000E+02   4.255238E-01
  1.330500000000E+01   7.398899E+00   1.250158E-03   6.599793E+01  -3.476103E-17  -5.517335E-18  -2.912693E-13   1.200000E+02   4.262030E-01
  1.331000000000E+01   7.398905E+00   1.251459E-03   6.600118E+01  -3.478605E-17  -4.125819E-18  -2.175932E-13   1.200000E+02   4.268803E-01
  1.331500000000E+01   7.398911E+00   1.244416E-03   6.599800E+01  -3.480073E-17  -1.451039E-18  -7.695633E-14   1.200000E+02   4.275567E-01
  1.332000000000E+01   7.398917E+00   1.230327E-03   6.598931E+01  -3.480046E-17   1.620115E-18   8.689581E-14   1.200000E+02   4.282330E-01
  1.332500000000E+01   7.398923E+00   1.211550E-03   6.597679E+01  -3.478402E-17   4.366536E-18   2.377865E-13   1.200000E+02   4.289099E-01
  1.333000000000E+01   7.398929E+00   1.190777E-03   6.596244E+01  -3.475264E-17   7.698263E-18   4.264412E-13   1.200000E+02   4.295876E-01
  1.333500000000E+01   7.398935E+00   1.170341E-03   6.594807E+01  -3.471069E-17   8.620191E-18   4.857429E-13   1.200000E+02   4.302664E-01
  1.334000000000E+01   7.398941E+00   1.151745E-03   6.593495E+01  -3.466888E-17   7.951364E-18   4.551984E-13   1.200000E+02   4.309460E-01
  1.334500000000E+01   7.398947E+00   1.135504E-03   6.592357E+01  -3.463482E-17   5.378730E-18   3.122710E-13   1.200000E+02   4.316262E-01
  1.335000000000E+01   7.398952E+00   1.121291E-03   6.591373E+01  -3.461573E-17   2.015585E-18   1.184837E-13   1.200000E+02   4.323069E-01
  1.335500000000E+01   7.398958E+00   1.108302E-03   6.590481E+01  -3.461589E-17  -2.530880E-18  -1.504979E-13   1.200000E+02   4.329877E-01
  1.336000000000E+01   7.398963E+00   1.095736E-03   6.589612E+01  -3.463778E-17  -6.626898E-18  -3.985330E-13   1.200000E+02   4.336687E-01
  1.336500000000E+01   7.398969E+00   1.083229E-03   6.588736E+01  -3.467841E-17  -9.404547E-18  -5.720310E-13   1.200000E+02   4.343498E-01
  1.337000000000E+01   7.398974E+00   1.071132E-03   6.587883E+01  -3.473210E-17  -1.152752E-17  -7.089879E-13   1.200000E+02   4.350309E-01
  1.337500000000E+01   7.398980E+00   1.060515E-03   6.587153E+01  -3.479330E-17  -1.235933E-17  -7.676726E-13   1.200000E+02   4.357121E-01
  1.338000000000E+01   7.398985E+00   1.052922E-03   6.586689E+01  -3.485197E-17  -1.095971E-17  -6.855983E-13   1.200000E+02   4.363930E-01
  1.338500000000E+01   7.398990E+00   1.049942E-03   6.586642E+01  -3.490358E-17  -9.194383E-18  -5.767950E-13   1.200000E+02   4.370733E-01
  1.339000000000E+01   7.398995E+00   1.052715E-03   6.587121E+01  -3.494099E-17  -5.500949E-18  -3.442091E-13   1.200000E+02   4.377523E-01
  1.339500000000E+01   7.399001E+00   1.061508E-03   6.588144E+01  -3.495515E-17  -2.534008E-19  -1.572707E-14   1.200000E+02   4.384295E-01
  1.340000000000E+01   7.399006E+00   1.075411E-03   6.589617E+01  -3.494440E-17   4.537341E-18   2.780271E-13   1.200000E+02   4.391042E-01
  1.340500000000E+01   7.399011E+00   1.092248E-03   6.591331E+01  -3.491005E-17   8.956204E-18   5.404752E-13   1.200000E+02   4.397759E-01
  1.341000000000E+01   7.399017E+00   1.108774E-03   6.592994E+01  -3.485689E-17   1.152906E-17   6.855416E-13   1.200000E+02   4.404446E-01
  1.341500000000E+01   7.399023E+00   1.121196E-03   6.594284E+01  -3.479682E-17   1.219888E-17   7.174742E-13   1.200000E+02   4.411105E-01
  1.342000000000E+01   7.399028E+00   1.125996E-03   6.594914E+01  -3.473605E-17   1.185894E-17   6.945736E-13   1.200000E+02   4.417742E-01
  1.342500000000E+01   7.399034E+00   1.120836E-03   6.594693E+01  -3.468301E-17   9.053950E-18   5.327098E-13   1.200000E+02   4.424368E-01
  1.343000000000E+01   7.399039E+00   1.105240E-03   6.593568E+01  -3.464719E-17   4.856028E-18   2.896976E-13   1.200000E+02   4.430992E-01
  1.343500000000E+01   7.399045E+00   1.080761E-03   6.591638E+01  -3.463128E-17   1.320853E-18   8.055972E-14   1.200000E+02   4.437627E-01
  1.344000000000E+01   7.399050E+00   1.050548E-03   6.589136E+01  -3.463322E-17  -1.820127E-18  -1.141600E-13   1.200000E+02   4.444280E-01
  1.344500000000E+01   7.399055E+00   1.018522E-03   6.586385E+01  -3.465049E-17  -4.352618E-18  -2.814668E-13   1.200000E+02   4.450955E-01
  1.345000000000E+01   7.399060E+00   9.884761E-04   6.583733E+01  -3.467445E-17  -5.282055E-18  -3.518106E-13   1.200000E+02   4.457652E-01
  1.345500000000E+01   7.399065E+00   9.634010E-04   6.581489E+01  -3.470033E-17  -5.008571E-18  -3.421613E-13   1.200000E+02   4.464367E-01
  1.346000000000E+01   7.399070E+00   9.451448E-04   6.579875E+01  -3.472335E-17  -4.401713E-18  -3.064369E-13   1.200000E+02   4.471094E-01
  1.346500000000E+01   7.399075E+00   9.343780E-04   6.578999E+01  -3.474200E-17  -3.178349E-18  -2.237890E-13   1.200000E+02   4.477824E-01
  1.347000000000E+01   7.399079E+00   9.307612E-04   6.578849E+01  -3.475543E-17  -2.113990E-18  -1.494220E-13   1.200000E+02   4.484550E-01
  1.347500000000E+01   7.399084E+00   9.332219E-04   6.579325E+01  -3.476318E-17  -1.251561E-18  -8.823651E-14   1.200000E+02   4.491265E-01
  1.348000000000E+01   7.399089E+00   9.402748E-04   6.580270E+01  -3.476929E-17  -9.956712E-19  -6.967948E-14   1.200000E+02   4.497963E-01
  1.348500000000E+01   7.399093E+00   9.503329E-04   6.581513E+01  -3.477429E-17  -8.081716E-19  -5.596978E-14   1.200000E+02   4.504639E-01
  1.349000000000E+01   7.399098E+00   9.619573E-04   6.582901E+01  -3.477577E-17  -2.357043E-19  -1.612980E-14   1.200000E+02   4.511291E-01
  1.349500000000E+01   7.399103E+00   9.739911E-04   6.584314E+01  -3.477851E-17  -3.594485E-19  -2.429922E-14   1.200000E+02   4.517919E-01
  1.350000000000E+01   7.399108E+00   9.855474E-04   6.585665E+01  -3.477804E-17   4.860853E-20   3.248139E-15   1.200000E+02   4.524523E-01
  1.350500000000E+01   7.399113E+00   9.958707E-04   6.586884E+01  -3.477686E-17   1.330674E-18   8.801341E-14   1.200000E+02   4.531102E-01
  1.351000000000E+01   7.399118E+00   1.004141E-03   6.587895E+01  -3.476834E-17   2.161655E-18   1.418202E-13   1.200000E+02   4.537660E-01
  1.351500000000E+01   7.399123E+00   1.009326E-03   6.588606E+01  -3.475287E-17   4.086627E-18   2.667640E-13   1.200000E+02   4.544199E-01
  1.352000000000E+01   7.399128E+00   1.010170E-03   6.588903E+01  -3.472818E-17   5.978547E-18   3.899546E-13   1.200000E+02   4.550723E-01
  1.352500000000E+01   7.399133E+00   1.005391E-03   6.588664E+01  -3.469548E-17   7.555804E-18   4.951569E-13   1.200000E+02   4.557238E-01
  1.353000000000E+01   7.399138E+00   9.940342E-04   6.587789E+01  -3.465665E-17   8.393032E-18   5.562336E-13   1.200000E+02   4.563750E-01
  1.353500000000E+01   7.399143E+00   9.758891E-04   6.586237E+01  -3.461579E-17   7.656479E-18   5.167327E-13   1.200000E+02   4.570267E-01
  1.354000000000E+01   7.399148E+00   9.517937E-04   6.584053E+01  -3.457895E-17   6.777749E-18   4.688522E-13   1.200000E+02   4.576795E-01
  1.354500000000E+01   7.399152E+00   9.236753E-04   6.581391E+01  -3.455024E-17   4.588263E-18   3.269239E-13   1.200000E+02   4.583341E-01
  1.355000000000E+01   7.399157E+00   8.942890E-04   6.578505E+01  -3.453473E-17   1.581955E-18   1.163706E-13   1.200000E+02   4.589906E-01
  1.355500000000E+01   7.399161E+00   8.667398E-04   6.575720E+01  -3.453276E-17  -7.693679E-19  -5.836985E-14   1.200000E+02   4.596492E-01
  1.356000000000E+01   7.399166E+00   8.439529E-04   6.573381E+01  -3.454282E-17  -3.191136E-18  -2.485512E-13   1.200000E+02   4.603093E-01
  1.356500000000E+01   7.399170E+00   8.282426E-04   6.571796E+01  -3.456490E-17  -5.697627E-18  -4.520854E-13   1.200000E+02   4.609704E-01
  1.357000000000E+01   7.399174E+00   8.210453E-04   6.571178E+01  -3.459770E-17  -7.332778E-18  -5.868737E-13   1.200000E+02   4.616317E-01
  1.357500000000E+01   7.399178E+00   8.227992E-04   6.571601E+01  -3.463656E-17  -8.397997E-18  -6.707383E-13   1.200000E+02   4.622921E-01
  1.358000000000E+01   7.399182E+00   8.329255E-04   6.572994E+01  -3.467891E-17  -8.593079E-18  -6.781190E-13   1.200000E+02   4.629506E-01
  1.358500000000E+01   7.399186E+00   8.498828E-04   6.575146E+01  -3.471978E-17  -7.958563E-18  -6.157169E-13   1.200000E+02   4.636066E-01
  1.359000000000E+01   7.399191E+00   8.713122E-04   6.577753E+01  -3.475739E-17  -6.895742E-18  -5.205768E-13   1.200000E+02   4.642593E-01
  1.359500000000E+01   7.399195E+00   8.943113E-04   6.580470E+01  -3.478821E-17  -5.459026E-18  -4.016829E-13   1.200000E+02   4.649085E-01
  1.360000000000E+01   7.399200E+00   9.158483E-04   6.582968E+01  -3.481103E-17  -3.309293E-18  -2.378666E-13   1.200000E+02   4.655541E-01
  1.360500000000E+01   7.399204E+00   9.332533E-04   6.584989E+01  -3.482094E-17  -7.048677E-19  -4.973511E-14   1.200000E+02   4.661965E-01
  1.361000000000E+01   7.399209E+00   9.446549E-04   6.586366E+01  -3.481914E-17   1.689221E-18   1.177766E-13   1.200000E+02   4.668362E-01
  1.361500000000E+01   7.399214E+00   9.492171E-04   6.587040E+01  -3.480407E-17   4.481309E-18   3.109780E-13   1.200000E+02   4.674740E-01
  1.362000000000E+01   7.399218E+00   9.471007E-04   6.587037E+01  -3.477656E-17   6.512129E-18   4.529153E-13   1.200000E+02   4.681105E-01
  1.362500000000E+01   7.399223E+00   9.391934E-04   6.586443E+01  -3.474173E-17   7.718609E-18   5.412962E-13   1.200000E+02   4.687465E-01
  1.363000000000E+01   7.399228E+00   9.267383E-04   6.585372E+01  -3.470066E-17   8.363388E-18   5.942997E-13   1.200000E+02   4.693826E-01
  1.363500000000E+01   7.399232E+00   9.110115E-04   6.583940E+01  -3.465773E-17   8.904567E-18   6.435389E-13   1.200000E+02   4.700191E-01
  1.364000000000E+01   7.399237E+00   8.931448E-04   6.582250E+01  -3.461595E-17   7.748530E-18   5.710470E-13   1.200000E+02   4.706563E-01
  1.364500000000E+01   7.399241E+00   8.741110E-04   6.580394E+01  -3.457850E-17   6.958681E-18   5.238564E-13   1.200000E+02   4.712945E-01
  1.365000000000E+01   7.399246E+00   8.548217E-04   6.578464E+01  -3.454688E-17   5.469889E-18   4.209470E-13   1.200000E+02   4.719337E-01
  1.365500000000E+01   7.399250E+00   8.362556E-04   6.576568E+01  -3.452500E-17   3.353655E-18   2.637416E-13   1.200000E+02   4.725739E-01
  1.366000000000E+01   7.399254E+00   8.195362E-04   6.574842E+01  -3.451419E-17   1.141471E-18   9.157608E-14   1.200000E+02   4.732149E-01
  1.366500000000E+01   7.399258E+00   8.059136E-04   6.573445E+01  -3.451490E-17  -1.281905E-18  -1.045588E-13   1.200000E+02   4.738566E-01
  1.367000000000E+01   7.399262E+00   7.966436E-04   6.572547E+01  -3.452506E-17  -3.113160E-18  -2.568450E-13   1.200000E+02   4.744984E-01
  1.367500000000E+01   7.399266E+00   7.927956E-04   6.572295E+01  -3.454474E-17  -4.294941E-18  -3.560517E-13   1.200000E+02   4.751398E-01
  1.368000000000E+01   7.399270E+00   7.950267E-04   6.572777E+01  -3.456905E-17  -5.636984E-18  -4.660302E-13   1.200000E+02   4.757803E-01
  1.368500000000E+01   7.399274E+00   8.033627E-04   6.573991E+01  -3.459545E-17  -5.024765E-18  -4.111812E-13   1.200000E+02   4.764191E-01
  1.369000000000E+01   7.399278E+00   8.170182E-04   6.575820E+01  -3.461918E-17  -4.438956E-18  -3.572721E-13   1.200000E+02   4.770556E-01
  1.369500000000E+01   7.399282E+00   8.343032E-04   6.578040E+01  -3.463974E-17  -3.759175E-18  -2.963911E-13   1.200000E+02   4.776894E-01
  1.370000000000E+01   7.399286E+00   8.526810E-04   6.580341E+01  -3.465465E-17  -2.437322E-18  -1.880939E-13   1.200000E+02   4.783202E-01
  1.370500000000E+01   7.399291E+00   8.690461E-04   6.582374E+01  -3.466022E-17  -1.943529E-19  -1.472078E-14   1.200000E+02   4.789480E-01
  1.371000000000E+01   7.399295E+00   8.802432E-04   6.583810E+01  -3.465980E-17   1.159739E-18   8.674307E-14   1.200000E+02   4.795732E-01
  1.371500000000E+01   7.399300E+00   8.837408E-04   6.584397E+01  -3.465090E-17   2.493296E-18   1.857655E-13   1.200000E+02   4.801966E-01
  1.372000000000E+01   7.399304E+00   8.782556E-04   6.584006E+01  -3.463632E-17   2.960313E-18   2.219254E-13   1.200000E+02   4.808191E-01
  1.372500000000E+01   7.399308E+00   8.640863E-04   6.582651E+01  -3.462095E-17   2.965516E-18   2.259144E-13   1.200000E+02   4.814416E-01
  1.373000000000E+01   7.399313E+00   8.430096E-04   6.580487E+01  -3.460592E-17   3.009208E-18   2.348971E-13   1.200000E+02   4.820650E-01
  1.373500000000E+01   7.399317E+00   8.177827E-04   6.577778E+01  -3.459289E-17   2.203894E-18   1.772687E-13   1.200000E+02   4.826899E-01
  1.374000000000E+01   7.399321E+00   7.914605E-04   6.574845E+01  -3.458375E-17   1.540015E-18   1.279326E-13   1.200000E+02   4.833167E-01
  1.374500000000E+01   7.399325E+00   7.667735E-04   6.572011E+01  -3.457924E-17   4.112074E-19   3.524456E-14   1.200000E+02   4.839452E-01
  1.375000000000E+01   7.399328E+00   7.457243E-04   6.569548E+01  -3.457864E-17  -8.551568E-20  -7.533606E-15   1.200000E+02   4.845751E-01
  1.375500000000E+01   7.399332E+00   7.294386E-04   6.567637E+01  -3.457831E-17   1.358788E-19   1.223410E-14   1.200000E+02   4.852061E-01
  1.376000000000E+01   7.399336E+00   7.182160E-04   6.566358E+01  -3.457800E-17   4.452338E-20   4.070592E-15   1.200000E+02   4.858375E-01
  1.376500000000E+01   7.399339E+00   7.117033E-04   6.565693E+01  -3.457650E-17   4.615468E-19   4.257918E-14   1.200000E+02   4.864688E-01
  1.377000000000E+01   7.399343E+00   7.091230E-04   6.565553E+01  -3.457431E-17   7.041907E-19   6.519886E-14   1.200000E+02   4.870996E-01
  1.377500000000E+01   7.399346E+00   7.095126E-04   6.565815E+01  -3.457127E-17   6.079733E-19   5.626172E-14   1.200000E+02   4.877295E-01
  1.378000000000E+01   7.399350E+00   7.119384E-04   6.566351E+01  -3.456818E-17   5.292842E-19   4.881695E-14   1.200000E+02   4.883582E-01
  1.378500000000E+01   7.399354E+00   7.156496E-04   6.567058E+01  -3.456771E-17  -1.043788E-19  -9.578172E-15   1.200000E+02   4.889855E-01
  1.379000000000E+01   7.399357E+00   7.201447E-04   6.567867E+01  -3.457103E-17  -1.270557E-18  -1.158774E-13   1.200000E+02   4.896114E-01
  1.379500000000E+01   7.399361E+00   7.251395E-04   6.568737E+01  -3.458064E-17  -2.599599E-18  -2.354869E-13   1.200000E+02   4.902358E-01
  1.380000000000E+01   7.399364E+00   7.304566E-04   6.569645E+01  -3.459712E-17  -4.179249E-18  -3.758770E-13   1.200000E+02   4.908585E-01
  1.380500000000E+01   7.399368E+00   7.358754E-04   6.570561E+01  -3.462167E-17  -5.806964E-18  -5.184983E-13   1.200000E+02   4.914797E-01
  1.381000000000E+01   7.399372E+00   7.409999E-04   6.571432E+01  -3.465207E-17  -6.483076E-18  -5.749406E-13   1.200000E+02   4.920993E-01
  1.381500000000E+01   7.399375E+00   7.451928E-04   6.572179E+01  -3.468521E-17  -6.548576E-18  -5.775473E-13   1.200000E+02   4.927174E-01
  1.382000000000E+01   7.399379E+00   7.476100E-04   6.572694E+01  -3.471574E-17  -5.339095E-18  -4.693923E-13   1.200000E+02   4.933341E-01
  1.382500000000E+01   7.399383E+00   7.473396E-04   6.572864E+01  -3.473849E-17  -3.502402E-18  -3.080368E-13   1.200000E+02   4.939498E-01
  1.383000000000E+01   7.399387E+00   7.436161E-04   6.572588E+01  -3.474969E-17  -7.752739E-19  -6.852402E-14   1.200000E+02   4.945646E-01
  1.383500000000E+01   7.399390E+00   7.360468E-04   6.571810E+01  -3.474324E-17   3.001130E-18   2.679565E-13   1.200000E+02   4.951791E-01
  1.384000000000E+01   7.399394E+00   7.247728E-04   6.570532E+01  -3.471809E-17   6.746963E-18   6.116556E-13   1.200000E+02   4.957936E-01
  1.384500000000E+01   7.399398E+00   7.105025E-04   6.568826E+01  -3.467617E-17   9.938295E-18   9.188276E-13   1.200000E+02   4.964085E-01
  1.385000000000E+01   7.399401E+00   6.944016E-04   6.566830E+01  -3.462286E-17   1.146366E-17   1.084098E-12   1.200000E+02   4.970241E-01
  1.385500000000E+01   7.399405E+00   6.778744E-04   6.564722E+01  -3.456399E-17   1.194700E-17   1.156980E-12   1.200000E+02   4.976406E-01
  1.386000000000E+01   7.399408E+00   6.623074E-04   6.562696E+01  -3.450782E-17   1.032730E-17   1.023315E-12   1.200000E+02   4.982578E-01
  1.386500000000E+01   7.399411E+00   6.488448E-04   6.560930E+01  -3.446167E-17   7.686109E-18   7.771969E-13   1.200000E+02   4.988756E-01
  1.387000000000E+01   7.399414E+00   6.382395E-04   6.559553E+01  -3.443111E-17   4.093462E-18   4.207085E-13   1.200000E+02   4.994937E-01
  1.387500000000E+01   7.399418E+00   6.307928E-04   6.558631E+01  -3.442011E-17  -3.308523E-20  -3.440018E-15   1.200000E+02   5.001118E-01
  1.388000000000E+01   7.399421E+00   6.263718E-04   6.558160E+01  -3.442950E-17  -3.653010E-18  -3.824730E-13   1.200000E+02   5.007296E-01
  1.388500000000E+01   7.399424E+00   6.244878E-04   6.558076E+01  -3.445610E-17  -7.326165E-18  -7.693592E-13   1.200000E+02   5.013468E-01
  1.389000000000E+01   7.399427E+00   6.244167E-04   6.558269E+01  -3.449749E-17  -9.036832E-18  -9.491415E-13   1.200000E+02   5.019630E-01
  1.389500000000E+01   7.399430E+00   6.253435E-04   6.558616E+01  -3.454513E-17  -1.008106E-17  -1.057303E-12   1.200000E+02   5.025783E-01
  1.390000000000E+01   7.399433E+00   6.265084E-04   6.558998E+01  -3.459312E-17  -9.326874E-18  -9.764426E-13   1.200000E+02   5.031925E-01
  1.390500000000E+01   7.399436E+00   6.273257E-04   6.559326E+01  -3.463447E-17  -7.144988E-18  -7.470810E-13   1.200000E+02   5.038056E-01
  1.391000000000E+01   7.399439E+00   6.274509E-04   6.559549E+01  -3.466463E-17  -4.484459E-18  -4.688180E-13   1.200000E+02   5.044177E-01
  1.391500000000E+01   7.399443E+00   6.267807E-04   6.559649E+01  -3.467831E-17  -9.980990E-19  -1.044573E-13   1.200000E+02   5.050288E-01
  1.392000000000E+01   7.399446E+00   6.253888E-04   6.559638E+01  -3.467423E-17   2.563704E-18   2.689042E-13   1.200000E+02   5.056391E-01
  1.392500000000E+01   7.399449E+00   6.234227E-04   6.559537E+01  -3.465441E-17   5.137448E-18   5.405527E-13   1.200000E+02   5.062487E-01
  1.393000000000E+01   7.399452E+00   6.209927E-04   6.559364E+01  -3.462299E-17   7.192436E-18   7.597159E-13   1.200000E+02   5.068575E-01
  1.393500000000E+01   7.399455E+00   6.180876E-04   6.559116E+01  -3.458473E-17   7.696530E-18   8.167521E-13   1.200000E+02   5.074657E-01
  1.394000000000E+01   7.399458E+00   6.145402E-04   6.558765E+01  -3.454700E-17   7.290905E-18   7.781318E-13   1.200000E+02   5.080733E-01
  1.394500000000E+01   7.399461E+00   6.100550E-04   6.558263E+01  -3.451347E-17   6.020662E-18   6.472381E-13   1.200000E+02   5.086803E-01
  1.395000000000E+01   7.399464E+00   6.042903E-04   6.557552E+01  -3.448903E-17   3.772573E-18   4.093868E-13   1.200000E+02   5.092870E-01
  1.395500000000E+01   7.399467E+00   5.969767E-04   6.556585E+01  -3.447532E-17   1.809237E-18   1.987082E-13   1.200000E+02   5.098935E-01
  1.396000000000E+01   7.399470E+00   5.880387E-04   6.555337E+01  -3.447078E-17  -1.931339E-19  -2.153018E-14   1.200000E+02   5.104999E-01
  1.396500000000E+01   7.399473E+00   5.776824E-04   6.553833E+01  -3.447674E-17  -2.172719E-18  -2.464959E-13   1.200000E+02   5.111064E-01
  1.397000000000E+01   7.399476E+00   5.664210E-04   6.552144E+01  -3.449099E-17  -3.386312E-18  -3.917158E-13   1.200000E+02   5.117132E-01
  1.397500000000E+01   7.399479E+00   5.550272E-04   6.550395E+01  -3.451190E-17  -4.662224E-18  -5.502326E-13   1.200000E+02   5.123202E-01
  1.398000000000E+01   7.399482E+00   5.444255E-04   6.548745E+01  -3.453676E-17  -5.320560E-18  -6.399955E-13   1.200000E+02   5.129276E-01
  1.398500000000E+01   7.399484E+00   5.355523E-04   6.547368E+01  -3.456288E-17  -5.095835E-18  -6.229888E-13   1.200000E+02   5.135350E-01
  1.399000000000E+01   7.399487E+00   5.292164E-04   6.546427E+01  -3.458835E-17  -5.127884E-18  -6.343212E-13   1.200000E+02   5.141424E-01
  1.399500000000E+01   7.399490E+00   5.259820E-04   6.546040E+01  -3.461120E-17  -4.215992E-18  -5.246958E-13   1.200000E+02   5.147494E-01
  1.400000000000E+01   7.399492E+00   5.260843E-04   6.546260E+01  -3.463081E-17  -3.626326E-18  -4.512370E-13   1.200000E+02   5.153556E-01
  1.400500000000E+01   7.399495E+00   5.293799E-04   6.547060E+01  -3.464670E-17  -2.561210E-18  -3.167554E-13   1.200000E+02   5.159607E-01
  1.401000000000E+01   7.399497E+00   5.353313E-04   6.548333E+01  -3.465734E-17  -1.653123E-18  -2.022149E-13   1.200000E+02   5.165643E-01
  1.401500000000E+01   7.399500E+00   5.430340E-04   6.549904E+01  -3.466190E-17  -1.212445E-19  -1.462413E-14   1.200000E+02   5.171663E-01
  1.402000000000E+01   7.399503E+00   5.512959E-04   6.551553E+01  -3.465942E-17   1.166416E-18   1.386158E-13   1.200000E+02   5.177665E-01
  1.402500000000E+01   7.399506E+00   5.587768E-04   6.553045E+01  -3.464954E-17   2.592988E-18   3.040922E-13   1.200000E+02   5.183649E-01
  1.403000000000E+01   7.399508E+00   5.641794E-04   6.554167E+01  -3.463303E-17   4.178112E-18   4.853783E-13   1.200000E+02   5.189617E-01
  1.403500000000E+01   7.399511E+00   5.664567E-04   6.554751E+01  -3.460927E-17   5.374573E-18   6.219184E-13   1.200000E+02   5.195572E-01
  1.404000000000E+01   7.399514E+00   5.649852E-04   6.554698E+01  -3.458031E-17   6.132992E-18   7.115215E-13   1.200000E+02   5.201518E-01
  1.404500000000E+01   7.399517E+00   5.596511E-04   6.553985E+01  -3.454801E-17   6.534564E-18   7.652524E-13   1.200000E+02   5.207458E-01
  1.405000000000E+01   7.399520E+00   5.508248E-04   6.552656E+01  -3.451601E-17   5.999234E-18   7.136737E-13   1.200000E+02   5.213397E-01
  1.405500000000E+01   7.399522E+00   5.392365E-04   6.550811E+01  -3.448763E-17   5.217375E-18   6.338228E-13   1.200000E+02   5.219338E-01
  1.406000000000E+01   7.399525E+00   5.257989E-04   6.548586E+01  -3.446676E-17   3.431553E-18   4.273843E-13   1.200000E+02   5.225283E-01
  1.406500000000E+01   7.399528E+00   5.114337E-04   6.546124E+01  -3.445497E-17   1.594963E-18   2.041482E-13   1.200000E+02   5.231236E-01
  1.407000000000E+01   7.399530E+00   4.969453E-04   6.543563E+01  -3.445207E-17  -5.446199E-19  -7.171321E-14   1.200000E+02   5.237194E-01
  1.407500000000E+01   7.399533E+00   4.829617E-04   6.541020E+01  -3.445916E-17  -2.326666E-18  -3.151134E-13   1.200000E+02   5.243160E-01
  1.408000000000E+01   7.399535E+00   4.699356E-04   6.538594E+01  -3.447459E-17  -3.569732E-18  -4.966857E-13   1.200000E+02   5.249131E-01
  1.408500000000E+01   7.399537E+00   4.581872E-04   6.536361E+01  -3.449444E-17  -4.226577E-18  -6.029508E-13   1.200000E+02   5.255107E-01
  1.409000000000E+01   7.399540E+00   4.479610E-04   6.534393E+01  -3.451535E-17  -4.246214E-18  -6.193938E-13   1.200000E+02   5.261086E-01
  1.409500000000E+01   7.399542E+00   4.394740E-04   6.532755E+01  -3.453469E-17  -3.583573E-18  -5.326960E-13   1.200000E+02   5.267066E-01
  1.410000000000E+01   7.399544E+00   4.329374E-04   6.531514E+01  -3.455057E-17  -2.632357E-18  -3.971308E-13   1.200000E+02   5.273045E-01
  1.410500000000E+01   7.399546E+00   4.285470E-04   6.530734E+01  -3.456089E-17  -1.408227E-18  -2.146032E-13   1.200000E+02   5.279022E-01
  1.411000000000E+01   7.399548E+00   4.264420E-04   6.530459E+01  -3.456496E-17  -1.273669E-19  -1.950475E-14   1.200000E+02   5.284993E-01
  1.411500000000E+01   7.399550E+00   4.266426E-04   6.530702E+01  -3.456267E-17   1.112174E-18   1.702427E-13   1.200000E+02   5.290956E-01
  1.412000000000E+01   7.399553E+00   4.289792E-04   6.531424E+01  -3.455524E-17   1.870936E-18   2.848595E-13   1.200000E+02   5.296909E-01
  1.412500000000E+01   7.399555E+00   4.330298E-04   6.532523E+01  -3.454324E-17   2.727389E-18   4.114436E-13   1.200000E+02   5.302850E-01
  1.413000000000E+01   7.399557E+00   4.380874E-04   6.533834E+01  -3.452881E-17   3.232557E-18   4.821182E-13   1.200000E+02   5.308777E-01
  1.413500000000E+01   7.399559E+00   4.431805E-04   6.535140E+01  -3.451359E-17   2.822849E-18   4.162573E-13   1.200000E+02   5.314690E-01
  1.414000000000E+01   7.399561E+00   4.471660E-04   6.536195E+01  -3.449935E-17   2.553213E-18   3.732014E-13   1.200000E+02   5.320589E-01
  1.414500000000E+01   7.399564E+00   4.489004E-04   6.536762E+01  -3.448726E-17   2.034766E-18   2.962969E-13   1.200000E+02   5.326476E-01
  1.415000000000E+01   7.399566E+00   4.474623E-04   6.536649E+01  -3.447865E-17   1.236136E-18   1.805781E-13   1.200000E+02   5.332354E-01
  1.415500000000E+01   7.399568E+00   4.423682E-04   6.535744E+01  -3.447383E-17   6.157416E-19   9.097240E-14   1.200000E+02   5.338228E-01
  1.416000000000E+01   7.399570E+00   4.337082E-04   6.534041E+01  -3.447333E-17  -3.595593E-19  -5.416949E-14   1.200000E+02   5.344100E-01
  1.416500000000E+01   7.399572E+00   4.221468E-04   6.531642E+01  -3.447740E-17  -1.274830E-18  -1.972474E-13   1.200000E+02   5.349974E-01
  1.417000000000E+01   7.399575E+00   4.087855E-04   6.528749E+01  -3.448462E-17  -1.767248E-18  -2.822488E-13   1.200000E+02   5.355854E-01
  1.417500000000E+01   7.399577E+00   3.949354E-04   6.525636E+01  -3.449509E-17  -2.167689E-18  -3.581737E-13   1.200000E+02   5.361740E-01
  1.418000000000E+01   7.399578E+00   3.818794E-04   6.522604E+01  -3.450699E-17  -2.485860E-18  -4.245916E-13   1.200000E+02   5.367632E-01
  1.418500000000E+01   7.399580E+00   3.706852E-04   6.519943E+01  -3.451986E-17  -2.490210E-18  -4.380005E-13   1.200000E+02   5.373529E-01
  1.419000000000E+01   7.399582E+00   3.621020E-04   6.517890E+01  -3.453188E-17  -2.299020E-18  -4.138270E-13   1.200000E+02   5.379428E-01
  1.419500000000E+01   7.399584E+00   3.565326E-04   6.516597E+01  -3.454121E-17  -1.628664E-18  -2.976824E-13   1.200000E+02   5.385326E-01
  1.420000000000E+01   7.399586E+00   3.540562E-04   6.516123E+01  -3.454833E-17  -1.037604E-18  -1.909628E-13   1.200000E+02   5.391220E-01
  1.420500000000E+01   7.399588E+00   3.544774E-04   6.516433E+01  -3.455118E-17   7.101105E-21   1.305411E-15   1.200000E+02   5.397107E-01
  1.421000000000E+01   7.399589E+00   3.573833E-04   6.517411E+01  -3.454912E-17   9.273035E-19   1.691075E-13   1.200000E+02   5.402983E-01
  1.421500000000E+01   7.399591E+00   3.622018E-04   6.518891E+01  -3.454243E-17   1.639701E-18   2.951127E-13   1.200000E+02   5.408847E-01
  1.422000000000E+01   7.399593E+00   3.682594E-04   6.520678E+01  -3.453228E-17   2.381850E-18   4.217483E-13   1.200000E+02   5.414696E-01
  1.422500000000E+01   7.399595E+00   3.748354E-04   6.522570E+01  -3.451939E-17   2.659868E-18   4.628479E-13   1.200000E+02   5.420530E-01
  1.423000000000E+01   7.399597E+00   3.812111E-04   6.524382E+01  -3.450590E-17   2.712649E-18   4.642665E-13   1.200000E+02   5.426348E-01
  1.423500000000E+01   7.399599E+00   3.867099E-04   6.525950E+01  -3.449327E-17   2.273151E-18   3.836072E-13   1.200000E+02   5.432152E-01
  1.424000000000E+01   7.399601E+00   3.907284E-04   6.527134E+01  -3.448483E-17   1.084535E-18   1.811721E-13   1.200000E+02   5.437942E-01
  1.424500000000E+01   7.399602E+00   3.927640E-04   6.527825E+01  -3.448160E-17   5.355205E-20   8.900468E-15   1.200000E+02   5.443720E-01
  1.425000000000E+01   7.399604E+00   3.924451E-04   6.527938E+01  -3.448295E-17  -6.183148E-19  -1.028506E-13   1.200000E+02   5.449490E-01
  1.425500000000E+01   7.399606E+00   3.895674E-04   6.527422E+01  -3.448811E-17  -1.243586E-18  -2.083698E-13   1.200000E+02   5.455252E-01
  1.426000000000E+01   7.399608E+00   3.841346E-04   6.526265E+01  -3.449510E-17  -1.354569E-18  -2.301348E-13   1.200000E+02   5.461011E-01
  1.426500000000E+01   7.399610E+00   3.763888E-04   6.524500E+01  -3.450041E-17  -9.167698E-19  -1.589172E-13   1.200000E+02   5.466769E-01
  1.427000000000E+01   7.399612E+00   3.668162E-04   6.522218E+01  -3.450445E-17  -5.520523E-19  -9.815830E-14   1.200000E+02   5.472529E-01
  1.427500000000E+01   7.399614E+00   3.561138E-04   6.519567E+01  -3.450548E-17   2.802803E-19   5.131243E-14   1.200000E+02   5.478291E-01
  1.428000000000E+01   7.399616E+00   3.451179E-04   6.516747E+01  -3.450297E-17   8.027843E-19   1.515871E-13   1.200000E+02   5.484057E-01
  1.428500000000E+01   7.399617E+00   3.347077E-04   6.513998E+01  -3.449805E-17   1.175656E-18   2.288032E-13   1.200000E+02   5.489827E-01
  1.429000000000E+01   7.399619E+00   3.257061E-04   6.511572E+01  -3.449096E-17   1.469048E-18   2.936947E-13   1.200000E+02   5.495599E-01
  1.429500000000E+01   7.399621E+00   3.187966E-04   6.509705E+01  -3.448245E-17   1.552522E-18   3.170192E-13   1.200000E+02   5.501371E-01
  1.430000000000E+01   7.399622E+00   3.144673E-04   6.508584E+01  -3.447515E-17   1.301093E-18   2.692895E-13   1.200000E+02   5.507142E-01
  1.430500000000E+01   7.399624E+00   3.129805E-04   6.508320E+01  -3.447103E-17   4.799204E-19   9.979777E-14   1.200000E+02   5.512907E-01
  1.431000000000E+01   7.399625E+00   3.143605E-04   6.508933E+01  -3.447055E-17  -4.090375E-19  -8.469251E-14   1.200000E+02   5.518665E-01
  1.431500000000E+01   7.399627E+00   3.183914E-04   6.510347E+01  -3.447503E-17  -1.375497E-18  -2.812565E-13   1.200000E+02   5.524411E-01
  1.432000000000E+01   7.399629E+00   3.246250E-04   6.512398E+01  -3.448378E-17  -2.086583E-18  -4.185955E-13   1.200000E+02   5.530144E-01
  1.432500000000E+01   7.399630E+00   3.324025E-04   6.514861E+01  -3.449650E-17  -2.884919E-18  -5.654243E-13   1.200000E+02   5.535861E-01
  1.433000000000E+01   7.399632E+00   3.408997E-04   6.517473E+01  -3.451203E-17  -3.409524E-18  -6.518479E-13   1.200000E+02   5.541561E-01
  1.433500000000E+01   7.399634E+00   3.492024E-04   6.519972E+01  -3.452841E-17  -3.143648E-18  -5.869518E-13   1.200000E+02   5.547245E-01
  1.434000000000E+01   7.399635E+00   3.564078E-04   6.522120E+01  -3.454282E-17  -2.525719E-18  -4.621964E-13   1.200000E+02   5.552911E-01
  1.434500000000E+01   7.399637E+00   3.617379E-04   6.523733E+01  -3.455344E-17  -1.635754E-18  -2.949988E-13   1.200000E+02   5.558563E-01
  1.435000000000E+01   7.399639E+00   3.646391E-04   6.524686E+01  -3.455874E-17  -5.045040E-19  -9.027366E-14   1.200000E+02   5.564203E-01
  1.435500000000E+01   7.399641E+00   3.648464E-04   6.524928E+01  -3.455851E-17   7.096501E-19   1.269141E-13   1.200000E+02   5.569833E-01
  1.436000000000E+01   7.399643E+00   3.623977E-04   6.524468E+01  -3.455292E-17   1.437103E-18   2.587305E-13   1.200000E+02   5.575456E-01
  1.436500000000E+01   7.399644E+00   3.576011E-04   6.523375E+01  -3.454321E-17   2.310830E-18   4.215427E-13   1.200000E+02   5.581076E-01
  1.437000000000E+01   7.399646E+00   3.509681E-04   6.521764E+01  -3.453012E-17   2.859633E-18   5.313830E-13   1.200000E+02   5.586694E-01
  1.437500000000E+01   7.399648E+00   3.431340E-04   6.519783E+01  -3.451525E-17   3.049690E-18   5.794621E-13   1.200000E+02   5.592312E-01
  1.438000000000E+01   7.399650E+00   3.347794E-04   6.517603E+01  -3.450056E-17   2.900574E-18   5.646940E-13   1.200000E+02   5.597932E-01
  1.438500000000E+01   7.399651E+00   3.265661E-04   6.515405E+01  -3.448741E-17   2.652079E-18   5.291231E-13   1.200000E+02   5.603552E-01
  1.439000000000E+01   7.399653E+00   3.190880E-04   6.513367E+01  -3.447599E-17   1.896632E-18   3.871490E-13   1.200000E+02   5.609174E-01
  1.439500000000E+01   7.399654E+00   3.128378E-04   6.511655E+01  -3.446758E-17   1.281790E-18   2.668020E-13   1.200000E+02   5.614795E-01
  1.440000000000E+01   7.399656E+00   3.081841E-04   6.510402E+01  -3.446257E-17   6.743293E-19   1.424523E-13   1.200000E+02   5.620415E-01
  1.440500000000E+01   7.399658E+00   3.053562E-04   6.509703E+01  -3.446043E-17   2.319880E-19   4.945611E-14   1.200000E+02   5.626031E-01
  1.441000000000E+01   7.399659E+00   3.044336E-04   6.509599E+01  -3.445965E-17   9.001542E-21   1.924769E-15   1.200000E+02   5.631641E-01
  1.441500000000E+01   7.399661E+00   3.053380E-04   6.510069E+01  -3.446039E-17  -2.661583E-19  -5.674724E-14   1.200000E+02   5.637244E-01
  1.442000000000E+01   7.399662E+00   3.078320E-04   6.511036E+01  -3.446214E-17  -3.768925E-19  -7.971751E-14   1.200000E+02   5.642837E-01
  1.442500000000E+01   7.399664E+00   3.115254E-04   6.512366E+01  -3.446365E-17  -2.821812E-19  -5.898932E-14   1.200000E+02   5.648419E-01
  1.443000000000E+01   7.399665E+00   3.158976E-04   6.513889E+01  -3.446502E-17  -2.600563E-19  -5.362427E-14   1.200000E+02   5.653989E-01
  1.443500000000E+01   7.399667E+00   3.203407E-04   6.515414E+01  -3.446659E-17  -3.967680E-19  -8.069870E-14   1.200000E+02   5.659547E-01
  1.444000000000E+01   7.399668E+00   3.242217E-04   6.516754E+01  -3.446922E-17  -7.801785E-19  -1.568134E-13   1.200000E+02   5.665092E-01
  1.444500000000E+01   7.399670E+00   3.269602E-04   6.517745E+01  -3.447370E-17  -9.910230E-19  -1.975542E-13   1.200000E+02   5.670627E-01
  1.445000000000E+01   7.399672E+00   3.281041E-04   6.518263E+01  -3.447940E-17  -1.176652E-18  -2.337590E-13   1.200000E+02   5.676151E-01
  1.445500000000E+01   7.399673E+00   3.273883E-04   6.518236E+01  -3.448621E-17  -1.461266E-18  -2.909353E-13   1.200000E+02   5.681668E-01
  1.446000000000E+01   7.399675E+00   3.247610E-04   6.517645E+01  -3.449409E-17  -1.710861E-18  -3.433536E-13   1.200000E+02   5.687180E-01
  1.446500000000E+01   7.399677E+00   3.203738E-04   6.516522E+01  -3.450373E-17  -1.806319E-18  -3.674121E-13   1.200000E+02   5.692688E-01
  1.447000000000E+01   7.399678E+00   3.145407E-04   6.514941E+01  -3.451190E-17  -1.636177E-18  -3.388941E-13   1.200000E+02   5.698193E-01
  1.447500000000E+01   7.399680E+00   3.076824E-04   6.513007E+01  -3.452031E-17  -1.510461E-18  -3.197336E-13   1.200000E+02   5.703699E-01
  1.448000000000E+01   7.399681E+00   3.002682E-04   6.510848E+01  -3.452694E-17  -1.086221E-18  -2.355301E-13   1.200000E+02   5.709205E-01
  1.448500000000E+01   7.399683E+00   2.927689E-04   6.508603E+01  -3.453099E-17  -5.130777E-19  -1.140633E-13   1.200000E+02   5.714711E-01
  1.449000000000E+01   7.399684E+00   2.856244E-04   6.506413E+01  -3.453193E-17   1.247766E-19   2.842363E-14   1.200000E+02   5.720219E-01
  1.449500000000E+01   7.399686E+00   2.792242E-04   6.504420E+01  -3.452963E-17   8.444143E-19   1.967030E-13   1.200000E+02   5.725726E-01
  1.450000000000E+01   7.399687E+00   2.738958E-04   6.502753E+01  -3.452457E-17   1.167695E-18   2.772307E-13   1.200000E+02   5.731232E-01
  1.450500000000E+01   7.399688E+00   2.698966E-04   6.501524E+01  -3.451766E-17   1.545256E-18   3.722359E-13   1.200000E+02   5.736736E-01
  1.451000000000E+01   7.399690E+00   2.674043E-04   6.500816E+01  -3.450944E-17   1.723999E-18   4.191182E-13   1.200000E+02   5.742236E-01
  1.451500000000E+01   7.399691E+00   2.665044E-04   6.500674E+01  -3.450009E-17   1.897920E-18   4.629478E-13   1.200000E+02   5.747731E-01
  1.452000000000E+01   7.399692E+00   2.671740E-04   6.501097E+01  -3.449049E-17   1.985684E-18   4.831729E-13   1.200000E+02   5.753218E-01
  1.452500000000E+01   7.399694E+00   2.692660E-04   6.502027E+01  -3.448173E-17   1.603372E-18   3.871699E-13   1.200000E+02   5.758697E-01
  1.453000000000E+01   7.399695E+00   2.724965E-04   6.503354E+01  -3.447435E-17   1.329917E-18   3.173956E-13   1.200000E+02   5.764166E-01
  1.453500000000E+01   7.399696E+00   2.764458E-04   6.504916E+01  -3.446809E-17   1.078026E-18   2.536653E-13   1.200000E+02   5.769623E-01
  1.454000000000E+01   7.399698E+00   2.805782E-04   6.506521E+01  -3.446418E-17   5.132850E-19   1.190292E-13   1.200000E+02   5.775068E-01
  1.454500000000E+01   7.399699E+00   2.842888E-04   6.507962E+01  -3.446189E-17   2.205564E-19   5.048996E-14   1.200000E+02   5.780503E-01
  1.455000000000E+01   7.399701E+00   2.869773E-04   6.509046E+01  -3.446172E-17  -9.478239E-20  -2.149797E-14   1.200000E+02   5.785926E-01
  1.455500000000E+01   7.399702E+00   2.881368E-04   6.509612E+01  -3.446419E-17  -7.617711E-19  -1.721000E-13   1.200000E+02   5.791340E-01
  1.456000000000E+01   7.399704E+00   2.874389E-04   6.509559E+01  -3.446916E-17  -1.311529E-18  -2.970188E-13   1.200000E+02   5.796747E-01
  1.456500000000E+01   7.399705E+00   2.847912E-04   6.508850E+01  -3.447610E-17  -1.546276E-18  -3.533986E-13   1.200000E+02   5.802148E-01
  1.457000000000E+01   7.399706E+00   2.803495E-04   6.507519E+01  -3.448457E-17  -1.646776E-18  -3.822523E-13   1.200000E+02   5.807547E-01
  1.457500000000E+01   7.399708E+00   2.744814E-04   6.505668E+01  -3.449295E-17  -1.662096E-18  -3.939446E-13   1.200000E+02   5.812943E-01
  1.458000000000E+01   7.399709E+00   2.676939E-04   6.503443E+01  -3.450045E-17  -1.288676E-18  -3.130752E-13   1.200000E+02   5.818340E-01
  1.458500000000E+01   7.399710E+00   2.605477E-04   6.501024E+01  -3.450540E-17  -6.195472E-19  -1.545856E-13   1.200000E+02   5.823737E-01
  1.459000000000E+01   7.399712E+00   2.535805E-04   6.498601E+01  -3.450651E-17   2.794787E-19   7.162304E-14   1.200000E+02   5.829135E-01
  1.459500000000E+01   7.399713E+00   2.472534E-04   6.496354E+01  -3.450257E-17   1.266950E-18   3.328792E-13   1.200000E+02   5.834533E-01
  1.460000000000E+01   7.399714E+00   2.419243E-04   6.494442E+01  -3.449441E-17   2.030202E-18   5.450064E-13   1.200000E+02   5.839930E-01
  1.460500000000E+01   7.399715E+00   2.378436E-04   6.492987E+01  -3.448352E-17   2.375503E-18   6.484980E-13   1.200000E+02   5.845326E-01
  1.461000000000E+01   7.399717E+00   2.351638E-04   6.492078E+01  -3.447161E-17   2.361597E-18   6.519570E-13   1.200000E+02   5.850718E-01
  1.461500000000E+01   7.399718E+00   2.339545E-04   6.491762E+01  -3.446079E-17   1.837114E-18   5.097618E-13   1.200000E+02   5.856105E-01
  1.462000000000E+01   7.399719E+00   2.342148E-04   6.492047E+01  -3.445368E-17   9.220397E-19   2.555741E-13   1.200000E+02   5.861486E-01
  1.462500000000E+01   7.399720E+00   2.358806E-04   6.492906E+01  -3.445233E-17  -4.634826E-19  -1.275793E-13   1.200000E+02   5.866859E-01
  1.463000000000E+01   7.399721E+00   2.388247E-04   6.494274E+01  -3.445829E-17  -1.908485E-18  -5.189674E-13   1.200000E+02   5.872222E-01
  1.463500000000E+01   7.399722E+00   2.428526E-04   6.496058E+01  -3.447058E-17  -3.040648E-18  -8.133421E-13   1.200000E+02   5.877574E-01
  1.464000000000E+01   7.399724E+00   2.476958E-04   6.498130E+01  -3.448811E-17  -3.976798E-18  -1.043286E-12   1.200000E+02   5.882915E-01
  1.464500000000E+01   7.399725E+00   2.530099E-04   6.500345E+01  -3.450868E-17  -4.172398E-18  -1.071975E-12   1.200000E+02   5.888243E-01
  1.465000000000E+01   7.399726E+00   2.583825E-04   6.502538E+01  -3.452880E-17  -3.690843E-18  -9.288495E-13   1.200000E+02   5.893559E-01
  1.465500000000E+01   7.399728E+00   2.633562E-04   6.504544E+01  -3.454487E-17  -2.440393E-18  -6.027444E-13   1.200000E+02   5.898862E-01
  1.466000000000E+01   7.399729E+00   2.674682E-04   6.506207E+01  -3.455207E-17  -4.556353E-19  -1.108340E-13   1.200000E+02   5.904153E-01
  1.466500000000E+01   7.399730E+00   2.703037E-04   6.507395E+01  -3.454915E-17   1.760056E-18   4.237226E-13   1.200000E+02   5.909434E-01
  1.467000000000E+01   7.399732E+00   2.715531E-04   6.508012E+01  -3.453488E-17   3.817081E-18   9.147974E-13   1.200000E+02   5.914706E-01
  1.467500000000E+01   7.399733E+00   2.710612E-04   6.508013E+01  -3.451203E-17   5.091174E-18   1.222359E-12   1.200000E+02   5.919971E-01
  1.468000000000E+01   7.399734E+00   2.688544E-04   6.507402E+01  -3.448431E-17   5.619723E-18   1.360208E-12   1.200000E+02   5.925230E-01
  1.468500000000E+01   7.399736E+00   2.651398E-04   6.506241E+01  -3.445712E-17   5.161798E-18   1.266649E-12   1.200000E+02   5.930486E-01
  1.469000000000E+01   7.399737E+00   2.602767E-04   6.504638E+01  -3.443413E-17   3.839931E-18   9.596464E-13   1.200000E+02   5.935739E-01
  1.469500000000E+01   7.399738E+00   2.547270E-04   6.502743E+01  -3.441931E-17   1.926320E-18   4.917565E-13   1.200000E+02   5.940992E-01
  1.470000000000E+01   7.399739E+00   2.489991E-04   6.500734E+01  -3.441534E-17  -2.364176E-19  -6.172265E-14   1.200000E+02   5.946245E-01
  1.470500000000E+01   7.399741E+00   2.435951E-04   6.498802E+01  -3.442202E-17  -2.413181E-18  -6.438053E-13   1.200000E+02   5.951496E-01
  1.471000000000E+01   7.399742E+00   2.389701E-04   6.497135E+01  -3.443810E-17  -4.002896E-18  -1.088310E-12   1.200000E+02   5.956747E-01
  1.471500000000E+01   7.399743E+00   2.355046E-04   6.495907E+01  -3.446093E-17  -5.068083E-18  -1.397926E-12   1.200000E+02   5.961995E-01
  1.472000000000E+01   7.399744E+00   2.334886E-04   6.495256E+01  -3.448735E-17  -5.310250E-18  -1.477221E-12   1.200000E+02   5.967240E-01
  1.472500000000E+01   7.399745E+00   2.331124E-04   6.495275E+01  -3.451238E-17  -4.604105E-18  -1.282854E-12   1.200000E+02   5.972479E-01
  1.473000000000E+01   7.399747E+00   2.344584E-04   6.496001E+01  -3.453293E-17  -3.480660E-18  -9.643658E-13   1.200000E+02   5.977711E-01
  1.473500000000E+01   7.399748E+00   2.374910E-04   6.497408E+01  -3.454668E-17  -1.999751E-18  -5.471027E-13   1.200000E+02   5.982935E-01
  1.474000000000E+01   7.399749E+00   2.420439E-04   6.499404E+01  -3.455265E-17  -3.328726E-19  -8.938352E-14   1.200000E+02   5.988147E-01
  1.474500000000E+01   7.399750E+00   2.478085E-04   6.501836E+01  -3.455086E-17   1.038119E-18   2.723749E-13   1.200000E+02   5.993347E-01
  1.475000000000E+01   7.399751E+00   2.543306E-04   6.504502E+01  -3.454255E-17   2.143473E-18   5.481930E-13   1.200000E+02   5.998534E-01
  1.475500000000E+01   7.399753E+00   2.610259E-04   6.507168E+01  -3.452968E-17   2.903515E-18   7.238232E-13   1.200000E+02   6.003708E-01
  1.476000000000E+01   7.399754E+00   2.672235E-04   6.509591E+01  -3.451505E-17   2.828729E-18   6.890811E-13   1.200000E+02   6.008868E-01
  1.476500000000E+01   7.399755E+00   2.722402E-04   6.511548E+01  -3.450158E-17   2.487087E-18   5.948712E-13   1.200000E+02   6.014015E-01
  1.477000000000E+01   7.399757E+00   2.754772E-04   6.512853E+01  -3.449011E-17   2.002541E-18   4.734423E-13   1.200000E+02   6.019151E-01
  1.477500000000E+01   7.399758E+00   2.765197E-04   6.513385E+01  -3.448190E-17   1.380273E-18   3.251216E-13   1.200000E+02   6.024278E-01
  1.478000000000E+01   7.399760E+00   2.752103E-04   6.513099E+01  -3.447620E-17   9.405910E-19   2.225993E-13   1.200000E+02   6.029399E-01
  1.478500000000E+01   7.399761E+00   2.716756E-04   6.512028E+01  -3.447253E-17   5.546694E-19   1.329535E-13   1.200000E+02   6.034517E-01
  1.479000000000E+01   7.399762E+00   2.662960E-04   6.510278E+01  -3.446988E-17   4.980506E-19   1.217610E-13   1.200000E+02   6.039633E-01
  1.479500000000E+01   7.399764E+00   2.596303E-04   6.508014E+01  -3.446647E-17   9.557632E-19   2.395761E-13   1.200000E+02   6.044749E-01
  1.480000000000E+01   7.399765E+00   2.523195E-04   6.505441E+01  -3.446122E-17   1.234925E-18   3.183951E-13   1.200000E+02   6.049866E-01
  1.480500000000E+01   7.399766E+00   2.449967E-04   6.502784E+01  -3.445471E-17   1.439800E-18   3.821566E-13   1.200000E+02   6.054985E-01
  1.481000000000E+01   7.399767E+00   2.382205E-04   6.500261E+01  -3.444736E-17   1.565006E-18   4.270392E-13   1.200000E+02   6.060106E-01
  1.481500000000E+01   7.399768E+00   2.324398E-04   6.498072E+01  -3.443937E-17   1.604406E-18   4.485267E-13   1.200000E+02   6.065227E-01
  1.482000000000E+01   7.399770E+00   2.279849E-04   6.496384E+01  -3.443277E-17   9.465383E-19   2.697143E-13   1.200000E+02   6.070347E-01
  1.482500000000E+01   7.399771E+00   2.250746E-04   6.495321E+01  -3.442917E-17   3.423969E-19   9.881067E-14   1.200000E+02   6.075465E-01
  1.483000000000E+01   7.399772E+00   2.238299E-04   6.494958E+01  -3.442961E-17  -5.397924E-19  -1.566336E-13   1.200000E+02   6.080579E-01
  1.483500000000E+01   7.399773E+00   2.242822E-04   6.495321E+01  -3.443462E-17  -1.602313E-18  -4.640377E-13   1.200000E+02   6.085687E-01
  1.484000000000E+01   7.399774E+00   2.263741E-04   6.496382E+01  -3.444451E-17  -2.292266E-18  -6.578242E-13   1.200000E+02   6.090787E-01
  1.484500000000E+01   7.399775E+00   2.299484E-04   6.498054E+01  -3.445820E-17  -3.104722E-18  -8.773555E-13   1.200000E+02   6.095878E-01
  1.485000000000E+01   7.399776E+00   2.347297E-04   6.500198E+01  -3.447434E-17  -3.460103E-18  -9.581810E-13   1.200000E+02   6.100958E-01
  1.485500000000E+01   7.399778E+00   2.403063E-04   6.502620E+01  -3.449221E-17  -3.662794E-18  -9.911419E-13   1.200000E+02   6.106026E-01
  1.486000000000E+01   7.399779E+00   2.461238E-04   6.505084E+01  -3.450910E-17  -2.989221E-18  -7.900549E-13   1.200000E+02   6.111082E-01
  1.486500000000E+01   7.399780E+00   2.515078E-04   6.507329E+01  -3.452157E-17  -1.955193E-18  -5.058722E-13   1.200000E+02   6.116125E-01
  1.487000000000E+01   7.399781E+00   2.557256E-04   6.509092E+01  -3.452793E-17  -5.186907E-19  -1.320245E-13   1.200000E+02   6.121157E-01
  1.487500000000E+01   7.399783E+00   2.580907E-04   6.510143E+01  -3.452617E-17   1.061799E-18   2.678308E-13   1.200000E+02   6.126180E-01
  1.488000000000E+01   7.399784E+00   2.580931E-04   6.510310E+01  -3.451700E-17   2.611513E-18   6.587450E-13   1.200000E+02   6.131194E-01
  1.488500000000E+01   7.399785E+00   2.555191E-04   6.509514E+01  -3.450146E-17   3.567699E-18   9.088944E-13   1.200000E+02   6.136205E-01
  1.489000000000E+01   7.399786E+00   2.505191E-04   6.507783E+01  -3.448231E-17   4.071909E-18   1.057768E-12   1.200000E+02   6.141213E-01
  1.489500000000E+01   7.399788E+00   2.435946E-04   6.505258E+01  -3.446194E-17   4.002367E-18   1.068842E-12   1.200000E+02   6.146221E-01
  1.490000000000E+01   7.399789E+00   2.355048E-04   6.502182E+01  -3.444323E-17   3.443990E-18   9.508700E-13   1.200000E+02   6.151232E-01
  1.490500000000E+01   7.399790E+00   2.271241E-04   6.498869E+01  -3.442781E-17   2.598204E-18   7.434433E-13   1.200000E+02   6.156246E-01
  1.491000000000E+01   7.399791E+00   2.192980E-04   6.495670E+01  -3.441739E-17   1.494196E-18   4.425851E-13   1.200000E+02   6.161262E-01
  1.491500000000E+01   7.399792E+00   2.127329E-04   6.492918E+01  -3.441278E-17   3.156770E-19   9.634921E-14   1.200000E+02   6.166280E-01
  1.492000000000E+01   7.399793E+00   2.079372E-04   6.490896E+01  -3.441443E-17  -9.518766E-19  -2.971345E-13   1.200000E+02   6.171299E-01
  1.492500000000E+01   7.399794E+00   2.052050E-04   6.489792E+01  -3.442178E-17  -1.945341E-18  -6.152316E-13   1.200000E+02   6.176315E-01
  1.493000000000E+01   7.399795E+00   2.046293E-04   6.489689E+01  -3.443386E-17  -2.871886E-18  -9.108003E-13   1.200000E+02   6.181327E-01
  1.493500000000E+01   7.399796E+00   2.061251E-04   6.490554E+01  -3.444958E-17  -3.316303E-18  -1.044251E-12   1.200000E+02   6.186333E-01
  1.494000000000E+01   7.399797E+00   2.094552E-04   6.492258E+01  -3.446652E-17  -3.388843E-18  -1.050403E-12   1.200000E+02   6.191330E-01
  1.494500000000E+01   7.399798E+00   2.142559E-04   6.494599E+01  -3.448261E-17  -3.002308E-18  -9.100701E-13   1.200000E+02   6.196316E-01
  1.495000000000E+01   7.399800E+00   2.200660E-04   6.497332E+01  -3.449549E-17  -2.097186E-18  -6.191829E-13   1.200000E+02   6.201291E-01
  1.495500000000E+01   7.399801E+00   2.263616E-04   6.500205E+01  -3.450338E-17  -1.040286E-18  -2.987288E-13   1.200000E+02   6.206253E-01
  1.496000000000E+01   7.399802E+00   2.325959E-04   6.502977E+01  -3.450588E-17   1.398587E-19   3.910207E-14   1.200000E+02   6.211203E-01
  1.496500000000E+01   7.399803E+00   2.382409E-04   6.505443E+01  -3.450152E-17   1.603940E-18   4.379744E-13   1.200000E+02   6.216140E-01
  1.497000000000E+01   7.399804E+00   2.428245E-04   6.507436E+01  -3.449079E-17   2.684660E-18   7.194600E-13   1.200000E+02   6.221065E-01
  1.497500000000E+01   7.399805E+00   2.459594E-04   6.508830E+01  -3.447534E-17   3.372040E-18   8.923438E-13   1.200000E+02   6.225980E-01
  1.498000000000E+01   7.399807E+00   2.473652E-04   6.509540E+01  -3.445791E-17   3.510185E-18   9.237228E-13   1.200000E+02   6.230887E-01
  1.498500000000E+01   7.399808E+00   2.468865E-04   6.509516E+01  -3.444060E-17   3.271279E-18   8.625197E-13   1.200000E+02   6.235788E-01
  1.499000000000E+01   7.399809E+00   2.445100E-04   6.508750E+01  -3.442645E-17   2.369841E-18   6.308414E-13   1.200000E+02   6.240684E-01
  1.499500000000E+01   7.399810E+00   2.403793E-04   6.507277E+01  -3.441742E-17   1.187528E-18   3.214740E-13   1.200000E+02   6.245579E-01
  1.500000000000E+01   7.399812E+00   2.348000E-04   6.505185E+01  -3.441435E-17   1.145875E-19   3.174671E-14   1.200000E+02   6.250472E-01
