# SCEC TPV101 on-fault time series
# problem=TPV101
# author=Tatva validation workflow
# date=2026-08-26
# code=Tatva
# code_version=TPV101-validation-1
# element_size=100 m
# time_step=5.000000000000e-03
# internal_time_step=1.000000000000e-03
# num_time_steps=3001
# location=on fault, 0 km along strike, 12 km down-dip
# Column #1 = Time (s)
# Column #2 = horizontal slip (m)
# Column #3 = horizontal slip rate (m/s)
# Column #4 = horizontal shear stress (MPa)
# Column #5 = vertical slip (m)
# Column #6 = vertical slip rate (m/s)
# Column #7 = vertical shear stress (MPa)
# Column #8 = normal stress, positive in compression (MPa)
# Column #9 = log10 of state variable (log-seconds)
t h-slip h-slip-rate h-shear-stress v-slip v-slip-rate v-shear-stress n-stress log-theta
  0.000000000000E+00   0.000000E+00   1.000000E-12   7.500000E+01   0.000000E+00   0.000000E+00   0.000000E+00   1.200000E+02   9.205810E+00
  5.000000000000E-03   5.000356E-15   1.000089E-12   7.500009E+01  -1.247165E-49  -1.061622E-47  -7.961467E-34   1.200000E+02   9.205810E+00
  1.000000000000E-02   1.000080E-14   1.000089E-12   7.500009E+01   6.201322E-48   2.877349E-45   2.157822E-31   1.200000E+02   9.205810E+00
  1.500000000000E-02   1.500124E-14   1.000089E-12   7.500009E+01   2.284927E-47  -2.511294E-43  -1.883305E-29   1.200000E+02   9.205810E+00
  2.000000000000E-02   2.000169E-14   1.000089E-12   7.500009E+01  -3.368556E-45  -1.289632E-42  -9.671395E-29   1.200000E+02   9.205810E+00
  2.500000000000E-02   2.500213E-14   1.000089E-12   7.500009E+01  -1.127538E-44  -1.779299E-42  -1.334357E-28   1.200000E+02   9.205810E+00
  3.000000000000E-02   3.000258E-14   1.000089E-12   7.500009E+01  -2.065795E-44  -9.809089E-43  -7.356171E-29   1.200000E+02   9.205810E+00
  3.500000000000E-02   3.500302E-14   1.000089E-12   7.500009E+01  -2.457493E-44  -8.565437E-43  -6.423514E-29   1.200000E+02   9.205810E+00
  4.000000000000E-02   4.000347E-14   1.000089E-12   7.500009E+01  -2.831622E-44  -4.688219E-43  -3.515856E-29   1.200000E+02   9.205810E+00
  4.500000000000E-02   4.500391E-14   1.000089E-12   7.500009E+01  -2.996373E-44   4.353550E-43   3.264876E-29   1.200000E+02   9.205810E+00
  5.000000000000E-02   5.000436E-14   1.000089E-12   7.500009E+01  -2.455104E-44   1.178317E-42   8.836601E-29   1.200000E+02   9.205810E+00
  5.500000000000E-02   5.500480E-14   1.000089E-12   7.500009E+01  -1.832332E-44   1.289983E-42   9.674022E-29   1.200000E+02   9.205810E+00
  6.000000000000E-02   6.000525E-14   1.000089E-12   7.500009E+01  -1.182393E-44   1.300317E-42   9.751525E-29   1.200000E+02   9.205810E+00
  6.500000000000E-02   6.500569E-14   1.000089E-12   7.500009E+01  -2.638063E-45   3.620605E-42   2.715215E-28   1.200000E+02   9.205810E+00
  7.000000000000E-02   7.000613E-14   1.000089E-12   7.500009E+01   1.365799E-44   3.046773E-42   2.284879E-28   1.200000E+02   9.205810E+00
  7.500000000000E-02   7.500658E-14   1.000089E-12   7.500009E+01   2.875628E-44   3.109481E-42   2.331906E-28   1.200000E+02   9.205810E+00
  8.000000000000E-02   8.000702E-14   1.000089E-12   7.500009E+01   4.653595E-44   3.005435E-42   2.253878E-28   1.200000E+02   9.205810E+00
  8.500000000000E-02   8.500747E-14   1.000089E-12   7.500009E+01   5.971499E-44   2.171575E-42   1.628538E-28   1.200000E+02   9.205810E+00
  9.000000000000E-02   9.000791E-14   1.000089E-12   7.500009E+01   7.440480E-44   1.657999E-42   1.243390E-28   1.200000E+02   9.205810E+00
  9.500000000000E-02   9.500836E-14   1.000089E-12   7.500009E+01   8.074471E-44   1.466634E-42   1.099879E-28   1.200000E+02   9.205810E+00
  1.000000000000E-01   1.000088E-13   1.000089E-12   7.500009E+01   8.633887E-44   9.906961E-43   7.429569E-29   1.200000E+02   9.205810E+00
  1.050000000000E-01   1.050092E-13   1.000089E-12   7.500009E+01   9.130726E-44  -6.621135E-44  -4.965416E-30   1.200000E+02   9.205810E+00
  1.100000000000E-01   1.100097E-13   1.000089E-12   7.500009E+01   9.428454E-44   1.785605E-42   1.339086E-28   1.200000E+02   9.205810E+00
  1.150000000000E-01   1.150101E-13   1.000089E-12   7.500009E+01   1.038826E-43  -1.046332E-42  -7.846802E-29   1.200000E+02   9.205810E+00
  1.200000000000E-01   1.200106E-13   1.000089E-12   7.500009E+01   9.870520E-44  -2.522731E-42  -1.891882E-28   1.200000E+02   9.205810E+00
  1.250000000000E-01   1.250110E-13   1.000089E-12   7.500009E+01   7.387331E-44  -2.872399E-42  -2.154110E-28   1.200000E+02   9.205810E+00
  1.300000000000E-01   1.300115E-13   1.000089E-12   7.500009E+01   4.150893E-44  -9.506409E-42  -7.129181E-28   1.200000E+02   9.205810E+00
  1.350000000000E-01   1.350119E-13   1.000089E-12   7.500009E+01  -5.957258E-45  -6.338774E-42  -4.753663E-28   1.200000E+02   9.205810E+00
  1.400000000000E-01   1.400124E-13   1.000089E-12   7.500009E+01  -4.401652E-44  -6.981269E-42  -5.235492E-28   1.200000E+02   9.205810E+00
  1.450000000000E-01   1.450128E-13   1.000089E-12   7.500009E+01  -7.208733E-44  -7.766697E-42  -5.824511E-28   1.200000E+02   9.205810E+00
  1.500000000000E-01   1.500132E-13   1.000089E-12   7.500009E+01  -9.970483E-44  -3.818319E-42  -2.863488E-28   1.200000E+02   9.205810E+00
  1.550000000000E-01   1.550137E-13   1.000089E-12   7.500009E+01  -1.078535E-43  -2.566653E-42  -1.924821E-28   1.200000E+02   9.205810E+00
  1.600000000000E-01   1.600141E-13   1.000089E-12   7.500009E+01  -1.153977E-43  -1.898935E-42  -1.424076E-28   1.200000E+02   9.205810E+00
  1.650000000000E-01   1.650146E-13   1.000089E-12   7.500009E+01  -1.159614E-43   1.108777E-43   8.315101E-30   1.200000E+02   9.205810E+00
  1.700000000000E-01   1.700150E-13   1.000089E-12   7.500009E+01  -1.135624E-43   3.486080E-42   2.614331E-28   1.200000E+02   9.205810E+00
  1.750000000000E-01   1.750155E-13   1.000089E-12   7.500009E+01  -1.069868E-43  -5.593370E-43  -4.194660E-29   1.200000E+02   9.205810E+00
  1.800000000000E-01   1.800159E-13   1.000089E-12   7.500009E+01  -1.108907E-43  -1.546245E-42  -1.159582E-28   1.200000E+02   9.205810E+00
  1.850000000000E-01   1.850164E-13   1.000089E-12   7.500009E+01  -1.323204E-43  -5.126650E-42  -3.844650E-28   1.200000E+02   9.205810E+00
  1.900000000000E-01   1.900168E-13   1.000089E-12   7.500009E+01  -1.584986E-43  -3.401085E-42  -2.550590E-28   1.200000E+02   9.205810E+00
  1.950000000000E-01   1.950172E-13   1.000089E-12   7.500009E+01  -1.665351E-43   4.122445E-43   3.091562E-29   1.200000E+02   9.205810E+00
  2.000000000000E-01   2.000177E-13   1.000089E-12   7.500009E+01  -1.601528E-43   3.270280E-42   2.452495E-28   1.200000E+02   9.205810E+00
  2.050000000000E-01   2.050181E-13   1.000089E-12   7.500009E+01  -1.396355E-43   7.400257E-42   5.549706E-28   1.200000E+02   9.205810E+00
  2.100000000000E-01   2.100186E-13   1.000089E-12   7.500009E+01  -9.173915E-44   1.360591E-41   1.020354E-27   1.200000E+02   9.205810E+00
  2.150000000000E-01   2.150190E-13   1.000089E-12   7.500009E+01  -2.604488E-44   1.168473E-41   8.762776E-28   1.200000E+02   9.205810E+00
  2.200000000000E-01   2.200195E-13   1.000089E-12   7.500009E+01   1.608937E-44   4.009816E-42   3.007098E-28   1.200000E+02   9.205810E+00
  2.250000000000E-01   2.250199E-13   1.000089E-12   7.500009E+01   3.030282E-44   3.453500E-42   2.589898E-28   1.200000E+02   9.205810E+00
  2.300000000000E-01   2.300204E-13   1.000089E-12   7.500009E+01   4.079060E-44   4.272318E-43   3.203957E-29   1.200000E+02   9.205810E+00
  2.350000000000E-01   2.350208E-13   1.000089E-12   7.500009E+01   3.374207E-44  -2.705032E-42  -2.028596E-28   1.200000E+02   9.205810E+00
  2.400000000000E-01   2.400212E-13   1.000089E-12   7.500009E+01   3.767849E-44   4.504474E-42   3.378059E-28   1.200000E+02   9.205810E+00
  2.450000000000E-01   2.450217E-13   1.000089E-12   7.500009E+01   6.392446E-44   5.858479E-42   4.393473E-28   1.200000E+02   9.205810E+00
  2.500000000000E-01   2.500221E-13   1.000089E-12   7.500009E+01   7.248316E-44  -3.169562E-42  -2.376963E-28   1.200000E+02   9.205810E+00
  2.550000000000E-01   2.550226E-13   1.000089E-12   7.500009E+01   5.094489E-44  -8.122627E-42  -6.091435E-28   1.200000E+02   9.205810E+00
  2.600000000000E-01   2.600230E-13   1.000089E-12   7.500009E+01   4.113497E-45  -1.289475E-41  -9.670213E-28   1.200000E+02   9.205810E+00
  2.650000000000E-01   2.650235E-13   1.000089E-12   7.500009E+01  -6.599066E-44  -1.618500E-41  -1.213768E-27   1.200000E+02   9.205810E+00
  2.700000000000E-01   2.700239E-13   1.000089E-12   7.500009E+01  -1.866901E-43  -2.578109E-41  -1.933412E-27   1.200000E+02   9.205810E+00
  2.750000000000E-01   2.750244E-13   1.000089E-12   7.500009E+01  -3.111422E-43  -3.069124E-41  -2.301641E-27   1.200000E+02   9.205810E+00
  2.800000000000E-01   2.800248E-13   1.000089E-12   7.500009E+01  -4.346919E-43  -2.263377E-41  -1.697384E-27   1.200000E+02   9.205810E+00
  2.850000000000E-01   2.850252E-13   1.000089E-12   7.500009E+01  -5.379059E-43  -2.061030E-41  -1.545637E-27   1.200000E+02   9.205810E+00
  2.900000000000E-01   2.900257E-13   1.000089E-12   7.500009E+01  -6.313151E-43  -1.713087E-41  -1.284703E-27   1.200000E+02   9.205810E+00
  2.950000000000E-01   2.950261E-13   1.000089E-12   7.500009E+01  -7.136428E-43  -1.234754E-41  -9.259843E-28   1.200000E+02   9.205810E+00
  3.000000000000E-01   3.000266E-13   1.000089E-12   7.500009E+01  -7.672123E-43  -7.241560E-42  -5.430693E-28   1.200000E+02   9.205810E+00
  3.050000000000E-01   3.050270E-13   1.000089E-12   7.500009E+01  -7.405722E-43   2.568580E-41   1.926266E-27   1.200000E+02   9.205810E+00
  3.100000000000E-01   3.100275E-13   1.000089E-12   7.500009E+01  -6.220728E-43   2.855846E-41   2.141697E-27   1.200000E+02   9.205810E+00
  3.150000000000E-01   3.150279E-13   1.000089E-12   7.500009E+01  -4.975955E-43   2.286218E-41   1.714513E-27   1.200000E+02   9.205810E+00
  3.200000000000E-01   3.200284E-13   1.000089E-12   7.500009E+01  -3.723839E-43   2.422144E-41   1.816449E-27   1.200000E+02   9.205810E+00
  3.250000000000E-01   3.250288E-13   1.000089E-12   7.500009E+01  -2.630742E-43   2.097884E-41   1.573275E-27   1.200000E+02   9.205810E+00
  3.300000000000E-01   3.300292E-13   1.000089E-12   7.500009E+01  -1.805699E-43   1.279105E-41   9.592447E-28   1.200000E+02   9.205810E+00
  3.350000000000E-01   3.350297E-13   1.000089E-12   7.500009E+01  -1.595452E-43   2.325367E-42   1.743872E-28   1.200000E+02   9.205810E+00
  3.400000000000E-01   3.400301E-13   1.000089E-12   7.500009E+01  -1.661029E-43   6.675436E-43   5.006137E-29   1.200000E+02   9.205810E+00
  3.450000000000E-01   3.450306E-13   1.000089E-12   7.500009E+01  -1.381831E-43   6.638476E-42   4.978420E-28   1.200000E+02   9.205810E+00
  3.500000000000E-01   3.500310E-13   1.000089E-12   7.500009E+01  -1.119697E-43   5.953767E-42   4.464933E-28   1.200000E+02   9.205810E+00
  3.550000000000E-01   3.550315E-13   1.000089E-12   7.500009E+01  -4.463172E-44   1.145281E-41   8.588855E-28   1.200000E+02   9.205810E+00
  3.600000000000E-01   3.600319E-13   1.000089E-12   7.500009E+01   1.412332E-44   1.000492E-41   7.503032E-28   1.200000E+02   9.205810E+00
  3.650000000000E-01   3.650324E-13   1.000089E-12   7.500009E+01   8.446500E-44   1.930289E-41   1.447589E-27   1.200000E+02   9.205810E+00
  3.700000000000E-01   3.700328E-13   1.000089E-12   7.500009E+01   2.170615E-43   3.714562E-41   2.785677E-27   1.200000E+02   9.205810E+00
  3.750000000000E-01   3.750332E-13   1.000089E-12   7.500009E+01   4.124305E-43   3.500724E-41   2.625312E-27   1.200000E+02   9.205810E+00
  3.800000000000E-01   3.800337E-13   1.000089E-12   7.500009E+01   6.192173E-43   4.467059E-41   3.350000E-27   1.200000E+02   9.205810E+00
  3.850000000000E-01   3.850341E-13   1.000089E-12   7.500009E+01   8.709466E-43   5.198257E-41   3.898350E-27   1.200000E+02   9.205810E+00
  3.900000000000E-01   3.900346E-13   1.000089E-12   7.500009E+01   1.129436E-42   5.736355E-41   4.301889E-27   1.200000E+02   9.205810E+00
  3.950000000000E-01   3.950350E-13   1.000089E-12   7.500009E+01   1.416141E-42   4.882684E-41   3.661692E-27   1.200000E+02   9.205810E+00
  4.000000000000E-01   4.000355E-13   1.000089E-12   7.500009E+01   1.647098E-42   3.978006E-41   2.983243E-27   1.200000E+02   9.205810E+00
  4.050000000000E-01   4.050359E-13   1.000089E-12   7.500009E+01   1.817613E-42   1.293048E-41   9.697010E-28   1.200000E+02   9.205810E+00
  4.100000000000E-01   4.100364E-13   1.000089E-12   7.500009E+01   1.765366E-42  -3.026244E-41  -2.269484E-27   1.200000E+02   9.205810E+00
  4.150000000000E-01   4.150368E-13   1.000089E-12   7.500009E+01   1.531091E-42  -6.453260E-41  -4.839520E-27   1.200000E+02   9.205810E+00
  4.200000000000E-01   4.200372E-13   1.000089E-12   7.500009E+01   1.110063E-42  -1.025302E-40  -7.689091E-27   1.200000E+02   9.205810E+00
  4.250000000000E-01   4.250377E-13   1.000089E-12   7.500009E+01   4.105121E-43  -1.689518E-40  -1.267027E-26   1.200000E+02   9.205810E+00
  4.300000000000E-01   4.300381E-13   1.000089E-12   7.500009E+01  -4.714539E-43  -1.880655E-40  -1.410367E-26   1.200000E+02   9.205810E+00
  4.350000000000E-01   4.350386E-13   1.000089E-12   7.500009E+01  -1.396244E-42  -1.737946E-40  -1.303345E-26   1.200000E+02   9.205810E+00
  4.400000000000E-01   4.400390E-13   1.000089E-12   7.500009E+01  -2.183280E-42  -1.435042E-40  -1.076187E-26   1.200000E+02   9.205810E+00
  4.450000000000E-01   4.450395E-13   1.000089E-12   7.500009E+01  -2.790861E-42  -8.905532E-41  -6.678563E-27   1.200000E+02   9.205810E+00
  4.500000000000E-01   4.500399E-13   1.000089E-12   7.500009E+01  -3.053509E-42  -1.862956E-41  -1.397095E-27   1.200000E+02   9.205810E+00
  4.550000000000E-01   4.550404E-13   1.000089E-12   7.500009E+01  -2.886938E-42   7.723957E-41   5.792459E-27   1.200000E+02   9.205810E+00
  4.600000000000E-01   4.600408E-13   1.000089E-12   7.500009E+01  -2.240278E-42   1.691087E-40   1.268204E-26   1.200000E+02   9.205810E+00
  4.650000000000E-01   4.650412E-13   1.000089E-12   7.500009E+01  -1.312529E-42   1.959127E-40   1.469217E-26   1.200000E+02   9.205810E+00
  4.700000000000E-01   4.700417E-13   1.000089E-12   7.500009E+01  -3.182121E-43   1.928635E-40   1.446349E-26   1.200000E+02   9.205810E+00
  4.750000000000E-01   4.750421E-13   1.000089E-12   7.500009E+01   6.193799E-43   1.741197E-40   1.305783E-26   1.200000E+02   9.205810E+00
  4.800000000000E-01   4.800426E-13   1.000089E-12   7.500009E+01   1.361395E-42   1.218457E-40   9.137626E-27   1.200000E+02   9.205810E+00
  4.850000000000E-01   4.850430E-13   1.000089E-12   7.500009E+01   1.894629E-42   6.737443E-41   5.052639E-27   1.200000E+02   9.205810E+00
  4.900000000000E-01   4.900435E-13   1.000089E-12   7.500009E+01   2.092961E-42   5.191811E-43   3.893516E-29   1.200000E+02   9.205810E+00
  4.950000000000E-01   4.950439E-13   1.000089E-12   7.500009E+01   1.878913E-42  -7.043487E-41  -5.282151E-27   1.200000E+02   9.205810E+00
  5.000000000000E-01   5.000444E-13   1.000089E-12   7.500009E+01   1.427785E-42  -1.092340E-40  -8.191832E-27   1.200000E+02   9.205810E+00
  5.050000000000E-01   5.050448E-13   1.000089E-12   7.500009E+01   8.316836E-43  -1.232358E-40  -9.241873E-27   1.200000E+02   9.205810E+00
  5.100000000000E-01   5.100453E-13   1.000089E-12   7.500009E+01   1.801134E-43  -1.288746E-40  -9.664748E-27   1.200000E+02   9.205810E+00
  5.150000000000E-01   5.150457E-13   1.000089E-12   7.500009E+01  -4.478028E-43  -1.094246E-40  -8.206124E-27   1.200000E+02   9.205810E+00
  5.200000000000E-01   5.200461E-13   1.000089E-12   7.500009E+01  -8.555134E-43  -5.595665E-41  -4.196380E-27   1.200000E+02   9.205810E+00
  5.250000000000E-01   5.250466E-13   1.000089E-12   7.500009E+01  -1.015404E-42  -4.069721E-42  -3.052023E-28   1.200000E+02   9.205810E+00
  5.300000000000E-01   5.300470E-13   1.000089E-12   7.500009E+01  -9.077461E-43   4.546373E-41   3.409480E-27   1.200000E+02   9.205810E+00
  5.350000000000E-01   5.350475E-13   1.000089E-12   7.500009E+01  -5.909742E-43   9.349463E-41   7.011482E-27   1.200000E+02   9.205810E+00
  5.400000000000E-01   5.400479E-13   1.000089E-12   7.500009E+01  -1.206984E-43   8.779976E-41   6.584404E-27   1.200000E+02   9.205810E+00
  5.450000000000E-01   5.450484E-13   1.000089E-12   7.500009E+01   3.917060E-43   6.322098E-41   4.741158E-27   1.200000E+02   9.205810E+00
  5.500000000000E-01   5.500488E-13   1.000089E-12   7.500009E+01   6.400946E-43   4.618680E-41   3.463706E-27   1.200000E+02   9.205810E+00
  5.550000000000E-01   5.550493E-13   1.000089E-12   7.500009E+01   7.743137E-43   8.830983E-42   6.622656E-28   1.200000E+02   9.205810E+00
  5.600000000000E-01   5.600497E-13   1.000089E-12   7.500009E+01   7.593380E-43  -1.609426E-41  -1.206964E-27   1.200000E+02   9.205810E+00
  5.650000000000E-01   5.650501E-13   1.000089E-12   7.500009E+01   6.754942E-43  -2.156458E-41  -1.617202E-27   1.200000E+02   9.205810E+00
  5.700000000000E-01   5.700506E-13   1.000089E-12   7.500009E+01   5.951815E-43  -1.608971E-41  -1.206622E-27   1.200000E+02   9.205810E+00
  5.750000000000E-01   5.750510E-13   1.000089E-12   7.500009E+01   5.248455E-43  -1.423894E-41  -1.067827E-27   1.200000E+02   9.205810E+00
  5.800000000000E-01   5.800515E-13   1.000089E-12   7.500009E+01   4.298374E-43   9.078312E-42   6.808137E-28   1.200000E+02   9.205810E+00
  5.850000000000E-01   5.850519E-13   1.000089E-12   7.500009E+01   6.371105E-43   4.740873E-41   3.555343E-27   1.200000E+02   9.205810E+00
  5.900000000000E-01   5.900524E-13   1.000089E-12   7.500009E+01   8.658697E-43   3.728295E-41   2.795976E-27   1.200000E+02   9.205810E+00
  5.950000000000E-01   5.950528E-13   1.000089E-12   7.500009E+01   1.038835E-42   3.159648E-41   2.369528E-27   1.200000E+02   9.205810E+00
  6.000000000000E-01   6.000533E-13   1.000089E-12   7.500009E+01   1.241491E-42   4.348229E-42   3.260886E-28   1.200000E+02   9.205810E+00
  6.050000000000E-01   6.050537E-13   1.000089E-12   7.500009E+01   1.277252E-42   1.450344E-42   1.087662E-28   1.200000E+02   9.205810E+00
  6.100000000000E-01   6.100541E-13   1.000089E-12   7.500009E+01   1.075525E-42  -4.479671E-41  -3.359458E-27   1.200000E+02   9.205810E+00
  6.150000000000E-01   6.150546E-13   1.000089E-12   7.500009E+01   7.389443E-43  -9.301259E-41  -6.975332E-27   1.200000E+02   9.205810E+00
  6.200000000000E-01   6.200550E-13   1.000089E-12   7.500009E+01   2.581419E-43  -1.070144E-40  -8.025373E-27   1.200000E+02   9.205810E+00
  6.250000000000E-01   6.250555E-13   1.000089E-12   7.500009E+01  -3.021084E-43  -1.000976E-40  -7.506658E-27   1.200000E+02   9.205810E+00
  6.300000000000E-01   6.300559E-13   1.000089E-12   7.500009E+01  -7.444591E-43  -8.257011E-41  -6.192215E-27   1.200000E+02   9.205810E+00
  6.350000000000E-01   6.350564E-13   1.000089E-12   7.500009E+01  -1.221629E-42  -9.163371E-41  -6.871925E-27   1.200000E+02   9.205810E+00
  6.400000000000E-01   6.400568E-13   1.000089E-12   7.500009E+01  -1.679069E-42  -6.535656E-41  -4.901312E-27   1.200000E+02   9.205810E+00
  6.450000000000E-01   6.450573E-13   1.000089E-12   7.500009E+01  -1.802340E-42   1.864918E-41   1.398566E-27   1.200000E+02   9.205810E+00
  6.500000000000E-01   6.500577E-13   1.000089E-12   7.500009E+01  -1.510786E-42   8.440861E-41   6.330091E-27   1.200000E+02   9.205810E+00
  6.550000000000E-01   6.550581E-13   1.000089E-12   7.500009E+01  -1.061911E-42   1.081915E-40   8.113647E-27   1.200000E+02   9.205810E+00
  6.600000000000E-01   6.600586E-13   1.000089E-12   7.500009E+01  -4.663924E-43   1.393003E-40   1.044660E-26   1.200000E+02   9.205810E+00
  6.650000000000E-01   6.650590E-13   1.000089E-12   7.500009E+01   2.789638E-43   1.742206E-40   1.306540E-26   1.200000E+02   9.205810E+00
  6.700000000000E-01   6.700595E-13   1.000089E-12   7.500009E+01   1.111133E-42   1.482686E-40   1.111917E-26   1.200000E+02   9.205810E+00
  6.750000000000E-01   6.750599E-13   1.000089E-12   7.500009E+01   1.763892E-42   9.820300E-41   7.364578E-27   1.200000E+02   9.205810E+00
  6.800000000000E-01   6.800604E-13   1.000089E-12   7.500009E+01   2.142041E-42   6.347882E-41   4.760494E-27   1.200000E+02   9.205810E+00
  6.850000000000E-01   6.850608E-13   1.000089E-12   7.500009E+01   2.430366E-42   2.814508E-41   2.110696E-27   1.200000E+02   9.205810E+00
  6.900000000000E-01   6.900613E-13   1.000089E-12   7.500009E+01   2.482694E-42  -5.348406E-42  -4.010952E-28   1.200000E+02   9.205810E+00
  6.950000000000E-01   6.950617E-13   1.000089E-12   7.500009E+01   2.295524E-42  -8.008701E-41  -6.005999E-27   1.200000E+02   9.205810E+00
  7.000000000000E-01   7.000621E-13   1.000089E-12   7.500009E+01   1.881861E-42  -7.343925E-41  -5.507460E-27   1.200000E+02   9.205810E+00
  7.050000000000E-01   7.050626E-13   1.000089E-12   7.500009E+01   1.420072E-42  -7.932470E-41  -5.948831E-27   1.200000E+02   9.205810E+00
  7.100000000000E-01   7.100630E-13   1.000089E-12   7.500009E+01   1.174065E-42  -3.505768E-41  -2.629096E-27   1.200000E+02   9.205810E+00
  7.150000000000E-01   7.150635E-13   1.000089E-12   7.500009E+01   1.092423E-42  -8.096002E-42  -6.071469E-28   1.200000E+02   9.205810E+00
  7.200000000000E-01   7.200639E-13   1.000089E-12   7.500009E+01   1.088952E-42   3.614649E-42   2.710749E-28   1.200000E+02   9.205810E+00
  7.250000000000E-01   7.250644E-13   1.000089E-12   7.500009E+01   1.206118E-42   2.685028E-41   2.013594E-27   1.200000E+02   9.205810E+00
  7.300000000000E-01   7.300648E-13   1.000089E-12   7.500009E+01   1.324653E-42   1.843268E-41   1.382330E-27   1.200000E+02   9.205810E+00
  7.350000000000E-01   7.350653E-13   1.000089E-12   7.500009E+01   1.358628E-42  -5.746134E-42  -4.309222E-28   1.200000E+02   9.205810E+00
  7.400000000000E-01   7.400657E-13   1.000089E-12   7.500009E+01   1.200704E-42  -3.310427E-41  -2.482603E-27   1.200000E+02   9.205810E+00
  7.450000000000E-01   7.450661E-13   1.000089E-12   7.500009E+01   8.878674E-43  -7.698173E-41  -5.773123E-27   1.200000E+02   9.205810E+00
  7.500000000000E-01   7.500666E-13   1.000089E-12   7.500009E+01   4.450795E-43  -8.153315E-41  -6.114450E-27   1.200000E+02   9.205810E+00
  7.550000000000E-01   7.550670E-13   1.000089E-12   7.500009E+01  -7.071045E-44  -1.079897E-40  -8.098514E-27   1.200000E+02   9.205810E+00
  7.600000000000E-01   7.600675E-13   1.000089E-12   7.500009E+01  -6.008273E-43  -9.462128E-41  -7.095973E-27   1.200000E+02   9.205810E+00
  7.650000000000E-01   7.650679E-13   1.000089E-12   7.500009E+01  -9.746601E-43  -6.504827E-41  -4.878192E-27   1.200000E+02   9.205810E+00
  7.700000000000E-01   7.700684E-13   1.000089E-12   7.500009E+01  -1.192074E-42  -2.052762E-41  -1.539436E-27   1.200000E+02   9.205810E+00
  7.750000000000E-01   7.750688E-13   1.000089E-12   7.500009E+01  -1.197276E-42   3.122373E-41   2.341574E-27   1.200000E+02   9.205810E+00
  7.800000000000E-01   7.800693E-13   1.000089E-12   7.500009E+01  -8.358867E-43   8.529423E-41   6.396506E-27   1.200000E+02   9.205810E+00
  7.850000000000E-01   7.850697E-13   1.000089E-12   7.500009E+01  -2.576549E-43   1.569903E-40   1.177324E-26   1.200000E+02   9.205810E+00
  7.900000000000E-01   7.900701E-13   1.000089E-12   7.500009E+01   6.177867E-43   1.671132E-40   1.253239E-26   1.200000E+02   9.205810E+00
  7.950000000000E-01   7.950706E-13   1.000089E-12   7.500009E+01   1.319804E-42   1.191216E-40   8.933334E-27   1.200000E+02   9.205810E+00
  8.000000000000E-01   8.000710E-13   1.000089E-12   7.500009E+01   1.781817E-42   7.632592E-41   5.723942E-27   1.200000E+02   9.205810E+00
  8.050000000000E-01   8.050715E-13   1.000089E-12   7.500009E+01   1.999232E-42   1.301106E-41   9.757436E-28   1.200000E+02   9.205810E+00
  8.100000000000E-01   8.100719E-13   1.000089E-12   7.500009E+01   1.831544E-42  -8.673477E-41  -6.504537E-27   1.200000E+02   9.205810E+00
  8.150000000000E-01   8.150724E-13   1.000089E-12   7.500009E+01   1.282212E-42  -1.087071E-40  -8.152319E-27   1.200000E+02   9.205810E+00
  8.200000000000E-01   8.200728E-13   1.000089E-12   7.500009E+01   7.201684E-43  -9.599455E-41  -7.198959E-27   1.200000E+02   9.205810E+00
  8.250000000000E-01   8.250733E-13   1.000089E-12   7.500009E+01   2.147929E-43  -1.115994E-40  -8.369221E-27   1.200000E+02   9.205810E+00
  8.300000000000E-01   8.300737E-13   1.000089E-12   7.500009E+01  -2.801681E-43  -8.673477E-41  -6.504537E-27   1.200000E+02   9.205810E+00
  8.350000000000E-01   8.350741E-13   1.000089E-12   7.500009E+01  -6.317371E-43  -4.625966E-41  -3.469170E-27   1.200000E+02   9.205810E+00
  8.400000000000E-01   8.400746E-13   1.000089E-12   7.500009E+01  -5.507869E-43   8.673477E-41   6.504537E-27   1.200000E+02   9.205810E+00
  8.450000000000E-01   8.450750E-13   1.000089E-12   7.500009E+01   8.064940E-44   1.572817E-40   1.179510E-26   1.200000E+02   9.205810E+00
  8.500000000000E-01   8.500755E-13   1.000089E-12   7.500009E+01   1.033577E-42   2.162484E-40   1.621721E-26   1.200000E+02   9.205810E+00
  8.550000000000E-01   8.550759E-13   1.000089E-12   7.500009E+01   2.129908E-42   2.451712E-40   1.838622E-26   1.200000E+02   9.205810E+00
  8.600000000000E-01   8.600764E-13   1.000089E-12   7.500009E+01   3.378925E-42   2.636683E-40   1.977339E-26   1.200000E+02   9.205810E+00
  8.650000000000E-01   8.650768E-13   1.000089E-12   7.500009E+01   4.674173E-42   2.683094E-40   2.012144E-26   1.200000E+02   9.205810E+00
  8.700000000000E-01   8.700773E-13   1.000089E-12   7.500009E+01   6.057311E-42   2.821879E-40   2.116223E-26   1.200000E+02   9.205810E+00
  8.750000000000E-01   8.750777E-13   1.000089E-12   7.500009E+01   7.514482E-42   2.821655E-40   2.116055E-26   1.200000E+02   9.205810E+00
  8.800000000000E-01   8.800781E-13   1.000089E-12   7.500009E+01   8.846769E-42   2.914477E-40   2.185666E-26   1.200000E+02   9.205810E+00
  8.850000000000E-01   8.850786E-13   1.000089E-12   7.500009E+01   1.012354E-41   2.636683E-40   1.977339E-26   1.200000E+02   9.205810E+00
  8.900000000000E-01   8.900790E-13   1.000089E-12   7.500009E+01   1.154834E-41   2.590496E-40   1.942702E-26   1.200000E+02   9.205810E+00
  8.950000000000E-01   8.950795E-13   1.000089E-12   7.500009E+01   1.270480E-41   2.220329E-40   1.665101E-26   1.200000E+02   9.205810E+00
  9.000000000000E-01   9.000799E-13   1.000089E-12   7.500009E+01   1.420363E-41   3.607951E-40   2.705726E-26   1.200000E+02   9.205810E+00
  9.050000000000E-01   9.050804E-13   1.000089E-12   7.500009E+01   1.627603E-41   4.903424E-40   3.677245E-26   1.200000E+02   9.205810E+00
  9.100000000000E-01   9.100808E-13   1.000089E-12   7.500009E+01   1.895899E-41   6.291270E-40   4.718038E-26   1.200000E+02   9.205810E+00
  9.150000000000E-01   9.150813E-13   1.000089E-12   7.500009E+01   2.216014E-41   7.956685E-40   5.966990E-26   1.200000E+02   9.205810E+00
  9.200000000000E-01   9.200817E-13   1.000089E-12   7.500009E+01   2.628646E-41   8.696570E-40   6.521855E-26   1.200000E+02   9.205810E+00
  9.250000000000E-01   9.250821E-13   1.000089E-12   7.500009E+01   3.131947E-41   1.110277E-39   8.326345E-26   1.200000E+02   9.205810E+00
  9.300000000000E-01   9.300826E-13   1.000089E-12   7.500009E+01   3.731443E-41   1.147226E-39   8.603442E-26   1.200000E+02   9.205810E+00
  9.350000000000E-01   9.350830E-13   1.000089E-12   7.500009E+01   4.305056E-41   1.387846E-39   1.040793E-25   1.200000E+02   9.205810E+00
  9.400000000000E-01   9.400835E-13   1.000089E-12   7.500009E+01   4.982289E-41   1.406231E-39   1.054581E-25   1.200000E+02   9.205810E+00
  9.450000000000E-01   9.450839E-13   1.000089E-12   7.500009E+01   5.700184E-41   1.628286E-39   1.221108E-25   1.200000E+02   9.205810E+00
  9.500000000000E-01   9.500844E-13   1.000089E-12   7.500009E+01   6.654986E-41   1.887291E-39   1.415344E-25   1.200000E+02   9.205810E+00
  9.550000000000E-01   9.550848E-13   1.000089E-12   7.500009E+01   7.757801E-41   2.294452E-39   1.720688E-25   1.200000E+02   9.205810E+00
  9.600000000000E-01   9.600853E-13   1.000089E-12   7.500009E+01   9.149181E-41   3.108416E-39   2.331108E-25   1.200000E+02   9.205810E+00
  9.650000000000E-01   9.650857E-13   1.000089E-12   7.500009E+01   1.080710E-40   3.404371E-39   2.553054E-25   1.200000E+02   9.205810E+00
  9.700000000000E-01   9.700861E-13   1.000089E-12   7.500009E+01   1.274626E-40   3.478628E-39   2.608742E-25   1.200000E+02   9.205810E+00
  9.750000000000E-01   9.750866E-13   1.000089E-12   7.500009E+01   1.458182E-40   3.848840E-39   2.886377E-25   1.200000E+02   9.205810E+00
  9.800000000000E-01   9.800870E-13   1.000089E-12   7.500009E+01   1.671348E-40   4.292592E-39   3.219161E-25   1.200000E+02   9.205810E+00
  9.850000000000E-01   9.850875E-13   1.000089E-12   7.500009E+01   1.875632E-40   4.737061E-39   3.552484E-25   1.200000E+02   9.205810E+00
  9.900000000000E-01   9.900879E-13   1.000089E-12   7.500009E+01   2.106548E-40   5.328611E-39   3.996108E-25   1.200000E+02   9.205810E+00
  9.950000000000E-01   9.950884E-13   1.000089E-12   7.500009E+01   2.367067E-40   5.032657E-39   3.774161E-25   1.200000E+02   9.205810E+00
  1.000000000000E+00   1.000089E-12   1.000089E-12   7.500009E+01   2.633512E-40   5.921237E-39   4.440538E-25   1.200000E+02   9.205810E+00
  1.005000000000E+00   1.005089E-12   1.000089E-12   7.500009E+01   2.965095E-40   6.513146E-39   4.884431E-25   1.200000E+02   9.205810E+00
  1.010000000000E+00   1.010090E-12   1.000089E-12   7.500009E+01   3.349972E-40   7.696963E-39   5.772215E-25   1.200000E+02   9.205810E+00
  1.015000000000E+00   1.015090E-12   1.000089E-12   7.500009E+01   3.788142E-40   9.770436E-39   7.327184E-25   1.200000E+02   9.205810E+00
  1.020000000000E+00   1.020091E-12   1.000089E-12   7.500009E+01   4.421692E-40   1.154544E-38   8.658323E-25   1.200000E+02   9.205810E+00
  1.025000000000E+00   1.025091E-12   1.000089E-12   7.500009E+01   5.114448E-40   1.687621E-38   1.265604E-24   1.200000E+02   9.205810E+00
  1.030000000000E+00   1.030091E-12   1.000089E-12   7.500009E+01   6.085493E-40   1.894681E-38   1.420886E-24   1.200000E+02   9.205810E+00
  1.035000000000E+00   1.035092E-12   1.000089E-12   7.500009E+01   7.305183E-40   2.901141E-38   2.175665E-24   1.200000E+02   9.205810E+00
  1.040000000000E+00   1.040092E-12   1.000089E-12   7.500009E+01   8.655165E-40   3.078785E-38   2.308886E-24   1.200000E+02   9.205810E+00
  1.045000000000E+00   1.045093E-12   1.000089E-12   7.500009E+01   1.023009E-39   3.552599E-38   2.664215E-24   1.200000E+02   9.205810E+00
  1.050000000000E+00   1.050093E-12   1.000089E-12   7.500009E+01   1.203012E-39   3.197310E-38   2.397772E-24   1.200000E+02   9.205810E+00
  1.055000000000E+00   1.055094E-12   1.000089E-12   7.500009E+01   1.378280E-39   4.144938E-38   3.108430E-24   1.200000E+02   9.205810E+00
  1.060000000000E+00   1.060094E-12   1.000089E-12   7.500009E+01   1.574865E-39   4.263463E-38   3.197317E-24   1.200000E+02   9.205810E+00
  1.065000000000E+00   1.065095E-12   1.000089E-12   7.500009E+01   1.788027E-39   4.736990E-38   3.552430E-24   1.200000E+02   9.205810E+00
  1.070000000000E+00   1.070095E-12   1.000089E-12   7.500009E+01   2.041447E-39   5.210516E-38   3.907544E-24   1.200000E+02   9.205810E+00
  1.075000000000E+00   1.075095E-12   1.000089E-12   7.500009E+01   2.323302E-39   4.974040E-38   3.730203E-24   1.200000E+02   9.205810E+00
  1.080000000000E+00   1.080096E-12   1.000089E-12   7.500009E+01   2.576733E-39   7.105772E-38   5.328861E-24   1.200000E+02   9.205810E+00
  1.085000000000E+00   1.085096E-12   1.000089E-12   7.500009E+01   2.908328E-39   7.105198E-38   5.328431E-24   1.200000E+02   9.205810E+00
  1.090000000000E+00   1.090097E-12   1.000089E-12   7.500009E+01   3.339370E-39   9.946932E-38   7.459544E-24   1.200000E+02   9.205810E+00
  1.095000000000E+00   1.095097E-12   1.000089E-12   7.500009E+01   3.869880E-39   1.113161E-37   8.347975E-24   1.200000E+02   9.205810E+00
  1.100000000000E+00   1.100098E-12   1.000089E-12   7.500009E+01   4.514106E-39   1.444802E-37   1.083506E-23   1.200000E+02   9.205810E+00
  1.105000000000E+00   1.105098E-12   1.000089E-12   7.500009E+01   5.418824E-39   1.942091E-37   1.456441E-23   1.200000E+02   9.205810E+00
  1.110000000000E+00   1.110099E-12   1.000089E-12   7.500009E+01   6.527186E-39   2.273617E-37   1.705063E-23   1.200000E+02   9.205810E+00
  1.115000000000E+00   1.115099E-12   1.000089E-12   7.500009E+01   7.919826E-39   2.842079E-37   2.131372E-23   1.200000E+02   9.205810E+00
  1.120000000000E+00   1.120099E-12   1.000089E-12   7.500009E+01   9.407193E-39   3.031719E-37   2.273590E-23   1.200000E+02   9.205810E+00
  1.125000000000E+00   1.125100E-12   1.000089E-12   7.500009E+01   1.110307E-38   3.884182E-37   2.912881E-23   1.200000E+02   9.205810E+00
  1.130000000000E+00   1.130100E-12   1.000089E-12   7.500009E+01   1.303566E-38   4.073823E-37   3.055099E-23   1.200000E+02   9.205810E+00
  1.135000000000E+00   1.135101E-12   1.000089E-12   7.500009E+01   1.523356E-38   4.358053E-37   3.268253E-23   1.200000E+02   9.205810E+00
  1.140000000000E+00   1.140101E-12   1.000089E-12   7.500009E+01   1.714723E-38   3.410311E-37   2.557509E-23   1.200000E+02   9.205810E+00
  1.145000000000E+00   1.145102E-12   1.000089E-12   7.500009E+01   1.907981E-38   4.263004E-37   3.196972E-23   1.200000E+02   9.205810E+00
  1.150000000000E+00   1.150102E-12   1.000089E-12   7.500009E+01   2.112609E-38   3.599951E-37   2.699727E-23   1.200000E+02   9.205810E+00
  1.155000000000E+00   1.155103E-12   1.000089E-12   7.500009E+01   2.321021E-38   5.115696E-37   3.836436E-23   1.200000E+02   9.205810E+00
  1.160000000000E+00   1.160103E-12   1.000089E-12   7.500009E+01   2.578702E-38   6.442260E-37   4.831271E-23   1.200000E+02   9.205810E+00
  1.165000000000E+00   1.165103E-12   1.000089E-12   7.500009E+01   2.862914E-38   5.873798E-37   4.404962E-23   1.200000E+02   9.205810E+00
  1.170000000000E+00   1.170104E-12   1.000089E-12   7.500009E+01   3.185018E-38   8.146727E-37   6.109509E-23   1.200000E+02   9.205810E+00
  1.175000000000E+00   1.175104E-12   1.000089E-12   7.500009E+01   3.560175E-38   8.336826E-37   6.252071E-23   1.200000E+02   9.205810E+00
  1.180000000000E+00   1.180105E-12   1.000089E-12   7.500009E+01   4.022512E-38   1.136923E-36   8.526178E-23   1.200000E+02   9.205810E+00
  1.185000000000E+00   1.185105E-12   1.000089E-12   7.500009E+01   4.553046E-38   9.473750E-37   7.104689E-23   1.200000E+02   9.205810E+00
  1.190000000000E+00   1.190106E-12   1.000089E-12   7.500009E+01   5.038102E-38   1.174760E-36   8.809924E-23   1.200000E+02   9.205810E+00
  1.195000000000E+00   1.195106E-12   1.000089E-12   7.500009E+01   5.727824E-38   1.591693E-36   1.193665E-22   1.200000E+02   9.205810E+00
  1.200000000000E+00   1.200107E-12   1.000089E-12   7.500009E+01   6.606983E-38   1.629437E-36   1.221971E-22   1.200000E+02   9.205810E+00
  1.205000000000E+00   1.205107E-12   1.000089E-12   7.500009E+01   7.554340E-38   2.122135E-36   1.591461E-22   1.200000E+02   9.205810E+00
  1.210000000000E+00   1.210107E-12   1.000089E-12   7.500009E+01   8.448671E-38   1.970606E-36   1.477825E-22   1.200000E+02   9.205810E+00
  1.215000000000E+00   1.215108E-12   1.000089E-12   7.500009E+01   9.646169E-38   2.273663E-36   1.705098E-22   1.200000E+02   9.205810E+00
  1.220000000000E+00   1.220108E-12   1.000089E-12   7.500009E+01   1.094972E-37   2.879961E-36   2.159781E-22   1.200000E+02   9.205810E+00
  1.225000000000E+00   1.225109E-12   1.000089E-12   7.500009E+01   1.240487E-37   2.501048E-36   1.875621E-22   1.200000E+02   9.205810E+00
  1.230000000000E+00   1.230109E-12   1.000089E-12   7.500009E+01   1.351138E-37   2.879961E-36   2.159781E-22   1.200000E+02   9.205810E+00
  1.235000000000E+00   1.235110E-12   1.000089E-12   7.500009E+01   1.476952E-37   3.031673E-36   2.273556E-22   1.200000E+02   9.205810E+00
  1.240000000000E+00   1.240110E-12   1.000089E-12   7.500009E+01   1.643689E-37   4.092924E-36   3.069424E-22   1.200000E+02   9.205810E+00
  1.245000000000E+00   1.245111E-12   1.000089E-12   7.500009E+01   1.864998E-37   4.699039E-36   3.523970E-22   1.200000E+02   9.205810E+00
  1.250000000000E+00   1.250111E-12   1.000089E-12   7.500009E+01   2.195437E-37   7.124230E-36   5.342704E-22   1.200000E+02   9.205810E+00
  1.255000000000E+00   1.255111E-12   1.000089E-12   7.500009E+01   2.613824E-37   9.246732E-36   6.934441E-22   1.200000E+02   9.205810E+00
  1.260000000000E+00   1.260112E-12   1.000089E-12   7.500009E+01   3.117083E-37   1.061104E-35   7.957582E-22   1.200000E+02   9.205810E+00
  1.265000000000E+00   1.265112E-12   1.000089E-12   7.500009E+01   3.702200E-37   1.242938E-35   9.321219E-22   1.200000E+02   9.205810E+00
  1.270000000000E+00   1.270113E-12   1.000089E-12   7.500009E+01   4.366119E-37   1.561203E-35   1.170800E-21   1.200000E+02   9.205810E+00
  1.275000000000E+00   1.275113E-12   1.000089E-12   7.500009E+01   5.102801E-37   1.606754E-35   1.204960E-21   1.200000E+02   9.205810E+00
  1.280000000000E+00   1.280114E-12   1.000089E-12   7.500009E+01   6.030502E-37   1.818931E-35   1.364078E-21   1.200000E+02   9.205810E+00
  1.285000000000E+00   1.285114E-12   1.000089E-12   7.500009E+01   7.006691E-37   1.909884E-35   1.432288E-21   1.200000E+02   9.205810E+00
  1.290000000000E+00   1.290115E-12   1.000089E-12   7.500009E+01   8.031399E-37   2.213162E-35   1.659726E-21   1.200000E+02   9.205810E+00
  1.295000000000E+00   1.295115E-12   1.000089E-12   7.500009E+01   9.256205E-37   2.485877E-35   1.864244E-21   1.200000E+02   9.205810E+00
  1.300000000000E+00   1.300115E-12   1.000089E-12   7.500009E+01   1.037786E-36   2.485877E-35   1.864244E-21   1.200000E+02   9.205810E+00
  1.305000000000E+00   1.305116E-12   1.000089E-12   7.500009E+01   1.171784E-36   2.304116E-35   1.727935E-21   1.200000E+02   9.205810E+00
  1.310000000000E+00   1.310116E-12   1.000089E-12   7.500009E+01   1.301535E-36   2.303969E-35   1.727825E-21   1.200000E+02   9.205810E+00
  1.315000000000E+00   1.315117E-12   1.000089E-12   7.500009E+01   1.420368E-36   2.364654E-35   1.773335E-21   1.200000E+02   9.205810E+00
  1.320000000000E+00   1.320117E-12   1.000089E-12   7.500009E+01   1.529504E-36   1.819078E-35   1.364188E-21   1.200000E+02   9.205810E+00
  1.325000000000E+00   1.325118E-12   1.000089E-12   7.500009E+01   1.609541E-36   1.273354E-35   9.549319E-22   1.200000E+02   9.205810E+00
  1.330000000000E+00   1.330118E-12   1.000089E-12   7.500009E+01   1.655619E-36   7.275208E-36   5.455927E-22   1.200000E+02   9.205810E+00
  1.335000000000E+00   1.335119E-12   1.000089E-12   7.500009E+01   1.681083E-36  -1.212596E-36  -9.093671E-23   1.200000E+02   9.205810E+00
  1.340000000000E+00   1.340119E-12   1.000089E-12   7.500009E+01   1.673807E-36  -1.212596E-36  -9.093671E-23   1.200000E+02   9.205810E+00
  1.345000000000E+00   1.345119E-12   1.000089E-12   7.500009E+01   1.664106E-36   4.850384E-36   3.637468E-22   1.200000E+02   9.205810E+00
  1.350000000000E+00   1.350120E-12   1.000089E-12   7.500009E+01   1.676232E-36   1.920687E-60   1.440389E-46   1.200000E+02   9.205810E+00
  1.355000000000E+00   1.355120E-12   9.999779E-13   7.499998E+01   1.673806E-36  -6.063347E-36  -4.547609E-22   1.200000E+02   9.205810E+00
  1.360000000000E+00   1.360120E-12   9.998669E-13   7.499987E+01   1.661680E-36   4.850384E-36   3.638266E-22   1.200000E+02   9.205810E+00
  1.365000000000E+00   1.365119E-12   9.998669E-13   7.499987E+01   1.690783E-36   1.212596E-35   9.095665E-22   1.200000E+02   9.205810E+00
  1.370000000000E+00   1.370118E-12   9.998669E-13   7.499987E+01   1.758688E-36   1.455115E-35   1.091480E-21   1.200000E+02   9.205810E+00
  1.375000000000E+00   1.375118E-12   9.998669E-13   7.499987E+01   1.899351E-36   3.880307E-35   2.910613E-21   1.200000E+02   9.205810E+00
  1.380000000000E+00   1.380117E-12   9.998669E-13   7.499987E+01   2.122471E-36   6.305939E-35   4.730076E-21   1.200000E+02   9.205810E+00
  1.385000000000E+00   1.385116E-12   9.998669E-13   7.499987E+01   2.396514E-36   5.092829E-35   3.820124E-21   1.200000E+02   9.205810E+00
  1.390000000000E+00   1.390116E-12   9.998669E-13   7.499987E+01   2.682688E-36   8.002766E-35   6.002863E-21   1.200000E+02   9.205810E+00
  1.395000000000E+00   1.395115E-12   9.998669E-13   7.499987E+01   3.119208E-36   9.700767E-35   7.276532E-21   1.200000E+02   9.205810E+00
  1.400000000000E+00   1.400114E-12   9.998669E-13   7.499987E+01   3.638189E-36   1.067114E-34   8.004405E-21   1.200000E+02   9.205810E+00
  1.405000000000E+00   1.405114E-12   9.998669E-13   7.499987E+01   4.215404E-36   1.139877E-34   8.550200E-21   1.200000E+02   9.205810E+00
  1.410000000000E+00   1.410113E-12   9.998669E-13   7.499987E+01   4.836253E-36   1.406597E-34   1.055086E-20   1.200000E+02   9.205810E+00
  1.415000000000E+00   1.415112E-12   9.998669E-13   7.499987E+01   5.558970E-36   1.455144E-34   1.091502E-20   1.200000E+02   9.205810E+00
  1.420000000000E+00   1.420112E-12   9.998669E-13   7.499987E+01   6.281664E-36   1.406597E-34   1.055086E-20   1.200000E+02   9.205810E+00
  1.425000000000E+00   1.425111E-12   9.998669E-13   7.499987E+01   6.868542E-36   9.700179E-35   7.276091E-21   1.200000E+02   9.205810E+00
  1.430000000000E+00   1.430110E-12   9.998669E-13   7.499987E+01   7.353551E-36   1.115544E-34   8.367681E-21   1.200000E+02   9.205810E+00
  1.435000000000E+00   1.435110E-12   9.998669E-13   7.499987E+01   7.838571E-36   7.275135E-35   5.457068E-21   1.200000E+02   9.205810E+00
  1.440000000000E+00   1.440109E-12   9.998669E-13   7.499987E+01   8.081088E-36   4.850090E-35   3.638045E-21   1.200000E+02   9.205810E+00
  1.445000000000E+00   1.445108E-12   9.998669E-13   7.499987E+01   8.372093E-36   4.850090E-35   3.638045E-21   1.200000E+02   9.205810E+00
  1.450000000000E+00   1.450108E-12   9.998669E-13   7.499987E+01   8.750402E-36   1.066996E-34   8.003524E-21   1.200000E+02   9.205810E+00
  1.455000000000E+00   1.455107E-12   9.998669E-13   7.499987E+01   9.458497E-36   1.891488E-34   1.418802E-20   1.200000E+02   9.205810E+00
  1.460000000000E+00   1.460106E-12   9.998669E-13   7.499987E+01   1.040912E-35   2.231088E-34   1.673536E-20   1.200000E+02   9.205810E+00
  1.465000000000E+00   1.465106E-12   9.998669E-13   7.499987E+01   1.154401E-35   2.182423E-34   1.637032E-20   1.200000E+02   9.205810E+00
  1.470000000000E+00   1.470105E-12   9.998669E-13   7.499987E+01   1.277593E-35   2.425045E-34   1.819023E-20   1.200000E+02   9.205810E+00
  1.475000000000E+00   1.475104E-12   9.998669E-13   7.499987E+01   1.403691E-35   2.521906E-34   1.891678E-20   1.200000E+02   9.205810E+00
  1.480000000000E+00   1.480104E-12   9.998669E-13   7.499987E+01   1.516209E-35   1.552005E-34   1.164157E-20   1.200000E+02   9.205810E+00
  1.485000000000E+00   1.485103E-12   9.998669E-13   7.499987E+01   1.595745E-35   1.066996E-34   8.003524E-21   1.200000E+02   9.205810E+00
  1.490000000000E+00   1.490102E-12   9.998669E-13   7.499987E+01   1.665581E-35   1.066908E-34   8.002862E-21   1.200000E+02   9.205810E+00
  1.495000000000E+00   1.495102E-12   9.998669E-13   7.499987E+01   1.684981E-35  -2.909789E-35  -2.182629E-21   1.200000E+02   9.205810E+00
  1.500000000000E+00   1.500101E-12   9.998669E-13   7.499987E+01   1.653940E-35  -1.066996E-34  -8.003524E-21   1.200000E+02   9.205810E+00
  1.505000000000E+00   1.505100E-12   9.998669E-13   7.499987E+01   1.587983E-35  -1.454909E-34  -1.091325E-20   1.200000E+02   9.205810E+00
  1.510000000000E+00   1.510099E-12   9.996448E-13   7.499966E+01   1.504574E-35  -1.842822E-34  -1.382602E-20   1.200000E+02   9.205810E+00
  1.515000000000E+00   1.515097E-12   9.996448E-13   7.499966E+01   1.407586E-35  -1.551653E-34  -1.164148E-20   1.200000E+02   9.205810E+00
  1.520000000000E+00   1.520095E-12   9.996448E-13   7.499966E+01   1.366852E-35   1.939566E-35   1.455185E-21   1.200000E+02   9.205810E+00
  1.525000000000E+00   1.525094E-12   9.996448E-13   7.499966E+01   1.388188E-35   9.697828E-35   7.275923E-21   1.200000E+02   9.205810E+00
  1.530000000000E+00   1.530092E-12   9.996448E-13   7.499966E+01   1.458014E-35   1.454674E-34   1.091388E-20   1.200000E+02   9.205810E+00
  1.535000000000E+00   1.535090E-12   9.996448E-13   7.499966E+01   1.566632E-35   2.133522E-34   1.600703E-20   1.200000E+02   9.205810E+00
  1.540000000000E+00   1.540088E-12   9.996448E-13   7.499966E+01   1.737305E-35   4.654487E-34   3.492090E-20   1.200000E+02   9.205810E+00
  1.545000000000E+00   1.545086E-12   9.996448E-13   7.499966E+01   1.931257E-35   4.460766E-34   3.346748E-20   1.200000E+02   9.205810E+00
  1.550000000000E+00   1.550085E-12   9.996448E-13   7.499966E+01   2.206661E-35   6.788245E-34   5.092969E-20   1.200000E+02   9.205810E+00
  1.555000000000E+00   1.555083E-12   9.996448E-13   7.499966E+01   2.613937E-35   8.145706E-34   6.111422E-20   1.200000E+02   9.205810E+00
  1.560000000000E+00   1.560081E-12   9.994228E-13   7.499945E+01   3.129800E-35   1.202390E-33   9.023064E-20   1.200000E+02   9.205810E+00
  1.565000000000E+00   1.565078E-12   9.994228E-13   7.499945E+01   3.699943E-35   1.163551E-33   8.731611E-20   1.200000E+02   9.205810E+00
  1.570000000000E+00   1.570075E-12   9.994228E-13   7.499945E+01   4.316598E-35   1.376833E-33   1.033214E-19   1.200000E+02   9.205810E+00
  1.575000000000E+00   1.575072E-12   9.994228E-13   7.499945E+01   4.952663E-35   1.163551E-33   8.731611E-20   1.200000E+02   9.205810E+00
  1.580000000000E+00   1.580069E-12   9.994228E-13   7.499945E+01   5.491754E-35   8.532208E-34   6.402805E-20   1.200000E+02   9.205810E+00
  1.585000000000E+00   1.585066E-12   9.994228E-13   7.499945E+01   5.891206E-35   6.980556E-34   5.238402E-20   1.200000E+02   9.205810E+00
  1.590000000000E+00   1.590063E-12   9.994228E-13   7.499945E+01   6.139399E-35   2.132817E-34   1.600525E-20   1.200000E+02   9.205810E+00
  1.595000000000E+00   1.595060E-12   9.992007E-13   7.499923E+01   6.166546E-35  -1.357343E-34  -1.018811E-20   1.200000E+02   9.205810E+00
  1.600000000000E+00   1.600056E-12   9.992007E-13   7.499923E+01   5.922241E-35  -7.367058E-34  -5.529657E-20   1.200000E+02   9.205810E+00
  1.605000000000E+00   1.605052E-12   9.992007E-13   7.499923E+01   5.456943E-35  -1.124525E-33  -8.440597E-20   1.200000E+02   9.205810E+00
  1.610000000000E+00   1.610048E-12   9.992007E-13   7.499923E+01   4.844313E-35  -1.318246E-33  -9.894655E-20   1.200000E+02   9.205810E+00
  1.615000000000E+00   1.615044E-12   9.992007E-13   7.499923E+01   4.223953E-35  -9.693597E-34  -7.275939E-20   1.200000E+02   9.205810E+00
  1.620000000000E+00   1.620040E-12   9.992007E-13   7.499923E+01   3.774208E-35  -7.366118E-34  -5.528951E-20   1.200000E+02   9.205810E+00
  1.625000000000E+00   1.625035E-12   9.989787E-13   7.499902E+01   3.448559E-35  -3.876780E-34  -2.910520E-20   1.200000E+02   9.205810E+00
  1.630000000000E+00   1.630030E-12   9.989787E-13   7.499902E+01   3.316748E-35  -1.550712E-34  -1.164208E-20   1.200000E+02   9.205810E+00
  1.635000000000E+00   1.635025E-12   9.989787E-13   7.499902E+01   3.564858E-35   6.202378E-34   4.656479E-20   1.200000E+02   9.205810E+00
  1.640000000000E+00   1.640020E-12   9.989787E-13   7.499902E+01   4.061038E-35   1.434197E-33   1.076733E-19   1.200000E+02   9.205810E+00
  1.645000000000E+00   1.645014E-12   9.987566E-13   7.499881E+01   4.813016E-35   1.705501E-33   1.280698E-19   1.200000E+02   9.205810E+00
  1.650000000000E+00   1.650008E-12   9.987566E-13   7.499881E+01   5.580492E-35   1.395359E-33   1.047805E-19   1.200000E+02   9.205810E+00
  1.655000000000E+00   1.655002E-12   9.987566E-13   7.499881E+01   6.394461E-35   1.821734E-33   1.367980E-19   1.200000E+02   9.205810E+00
  1.660000000000E+00   1.659996E-12   9.987566E-13   7.499881E+01   7.332373E-35   1.860290E-33   1.396932E-19   1.200000E+02   9.205810E+00
  1.665000000000E+00   1.664989E-12   9.985346E-13   7.499859E+01   8.208182E-35   1.511404E-33   1.135195E-19   1.200000E+02   9.205810E+00
  1.670000000000E+00   1.669982E-12   9.985346E-13   7.499859E+01   8.750706E-35   7.750740E-34   5.821476E-20   1.200000E+02   9.205810E+00
  1.675000000000E+00   1.674975E-12   9.985346E-13   7.499859E+01   8.882467E-35  -2.712336E-34  -2.037199E-20   1.200000E+02   9.205810E+00
  1.680000000000E+00   1.679967E-12   9.985346E-13   7.499859E+01   8.541513E-35  -9.686073E-34  -7.275080E-20   1.200000E+02   9.205810E+00
  1.685000000000E+00   1.684959E-12   9.983125E-13   7.499838E+01   7.565156E-35  -2.595868E-33  -1.950149E-19   1.200000E+02   9.205810E+00
  1.690000000000E+00   1.689951E-12   9.983125E-13   7.499838E+01   5.937934E-35  -3.680332E-33  -2.764855E-19   1.200000E+02   9.205810E+00
  1.695000000000E+00   1.694942E-12   9.983125E-13   7.499838E+01   4.055337E-35  -3.796188E-33  -2.851892E-19   1.200000E+02   9.205810E+00
  1.700000000000E+00   1.699933E-12   9.980905E-13   7.499817E+01   2.195987E-35  -3.641211E-33  -2.736066E-19   1.200000E+02   9.205810E+00
  1.705000000000E+00   1.704924E-12   9.980905E-13   7.499817E+01   4.606191E-36  -2.866325E-33  -2.153804E-19   1.200000E+02   9.205810E+00
  1.710000000000E+00   1.709914E-12   9.980905E-13   7.499817E+01  -9.646067E-36  -2.168928E-33  -1.629768E-19   1.200000E+02   9.205810E+00
  1.715000000000E+00   1.714904E-12   9.978685E-13   7.499795E+01  -1.863098E-35  -1.703997E-33  -1.280692E-19   1.200000E+02   9.205810E+00
  1.720000000000E+00   1.719893E-12   9.978685E-13   7.499795E+01  -2.203888E-35   2.323247E-34   1.746110E-20   1.200000E+02   9.205810E+00
  1.725000000000E+00   1.724883E-12   9.978685E-13   7.499795E+01  -1.987070E-35   1.393854E-33   1.047595E-19   1.200000E+02   9.205810E+00
  1.730000000000E+00   1.729871E-12   9.976464E-13   7.499774E+01  -1.228209E-35   2.632731E-33   1.979147E-19   1.200000E+02   9.205810E+00
  1.735000000000E+00   1.734859E-12   9.976464E-13   7.499774E+01   3.513169E-36   3.406489E-33   2.560816E-19   1.200000E+02   9.205810E+00
  1.740000000000E+00   1.739847E-12   9.974244E-13   7.499752E+01   1.930805E-35   3.096910E-33   2.328604E-19   1.200000E+02   9.205810E+00
  1.745000000000E+00   1.744834E-12   9.974244E-13   7.499752E+01   3.572059E-35   3.251135E-33   2.444567E-19   1.200000E+02   9.205810E+00
  1.750000000000E+00   1.749822E-12   9.974244E-13   7.499752E+01   5.027302E-35   2.089935E-33   1.571447E-19   1.200000E+02   9.205810E+00
  1.755000000000E+00   1.754808E-12   9.972023E-13   7.499731E+01   5.692970E-35   7.739455E-34   5.820667E-20   1.200000E+02   9.205810E+00
  1.760000000000E+00   1.759794E-12   9.972023E-13   7.499731E+01   5.336955E-35  -3.018481E-33  -2.270131E-19   1.200000E+02   9.205810E+00
  1.765000000000E+00   1.764779E-12   9.969803E-13   7.499710E+01   3.061725E-35  -5.649520E-33  -4.249809E-19   1.200000E+02   9.205810E+00
  1.770000000000E+00   1.769764E-12   9.969803E-13   7.499710E+01  -8.072879E-36  -9.672532E-33  -7.276090E-19   1.200000E+02   9.205810E+00
  1.775000000000E+00   1.774748E-12   9.967582E-13   7.499688E+01  -6.161524E-35  -1.191443E-32  -8.964515E-19   1.200000E+02   9.205810E+00
  1.780000000000E+00   1.779732E-12   9.967582E-13   7.499688E+01  -1.253605E-34  -1.400211E-32  -1.053530E-18   1.200000E+02   9.205810E+00
  1.785000000000E+00   1.784716E-12   9.965362E-13   7.499667E+01  -1.952868E-34  -1.423232E-32  -1.071087E-18   1.200000E+02   9.205810E+00
  1.790000000000E+00   1.789699E-12   9.965362E-13   7.499667E+01  -2.630434E-34  -1.299401E-32  -9.778946E-19   1.200000E+02   9.205810E+00
  1.795000000000E+00   1.794681E-12   9.963141E-13   7.499646E+01  -3.208936E-34  -1.074985E-32  -8.091831E-19   1.200000E+02   9.205810E+00
  1.800000000000E+00   1.799663E-12   9.963141E-13   7.499646E+01  -3.615683E-34  -6.263410E-33  -4.714713E-19   1.200000E+02   9.205810E+00
  1.805000000000E+00   1.804644E-12   9.960921E-13   7.499624E+01  -3.813629E-34  -2.396692E-33  -1.804481E-19   1.200000E+02   9.205810E+00
  1.810000000000E+00   1.809624E-12   9.960921E-13   7.499624E+01  -3.839916E-34   4.638736E-34   3.492526E-20   1.200000E+02   9.205810E+00
  1.815000000000E+00   1.814604E-12   9.958701E-13   7.499603E+01  -3.731695E-34   3.092020E-33   2.328509E-19   1.200000E+02   9.205810E+00
  1.820000000000E+00   1.819584E-12   9.958701E-13   7.499603E+01  -3.481264E-34   5.564884E-33   4.190750E-19   1.200000E+02   9.205810E+00
  1.825000000000E+00   1.824562E-12   9.956480E-13   7.499581E+01  -3.206127E-34   6.336761E-33   4.773078E-19   1.200000E+02   9.205810E+00
  1.830000000000E+00   1.829541E-12   9.955370E-13   7.499571E+01  -2.884662E-34   6.181031E-33   4.656289E-19   1.200000E+02   9.205810E+00
  1.835000000000E+00   1.834518E-12   9.954260E-13   7.499560E+01  -2.612684E-34   4.635774E-33   3.492601E-19   1.200000E+02   9.205810E+00
  1.840000000000E+00   1.839495E-12   9.952039E-13   7.499538E+01  -2.408731E-34   3.089951E-33   2.328489E-19   1.200000E+02   9.205810E+00
  1.845000000000E+00   1.844471E-12   9.952039E-13   7.499538E+01  -2.282054E-34   1.081361E-33   8.148789E-20   1.200000E+02   9.205810E+00
  1.850000000000E+00   1.849446E-12   9.949819E-13   7.499517E+01  -2.275875E-34  -1.081079E-33  -8.148458E-20   1.200000E+02   9.205810E+00
  1.855000000000E+00   1.854421E-12   9.948709E-13   7.499506E+01  -2.393253E-34  -2.471171E-33  -1.862811E-19   1.200000E+02   9.205810E+00
  1.860000000000E+00   1.859395E-12   9.947598E-13   7.499496E+01  -2.498258E-34  -2.007368E-33  -1.513355E-19   1.200000E+02   9.205810E+00
  1.865000000000E+00   1.864368E-12   9.945378E-13   7.499474E+01  -2.640295E-34  -4.477035E-33  -3.375981E-19   1.200000E+02   9.205810E+00
  1.870000000000E+00   1.869340E-12   9.943157E-13   7.499453E+01  -2.825546E-34  -3.395956E-33  -2.561341E-19   1.200000E+02   9.205810E+00
  1.875000000000E+00   1.874312E-12   9.943157E-13   7.499453E+01  -2.992248E-34  -4.012856E-33  -3.026626E-19   1.200000E+02   9.205810E+00
  1.880000000000E+00   1.879283E-12   9.940937E-13   7.499431E+01  -3.094108E-34   1.543189E-34   1.164180E-20   1.200000E+02   9.205810E+00
  1.885000000000E+00   1.884253E-12   9.938717E-13   7.499410E+01  -3.066335E-34   2.468726E-33   1.862815E-19   1.200000E+02   9.205810E+00
  1.890000000000E+00   1.889222E-12   9.937606E-13   7.499399E+01  -2.939833E-34   2.776612E-33   2.095366E-19   1.200000E+02   9.205810E+00
  1.895000000000E+00   1.894190E-12   9.936496E-13   7.499388E+01  -2.834939E-34   1.850792E-33   1.396852E-19   1.200000E+02   9.205810E+00
  1.900000000000E+00   1.899158E-12   9.934276E-13   7.499367E+01  -2.717732E-34   2.312997E-33   1.746077E-19   1.200000E+02   9.205810E+00
  1.905000000000E+00   1.904124E-12   9.932055E-13   7.499346E+01  -2.680725E-34  -1.541778E-34  -1.164143E-20   1.200000E+02   9.205810E+00
  1.910000000000E+00   1.909090E-12   9.929835E-13   7.499324E+01  -2.646807E-34   1.849758E-33   1.396995E-19   1.200000E+02   9.205810E+00
  1.915000000000E+00   1.914055E-12   9.927614E-13   7.499303E+01  -2.394021E-34   6.781380E-33   5.122643E-19   1.200000E+02   9.205810E+00
  1.920000000000E+00   1.919019E-12   9.926504E-13   7.499292E+01  -1.910116E-34   1.294436E-32   9.779223E-19   1.200000E+02   9.205810E+00
  1.925000000000E+00   1.923981E-12   9.924284E-13   7.499270E+01  -1.115068E-34   1.848742E-32   1.396999E-18   1.200000E+02   9.205810E+00
  1.930000000000E+00   1.928943E-12   9.923173E-13   7.499260E+01   4.954796E-36   2.818779E-32   2.130241E-18   1.200000E+02   9.205810E+00
  1.935000000000E+00   1.933904E-12   9.920953E-13   7.499238E+01   1.543468E-34   3.141673E-32   2.374788E-18   1.200000E+02   9.205810E+00
  1.940000000000E+00   1.938863E-12   9.918733E-13   7.499217E+01   3.181772E-34   3.448618E-32   2.607383E-18   1.200000E+02   9.205810E+00
  1.945000000000E+00   1.943822E-12   9.915402E-13   7.499184E+01   4.986068E-34   3.571095E-32   2.700879E-18   1.200000E+02   9.205810E+00
  1.950000000000E+00   1.948779E-12   9.913181E-13   7.499163E+01   6.740590E-34   3.447114E-32   2.607686E-18   1.200000E+02   9.205810E+00
  1.955000000000E+00   1.953735E-12   9.909851E-13   7.499131E+01   8.347056E-34   2.615654E-32   1.979357E-18   1.200000E+02   9.205810E+00
  1.960000000000E+00   1.958689E-12   9.907630E-13   7.499109E+01   9.466984E-34   1.722805E-32   1.303995E-18   1.200000E+02   9.205810E+00
  1.965000000000E+00   1.963643E-12   9.905410E-13   7.499088E+01   1.004527E-33   6.458636E-33   4.889639E-19   1.200000E+02   9.205810E+00
  1.970000000000E+00   1.968595E-12   9.903189E-13   7.499066E+01   1.005144E-33  -4.611699E-33  -3.492152E-19   1.200000E+02   9.205810E+00
  1.975000000000E+00   1.973545E-12   9.899859E-13   7.499034E+01   9.596488E-34  -1.290975E-32  -9.778993E-19   1.200000E+02   9.205810E+00
  1.980000000000E+00   1.978494E-12   9.896528E-13   7.499001E+01   8.588504E-34  -2.734520E-32  -2.072057E-18   1.200000E+02   9.205810E+00
  1.985000000000E+00   1.983442E-12   9.893197E-13   7.498969E+01   7.058534E-34  -3.163942E-32  -2.398244E-18   1.200000E+02   9.205810E+00
  1.990000000000E+00   1.988388E-12   9.889867E-13   7.498937E+01   5.430762E-34  -3.562068E-32  -2.700918E-18   1.200000E+02   9.205810E+00
  1.995000000000E+00   1.993332E-12   9.886536E-13   7.498905E+01   3.779036E-34  -2.977367E-32  -2.258323E-18   1.200000E+02   9.205810E+00
  2.000000000000E+00   1.998274E-12   9.883205E-13   7.498872E+01   2.594409E-34  -1.810374E-32  -1.373620E-18   1.200000E+02   9.205810E+00
  2.005000000000E+00   2.003215E-12   9.878764E-13   7.498829E+01   1.729275E-34  -1.349505E-32  -1.024390E-18   1.200000E+02   9.205810E+00
  2.010000000000E+00   2.008153E-12   9.874324E-13   7.498786E+01   1.490059E-34   3.065783E-33   2.328226E-19   1.200000E+02   9.205810E+00
  2.015000000000E+00   2.013089E-12   9.869883E-13   7.498743E+01   1.986640E-34   1.471079E-32   1.117667E-18   1.200000E+02   9.205810E+00
  2.020000000000E+00   2.018023E-12   9.865442E-13   7.498699E+01   3.120291E-34   3.277692E-32   2.491366E-18   1.200000E+02   9.205810E+00
  2.025000000000E+00   2.022955E-12   9.861001E-13   7.498656E+01   5.221180E-34   5.296909E-32   4.027958E-18   1.200000E+02   9.205810E+00
  2.030000000000E+00   2.027884E-12   9.855450E-13   7.498602E+01   8.490205E-34   7.589368E-32   5.774434E-18   1.200000E+02   9.205810E+00
  2.035000000000E+00   2.032810E-12   9.849899E-13   7.498548E+01   1.298147E-33   1.015447E-31   7.730409E-18   1.200000E+02   9.205810E+00
  2.040000000000E+00   2.037734E-12   9.844348E-13   7.498494E+01   1.850986E-33   1.204308E-31   9.173281E-18   1.200000E+02   9.205810E+00
  2.045000000000E+00   2.042655E-12   9.838796E-13   7.498440E+01   2.493933E-33   1.344179E-31   1.024439E-17   1.200000E+02   9.205810E+00
  2.050000000000E+00   2.047572E-12   9.832135E-13   7.498375E+01   3.181659E-33   1.447096E-31   1.103612E-17   1.200000E+02   9.205810E+00
  2.055000000000E+00   2.052487E-12   9.825474E-13   7.498310E+01   3.895818E-33   1.360670E-31   1.038395E-17   1.200000E+02   9.205810E+00
  2.060000000000E+00   2.057398E-12   9.817702E-13   7.498234E+01   4.548443E-33   1.255947E-31   9.592249E-18   1.200000E+02   9.205810E+00
  2.065000000000E+00   2.062304E-12   9.809931E-13   7.498158E+01   5.109153E-33   9.808400E-32   7.496988E-18   1.200000E+02   9.205810E+00
  2.070000000000E+00   2.067207E-12   9.802159E-13   7.498082E+01   5.511083E-33   6.208717E-32   4.749307E-18   1.200000E+02   9.205810E+00
  2.075000000000E+00   2.072106E-12   9.793277E-13   7.497995E+01   5.747184E-33   2.919439E-32   2.235200E-18   1.200000E+02   9.205810E+00
  2.080000000000E+00   2.077000E-12   9.782175E-13   7.497886E+01   5.759364E-33  -2.430132E-32  -1.862659E-18   1.200000E+02   9.205810E+00
  2.085000000000E+00   2.081889E-12   9.773293E-13   7.497799E+01   5.549263E-33  -6.554782E-32  -5.028646E-18   1.200000E+02   9.205810E+00
  2.090000000000E+00   2.086773E-12   9.762191E-13   7.497689E+01   5.164679E-33  -9.154186E-32  -7.030721E-18   1.200000E+02   9.205810E+00
  2.095000000000E+00   2.091651E-12   9.751089E-13   7.497580E+01   4.656944E-33  -1.089956E-31  -8.380636E-18   1.200000E+02   9.205810E+00
  2.100000000000E+00   2.096523E-12   9.737766E-13   7.497449E+01   4.109859E-33  -1.088632E-31  -8.381760E-18   1.200000E+02   9.205810E+00
  2.105000000000E+00   2.101389E-12   9.724443E-13   7.497318E+01   3.565928E-33  -1.050956E-31  -8.102623E-18   1.200000E+02   9.205810E+00
  2.110000000000E+00   2.106248E-12   9.710011E-13   7.497175E+01   3.075815E-33  -8.685342E-32  -6.706020E-18   1.200000E+02   9.205810E+00
  2.115000000000E+00   2.111099E-12   9.694467E-13   7.497021E+01   2.682877E-33  -7.226450E-32  -5.588430E-18   1.200000E+02   9.205810E+00
  2.120000000000E+00   2.115942E-12   9.678924E-13   7.496867E+01   2.394072E-33  -4.448597E-32  -3.445687E-18   1.200000E+02   9.205810E+00
  2.125000000000E+00   2.120777E-12   9.661161E-13   7.496691E+01   2.223471E-33  -2.280572E-32  -1.769636E-18   1.200000E+02   9.205810E+00
  2.130000000000E+00   2.125603E-12   9.642287E-13   7.496503E+01   2.221040E-33   2.275908E-32   1.769430E-18   1.200000E+02   9.205810E+00
  2.135000000000E+00   2.130419E-12   9.623413E-13   7.496315E+01   2.426837E-33   5.977003E-32   4.655884E-18   1.200000E+02   9.205810E+00
  2.140000000000E+00   2.135225E-12   9.601209E-13   7.496093E+01   2.909199E-33   1.359827E-31   1.061678E-17   1.200000E+02   9.205810E+00
  2.145000000000E+00   2.140020E-12   9.579004E-13   7.495871E+01   3.750349E-33   1.999597E-31   1.564747E-17   1.200000E+02   9.205810E+00
  2.150000000000E+00   2.144804E-12   9.554579E-13   7.495626E+01   4.927092E-33   2.742524E-31   2.151527E-17   1.200000E+02   9.205810E+00
  2.155000000000E+00   2.149575E-12   9.530154E-13   7.495380E+01   6.425706E-33   3.410100E-31   2.682013E-17   1.200000E+02   9.205810E+00
  2.160000000000E+00   2.154333E-12   9.502399E-13   7.495100E+01   8.293858E-33   3.967416E-31   3.129334E-17   1.200000E+02   9.205810E+00
  2.165000000000E+00   2.159077E-12   9.473533E-13   7.494808E+01   1.037367E-32   4.167712E-31   3.297208E-17   1.200000E+02   9.205810E+00
  2.170000000000E+00   2.163807E-12   9.444667E-13   7.494515E+01   1.257404E-32   4.483083E-31   3.557408E-17   1.200000E+02   9.205810E+00
  2.175000000000E+00   2.168521E-12   9.412471E-13   7.494187E+01   1.479560E-32   4.328046E-31   3.445980E-17   1.200000E+02   9.205810E+00
  2.180000000000E+00   2.173220E-12   9.379164E-13   7.493847E+01   1.688341E-32   3.916379E-31   3.129143E-17   1.200000E+02   9.205810E+00
  2.185000000000E+00   2.177900E-12   9.344747E-13   7.493494E+01   1.870322E-32   3.158766E-31   2.532994E-17   1.200000E+02   9.205810E+00
  2.190000000000E+00   2.182563E-12   9.307000E-13   7.493105E+01   1.999692E-32   2.267301E-31   1.825414E-17   1.200000E+02   9.205810E+00
  2.195000000000E+00   2.187207E-12   9.269252E-13   7.492715E+01   2.088836E-32   1.129197E-31   9.127759E-18   1.200000E+02   9.205810E+00
  2.200000000000E+00   2.191832E-12   9.229284E-13   7.492300E+01   2.121041E-32   2.753478E-32   2.235264E-18   1.200000E+02   9.205810E+00
  2.205000000000E+00   2.196436E-12   9.188206E-13   7.491872E+01   2.113278E-32  -5.482280E-32  -4.470137E-18   1.200000E+02   9.205810E+00
  2.210000000000E+00   2.201019E-12   9.143797E-13   7.491407E+01   2.077744E-32  -9.094000E-32  -7.450610E-18   1.200000E+02   9.205810E+00
  2.215000000000E+00   2.205580E-12   9.098278E-13   7.490928E+01   2.022867E-32  -1.176502E-31  -9.686553E-18   1.200000E+02   9.205810E+00
  2.220000000000E+00   2.210118E-12   9.051648E-13   7.490435E+01   1.958794E-32  -1.440596E-31  -1.192124E-17   1.200000E+02   9.205810E+00
  2.225000000000E+00   2.214631E-12   9.002799E-13   7.489915E+01   1.898628E-32  -1.253780E-31  -1.043088E-17   1.200000E+02   9.205810E+00
  2.230000000000E+00   2.219120E-12   8.951728E-13   7.489369E+01   1.856645E-32  -7.568905E-32  -6.332444E-18   1.200000E+02   9.205810E+00
  2.235000000000E+00   2.223583E-12   8.899548E-13   7.488808E+01   1.836203E-32  -2.654774E-32  -2.233944E-18   1.200000E+02   9.205810E+00
  2.240000000000E+00   2.228019E-12   8.845147E-13   7.488219E+01   1.829129E-32  -8.250474E-57  -6.984774E-43   1.200000E+02   9.205810E+00
  2.245000000000E+00   2.232428E-12   8.789636E-13   7.487615E+01   1.836127E-32   6.121448E-32   5.214669E-18   1.200000E+02   9.205810E+00
  2.250000000000E+00   2.236808E-12   8.730794E-13   7.486970E+01   1.884909E-32   1.563735E-31   1.340959E-17   1.200000E+02   9.205810E+00
  2.255000000000E+00   2.241159E-12   8.670842E-13   7.486309E+01   1.981853E-32   2.502505E-31   2.160635E-17   1.200000E+02   9.205810E+00
  2.260000000000E+00   2.245479E-12   8.608669E-13   7.485618E+01   2.144334E-32   3.941416E-31   3.427235E-17   1.200000E+02   9.205810E+00
  2.265000000000E+00   2.249767E-12   8.544276E-13   7.484897E+01   2.393568E-32   5.954012E-31   5.215792E-17   1.200000E+02   9.205810E+00
  2.270000000000E+00   2.254023E-12   8.479883E-13   7.484171E+01   2.731588E-32   7.765350E-31   6.853538E-17   1.200000E+02   9.205810E+00
  2.275000000000E+00   2.258246E-12   8.411050E-13   7.483388E+01   3.147724E-32   9.211723E-31   8.195755E-17   1.200000E+02   9.205810E+00
  2.280000000000E+00   2.262434E-12   8.341106E-13   7.482587E+01   3.645596E-32   1.058973E-30   9.499765E-17   1.200000E+02   9.205810E+00
  2.285000000000E+00   2.266587E-12   8.268941E-13   7.481752E+01   4.198030E-32   1.144676E-30   1.035705E-16   1.200000E+02   9.205810E+00
  2.290000000000E+00   2.270703E-12   8.195666E-13   7.480898E+01   4.759612E-32   1.101921E-30   1.005819E-16   1.200000E+02   9.205810E+00
  2.295000000000E+00   2.274782E-12   8.119061E-13   7.479996E+01   5.282906E-32   9.786613E-31   9.016293E-17   1.200000E+02   9.205810E+00
  2.300000000000E+00   2.278822E-12   8.041345E-13   7.479073E+01   5.737002E-32   8.011869E-31   7.451657E-17   1.200000E+02   9.205810E+00
  2.305000000000E+00   2.282823E-12   7.961409E-13   7.478114E+01   6.105413E-32   6.028642E-31   5.662675E-17   1.200000E+02   9.205810E+00
  2.310000000000E+00   2.286784E-12   7.880363E-13   7.477132E+01   6.365934E-32   4.161935E-31   3.948972E-17   1.200000E+02   9.205810E+00
  2.315000000000E+00   2.290703E-12   7.797096E-13   7.476112E+01   6.522242E-32   2.253820E-31   2.161036E-17   1.200000E+02   9.205810E+00
  2.320000000000E+00   2.294581E-12   7.711609E-13   7.475054E+01   6.599631E-32   5.379965E-32   5.214933E-18   1.200000E+02   9.205810E+00
  2.325000000000E+00   2.298415E-12   7.625012E-13   7.473969E+01   6.601197E-32  -5.317071E-32  -5.211747E-18   1.200000E+02   9.205810E+00
  2.330000000000E+00   2.302205E-12   7.536194E-13   7.472845E+01   6.551330E-32  -1.202503E-31  -1.192394E-17   1.200000E+02   9.205810E+00
  2.335000000000E+00   2.305951E-12   7.446266E-13   7.471692E+01   6.493032E-32  -8.167147E-32  -8.195035E-18   1.200000E+02   9.205810E+00
  2.340000000000E+00   2.309651E-12   7.354117E-13   7.470497E+01   6.457586E-32  -5.136515E-32  -5.217801E-18   1.200000E+02   9.205810E+00
  2.345000000000E+00   2.313305E-12   7.260859E-13   7.469272E+01   6.422605E-32  -8.685342E-32  -8.934643E-18   1.200000E+02   9.205810E+00
  2.350000000000E+00   2.316912E-12   7.165379E-13   7.468001E+01   6.363594E-32  -1.435119E-32  -1.495729E-18   1.200000E+02   9.205810E+00
  2.355000000000E+00   2.320471E-12   7.068790E-13   7.466698E+01   6.342305E-32  -1.344371E-44  -1.420046E-30   1.200000E+02   9.205810E+00
  2.360000000000E+00   2.323981E-12   6.971090E-13   7.465362E+01   6.335349E-32  -4.180472E-32  -4.476880E-18   1.200000E+02   9.205810E+00
  2.365000000000E+00   2.327441E-12   6.871170E-13   7.463976E+01   6.339462E-32   4.119083E-32   4.474454E-18   1.200000E+02   9.205810E+00
  2.370000000000E+00   2.330852E-12   6.771250E-13   7.462570E+01   6.344881E-32   1.081169E-31   1.191552E-17   1.200000E+02   9.205810E+00
  2.375000000000E+00   2.334212E-12   6.669110E-13   7.461111E+01   6.387843E-32   7.330571E-32   8.201125E-18   1.200000E+02   9.205810E+00
  2.380000000000E+00   2.337521E-12   6.565859E-13   7.459613E+01   6.472288E-32   2.491913E-31   2.831115E-17   1.200000E+02   9.205810E+00
  2.385000000000E+00   2.340777E-12   6.461498E-13   7.458075E+01   6.612770E-32   2.840265E-31   3.278328E-17   1.200000E+02   9.205810E+00
  2.390000000000E+00   2.343982E-12   6.356027E-13   7.456495E+01   6.747214E-32   3.302007E-31   3.873709E-17   1.200000E+02   9.205810E+00
  2.395000000000E+00   2.347133E-12   6.250556E-13   7.454888E+01   6.941126E-32   4.622713E-31   5.513400E-17   1.200000E+02   9.205810E+00
  2.400000000000E+00   2.350232E-12   6.143974E-13   7.453237E+01   7.196283E-32   5.158603E-31   6.257887E-17   1.200000E+02   9.205810E+00
  2.405000000000E+00   2.353277E-12   6.036283E-13   7.451540E+01   7.473790E-32   6.155272E-31   7.598427E-17   1.200000E+02   9.205810E+00
  2.410000000000E+00   2.356268E-12   5.928591E-13   7.449811E+01   7.796884E-32   5.928975E-31   7.450294E-17   1.200000E+02   9.205810E+00
  2.415000000000E+00   2.359205E-12   5.819789E-13   7.448033E+01   8.093092E-32   5.937642E-31   7.598859E-17   1.200000E+02   9.205810E+00
  2.420000000000E+00   2.362088E-12   5.712097E-13   7.446240E+01   8.374779E-32   4.914973E-31   6.407116E-17   1.200000E+02   9.205810E+00
  2.425000000000E+00   2.364917E-12   5.604406E-13   7.444413E+01   8.619391E-32   4.262564E-31   5.662026E-17   1.200000E+02   9.205810E+00
  2.430000000000E+00   2.367692E-12   5.495604E-13   7.442531E+01   8.799427E-32   2.752635E-31   3.727811E-17   1.200000E+02   9.205810E+00
  2.435000000000E+00   2.370413E-12   5.387912E-13   7.440631E+01   8.927906E-32   2.914413E-31   4.024764E-17   1.200000E+02   9.205810E+00
  2.440000000000E+00   2.373080E-12   5.280221E-13   7.438693E+01   9.049673E-32   2.961599E-31   4.172254E-17   1.200000E+02   9.205810E+00
  2.445000000000E+00   2.375694E-12   5.173639E-13   7.436735E+01   9.208735E-32   3.628452E-31   5.215639E-17   1.200000E+02   9.205810E+00
  2.450000000000E+00   2.378254E-12   5.068168E-13   7.434758E+01   9.452732E-32   5.991568E-31   8.789341E-17   1.200000E+02   9.205810E+00
  2.455000000000E+00   2.380762E-12   4.962697E-13   7.432739E+01   9.858467E-32   1.014772E-30   1.519847E-16   1.200000E+02   9.205810E+00
  2.460000000000E+00   2.383217E-12   4.859446E-13   7.430721E+01   1.044318E-31   1.305588E-30   1.996412E-16   1.200000E+02   9.205810E+00
  2.465000000000E+00   2.385621E-12   4.757306E-13   7.428681E+01   1.118736E-31   1.622018E-30   2.532832E-16   1.200000E+02   9.205810E+00
  2.470000000000E+00   2.387975E-12   4.657386E-13   7.426643E+01   1.203130E-31   1.700596E-30   2.711762E-16   1.200000E+02   9.205810E+00
  2.475000000000E+00   2.390279E-12   4.557466E-13   7.424561E+01   1.288187E-31   1.683263E-30   2.742201E-16   1.200000E+02   9.205810E+00
  2.480000000000E+00   2.392533E-12   4.461986E-13   7.422529E+01   1.371295E-31   1.603529E-30   2.667476E-16   1.200000E+02   9.205810E+00
  2.485000000000E+00   2.394741E-12   4.367617E-13   7.420477E+01   1.441872E-31   1.315603E-30   2.235177E-16   1.200000E+02   9.205810E+00
  2.490000000000E+00   2.396902E-12   4.276579E-13   7.418455E+01   1.501618E-31   9.878095E-31   1.713524E-16   1.200000E+02   9.205810E+00
  2.495000000000E+00   2.399018E-12   4.187761E-13   7.416440E+01   1.544998E-31   7.068163E-31   1.251757E-16   1.200000E+02   9.205810E+00
  2.500000000000E+00   2.401090E-12   4.102274E-13   7.414460E+01   1.577487E-31   5.607345E-31   1.013473E-16   1.200000E+02   9.205810E+00
  2.505000000000E+00   2.403121E-12   4.020118E-13   7.412518E+01   1.603125E-31   4.768603E-31   8.792616E-17   1.200000E+02   9.205810E+00
  2.510000000000E+00   2.405111E-12   3.942402E-13   7.410644E+01   1.626659E-31   5.072899E-31   9.535672E-17   1.200000E+02   9.205810E+00
  2.515000000000E+00   2.407064E-12   3.868017E-13   7.408815E+01   1.655387E-31   6.692607E-31   1.281905E-16   1.200000E+02   9.205810E+00
  2.520000000000E+00   2.408980E-12   3.799183E-13   7.407091E+01   1.697002E-31   9.856909E-31   1.921756E-16   1.200000E+02   9.205810E+00
  2.525000000000E+00   2.410863E-12   3.733680E-13   7.405422E+01   1.754410E-31   1.277277E-30   2.533365E-16   1.200000E+02   9.205810E+00
  2.530000000000E+00   2.412715E-12   3.673728E-13   7.403868E+01   1.824745E-31   1.441751E-30   2.905641E-16   1.200000E+02   9.205810E+00
  2.535000000000E+00   2.414538E-12   3.619327E-13   7.402435E+01   1.902091E-31   1.544981E-30   3.159875E-16   1.200000E+02   9.205810E+00
  2.540000000000E+00   2.416335E-12   3.570477E-13   7.401131E+01   1.976485E-31   1.423647E-30   2.951034E-16   1.200000E+02   9.205810E+00
  2.545000000000E+00   2.418110E-12   3.529399E-13   7.400020E+01   2.041682E-31   1.144388E-30   2.399414E-16   1.200000E+02   9.205810E+00
  2.550000000000E+00   2.419866E-12   3.493872E-13   7.399049E+01   2.088085E-31   6.968015E-31   1.475632E-16   1.200000E+02   9.205810E+00
  2.555000000000E+00   2.421605E-12   3.466116E-13   7.398283E+01   2.115848E-31   3.770971E-31   8.048983E-17   1.200000E+02   9.205810E+00
  2.560000000000E+00   2.423334E-12   3.447242E-13   7.397759E+01   2.126298E-31   9.723539E-32   2.086665E-17   1.200000E+02   9.205810E+00
  2.565000000000E+00   2.425055E-12   3.437250E-13   7.397480E+01   2.125746E-31  -6.921913E-32  -1.489700E-17   1.200000E+02   9.205810E+00
  2.570000000000E+00   2.426772E-12   3.436140E-13   7.397449E+01   2.117580E-31  -1.799782E-31  -3.874636E-17   1.200000E+02   9.205810E+00
  2.575000000000E+00   2.428492E-12   3.446132E-13   7.397728E+01   2.112731E-31  -6.933348E-33  -1.488365E-18   1.200000E+02   9.205810E+00
  2.580000000000E+00   2.430220E-12   3.467227E-13   7.398314E+01   2.118444E-31   2.724228E-31   5.812915E-17   1.200000E+02   9.205810E+00
  2.585000000000E+00   2.431961E-12   3.500533E-13   7.399232E+01   2.139778E-31   5.499493E-31   1.162452E-16   1.200000E+02   9.205810E+00
  2.590000000000E+00   2.433723E-12   3.549383E-13   7.400562E+01   2.175554E-31   8.502981E-31   1.772895E-16   1.200000E+02   9.205810E+00
  2.595000000000E+00   2.435513E-12   3.612666E-13   7.402259E+01   2.220370E-31   9.234834E-31   1.892194E-16   1.200000E+02   9.205810E+00
  2.600000000000E+00   2.437338E-12   3.692602E-13   7.404360E+01   2.264008E-31   8.622388E-31   1.728951E-16   1.200000E+02   9.205810E+00
  2.605000000000E+00   2.439209E-12   3.794742E-13   7.406979E+01   2.309391E-31   8.281499E-31   1.616470E-16   1.200000E+02   9.205810E+00
  2.610000000000E+00   2.441136E-12   3.916867E-13   7.410020E+01   2.347886E-31   6.258309E-31   1.183962E-16   1.200000E+02   9.205810E+00
  2.615000000000E+00   2.443130E-12   4.064526E-13   7.413572E+01   2.378266E-31   5.594826E-31   1.020479E-16   1.200000E+02   9.205810E+00
  2.620000000000E+00   2.445204E-12   4.239942E-13   7.417629E+01   2.409131E-31   6.425865E-31   1.124182E-16   1.200000E+02   9.205810E+00
  2.625000000000E+00   2.447375E-12   4.449774E-13   7.422266E+01   2.443328E-31   8.131276E-31   1.356305E-16   1.200000E+02   9.205810E+00
  2.630000000000E+00   2.449660E-12   4.696243E-13   7.427441E+01   2.497808E-31   1.375692E-30   2.175754E-16   1.200000E+02   9.205810E+00
  2.635000000000E+00   2.452078E-12   4.986012E-13   7.433189E+01   2.582195E-31   2.037249E-30   3.037148E-16   1.200000E+02   9.205810E+00
  2.640000000000E+00   2.454654E-12   5.325740E-13   7.439517E+01   2.695231E-31   2.537220E-30   3.544238E-16   1.200000E+02   9.205810E+00
  2.645000000000E+00   2.457414E-12   5.725420E-13   7.446464E+01   2.835770E-31   2.947058E-30   3.832935E-16   1.200000E+02   9.205810E+00
  2.650000000000E+00   2.460390E-12   6.191714E-13   7.453980E+01   2.985346E-31   2.920480E-30   3.515860E-16   1.200000E+02   9.205810E+00
  2.655000000000E+00   2.463618E-12   6.736833E-13   7.462080E+01   3.124930E-31   2.551472E-30   2.826148E-16   1.200000E+02   9.205810E+00
  2.660000000000E+00   2.467142E-12   7.376322E-13   7.470786E+01   3.235012E-31   1.851782E-30   1.875496E-16   1.200000E+02   9.205810E+00
  2.665000000000E+00   2.471011E-12   8.123502E-13   7.480049E+01   3.298575E-31   7.919424E-31   7.292136E-17   1.200000E+02   9.205810E+00
  2.670000000000E+00   2.475285E-12   8.998358E-13   7.489868E+01   3.311587E-31  -1.801166E-31  -1.499217E-17   1.200000E+02   9.205810E+00
  2.675000000000E+00   2.480033E-12   1.002087E-12   7.500200E+01   3.282301E-31  -8.366240E-31  -6.261777E-17   1.200000E+02   9.205810E+00
  2.680000000000E+00   2.485334E-12   1.121880E-12   7.511041E+01   3.245153E-31  -3.561285E-31  -2.384297E-17   1.200000E+02   9.205810E+00
  2.685000000000E+00   2.491284E-12   1.261991E-12   7.522338E+01   3.264969E-31   1.602374E-30   9.551258E-17   1.200000E+02   9.205810E+00
  2.690000000000E+00   2.497992E-12   1.425748E-12   7.534051E+01   3.421904E-31   5.077522E-30   2.683104E-16   1.200000E+02   9.205810E+00
  2.695000000000E+00   2.505585E-12   1.616929E-12   7.546131E+01   3.800048E-31   1.034995E-29   4.830272E-16   1.200000E+02   9.205810E+00
  2.700000000000E+00   2.514212E-12   1.839862E-12   7.558530E+01   4.450258E-31   1.582190E-29   6.499962E-16   1.200000E+02   9.205810E+00
  2.705000000000E+00   2.524041E-12   2.098877E-12   7.571175E+01   5.430417E-31   2.329682E-29   8.403747E-16   1.200000E+02   9.205810E+00
  2.710000000000E+00   2.535267E-12   2.399525E-12   7.584026E+01   6.668944E-31   2.744758E-29   8.675183E-16   1.200000E+02   9.205810E+00
  2.715000000000E+00   2.548111E-12   2.746914E-12   7.597006E+01   8.099633E-31   3.050596E-29   8.436885E-16   1.200000E+02   9.205810E+00
  2.720000000000E+00   2.562821E-12   3.146816E-12   7.610054E+01   9.661146E-31   3.142270E-29   7.599060E-16   1.200000E+02   9.205810E+00
  2.725000000000E+00   2.579672E-12   3.604783E-12   7.623097E+01   1.111364E-30   2.677274E-29   5.661677E-16   1.200000E+02   9.205810E+00
  2.730000000000E+00   2.598971E-12   4.126699E-12   7.636078E+01   1.223380E-30   1.624329E-29   3.005672E-16   1.200000E+02   9.205810E+00
  2.735000000000E+00   2.621050E-12   4.717671E-12   7.648926E+01   1.274336E-30   2.539628E-30   4.117588E-17   1.200000E+02   9.205810E+00
  2.740000000000E+00   2.646266E-12   5.382583E-12   7.661584E+01   1.236444E-30  -1.655395E-29  -2.356293E-16   1.200000E+02   9.205810E+00
  2.745000000000E+00   2.675000E-12   6.125211E-12   7.673992E+01   1.108874E-30  -3.308594E-29  -4.145183E-16   1.200000E+02   9.205810E+00
  2.750000000000E+00   2.707648E-12   6.948664E-12   7.686101E+01   9.068223E-31  -4.717296E-29  -5.217926E-16   1.200000E+02   9.205810E+00
  2.755000000000E+00   2.744618E-12   7.854273E-12   7.697862E+01   6.504625E-31  -5.108568E-29  -5.006835E-16   1.200000E+02   9.205810E+00
  2.760000000000E+00   2.786324E-12   8.842815E-12   7.709242E+01   4.065027E-31  -4.477787E-29  -3.903773E-16   1.200000E+02   9.205810E+00
  2.765000000000E+00   2.833177E-12   9.913292E-12   7.720212E+01   2.178154E-31  -2.327178E-29  -1.812345E-16   1.200000E+02   9.205810E+00
  2.770000000000E+00   2.885585E-12   1.106382E-11   7.730753E+01   1.713857E-31   5.145363E-30   3.595281E-17   1.200000E+02   9.205810E+00
  2.775000000000E+00   2.943940E-12   1.229195E-11   7.740859E+01   3.235754E-31   5.637775E-29   3.550391E-16   1.200000E+02   9.205810E+00
  2.780000000000E+00   3.008623E-12   1.359457E-11   7.750528E+01   7.353978E-31   1.066788E-28   6.081966E-16   1.200000E+02   9.205810E+00
  2.785000000000E+00   3.080001E-12   1.496936E-11   7.759777E+01   1.402951E-30   1.627388E-28   8.436009E-16   1.200000E+02   9.205810E+00
  2.790000000000E+00   3.158430E-12   1.641487E-11   7.768626E+01   2.303094E-30   1.989994E-28   9.417997E-16   1.200000E+02   9.205810E+00
  2.795000000000E+00   3.244263E-12   1.793121E-11   7.777108E+01   3.323005E-30   2.192725E-28   9.510267E-16   1.200000E+02   9.205810E+00
  2.800000000000E+00   3.337860E-12   1.952138E-11   7.785265E+01   4.422880E-30   2.069558E-28   8.253543E-16   1.200000E+02   9.205810E+00
  2.805000000000E+00   3.439604E-12   2.119138E-11   7.793145E+01   5.397427E-30   1.717259E-28   6.315233E-16   1.200000E+02   9.205810E+00
  2.810000000000E+00   3.549917E-12   2.295086E-11   7.800802E+01   6.063940E-30   8.318168E-29   2.827274E-16   1.200000E+02   9.205810E+00
  2.815000000000E+00   3.669279E-12   2.481426E-11   7.808296E+01   6.167090E-30  -5.835876E-29  -1.836373E-16   1.200000E+02   9.205810E+00
  2.820000000000E+00   3.798255E-12   2.680045E-11   7.815688E+01   5.501095E-30  -2.121343E-28  -6.186370E-16   1.200000E+02   9.205810E+00
  2.825000000000E+00   3.937518E-12   2.893386E-11   7.823041E+01   4.021677E-30  -3.814204E-28  -1.031272E-15   1.200000E+02   9.205810E+00
  2.830000000000E+00   4.087876E-12   3.124390E-11   7.830415E+01   1.738072E-30  -5.327846E-28  -1.335277E-15   1.200000E+02   9.205810E+00
  2.835000000000E+00   4.250296E-12   3.376555E-11   7.837866E+01  -1.266520E-30  -6.650729E-28  -1.543808E-15   1.200000E+02   9.205810E+00
  2.840000000000E+00   4.425936E-12   3.653977E-11   7.845447E+01  -5.034345E-30  -7.869134E-28  -1.689580E-15   1.200000E+02   9.205810E+00
  2.845000000000E+00   4.616171E-12   3.961276E-11   7.853199E+01  -9.237038E-30  -8.694326E-28  -1.723643E-15   1.200000E+02   9.205810E+00
  2.850000000000E+00   4.822625E-12   4.303680E-11   7.861157E+01  -1.348966E-29  -8.261484E-28  -1.509054E-15   1.200000E+02   9.205810E+00
  2.855000000000E+00   5.047193E-12   4.686951E-11   7.869347E+01  -1.739773E-29  -7.328518E-28  -1.230451E-15   1.200000E+02   9.205810E+00
  2.860000000000E+00   5.292074E-12   5.117418E-11   7.877783E+01  -2.071949E-29  -5.941517E-28  -9.146406E-16   1.200000E+02   9.205810E+00
  2.865000000000E+00   5.559799E-12   5.601930E-11   7.886467E+01  -2.312318E-29  -3.831052E-28  -5.393403E-16   1.200000E+02   9.205810E+00
  2.870000000000E+00   5.853249E-12   6.147827E-11   7.895394E+01  -2.423432E-29  -1.796007E-29  -2.306535E-17   1.200000E+02   9.205810E+00
  2.875000000000E+00   6.175687E-12   6.762846E-11   7.904547E+01  -2.333154E-29   3.365713E-28   3.933911E-16   1.200000E+02   9.205810E+00
  2.880000000000E+00   6.530769E-12   7.455048E-11   7.913902E+01  -2.119164E-29   5.562540E-28   5.904911E-16   1.200000E+02   9.205810E+00
  2.885000000000E+00   6.922558E-12   8.232648E-11   7.923427E+01  -1.809066E-29   6.193074E-28   5.960460E-16   1.200000E+02   9.205810E+00
  2.890000000000E+00   7.355531E-12   9.103840E-11   7.933083E+01  -1.519896E-29   4.782604E-28   4.167560E-16   1.200000E+02   9.205810E+00
  2.895000000000E+00   7.834569E-12   1.007670E-10   7.942830E+01  -1.394728E-29   2.612380E-29   2.059176E-17   1.200000E+02   9.205810E+00
  2.900000000000E+00   8.364951E-12   1.115895E-10   7.952623E+01  -1.564068E-29  -7.452879E-28  -5.311425E-16   1.200000E+02   9.205810E+00
  2.905000000000E+00   8.952333E-12   1.235796E-10   7.962421E+01  -2.150426E-29  -1.708412E-27  -1.100756E-15   1.200000E+02   9.205810E+00
  2.910000000000E+00   9.602729E-12   1.368081E-10   7.972184E+01  -3.286422E-29  -2.792808E-27  -1.627446E-15   1.200000E+02   9.205810E+00
  2.915000000000E+00   1.032251E-11   1.513473E-10   7.981879E+01  -4.977615E-29  -4.052443E-27  -2.137212E-15   1.200000E+02   9.205810E+00
  2.920000000000E+00   1.111843E-11   1.672771E-10   7.991487E+01  -7.307239E-29  -5.327788E-27  -2.545295E-15   1.200000E+02   9.205810E+00
  2.925000000000E+00   1.199766E-11   1.846974E-10   8.000997E+01  -1.001402E-28  -5.586812E-27  -2.420179E-15   1.200000E+02   9.205810E+00
  2.930000000000E+00   1.296799E-11   2.037417E-10   8.010418E+01  -1.288183E-28  -5.821220E-27  -2.288702E-15   1.200000E+02   9.205810E+00
  2.935000000000E+00   1.403798E-11   2.245985E-10   8.019774E+01  -1.557947E-28  -5.040849E-27  -1.799944E-15   1.200000E+02   9.205810E+00
  2.940000000000E+00   1.521729E-11   2.475311E-10   8.029107E+01  -1.772899E-28  -3.462834E-27  -1.123231E-15   1.200000E+02   9.205810E+00
  2.945000000000E+00   1.651718E-11   2.729030E-10   8.038475E+01  -1.891124E-28  -1.261488E-27  -3.715767E-16   1.200000E+02   9.205810E+00
  2.950000000000E+00   1.795100E-11   3.012032E-10   8.047947E+01  -1.883414E-28   1.474061E-27   3.938591E-16   1.200000E+02   9.205810E+00
  2.955000000000E+00   1.953491E-11   3.330729E-10   8.057603E+01  -1.735440E-28   4.385643E-27   1.060962E-15   1.200000E+02   9.205810E+00
  2.960000000000E+00   2.128875E-11   3.693360E-10   8.067524E+01  -1.460251E-28   6.685114E-27   1.460251E-15   1.200000E+02   9.205810E+00
  2.965000000000E+00   2.323696E-11   4.110355E-10   8.077793E+01  -1.089852E-28   7.803495E-27   1.533566E-15   1.200000E+02   9.205810E+00
  2.970000000000E+00   2.540988E-11   4.594818E-10   8.088490E+01  -6.963096E-29   7.688013E-27   1.353360E-15   1.200000E+02   9.205810E+00
  2.975000000000E+00   2.784517E-11   5.163175E-10   8.099685E+01  -3.729435E-29   4.973333E-27   7.801871E-16   1.200000E+02   9.205810E+00
  2.980000000000E+00   3.058975E-11   5.836109E-10   8.111447E+01  -2.481036E-29   8.044503E-29   1.118083E-17   1.200000E+02   9.205810E+00
  2.985000000000E+00   3.370216E-11   6.639840E-10   8.123833E+01  -4.702563E-29  -9.459932E-27  -1.157421E-15   1.200000E+02   9.205810E+00
  2.990000000000E+00   3.725583E-11   7.607912E-10   8.136898E+01  -1.189721E-28  -2.058348E-26  -2.201467E-15   1.200000E+02   9.205810E+00
  2.995000000000E+00   4.134322E-11   8.783584E-10   8.150693E+01  -2.605206E-28  -3.494638E-26  -3.242836E-15   1.200000E+02   9.205810E+00
  3.000000000000E+00   4.608150E-11   1.022298E-09   8.165262E+01  -4.656725E-28  -4.664894E-26  -3.725928E-15   1.200000E+02   9.205810E+00
  3.005000000000E+00   5.161994E-11   1.199911E-09   8.180640E+01  -7.312863E-28  -5.858969E-26  -3.994474E-15   1.200000E+02   9.205810E+00
  3.010000000000E+00   5.814951E-11   1.420692E-09   8.196854E+01  -1.048786E-27  -6.868005E-26  -3.962579E-15   1.200000E+02   9.205810E+00
  3.015000000000E+00   6.591539E-11   1.696943E-09   8.213912E+01  -1.408471E-27  -7.458253E-26  -3.610105E-15   1.200000E+02   9.205810E+00
  3.020000000000E+00   7.523278E-11   2.044513E-09   8.231800E+01  -1.794984E-27  -8.216963E-26  -3.308388E-15   1.200000E+02   9.205810E+00
  3.025000000000E+00   8.650672E-11   2.483668E-09   8.250479E+01  -2.228315E-27  -9.186782E-26  -3.051751E-15   1.200000E+02   9.205810E+00
  3.030000000000E+00   1.002568E-10   3.040162E-09   8.269888E+01  -2.711074E-27  -1.020462E-25  -2.775873E-15   1.200000E+02   9.205810E+00
  3.035000000000E+00   1.171477E-10   3.746587E-09   8.289946E+01  -3.253602E-27  -1.190992E-25  -2.635268E-15   1.200000E+02   9.205810E+00
  3.040000000000E+00   1.380279E-10   4.644243E-09   8.310565E+01  -3.916306E-27  -1.405216E-25  -2.514541E-15   1.200000E+02   9.205810E+00
  3.045000000000E+00   1.639797E-10   5.785956E-09   8.331666E+01  -4.708993E-27  -1.736670E-25  -2.500772E-15   1.200000E+02   9.205810E+00
  3.050000000000E+00   1.963868E-10   7.240573E-09   8.353196E+01  -5.616469E-27  -1.879230E-25  -2.168002E-15   1.200000E+02   9.205810E+00
  3.055000000000E+00   2.370315E-10   9.100304E-09   8.375142E+01  -6.621264E-27  -2.008020E-25  -1.848010E-15   1.200000E+02   9.205810E+00
  3.060000000000E+00   2.882388E-10   1.149272E-08   8.397549E+01  -7.579652E-27  -1.646642E-25  -1.203176E-15   1.200000E+02   9.205810E+00
  3.065000000000E+00   3.530978E-10   1.460030E-08   8.420525E+01  -8.168549E-27  -6.181028E-26  -3.564823E-16   1.200000E+02   9.205810E+00
  3.070000000000E+00   4.358087E-10   1.869231E-08   8.444243E+01  -8.089880E-27   1.134039E-25   5.123016E-16   1.200000E+02   9.205810E+00
  3.075000000000E+00   5.422357E-10   2.417684E-08   8.468942E+01  -7.037680E-27   3.272321E-25   1.146266E-15   1.200000E+02   9.205810E+00
  3.080000000000E+00   6.807964E-10   3.168703E-08   8.494912E+01  -4.165486E-27   7.653093E-25   2.051702E-15   1.200000E+02   9.205810E+00
  3.085000000000E+00   8.639168E-10   4.222686E-08   8.522478E+01   4.670563E-28   1.099996E-24   2.220078E-15   1.200000E+02   9.205810E+00
  3.090000000000E+00   1.110454E-09   5.742432E-08   8.551989E+01   5.949638E-27   1.061830E-24   1.581344E-15   1.200000E+02   9.205810E+00
  3.095000000000E+00   1.449829E-09   7.998426E-08   8.583800E+01   9.686004E-27   5.071818E-25   5.443005E-16   1.200000E+02   9.205810E+00
  3.100000000000E+00   1.929262E-09   1.145240E-07   8.618260E+01   9.323738E-27  -8.307579E-25  -6.251690E-16   1.200000E+02   9.205810E+00
  3.105000000000E+00   2.626852E-09   1.691679E-07   8.655710E+01   7.704165E-28  -2.752928E-24  -1.408574E-15   1.200000E+02   9.205810E+00
  3.110000000000E+00   3.676022E-09   2.587104E-07   8.696493E+01  -2.064598E-26  -6.343214E-24  -2.132257E-15   1.200000E+02   9.205810E+00
  3.115000000000E+00   5.313137E-09   4.112269E-07   8.740982E+01  -6.253995E-26  -8.850017E-24  -1.881147E-15   1.200000E+02   9.205810E+00
  3.120000000000E+00   7.975332E-09   6.828409E-07   8.789666E+01  -1.119706E-25  -9.553557E-24  -1.229753E-15   1.200000E+02   9.205810E+00
  3.125000000000E+00   1.251471E-08   1.192890E-06   8.843221E+01  -1.244681E-25   7.755734E-24   5.749537E-16   1.200000E+02   9.205810E+00
  3.130000000000E+00   2.069854E-08   2.212543E-06   8.902527E+01   5.707997E-26   7.536527E-23   3.032444E-15   1.200000E+02   9.205810E+00
  3.135000000000E+00   3.645570E-08   4.402583E-06   8.968579E+01   8.749536E-25   2.930883E-22   5.970554E-15   1.200000E+02   9.205809E+00
  3.140000000000E+00   6.920591E-08   9.497570E-06   9.042388E+01   3.477228E-24   8.479961E-22   8.073548E-15   1.200000E+02   9.205809E+00
  3.145000000000E+00   1.434377E-07   2.242384E-05   9.124860E+01   1.061958E-23   2.276237E-21   9.262616E-15   1.200000E+02   9.205807E+00
  3.150000000000E+00   3.284882E-07   5.836599E-05   9.216693E+01   2.999542E-23   6.242669E-21   9.857927E-15   1.200000E+02   9.205803E+00
  3.155000000000E+00   8.387066E-07   1.681401E-04   9.318264E+01   8.097736E-23   1.599213E-20   8.862783E-15   1.200000E+02   9.205792E+00
  3.160000000000E+00   2.396428E-06   5.352939E-04   9.429422E+01   2.150467E-22   4.118993E-20   7.255775E-15   1.200000E+02   9.205758E+00
  3.165000000000E+00   7.622856E-06   1.857854E-03   9.548843E+01   4.859598E-22   5.705714E-20   2.932575E-15   1.200000E+02   9.205645E+00
  3.170000000000E+00   2.631808E-05   6.711587E-03   9.672012E+01   8.511349E-22   1.969243E-20   2.837860E-16   1.200000E+02   9.205239E+00
  3.175000000000E+00   9.212990E-05   2.274887E-02   9.788724E+01  -3.263824E-22  -6.266562E-19  -2.696470E-15   1.200000E+02   9.203810E+00
  3.180000000000E+00   2.952009E-04   6.476849E-02   9.887707E+01  -8.396673E-21  -3.488819E-18  -5.326111E-15   1.200000E+02   9.199400E+00
  3.185000000000E+00   8.096705E-04   1.502816E-01   9.964805E+01  -3.961502E-20  -1.131659E-17  -7.503754E-15   1.200000E+02   9.188228E+00
  3.190000000000E+00   1.890024E-03   2.930414E-01   1.002114E+02  -1.080555E-19  -1.956728E-17  -6.691421E-15   1.200000E+02   9.164769E+00
  3.195000000000E+00   3.843693E-03   5.003052E-01   1.005842E+02  -2.641556E-19  -3.264812E-17  -6.563763E-15   1.200000E+02   9.122345E+00
  3.200000000000E+00   6.997774E-03   7.727852E-01   1.007745E+02  -4.290881E-19  -2.049870E-17  -2.673119E-15   1.200000E+02   9.053855E+00
  3.205000000000E+00   1.166810E-02   1.105427E+00   1.007819E+02  -5.795397E-19  -3.564910E-17  -3.250132E-15   1.200000E+02   8.952441E+00
  3.210000000000E+00   1.813276E-02   1.488371E+00   1.006020E+02  -7.329503E-19  -1.360216E-17  -9.193972E-16   1.200000E+02   8.812062E+00
  3.215000000000E+00   2.661062E-02   1.907966E+00   1.002300E+02  -7.532450E-19   2.409042E-17   1.265527E-15   1.200000E+02   8.627968E+00
  3.220000000000E+00   3.724494E-02   2.347823E+00   9.966349E+01  -5.728957E-19   6.846250E-17   2.906186E-15   1.200000E+02   8.397046E+00
  3.225000000000E+00   5.009246E-02   2.789914E+00   9.890409E+01  -3.651130E-19   9.388943E-17   3.328436E-15   1.200000E+02   8.118066E+00
  3.230000000000E+00   6.511794E-02   3.215689E+00   9.795861E+01   1.482547E-19   2.301854E-17   7.012071E-16   1.200000E+02   7.791792E+00
  3.235000000000E+00   8.219445E-02   3.607220E+00   9.683940E+01   2.017819E-19  -5.473848E-17  -1.469509E-15   1.200000E+02   7.420980E+00
  3.240000000000E+00   1.011093E-01   3.948321E+00   9.556427E+01  -1.910298E-19  -5.284520E-17  -1.279053E-15   1.200000E+02   7.010250E+00
  3.245000000000E+00   1.215754E-01   4.225641E+00   9.415588E+01  -5.550962E-19  -9.134015E-17  -2.035244E-15   1.200000E+02   6.565834E+00
  3.250000000000E+00   1.432481E-01   4.429638E+00   9.264070E+01  -1.105034E-18  -1.631380E-16  -3.411841E-15   1.200000E+02   6.095217E+00
  3.255000000000E+00   1.657461E-01   4.555314E+00   9.104770E+01  -2.153535E-18  -1.622407E-16  -3.242727E-15   1.200000E+02   5.606678E+00
  3.260000000000E+00   1.886755E-01   4.602609E+00   8.940670E+01  -2.630684E-18  -5.505793E-17  -1.069512E-15   1.200000E+02   5.108773E+00
  3.265000000000E+00   2.116544E-01   4.576400E+00   8.774674E+01  -2.485018E-18   1.145004E-16   2.195401E-15   1.200000E+02   4.609794E+00
  3.270000000000E+00   2.343367E-01   4.486099E+00   8.609448E+01  -1.476377E-18   3.097946E-16   5.945389E-15   1.200000E+02   4.117253E+00
  3.275000000000E+00   2.564337E-01   4.344875E+00   8.447279E+01   5.811295E-19   4.875175E-16   9.478285E-15   1.200000E+02   3.637424E+00
  3.280000000000E+00   2.777293E-01   4.168570E+00   8.289975E+01   3.360223E-18   5.321987E-16   1.058376E-14   1.200000E+02   3.174997E+00
  3.285000000000E+00   2.980908E-01   3.974406E+00   8.138793E+01   5.974091E-18   5.955803E-16   1.219630E-14   1.200000E+02   2.732854E+00
  3.290000000000E+00   3.174724E-01   3.779595E+00   7.994424E+01   8.989768E-18   5.833128E-16   1.233796E-14   1.200000E+02   2.311996E+00
  3.295000000000E+00   3.359112E-01   3.599959E+00   7.856995E+01   1.151601E-17   4.228252E-16   9.228260E-15   1.200000E+02   1.911619E+00
  3.300000000000E+00   3.535176E-01   3.448693E+00   7.726122E+01   1.341115E-17   3.200077E-16   7.169148E-15   1.200000E+02   1.529344E+00
  3.305000000000E+00   3.704592E-01   3.335405E+00   7.600970E+01   1.457187E-17   2.010367E-16   4.581374E-15   1.200000E+02   1.161564E+00
  3.310000000000E+00   3.869415E-01   3.265599E+00   7.480344E+01   1.529399E-17  -1.188447E-17  -2.722316E-16   1.200000E+02   8.038877E-01
  3.315000000000E+00   4.031871E-01   3.240642E+00   7.362813E+01   1.486873E-17  -1.839162E-16  -4.178619E-15   1.200000E+02   4.516435E-01
  3.320000000000E+00   4.194160E-01   3.258134E+00   7.246874E+01   1.356553E-17  -2.883397E-16  -6.413368E-15   1.200000E+02   1.004199E-01
  3.325000000000E+00   4.358277E-01   3.312533E+00   7.131181E+01   1.201680E-17  -3.476858E-16  -7.484939E-15   1.200000E+02  -2.532956E-01
  3.330000000000E+00   4.525877E-01   3.395829E+00   7.014896E+01   9.674267E-18  -6.977618E-16  -1.441394E-14   1.200000E+02  -6.111960E-01
  3.335000000000E+00   4.698164E-01   3.498046E+00   6.898279E+01   6.167502E-18  -6.385001E-16  -1.259146E-14   1.200000E+02  -9.714909E-01
  3.340000000000E+00   4.875794E-01   3.607201E+00   6.783784E+01   2.923513E-18  -6.288840E-16  -1.182693E-14   1.200000E+02  -1.325697E+00
  3.345000000000E+00   5.058758E-01   3.708312E+00   6.677654E+01  -5.060455E-19  -6.565965E-16  -1.182351E-14   1.200000E+02  -1.653782E+00
  3.350000000000E+00   5.246184E-01   3.781607E+00   6.590206E+01  -3.702489E-18  -5.893298E-16  -1.027025E-14   1.200000E+02  -1.923186E+00
  3.355000000000E+00   5.436083E-01   3.802727E+00   6.530322E+01  -6.573219E-18  -5.396400E-16  -9.267095E-15   1.200000E+02  -2.105406E+00
  3.360000000000E+00   5.625252E-01   3.749004E+00   6.496994E+01  -8.569139E-18  -2.473925E-16  -4.287292E-15   1.200000E+02  -2.201801E+00
  3.365000000000E+00   5.809587E-01   3.608534E+00   6.481192E+01  -9.260403E-18  -1.223393E-16  -2.197304E-15   1.200000E+02  -2.238401E+00
  3.370000000000E+00   5.984746E-01   3.383588E+00   6.474416E+01  -9.128014E-18   1.434828E-16   2.745509E-15   1.200000E+02  -2.240203E+00
  3.375000000000E+00   6.146814E-01   3.088262E+00   6.471837E+01  -8.086580E-18   1.457095E-16   3.053524E-15   1.200000E+02  -2.221539E+00
  3.380000000000E+00   6.292799E-01   2.744767E+00   6.471202E+01  -7.295756E-18   2.172386E-16   5.121726E-15   1.200000E+02  -2.189313E+00
  3.385000000000E+00   6.420952E-01   2.380138E+00   6.471496E+01  -6.408194E-18   1.227030E-16   3.336242E-15   1.200000E+02  -2.147158E+00
  3.390000000000E+00   6.530938E-01   2.023299E+00   6.472295E+01  -6.018426E-18  -8.183085E-18  -2.617672E-16   1.200000E+02  -2.097720E+00
  3.395000000000E+00   6.623857E-01   1.702246E+00   6.473620E+01  -6.575470E-18  -2.214922E-16  -8.423323E-15   1.200000E+02  -2.043699E+00
  3.400000000000E+00   6.702128E-01   1.441297E+00   6.476019E+01  -7.768176E-18  -2.683536E-16  -1.205763E-14   1.200000E+02  -1.988284E+00
  3.405000000000E+00   6.769243E-01   1.258594E+00   6.480591E+01  -8.821302E-18  -1.747597E-16  -8.998503E-15   1.200000E+02  -1.935250E+00
  3.410000000000E+00   6.829407E-01   1.164278E+00   6.488517E+01  -9.720254E-18  -1.706869E-16  -9.512373E-15   1.200000E+02  -1.888793E+00
  3.415000000000E+00   6.887116E-01   1.159973E+00   6.499987E+01  -1.022402E-17  -7.811385E-18  -4.377162E-16   1.200000E+02  -1.853127E+00
  3.420000000000E+00   6.946753E-01   1.239728E+00   6.513391E+01  -9.919214E-18   1.633119E-16   8.580225E-15   1.200000E+02  -1.831955E+00
  3.425000000000E+00   7.012246E-01   1.391660E+00   6.525841E+01  -8.516395E-18   3.818714E-16   1.790691E-14   1.200000E+02  -1.827876E+00
  3.430000000000E+00   7.086813E-01   1.599354E+00   6.534574E+01  -6.013473E-18   6.343613E-16   2.591847E-14   1.200000E+02  -1.841814E+00
  3.435000000000E+00   7.172756E-01   1.842866E+00   6.537990E+01  -2.600963E-18   7.118698E-16   2.525522E-14   1.200000E+02  -1.872544E+00
  3.440000000000E+00   7.271314E-01   2.099706E+00   6.535948E+01   1.430157E-18   8.923671E-16   2.777753E-14   1.200000E+02  -1.916479E+00
  3.445000000000E+00   7.382560E-01   2.346144E+00   6.529533E+01   5.776625E-18   7.616824E-16   2.119832E-14   1.200000E+02  -1.967956E+00
  3.450000000000E+00   7.505387E-01   2.558893E+00   6.520547E+01   9.391578E-18   6.355898E-16   1.619604E-14   1.200000E+02  -2.020190E+00
  3.455000000000E+00   7.637574E-01   2.717119E+00   6.510886E+01   1.134621E-17   1.821893E-16   4.365705E-15   1.200000E+02  -2.066697E+00
  3.460000000000E+00   7.775962E-01   2.804516E+00   6.502020E+01   1.094439E-17  -3.047620E-16  -7.065634E-15   1.200000E+02  -2.102603E+00
  3.465000000000E+00   7.916728E-01   2.811092E+00   6.494748E+01   9.005681E-18  -4.746115E-16  -1.096543E-14   1.200000E+02  -2.125212E+00
  3.470000000000E+00   8.055733E-01   2.734293E+00   6.489269E+01   5.763538E-18  -8.117069E-16  -1.926415E-14   1.200000E+02  -2.133717E+00
  3.475000000000E+00   8.188902E-01   2.579304E+00   6.485396E+01   1.206290E-18  -8.764472E-16  -2.203737E-14   1.200000E+02  -2.128503E+00
  3.480000000000E+00   8.312607E-01   2.358519E+00   6.482760E+01  -2.756817E-18  -7.253529E-16  -1.993746E-14   1.200000E+02  -2.110546E+00
  3.485000000000E+00   8.423993E-01   2.090306E+00   6.480931E+01  -5.979143E-18  -5.961871E-16  -1.848460E-14   1.200000E+02  -2.081107E+00
  3.490000000000E+00   8.521238E-01   1.797228E+00   6.479499E+01  -8.610917E-18  -4.466529E-16  -1.610306E-14   1.200000E+02  -2.041688E+00
  3.495000000000E+00   8.603712E-01   1.503920E+00   6.478166E+01  -9.888994E-18   1.521594E-17   6.554294E-16   1.200000E+02  -1.994124E+00
  3.500000000000E+00   8.672018E-01   1.234767E+00   6.476937E+01  -9.197933E-18   2.425091E-16   1.272075E-14   1.200000E+02  -1.940736E+00
  3.505000000000E+00   8.727925E-01   1.011465E+00   6.476452E+01  -7.085695E-18   5.052666E-16   3.235242E-14   1.200000E+02  -1.884443E+00
  3.510000000000E+00   8.774169E-01   8.506211E-01   6.478287E+01  -4.554385E-18   5.520456E-16   4.204351E-14   1.200000E+02  -1.828765E+00
  3.515000000000E+00   8.814145E-01   7.617980E-01   6.484648E+01  -1.530347E-18   6.243281E-16   5.314464E-14   1.200000E+02  -1.777651E+00
  3.520000000000E+00   8.851535E-01   7.469083E-01   6.496853E+01   1.464785E-18   5.482122E-16   4.768530E-14   1.200000E+02  -1.735125E+00
  3.525000000000E+00   8.889950E-01   8.015397E-01   6.513666E+01   4.200406E-18   4.942887E-16   4.016809E-14   1.200000E+02  -1.704859E+00
  3.530000000000E+00   8.932667E-01   9.172150E-01   6.531607E+01   6.388057E-18   4.051664E-16   2.885243E-14   1.200000E+02  -1.689779E+00
  3.535000000000E+00   8.982473E-01   1.082906E+00   6.546901E+01   8.052075E-18   2.543069E-16   1.537458E-14   1.200000E+02  -1.691735E+00
  3.540000000000E+00   9.041549E-01   1.285454E+00   6.556923E+01   8.900688E-18   5.416645E-17   2.762956E-15   1.200000E+02  -1.711153E+00
  3.545000000000E+00   9.111366E-01   1.509633E+00   6.560566E+01   7.888917E-18  -5.435266E-16  -2.362059E-14   1.200000E+02  -1.746707E+00
  3.550000000000E+00   9.192587E-01   1.738446E+00   6.558065E+01   3.673326E-18  -1.075539E-15  -4.057332E-14   1.200000E+02  -1.795112E+00
  3.555000000000E+00   9.284996E-01   1.953848E+00   6.550663E+01  -2.492443E-18  -1.359676E-15  -4.558584E-14   1.200000E+02  -1.851256E+00
  3.560000000000E+00   9.387469E-01   2.137877E+00   6.540214E+01  -9.346023E-18  -1.394012E-15  -4.264575E-14   1.200000E+02  -1.908829E+00
  3.565000000000E+00   9.498017E-01   2.274159E+00   6.528702E+01  -1.587170E-17  -1.201614E-15  -3.449616E-14   1.200000E+02  -1.961442E+00
  3.570000000000E+00   9.613909E-01   2.349621E+00   6.517769E+01  -2.036266E-17  -5.740317E-16  -1.592345E-14   1.200000E+02  -2.003865E+00
  3.575000000000E+00   9.731873E-01   2.356134E+00   6.508430E+01  -2.188529E-17  -3.887088E-17  -1.073744E-15   1.200000E+02  -2.032832E+00
  3.580000000000E+00   9.848383E-01   2.291732E+00   6.501045E+01  -1.994959E-17   7.132842E-16   2.023401E-14   1.200000E+02  -2.047082E+00
  3.585000000000E+00   9.959982E-01   2.161092E+00   6.495489E+01  -1.418212E-17   1.508009E-15   4.532550E-14   1.200000E+02  -2.046843E+00
  3.590000000000E+00   1.006361E+00   1.975220E+00   6.491381E+01  -5.800304E-18   1.747556E-15   5.743184E-14   1.200000E+02  -2.033196E+00
  3.595000000000E+00   1.015688E+00   1.750371E+00   6.488247E+01   3.266906E-18   1.799658E-15   6.670940E-14   1.200000E+02  -2.007658E+00
  3.600000000000E+00   1.023834E+00   1.506388E+00   6.485650E+01   1.112939E-17   1.340445E-15   5.771195E-14   1.200000E+02  -1.972026E+00
  3.605000000000E+00   1.030755E+00   1.264619E+00   6.483319E+01   1.610782E-17   6.081179E-16   3.117636E-14   1.200000E+02  -1.928404E+00
  3.610000000000E+00   1.036516E+00   1.045639E+00   6.481352E+01   1.750583E-17   3.560515E-17   2.206971E-15   1.200000E+02  -1.879287E+00
  3.615000000000E+00   1.041276E+00   8.669277E-01   6.480497E+01   1.669565E-17  -3.339392E-16  -2.496278E-14   1.200000E+02  -1.827600E+00
  3.620000000000E+00   1.045270E+00   7.407849E-01   6.482297E+01   1.433667E-17  -5.480889E-16  -4.796096E-14   1.200000E+02  -1.776642E+00
  3.625000000000E+00   1.048778E+00   6.729790E-01   6.488590E+01   1.126910E-17  -6.822421E-16  -6.577901E-14   1.200000E+02  -1.729870E+00
  3.630000000000E+00   1.052093E+00   6.628419E-01   6.500162E+01   7.578193E-18  -8.816967E-16  -8.646362E-14   1.200000E+02  -1.690576E+00
  3.635000000000E+00   1.055490E+00   7.049490E-01   6.515695E+01   2.871911E-18  -9.436116E-16  -8.721603E-14   1.200000E+02  -1.661561E+00
  3.640000000000E+00   1.059213E+00   7.913100E-01   6.532310E+01  -1.674944E-18  -8.392352E-16  -6.927935E-14   1.200000E+02  -1.644911E+00
  3.645000000000E+00   1.063460E+00   9.128332E-01   6.547042E+01  -5.294874E-18  -5.932107E-16  -4.254639E-14   1.200000E+02  -1.641842E+00
  3.650000000000E+00   1.068382E+00   1.059892E+00   6.557816E+01  -6.585914E-18   1.023698E-16   6.333876E-15   1.200000E+02  -1.652594E+00
  3.655000000000E+00   1.074083E+00   1.222481E+00   6.563649E+01  -4.663624E-18   7.144253E-16   3.835837E-14   1.200000E+02  -1.676324E+00
  3.660000000000E+00   1.080615E+00   1.390326E+00   6.564483E+01   4.541789E-19   1.333400E-15   6.295702E-14   1.200000E+02  -1.711057E+00
  3.665000000000E+00   1.087978E+00   1.553075E+00   6.560952E+01   8.815006E-18   1.887694E-15   7.974550E-14   1.200000E+02  -1.753757E+00
  3.670000000000E+00   1.096122E+00   1.700568E+00   6.554142E+01   1.921491E-17   2.155751E-15   8.308460E-14   1.200000E+02  -1.800564E+00
  3.675000000000E+00   1.104944E+00   1.823232E+00   6.545353E+01   2.939309E-17   1.853957E-15   6.655654E-14   1.200000E+02  -1.847237E+00
  3.680000000000E+00   1.114301E+00   1.912597E+00   6.535857E+01   3.661502E-17   1.119118E-15   3.824328E-14   1.200000E+02  -1.889731E+00
  3.685000000000E+00   1.124006E+00   1.961927E+00   6.526691E+01   3.987007E-17   3.000373E-16   9.981264E-15   1.200000E+02  -1.924747E+00
  3.690000000000E+00   1.133849E+00   1.966896E+00   6.518538E+01   3.971650E-17  -3.556061E-16  -1.178523E-14   1.200000E+02  -1.950070E+00
  3.695000000000E+00   1.143602E+00   1.926171E+00   6.511709E+01   3.711461E-17  -7.044321E-16  -2.381437E-14   1.200000E+02  -1.964605E+00
  3.700000000000E+00   1.153040E+00   1.841787E+00   6.506224E+01   3.318577E-17  -8.369361E-16  -2.956527E-14   1.200000E+02  -1.968180E+00
  3.705000000000E+00   1.161958E+00   1.719231E+00   6.501909E+01   2.852517E-17  -9.498963E-16  -3.592383E-14   1.200000E+02  -1.961257E+00
  3.710000000000E+00   1.170185E+00   1.567213E+00   6.498508E+01   2.397838E-17  -8.658081E-16  -3.590106E-14   1.200000E+02  -1.944710E+00
  3.715000000000E+00   1.177601E+00   1.397080E+00   6.495767E+01   2.009904E-17  -7.481816E-16  -3.478692E-14   1.200000E+02  -1.919706E+00
  3.720000000000E+00   1.184148E+00   1.221916E+00   6.493524E+01   1.633116E-17  -6.871341E-16  -3.651579E-14   1.200000E+02  -1.887684E+00
  3.725000000000E+00   1.189834E+00   1.055333E+00   6.491821E+01   1.392338E-17  -2.481274E-16  -1.526341E-14   1.200000E+02  -1.850384E+00
  3.730000000000E+00   1.194736E+00   9.100672E-01   6.491038E+01   1.377815E-17   1.051723E-16   7.501394E-15   1.200000E+02  -1.809868E+00
  3.735000000000E+00   1.198986E+00   7.965128E-01   6.491962E+01   1.400379E-17   1.539675E-17   1.254909E-15   1.200000E+02  -1.768495E+00
  3.740000000000E+00   1.202763E+00   7.215015E-01   6.495626E+01   1.383617E-17  -1.011408E-16  -9.105634E-15   1.200000E+02  -1.728808E+00
  3.745000000000E+00   1.206267E+00   6.877091E-01   6.502777E+01   1.337132E-17  -9.151303E-17  -8.653206E-15   1.200000E+02  -1.693352E+00
  3.750000000000E+00   1.209704E+00   6.939660E-01   6.513231E+01   1.265426E-17  -1.702655E-16  -1.598030E-14   1.200000E+02  -1.664444E+00
  3.755000000000E+00   1.213265E+00   7.362799E-01   6.525699E+01   1.148509E-17  -2.759605E-16  -2.445856E-14   1.200000E+02  -1.643980E+00
  3.760000000000E+00   1.217116E+00   8.089863E-01   6.538284E+01   9.812238E-18  -4.627627E-16  -3.740081E-14   1.200000E+02  -1.633288E+00
  3.765000000000E+00   1.221393E+00   9.055811E-01   6.549195E+01   7.268470E-18  -6.089747E-16  -4.404127E-14   1.200000E+02  -1.633040E+00
  3.770000000000E+00   1.226199E+00   1.019191E+00   6.557175E+01   4.360712E-18  -5.084045E-16  -3.270925E-14   1.200000E+02  -1.643192E+00
  3.775000000000E+00   1.231601E+00   1.142833E+00   6.561612E+01   1.932604E-18  -3.310638E-16  -1.900814E-14   1.200000E+02  -1.662961E+00
  3.780000000000E+00   1.237632E+00   1.269568E+00   6.562463E+01   1.376693E-18   8.184588E-17   4.230655E-15   1.200000E+02  -1.690844E+00
  3.785000000000E+00   1.244290E+00   1.392595E+00   6.560117E+01   2.446794E-18   3.181634E-16   1.498776E-14   1.200000E+02  -1.724698E+00
  3.790000000000E+00   1.251541E+00   1.505298E+00   6.555252E+01   4.736438E-18   5.367697E-16   2.337518E-14   1.200000E+02  -1.761903E+00
  3.795000000000E+00   1.259317E+00   1.601295E+00   6.548688E+01   7.873454E-18   6.679456E-16   2.731644E-14   1.200000E+02  -1.799597E+00
  3.800000000000E+00   1.267518E+00   1.674558E+00   6.541257E+01   1.076961E-17   4.241448E-16   1.656819E-14   1.200000E+02  -1.834963E+00
  3.805000000000E+00   1.276017E+00   1.719649E+00   6.533682E+01   1.228528E-17   1.705791E-16   6.481029E-15   1.200000E+02  -1.865500E+00
  3.810000000000E+00   1.284662E+00   1.732113E+00   6.526506E+01   1.177074E-17  -3.708145E-16  -1.397209E-14   1.200000E+02  -1.889233E+00
  3.815000000000E+00   1.293281E+00   1.709003E+00   6.520055E+01   9.320325E-18  -5.870690E-16  -2.239740E-14   1.200000E+02  -1.904800E+00
  3.820000000000E+00   1.301694E+00   1.649465E+00   6.514452E+01   5.653260E-18  -8.841824E-16  -3.492020E-14   1.200000E+02  -1.911432E+00
  3.825000000000E+00   1.309720E+00   1.555286E+00   6.509659E+01   9.108757E-19  -9.360001E-16  -3.917635E-14   1.200000E+02  -1.908866E+00
  3.830000000000E+00   1.317198E+00   1.431264E+00   6.505528E+01  -3.301121E-18  -7.625044E-16  -3.465813E-14   1.200000E+02  -1.897265E+00
  3.835000000000E+00   1.323998E+00   1.285280E+00   6.501864E+01  -6.468281E-18  -4.684200E-16  -2.369604E-14   1.200000E+02  -1.877166E+00
  3.840000000000E+00   1.330033E+00   1.127936E+00   6.498506E+01  -7.449257E-18   8.164445E-17   4.703875E-15   1.200000E+02  -1.849486E+00
  3.845000000000E+00   1.335279E+00   9.717248E-01   6.495445E+01  -5.521051E-18   6.491820E-16   4.339424E-14   1.200000E+02  -1.815558E+00
  3.850000000000E+00   1.339773E+00   8.297085E-01   6.493007E+01  -9.580426E-19   1.211160E-15   9.478108E-14   1.200000E+02  -1.777166E+00
  3.855000000000E+00   1.343618E+00   7.138363E-01   6.492035E+01   5.700488E-18   1.297052E-15   1.179613E-13   1.200000E+02  -1.736543E+00
  3.860000000000E+00   1.346968E+00   6.331883E-01   6.493878E+01   1.193113E-17   1.137831E-15   1.166941E-13   1.200000E+02  -1.696275E+00
  3.865000000000E+00   1.350014E+00   5.926827E-01   6.499858E+01   1.727406E-17   9.542247E-16   1.046483E-13   1.200000E+02  -1.659100E+00
  3.870000000000E+00   1.352960E+00   5.928374E-01   6.510311E+01   2.113251E-17   6.017490E-16   6.608175E-14   1.200000E+02  -1.627649E+00
  3.875000000000E+00   1.356003E+00   6.306474E-01   6.524026E+01   2.299530E-17   1.064755E-16   1.101485E-14   1.200000E+02  -1.604188E+00
  3.880000000000E+00   1.359319E+00   7.008790E-01   6.538723E+01   2.233904E-17  -3.527236E-16  -3.290671E-14   1.200000E+02  -1.590433E+00
  3.885000000000E+00   1.363053E+00   7.970465E-01   6.552062E+01   1.952278E-17  -7.915093E-16  -6.506544E-14   1.200000E+02  -1.587431E+00
  3.890000000000E+00   1.367319E+00   9.119460E-01   6.562326E+01   1.494685E-17  -1.129299E-15  -8.126391E-14   1.200000E+02  -1.595466E+00
  3.895000000000E+00   1.372191E+00   1.037985E+00   6.568606E+01   9.211915E-18  -1.083902E-15  -6.859178E-14   1.200000E+02  -1.614006E+00
  3.900000000000E+00   1.377704E+00   1.167472E+00   6.570715E+01   5.053225E-18  -6.440567E-16  -3.624850E-14   1.200000E+02  -1.641684E+00
  3.905000000000E+00   1.383859E+00   1.292885E+00   6.569011E+01   2.374653E-18  -5.015013E-16  -2.548075E-14   1.200000E+02  -1.676364E+00
  3.910000000000E+00   1.390615E+00   1.407076E+00   6.564227E+01   1.372737E-18   2.406552E-16   1.122694E-14   1.200000E+02  -1.715298E+00
  3.915000000000E+00   1.397901E+00   1.503412E+00   6.557293E+01   4.459478E-18   9.514138E-16   4.149693E-14   1.200000E+02  -1.755384E+00
  3.920000000000E+00   1.405611E+00   1.575887E+00   6.549176E+01   9.703204E-18   1.104049E-15   4.588281E-14   1.200000E+02  -1.793495E+00
  3.925000000000E+00   1.413613E+00   1.619268E+00   6.540739E+01   1.537149E-17   9.817548E-16   3.965619E-14   1.200000E+02  -1.826804E+00
  3.930000000000E+00   1.421750E+00   1.629364E+00   6.532635E+01   1.827053E-17   3.411517E-16   1.367785E-14   1.200000E+02  -1.853046E+00
  3.935000000000E+00   1.429849E+00   1.603422E+00   6.525261E+01   1.897793E-17  -1.935771E-16  -7.877786E-15   1.200000E+02  -1.870638E+00
  3.940000000000E+00   1.437726E+00   1.540647E+00   6.518764E+01   1.630457E-17  -8.219830E-16  -3.477962E-14   1.200000E+02  -1.878668E+00
  3.945000000000E+00   1.445199E+00   1.442756E+00   6.513085E+01   1.079763E-17  -1.418539E-15  -6.403762E-14   1.200000E+02  -1.876790E+00
  3.950000000000E+00   1.452104E+00   1.314426E+00   6.508011E+01   3.531778E-18  -1.305666E-15  -6.464639E-14   1.200000E+02  -1.865120E+00
  3.955000000000E+00   1.458307E+00   1.163524E+00   6.503251E+01  -2.169570E-18  -9.480707E-16  -5.299024E-14   1.200000E+02  -1.844170E+00
  3.960000000000E+00   1.463721E+00   1.000931E+00   6.498521E+01  -6.114087E-18  -5.156660E-16  -3.347949E-14   1.200000E+02  -1.814853E+00
  3.965000000000E+00   1.468319E+00   8.398549E-01   6.493716E+01  -7.677432E-18  -8.731551E-17  -6.751192E-15   1.200000E+02  -1.778544E+00
  3.970000000000E+00   1.472144E+00   6.945161E-01   6.489199E+01  -7.714694E-18   1.422236E-16   1.328864E-14   1.200000E+02  -1.737154E+00
  3.975000000000E+00   1.475311E+00   5.782209E-01   6.486197E+01  -6.534625E-18   3.215220E-16   3.606676E-14   1.200000E+02  -1.693147E+00
  3.980000000000E+00   1.477990E+00   5.010869E-01   6.486941E+01  -5.090152E-18   2.413371E-16   3.124287E-14   1.200000E+02  -1.649450E+00
  3.985000000000E+00   1.480393E+00   4.682408E-01   6.493778E+01  -3.964488E-18   1.778700E-16   2.466782E-14   1.200000E+02  -1.609202E+00
  3.990000000000E+00   1.482743E+00   4.796162E-01   6.507285E+01  -3.400901E-18   5.792618E-17   7.859246E-15   1.200000E+02  -1.575415E+00
  3.995000000000E+00   1.485254E+00   5.314279E-01   6.525335E+01  -3.388905E-18  -4.634428E-17  -5.690555E-15   1.200000E+02  -1.550677E+00
  4.000000000000E+00   1.488113E+00   6.178494E-01   6.544346E+01  -3.850706E-18  -1.107941E-16  -1.173546E-14   1.200000E+02  -1.536966E+00
  4.005000000000E+00   1.491476E+00   7.317821E-01   6.561069E+01  -4.952033E-18  -3.514948E-16  -3.151459E-14   1.200000E+02  -1.535531E+00
  4.010000000000E+00   1.495461E+00   8.650072E-01   6.573406E+01  -6.780863E-18  -3.080201E-16  -2.340722E-14   1.200000E+02  -1.546750E+00
  4.015000000000E+00   1.500142E+00   1.008360E+00   6.580417E+01  -8.733373E-18  -4.771738E-16  -3.113969E-14   1.200000E+02  -1.570003E+00
  4.020000000000E+00   1.505546E+00   1.152155E+00   6.582078E+01  -1.068446E-17  -2.149654E-16  -1.228063E-14   1.200000E+02  -1.603591E+00
  4.025000000000E+00   1.511649E+00   1.286772E+00   6.579026E+01  -1.018601E-17   3.710595E-16   1.897158E-14   1.200000E+02  -1.644788E+00
  4.030000000000E+00   1.518384E+00   1.403254E+00   6.572335E+01  -7.179603E-18   8.321913E-16   3.897683E-14   1.200000E+02  -1.690058E+00
  4.035000000000E+00   1.525640E+00   1.493807E+00   6.563290E+01  -2.419306E-18   1.230523E-15   5.406510E-14   1.200000E+02  -1.735443E+00
  4.040000000000E+00   1.533271E+00   1.552167E+00   6.553166E+01   4.302270E-18   1.414709E-15   5.972825E-14   1.200000E+02  -1.777070E+00
  4.045000000000E+00   1.541103E+00   1.573877E+00   6.543035E+01   1.139011E-17   1.374637E-15   5.714741E-14   1.200000E+02  -1.811648E+00
  4.050000000000E+00   1.548947E+00   1.556507E+00   6.533630E+01   1.730954E-17   8.437407E-16   3.541705E-14   1.200000E+02  -1.836799E+00
  4.055000000000E+00   1.556605E+00   1.499880E+00   6.525310E+01   1.987743E-17   1.407871E-16   6.125021E-15   1.200000E+02  -1.851160E+00
  4.060000000000E+00   1.563886E+00   1.406283E+00   6.518098E+01   1.922869E-17  -4.231475E-16  -1.961281E-14   1.200000E+02  -1.854255E+00
  4.065000000000E+00   1.570617E+00   1.280668E+00   6.511762E+01   1.565448E-17  -9.129057E-16  -4.641815E-14   1.200000E+02  -1.846273E+00
  4.070000000000E+00   1.576654E+00   1.130760E+00   6.505912E+01   1.113256E-17  -9.109302E-16  -5.241102E-14   1.200000E+02  -1.827875E+00
  4.075000000000E+00   1.581902E+00   9.669928E-01   6.500103E+01   6.702319E-18  -7.464982E-16  -5.017944E-14   1.200000E+02  -1.800095E+00
  4.080000000000E+00   1.586322E+00   8.021073E-01   6.494004E+01   3.746034E-18  -4.156654E-16  -3.365302E-14   1.200000E+02  -1.764361E+00
  4.085000000000E+00   1.589944E+00   6.502465E-01   6.487710E+01   2.473121E-18  -1.692707E-16  -1.688866E-14   1.200000E+02  -1.722574E+00
  4.090000000000E+00   1.592868E+00   5.253463E-01   6.482285E+01   2.264883E-18   6.860113E-17   8.464741E-15   1.200000E+02  -1.677182E+00
  4.095000000000E+00   1.595259E+00   4.388250E-01   6.480270E+01   2.948448E-18   2.070410E-16   3.057441E-14   1.200000E+02  -1.631155E+00
  4.100000000000E+00   1.597328E+00   3.972352E-01   6.485095E+01   4.145770E-18   2.421809E-16   3.953743E-14   1.200000E+02  -1.587776E+00
  4.105000000000E+00   1.599305E+00   4.014711E-01   6.498543E+01   5.631162E-18   3.438896E-16   5.566481E-14   1.200000E+02  -1.550288E+00
  4.110000000000E+00   1.601411E+00   4.483349E-01   6.518665E+01   7.699337E-18   4.362710E-16   6.343260E-14   1.200000E+02  -1.521565E+00
  4.115000000000E+00   1.603848E+00   5.326443E-01   6.541057E+01   9.532586E-18   3.102602E-16   3.810103E-14   1.200000E+02  -1.503923E+00
  4.120000000000E+00   1.606788E+00   6.479390E-01   6.561495E+01   1.098523E-17   2.327105E-16   2.356593E-14   1.200000E+02  -1.499015E+00
  4.125000000000E+00   1.610365E+00   7.861542E-01   6.577190E+01   1.134431E-17  -9.089994E-17  -7.604948E-15   1.200000E+02  -1.507662E+00
  4.130000000000E+00   1.614670E+00   9.373965E-01   6.586797E+01   9.750526E-18  -4.375735E-16  -3.074695E-14   1.200000E+02  -1.529633E+00
  4.135000000000E+00   1.619741E+00   1.090301E+00   6.590091E+01   7.017904E-18  -5.797613E-16  -3.504243E-14   1.200000E+02  -1.563445E+00
  4.140000000000E+00   1.625557E+00   1.232897E+00   6.587680E+01   3.538974E-18  -7.094634E-16  -3.790842E-14   1.200000E+02  -1.606306E+00
  4.145000000000E+00   1.632035E+00   1.353736E+00   6.580745E+01   2.514028E-19  -6.577181E-16  -3.197282E-14   1.200000E+02  -1.654291E+00
  4.150000000000E+00   1.639043E+00   1.443033E+00   6.570799E+01  -2.341388E-18  -3.324481E-16  -1.513790E-14   1.200000E+02  -1.702784E+00
  4.155000000000E+00   1.646403E+00   1.493637E+00   6.559399E+01  -3.893121E-18  -1.680411E-16  -7.379629E-15   1.200000E+02  -1.747145E+00
  4.160000000000E+00   1.653911E+00   1.501681E+00   6.547887E+01  -2.767483E-18   4.520870E-16   1.971268E-14   1.200000E+02  -1.783417E+00
  4.165000000000E+00   1.661352E+00   1.466888E+00   6.537201E+01  -8.827672E-19   3.421345E-16   1.524726E-14   1.200000E+02  -1.808860E+00
  4.170000000000E+00   1.668517E+00   1.392495E+00   6.527806E+01   1.710816E-18   6.487599E-16   3.041287E-14   1.200000E+02  -1.822125E+00
  4.175000000000E+00   1.675223E+00   1.284860E+00   6.519759E+01   4.538982E-18   4.537871E-16   2.302649E-14   1.200000E+02  -1.823102E+00
  4.180000000000E+00   1.681326E+00   1.152818E+00   6.512837E+01   6.086398E-18   1.411557E-16   7.974582E-15   1.200000E+02  -1.812582E+00
  4.185000000000E+00   1.686729E+00   1.006901E+00   6.506690E+01   6.309775E-18  -2.726716E-17  -1.762030E-15   1.200000E+02  -1.791939E+00
  4.190000000000E+00   1.691391E+00   8.585144E-01   6.501010E+01   5.479826E-18  -3.156550E-16  -2.390264E-14   1.200000E+02  -1.762909E+00
  4.195000000000E+00   1.695329E+00   7.190977E-01   6.495739E+01   3.478629E-18  -4.653751E-16  -4.203817E-14   1.200000E+02  -1.727499E+00
  4.200000000000E+00   1.698613E+00   5.992292E-01   6.491345E+01   9.505885E-19  -4.907617E-16  -5.316336E-14   1.200000E+02  -1.687954E+00
  4.205000000000E+00   1.701366E+00   5.076126E-01   6.489081E+01  -1.248794E-18  -4.056371E-16  -5.185474E-14   1.200000E+02  -1.646744E+00
  4.210000000000E+00   1.703744E+00   4.500557E-01   6.490877E+01  -2.902620E-18  -3.454092E-16  -4.981625E-14   1.200000E+02  -1.606483E+00
  4.215000000000E+00   1.705925E+00   4.289104E-01   6.498427E+01  -4.461495E-18  -2.798073E-16  -4.239364E-14   1.200000E+02  -1.569779E+00
  4.220000000000E+00   1.708091E+00   4.434923E-01   6.511824E+01  -5.518599E-18  -1.355277E-16  -1.989961E-14   1.200000E+02  -1.539054E+00
  4.225000000000E+00   1.710413E+00   4.912076E-01   6.529143E+01  -5.891523E-18  -4.637445E-18  -6.164102E-16   1.200000E+02  -1.516408E+00
  4.230000000000E+00   1.713050E+00   5.683756E-01   6.547419E+01  -5.460822E-18   2.027556E-16   2.335649E-14   1.200000E+02  -1.503534E+00
  4.235000000000E+00   1.716137E+00   6.702322E-01   6.563876E+01  -3.792619E-18   4.334959E-16   4.245414E-14   1.200000E+02  -1.501628E+00
  4.240000000000E+00   1.719782E+00   7.904959E-01   6.576534E+01  -9.578426E-19   6.791169E-16   5.649916E-14   1.200000E+02  -1.511236E+00
  4.245000000000E+00   1.724058E+00   9.210813E-01   6.584309E+01   3.041223E-18   8.610566E-16   6.155225E-14   1.200000E+02  -1.532053E+00
  4.250000000000E+00   1.728994E+00   1.052275E+00   6.586916E+01   7.184528E-18   8.061523E-16   5.046265E-14   1.200000E+02  -1.562744E+00
  4.255000000000E+00   1.734565E+00   1.173414E+00   6.584732E+01   1.106748E-17   6.808152E-16   3.820464E-14   1.200000E+02  -1.600878E+00
  4.260000000000E+00   1.740695E+00   1.273952E+00   6.578642E+01   1.410439E-17   5.176389E-16   2.673068E-14   1.200000E+02  -1.643048E+00
  4.265000000000E+00   1.747257E+00   1.344707E+00   6.569840E+01   1.604778E-17   3.180045E-16   1.553676E-14   1.200000E+02  -1.685243E+00
  4.270000000000E+00   1.754083E+00   1.379061E+00   6.559609E+01   1.752568E-17   2.659418E-16   1.264973E-14   1.200000E+02  -1.723402E+00
  4.275000000000E+00   1.760984E+00   1.373886E+00   6.549092E+01   1.896649E-17   1.931717E-16   9.208183E-15   1.200000E+02  -1.754031E+00
  4.280000000000E+00   1.767760E+00   1.330023E+00   6.539126E+01   1.898837E-17  -8.815817E-17  -4.334341E-15   1.200000E+02  -1.774694E+00
  4.285000000000E+00   1.774229E+00   1.252222E+00   6.530183E+01   1.880602E-17  -4.157869E-17  -2.168277E-15   1.200000E+02  -1.784215E+00
  4.290000000000E+00   1.780241E+00   1.148527E+00   6.522417E+01   1.815671E-17  -1.732232E-16  -9.837244E-15   1.200000E+02  -1.782611E+00
  4.295000000000E+00   1.785690E+00   1.029221E+00   6.515789E+01   1.675541E-17  -3.366055E-16  -2.130982E-14   1.200000E+02  -1.770843E+00
  4.300000000000E+00   1.790526E+00   9.055006E-01   6.510231E+01   1.471527E-17  -5.658086E-16  -4.067965E-14   1.200000E+02  -1.750528E+00
  4.305000000000E+00   1.794755E+00   7.881017E-01   6.505799E+01   1.149622E-17  -6.348225E-16  -5.240476E-14   1.200000E+02  -1.723688E+00
  4.310000000000E+00   1.798432E+00   6.860972E-01   6.502813E+01   8.420317E-18  -6.116822E-16  -5.797510E-14   1.200000E+02  -1.692563E+00
  4.315000000000E+00   1.801651E+00   6.060451E-01   6.501881E+01   5.421261E-18  -5.805782E-16  -6.228663E-14   1.200000E+02  -1.659454E+00
  4.320000000000E+00   1.804533E+00   5.516251E-01   6.503744E+01   2.923612E-18  -3.672059E-16  -4.329413E-14   1.200000E+02  -1.626596E+00
  4.325000000000E+00   1.807210E+00   5.238410E-01   6.508917E+01   1.516903E-18  -2.800589E-16  -3.479834E-14   1.200000E+02  -1.596030E+00
  4.330000000000E+00   1.809813E+00   5.217099E-01   6.517314E+01   7.671121E-19  -4.050905E-17  -5.060478E-15   1.200000E+02  -1.569526E+00
  4.335000000000E+00   1.812465E+00   5.431337E-01   6.528138E+01   1.194304E-18   2.022240E-16   2.430610E-14   1.200000E+02  -1.548533E+00
  4.340000000000E+00   1.815278E+00   5.855602E-01   6.540117E+01   2.933263E-18   4.569507E-16   5.103679E-14   1.200000E+02  -1.534182E+00
  4.345000000000E+00   1.818350E+00   6.462105E-01   6.551864E+01   5.139492E-18   5.056846E-16   5.127086E-14   1.200000E+02  -1.527289E+00
  4.350000000000E+00   1.821764E+00   7.219207E-01   6.562154E+01   8.060602E-18   6.615707E-16   6.013581E-14   1.200000E+02  -1.528330E+00
  4.355000000000E+00   1.825587E+00   8.088061E-01   6.570063E+01   1.172111E-17   6.948086E-16   5.644043E-14   1.200000E+02  -1.537382E+00
  4.360000000000E+00   1.829862E+00   9.019706E-01   6.575010E+01   1.484912E-17   4.832737E-16   3.522875E-14   1.200000E+02  -1.554027E+00
  4.365000000000E+00   1.834607E+00   9.954346E-01   6.576771E+01   1.616612E-17  -1.291318E-17  -8.531656E-16   1.200000E+02  -1.577262E+00
  4.370000000000E+00   1.839806E+00   1.082373E+00   6.575461E+01   1.465553E-17  -5.808106E-16  -3.528447E-14   1.200000E+02  -1.605457E+00
  4.375000000000E+00   1.845409E+00   1.155674E+00   6.571490E+01   1.150861E-17  -7.378678E-16  -4.195727E-14   1.200000E+02  -1.636405E+00
  4.380000000000E+00   1.851330E+00   1.208732E+00   6.565487E+01   6.420441E-18  -1.274092E-15  -6.920502E-14   1.200000E+02  -1.667506E+00
  4.385000000000E+00   1.857456E+00   1.236352E+00   6.558191E+01  -1.440822E-18  -1.799844E-15  -9.547212E-14   1.200000E+02  -1.696051E+00
  4.390000000000E+00   1.863648E+00   1.235563E+00   6.550329E+01  -1.069859E-17  -1.753853E-15  -9.298045E-14   1.200000E+02  -1.719577E+00
  4.395000000000E+00   1.869765E+00   1.206173E+00   6.542513E+01  -1.915371E-17  -1.584343E-15  -8.593780E-14   1.200000E+02  -1.736181E+00
  4.400000000000E+00   1.875669E+00   1.150950E+00   6.535180E+01  -2.599147E-17  -1.112779E-15  -6.318440E-14   1.200000E+02  -1.744727E+00
  4.405000000000E+00   1.881242E+00   1.075339E+00   6.528598E+01  -3.028127E-17  -7.065550E-16  -4.289636E-14   1.200000E+02  -1.744905E+00
  4.410000000000E+00   1.886401E+00   9.867704E-01   6.522915E+01  -3.287972E-17  -1.826658E-16  -1.207488E-14   1.200000E+02  -1.737157E+00
  4.415000000000E+00   1.891102E+00   8.936612E-01   6.518249E+01  -3.248412E-17   2.608782E-16   1.902812E-14   1.200000E+02  -1.722533E+00
  4.420000000000E+00   1.895344E+00   8.042970E-01   6.514771E+01  -3.079901E-17   4.493720E-16   3.639893E-14   1.200000E+02  -1.702520E+00
  4.425000000000E+00   1.899163E+00   7.257998E-01   6.512756E+01  -2.836902E-17   5.110049E-16   4.585356E-14   1.200000E+02  -1.678863E+00
  4.430000000000E+00   1.902628E+00   6.633826E-01   6.512564E+01  -2.575314E-17   5.082304E-16   4.989403E-14   1.200000E+02  -1.653408E+00
  4.435000000000E+00   1.905827E+00   6.200308E-01   6.514516E+01  -2.351321E-17   5.064174E-16   5.320807E-14   1.200000E+02  -1.627955E+00
  4.440000000000E+00   1.908860E+00   5.966488E-01   6.518722E+01  -2.129412E-17   4.451761E-16   4.863798E-14   1.200000E+02  -1.604140E+00
  4.445000000000E+00   1.911825E+00   5.925663E-01   6.524954E+01  -1.881565E-17   5.561519E-16   6.123982E-14   1.200000E+02  -1.583356E+00
  4.450000000000E+00   1.914814E+00   6.061789E-01   6.532652E+01  -1.555785E-17   6.293284E-16   6.782129E-14   1.200000E+02  -1.566716E+00
  4.455000000000E+00   1.917912E+00   6.354770E-01   6.541050E+01  -1.248838E-17   6.576958E-16   6.769751E-14   1.200000E+02  -1.555053E+00
  4.460000000000E+00   1.921191E+00   6.783180E-01   6.549342E+01  -8.571599E-18   8.531345E-16   8.237242E-14   1.200000E+02  -1.548934E+00
  4.465000000000E+00   1.924713E+00   7.324270E-01   6.556797E+01  -4.740224E-18   7.471647E-16   6.688731E-14   1.200000E+02  -1.548670E+00
  4.470000000000E+00   1.928529E+00   7.952162E-01   6.562826E+01  -9.363696E-19   7.378495E-16   6.089386E-14   1.200000E+02  -1.554301E+00
  4.475000000000E+00   1.932674E+00   8.635497E-01   6.567007E+01   2.413494E-18   5.368597E-16   4.082639E-14   1.200000E+02  -1.565559E+00
  4.480000000000E+00   1.937167E+00   9.335837E-01   6.569102E+01   4.200258E-18   1.466146E-16   1.031644E-14   1.200000E+02  -1.581820E+00
  4.485000000000E+00   1.942005E+00   1.000781E+00   6.569061E+01   4.260445E-18  -1.511281E-16  -9.919947E-15   1.200000E+02  -1.602065E+00
  4.490000000000E+00   1.947162E+00   1.060153E+00   6.567026E+01   3.038067E-18  -3.211830E-16  -1.989540E-14   1.200000E+02  -1.624891E+00
  4.495000000000E+00   1.952586E+00   1.106713E+00   6.563298E+01   1.429107E-18  -4.442392E-16  -2.634535E-14   1.200000E+02  -1.648577E+00
  4.500000000000E+00   1.958202E+00   1.136081E+00   6.558301E+01  -1.000512E-18  -5.662302E-16  -3.268701E-14   1.200000E+02  -1.671232E+00
  4.505000000000E+00   1.963914E+00   1.145114E+00   6.552508E+01  -4.381842E-18  -7.319822E-16  -4.188508E-14   1.200000E+02  -1.690995E+00
  4.510000000000E+00   1.969618E+00   1.132442E+00   6.546382E+01  -8.609793E-18  -1.010433E-15  -5.841081E-14   1.200000E+02  -1.706249E+00
  4.515000000000E+00   1.975205E+00   1.098773E+00   6.540315E+01  -1.380929E-17  -1.001474E-15  -5.961158E-14   1.200000E+02  -1.715809E+00
  4.520000000000E+00   1.980577E+00   1.046908E+00   6.534606E+01  -1.994735E-17  -1.311220E-15  -8.184398E-14   1.200000E+02  -1.719028E+00
  4.525000000000E+00   1.985652E+00   9.814344E-01   6.529467E+01  -2.652516E-17  -1.194447E-15  -7.946636E-14   1.200000E+02  -1.715828E+00
  4.530000000000E+00   1.990378E+00   9.081596E-01   6.525060E+01  -3.225471E-17  -1.121451E-15  -8.057540E-14   1.200000E+02  -1.706653E+00
  4.535000000000E+00   1.994732E+00   8.333788E-01   6.521544E+01  -3.721492E-17  -9.147786E-16  -7.158532E-14   1.200000E+02  -1.692377E+00
  4.540000000000E+00   1.998720E+00   7.631248E-01   6.519121E+01  -4.056226E-17  -4.331686E-16  -3.700415E-14   1.200000E+02  -1.674186E+00
  4.545000000000E+00   2.002378E+00   7.025280E-01   6.518049E+01  -4.188345E-17  -7.344558E-17  -6.814275E-15   1.200000E+02  -1.653463E+00
  4.550000000000E+00   2.005766E+00   6.553983E-01   6.518608E+01  -4.092642E-17   5.793222E-16   5.761953E-14   1.200000E+02  -1.631673E+00
  4.555000000000E+00   2.008958E+00   6.240830E-01   6.521009E+01  -3.663375E-17   1.186210E-15   1.239464E-13   1.200000E+02  -1.610258E+00
  4.560000000000E+00   2.012034E+00   6.095860E-01   6.525281E+01  -2.960869E-17   1.642995E-15   1.758736E-13   1.200000E+02  -1.590567E+00
  4.565000000000E+00   2.015080E+00   6.118543E-01   6.531200E+01  -2.072931E-17   1.795703E-15   1.916812E-13   1.200000E+02  -1.573791E+00
  4.570000000000E+00   2.018178E+00   6.300902E-01   6.538282E+01  -1.144368E-17   1.865946E-15   1.936243E-13   1.200000E+02  -1.560936E+00
  4.575000000000E+00   2.021405E+00   6.629600E-01   6.545863E+01  -2.255993E-18   1.732009E-15   1.710132E-13   1.200000E+02  -1.552794E+00
  4.580000000000E+00   2.024829E+00   7.086367E-01   6.553210E+01   5.591205E-18   1.228109E-15   1.135709E-13   1.200000E+02  -1.549929E+00
  4.585000000000E+00   2.028508E+00   7.647041E-01   6.559624E+01   9.281561E-18   1.578938E-16   1.354412E-14   1.200000E+02  -1.552630E+00
  4.590000000000E+00   2.032487E+00   8.280096E-01   6.564530E+01   6.947865E-18  -1.095198E-15  -8.682823E-14   1.200000E+02  -1.560863E+00
  4.595000000000E+00   2.036793E+00   8.945795E-01   6.567528E+01  -8.215352E-19  -1.975334E-15  -1.450185E-13   1.200000E+02  -1.574211E+00
  4.600000000000E+00   2.041431E+00   9.596919E-01   6.568431E+01  -1.362961E-17  -3.118650E-15  -2.134501E-13   1.200000E+02  -1.591828E+00
  4.605000000000E+00   2.046379E+00   1.018158E+00   6.567274E+01  -3.112073E-17  -3.871328E-15  -2.497064E-13   1.200000E+02  -1.612441E+00
  4.610000000000E+00   2.051593E+00   1.064807E+00   6.564289E+01  -5.070862E-17  -3.837201E-15  -2.365546E-13   1.200000E+02  -1.634414E+00
  4.615000000000E+00   2.057001E+00   1.095098E+00   6.559861E+01  -6.817394E-17  -3.151671E-15  -1.887914E-13   1.200000E+02  -1.655888E+00
  4.620000000000E+00   2.062513E+00   1.105765E+00   6.554458E+01  -8.120827E-17  -2.080158E-15  -1.233021E-13   1.200000E+02  -1.674990E+00
  4.625000000000E+00   2.068025E+00   1.095337E+00   6.548555E+01  -8.890293E-17  -8.914884E-16  -5.329830E-14   1.200000E+02  -1.690050E+00
  4.630000000000E+00   2.073433E+00   1.064449E+00   6.542576E+01  -8.867582E-17   8.860414E-16   5.446004E-14   1.200000E+02  -1.699802E+00
  4.635000000000E+00   2.078641E+00   1.015831E+00   6.536857E+01  -8.123551E-17   1.884781E-15   1.212854E-13   1.200000E+02  -1.703514E+00
  4.640000000000E+00   2.083570E+00   9.539935E-01   6.531652E+01  -6.941453E-17   2.704372E-15   1.851587E-13   1.200000E+02  -1.701027E+00
  4.645000000000E+00   2.088169E+00   8.846421E-01   6.527160E+01  -5.485728E-17   2.979574E-15   2.198421E-13   1.200000E+02  -1.692724E+00
  4.650000000000E+00   2.092415E+00   8.139423E-01   6.523571E+01  -4.059118E-17   2.618870E-15   2.098967E-13   1.200000E+02  -1.679432E+00
  4.655000000000E+00   2.096316E+00   7.477699E-01   6.521108E+01  -2.961144E-17   1.793433E-15   1.564007E-13   1.200000E+02  -1.662308E+00
  4.660000000000E+00   2.099908E+00   6.910872E-01   6.520038E+01  -2.190422E-17   1.280228E-15   1.207827E-13   1.200000E+02  -1.642711E+00
  4.665000000000E+00   2.103248E+00   6.475508E-01   6.520631E+01  -1.686049E-17   7.069202E-16   7.118462E-14   1.200000E+02  -1.622085E+00
  4.670000000000E+00   2.106408E+00   6.193997E-01   6.523072E+01  -1.520327E-17   3.765991E-17   3.966071E-15   1.200000E+02  -1.601855E+00
  4.675000000000E+00   2.109468E+00   6.075936E-01   6.527360E+01  -1.644526E-17  -4.462142E-16  -4.793666E-14   1.200000E+02  -1.583349E+00
  4.680000000000E+00   2.112510E+00   6.120985E-01   6.533245E+01  -1.909509E-17  -6.715667E-16  -7.167980E-14   1.200000E+02  -1.567740E+00
  4.685000000000E+00   2.115614E+00   6.321741E-01   6.540229E+01  -2.272180E-17  -7.558087E-16  -7.819305E-14   1.200000E+02  -1.556019E+00
  4.690000000000E+00   2.118855E+00   6.665389E-01   6.547648E+01  -2.594629E-17  -5.146781E-16  -5.055865E-14   1.200000E+02  -1.548971E+00
  4.695000000000E+00   2.122299E+00   7.133643E-01   6.554771E+01  -2.815892E-17  -3.242669E-16  -2.979537E-14   1.200000E+02  -1.547144E+00
  4.700000000000E+00   2.126004E+00   7.701348E-01   6.560908E+01  -2.929178E-17  -2.842366E-16  -2.421459E-14   1.200000E+02  -1.550808E+00
  4.705000000000E+00   2.130011E+00   8.334744E-01   6.565484E+01  -3.023144E-17  -2.266923E-16  -1.785711E-14   1.200000E+02  -1.559890E+00
  4.710000000000E+00   2.134343E+00   8.990642E-01   6.568109E+01  -3.136604E-17  -1.145179E-16  -8.366102E-15   1.200000E+02  -1.573904E+00
  4.715000000000E+00   2.138997E+00   9.617538E-01   6.568610E+01  -3.245938E-17  -3.274575E-16  -2.236478E-14   1.200000E+02  -1.591910E+00
  4.720000000000E+00   2.143946E+00   1.015924E+00   6.567040E+01  -3.348379E-17  -1.529162E-16  -9.884667E-15   1.200000E+02  -1.612511E+00
  4.725000000000E+00   2.149134E+00   1.056085E+00   6.563655E+01  -3.417006E-17  -1.638550E-16  -1.018372E-14   1.200000E+02  -1.633943E+00
  4.730000000000E+00   2.154477E+00   1.077630E+00   6.558864E+01  -3.435327E-17   1.618432E-16   9.850391E-15   1.200000E+02  -1.654241E+00
  4.735000000000E+00   2.159876E+00   1.077590E+00   6.553149E+01  -3.270247E-17   6.035042E-16   3.670089E-14   1.200000E+02  -1.671467E+00
  4.740000000000E+00   2.165217E+00   1.055252E+00   6.546992E+01  -2.913730E-17   8.689237E-16   5.390976E-14   1.200000E+02  -1.683968E+00
  4.745000000000E+00   2.170395E+00   1.012450E+00   6.540823E+01  -2.419170E-17   1.113483E-15   7.193538E-14   1.200000E+02  -1.690586E+00
  4.750000000000E+00   2.175316E+00   9.534692E-01   6.534993E+01  -1.886728E-17   8.970504E-16   6.148304E-14   1.200000E+02  -1.690790E+00
  4.755000000000E+00   2.179914E+00   8.845184E-01   6.529803E+01  -1.428483E-17   1.065451E-15   7.865509E-14   1.200000E+02  -1.684710E+00
  4.760000000000E+00   2.184157E+00   8.128513E-01   6.525548E+01  -8.838767E-18   1.178683E-15   9.462438E-14   1.200000E+02  -1.673079E+00
  4.765000000000E+00   2.188050E+00   7.457038E-01   6.522565E+01  -2.929823E-18   1.015600E-15   8.883312E-14   1.200000E+02  -1.657114E+00
  4.770000000000E+00   2.191631E+00   6.892580E-01   6.521229E+01   9.697483E-19   7.017479E-16   6.639398E-14   1.200000E+02  -1.638354E+00
  4.775000000000E+00   2.194966E+00   6.478696E-01   6.521874E+01   3.746591E-18   3.539960E-16   3.563552E-14   1.200000E+02  -1.618477E+00
  4.780000000000E+00   2.198137E+00   6.237324E-01   6.524643E+01   4.129463E-18  -3.044252E-16  -3.184484E-14   1.200000E+02  -1.599134E+00
  4.785000000000E+00   2.201232E+00   6.170189E-01   6.529354E+01   1.762212E-18  -5.991979E-16  -6.340770E-14   1.200000E+02  -1.581792E+00
  4.790000000000E+00   2.204333E+00   6.263714E-01   6.535491E+01  -1.682533E-18  -7.211935E-16  -7.524855E-14   1.200000E+02  -1.567640E+00
  4.795000000000E+00   2.207518E+00   6.495119E-01   6.542325E+01  -6.119328E-18  -1.180372E-15  -1.188951E-13   1.200000E+02  -1.557532E+00
  4.800000000000E+00   2.210846E+00   6.837574E-01   6.549096E+01  -1.255632E-17  -1.389425E-15  -1.330805E-13   1.200000E+02  -1.551988E+00
  4.805000000000E+00   2.214368E+00   7.263295E-01   6.555154E+01  -2.005834E-17  -1.604708E-15  -1.448256E-13   1.200000E+02  -1.551207E+00
  4.810000000000E+00   2.218119E+00   7.744480E-01   6.560022E+01  -2.743615E-17  -1.242796E-15  -1.052720E-13   1.200000E+02  -1.555095E+00
  4.815000000000E+00   2.222117E+00   8.252687E-01   6.563407E+01  -3.286338E-17  -8.980051E-16  -7.141884E-14   1.200000E+02  -1.563288E+00
  4.820000000000E+00   2.226371E+00   8.757549E-01   6.565171E+01  -3.699686E-17  -6.739223E-16  -5.052115E-14   1.200000E+02  -1.575161E+00
  4.825000000000E+00   2.230869E+00   9.225882E-01   6.565306E+01  -3.867761E-17  -4.032259E-17  -2.869429E-15   1.200000E+02  -1.589836E+00
  4.830000000000E+00   2.235585E+00   9.622074E-01   6.563917E+01  -3.804314E-17   4.594544E-16   3.134273E-14   1.200000E+02  -1.606199E+00
  4.835000000000E+00   2.240474E+00   9.910324E-01   6.561198E+01  -3.349170E-17   1.386907E-15   9.182116E-14   1.200000E+02  -1.622946E+00
  4.840000000000E+00   2.245473E+00   1.005872E+00   6.557414E+01  -2.514124E-17   1.755328E-15   1.144322E-13   1.200000E+02  -1.638662E+00
  4.845000000000E+00   2.250506E+00   1.004458E+00   6.552874E+01  -1.526061E-17   2.290879E-15   1.494521E-13   1.200000E+02  -1.651948E+00
  4.850000000000E+00   2.255490E+00   9.859832E-01   6.547901E+01  -2.894125E-18   2.667605E-15   1.771553E-13   1.200000E+02  -1.661571E+00
  4.855000000000E+00   2.260340E+00   9.515117E-01   6.542814E+01   1.040973E-17   2.613805E-15   1.797312E-13   1.200000E+02  -1.666609E+00
  4.860000000000E+00   2.264984E+00   9.041171E-01   6.537918E+01   2.259071E-17   2.097114E-15   1.516481E-13   1.200000E+02  -1.666581E+00
  4.865000000000E+00   2.269369E+00   8.486601E-01   6.533523E+01   3.087713E-17   1.362759E-15   1.049138E-13   1.200000E+02  -1.661510E+00
  4.870000000000E+00   2.273468E+00   7.911924E-01   6.529966E+01   3.602640E-17   4.939301E-16   4.076564E-14   1.200000E+02  -1.651937E+00
  4.875000000000E+00   2.277288E+00   7.380691E-01   6.527630E+01   3.633454E-17  -2.443554E-16  -2.161128E-14   1.200000E+02  -1.638857E+00
  4.880000000000E+00   2.280865E+00   6.949502E-01   6.526907E+01   3.433438E-17  -6.594231E-16  -6.193240E-14   1.200000E+02  -1.623609E+00
  4.885000000000E+00   2.284260E+00   6.659275E-01   6.528083E+01   2.995245E-17  -9.443931E-16  -9.257879E-14   1.200000E+02  -1.607713E+00
  4.890000000000E+00   2.287550E+00   6.529998E-01   6.531182E+01   2.467884E-17  -1.105967E-15  -1.106168E-13   1.200000E+02  -1.592688E+00
  4.895000000000E+00   2.290815E+00   6.560005E-01   6.535869E+01   1.903211E-17  -1.101421E-15  -1.097369E-13   1.200000E+02  -1.579882E+00
  4.900000000000E+00   2.294132E+00   6.729265E-01   6.541483E+01   1.349526E-17  -1.034248E-15  -1.005387E-13   1.200000E+02  -1.570326E+00
  4.905000000000E+00   2.297562E+00   7.005032E-01   6.547221E+01   8.267099E-18  -1.098392E-15  -1.026607E-13   1.200000E+02  -1.564647E+00
  4.910000000000E+00   2.301148E+00   7.348175E-01   6.552346E+01   2.610845E-18  -9.819095E-16  -8.755659E-14   1.200000E+02  -1.563037E+00
  4.915000000000E+00   2.304914E+00   7.718982E-01   6.556330E+01  -9.936473E-19  -4.436912E-16  -3.768613E-14   1.200000E+02  -1.565277E+00
  4.920000000000E+00   2.308866E+00   8.081759E-01   6.558906E+01  -2.394598E-18  -1.245979E-16  -1.011198E-14   1.200000E+02  -1.570805E+00
  4.925000000000E+00   2.312990E+00   8.407816E-01   6.560045E+01  -2.587313E-18   2.030687E-18   1.584406E-16   1.200000E+02  -1.578820E+00
  4.930000000000E+00   2.317264E+00   8.676716E-01   6.559892E+01  -1.642638E-18   3.024429E-16   2.286571E-14   1.200000E+02  -1.588398E+00
  4.935000000000E+00   2.321656E+00   8.875973E-01   6.558691E+01   2.152181E-19   5.749727E-16   4.248625E-14   1.200000E+02  -1.598594E+00
  4.940000000000E+00   2.326128E+00   8.999717E-01   6.556723E+01   3.739347E-18   8.772335E-16   6.391065E-14   1.200000E+02  -1.608536E+00
  4.945000000000E+00   2.330643E+00   9.047004E-01   6.554261E+01   8.140559E-18   7.488114E-16   5.424896E-14   1.200000E+02  -1.617479E+00
  4.950000000000E+00   2.335163E+00   9.020445E-01   6.551540E+01   1.121135E-17   4.404196E-16   3.198763E-14   1.200000E+02  -1.624835E+00
  4.955000000000E+00   2.339653E+00   8.925566E-01   6.548752E+01   1.278909E-17   1.428769E-16   1.048298E-14   1.200000E+02  -1.630183E+00
  4.960000000000E+00   2.344079E+00   8.770952E-01   6.546052E+01   1.251452E-17  -2.271838E-16  -1.695548E-14   1.200000E+02  -1.633265E+00
  4.965000000000E+00   2.348416E+00   8.568871E-01   6.543574E+01   1.101171E-17  -3.954631E-16  -3.019934E-14   1.200000E+02  -1.633988E+00
  4.970000000000E+00   2.352643E+00   8.335783E-01   6.541445E+01   8.961646E-18  -3.631674E-16  -2.849930E-14   1.200000E+02  -1.632425E+00
  4.975000000000E+00   2.356750E+00   8.092136E-01   6.539796E+01   7.761532E-18  -2.804853E-16  -2.266789E-14   1.200000E+02  -1.628812E+00
  4.980000000000E+00   2.360737E+00   7.861006E-01   6.538759E+01   5.638514E-18  -6.177766E-16  -5.138645E-14   1.200000E+02  -1.623549E+00
  4.985000000000E+00   2.364617E+00   7.665555E-01   6.538453E+01   2.323155E-18  -7.867645E-16  -6.710829E-14   1.200000E+02  -1.617181E+00
  4.990000000000E+00   2.368412E+00   7.525717E-01   6.538949E+01  -1.840732E-18  -8.553625E-16  -7.432078E-14   1.200000E+02  -1.610353E+00
  4.995000000000E+00   2.372154E+00   7.454860E-01   6.540230E+01  -5.250732E-18  -4.783000E-16  -4.196178E-14   1.200000E+02  -1.603753E+00
  5.000000000000E+00   2.375878E+00   7.457289E-01   6.542159E+01  -7.041569E-18  -2.907199E-16  -2.550439E-14   1.200000E+02  -1.598029E+00
  5.005000000000E+00   2.379622E+00   7.527264E-01   6.544487E+01  -8.317281E-18  -2.858456E-16  -2.485250E-14   1.200000E+02  -1.593711E+00
  5.010000000000E+00   2.383414E+00   7.649833E-01   6.546891E+01  -1.140470E-17  -9.263822E-16  -7.928178E-14   1.200000E+02  -1.591137E+00
  5.015000000000E+00   2.387277E+00   7.803361E-01   6.549041E+01  -1.732264E-17  -1.352757E-15  -1.135313E-13   1.200000E+02  -1.590407E+00
  5.020000000000E+00   2.391218E+00   7.963302E-01   6.550668E+01  -2.453312E-17  -1.400226E-15  -1.151836E-13   1.200000E+02  -1.591375E+00
  5.025000000000E+00   2.395237E+00   8.106496E-01   6.551613E+01  -3.187293E-17  -1.462995E-15  -1.182382E-13   1.200000E+02  -1.593683E+00
  5.030000000000E+00   2.399319E+00   8.215157E-01   6.551849E+01  -3.766146E-17  -7.699165E-16  -6.140329E-14   1.200000E+02  -1.596828E+00
  5.035000000000E+00   2.403445E+00   8.279733E-01   6.551463E+01  -3.991425E-17  -5.658743E-17  -4.477565E-15   1.200000E+02  -1.600259E+00
  5.040000000000E+00   2.407592E+00   8.300041E-01   6.550631E+01  -3.758603E-17   1.057856E-15   8.348906E-14   1.200000E+02  -1.603478E+00
  5.045000000000E+00   2.411739E+00   8.284444E-01   6.549575E+01  -3.017784E-17   1.989652E-15   1.572993E-13   1.200000E+02  -1.606119E+00
  5.050000000000E+00   2.415873E+00   8.247311E-01   6.548520E+01  -1.785287E-17   2.855842E-15   2.267592E-13   1.200000E+02  -1.608000E+00
  5.055000000000E+00   2.419986E+00   8.205379E-01   6.547655E+01  -1.555625E-18   3.738925E-15   2.983554E-13   1.200000E+02  -1.609131E+00
  5.060000000000E+00   2.424080E+00   8.173940E-01   6.547103E+01   1.843562E-17   4.158280E-15   3.330669E-13   1.200000E+02  -1.609685E+00
  5.065000000000E+00   2.428163E+00   8.163709E-01   6.546902E+01   3.825271E-17   3.693142E-15   2.961723E-13   1.200000E+02  -1.609928E+00
  5.070000000000E+00   2.432248E+00   8.179054E-01   6.547007E+01   5.556941E-17   3.122210E-15   2.499205E-13   1.200000E+02  -1.610154E+00
  5.075000000000E+00   2.436346E+00   8.217823E-01   6.547309E+01   6.960458E-17   2.329789E-15   1.856191E-13   1.200000E+02  -1.610613E+00
  5.080000000000E+00   2.440468E+00   8.272590E-01   6.547667E+01   7.758771E-17   7.107117E-16   5.625208E-14   1.200000E+02  -1.611458E+00
  5.085000000000E+00   2.444620E+00   8.332838E-01   6.547944E+01   7.649344E-17  -1.093992E-15  -8.596589E-14   1.200000E+02  -1.612722E+00
  5.090000000000E+00   2.448800E+00   8.387426E-01   6.548040E+01   6.820850E-17  -2.176846E-15  -1.699458E-13   1.200000E+02  -1.614324E+00
  5.095000000000E+00   2.453005E+00   8.426717E-01   6.547902E+01   5.538009E-17  -2.942721E-15  -2.286614E-13   1.200000E+02  -1.616093E+00
  5.100000000000E+00   2.457223E+00   8.443955E-01   6.547529E+01   3.876704E-17  -3.667443E-15  -2.843773E-13   1.200000E+02  -1.617810E+00
  5.105000000000E+00   2.461444E+00   8.435730E-01   6.546959E+01   2.090506E-17  -3.444211E-15  -2.673047E-13   1.200000E+02  -1.619248E+00
  5.110000000000E+00   2.465655E+00   8.401646E-01   6.546253E+01   5.297539E-18  -2.805760E-15  -2.186145E-13   1.200000E+02  -1.620203E+00
  5.115000000000E+00   2.469842E+00   8.343544E-01   6.545482E+01  -7.138685E-18  -2.117319E-15  -1.661030E-13   1.200000E+02  -1.620520E+00
  5.120000000000E+00   2.473995E+00   8.264694E-01   6.544710E+01  -1.524644E-17  -1.152774E-15  -9.128676E-14   1.200000E+02  -1.620100E+00
  5.125000000000E+00   2.478104E+00   8.169296E-01   6.543994E+01  -1.856774E-17  -1.787378E-16  -1.431775E-14   1.200000E+02  -1.618898E+00
  5.130000000000E+00   2.482163E+00   8.062474E-01   6.543385E+01  -1.898182E-17   7.072805E-17   5.740184E-15   1.200000E+02  -1.616923E+00
  5.135000000000E+00   2.486166E+00   7.950671E-01   6.542935E+01  -1.811565E-17   1.285154E-16   1.057607E-14   1.200000E+02  -1.614239E+00
  5.140000000000E+00   2.490114E+00   7.842155E-01   6.542701E+01  -1.745192E-17   5.939959E-17   4.955702E-15   1.200000E+02  -1.610964E+00
  5.145000000000E+00   2.494010E+00   7.747249E-01   6.542751E+01  -1.706004E-17   6.898267E-17   5.825764E-15   1.200000E+02  -1.607287E+00
  5.150000000000E+00   2.497865E+00   7.677907E-01   6.543154E+01  -1.743863E-17  -2.086532E-16  -1.778154E-14   1.200000E+02  -1.603469E+00
  5.155000000000E+00   2.501694E+00   7.646481E-01   6.543962E+01  -2.055221E-17  -8.838647E-16  -7.564233E-14   1.200000E+02  -1.599846E+00
  5.160000000000E+00   2.505519E+00   7.663754E-01   6.545186E+01  -2.569425E-17  -1.185824E-15  -1.012746E-13   1.200000E+02  -1.596806E+00
  5.165000000000E+00   2.509367E+00   7.736597E-01   6.546773E+01  -3.199222E-17  -1.087028E-15  -9.198525E-14   1.200000E+02  -1.594760E+00
  5.170000000000E+00   2.513265E+00   7.865766E-01   6.548586E+01  -3.685934E-17  -7.790989E-16  -6.486330E-14   1.200000E+02  -1.594086E+00
  5.175000000000E+00   2.517241E+00   8.044387E-01   6.550416E+01  -3.850536E-17   8.892856E-17   7.241312E-15   1.200000E+02  -1.595067E+00
  5.180000000000E+00   2.521315E+00   8.257577E-01   6.552013E+01  -3.617058E-17   1.053549E-15   8.359429E-14   1.200000E+02  -1.597826E+00
  5.185000000000E+00   2.525500E+00   8.483474E-01   6.553129E+01  -2.826473E-17   2.063386E-15   1.593879E-13   1.200000E+02  -1.602274E+00
  5.190000000000E+00   2.529796E+00   8.695648E-01   6.553571E+01  -1.655911E-17   2.574045E-15   1.939957E-13   1.200000E+02  -1.608092E+00
  5.195000000000E+00   2.534189E+00   8.866650E-01   6.553236E+01  -3.118136E-18   2.895026E-15   2.139679E-13   1.200000E+02  -1.614741E+00
  5.200000000000E+00   2.538652E+00   8.972148E-01   6.552125E+01   1.162880E-17   2.842651E-15   2.075914E-13   1.200000E+02  -1.621517E+00
  5.205000000000E+00   2.543148E+00   8.994930E-01   6.550338E+01   2.498980E-17   2.508019E-15   1.826403E-13   1.200000E+02  -1.627640E+00
  5.210000000000E+00   2.547633E+00   8.928008E-01   6.548055E+01   3.537789E-17   1.599025E-15   1.172771E-13   1.200000E+02  -1.632364E+00
  5.215000000000E+00   2.552063E+00   8.776165E-01   6.545506E+01   4.196884E-17   1.023039E-15   7.630109E-14   1.200000E+02  -1.635084E+00
  5.220000000000E+00   2.556398E+00   8.555577E-01   6.542948E+01   4.451769E-17   1.243835E-16   9.512328E-15   1.200000E+02  -1.635427E+00
  5.225000000000E+00   2.560611E+00   8.291521E-01   6.540642E+01   4.399483E-17  -3.501307E-16  -2.761954E-14   1.200000E+02  -1.633305E+00
  5.230000000000E+00   2.564688E+00   8.014582E-01   6.538835E+01   4.168074E-17  -5.708831E-16  -4.657648E-14   1.200000E+02  -1.628919E+00
  5.235000000000E+00   2.568629E+00   7.756115E-01   6.537740E+01   3.877744E-17  -5.346266E-16  -4.506444E-14   1.200000E+02  -1.622731E+00
  5.240000000000E+00   2.572451E+00   7.543854E-01   6.537509E+01   3.609685E-17  -4.151890E-16  -3.598031E-14   1.200000E+02  -1.615393E+00
  5.245000000000E+00   2.576183E+00   7.398522E-01   6.538205E+01   3.479597E-17  -3.436105E-16  -3.036547E-14   1.200000E+02  -1.607664E+00
  5.250000000000E+00   2.579862E+00   7.331952E-01   6.539773E+01   3.378037E-17  -1.523328E-16  -1.358740E-14   1.200000E+02  -1.600318E+00
  5.255000000000E+00   2.583528E+00   7.346838E-01   6.542043E+01   3.321403E-17  -1.693679E-16  -1.508148E-14   1.200000E+02  -1.594058E+00
  5.260000000000E+00   2.587221E+00   7.437778E-01   6.544750E+01   3.270493E-17  -2.884690E-17  -2.538336E-15   1.200000E+02  -1.589457E+00
  5.265000000000E+00   2.590976E+00   7.593065E-01   6.547579E+01   3.255647E-17   5.888038E-17   5.077316E-15   1.200000E+02  -1.586906E+00
  5.270000000000E+00   2.594822E+00   7.796662E-01   6.550222E+01   3.248173E-17  -2.329751E-16  -1.957297E-14   1.200000E+02  -1.586598E+00
  5.275000000000E+00   2.598778E+00   8.029944E-01   6.552414E+01   2.914239E-17  -9.437151E-16  -7.700692E-14   1.200000E+02  -1.588522E+00
  5.280000000000E+00   2.602854E+00   8.273061E-01   6.553966E+01   2.249810E-17  -1.634444E-15  -1.294816E-13   1.200000E+02  -1.592477E+00
  5.285000000000E+00   2.607049E+00   8.505952E-01   6.554769E+01   1.279412E-17  -2.303015E-15  -1.774726E-13   1.200000E+02  -1.598092E+00
  5.290000000000E+00   2.611355E+00   8.709197E-01   6.554793E+01   4.363030E-19  -2.354930E-15  -1.772389E-13   1.200000E+02  -1.604856E+00
  5.295000000000E+00   2.615751E+00   8.864927E-01   6.554074E+01  -1.008872E-17  -1.946019E-15  -1.438743E-13   1.200000E+02  -1.612158E+00
  5.300000000000E+00   2.620210E+00   8.957985E-01   6.552698E+01  -1.883301E-17  -1.354929E-15  -9.911199E-14   1.200000E+02  -1.619331E+00
  5.305000000000E+00   2.624697E+00   8.977365E-01   6.550792E+01  -2.445089E-17  -8.383653E-16  -6.117560E-14   1.200000E+02  -1.625703E+00
  5.310000000000E+00   2.629174E+00   8.917805E-01   6.548512E+01  -2.633921E-17   2.042146E-16   1.499586E-14   1.200000E+02  -1.630655E+00
  5.315000000000E+00   2.633602E+00   8.781253E-01   6.546028E+01  -2.267875E-17   1.217477E-15   9.075741E-14   1.200000E+02  -1.633678E+00
  5.320000000000E+00   2.637945E+00   8.577769E-01   6.543527E+01  -1.560716E-17   1.498428E-15   1.143072E-13   1.200000E+02  -1.634432E+00
  5.325000000000E+00   2.642172E+00   8.325485E-01   6.541207E+01  -7.275869E-18   1.769312E-15   1.390121E-13   1.200000E+02  -1.632786E+00
  5.330000000000E+00   2.646267E+00   8.049318E-01   6.539274E+01   7.133526E-19   1.472960E-15   1.196634E-13   1.200000E+02  -1.628848E+00
  5.335000000000E+00   2.650223E+00   7.778408E-01   6.537939E+01   7.078118E-18   9.640148E-16   8.102777E-14   1.200000E+02  -1.622962E+00
  5.340000000000E+00   2.654051E+00   7.542555E-01   6.537395E+01   1.029188E-17   3.926267E-16   3.403032E-14   1.200000E+02  -1.615687E+00
  5.345000000000E+00   2.657775E+00   7.368233E-01   6.537784E+01   9.384389E-18  -7.068950E-16  -6.272232E-14   1.200000E+02  -1.607746E+00
  5.350000000000E+00   2.661432E+00   7.274933E-01   6.539147E+01   2.618002E-18  -1.902283E-15  -1.709886E-13   1.200000E+02  -1.599945E+00
  5.355000000000E+00   2.665065E+00   7.272524E-01   6.541388E+01  -7.742731E-18  -2.184982E-15  -1.965317E-13   1.200000E+02  -1.593092E+00
  5.360000000000E+00   2.668719E+00   7.360072E-01   6.544259E+01  -1.916983E-17  -2.176438E-15  -1.935194E-13   1.200000E+02  -1.587898E+00
  5.365000000000E+00   2.672437E+00   7.526192E-01   6.547396E+01  -2.914516E-17  -1.546433E-15  -1.345316E-13   1.200000E+02  -1.584897E+00
  5.370000000000E+00   2.676254E+00   7.750719E-01   6.550389E+01  -3.410983E-17  -4.843486E-16  -4.093390E-14   1.200000E+02  -1.584381E+00
  5.375000000000E+00   2.680193E+00   8.007361E-01   6.552860E+01  -3.353962E-17   5.808928E-16   4.753763E-14   1.200000E+02  -1.586362E+00
  5.380000000000E+00   2.684262E+00   8.266935E-01   6.554527E+01  -2.707154E-17   1.926056E-15   1.527094E-13   1.200000E+02  -1.590569E+00
  5.385000000000E+00   2.688456E+00   8.500817E-01   6.555244E+01  -1.632632E-17   2.291438E-15   1.766999E-13   1.200000E+02  -1.596485E+00
  5.390000000000E+00   2.692755E+00   8.684188E-01   6.554997E+01  -4.038694E-18   2.684259E-15   2.026132E-13   1.200000E+02  -1.603408E+00
  5.395000000000E+00   2.697129E+00   8.798703E-01   6.553891E+01   9.507450E-18   2.589146E-15   1.928578E-13   1.200000E+02  -1.610538E+00
  5.400000000000E+00   2.701541E+00   8.834279E-01   6.552108E+01   2.184680E-17   2.091153E-15   1.550942E-13   1.200000E+02  -1.617083E+00
  5.405000000000E+00   2.705950E+00   8.789807E-01   6.549879E+01   2.809522E-17   5.831765E-16   4.345642E-14   1.200000E+02  -1.622344E+00
  5.410000000000E+00   2.710319E+00   8.672770E-01   6.547447E+01   2.726501E-17  -9.526223E-16  -7.191755E-14   1.200000E+02  -1.625799E+00
  5.415000000000E+00   2.714614E+00   8.497902E-01   6.545046E+01   1.977446E-17  -2.041056E-15  -1.572012E-13   1.200000E+02  -1.627142E+00
  5.420000000000E+00   2.718811E+00   8.285147E-01   6.542889E+01   6.160414E-18  -3.217655E-15  -2.541024E-13   1.200000E+02  -1.626308E+00
  5.425000000000E+00   2.722897E+00   8.057238E-01   6.541158E+01  -1.100332E-17  -3.617656E-15  -2.936944E-13   1.200000E+02  -1.623452E+00
  5.430000000000E+00   2.726869E+00   7.837231E-01   6.540001E+01  -2.769677E-17  -2.935717E-15  -2.449793E-13   1.200000E+02  -1.618926E+00
  5.435000000000E+00   2.730739E+00   7.646270E-01   6.539524E+01  -4.032230E-17  -2.036200E-15  -1.741474E-13   1.200000E+02  -1.613221E+00
  5.440000000000E+00   2.734523E+00   7.501783E-01   6.539781E+01  -4.746293E-17  -6.914847E-16  -6.028113E-14   1.200000E+02  -1.606922E+00
  5.445000000000E+00   2.738250E+00   7.416201E-01   6.540761E+01  -4.705324E-17   9.291249E-16   8.194470E-14   1.200000E+02  -1.600646E+00
  5.450000000000E+00   2.741950E+00   7.396206E-01   6.542376E+01  -3.965691E-17   2.111524E-15   1.867767E-13   1.200000E+02  -1.594992E+00
  5.455000000000E+00   2.745657E+00   7.442450E-01   6.544467E+01  -2.730855E-17   2.815900E-15   2.476142E-13   1.200000E+02  -1.590490E+00
  5.460000000000E+00   2.749402E+00   7.549662E-01   6.546812E+01  -1.277392E-17   3.158406E-15   2.738863E-13   1.200000E+02  -1.587559E+00
  5.465000000000E+00   2.753214E+00   7.707104E-01   6.549155E+01   2.376477E-18   2.624943E-15   2.230560E-13   1.200000E+02  -1.586469E+00
  5.470000000000E+00   2.757115E+00   7.899358E-01   6.551239E+01   1.367246E-17   1.793139E-15   1.487119E-13   1.200000E+02  -1.587318E+00
  5.475000000000E+00   2.761116E+00   8.107503E-01   6.552842E+01   1.953812E-17   6.730921E-16   5.440228E-14   1.200000E+02  -1.590014E+00
  5.480000000000E+00   2.765222E+00   8.310686E-01   6.553804E+01   2.031236E-17  -2.760764E-16  -2.177137E-14   1.200000E+02  -1.594280E+00
  5.485000000000E+00   2.769423E+00   8.488070E-01   6.554042E+01   1.646654E-17  -1.096492E-15  -8.466534E-14   1.200000E+02  -1.599674E+00
  5.490000000000E+00   2.773702E+00   8.621012E-01   6.553559E+01   1.039540E-17  -1.458852E-15  -1.108997E-13   1.200000E+02  -1.605631E+00
  5.495000000000E+00   2.778034E+00   8.695219E-01   6.552430E+01   3.506389E-18  -1.217564E-15  -9.175160E-14   1.200000E+02  -1.611518E+00
  5.500000000000E+00   2.782387E+00   8.702576E-01   6.550790E+01  -1.945264E-18  -9.823307E-16  -7.394410E-14   1.200000E+02  -1.616711E+00
  5.505000000000E+00   2.786726E+00   8.642328E-01   6.548813E+01  -5.719124E-18  -4.369982E-16  -3.311399E-14   1.200000E+02  -1.620661E+00
  5.510000000000E+00   2.791020E+00   8.521353E-01   6.546697E+01  -6.633227E-18   2.507178E-16   1.926189E-14   1.200000E+02  -1.622960E+00
  5.515000000000E+00   2.795240E+00   8.353441E-01   6.544645E+01  -4.156853E-18   6.796359E-16   5.324723E-14   1.200000E+02  -1.623387E+00
  5.520000000000E+00   2.799368E+00   8.157615E-01   6.542851E+01   2.658213E-19   1.167162E-15   9.361271E-14   1.200000E+02  -1.621929E+00
  5.525000000000E+00   2.803397E+00   7.955764E-01   6.541491E+01   6.208984E-18   1.080060E-15   8.880606E-14   1.200000E+02  -1.618777E+00
  5.530000000000E+00   2.807327E+00   7.769937E-01   6.540707E+01   1.090468E-17   9.069242E-16   7.634457E-14   1.200000E+02  -1.614300E+00
  5.535000000000E+00   2.811172E+00   7.619756E-01   6.540592E+01   1.544277E-17   8.260286E-16   7.090405E-14   1.200000E+02  -1.608996E+00
  5.540000000000E+00   2.814955E+00   7.520317E-01   6.541174E+01   1.810621E-17   2.351097E-16   2.044985E-14   1.200000E+02  -1.603438E+00
  5.545000000000E+00   2.818702E+00   7.480850E-01   6.542401E+01   1.846874E-17  -1.621123E-16  -1.417758E-14   1.200000E+02  -1.598211E+00
  5.550000000000E+00   2.822446E+00   7.504205E-01   6.544145E+01   1.688891E-17  -3.762717E-16  -3.281329E-14   1.200000E+02  -1.593855E+00
  5.555000000000E+00   2.826216E+00   7.587067E-01   6.546207E+01   1.290395E-17  -1.304459E-15  -1.125502E-13   1.200000E+02  -1.590814E+00
  5.560000000000E+00   2.830041E+00   7.720694E-01   6.548353E+01   4.797385E-18  -1.877025E-15  -1.592010E-13   1.200000E+02  -1.589398E+00
  5.565000000000E+00   2.833943E+00   7.891967E-01   6.550341E+01  -6.033651E-18  -2.187273E-15  -1.815439E-13   1.200000E+02  -1.589755E+00
  5.570000000000E+00   2.837936E+00   8.084605E-01   6.551957E+01  -1.722675E-17  -2.405542E-15  -1.949509E-13   1.200000E+02  -1.591863E+00
  5.575000000000E+00   2.842028E+00   8.280451E-01   6.553040E+01  -2.907043E-17  -2.227531E-15  -1.762839E-13   1.200000E+02  -1.595529E+00
  5.580000000000E+00   2.846214E+00   8.460859E-01   6.553492E+01  -3.770164E-17  -1.286373E-15  -9.963808E-14   1.200000E+02  -1.600406E+00
  5.585000000000E+00   2.850483E+00   8.608153E-01   6.553285E+01  -4.118714E-17   8.595746E-17   6.543840E-15   1.200000E+02  -1.606025E+00
  5.590000000000E+00   2.854815E+00   8.707182E-01   6.552458E+01  -3.755051E-17   1.139258E-15   8.573318E-14   1.200000E+02  -1.611831E+00
  5.595000000000E+00   2.859181E+00   8.746871E-01   6.551101E+01  -2.891354E-17   2.427625E-15   1.818206E-13   1.200000E+02  -1.617242E+00
  5.600000000000E+00   2.863551E+00   8.721629E-01   6.549344E+01  -1.404813E-17   3.263177E-15   2.450422E-13   1.200000E+02  -1.621704E+00
  5.605000000000E+00   2.867892E+00   8.632388E-01   6.547347E+01   2.273637E-18   3.073200E-15   2.330909E-13   1.200000E+02  -1.624749E+00
  5.610000000000E+00   2.872174E+00   8.487036E-01   6.545286E+01   1.468753E-17   2.042567E-15   1.575248E-13   1.200000E+02  -1.626048E+00
  5.615000000000E+00   2.876373E+00   8.300039E-01   6.543345E+01   2.253606E-17   1.060059E-15   8.356984E-14   1.200000E+02  -1.625451E+00
  5.620000000000E+00   2.880471E+00   8.091138E-01   6.541709E+01   2.474405E-17  -3.524560E-16  -2.849617E-14   1.200000E+02  -1.623007E+00
  5.625000000000E+00   2.884464E+00   7.883206E-01   6.540550E+01   1.998644E-17  -1.519726E-15  -1.260889E-13   1.200000E+02  -1.618963E+00
  5.630000000000E+00   2.888358E+00   7.699501E-01   6.540018E+01   1.098475E-17  -2.016129E-15  -1.712516E-13   1.200000E+02  -1.613742E+00
  5.635000000000E+00   2.892171E+00   7.560742E-01   6.540209E+01   6.502166E-19  -2.110584E-15  -1.825702E-13   1.200000E+02  -1.607898E+00
  5.640000000000E+00   2.895929E+00   7.482476E-01   6.541146E+01  -1.036816E-17  -2.013095E-15  -1.759838E-13   1.200000E+02  -1.602059E+00
  5.645000000000E+00   2.899664E+00   7.473197E-01   6.542753E+01  -1.907221E-17  -1.315039E-15  -1.151312E-13   1.200000E+02  -1.596855E+00
  5.650000000000E+00   2.903413E+00   7.533448E-01   6.544852E+01  -2.362897E-17  -3.681151E-16  -3.198082E-14   1.200000E+02  -1.592849E+00
  5.655000000000E+00   2.907208E+00   7.655985E-01   6.547187E+01  -2.270575E-17   6.704127E-16   5.733185E-14   1.200000E+02  -1.590477E+00
  5.660000000000E+00   2.911077E+00   7.826862E-01   6.549467E+01  -1.655199E-17   1.755170E-15   1.468715E-13   1.200000E+02  -1.589994E+00
  5.665000000000E+00   2.915039E+00   8.027200E-01   6.551410E+01  -5.637302E-18   2.380517E-15   1.942862E-13   1.200000E+02  -1.591451E+00
  5.670000000000E+00   2.919105E+00   8.235392E-01   6.552796E+01   6.590294E-18   2.222405E-15   1.768339E-13   1.200000E+02  -1.594685E+00
  5.675000000000E+00   2.923272E+00   8.429465E-01   6.553488E+01   1.540285E-17   1.344364E-15   1.045176E-13   1.200000E+02  -1.599340E+00
  5.680000000000E+00   2.927529E+00   8.589379E-01   6.553446E+01   1.891935E-17   1.041000E-16   7.942529E-15   1.200000E+02  -1.604908E+00
  5.685000000000E+00   2.931854E+00   8.699026E-01   6.552713E+01   1.721546E-17  -1.014859E-15  -7.644629E-14   1.200000E+02  -1.610791E+00
  5.690000000000E+00   2.936218E+00   8.747758E-01   6.551402E+01   9.226911E-18  -2.124830E-15  -1.591335E-13   1.200000E+02  -1.616362E+00
  5.695000000000E+00   2.940591E+00   8.731311E-01   6.549670E+01  -3.539679E-18  -2.831098E-15  -2.123708E-13   1.200000E+02  -1.621042E+00
  5.700000000000E+00   2.944940E+00   8.652073E-01   6.547696E+01  -1.769569E-17  -2.607321E-15  -1.973162E-13   1.200000E+02  -1.624356E+00
  5.705000000000E+00   2.949234E+00   8.518690E-01   6.545666E+01  -2.795308E-17  -1.545952E-15  -1.187892E-13   1.200000E+02  -1.625981E+00
  5.710000000000E+00   2.953452E+00   8.345078E-01   6.543758E+01  -3.194042E-17  -3.208633E-17  -2.516036E-15   1.200000E+02  -1.625774E+00
  5.715000000000E+00   2.957576E+00   8.148953E-01   6.542137E+01  -2.838444E-17   1.444152E-15   1.159393E-13   1.200000E+02  -1.623776E+00
  5.720000000000E+00   2.961600E+00   7.950022E-01   6.540949E+01  -1.792277E-17   2.650816E-15   2.180982E-13   1.200000E+02  -1.620204E+00
  5.725000000000E+00   2.965529E+00   7.768024E-01   6.540311E+01  -2.572861E-18   3.376318E-15   2.842701E-13   1.200000E+02  -1.615423E+00
  5.730000000000E+00   2.969374E+00   7.620788E-01   6.540302E+01   1.413448E-17   3.442414E-15   2.954344E-13   1.200000E+02  -1.609908E+00
  5.735000000000E+00   2.973157E+00   7.522527E-01   6.540949E+01   3.049809E-17   3.069640E-15   2.669098E-13   1.200000E+02  -1.604201E+00
  5.740000000000E+00   2.976906E+00   7.482500E-01   6.542209E+01   4.348504E-17   1.893504E-15   1.655556E-13   1.200000E+02  -1.598856E+00
  5.745000000000E+00   2.980650E+00   7.504178E-01   6.543966E+01   4.862978E-17   2.426821E-16   2.116292E-14   1.200000E+02  -1.594393E+00
  5.750000000000E+00   2.984419E+00   7.584944E-01   6.546037E+01   4.573261E-17  -1.299591E-15  -1.121587E-13   1.200000E+02  -1.591246E+00
  5.755000000000E+00   2.988243E+00   7.716333E-01   6.548192E+01   3.467835E-17  -3.114029E-15  -2.642610E-13   1.200000E+02  -1.589721E+00
  5.760000000000E+00   2.992142E+00   7.884786E-01   6.550184E+01   1.651289E-17  -4.121796E-15  -3.424129E-13   1.200000E+02  -1.589965E+00
  5.765000000000E+00   2.996131E+00   8.072856E-01   6.551791E+01  -4.763703E-18  -4.572609E-15  -3.711051E-13   1.200000E+02  -1.591943E+00
  5.770000000000E+00   3.000215E+00   8.260822E-01   6.552840E+01  -2.849067E-17  -4.665847E-15  -3.701151E-13   1.200000E+02  -1.595443E+00
  5.775000000000E+00   3.004388E+00   8.428605E-01   6.553232E+01  -5.007956E-17  -3.874869E-15  -3.012707E-13   1.200000E+02  -1.600083E+00
  5.780000000000E+00   3.008637E+00   8.557846E-01   6.552944E+01  -6.604340E-17  -2.449720E-15  -1.875808E-13   1.200000E+02  -1.605356E+00
  5.785000000000E+00   3.012938E+00   8.633937E-01   6.552030E+01  -7.322672E-17  -5.225633E-16  -3.965573E-14   1.200000E+02  -1.610679E+00
  5.790000000000E+00   3.017261E+00   8.647770E-01   6.550599E+01  -7.189269E-17   9.181377E-16   6.954801E-14   1.200000E+02  -1.615456E+00
  5.795000000000E+00   3.021575E+00   8.596960E-01   6.548809E+01  -6.305604E-17   2.414580E-15   1.839327E-13   1.200000E+02  -1.619150E+00
  5.800000000000E+00   3.025848E+00   8.486331E-01   6.546839E+01  -4.938996E-17   2.977980E-15   2.297383E-13   1.200000E+02  -1.621342E+00
  5.805000000000E+00   3.030054E+00   8.327549E-01   6.544880E+01  -3.396079E-17   3.095200E-15   2.432614E-13   1.200000E+02  -1.621780E+00
  5.810000000000E+00   3.034171E+00   8.137898E-01   6.543124E+01  -1.932340E-17   2.567709E-15   2.064518E-13   1.200000E+02  -1.620406E+00
  5.815000000000E+00   3.038190E+00   7.938305E-01   6.541749E+01  -8.730765E-18   1.620203E-15   1.335167E-13   1.200000E+02  -1.617363E+00
  5.820000000000E+00   3.042111E+00   7.750881E-01   6.540911E+01  -1.643051E-18   1.051055E-15   8.869771E-14   1.200000E+02  -1.612973E+00
  5.825000000000E+00   3.045946E+00   7.596302E-01   6.540723E+01   1.681531E-18   2.380848E-16   2.050007E-14   1.200000E+02  -1.607706E+00
  5.830000000000E+00   3.049715E+00   7.491401E-01   6.541239E+01   1.299723E-18  -2.294064E-16  -2.003099E-14   1.200000E+02  -1.602125E+00
  5.835000000000E+00   3.053447E+00   7.447296E-01   6.542429E+01  -1.172129E-18  -8.424551E-16  -7.400945E-14   1.200000E+02  -1.596826E+00
  5.840000000000E+00   3.057173E+00   7.468260E-01   6.544176E+01  -4.756059E-18  -5.539010E-16  -4.853642E-14   1.200000E+02  -1.592372E+00
  5.845000000000E+00   3.060925E+00   7.551390E-01   6.546277E+01  -8.347791E-18  -7.051006E-16  -6.112496E-14   1.200000E+02  -1.589239E+00
  5.850000000000E+00   3.064733E+00   7.687038E-01   6.548478E+01  -1.090714E-17  -4.684436E-16  -3.990604E-14   1.200000E+02  -1.587758E+00
  5.855000000000E+00   3.068618E+00   7.859864E-01   6.550505E+01  -1.213243E-17  -1.283724E-16  -1.069871E-14   1.200000E+02  -1.588081E+00
  5.860000000000E+00   3.072596E+00   8.050413E-01   6.552114E+01  -1.180631E-17   2.109275E-16   1.716708E-14   1.200000E+02  -1.590162E+00
  5.865000000000E+00   3.076668E+00   8.237089E-01   6.553124E+01  -9.381498E-18   6.931454E-16   5.514409E-14   1.200000E+02  -1.593755E+00
  5.870000000000E+00   3.080829E+00   8.398413E-01   6.553434E+01  -6.317813E-18   7.129821E-16   5.563528E-14   1.200000E+02  -1.598436E+00
  5.875000000000E+00   3.085060E+00   8.515399E-01   6.553032E+01  -2.107732E-18   1.156149E-15   8.897150E-14   1.200000E+02  -1.603654E+00
  5.880000000000E+00   3.089335E+00   8.573813E-01   6.551987E+01   3.761376E-18   1.181505E-15   9.028891E-14   1.200000E+02  -1.608785E+00
  5.885000000000E+00   3.093623E+00   8.566059E-01   6.550431E+01   8.837121E-18   8.144274E-16   6.227894E-14   1.200000E+02  -1.613215E+00
  5.890000000000E+00   3.097890E+00   8.492374E-01   6.548542E+01   1.186195E-17   5.013275E-16   3.865779E-14   1.200000E+02  -1.616410E+00
  5.895000000000E+00   3.102106E+00   8.361087E-01   6.546525E+01   1.478696E-17   5.069732E-16   3.969476E-14   1.200000E+02  -1.617983E+00
  5.900000000000E+00   3.106245E+00   8.187806E-01   6.544593E+01   1.622630E-17   9.109427E-17   7.281254E-15   1.200000E+02  -1.617745E+00
  5.905000000000E+00   3.110290E+00   7.993552E-01   6.542958E+01   1.551299E-17  -3.688755E-16  -3.019355E-14   1.200000E+02  -1.615725E+00
  5.910000000000E+00   3.114239E+00   7.802059E-01   6.541809E+01   1.372226E-17  -3.378460E-16  -2.832745E-14   1.200000E+02  -1.612169E+00
  5.915000000000E+00   3.118097E+00   7.636655E-01   6.541299E+01   1.122387E-17  -5.448264E-16  -4.666798E-14   1.200000E+02  -1.607503E+00
  5.920000000000E+00   3.121883E+00   7.517220E-01   6.541516E+01   8.638504E-18  -3.292481E-16  -2.865131E-14   1.200000E+02  -1.602284E+00
  5.925000000000E+00   3.125623E+00   7.457724E-01   6.542462E+01   6.892310E-18  -4.866922E-16  -4.269620E-14   1.200000E+02  -1.597132E+00
  5.930000000000E+00   3.129351E+00   7.464697E-01   6.544037E+01   4.178188E-18  -4.015763E-16  -3.520478E-14   1.200000E+02  -1.592653E+00
  5.935000000000E+00   3.133099E+00   7.536767E-01   6.546046E+01   2.637409E-18  -4.337746E-17  -3.767542E-15   1.200000E+02  -1.589376E+00
  5.940000000000E+00   3.136897E+00   7.665199E-01   6.548228E+01   3.556266E-18   5.266971E-16   4.499470E-14   1.200000E+02  -1.587686E+00
  5.945000000000E+00   3.140770E+00   7.835194E-01   6.550300E+01   6.652423E-18   5.650997E-16   4.724290E-14   1.200000E+02  -1.587788E+00
  5.950000000000E+00   3.144736E+00   8.027709E-01   6.552002E+01   8.150836E-18   1.367791E-16   1.116355E-14   1.200000E+02  -1.589683E+00
  5.955000000000E+00   3.148798E+00   8.221553E-01   6.553137E+01   7.603653E-18  -2.746855E-16  -2.189430E-14   1.200000E+02  -1.593168E+00
  5.960000000000E+00   3.152954E+00   8.395556E-01   6.553592E+01   4.436781E-18  -9.512213E-16  -7.425257E-14   1.200000E+02  -1.597861E+00
  5.965000000000E+00   3.157188E+00   8.530681E-01   6.553340E+01  -9.745080E-19  -1.185786E-15  -9.109309E-14   1.200000E+02  -1.603242E+00
  5.970000000000E+00   3.161476E+00   8.611903E-01   6.552437E+01  -7.293409E-18  -1.319915E-15  -1.004268E-13   1.200000E+02  -1.608711E+00
  5.975000000000E+00   3.165789E+00   8.629759E-01   6.550995E+01  -1.404664E-17  -1.294869E-15  -9.829567E-14   1.200000E+02  -1.613657E+00
  5.980000000000E+00   3.170095E+00   8.581414E-01   6.549174E+01  -1.974572E-17  -9.763504E-16  -7.451323E-14   1.200000E+02  -1.617525E+00
  5.985000000000E+00   3.174361E+00   8.471135E-01   6.547153E+01  -2.408753E-17  -7.507975E-16  -5.802749E-14   1.200000E+02  -1.619874E+00
  5.990000000000E+00   3.178558E+00   8.310079E-01   6.545126E+01  -2.603046E-17   1.313725E-16   1.034707E-14   1.200000E+02  -1.620431E+00
  5.995000000000E+00   3.182666E+00   8.115337E-01   6.543285E+01  -2.492676E-17   2.914894E-16   2.350239E-14   1.200000E+02  -1.619117E+00
  6.000000000000E+00   3.186671E+00   7.908264E-01   6.541818E+01  -2.325389E-17   3.772318E-16   3.120510E-14   1.200000E+02  -1.616058E+00
  6.005000000000E+00   3.190576E+00   7.712217E-01   6.540895E+01  -1.982569E-17   7.603077E-16   6.448332E-14   1.200000E+02  -1.611572E+00
  6.010000000000E+00   3.194389E+00   7.549941E-01   6.540654E+01  -1.619452E-17   7.058159E-16   6.114614E-14   1.200000E+02  -1.606143E+00
  6.015000000000E+00   3.198134E+00   7.440928E-01   6.541174E+01  -1.152218E-17   9.233259E-16   8.116776E-14   1.200000E+02  -1.600365E+00
  6.020000000000E+00   3.201841E+00   7.399112E-01   6.542448E+01  -7.661411E-18   9.268399E-16   8.195310E-14   1.200000E+02  -1.594890E+00
  6.025000000000E+00   3.205545E+00   7.431194E-01   6.544367E+01  -2.635067E-18   9.588472E-16   8.444199E-14   1.200000E+02  -1.590354E+00
  6.030000000000E+00   3.209284E+00   7.535792E-01   6.546718E+01   1.643042E-18   7.842256E-16   6.812958E-14   1.200000E+02  -1.587311E+00
  6.035000000000E+00   3.213091E+00   7.703461E-01   6.549209E+01   6.098187E-18   1.104953E-15   9.393915E-14   1.200000E+02  -1.586169E+00
  6.040000000000E+00   3.216995E+00   7.917530E-01   6.551520E+01   1.203683E-17   1.191472E-15   9.859076E-14   1.200000E+02  -1.587136E+00
  6.045000000000E+00   3.221012E+00   8.155683E-01   6.553352E+01   1.761498E-17   1.192743E-15   9.584071E-14   1.200000E+02  -1.590191E+00
  6.050000000000E+00   3.225150E+00   8.392165E-01   6.554478E+01   2.354490E-17   9.735452E-16   7.603617E-14   1.200000E+02  -1.595070E+00
  6.055000000000E+00   3.229400E+00   8.600479E-01   6.554771E+01   2.739242E-17   4.676659E-16   3.564270E-14   1.200000E+02  -1.601286E+00
  6.060000000000E+00   3.233742E+00   8.756345E-01   6.554209E+01   2.871408E-17   4.884576E-17   3.656153E-15   1.200000E+02  -1.608181E+00
  6.065000000000E+00   3.238145E+00   8.840625E-01   6.552871E+01   2.651285E-17  -1.071001E-15  -7.938504E-14   1.200000E+02  -1.614991E+00
  6.070000000000E+00   3.242569E+00   8.841849E-01   6.550909E+01   2.070322E-17  -1.344287E-15  -9.959797E-14   1.200000E+02  -1.620946E+00
  6.075000000000E+00   3.246973E+00   8.757945E-01   6.548531E+01   1.135018E-17  -2.198376E-15  -1.643780E-13   1.200000E+02  -1.625358E+00
  6.080000000000E+00   3.251315E+00   8.596874E-01   6.545970E+01  -1.518547E-18  -2.601452E-15  -1.980839E-13   1.200000E+02  -1.627707E+00
  6.085000000000E+00   3.255560E+00   8.375957E-01   6.543470E+01  -1.604246E-17  -3.161931E-15  -2.470166E-13   1.200000E+02  -1.627711E+00
  6.090000000000E+00   3.259685E+00   8.119916E-01   6.541272E+01  -3.061182E-17  -2.591858E-15  -2.087958E-13   1.200000E+02  -1.625350E+00
  6.095000000000E+00   3.263679E+00   7.857840E-01   6.539607E+01  -4.121747E-17  -1.598109E-15  -1.330010E-13   1.200000E+02  -1.620875E+00
  6.100000000000E+00   3.267547E+00   7.619523E-01   6.538675E+01  -4.634104E-17  -3.885898E-16  -3.334673E-14   1.200000E+02  -1.614768E+00
  6.105000000000E+00   3.271307E+00   7.431737E-01   6.538625E+01  -4.478239E-17   1.116107E-15   9.819788E-14   1.200000E+02  -1.607694E+00
  6.110000000000E+00   3.274990E+00   7.315062E-01   6.539519E+01  -3.630641E-17   2.193165E-15   1.960646E-13   1.200000E+02  -1.600416E+00
  6.115000000000E+00   3.278635E+00   7.281710E-01   6.541300E+01  -2.454815E-17   2.486502E-15   2.233672E-13   1.200000E+02  -1.593722E+00
  6.120000000000E+00   3.282286E+00   7.334583E-01   6.543782E+01  -1.080000E-17   2.921734E-15   2.606718E-13   1.200000E+02  -1.588332E+00
  6.125000000000E+00   3.285983E+00   7.467476E-01   6.546666E+01   3.860882E-18   2.837434E-15   2.487552E-13   1.200000E+02  -1.584830E+00
  6.130000000000E+00   3.289764E+00   7.666175E-01   6.549594E+01   1.652933E-17   2.049007E-15   1.750569E-13   1.200000E+02  -1.583605E+00
  6.135000000000E+00   3.293656E+00   7.910157E-01   6.552203E+01   2.278412E-17   5.506020E-16   4.560790E-14   1.200000E+02  -1.584808E+00
  6.140000000000E+00   3.297677E+00   8.174646E-01   6.554190E+01   2.235309E-17  -8.583682E-16  -6.882142E-14   1.200000E+02  -1.588337E+00
  6.145000000000E+00   3.301830E+00   8.432910E-01   6.555349E+01   1.571193E-17  -1.904782E-15  -1.480688E-13   1.200000E+02  -1.593847E+00
  6.150000000000E+00   3.306105E+00   8.658673E-01   6.555588E+01   3.141422E-18  -3.028683E-15  -2.293053E-13   1.200000E+02  -1.600776E+00
  6.155000000000E+00   3.310480E+00   8.828553E-01   6.554922E+01  -1.387090E-17  -3.671012E-15  -2.725610E-13   1.200000E+02  -1.608409E+00
  6.160000000000E+00   3.314921E+00   8.924373E-01   6.553459E+01  -3.235102E-17  -3.595268E-15  -2.640123E-13   1.200000E+02  -1.615947E+00
  6.165000000000E+00   3.319390E+00   8.935129E-01   6.551371E+01  -4.975610E-17  -3.281349E-15  -2.405934E-13   1.200000E+02  -1.622593E+00
  6.170000000000E+00   3.323842E+00   8.858399E-01   6.548868E+01  -6.290637E-17  -1.850864E-15  -1.368313E-13   1.200000E+02  -1.627644E+00
  6.175000000000E+00   3.328236E+00   8.700939E-01   6.546179E+01  -6.854192E-17  -3.694172E-16  -2.779322E-14   1.200000E+02  -1.630561E+00
  6.180000000000E+00   3.332533E+00   8.478304E-01   6.543535E+01  -6.511144E-17   1.569556E-15   1.211379E-13   1.200000E+02  -1.631031E+00
  6.185000000000E+00   3.336707E+00   8.213412E-01   6.541162E+01  -5.522552E-17   2.481542E-15   1.976300E-13   1.200000E+02  -1.628998E+00
  6.190000000000E+00   3.340744E+00   7.934136E-01   6.539278E+01  -4.034787E-17   3.164245E-15   2.607956E-13   1.200000E+02  -1.624665E+00
  6.195000000000E+00   3.344644E+00   7.670168E-01   6.538083E+01  -2.452359E-17   3.163713E-15   2.696762E-13   1.200000E+02  -1.618471E+00
  6.200000000000E+00   3.348421E+00   7.449591E-01   6.537744E+01  -1.013671E-17   2.471458E-15   2.168946E-13   1.200000E+02  -1.611046E+00
  6.205000000000E+00   3.352104E+00   7.295648E-01   6.538359E+01  -1.146884E-19   1.363294E-15   1.221784E-13   1.200000E+02  -1.603145E+00
  6.210000000000E+00   3.355730E+00   7.224203E-01   6.539924E+01   3.997070E-18   2.728619E-16   2.470163E-14   1.200000E+02  -1.595574E+00
  6.215000000000E+00   3.359343E+00   7.242208E-01   6.542308E+01   4.095183E-18  -4.061275E-16  -3.668786E-14   1.200000E+02  -1.589106E+00
  6.220000000000E+00   3.362986E+00   7.347277E-01   6.545249E+01  -7.098055E-19  -1.273690E-15  -1.134654E-13   1.200000E+02  -1.584407E+00
  6.225000000000E+00   3.366702E+00   7.528213E-01   6.548393E+01  -8.218181E-18  -1.769864E-15  -1.539511E-13   1.200000E+02  -1.581968E+00
  6.230000000000E+00   3.370524E+00   7.766296E-01   6.551354E+01  -1.759443E-17  -1.836872E-15  -1.549516E-13   1.200000E+02  -1.582051E+00
  6.235000000000E+00   3.374474E+00   8.037123E-01   6.553779E+01  -2.586170E-17  -1.342633E-15  -1.094834E-13   1.200000E+02  -1.584663E+00
  6.240000000000E+00   3.378562E+00   8.312869E-01   6.555399E+01  -3.015120E-17  -5.160664E-16  -4.069619E-14   1.200000E+02  -1.589544E+00
  6.245000000000E+00   3.382783E+00   8.564897E-01   6.556064E+01  -3.097429E-17   2.039682E-16   1.561290E-14   1.200000E+02  -1.596186E+00
  6.250000000000E+00   3.387118E+00   8.766575E-01   6.555745E+01  -2.902361E-17   6.008587E-16   4.493290E-14   1.200000E+02  -1.603887E+00
  6.255000000000E+00   3.391538E+00   8.896099E-01   6.554523E+01  -2.566708E-17   6.391064E-16   4.708848E-14   1.200000E+02  -1.611821E+00
  6.260000000000E+00   3.396001E+00   8.939035E-01   6.552562E+01  -2.358330E-17   1.918854E-16   1.406573E-14   1.200000E+02  -1.619128E+00
  6.265000000000E+00   3.400462E+00   8.890229E-01   6.550083E+01  -2.441758E-17  -3.495096E-16  -2.575093E-14   1.200000E+02  -1.625020E+00
  6.270000000000E+00   3.404877E+00   8.754751E-01   6.547333E+01  -2.606937E-17  -7.184363E-16  -5.372901E-14   1.200000E+02  -1.628867E+00
  6.275000000000E+00   3.409205E+00   8.547618E-01   6.544568E+01  -3.089673E-17  -1.148971E-15  -8.797207E-14   1.200000E+02  -1.630273E+00
  6.280000000000E+00   3.413417E+00   8.292208E-01   6.542039E+01  -3.724118E-17  -1.256102E-15  -9.909869E-14   1.200000E+02  -1.629116E+00
  6.285000000000E+00   3.417494E+00   8.017481E-01   6.539985E+01  -4.248723E-17  -7.781209E-16  -6.347254E-14   1.200000E+02  -1.625558E+00
  6.290000000000E+00   3.421436E+00   7.754364E-01   6.538618E+01  -4.560046E-17  -4.009643E-16  -3.381002E-14   1.200000E+02  -1.620019E+00
  6.295000000000E+00   3.425255E+00   7.531850E-01   6.538109E+01  -4.691017E-17  -8.939376E-17  -7.759928E-15   1.200000E+02  -1.613124E+00
  6.300000000000E+00   3.428978E+00   7.373447E-01   6.538553E+01  -4.664655E-17   3.202391E-16   2.839785E-14   1.200000E+02  -1.605630E+00
  6.305000000000E+00   3.432641E+00   7.294548E-01   6.539937E+01  -4.536470E-17   4.613878E-16   4.136578E-14   1.200000E+02  -1.598341E+00
  6.310000000000E+00   3.436287E+00   7.301073E-01   6.542119E+01  -4.187560E-17   7.244111E-16   6.491078E-14   1.200000E+02  -1.592020E+00
  6.315000000000E+00   3.439956E+00   7.389423E-01   6.544836E+01  -3.937386E-17   5.691452E-16   5.040937E-14   1.200000E+02  -1.587309E+00
  6.320000000000E+00   3.443687E+00   7.547525E-01   6.547744E+01  -3.586819E-17   7.960929E-16   6.906386E-14   1.200000E+02  -1.584668E+00
  6.325000000000E+00   3.447511E+00   7.756639E-01   6.550480E+01  -3.261739E-17   5.401424E-16   4.561502E-14   1.200000E+02  -1.584330E+00
  6.330000000000E+00   3.451448E+00   7.993602E-01   6.552722E+01  -2.988667E-17   5.482457E-16   4.494221E-14   1.200000E+02  -1.586280E+00
  6.335000000000E+00   3.455505E+00   8.233275E-01   6.554237E+01  -2.605399E-17   8.326449E-16   6.628411E-14   1.200000E+02  -1.590263E+00
  6.340000000000E+00   3.459678E+00   8.451009E-01   6.554902E+01  -2.255743E-17   5.599333E-16   4.343041E-14   1.200000E+02  -1.595815E+00
  6.345000000000E+00   3.463949E+00   8.625000E-01   6.554704E+01  -2.014354E-17   6.512474E-16   4.949257E-14   1.200000E+02  -1.602313E+00
  6.350000000000E+00   3.468293E+00   8.738345E-01   6.553724E+01  -1.742040E-17   4.550794E-16   3.413078E-14   1.200000E+02  -1.609049E+00
  6.355000000000E+00   3.472676E+00   8.780661E-01   6.552113E+01  -1.397905E-17   7.841044E-16   5.850973E-14   1.200000E+02  -1.615305E+00
  6.360000000000E+00   3.477062E+00   8.749091E-01   6.550066E+01  -8.433632E-18   1.560815E-15   1.168515E-13   1.200000E+02  -1.620436E+00
  6.365000000000E+00   3.481414E+00   8.648569E-01   6.547797E+01  -3.328634E-20   1.776000E-15   1.344602E-13   1.200000E+02  -1.623935E+00
  6.370000000000E+00   3.485702E+00   8.491282E-01   6.545521E+01   8.428525E-18   1.492356E-15   1.150386E-13   1.200000E+02  -1.625485E+00
  6.375000000000E+00   3.489899E+00   8.295320E-01   6.543444E+01   1.590501E-17   1.215028E-15   9.584283E-14   1.200000E+02  -1.624988E+00
  6.380000000000E+00   3.493994E+00   8.082656E-01   6.541756E+01   2.102644E-17   5.962039E-16   4.825418E-14   1.200000E+02  -1.622561E+00
  6.385000000000E+00   3.497983E+00   7.876652E-01   6.540616E+01   2.057216E-17  -6.034365E-16  -5.010818E-14   1.200000E+02  -1.618523E+00
  6.390000000000E+00   3.501875E+00   7.699405E-01   6.540146E+01   1.485589E-17  -1.759990E-15  -1.494998E-13   1.200000E+02  -1.613350E+00
  6.395000000000E+00   3.505690E+00   7.569296E-01   6.540410E+01   3.355696E-18  -2.580693E-15  -2.229902E-13   1.200000E+02  -1.607621E+00
  6.400000000000E+00   3.509454E+00   7.499038E-01   6.541392E+01  -1.126720E-17  -3.119155E-15  -2.720831E-13   1.200000E+02  -1.601959E+00
  6.405000000000E+00   3.513200E+00   7.494476E-01   6.542990E+01  -2.781431E-17  -3.496744E-15  -3.052803E-13   1.200000E+02  -1.596964E+00
  6.410000000000E+00   3.516959E+00   7.554209E-01   6.545016E+01  -4.538173E-17  -3.332809E-15  -2.887567E-13   1.200000E+02  -1.593151E+00
  6.415000000000E+00   3.520763E+00   7.670000E-01   6.547222E+01  -6.031553E-17  -2.908600E-15  -2.482822E-13   1.200000E+02  -1.590901E+00
  6.420000000000E+00   3.524636E+00   7.827838E-01   6.549337E+01  -7.300097E-17  -2.143969E-15  -1.793800E-13   1.200000E+02  -1.590421E+00
  6.425000000000E+00   3.528595E+00   8.009515E-01   6.551109E+01  -8.017664E-17  -6.496881E-16  -5.313902E-14   1.200000E+02  -1.591721E+00
  6.430000000000E+00   3.532646E+00   8.194558E-01   6.552341E+01  -7.985133E-17   7.122933E-16   5.695473E-14   1.200000E+02  -1.594618E+00
  6.435000000000E+00   3.536786E+00   8.362384E-01   6.552916E+01  -7.170125E-17   2.284665E-15   1.790305E-13   1.200000E+02  -1.598751E+00
  6.440000000000E+00   3.541003E+00   8.494488E-01   6.552805E+01  -5.719857E-17   3.489088E-15   2.691547E-13   1.200000E+02  -1.603626E+00
  6.445000000000E+00   3.545273E+00   8.576478E-01   6.552055E+01  -3.878486E-17   3.829211E-15   2.925350E-13   1.200000E+02  -1.608670E+00
  6.450000000000E+00   3.549570E+00   8.599720E-01   6.550780E+01  -1.998240E-17   3.741628E-15   2.850160E-13   1.200000E+02  -1.613299E+00
  6.455000000000E+00   3.553863E+00   8.562369E-01   6.549138E+01  -2.631349E-18   3.039549E-15   2.324874E-13   1.200000E+02  -1.616989E+00
  6.460000000000E+00   3.558123E+00   8.469621E-01   6.547315E+01   1.067272E-17   2.153923E-15   1.665058E-13   1.200000E+02  -1.619335E+00
  6.465000000000E+00   3.562325E+00   8.333107E-01   6.545502E+01   1.879689E-17   1.326884E-15   1.042243E-13   1.200000E+02  -1.620096E+00
  6.470000000000E+00   3.566452E+00   8.169456E-01   6.543888E+01   2.342906E-17   4.104756E-16   3.287987E-14   1.200000E+02  -1.619223E+00
  6.475000000000E+00   3.570494E+00   7.998222E-01   6.542640E+01   2.315198E-17  -4.863753E-16  -3.978608E-14   1.200000E+02  -1.616853E+00
  6.480000000000E+00   3.574452E+00   7.839431E-01   6.541896E+01   1.929064E-17  -1.005749E-15  -8.392835E-14   1.200000E+02  -1.613292E+00
  6.485000000001E+00   3.578338E+00   7.711131E-01   6.541744E+01   1.238306E-17  -1.659017E-15  -1.407428E-13   1.200000E+02  -1.608973E+00
  6.490000000001E+00   3.582170E+00   7.627255E-01   6.542209E+01   3.210848E-18  -2.012303E-15  -1.726035E-13   1.200000E+02  -1.604403E+00
  6.495000000001E+00   3.585974E+00   7.596113E-01   6.543242E+01  -7.921273E-18  -2.369744E-15  -2.041282E-13   1.200000E+02  -1.600103E+00
  6.500000000001E+00   3.589775E+00   7.619628E-01   6.544716E+01  -2.001396E-17  -2.352487E-15  -2.020618E-13   1.200000E+02  -1.596552E+00
  6.505000000001E+00   3.593601E+00   7.693350E-01   6.546443E+01  -3.031035E-17  -1.636984E-15  -1.392946E-13   1.200000E+02  -1.594131E+00
  6.510000000001E+00   3.597475E+00   7.807143E-01   6.548200E+01  -3.705438E-17  -1.065989E-15  -8.940931E-14   1.200000E+02  -1.593084E+00
  6.515000000001E+00   3.601413E+00   7.946420E-01   6.549763E+01  -4.119977E-17  -5.435118E-16  -4.479846E-14   1.200000E+02  -1.593489E+00
  6.520000000001E+00   3.605423E+00   8.093784E-01   6.550943E+01  -4.182698E-17   2.782851E-16   2.252383E-14   1.200000E+02  -1.595252E+00
  6.525000000001E+00   3.609505E+00   8.230920E-01   6.551606E+01  -3.769484E-17   1.478230E-15   1.176634E-13   1.200000E+02  -1.598116E+00
  6.530000000001E+00   3.613649E+00   8.340622E-01   6.551692E+01  -2.819752E-17   2.389877E-15   1.877286E-13   1.200000E+02  -1.601690E+00
  6.535000000001E+00   3.617839E+00   8.408757E-01   6.551211E+01  -1.478893E-17   3.076718E-15   2.397052E-13   1.200000E+02  -1.605496E+00
  6.540000000001E+00   3.622050E+00   8.425993E-01   6.550237E+01   1.804401E-18   3.334245E-15   2.591991E-13   1.200000E+02  -1.609025E+00
  6.545000000001E+00   3.626256E+00   8.389042E-01   6.548896E+01   1.666578E-17   2.613559E-15   2.040272E-13   1.200000E+02  -1.611799E+00
  6.550000000001E+00   3.630431E+00   8.301241E-01   6.547344E+01   2.773130E-17   1.714258E-15   1.352067E-13   1.200000E+02  -1.613434E+00
  6.555000000001E+00   3.634551E+00   8.172298E-01   6.545758E+01   3.376388E-17   7.786063E-16   6.236396E-14   1.200000E+02  -1.613684E+00
  6.560000000001E+00   3.638599E+00   8.017185E-01   6.544319E+01   3.574701E-17   6.071831E-17   4.956354E-15   1.200000E+02  -1.612474E+00
  6.565000000001E+00   3.642567E+00   7.854270E-01   6.543199E+01   3.395458E-17  -6.991787E-16  -5.824686E-14   1.200000E+02  -1.609908E+00
  6.570000000001E+00   3.646455E+00   7.702935E-01   6.542542E+01   2.771439E-17  -1.694593E-15  -1.439314E-13   1.200000E+02  -1.606257E+00
  6.575000000001E+00   3.650274E+00   7.581023E-01   6.542449E+01   1.909323E-17  -1.774947E-15  -1.531785E-13   1.200000E+02  -1.601919E+00
  6.580000000001E+00   3.654043E+00   7.502525E-01   6.542955E+01   1.033085E-17  -1.678796E-15  -1.464079E-13   1.200000E+02  -1.597379E+00
  6.585000000001E+00   3.657785E+00   7.475841E-01   6.544019E+01   1.656539E-18  -1.613370E-15  -1.412272E-13   1.200000E+02  -1.593138E+00
  6.590000000001E+00   3.661527E+00   7.502833E-01   6.545517E+01  -5.313334E-18  -1.151519E-15  -1.004592E-13   1.200000E+02  -1.589664E+00
  6.595000000001E+00   3.665296E+00   7.578758E-01   6.547259E+01  -1.003548E-17  -7.119550E-16  -6.150551E-14   1.200000E+02  -1.587326E+00
  6.600000000001E+00   3.669112E+00   7.692970E-01   6.549017E+01  -1.245504E-17  -3.760064E-16  -3.200939E-14   1.200000E+02  -1.586355E+00
  6.605000000001E+00   3.672992E+00   7.830278E-01   6.550563E+01  -1.439549E-17  -4.823846E-16  -4.035476E-14   1.200000E+02  -1.586815E+00
  6.610000000001E+00   3.676943E+00   7.972745E-01   6.551704E+01  -1.611970E-17  -1.097454E-16  -9.018469E-15   1.200000E+02  -1.588592E+00
  6.615000000001E+00   3.680963E+00   8.101748E-01   6.552311E+01  -1.553172E-17   2.102530E-16   1.700427E-14   1.200000E+02  -1.591410E+00
  6.620000000001E+00   3.685040E+00   8.200120E-01   6.552326E+01  -1.538323E-17  -1.393654E-16  -1.113602E-14   1.200000E+02  -1.594859E+00
  6.625000000001E+00   3.689156E+00   8.254143E-01   6.551767E+01  -1.601250E-17  -1.213761E-16  -9.634289E-15   1.200000E+02  -1.598446E+00
  6.630000000001E+00   3.693286E+00   8.255217E-01   6.550715E+01  -1.664924E-17  -1.388964E-16  -1.102176E-14   1.200000E+02  -1.601655E+00
  6.635000000001E+00   3.697402E+00   8.200963E-01   6.549301E+01  -1.825258E-17  -4.165793E-16  -3.326808E-14   1.200000E+02  -1.604012E+00
  6.640000000001E+00   3.701479E+00   8.095626E-01   6.547685E+01  -2.044363E-17  -5.447174E-16  -4.405636E-14   1.200000E+02  -1.605141E+00
  6.645000000001E+00   3.705491E+00   7.949645E-01   6.546048E+01  -2.230538E-17  -3.372924E-16  -2.777398E-14   1.200000E+02  -1.604810E+00
  6.650000000001E+00   3.709424E+00   7.778422E-01   6.544571E+01  -2.278053E-17   5.981214E-17   5.032446E-15   1.200000E+02  -1.602960E+00
  6.655000000001E+00   3.713269E+00   7.600404E-01   6.543427E+01  -2.291121E-17   4.103453E-17   3.532792E-15   1.200000E+02  -1.599710E+00
  6.660000000001E+00   3.717027E+00   7.434751E-01   6.542760E+01  -2.198388E-17   2.285022E-16   2.010875E-14   1.200000E+02  -1.595339E+00
  6.665000000001E+00   3.720708E+00   7.298908E-01   6.542676E+01  -2.008843E-17   4.871686E-16   4.366936E-14   1.200000E+02  -1.590253E+00
  6.670000000001E+00   3.724332E+00   7.206475E-01   6.543215E+01  -1.622515E-17   9.892927E-16   8.982416E-14   1.200000E+02  -1.584938E+00
  6.675000000001E+00   3.727923E+00   7.165657E-01   6.544341E+01  -1.082393E-17   1.256188E-15   1.147267E-13   1.200000E+02  -1.579897E+00
  6.680000000001E+00   3.731507E+00   7.178486E-01   6.545938E+01  -3.450625E-18   1.770101E-15   1.614124E-13   1.200000E+02  -1.575600E+00
  6.685000000001E+00   3.735110E+00   7.240837E-01   6.547821E+01   5.653637E-18   1.701846E-15   1.538964E-13   1.200000E+02  -1.572426E+00
  6.690000000001E+00   3.738754E+00   7.343135E-01   6.549765E+01   1.399976E-17   1.561500E-15   1.392791E-13   1.200000E+02  -1.570625E+00
  6.695000000001E+00   3.742457E+00   7.471597E-01   6.551540E+01   2.110887E-17   1.261975E-15   1.106575E-13   1.200000E+02  -1.570290E+00
  6.700000000001E+00   3.746227E+00   7.609807E-01   6.552949E+01   2.560517E-17   6.339590E-16   5.459141E-14   1.200000E+02  -1.571350E+00
  6.705000000001E+00   3.750065E+00   7.740470E-01   6.553845E+01   2.802277E-17   4.460636E-17   3.776814E-15   1.200000E+02  -1.573576E+00
  6.710000000001E+00   3.753964E+00   7.847192E-01   6.554155E+01   2.686826E-17  -5.039835E-16  -4.209386E-14   1.200000E+02  -1.576606E+00
  6.715000000001E+00   3.757907E+00   7.916145E-01   6.553873E+01   2.297108E-17  -1.167376E-15  -9.664848E-14   1.200000E+02  -1.579990E+00
  6.720000000001E+00   3.761872E+00   7.937473E-01   6.553056E+01   1.528380E-17  -1.627417E-15  -1.343570E-13   1.200000E+02  -1.583233E+00
  6.725000000001E+00   3.765836E+00   7.906331E-01   6.551808E+01   6.239639E-18  -1.957818E-15  -1.622402E-13   1.200000E+02  -1.585857E+00
  6.730000000001E+00   3.769770E+00   7.823433E-01   6.550269E+01  -4.294766E-18  -2.281700E-15  -1.910383E-13   1.200000E+02  -1.587447E+00
  6.735000000001E+00   3.773652E+00   7.695024E-01   6.548596E+01  -1.579061E-17  -2.261710E-15  -1.924754E-13   1.200000E+02  -1.587700E+00
  6.740000000001E+00   3.777460E+00   7.532274E-01   6.546957E+01  -2.599020E-17  -1.743599E-15  -1.515515E-13   1.200000E+02  -1.586454E+00
  6.745000000001E+00   3.781181E+00   7.350096E-01   6.545518E+01  -3.324484E-17  -9.955645E-16  -8.865850E-14   1.200000E+02  -1.583706E+00
  6.750000000001E+00   3.784810E+00   7.165515E-01   6.544435E+01  -3.617662E-17  -1.510492E-16  -1.379568E-14   1.200000E+02  -1.579609E+00
  6.755000000001E+00   3.788349E+00   6.995758E-01   6.543842E+01  -3.435533E-17   9.311950E-16   8.710411E-14   1.200000E+02  -1.574456E+00
  6.760000000001E+00   3.791810E+00   6.856306E-01   6.543836E+01  -2.769710E-17   1.618947E-15   1.545165E-13   1.200000E+02  -1.568645E+00
  6.765000000001E+00   3.795212E+00   6.759147E-01   6.544456E+01  -1.781122E-17   2.396531E-15   2.320410E-13   1.200000E+02  -1.562641E+00
  6.770000000001E+00   3.798577E+00   6.711464E-01   6.545672E+01  -5.160064E-18   2.397401E-15   2.338179E-13   1.200000E+02  -1.556925E+00
  6.775000000001E+00   3.801932E+00   6.714899E-01   6.547374E+01   6.076411E-18   2.177194E-15   2.122877E-13   1.200000E+02  -1.551939E+00
  6.780000000001E+00   3.805300E+00   6.765446E-01   6.549384E+01   1.579754E-17   1.711484E-15   1.656826E-13   1.200000E+02  -1.548050E+00
  6.785000000001E+00   3.808703E+00   6.853939E-01   6.551478E+01   2.213821E-17   5.682076E-16   5.431328E-14   1.200000E+02  -1.545497E+00
  6.790000000001E+00   3.812158E+00   6.967065E-01   6.553421E+01   2.144973E-17  -7.555307E-16  -7.106738E-14   1.200000E+02  -1.544377E+00
  6.795000000001E+00   3.815672E+00   7.088788E-01   6.555002E+01   1.452513E-17  -1.892244E-15  -1.749758E-13   1.200000E+02  -1.544622E+00
  6.800000000001E+00   3.819245E+00   7.202075E-01   6.556063E+01   2.255186E-18  -2.950916E-15  -2.686225E-13   1.200000E+02  -1.546013E+00
  6.805000000001E+00   3.822870E+00   7.290774E-01   6.556515E+01  -1.425892E-17  -3.654945E-15  -3.286853E-13   1.200000E+02  -1.548194E+00
  6.810000000001E+00   3.826530E+00   7.341466E-01   6.556342E+01  -3.315307E-17  -3.837080E-15  -3.426729E-13   1.200000E+02  -1.550721E+00
  6.815000000001E+00   3.830204E+00   7.345064E-01   6.555599E+01  -5.213976E-17  -3.701930E-15  -3.304038E-13   1.200000E+02  -1.553105E+00
  6.820000000001E+00   3.833867E+00   7.297953E-01   6.554394E+01  -6.850639E-17  -2.870979E-15  -2.578466E-13   1.200000E+02  -1.554877E+00
  6.825000000001E+00   3.837494E+00   7.202457E-01   6.552877E+01  -8.051923E-17  -1.881502E-15  -1.711812E-13   1.200000E+02  -1.555637E+00
  6.830000000001E+00   3.841063E+00   7.066548E-01   6.551224E+01  -8.687138E-17  -5.980664E-16  -5.544528E-14   1.200000E+02  -1.555108E+00
  6.835000000001E+00   3.844556E+00   6.902772E-01   6.549619E+01  -8.650867E-17   6.538656E-16   6.204131E-14   1.200000E+02  -1.553159E+00
  6.840000000001E+00   3.847963E+00   6.726555E-01   6.548243E+01  -8.073220E-17   1.552605E-15   1.511447E-13   1.200000E+02  -1.549822E+00
  6.845000000001E+00   3.851283E+00   6.554130E-01   6.547256E+01  -7.118957E-17   2.121457E-15   2.119232E-13   1.200000E+02  -1.545279E+00
  6.850000000001E+00   3.854521E+00   6.400422E-01   6.546784E+01  -5.946134E-17   2.547219E-15   2.605468E-13   1.200000E+02  -1.539833E+00
  6.855000000001E+00   3.857688E+00   6.277240E-01   6.546896E+01  -4.632032E-17   2.689568E-15   2.805106E-13   1.200000E+02  -1.533868E+00
  6.860000000001E+00   3.860804E+00   6.192029E-01   6.547595E+01  -3.342700E-17   2.341842E-15   2.476318E-13   1.200000E+02  -1.527801E+00
  6.865000000001E+00   3.863887E+00   6.147327E-01   6.548813E+01  -2.323702E-17   1.589692E-15   1.693516E-13   1.200000E+02  -1.522032E+00
  6.870000000001E+00   3.866957E+00   6.140915E-01   6.550414E+01  -1.677245E-17   9.975589E-16   1.064080E-13   1.200000E+02  -1.516901E+00
  6.875000000001E+00   3.870033E+00   6.166508E-01   6.552221E+01  -1.296383E-17   4.784849E-16   5.084140E-14   1.200000E+02  -1.512655E+00
  6.880000000001E+00   3.873128E+00   6.214821E-01   6.554040E+01  -1.131582E-17   1.346784E-16   1.420294E-14   1.200000E+02  -1.509429E+00
  6.885000000001E+00   3.876250E+00   6.274801E-01   6.555688E+01  -1.199935E-17  -2.617116E-16  -2.734270E-14   1.200000E+02  -1.507240E+00
  6.890000000001E+00   3.879402E+00   6.334889E-01   6.557017E+01  -1.430156E-17  -7.027962E-16  -7.274393E-14   1.200000E+02  -1.505989E+00
  6.895000000001E+00   3.882583E+00   6.384199E-01   6.557931E+01  -1.773022E-17  -7.156014E-16  -7.350750E-14   1.200000E+02  -1.505480E+00
  6.900000000001E+00   3.885783E+00   6.413544E-01   6.558382E+01  -2.184008E-17  -8.270876E-16  -8.457658E-14   1.200000E+02  -1.505445E+00
  6.905000000001E+00   3.888992E+00   6.416257E-01   6.558379E+01  -2.610070E-17  -7.622121E-16  -7.790953E-14   1.200000E+02  -1.505577E+00
  6.910000000001E+00   3.892195E+00   6.388748E-01   6.557971E+01  -2.927239E-17  -4.303474E-16  -4.417463E-14   1.200000E+02  -1.505564E+00
  6.915000000001E+00   3.895376E+00   6.330758E-01   6.557244E+01  -3.012062E-17   6.427227E-17   6.657164E-15   1.200000E+02  -1.505118E+00
  6.920000000001E+00   3.898521E+00   6.245281E-01   6.556306E+01  -2.935915E-17   2.995201E-16   3.144366E-14   1.200000E+02  -1.504011E+00
  6.925000000001E+00   3.901618E+00   6.138141E-01   6.555281E+01  -2.766953E-17   3.913735E-16   4.179707E-14   1.200000E+02  -1.502091E+00
  6.930000000001E+00   3.904657E+00   6.017246E-01   6.554297E+01  -2.518990E-17   6.392458E-16   6.962998E-14   1.200000E+02  -1.499299E+00
  6.935000000001E+00   3.907634E+00   5.891621E-01   6.553476E+01  -2.175350E-17   8.106373E-16   9.017030E-14   1.200000E+02  -1.495667E+00
  6.940000000001E+00   3.910549E+00   5.770306E-01   6.552922E+01  -1.647832E-17   1.069085E-15   1.214083E-13   1.200000E+02  -1.491314E+00
  6.945000000001E+00   3.913406E+00   5.661289E-01   6.552713E+01  -1.160007E-17   9.861572E-16   1.141437E-13   1.200000E+02  -1.486421E+00
  6.950000000001E+00   3.916214E+00   5.570613E-01   6.552889E+01  -6.954200E-18   6.643948E-16   7.815487E-14   1.200000E+02  -1.481217E+00
  6.955000000001E+00   3.918981E+00   5.501769E-01   6.553444E+01  -5.404375E-18   1.631883E-16   1.943821E-14   1.200000E+02  -1.475940E+00
  6.960000000001E+00   3.921719E+00   5.455454E-01   6.554331E+01  -5.841761E-18  -3.111592E-16  -3.738351E-14   1.200000E+02  -1.470820E+00
  6.965000000001E+00   3.924439E+00   5.429677E-01   6.555459E+01  -8.896993E-18  -9.721466E-16  -1.173710E-13   1.200000E+02  -1.466045E+00
  6.970000000001E+00   3.927151E+00   5.420190E-01   6.556716E+01  -1.410707E-17  -1.157692E-15  -1.400441E-13   1.200000E+02  -1.461748E+00
  6.975000000001E+00   3.929861E+00   5.421140E-01   6.557978E+01  -2.034311E-17  -1.331111E-15  -1.610251E-13   1.200000E+02  -1.457994E+00
  6.980000000001E+00   3.932573E+00   5.425866E-01   6.559128E+01  -2.664648E-17  -1.175437E-15  -1.420942E-13   1.200000E+02  -1.454777E+00
  6.985000000001E+00   3.935287E+00   5.427730E-01   6.560073E+01  -3.201658E-17  -7.550086E-16  -9.125199E-14   1.200000E+02  -1.452027E+00
  6.990000000001E+00   3.937999E+00   5.420913E-01   6.560751E+01  -3.547397E-17  -4.815226E-16  -5.827707E-14   1.200000E+02  -1.449618E+00
  6.995000000001E+00   3.940705E+00   5.401081E-01   6.561137E+01  -3.698877E-17  -1.055498E-16  -1.282200E-14   1.200000E+02  -1.447393E+00
  7.000000000001E+00   3.943398E+00   5.365853E-01   6.561243E+01  -3.622219E-17   4.042944E-16   4.943620E-14   1.200000E+02  -1.445179E+00
  7.005000000001E+00   3.946069E+00   5.315031E-01   6.561113E+01  -3.399234E-17   6.179882E-16   7.628725E-14   1.200000E+02  -1.442814E+00
  7.010000000001E+00   3.948711E+00   5.250529E-01   6.560819E+01  -3.041398E-17   6.245836E-16   7.804508E-14   1.200000E+02  -1.440166E+00
  7.015000000001E+00   3.951318E+00   5.176039E-01   6.560448E+01  -2.723144E-17   6.510746E-16   8.252143E-14   1.200000E+02  -1.437149E+00
  7.020000000001E+00   3.953886E+00   5.096437E-01   6.560093E+01  -2.367354E-17   7.020700E-16   9.036989E-14   1.200000E+02  -1.433731E+00
  7.025000000001E+00   3.956414E+00   5.017041E-01   6.559845E+01  -1.999450E-17   7.496785E-16   9.802141E-14   1.200000E+02  -1.429934E+00
  7.030000000001E+00   3.958904E+00   4.942808E-01   6.559774E+01  -1.570808E-17   9.274651E-16   1.230872E-13   1.200000E+02  -1.425831E+00
  7.035000000001E+00   3.961358E+00   4.877616E-01   6.559926E+01  -1.158258E-17   6.664225E-16   8.962744E-14   1.200000E+02  -1.421530E+00
  7.040000000001E+00   3.963783E+00   4.823734E-01   6.560310E+01  -8.368685E-18   6.579107E-16   8.947629E-14   1.200000E+02  -1.417155E+00
  7.045000000001E+00   3.966184E+00   4.781570E-01   6.560902E+01  -5.375947E-18   6.466630E-16   8.873011E-14   1.200000E+02  -1.412828E+00
  7.050000000001E+00   3.968566E+00   4.749722E-01   6.561645E+01  -2.397857E-18   4.365616E-16   6.031010E-14   1.200000E+02  -1.408653E+00
  7.055000000001E+00   3.970935E+00   4.725321E-01   6.562462E+01  -1.347980E-18  -2.634126E-17  -3.658239E-15   1.200000E+02  -1.404697E+00
  7.060000000001E+00   3.973292E+00   4.704592E-01   6.563270E+01  -3.201097E-18  -6.333508E-16  -8.835735E-14   1.200000E+02  -1.400987E+00
  7.065000000001E+00   3.975640E+00   4.683532E-01   6.563993E+01  -7.595929E-18  -1.155379E-15  -1.619269E-13   1.200000E+02  -1.397506E+00
  7.070000000001E+00   3.977975E+00   4.658601E-01   6.564577E+01  -1.383924E-17  -1.406655E-15  -1.982161E-13   1.200000E+02  -1.394202E+00
  7.075000000001E+00   3.980297E+00   4.627284E-01   6.564992E+01  -2.167405E-17  -1.699250E-15  -2.410823E-13   1.200000E+02  -1.390996E+00
  7.080000000001E+00   3.982601E+00   4.588464E-01   6.565242E+01  -3.049263E-17  -1.675349E-15  -2.397115E-13   1.200000E+02  -1.387803E+00
  7.085000000001E+00   3.984884E+00   4.542512E-01   6.565357E+01  -3.844491E-17  -1.480574E-15  -2.139894E-13   1.200000E+02  -1.384542E+00
  7.090000000001E+00   3.987143E+00   4.491114E-01   6.565388E+01  -4.533151E-17  -1.315482E-15  -1.923053E-13   1.200000E+02  -1.381153E+00
  7.095000000001E+00   3.989375E+00   4.436860E-01   6.565398E+01  -5.013881E-17  -6.297197E-16  -9.318212E-14   1.200000E+02  -1.377604E+00
  7.100000000001E+00   3.991580E+00   4.382698E-01   6.565448E+01  -5.173279E-17  -1.884735E-17  -2.823404E-15   1.200000E+02  -1.373897E+00
  7.105000000001E+00   3.993758E+00   4.331363E-01   6.565589E+01  -4.957541E-17   8.101394E-16   1.228030E-13   1.200000E+02  -1.370061E+00
  7.110000000001E+00   3.995912E+00   4.284896E-01   6.565851E+01  -4.251083E-17   1.850826E-15   2.836065E-13   1.200000E+02  -1.366148E+00
  7.115000000001E+00   3.998044E+00   4.244354E-01   6.566242E+01  -3.230559E-17   2.258936E-15   3.494695E-13   1.200000E+02  -1.362217E+00
  7.120000000001E+00   4.000157E+00   4.209724E-01   6.566744E+01  -2.014825E-17   2.573637E-15   4.014613E-13   1.200000E+02  -1.358330E+00
  7.125000000001E+00   4.002255E+00   4.180070E-01   6.567324E+01  -7.986794E-18   2.194381E-15   3.447601E-13   1.200000E+02  -1.354534E+00
  7.130000000001E+00   4.004338E+00   4.153818E-01   6.567938E+01   1.805328E-18   1.708047E-15   2.700732E-13   1.200000E+02  -1.350859E+00
  7.135000000001E+00   4.006409E+00   4.129125E-01   6.568541E+01   7.580979E-18   6.524396E-16   1.037890E-13   1.200000E+02  -1.347314E+00
  7.140000000001E+00   4.008467E+00   4.104244E-01   6.569097E+01   8.492187E-18  -3.137889E-16  -5.022387E-14   1.200000E+02  -1.343889E+00
  7.145000000001E+00   4.010513E+00   4.077800E-01   6.569580E+01   4.750150E-18  -1.254944E-15  -2.021791E-13   1.200000E+02  -1.340559E+00
  7.150000000001E+00   4.012544E+00   4.048956E-01   6.569982E+01  -3.618362E-18  -2.000574E-15  -3.246203E-13   1.200000E+02  -1.337290E+00
  7.155000000001E+00   4.014561E+00   4.017451E-01   6.570308E+01  -1.474618E-17  -2.376310E-15  -3.886318E-13   1.200000E+02  -1.334047E+00
  7.160000000001E+00   4.016562E+00   3.983518E-01   6.570570E+01  -2.694000E-17  -2.410791E-15  -3.976453E-13   1.200000E+02  -1.330799E+00
  7.165000000001E+00   4.018544E+00   3.947749E-01   6.570791E+01  -3.792818E-17  -1.975222E-15  -3.287639E-13   1.200000E+02  -1.327521E+00
  7.170000000001E+00   4.020509E+00   3.910927E-01   6.570993E+01  -4.606352E-17  -1.318882E-15  -2.215937E-13   1.200000E+02  -1.324199E+00
  7.175000000001E+00   4.022455E+00   3.873879E-01   6.571197E+01  -5.121775E-17  -6.823915E-16  -1.157529E-13   1.200000E+02  -1.320828E+00
  7.180000000001E+00   4.024383E+00   3.837369E-01   6.571421E+01  -5.269277E-17   8.524943E-17   1.459880E-14   1.200000E+02  -1.317412E+00
  7.185000000001E+00   4.026293E+00   3.802043E-01   6.571677E+01  -5.035390E-17   7.014129E-16   1.212364E-13   1.200000E+02  -1.313962E+00
  7.190000000001E+00   4.028185E+00   3.768409E-01   6.571974E+01  -4.514693E-17   1.340898E-15   2.338479E-13   1.200000E+02  -1.310494E+00
  7.195000000001E+00   4.030062E+00   3.736844E-01   6.572316E+01  -3.727594E-17   1.635802E-15   2.877030E-13   1.200000E+02  -1.307026E+00
  7.200000000001E+00   4.031923E+00   3.707598E-01   6.572705E+01  -2.937892E-17   1.433127E-15   2.540599E-13   1.200000E+02  -1.303578E+00
  7.205000000001E+00   4.033770E+00   3.680800E-01   6.573138E+01  -2.303618E-17   1.171993E-15   2.092934E-13   1.200000E+02  -1.300172E+00
  7.210000000001E+00   4.035604E+00   3.656447E-01   6.573611E+01  -1.791192E-17   9.995796E-16   1.797058E-13   1.200000E+02  -1.296824E+00
  7.215000000001E+00   4.037426E+00   3.634390E-01   6.574115E+01  -1.382241E-17   7.091436E-16   1.282744E-13   1.200000E+02  -1.293553E+00
  7.220000000001E+00   4.039239E+00   3.614337E-01   6.574639E+01  -1.091271E-17   4.949285E-16   9.002967E-14   1.200000E+02  -1.290371E+00
  7.225000000001E+00   4.041041E+00   3.595863E-01   6.575169E+01  -8.802936E-18   4.505307E-16   8.238121E-14   1.200000E+02  -1.287286E+00
  7.230000000001E+00   4.042835E+00   3.578453E-01   6.575693E+01  -5.082004E-18   9.382300E-16   1.724073E-13   1.200000E+02  -1.284301E+00
  7.235000000001E+00   4.044620E+00   3.561555E-01   6.576197E+01  -5.025585E-19   8.092507E-16   1.494232E-13   1.200000E+02  -1.281413E+00
  7.240000000001E+00   4.046396E+00   3.544658E-01   6.576668E+01   3.534110E-18   8.493242E-16   1.575814E-13   1.200000E+02  -1.278613E+00
  7.245000000001E+00   4.048164E+00   3.527350E-01   6.577101E+01   7.285846E-18   6.266815E-16   1.168511E-13   1.200000E+02  -1.275891E+00
  7.250000000001E+00   4.049923E+00   3.509370E-01   6.577493E+01   1.015936E-17   4.489744E-16   8.414973E-14   1.200000E+02  -1.273230E+00
  7.255000000001E+00   4.051673E+00   3.490634E-01   6.577845E+01   1.234407E-17   4.488925E-16   8.459052E-14   1.200000E+02  -1.270618E+00
  7.260000000001E+00   4.053414E+00   3.471225E-01   6.578164E+01   1.390160E-17   1.147190E-16   2.173990E-14   1.200000E+02  -1.268040E+00
  7.265000000001E+00   4.055145E+00   3.451362E-01   6.578460E+01   1.354417E-17  -1.968971E-16  -3.752952E-14   1.200000E+02  -1.265487E+00
  7.270000000001E+00   4.056865E+00   3.431351E-01   6.578743E+01   1.164922E-17  -6.182989E-16  -1.185431E-13   1.200000E+02  -1.262951E+00
  7.275000000001E+00   4.058576E+00   3.411522E-01   6.579022E+01   7.469696E-18  -9.868778E-16  -1.903166E-13   1.200000E+02  -1.260430E+00
  7.280000000001E+00   4.060277E+00   3.392173E-01   6.579307E+01   1.724441E-18  -1.167347E-15  -2.264134E-13   1.200000E+02  -1.257925E+00
  7.285000000001E+00   4.061968E+00   3.373523E-01   6.579602E+01  -4.957205E-18  -1.574550E-15  -3.070947E-13   1.200000E+02  -1.255440E+00
  7.290000000001E+00   4.063650E+00   3.355672E-01   6.579908E+01  -1.268491E-17  -1.516548E-15  -2.973695E-13   1.200000E+02  -1.252979E+00
  7.295000000001E+00   4.065324E+00   3.338585E-01   6.580224E+01  -2.009409E-17  -1.577600E-15  -3.109390E-13   1.200000E+02  -1.250547E+00
  7.300000000001E+00   4.066989E+00   3.322092E-01   6.580544E+01  -2.773438E-17  -1.391104E-15  -2.755560E-13   1.200000E+02  -1.248149E+00
  7.305000000001E+00   4.068646E+00   3.305910E-01   6.580859E+01  -3.443918E-17  -1.180298E-15  -2.349542E-13   1.200000E+02  -1.245784E+00
  7.310000000001E+00   4.070295E+00   3.289692E-01   6.581161E+01  -3.853726E-17  -5.451314E-16  -1.090557E-13   1.200000E+02  -1.243451E+00
  7.315000000001E+00   4.071936E+00   3.273087E-01   6.581441E+01  -4.024622E-17  -1.542482E-16  -3.101583E-14   1.200000E+02  -1.241143E+00
  7.320000000001E+00   4.073568E+00   3.255834E-01   6.581693E+01  -4.059339E-17   1.818315E-16   3.675737E-14   1.200000E+02  -1.238851E+00
  7.325000000001E+00   4.075191E+00   3.237848E-01   6.581919E+01  -3.862676E-17   6.804130E-16   1.383148E-13   1.200000E+02  -1.236567E+00
  7.330000000001E+00   4.076806E+00   3.219305E-01   6.582125E+01  -3.425419E-17   9.070734E-16   1.854584E-13   1.200000E+02  -1.234281E+00
  7.335000000001E+00   4.078411E+00   3.200693E-01   6.582329E+01  -2.928516E-17   1.108309E-15   2.279274E-13   1.200000E+02  -1.231989E+00
  7.340000000001E+00   4.080007E+00   3.182813E-01   6.582552E+01  -2.316367E-17   1.212668E-15   2.507986E-13   1.200000E+02  -1.229693E+00
  7.345000000001E+00   4.081594E+00   3.166713E-01   6.582823E+01  -1.688070E-17   1.265923E-15   2.631544E-13   1.200000E+02  -1.227407E+00
  7.350000000001E+00   4.083174E+00   3.153559E-01   6.583171E+01  -1.158828E-17   9.919870E-16   2.070810E-13   1.200000E+02  -1.225152E+00
  7.355000000001E+00   4.084748E+00   3.144442E-01   6.583619E+01  -7.301940E-18   5.873787E-16   1.229814E-13   1.200000E+02  -1.222962E+00
  7.360000000001E+00   4.086319E+00   3.140175E-01   6.584180E+01  -4.726434E-18   2.879595E-16   6.037807E-14   1.200000E+02  -1.220878E+00
  7.365000000001E+00   4.087889E+00   3.141087E-01   6.584850E+01  -4.777819E-18  -2.791291E-16  -5.851550E-14   1.200000E+02  -1.218943E+00
  7.370000000001E+00   4.089461E+00   3.146880E-01   6.585605E+01  -6.888438E-18  -5.730059E-16  -1.199153E-13   1.200000E+02  -1.217198E+00
  7.375000000001E+00   4.091037E+00   3.156566E-01   6.586406E+01  -1.138060E-17  -1.125580E-15  -2.348604E-13   1.200000E+02  -1.215673E+00
  7.380000000001E+00   4.092618E+00   3.168525E-01   6.587197E+01  -1.798872E-17  -1.464205E-15  -3.044005E-13   1.200000E+02  -1.214383E+00
  7.385000000001E+00   4.094205E+00   3.180660E-01   6.587915E+01  -2.535782E-17  -1.422478E-15  -2.946297E-13   1.200000E+02  -1.213322E+00
  7.390000000001E+00   4.095798E+00   3.190655E-01   6.588502E+01  -3.197203E-17  -1.232758E-15  -2.545567E-13   1.200000E+02  -1.212462E+00
  7.395000000001E+00   4.097395E+00   3.196293E-01   6.588907E+01  -3.760806E-17  -8.850836E-16  -1.824530E-13   1.200000E+02  -1.211752E+00
  7.400000000001E+00   4.098993E+00   3.195782E-01   6.589099E+01  -4.047520E-17  -2.798352E-16  -5.769674E-14   1.200000E+02  -1.211125E+00
  7.405000000001E+00   4.100590E+00   3.188036E-01   6.589072E+01  -4.058520E-17   1.841890E-16   3.806840E-14   1.200000E+02  -1.210505E+00
  7.410000000001E+00   4.102180E+00   3.172874E-01   6.588844E+01  -3.820012E-17   7.562966E-16   1.570538E-13   1.200000E+02  -1.209813E+00
  7.415000000001E+00   4.103762E+00   3.151077E-01   6.588458E+01  -3.335838E-17   1.175447E-15   2.457694E-13   1.200000E+02  -1.208980E+00
  7.420000000001E+00   4.105331E+00   3.124321E-01   6.587979E+01  -2.727072E-17   1.225278E-15   2.583635E-13   1.200000E+02  -1.207956E+00
  7.425000000001E+00   4.106885E+00   3.094960E-01   6.587483E+01  -2.054104E-17   1.406742E-15   2.994187E-13   1.200000E+02  -1.206717E+00
  7.430000000001E+00   4.108426E+00   3.065732E-01   6.587054E+01  -1.387569E-17   1.347889E-15   2.896083E-13   1.200000E+02  -1.205265E+00
  7.435000000001E+00   4.109952E+00   3.039403E-01   6.586767E+01  -8.044382E-18   1.013704E-15   2.196823E-13   1.200000E+02  -1.203633E+00
  7.440000000001E+00   4.111466E+00   3.018422E-01   6.586684E+01  -3.509239E-18   7.876611E-16   1.718803E-13   1.200000E+02  -1.201877E+00
  7.445000000001E+00   4.112971E+00   3.004629E-01   6.586842E+01   1.430444E-19   5.723501E-16   1.254724E-13   1.200000E+02  -1.200074E+00
  7.450000000001E+00   4.114472E+00   2.999047E-01   6.587250E+01   2.124528E-18   1.413713E-16   3.105147E-14   1.200000E+02  -1.198307E+00
  7.455000000001E+00   4.115972E+00   3.001777E-01   6.587883E+01   1.446832E-18  -4.807623E-16  -1.055110E-13   1.200000E+02  -1.196660E+00
  7.460000000001E+00   4.117475E+00   3.011996E-01   6.588691E+01  -2.684812E-18  -1.111404E-15  -2.431178E-13   1.200000E+02  -1.195207E+00
  7.465000000001E+00   4.118985E+00   3.028053E-01   6.589601E+01  -8.981590E-18  -1.478976E-15  -3.218524E-13   1.200000E+02  -1.194003E+00
  7.470000000001E+00   4.120503E+00   3.047642E-01   6.590526E+01  -1.654868E-17  -1.577683E-15  -3.411739E-13   1.200000E+02  -1.193078E+00
  7.475000000001E+00   4.122032E+00   3.068063E-01   6.591381E+01  -2.440840E-17  -1.539806E-15  -3.308096E-13   1.200000E+02  -1.192434E+00
  7.480000000001E+00   4.123571E+00   3.086515E-01   6.592086E+01  -3.187553E-17  -1.397577E-15  -2.984903E-13   1.200000E+02  -1.192044E+00
  7.485000000001E+00   4.125118E+00   3.100438E-01   6.592581E+01  -3.808853E-17  -9.981447E-16  -2.122394E-13   1.200000E+02  -1.191854E+00
  7.490000000001E+00   4.126670E+00   3.107827E-01   6.592830E+01  -4.182485E-17  -4.844773E-16  -1.027752E-13   1.200000E+02  -1.191791E+00
  7.495000000001E+00   4.128225E+00   3.107507E-01   6.592828E+01  -4.328999E-17  -4.969437E-17  -1.054306E-14   1.200000E+02  -1.191770E+00
  7.500000000001E+00   4.129777E+00   3.099300E-01   6.592595E+01  -4.219397E-17   3.928297E-16   8.355974E-14   1.200000E+02  -1.191704E+00
  7.505000000001E+00   4.131323E+00   3.084066E-01   6.592184E+01  -3.981603E-17   5.927803E-16   1.267066E-13   1.200000E+02  -1.191520E+00
  7.510000000001E+00   4.132860E+00   3.063584E-01   6.591663E+01  -3.575067E-17   9.653114E-16   2.076981E-13   1.200000E+02  -1.191160E+00
  7.515000000001E+00   4.134386E+00   3.040299E-01   6.591118E+01  -3.023402E-17   1.188072E-15   2.575643E-13   1.200000E+02  -1.190596E+00
  7.520000000001E+00   4.135900E+00   3.016965E-01   6.590633E+01  -2.378020E-17   1.339703E-15   2.926612E-13   1.200000E+02  -1.189828E+00
  7.525000000001E+00   4.137403E+00   2.996261E-01   6.590284E+01  -1.703031E-17   1.260816E-15   2.773168E-13   1.200000E+02  -1.188885E+00
  7.530000000001E+00   4.138897E+00   2.980426E-01   6.590129E+01  -1.172309E-17   9.477968E-16   2.095708E-13   1.200000E+02  -1.187820E+00
  7.535000000001E+00   4.140385E+00   2.971001E-01   6.590196E+01  -7.641425E-18   6.832785E-16   1.515630E-13   1.200000E+02  -1.186701E+00
  7.540000000001E+00   4.141869E+00   2.968687E-01   6.590485E+01  -4.804869E-18   3.529060E-16   7.834514E-14   1.200000E+02  -1.185603E+00
  7.545000000001E+00   4.143355E+00   2.973343E-01   6.590968E+01  -3.609005E-18   3.578798E-17   7.933072E-15   1.200000E+02  -1.184600E+00
  7.550000000001E+00   4.144844E+00   2.984096E-01   6.591596E+01  -4.735625E-18  -4.454632E-16  -9.839877E-14   1.200000E+02  -1.183753E+00
  7.555000000001E+00   4.146339E+00   2.999530E-01   6.592305E+01  -7.709597E-18  -7.471646E-16  -1.642103E-13   1.200000E+02  -1.183106E+00
  7.560000000001E+00   4.147844E+00   3.017908E-01   6.593031E+01  -1.244179E-17  -1.121992E-15  -2.451143E-13   1.200000E+02  -1.182686E+00
  7.565000000001E+00   4.149358E+00   3.037388E-01   6.593712E+01  -1.807980E-17  -1.048293E-15  -2.275686E-13   1.200000E+02  -1.182496E+00
  7.570000000001E+00   4.150881E+00   3.056213E-01   6.594296E+01  -2.277721E-17  -8.744714E-16  -1.886820E-13   1.200000E+02  -1.182522E+00
  7.575000000001E+00   4.152413E+00   3.072855E-01   6.594748E+01  -2.604737E-17  -3.345919E-16  -7.180779E-14   1.200000E+02  -1.182733E+00
  7.580000000001E+00   4.153953E+00   3.086107E-01   6.595044E+01  -2.723275E-17  -9.574979E-17  -2.046184E-14   1.200000E+02  -1.183085E+00
  7.585000000001E+00   4.155499E+00   3.095138E-01   6.595178E+01  -2.723410E-17   4.522130E-17   9.635838E-15   1.200000E+02  -1.183528E+00
  7.590000000001E+00   4.157048E+00   3.099514E-01   6.595154E+01  -2.640623E-17   3.108266E-16   6.613777E-14   1.200000E+02  -1.184008E+00
  7.595000000001E+00   4.158598E+00   3.099198E-01   6.594990E+01  -2.475432E-17   4.345229E-16   9.246502E-14   1.200000E+02  -1.184474E+00
  7.600000000001E+00   4.160146E+00   3.094531E-01   6.594711E+01  -2.227425E-17   4.332433E-16   9.232785E-14   1.200000E+02  -1.184879E+00
  7.605000000001E+00   4.161692E+00   3.086205E-01   6.594351E+01  -2.063008E-17   3.205541E-16   6.849337E-14   1.200000E+02  -1.185185E+00
  7.610000000001E+00   4.163232E+00   3.075210E-01   6.593948E+01  -1.885746E-17   3.309984E-16   7.097355E-14   1.200000E+02  -1.185366E+00
  7.615000000001E+00   4.164767E+00   3.062766E-01   6.593544E+01  -1.694730E-17   4.182151E-16   9.003364E-14   1.200000E+02  -1.185411E+00
  7.620000000001E+00   4.166295E+00   3.050226E-01   6.593180E+01  -1.560944E-17   1.589691E-16   3.436177E-14   1.200000E+02  -1.185320E+00
  7.625000000001E+00   4.167817E+00   3.038968E-01   6.592895E+01  -1.510827E-17   1.055656E-17   2.290196E-15   1.200000E+02  -1.185110E+00
  7.630000000001E+00   4.169334E+00   3.030266E-01   6.592719E+01  -1.595351E-17  -2.362067E-16  -5.138968E-14   1.200000E+02  -1.184810E+00
  7.635000000001E+00   4.170848E+00   3.025179E-01   6.592674E+01  -1.744269E-17  -3.752462E-16  -8.177619E-14   1.200000E+02  -1.184460E+00
  7.640000000001E+00   4.172360E+00   3.024447E-01   6.592768E+01  -1.967929E-17  -4.773553E-16  -1.040551E-13   1.200000E+02  -1.184105E+00
  7.645000000001E+00   4.173873E+00   3.028434E-01   6.592998E+01  -2.172188E-17  -3.559172E-16  -7.748432E-14   1.200000E+02  -1.183793E+00
  7.650000000001E+00   4.175389E+00   3.037105E-01   6.593346E+01  -2.323744E-17  -1.747985E-16  -3.794756E-14   1.200000E+02  -1.183571E+00
  7.655000000001E+00   4.176911E+00   3.050047E-01   6.593785E+01  -2.396870E-17  -2.083194E-16  -4.503581E-14   1.200000E+02  -1.183478E+00
  7.660000000001E+00   4.178440E+00   3.066527E-01   6.594279E+01  -2.416560E-17   1.574738E-16   3.386327E-14   1.200000E+02  -1.183548E+00
  7.665000000001E+00   4.179978E+00   3.085577E-01   6.594791E+01  -2.244704E-17   4.999927E-16   1.068632E-13   1.200000E+02  -1.183799E+00
  7.670000000001E+00   4.181526E+00   3.106082E-01   6.595280E+01  -1.898630E-17   8.840426E-16   1.877127E-13   1.200000E+02  -1.184240E+00
  7.675000000001E+00   4.183084E+00   3.126876E-01   6.595714E+01  -1.406670E-17   1.202035E-15   2.535528E-13   1.200000E+02  -1.184865E+00
  7.680000000001E+00   4.184652E+00   3.146822E-01   6.596061E+01  -8.101238E-18   1.208036E-15   2.532167E-13   1.200000E+02  -1.185658E+00
  7.685000000001E+00   4.186230E+00   3.164879E-01   6.596301E+01  -3.000026E-18   7.788028E-16   1.623195E-13   1.200000E+02  -1.186592E+00
  7.690000000001E+00   4.187817E+00   3.180151E-01   6.596418E+01   3.724236E-19   5.813411E-16   1.205845E-13   1.200000E+02  -1.187632E+00
  7.695000000001E+00   4.189410E+00   3.191924E-01   6.596407E+01   2.226492E-18   2.583950E-17   5.339972E-15   1.200000E+02  -1.188736E+00
  7.700000000001E+00   4.191008E+00   3.199697E-01   6.596267E+01   1.328106E-18  -3.339811E-16  -6.885117E-14   1.200000E+02  -1.189860E+00
  7.705000000001E+00   4.192609E+00   3.203204E-01   6.596008E+01  -1.879831E-18  -8.598915E-16  -1.770681E-13   1.200000E+02  -1.190959E+00
  7.710000000001E+00   4.194211E+00   3.202437E-01   6.595643E+01  -6.397508E-18  -9.220487E-16  -1.899024E-13   1.200000E+02  -1.191990E+00
  7.715000000001E+00   4.195811E+00   3.197664E-01   6.595194E+01  -1.209024E-17  -1.363518E-15  -2.812260E-13   1.200000E+02  -1.192915E+00
  7.720000000001E+00   4.197408E+00   3.189441E-01   6.594686E+01  -1.935249E-17  -1.438871E-15  -2.975099E-13   1.200000E+02  -1.193701E+00
  7.725000000001E+00   4.199000E+00   3.178605E-01   6.594151E+01  -2.631200E-17  -1.341993E-15  -2.784022E-13   1.200000E+02  -1.194328E+00
  7.730000000001E+00   4.200586E+00   3.166258E-01   6.593626E+01  -3.288112E-17  -1.103214E-15  -2.297406E-13   1.200000E+02  -1.194785E+00
  7.735000000001E+00   4.202166E+00   3.153723E-01   6.593148E+01  -3.816169E-17  -8.183463E-16  -1.710828E-13   1.200000E+02  -1.195077E+00
  7.740000000001E+00   4.203740E+00   3.142468E-01   6.592757E+01  -4.035903E-17   2.488620E-17   5.221013E-15   1.200000E+02  -1.195220E+00
  7.745000000001E+00   4.205309E+00   3.134018E-01   6.592489E+01  -3.928934E-17   4.324063E-16   9.095781E-14   1.200000E+02  -1.195249E+00
  7.750000000001E+00   4.206875E+00   3.129836E-01   6.592375E+01  -3.634957E-17   8.388107E-16   1.766787E-13   1.200000E+02  -1.195209E+00
  7.755000000001E+00   4.208440E+00   3.131191E-01   6.592434E+01  -3.056781E-17   1.300920E-15   2.738967E-13   1.200000E+02  -1.195157E+00
  7.760000000001E+00   4.210007E+00   3.139021E-01   6.592674E+01  -2.382222E-17   1.465108E-15   3.077069E-13   1.200000E+02  -1.195156E+00
  7.765000000001E+00   4.211580E+00   3.153796E-01   6.593085E+01  -1.666035E-17   1.228157E-15   2.567492E-13   1.200000E+02  -1.195273E+00
  7.770000000001E+00   4.213162E+00   3.175402E-01   6.593642E+01  -1.162972E-17   7.317441E-16   1.519448E-13   1.200000E+02  -1.195573E+00
  7.775000000001E+00   4.214756E+00   3.203058E-01   6.594297E+01  -8.790494E-18   4.226960E-16   8.702256E-14   1.200000E+02  -1.196108E+00
  7.780000000001E+00   4.216366E+00   3.235281E-01   6.594989E+01  -7.321135E-18   1.907425E-16   3.888208E-14   1.200000E+02  -1.196918E+00
  7.785000000001E+00   4.217992E+00   3.269928E-01   6.595647E+01  -8.028611E-18  -4.331019E-16  -8.735932E-14   1.200000E+02  -1.198018E+00
  7.790000000001E+00   4.219635E+00   3.304325E-01   6.596194E+01  -1.123798E-17  -7.477293E-16  -1.492640E-13   1.200000E+02  -1.199397E+00
  7.795000000001E+00   4.221296E+00   3.335484E-01   6.596558E+01  -1.514974E-17  -8.910471E-16  -1.762216E-13   1.200000E+02  -1.201017E+00
  7.800000000001E+00   4.222970E+00   3.360419E-01   6.596679E+01  -1.970163E-17  -8.164643E-16  -1.602762E-13   1.200000E+02  -1.202807E+00
  7.805000000001E+00   4.224655E+00   3.376512E-01   6.596518E+01  -2.308239E-17  -4.422811E-16  -8.640620E-14   1.200000E+02  -1.204677E+00
  7.810000000001E+00   4.226345E+00   3.381895E-01   6.596062E+01  -2.493229E-17  -3.056506E-16  -5.961422E-14   1.200000E+02  -1.206514E+00
  7.815000000001E+00   4.228035E+00   3.375791E-01   6.595328E+01  -2.617901E-17  -5.160769E-17  -1.008266E-14   1.200000E+02  -1.208206E+00
  7.820000000001E+00   4.229719E+00   3.358732E-01   6.594365E+01  -2.503649E-17   4.469592E-16   8.775369E-14   1.200000E+02  -1.209643E+00
  7.825000000001E+00   4.231392E+00   3.332616E-01   6.593251E+01  -2.281285E-17   4.688780E-16   9.276289E-14   1.200000E+02  -1.210741E+00
  7.830000000001E+00   4.233050E+00   3.300553E-01   6.592090E+01  -2.021947E-17   7.150888E-16   1.428224E-13   1.200000E+02  -1.211446E+00
  7.835000000001E+00   4.234692E+00   3.266527E-01   6.590995E+01  -1.574434E-17   8.236780E-16   1.661967E-13   1.200000E+02  -1.211747E+00
  7.840000000001E+00   4.236317E+00   3.234904E-01   6.590084E+01  -1.213756E-17   8.466217E-16   1.724721E-13   1.200000E+02  -1.211678E+00
  7.845000000001E+00   4.237928E+00   3.209875E-01   6.589458E+01  -8.212837E-18   5.673031E-16   1.164600E-13   1.200000E+02  -1.211316E+00
  7.850000000001E+00   4.239529E+00   3.194920E-01   6.589190E+01  -5.991237E-18   3.300221E-16   6.806364E-14   1.200000E+02  -1.210772E+00
  7.855000000001E+00   4.241125E+00   3.192376E-01   6.589311E+01  -4.979017E-18   1.245499E-16   2.570805E-14   1.200000E+02  -1.210178E+00
  7.860000000001E+00   4.242723E+00   3.203180E-01   6.589802E+01  -5.407053E-18  -3.447138E-16  -7.091687E-14   1.200000E+02  -1.209674E+00
  7.865000000001E+00   4.244330E+00   3.226782E-01   6.590601E+01  -8.356156E-18  -7.308824E-16  -1.492804E-13   1.200000E+02  -1.209391E+00
  7.870000000001E+00   4.245952E+00   3.261234E-01   6.591605E+01  -1.276926E-17  -9.023296E-16  -1.823788E-13   1.200000E+02  -1.209436E+00
  7.875000000001E+00   4.247593E+00   3.303425E-01   6.592692E+01  -1.804307E-17  -1.320795E-15  -2.635930E-13   1.200000E+02  -1.209881E+00
  7.880000000001E+00   4.249256E+00   3.349411E-01   6.593729E+01  -2.484690E-17  -1.400889E-15  -2.757823E-13   1.200000E+02  -1.210755E+00
  7.885000000001E+00   4.250942E+00   3.394819E-01   6.594595E+01  -3.162369E-17  -1.366060E-15  -2.653635E-13   1.200000E+02  -1.212042E+00
  7.890000000001E+00   4.252650E+00   3.435290E-01   6.595190E+01  -3.882521E-17  -1.409659E-15  -2.706313E-13   1.200000E+02  -1.213679E+00
  7.895000000001E+00   4.254376E+00   3.466910E-01   6.595444E+01  -4.526836E-17  -1.153418E-15  -2.194260E-13   1.200000E+02  -1.215567E+00
  7.900000000001E+00   4.256115E+00   3.486625E-01   6.595323E+01  -5.001257E-17  -8.887874E-16  -1.681236E-13   1.200000E+02  -1.217574E+00
  7.905000000001E+00   4.257860E+00   3.492574E-01   6.594829E+01  -5.301638E-17  -3.660958E-16  -6.912780E-14   1.200000E+02  -1.219557E+00
  7.910000000001E+00   4.259605E+00   3.484317E-01   6.594001E+01  -5.293060E-17   4.123039E-16   7.802769E-14   1.200000E+02  -1.221368E+00
  7.915000000001E+00   4.261343E+00   3.462917E-01   6.592909E+01  -4.930901E-17   9.652494E-16   1.837700E-13   1.200000E+02  -1.222878E+00
  7.920000000001E+00   4.263066E+00   3.430856E-01   6.591649E+01  -4.251286E-17   1.678315E-15   3.224521E-13   1.200000E+02  -1.223984E+00
  7.925000000001E+00   4.264772E+00   3.391787E-01   6.590336E+01  -3.313203E-17   1.948198E-15   3.785403E-13   1.200000E+02  -1.224627E+00
  7.930000000001E+00   4.266458E+00   3.350133E-01   6.589095E+01  -2.359254E-17   1.891772E-15   3.720767E-13   1.200000E+02  -1.224794E+00
  7.935000000001E+00   4.268123E+00   3.310586E-01   6.588046E+01  -1.420488E-17   1.753255E-15   3.488967E-13   1.200000E+02  -1.224520E+00
  7.940000000001E+00   4.269769E+00   3.277574E-01   6.587294E+01  -5.817399E-18   1.392688E-15   2.799035E-13   1.200000E+02  -1.223886E+00
  7.945000000001E+00   4.271402E+00   3.254761E-01   6.586914E+01  -6.356660E-19   6.077134E-16   1.229877E-13   1.200000E+02  -1.223011E+00
  7.950000000001E+00   4.273026E+00   3.244650E-01   6.586939E+01   2.019303E-19  -2.166205E-16  -4.397597E-14   1.200000E+02  -1.222033E+00
  7.955000000001E+00   4.274649E+00   3.248330E-01   6.587357E+01  -2.085946E-18  -8.086279E-16  -1.639833E-13   1.200000E+02  -1.221101E+00
  7.960000000001E+00   4.276277E+00   3.265396E-01   6.588108E+01  -7.395451E-18  -1.260561E-15  -2.543248E-13   1.200000E+02  -1.220353E+00
  7.965000000001E+00   4.277916E+00   3.294016E-01   6.589094E+01  -1.384474E-17  -1.190156E-15  -2.380695E-13   1.200000E+02  -1.219907E+00
  7.970000000001E+00   4.279572E+00   3.331142E-01   6.590191E+01  -1.963961E-17  -1.139660E-15  -2.254655E-13   1.200000E+02  -1.219842E+00
  7.975000000001E+00   4.281248E+00   3.372833E-01   6.591268E+01  -2.351825E-17  -4.661910E-16  -9.110413E-14   1.200000E+02  -1.220197E+00
  7.980000000001E+00   4.282945E+00   3.414656E-01   6.592197E+01  -2.414691E-17   1.930689E-16   3.727309E-14   1.200000E+02  -1.220963E+00
  7.985000000001E+00   4.284662E+00   3.452149E-01   6.592873E+01  -2.269837E-17   4.204430E-16   8.029571E-14   1.200000E+02  -1.222085E+00
  7.990000000001E+00   4.286396E+00   3.481282E-01   6.593221E+01  -1.936928E-17   7.509810E-16   1.422288E-13   1.200000E+02  -1.223467E+00
  7.995000000001E+00   4.288141E+00   3.498907E-01   6.593203E+01  -1.497800E-17   9.423099E-16   1.775652E-13   1.200000E+02  -1.224983E+00
  8.000000000001E+00   4.289893E+00   3.503117E-01   6.592819E+01  -1.080647E-17   7.894954E-16   1.485820E-13   1.200000E+02  -1.226491E+00
  8.005000000001E+00   4.291642E+00   3.493488E-01   6.592105E+01  -7.077359E-18   7.177817E-16   1.354432E-13   1.200000E+02  -1.227848E+00
  8.010000000001E+00   4.293384E+00   3.471146E-01   6.591132E+01  -3.229193E-18   8.159482E-16   1.549351E-13   1.200000E+02  -1.228926E+00
  8.015000000001E+00   4.295112E+00   3.438657E-01   6.589996E+01   6.391406E-19   7.416332E-16   1.421299E-13   1.200000E+02  -1.229627E+00
  8.020000000001E+00   4.296822E+00   3.399731E-01   6.588815E+01   4.970668E-18   8.065033E-16   1.563035E-13   1.200000E+02  -1.229895E+00
  8.025000000001E+00   4.298511E+00   3.358774E-01   6.587709E+01   7.944470E-18   5.475875E-16   1.074007E-13   1.200000E+02  -1.229721E+00
  8.030000000001E+00   4.300181E+00   3.320354E-01   6.586796E+01   1.041170E-17   3.968189E-16   7.871947E-14   1.200000E+02  -1.229144E+00
  8.035000000001E+00   4.301833E+00   3.288654E-01   6.586172E+01   1.146284E-17   3.158072E-17   6.324656E-15   1.200000E+02  -1.228246E+00
  8.040000000001E+00   4.303471E+00   3.266980E-01   6.585904E+01   1.028026E-17  -4.276518E-16  -8.621030E-14   1.200000E+02  -1.227140E+00
  8.045000000001E+00   4.305102E+00   3.257403E-01   6.586013E+01   7.216561E-18  -7.433862E-16  -1.503023E-13   1.200000E+02  -1.225962E+00
  8.050000000001E+00   4.306731E+00   3.260555E-01   6.586476E+01   2.794283E-18  -1.187373E-15  -2.398550E-13   1.200000E+02  -1.224846E+00
  8.055000000001E+00   4.308364E+00   3.275600E-01   6.587226E+01  -4.562159E-18  -1.721532E-15  -3.461997E-13   1.200000E+02  -1.223916E+00
  8.060000000001E+00   4.310008E+00   3.300374E-01   6.588163E+01  -1.383158E-17  -2.019499E-15  -4.031297E-13   1.200000E+02  -1.223272E+00
  8.065000000001E+00   4.311665E+00   3.331646E-01   6.589167E+01  -2.473886E-17  -2.225302E-15  -4.401093E-13   1.200000E+02  -1.222976E+00
  8.070000000001E+00   4.313340E+00   3.365497E-01   6.590114E+01  -3.517749E-17  -1.860401E-15  -3.642925E-13   1.200000E+02  -1.223046E+00
  8.075000000001E+00   4.315031E+00   3.397759E-01   6.590893E+01  -4.321242E-17  -1.390418E-15  -2.697100E-13   1.200000E+02  -1.223459E+00
  8.080000000001E+00   4.316737E+00   3.424488E-01   6.591416E+01  -4.885316E-17  -9.235793E-16  -1.777695E-13   1.200000E+02  -1.224149E+00
  8.085000000001E+00   4.318454E+00   3.442421E-01   6.591629E+01  -5.307890E-17  -4.860785E-16  -9.307545E-14   1.200000E+02  -1.225018E+00
  8.090000000001E+00   4.320177E+00   3.449358E-01   6.591515E+01  -5.314086E-17   5.030798E-16   9.613551E-14   1.200000E+02  -1.225947E+00
  8.095000000001E+00   4.321901E+00   3.444429E-01   6.591091E+01  -4.869340E-17   1.235809E-15   2.364784E-13   1.200000E+02  -1.226812E+00
  8.100000000001E+00   4.323620E+00   3.428203E-01   6.590411E+01  -4.132587E-17   1.758885E-15   3.381297E-13   1.200000E+02  -1.227494E+00
  8.105000000001E+00   4.325328E+00   3.402609E-01   6.589557E+01  -3.164818E-17   2.062441E-15   3.994162E-13   1.200000E+02  -1.227900E+00
  8.110000000001E+00   4.327021E+00   3.370681E-01   6.588629E+01  -2.177435E-17   1.852887E-15   3.621815E-13   1.200000E+02  -1.227970E+00
  8.115000000001E+00   4.328698E+00   3.336160E-01   6.587735E+01  -1.275651E-17   1.678102E-15   3.313658E-13   1.200000E+02  -1.227685E+00
  8.120000000001E+00   4.330358E+00   3.303004E-01   6.586981E+01  -5.531520E-18   1.253320E-15   2.499420E-13   1.200000E+02  -1.227066E+00
  8.125000000001E+00   4.332002E+00   3.274893E-01   6.586456E+01  -6.898556E-19   6.769021E-16   1.361384E-13   1.200000E+02  -1.226177E+00
  8.130000000001E+00   4.333634E+00   3.254781E-01   6.586220E+01   9.655740E-19   9.748396E-17   1.972639E-14   1.200000E+02  -1.225106E+00
  8.135000000001E+00   4.335258E+00   3.244564E-01   6.586297E+01  -4.838384E-19  -6.744829E-16  -1.369166E-13   1.200000E+02  -1.223963E+00
  8.140000000001E+00   4.336880E+00   3.244902E-01   6.586672E+01  -5.486748E-18  -1.209433E-15  -2.454969E-13   1.200000E+02  -1.222861E+00
  8.145000000001E+00   4.338505E+00   3.255188E-01   6.587293E+01  -1.275916E-17  -1.600450E-15  -3.238716E-13   1.200000E+02  -1.221904E+00
  8.150000000001E+00   4.340137E+00   3.273662E-01   6.588078E+01  -2.048225E-17  -1.525321E-15  -3.069630E-13   1.200000E+02  -1.221176E+00
  8.155000000001E+00   4.341779E+00   3.297651E-01   6.588926E+01  -2.845613E-17  -1.574735E-15  -3.146424E-13   1.200000E+02  -1.220731E+00
  8.160000000001E+00   4.343435E+00   3.323897E-01   6.589735E+01  -3.578043E-17  -1.467457E-15  -2.909281E-13   1.200000E+02  -1.220587E+00
  8.165000000001E+00   4.345103E+00   3.348950E-01   6.590410E+01  -4.255593E-17  -1.232511E-15  -2.425463E-13   1.200000E+02  -1.220724E+00
  8.170000000001E+00   4.346783E+00   3.369582E-01   6.590878E+01  -4.773586E-17  -7.452978E-16  -1.457797E-13   1.200000E+02  -1.221091E+00
  8.175000000001E+00   4.348472E+00   3.383183E-01   6.591093E+01  -5.085433E-17  -5.920147E-16  -1.153359E-13   1.200000E+02  -1.221609E+00
  8.180000000001E+00   4.350165E+00   3.388087E-01   6.591043E+01  -5.383830E-17  -5.095275E-16  -9.912135E-14   1.200000E+02  -1.222182E+00
  8.185000000001E+00   4.351858E+00   3.383773E-01   6.590745E+01  -5.618130E-17  -3.316561E-16  -6.459833E-14   1.200000E+02  -1.222711E+00
  8.190000000001E+00   4.353547E+00   3.370917E-01   6.590248E+01  -5.789897E-17  -3.246168E-16  -6.346361E-14   1.200000E+02  -1.223107E+00
  8.195000000001E+00   4.355228E+00   3.351265E-01   6.589623E+01  -5.916100E-17  -1.908600E-16  -3.752898E-14   1.200000E+02  -1.223299E+00
  8.200000000001E+00   4.356898E+00   3.327353E-01   6.588953E+01  -5.967194E-17   1.703586E-16   3.373506E-14   1.200000E+02  -1.223246E+00
  8.205000000001E+00   4.358555E+00   3.302112E-01   6.588324E+01  -5.800929E-17   5.116468E-16   1.020830E-13   1.200000E+02  -1.222939E+00
  8.210000000001E+00   4.360200E+00   3.278443E-01   6.587813E+01  -5.424535E-17   1.074148E-15   2.158428E-13   1.200000E+02  -1.222399E+00
  8.215000000001E+00   4.361834E+00   3.258822E-01   6.587476E+01  -4.749299E-17   1.524246E-15   3.081155E-13   1.200000E+02  -1.221675E+00
  8.220000000001E+00   4.363460E+00   3.245012E-01   6.587348E+01  -3.883991E-17   1.936337E-15   3.930749E-13   1.200000E+02  -1.220833E+00
  8.225000000001E+00   4.365080E+00   3.237928E-01   6.587431E+01  -2.816149E-17   2.349729E-15   4.780426E-13   1.200000E+02  -1.219950E+00
  8.230000000001E+00   4.366699E+00   3.237644E-01   6.587704E+01  -1.594058E-17   2.558296E-15   5.205420E-13   1.200000E+02  -1.219100E+00
  8.235000000001E+00   4.368319E+00   3.243524E-01   6.588128E+01  -2.848034E-18   2.615432E-15   5.312369E-13   1.200000E+02  -1.218348E+00
  8.240000000001E+00   4.369943E+00   3.254433E-01   6.588650E+01   9.636233E-18   2.485825E-15   5.032591E-13   1.200000E+02  -1.217744E+00
  8.245000000001E+00   4.371574E+00   3.268960E-01   6.589217E+01   2.060130E-17   1.682895E-15   3.392199E-13   1.200000E+02  -1.217323E+00
  8.250000000001E+00   4.373213E+00   3.285612E-01   6.589780E+01   2.626093E-17   6.040546E-16   1.211521E-13   1.200000E+02  -1.217099E+00
  8.255000000001E+00   4.374860E+00   3.302955E-01   6.590294E+01   2.726390E-17  -2.960318E-16  -5.906640E-14   1.200000E+02  -1.217071E+00
  8.260000000001E+00   4.376515E+00   3.319678E-01   6.590728E+01   2.228833E-17  -1.668413E-15  -3.312386E-13   1.200000E+02  -1.217224E+00
  8.265000000001E+00   4.378179E+00   3.334605E-01   6.591057E+01   1.177047E-17  -2.555780E-15  -5.051660E-13   1.200000E+02  -1.217531E+00
  8.270000000001E+00   4.379850E+00   3.346683E-01   6.591264E+01  -2.498258E-18  -3.082525E-15  -6.071006E-13   1.200000E+02  -1.217954E+00
  8.275000000001E+00   4.381525E+00   3.354980E-01   6.591337E+01  -1.793785E-17  -3.035866E-15  -5.964393E-13   1.200000E+02  -1.218451E+00
  8.280000000001E+00   4.383204E+00   3.358715E-01   6.591271E+01  -3.224215E-17  -2.644625E-15  -5.189914E-13   1.200000E+02  -1.218972E+00
  8.285000000001E+00   4.384883E+00   3.357348E-01   6.591069E+01  -4.495732E-17  -2.383143E-15  -4.678532E-13   1.200000E+02  -1.219463E+00
  8.290000000001E+00   4.386560E+00   3.350693E-01   6.590742E+01  -5.581157E-17  -1.951376E-15  -3.838316E-13   1.200000E+02  -1.219874E+00
  8.295000000001E+00   4.388233E+00   3.339051E-01   6.590315E+01  -6.307318E-17  -9.490803E-16  -1.873208E-13   1.200000E+02  -1.220155E+00
  8.300000000001E+00   4.389899E+00   3.323309E-01   6.589823E+01  -6.510861E-17   2.267816E-17   4.496875E-15   1.200000E+02  -1.220270E+00
  8.305000000001E+00   4.391556E+00   3.304948E-01   6.589316E+01  -6.304108E-17   8.656902E-16   1.725990E-13   1.200000E+02  -1.220196E+00
  8.310000000001E+00   4.393204E+00   3.285958E-01   6.588850E+01  -5.753968E-17   1.461261E-15   2.930053E-13   1.200000E+02  -1.219932E+00
  8.315000000001E+00   4.394842E+00   3.268627E-01   6.588487E+01  -4.862832E-17   2.130462E-15   4.294317E-13   1.200000E+02  -1.219497E+00
  8.320000000001E+00   4.396473E+00   3.255245E-01   6.588279E+01  -3.727065E-17   2.357525E-15   4.771387E-13   1.200000E+02  -1.218935E+00
  8.325000000001E+00   4.398098E+00   3.247769E-01   6.588267E+01  -2.557189E-17   2.277935E-15   4.620907E-13   1.200000E+02  -1.218308E+00
  8.330000000001E+00   4.399722E+00   3.247510E-01   6.588464E+01  -1.498472E-17   1.926336E-15   3.908100E-13   1.200000E+02  -1.217690E+00
  8.335000000001E+00   4.401347E+00   3.254909E-01   6.588859E+01  -6.565784E-18   1.310007E-15   2.651826E-13   1.200000E+02  -1.217158E+00
  8.340000000001E+00   4.402978E+00   3.269450E-01   6.589410E+01  -1.568966E-18   6.202771E-16   1.250137E-13   1.200000E+02  -1.216785E+00
  8.345000000001E+00   4.404617E+00   3.289719E-01   6.590057E+01  -7.390643E-19  -2.672584E-16  -5.353794E-14   1.200000E+02  -1.216624E+00
  8.350000000001E+00   4.406268E+00   3.313616E-01   6.590724E+01  -4.127030E-18  -1.024165E-15  -2.037047E-13   1.200000E+02  -1.216709E+00
  8.355000000001E+00   4.407931E+00   3.338665E-01   6.591335E+01  -9.507372E-18  -1.145520E-15  -2.261535E-13   1.200000E+02  -1.217044E+00
  8.360000000001E+00   4.409607E+00   3.362383E-01   6.591827E+01  -1.482778E-17  -9.100641E-16  -1.784147E-13   1.200000E+02  -1.217610E+00
  8.365000000001E+00   4.411293E+00   3.382638E-01   6.592155E+01  -1.885703E-17  -6.355857E-16  -1.238642E-13   1.200000E+02  -1.218361E+00
  8.370000000001E+00   4.412988E+00   3.397929E-01   6.592297E+01  -2.147502E-17  -1.414713E-16  -2.744675E-14   1.200000E+02  -1.219238E+00
  8.375000000001E+00   4.414690E+00   3.407542E-01   6.592257E+01  -2.032617E-17   5.153873E-16   9.970725E-14   1.200000E+02  -1.220176E+00
  8.380000000001E+00   4.416395E+00   3.411558E-01   6.592061E+01  -1.606551E-17   9.456277E-16   1.827211E-13   1.200000E+02  -1.221109E+00
  8.385000000001E+00   4.418101E+00   3.410721E-01   6.591748E+01  -1.094262E-17   1.058095E-15   2.044932E-13   1.200000E+02  -1.221982E+00
  8.390000000001E+00   4.419805E+00   3.406197E-01   6.591364E+01  -4.866962E-18   1.296452E-15   2.508777E-13   1.200000E+02  -1.222757E+00
  8.395000000001E+00   4.421507E+00   3.399289E-01   6.590953E+01   1.177845E-18   1.103821E-15   2.140221E-13   1.200000E+02  -1.223408E+00
  8.400000000001E+00   4.423204E+00   3.391183E-01   6.590551E+01   6.154785E-18   8.590861E-16   1.669580E-13   1.200000E+02  -1.223928E+00
  8.405000000001E+00   4.424898E+00   3.382776E-01   6.590183E+01   1.003229E-17   6.944743E-16   1.352946E-13   1.200000E+02  -1.224320E+00
  8.410000000001E+00   4.426587E+00   3.374630E-01   6.589861E+01   1.223311E-17   1.647068E-16   3.216338E-14   1.200000E+02  -1.224593E+00
  8.415000000001E+00   4.428272E+00   3.367047E-01   6.589589E+01   1.133713E-17  -4.655962E-16  -9.112102E-14   1.200000E+02  -1.224762E+00
  8.420000000001E+00   4.429954E+00   3.360245E-01   6.589368E+01   8.178381E-18  -7.938170E-16  -1.556658E-13   1.200000E+02  -1.224843E+00
  8.425000000001E+00   4.431633E+00   3.354551E-01   6.589202E+01   3.594848E-18  -1.087498E-15  -2.136126E-13   1.200000E+02  -1.224852E+00
  8.430000000001E+00   4.433309E+00   3.350575E-01   6.589103E+01  -2.303205E-18  -1.203901E-15  -2.367542E-13   1.200000E+02  -1.224809E+00
  8.435000000001E+00   4.434984E+00   3.349270E-01   6.589088E+01  -8.258774E-18  -1.109004E-15  -2.181766E-13   1.200000E+02  -1.224741E+00
  8.440000000001E+00   4.436659E+00   3.351872E-01   6.589181E+01  -1.351666E-17  -1.009209E-15  -1.983925E-13   1.200000E+02  -1.224685E+00
  8.445000000001E+00   4.438337E+00   3.359692E-01   6.589404E+01  -1.809581E-17  -8.390980E-16  -1.645733E-13   1.200000E+02  -1.224686E+00
  8.450000000001E+00   4.440020E+00   3.373824E-01   6.589769E+01  -2.226569E-17  -7.956989E-16  -1.554163E-13   1.200000E+02  -1.224801E+00
  8.455000000001E+00   4.441712E+00   3.394807E-01   6.590268E+01  -2.553046E-17  -6.643175E-16  -1.289626E-13   1.200000E+02  -1.225090E+00
  8.460000000001E+00   4.443416E+00   3.422342E-01   6.590872E+01  -2.907195E-17  -8.399385E-16  -1.617584E-13   1.200000E+02  -1.225610E+00
  8.465000000001E+00   4.445135E+00   3.455119E-01   6.591523E+01  -3.327813E-17  -7.836761E-16  -1.495063E-13   1.200000E+02  -1.226404E+00
  8.470000000001E+00   4.446871E+00   3.490829E-01   6.592149E+01  -3.703834E-17  -8.155721E-16  -1.540142E-13   1.200000E+02  -1.227493E+00
  8.475000000001E+00   4.448626E+00   3.526368E-01   6.592666E+01  -4.108609E-17  -8.934849E-16  -1.670401E-13   1.200000E+02  -1.228868E+00
  8.480000000001E+00   4.450397E+00   3.558220E-01   6.592993E+01  -4.545069E-17  -7.612697E-16  -1.410549E-13   1.200000E+02  -1.230485E+00
  8.485000000001E+00   4.452183E+00   3.582979E-01   6.593067E+01  -4.892875E-17  -7.066111E-16  -1.300240E-13   1.200000E+02  -1.232268E+00
  8.490000000001E+00   4.453978E+00   3.597902E-01   6.592855E+01  -5.115759E-17  -1.905473E-16  -3.491620E-14   1.200000E+02  -1.234112E+00
  8.495000000001E+00   4.455779E+00   3.601410E-01   6.592355E+01  -5.105856E-17   1.997991E-16   3.657309E-14   1.200000E+02  -1.235901E+00
  8.500000000001E+00   4.457578E+00   3.593424E-01   6.591606E+01  -4.832952E-17   9.068276E-16   1.663442E-13   1.200000E+02  -1.237518E+00
  8.505000000001E+00   4.459370E+00   3.575453E-01   6.590679E+01  -4.181396E-17   1.663478E-15   3.066310E-13   1.200000E+02  -1.238863E+00
  8.510000000001E+00   4.461152E+00   3.550418E-01   6.589671E+01  -3.345173E-17   1.685032E-15   3.127464E-13   1.200000E+02  -1.239869E+00
  8.515000000001E+00   4.462920E+00   3.522218E-01   6.588693E+01  -2.402166E-17   2.128675E-15   3.981919E-13   1.200000E+02  -1.240510E+00
  8.520000000001E+00   4.464675E+00   3.495143E-01   6.587854E+01  -1.252011E-17   2.338590E-15   4.407915E-13   1.200000E+02  -1.240806E+00
  8.525000000001E+00   4.466416E+00   3.473234E-01   6.587245E+01  -6.819625E-19   2.343327E-15   4.444293E-13   1.200000E+02  -1.240820E+00
  8.530000000001E+00   4.468149E+00   3.459735E-01   6.586929E+01   9.475653E-18   1.728345E-15   3.290566E-13   1.200000E+02  -1.240647E+00
  8.535000000001E+00   4.469878E+00   3.456717E-01   6.586926E+01   1.597233E-17   8.405496E-16   1.601704E-13   1.200000E+02  -1.240402E+00
  8.540000000001E+00   4.471608E+00   3.464944E-01   6.587220E+01   1.859548E-17   1.871563E-16   3.558038E-14   1.200000E+02  -1.240205E+00
  8.545000000001E+00   4.473344E+00   3.483944E-01   6.587757E+01   1.775440E-17  -5.224842E-16  -9.879606E-14   1.200000E+02  -1.240168E+00
  8.550000000001E+00   4.475093E+00   3.512262E-01   6.588463E+01   1.323793E-17  -1.223334E-15  -2.294786E-13   1.200000E+02  -1.240382E+00
  8.555000000001E+00   4.476858E+00   3.547777E-01   6.589253E+01   5.453378E-18  -1.718007E-15  -3.190838E-13   1.200000E+02  -1.240913E+00
  8.560000000001E+00   4.478642E+00   3.588035E-01   6.590043E+01  -3.843457E-18  -2.076531E-15  -3.813906E-13   1.200000E+02  -1.241796E+00
  8.565000000001E+00   4.480446E+00   3.630501E-01   6.590761E+01  -1.451929E-17  -2.147419E-15  -3.898395E-13   1.200000E+02  -1.243039E+00
  8.570000000001E+00   4.482272E+00   3.672721E-01   6.591347E+01  -2.480382E-17  -1.987515E-15  -3.566946E-13   1.200000E+02  -1.244619E+00
  8.575000000001E+00   4.484119E+00   3.712384E-01   6.591757E+01  -3.453635E-17  -1.765789E-15  -3.135358E-13   1.200000E+02  -1.246494E+00
  8.580000000001E+00   4.485984E+00   3.747316E-01   6.591957E+01  -4.217484E-17  -1.309864E-15  -2.304201E-13   1.200000E+02  -1.248600E+00
  8.585000000001E+00   4.487865E+00   3.775472E-01   6.591928E+01  -4.533306E-17  -6.504787E-17  -1.135728E-14   1.200000E+02  -1.250856E+00
  8.590000000001E+00   4.489758E+00   3.794973E-01   6.591656E+01  -4.353795E-17   8.635175E-16   1.499882E-13   1.200000E+02  -1.253169E+00
  8.595000000001E+00   4.491658E+00   3.804232E-01   6.591139E+01  -3.659108E-17   1.906989E-15   3.304013E-13   1.200000E+02  -1.255433E+00
  8.600000000001E+00   4.493560E+00   3.802188E-01   6.590389E+01  -2.733229E-17   1.824251E-15   3.162001E-13   1.200000E+02  -1.257540E+00
  8.605000000001E+00   4.495458E+00   3.788595E-01   6.589434E+01  -1.764107E-17   2.099939E-15   3.652385E-13   1.200000E+02  -1.259382E+00
  8.610000000001E+00   4.497347E+00   3.764316E-01   6.588325E+01  -6.517443E-18   2.153837E-15   3.769656E-13   1.200000E+02  -1.260865E+00
  8.615000000001E+00   4.499221E+00   3.731522E-01   6.587135E+01   3.357514E-18   1.734602E-15   3.062037E-13   1.200000E+02  -1.261920E+00
  8.620000000001E+00   4.501078E+00   3.693701E-01   6.585961E+01   1.117204E-17   1.403641E-15   2.502728E-13   1.200000E+02  -1.262512E+00
  8.625000000001E+00   4.502915E+00   3.655436E-01   6.584915E+01   1.755392E-17   9.103960E-16   1.639990E-13   1.200000E+02  -1.262653E+00
  8.630000000001E+00   4.504734E+00   3.621929E-01   6.584113E+01   2.122231E-17   5.969096E-16   1.085090E-13   1.200000E+02  -1.262405E+00
  8.635000000001E+00   4.506539E+00   3.598344E-01   6.583660E+01   2.305886E-17   2.563712E-16   4.690661E-14   1.200000E+02  -1.261878E+00
  8.640000000001E+00   4.508335E+00   3.589060E-01   6.583629E+01   2.299830E-17  -2.781546E-16  -5.102356E-14   1.200000E+02  -1.261225E+00
  8.645000000001E+00   4.510130E+00   3.596993E-01   6.584041E+01   2.044008E-17  -7.553663E-16  -1.382645E-13   1.200000E+02  -1.260620E+00
  8.650000000001E+00   4.511935E+00   3.623073E-01   6.584859E+01   1.591899E-17  -1.050875E-15  -1.909943E-13   1.200000E+02  -1.260247E+00
  8.655000000001E+00   4.513756E+00   3.666002E-01   6.585983E+01   9.804455E-18  -1.294546E-15  -2.325656E-13   1.200000E+02  -1.260268E+00
  8.660000000001E+00   4.515603E+00   3.722297E-01   6.587267E+01   2.542428E-18  -1.712538E-15  -3.030641E-13   1.200000E+02  -1.260806E+00
  8.665000000001E+00   4.517480E+00   3.786643E-01   6.588540E+01  -6.811648E-18  -1.819839E-15  -3.166414E-13   1.200000E+02  -1.261931E+00
  8.670000000001E+00   4.519390E+00   3.852497E-01   6.589628E+01  -1.607770E-17  -1.805067E-15  -3.087534E-13   1.200000E+02  -1.263638E+00
  8.675000000001E+00   4.521331E+00   3.912894E-01   6.590386E+01  -2.494627E-17  -1.569009E-15  -2.642642E-13   1.200000E+02  -1.265858E+00
  8.680000000001E+00   4.523301E+00   3.961334E-01   6.590708E+01  -3.172345E-17  -1.167611E-15  -1.942623E-13   1.200000E+02  -1.268450E+00
  8.685000000001E+00   4.525290E+00   3.992660E-01   6.590542E+01  -3.723747E-17  -1.063325E-15  -1.755192E-13   1.200000E+02  -1.271229E+00
  8.690000000001E+00   4.527290E+00   4.003764E-01   6.589897E+01  -4.125779E-17  -4.975973E-16  -8.190081E-14   1.200000E+02  -1.273981E+00
  8.695000000001E+00   4.529290E+00   3.994022E-01   6.588831E+01  -4.207087E-17   6.380456E-17   1.052567E-14   1.200000E+02  -1.276490E+00
  8.700000000001E+00   4.531281E+00   3.965372E-01   6.587450E+01  -4.161726E-17   1.956371E-16   3.250009E-14   1.200000E+02  -1.278570E+00
  8.705000000001E+00   4.533253E+00   3.922005E-01   6.585893E+01  -4.002804E-17   3.388514E-16   5.690046E-14   1.200000E+02  -1.280083E+00
  8.710000000001E+00   4.535202E+00   3.869735E-01   6.584315E+01  -3.842675E-17   2.325464E-16   3.956754E-14   1.200000E+02  -1.280956E+00
  8.715000000001E+00   4.537123E+00   3.815153E-01   6.582874E+01  -3.738439E-17   2.090890E-16   3.607736E-14   1.200000E+02  -1.281190E+00
  8.720000000001E+00   4.539017E+00   3.764727E-01   6.581708E+01  -3.708373E-17   3.245590E-17   5.674122E-15   1.200000E+02  -1.280854E+00
  8.725000000001E+00   4.540889E+00   3.724008E-01   6.580923E+01  -3.758956E-17  -4.893250E-17  -8.647164E-15   1.200000E+02  -1.280073E+00
  8.730000000001E+00   4.542744E+00   3.697053E-01   6.580578E+01  -3.710725E-17   1.252431E-16   2.229268E-14   1.200000E+02  -1.279010E+00
  8.735000000001E+00   4.544589E+00   3.686148E-01   6.580680E+01  -3.560185E-17   4.734167E-16   8.451652E-14   1.200000E+02  -1.277848E+00
  8.740000000001E+00   4.546432E+00   3.691785E-01   6.581185E+01  -3.269614E-17   8.190476E-16   1.460081E-13   1.200000E+02  -1.276765E+00
  8.745000000001E+00   4.548283E+00   3.712861E-01   6.582012E+01  -2.858987E-17   6.868156E-16   1.217559E-13   1.200000E+02  -1.275921E+00
  8.750000000001E+00   4.550147E+00   3.746980E-01   6.583048E+01  -2.563368E-17   4.930814E-16   8.662920E-14   1.200000E+02  -1.275443E+00
  8.755000000001E+00   4.552031E+00   3.790803E-01   6.584174E+01  -2.362945E-17   2.930342E-16   5.089655E-14   1.200000E+02  -1.275416E+00
  8.760000000001E+00   4.553939E+00   3.840373E-01   6.585267E+01  -2.211097E-17   2.223903E-16   3.813430E-14   1.200000E+02  -1.275879E+00
  8.765000000001E+00   4.555872E+00   3.891397E-01   6.586220E+01  -2.239901E-17  -2.271781E-16  -3.845008E-14   1.200000E+02  -1.276826E+00
  8.770000000001E+00   4.557830E+00   3.939504E-01   6.586943E+01  -2.421809E-17  -4.714192E-16  -7.882239E-14   1.200000E+02  -1.278205E+00
  8.775000000001E+00   4.559810E+00   3.980486E-01   6.587366E+01  -2.735486E-17  -7.468652E-16  -1.235999E-13   1.200000E+02  -1.279923E+00
  8.780000000001E+00   4.561809E+00   4.010570E-01   6.587448E+01  -3.098332E-17  -8.363042E-16  -1.373648E-13   1.200000E+02  -1.281856E+00
  8.785000000001E+00   4.563819E+00   4.026720E-01   6.587172E+01  -3.627439E-17  -1.211818E-15  -1.982370E-13   1.200000E+02  -1.283853E+00
  8.790000000001E+00   4.565833E+00   4.026960E-01   6.586548E+01  -4.218001E-17  -1.084564E-15  -1.773926E-13   1.200000E+02  -1.285752E+00
  8.795000000001E+00   4.567843E+00   4.010691E-01   6.585616E+01  -4.710252E-17  -7.712133E-16  -1.266344E-13   1.200000E+02  -1.287392E+00
  8.800000000001E+00   4.569841E+00   3.978928E-01   6.584442E+01  -4.949540E-17  -1.519475E-16  -2.514470E-14   1.200000E+02  -1.288628E+00
  8.805000000001E+00   4.571820E+00   3.934388E-01   6.583122E+01  -4.917851E-17   3.450434E-16   5.773358E-14   1.200000E+02  -1.289352E+00
  8.810000000001E+00   4.573774E+00   3.881365E-01   6.581771E+01  -4.512812E-17   1.224103E-15   2.075755E-13   1.200000E+02  -1.289498E+00
  8.815000000001E+00   4.575701E+00   3.825364E-01   6.580521E+01  -3.690060E-17   1.942129E-15   3.340917E-13   1.200000E+02  -1.289061E+00
  8.820000000001E+00   4.577600E+00   3.772503E-01   6.579505E+01  -2.608112E-17   2.349828E-15   4.098262E-13   1.200000E+02  -1.288095E+00
  8.825000000001E+00   4.579475E+00   3.728759E-01   6.578843E+01  -1.436199E-17   2.303982E-15   4.065035E-13   1.200000E+02  -1.286715E+00
  8.830000000001E+00   4.581331E+00   3.699179E-01   6.578621E+01  -3.836476E-18   2.149784E-15   3.823176E-13   1.200000E+02  -1.285079E+00
  8.835000000001E+00   4.583177E+00   3.687169E-01   6.578872E+01   6.305272E-18   1.705539E-15   3.043126E-13   1.200000E+02  -1.283378E+00
  8.840000000001E+00   4.585021E+00   3.694005E-01   6.579571E+01   1.260648E-17   8.530124E-16   1.519342E-13   1.200000E+02  -1.281807E+00
  8.845000000001E+00   4.586874E+00   3.718613E-01   6.580627E+01   1.439667E-17  -1.445518E-16  -2.558054E-14   1.200000E+02  -1.280546E+00
  8.850000000001E+00   4.588742E+00   3.757678E-01   6.581899E+01   1.194203E-17  -8.226184E-16  -1.440887E-13   1.200000E+02  -1.279735E+00
  8.855000000001E+00   4.590633E+00   3.806045E-01   6.583219E+01   6.113030E-18  -1.457367E-15  -2.520770E-13   1.200000E+02  -1.279456E+00
  8.860000000001E+00   4.592549E+00   3.857373E-01   6.584416E+01  -3.036508E-18  -2.075635E-15  -3.543044E-13   1.200000E+02  -1.279725E+00
  8.865000000001E+00   4.594490E+00   3.904967E-01   6.585340E+01  -1.309912E-17  -2.040915E-15  -3.441800E-13   1.200000E+02  -1.280488E+00
  8.870000000001E+00   4.596452E+00   3.942676E-01   6.585885E+01  -2.251786E-17  -1.657813E-15  -2.769227E-13   1.200000E+02  -1.281627E+00
  8.875000000001E+00   4.598430E+00   3.965740E-01   6.585997E+01  -2.924266E-17  -1.018853E-15  -1.692032E-13   1.200000E+02  -1.282980E+00
  8.880000000001E+00   4.600415E+00   3.971441E-01   6.585678E+01  -3.202742E-17  -1.642719E-16  -2.724053E-14   1.200000E+02  -1.284358E+00
  8.885000000001E+00   4.602399E+00   3.959448E-01   6.584984E+01  -3.102820E-17   3.519435E-16   5.853196E-14   1.200000E+02  -1.285574E+00
  8.890000000001E+00   4.604372E+00   3.931785E-01   6.584014E+01  -2.821061E-17   7.206854E-16   1.206832E-13   1.200000E+02  -1.286470E+00
  8.895000000001E+00   4.606328E+00   3.892424E-01   6.582895E+01  -2.468008E-17   7.223247E-16   1.221601E-13   1.200000E+02  -1.286930E+00
  8.900000000001E+00   4.608263E+00   3.846580E-01   6.581767E+01  -2.090401E-17   6.906397E-16   1.181733E-13   1.200000E+02  -1.286902E+00
  8.905000000001E+00   4.610175E+00   3.799845E-01   6.580763E+01  -1.818508E-17   3.710884E-16   6.426696E-14   1.200000E+02  -1.286392E+00
  8.910000000001E+00   4.612064E+00   3.757349E-01   6.579991E+01  -1.717461E-17  -4.983271E-17  -8.726866E-15   1.200000E+02  -1.285463E+00
  8.915000000000E+00   4.613934E+00   3.723088E-01   6.579524E+01  -1.888403E-17  -6.814184E-16  -1.204218E-13   1.200000E+02  -1.284220E+00
  8.920000000000E+00   4.615789E+00   3.699540E-01   6.579389E+01  -2.295604E-17  -8.605843E-16  -1.530493E-13   1.200000E+02  -1.282791E+00
  8.925000000000E+00   4.617635E+00   3.687585E-01   6.579569E+01  -2.742952E-17  -8.784778E-16  -1.567423E-13   1.200000E+02  -1.281310E+00
  8.930000000000E+00   4.619478E+00   3.686698E-01   6.580014E+01  -3.130830E-17  -7.229396E-16  -1.290302E-13   1.200000E+02  -1.279899E+00
  8.935000000000E+00   4.621323E+00   3.695306E-01   6.580649E+01  -3.399133E-17  -4.127456E-16  -7.350227E-14   1.200000E+02  -1.278659E+00
  8.940000000000E+00   4.623175E+00   3.711210E-01   6.581392E+01  -3.541684E-17  -1.229710E-16  -2.180745E-14   1.200000E+02  -1.277661E+00
  8.945000000000E+00   4.625035E+00   3.731964E-01   6.582164E+01  -3.527839E-17   9.926762E-17   1.750810E-14   1.200000E+02  -1.276946E+00
  8.950000000000E+00   4.626907E+00   3.755159E-01   6.582899E+01  -3.487275E-17  -5.405062E-17  -9.475224E-15   1.200000E+02  -1.276526E+00
  8.955000000000E+00   4.628790E+00   3.778575E-01   6.583542E+01  -3.548785E-17  -2.679835E-16  -4.669169E-14   1.200000E+02  -1.276386E+00
  8.960000000000E+00   4.630685E+00   3.800230E-01   6.584054E+01  -3.838375E-17  -6.784374E-16  -1.175421E-13   1.200000E+02  -1.276495E+00
  8.965000000000E+00   4.632590E+00   3.818367E-01   6.584410E+01  -4.083166E-17  -2.833266E-16  -4.885697E-14   1.200000E+02  -1.276801E+00
  8.970000000000E+00   4.634503E+00   3.831433E-01   6.584592E+01  -4.137891E-17   1.293871E-16   2.223609E-14   1.200000E+02  -1.277242E+00
  8.975000000000E+00   4.636420E+00   3.838099E-01   6.584591E+01  -4.015973E-17   5.417042E-16   9.293405E-14   1.200000E+02  -1.277746E+00
  8.980000000000E+00   4.638340E+00   3.837352E-01   6.584411E+01  -3.601186E-17   1.198888E-15   2.057139E-13   1.200000E+02  -1.278235E+00
  8.985000000000E+00   4.640257E+00   3.828644E-01   6.584061E+01  -2.881128E-17   1.728061E-15   2.971720E-13   1.200000E+02  -1.278631E+00
  8.990000000000E+00   4.642167E+00   3.812069E-01   6.583569E+01  -1.969585E-17   2.033995E-15   3.512776E-13   1.200000E+02  -1.278858E+00
  8.995000000000E+00   4.644067E+00   3.788517E-01   6.582975E+01  -7.326978E-18   2.756562E-15   4.789836E-13   1.200000E+02  -1.278856E+00
  9.000000000000E+00   4.645955E+00   3.759731E-01   6.582334E+01   6.757092E-18   2.904068E-15   5.084285E-13   1.200000E+02  -1.278580E+00
  9.005000000000E+00   4.647827E+00   3.728229E-01   6.581714E+01   2.083578E-17   2.667298E-15   4.708776E-13   1.200000E+02  -1.278014E+00
  9.010000000000E+00   4.649683E+00   3.697077E-01   6.581188E+01   3.280869E-17   2.127231E-15   3.786696E-13   1.200000E+02  -1.277172E+00
  9.015000000000E+00   4.651524E+00   3.669521E-01   6.580825E+01   4.009080E-17   5.056768E-16   9.068680E-14   1.200000E+02  -1.276099E+00
  9.020000000000E+00   4.653354E+00   3.648549E-01   6.580683E+01   3.829638E-17  -1.104118E-15  -1.991436E-13   1.200000E+02  -1.274870E+00
  9.025000000000E+00   4.655174E+00   3.636449E-01   6.580792E+01   2.800273E-17  -2.791793E-15  -5.052239E-13   1.200000E+02  -1.273578E+00
  9.030000000000E+00   4.656992E+00   3.634448E-01   6.581153E+01   9.899087E-18  -4.270986E-15  -7.733779E-13   1.200000E+02  -1.272329E+00
  9.035000000000E+00   4.658810E+00   3.642504E-01   6.581732E+01  -1.362487E-17  -5.155360E-15  -9.315349E-13   1.200000E+02  -1.271225E+00
  9.040000000000E+00   4.660636E+00   3.659285E-01   6.582463E+01  -4.161238E-17  -5.822294E-15  -1.047337E-12   1.200000E+02  -1.270351E+00
  9.045000000000E+00   4.662471E+00   3.682341E-01   6.583261E+01  -6.927870E-17  -5.209002E-15  -9.312614E-13   1.200000E+02  -1.269764E+00
  9.050000000000E+00   4.664318E+00   3.708445E-01   6.584031E+01  -9.272191E-17  -3.838746E-15  -6.815369E-13   1.200000E+02  -1.269487E+00
  9.055000000000E+00   4.666179E+00   3.734050E-01   6.584685E+01  -1.059054E-16  -1.308059E-15  -2.306653E-13   1.200000E+02  -1.269506E+00
  9.060000000000E+00   4.668052E+00   3.755790E-01   6.585154E+01  -1.065475E-16   1.079691E-15   1.893059E-13   1.200000E+02  -1.269772E+00
  9.065000000000E+00   4.669934E+00   3.770941E-01   6.585396E+01  -9.423015E-17   3.810548E-15   6.654563E-13   1.200000E+02  -1.270207E+00
  9.070000000000E+00   4.671821E+00   3.777776E-01   6.585401E+01  -7.108404E-17   5.406344E-15   9.424313E-13   1.200000E+02  -1.270718E+00
  9.075000000000E+00   4.673710E+00   3.775743E-01   6.585187E+01  -4.049084E-17   6.702681E-15   1.168999E-12   1.200000E+02  -1.271207E+00
  9.080000000000E+00   4.675596E+00   3.765446E-01   6.584799E+01  -5.292692E-18   7.095405E-15   1.240804E-12   1.200000E+02  -1.271587E+00
  9.085000000000E+00   4.677475E+00   3.748440E-01   6.584297E+01   2.775249E-17   5.899060E-15   1.036196E-12   1.200000E+02  -1.271789E+00
  9.090000000000E+00   4.679344E+00   3.726879E-01   6.583749E+01   5.279686E-17   4.034069E-15   7.126419E-13   1.200000E+02  -1.271771E+00
  9.095000000000E+00   4.681201E+00   3.703115E-01   6.583219E+01   6.770675E-17   1.904526E-15   3.385775E-13   1.200000E+02  -1.271517E+00
  9.100000000000E+00   4.683047E+00   3.679316E-01   6.582760E+01   7.143014E-17  -4.070360E-16  -7.282386E-14   1.200000E+02  -1.271038E+00
  9.105000000000E+00   4.684881E+00   3.657206E-01   6.582405E+01   6.366187E-17  -2.780238E-15  -5.003998E-13   1.200000E+02  -1.270362E+00
  9.110000000000E+00   4.686704E+00   3.637941E-01   6.582173E+01   4.519686E-17  -4.378714E-15  -7.922463E-13   1.200000E+02  -1.269531E+00
  9.115000000000E+00   4.688519E+00   3.622160E-01   6.582067E+01   2.090796E-17  -5.314997E-15  -9.658234E-13   1.200000E+02  -1.268592E+00
  9.120000000000E+00   4.690327E+00   3.610142E-01   6.582080E+01  -6.498207E-18  -5.409561E-15  -9.862815E-13   1.200000E+02  -1.267593E+00
  9.125000000000E+00   4.692130E+00   3.602024E-01   6.582200E+01  -3.194057E-17  -4.690439E-15  -8.571128E-13   1.200000E+02  -1.266577E+00
  9.130000000000E+00   4.693930E+00   3.597990E-01   6.582421E+01  -5.251529E-17  -3.381930E-15  -6.187144E-13   1.200000E+02  -1.265588E+00
  9.135000000000E+00   4.695729E+00   3.598365E-01   6.582736E+01  -6.548715E-17  -1.709367E-15  -3.127062E-13   1.200000E+02  -1.264668E+00
  9.140000000000E+00   4.697529E+00   3.603576E-01   6.583144E+01  -6.944249E-17  -3.709949E-17  -6.777470E-15   1.200000E+02  -1.263857E+00
  9.145000000000E+00   4.699333E+00   3.613977E-01   6.583639E+01  -6.659197E-17   1.092815E-15   1.990798E-13   1.200000E+02  -1.263198E+00
  9.150000000000E+00   4.701144E+00   3.629590E-01   6.584207E+01  -5.947553E-17   1.701191E-15   3.086023E-13   1.200000E+02  -1.262733E+00
  9.155000000000E+00   4.702963E+00   3.649816E-01   6.584819E+01  -4.934611E-17   2.271713E-15   4.098514E-13   1.200000E+02  -1.262495E+00
  9.160000000000E+00   4.704794E+00   3.673230E-01   6.585429E+01  -3.857620E-17   1.949668E-15   3.495397E-13   1.200000E+02  -1.262507E+00
  9.165000000000E+00   4.706637E+00   3.697512E-01   6.585975E+01  -3.038007E-17   1.318218E-15   2.347999E-13   1.200000E+02  -1.262768E+00
  9.170000000000E+00   4.708491E+00   3.719584E-01   6.586387E+01  -2.542666E-17   6.629451E-16   1.173898E-13   1.200000E+02  -1.263249E+00
  9.175000000000E+00   4.710355E+00   3.735964E-01   6.586596E+01  -2.230601E-17   6.934515E-16   1.222572E-13   1.200000E+02  -1.263890E+00
  9.180000000000E+00   4.712226E+00   3.743276E-01   6.586548E+01  -1.917459E-17   6.361939E-16   1.119427E-13   1.200000E+02  -1.264601E+00
  9.185000000000E+00   4.714097E+00   3.738860E-01   6.586215E+01  -1.564840E-17   9.777592E-16   1.722379E-13   1.200000E+02  -1.265265E+00
  9.190000000000E+00   4.715962E+00   3.721345E-01   6.585601E+01  -8.622802E-18   1.671848E-15   2.958640E-13   1.200000E+02  -1.265756E+00
  9.195000000000E+00   4.717816E+00   3.691063E-01   6.584751E+01   7.187676E-19   2.122834E-15   3.787074E-13   1.200000E+02  -1.265954E+00
  9.200000000000E+00   4.719652E+00   3.650210E-01   6.583746E+01   1.156635E-17   2.358830E-15   4.254532E-13   1.200000E+02  -1.265762E+00
  9.205000000000E+00   4.721465E+00   3.602672E-01   6.582699E+01   2.352669E-17   2.452683E-15   4.481473E-13   1.200000E+02  -1.265124E+00
  9.210000000000E+00   4.723254E+00   3.553543E-01   6.581742E+01   3.526076E-17   1.979157E-15   3.665722E-13   1.200000E+02  -1.264035E+00
  9.215000000000E+00   4.725019E+00   3.508402E-01   6.581008E+01   4.352933E-17   1.191344E-15   2.234705E-13   1.200000E+02  -1.262548E+00
  9.220000000000E+00   4.726764E+00   3.472484E-01   6.580611E+01   4.568636E-17  -2.351021E-16  -4.455357E-14   1.200000E+02  -1.260767E+00
  9.225000000000E+00   4.728494E+00   3.449910E-01   6.580625E+01   4.094680E-17  -1.813370E-15  -3.458963E-13   1.200000E+02  -1.258835E+00
  9.230000000000E+00   4.730217E+00   3.443102E-01   6.581071E+01   2.840874E-17  -3.117029E-15  -5.957823E-13   1.200000E+02  -1.256918E+00
  9.235000000000E+00   4.731940E+00   3.452480E-01   6.581908E+01   9.922530E-18  -4.042681E-15  -7.707086E-13   1.200000E+02  -1.255182E+00
  9.240000000000E+00   4.733671E+00   3.476458E-01   6.583040E+01  -1.179960E-17  -4.415643E-15  -8.361487E-13   1.200000E+02  -1.253772E+00
  9.245000000000E+00   4.735418E+00   3.511710E-01   6.584332E+01  -3.336943E-17  -4.157872E-15  -7.795864E-13   1.200000E+02  -1.252795E+00
  9.250000000000E+00   4.737184E+00   3.553633E-01   6.585633E+01  -5.297473E-17  -3.379950E-15  -6.263762E-13   1.200000E+02  -1.252308E+00
  9.255000000000E+00   4.738972E+00   3.596931E-01   6.586795E+01  -6.691454E-17  -2.185850E-15  -4.002787E-13   1.200000E+02  -1.252310E+00
  9.260000000000E+00   4.740780E+00   3.636245E-01   6.587694E+01  -7.356166E-17  -2.968775E-16  -5.378456E-14   1.200000E+02  -1.252746E+00
  9.265000000000E+00   4.742607E+00   3.666743E-01   6.588243E+01  -7.180682E-17   1.126838E-15   2.024652E-13   1.200000E+02  -1.253510E+00
  9.270000000000E+00   4.744445E+00   3.684621E-01   6.588394E+01  -6.206029E-17   2.598764E-15   4.646796E-13   1.200000E+02  -1.254462E+00
  9.275000000000E+00   4.746289E+00   3.687451E-01   6.588143E+01  -4.769409E-17   2.921455E-15   5.219585E-13   1.200000E+02  -1.255440E+00
  9.280000000000E+00   4.748130E+00   3.674366E-01   6.587524E+01  -3.267505E-17   2.719939E-15   4.876396E-13   1.200000E+02  -1.256279E+00
  9.285000000000E+00   4.749961E+00   3.646059E-01   6.586599E+01  -2.136204E-17   1.725777E-15   3.117613E-13   1.200000E+02  -1.256829E+00
  9.290000000000E+00   4.751774E+00   3.604633E-01   6.585457E+01  -1.616935E-17   3.899281E-16   7.123763E-14   1.200000E+02  -1.256966E+00
  9.295000000000E+00   4.753564E+00   3.553326E-01   6.584200E+01  -1.786801E-17  -9.790612E-16  -1.814169E-13   1.200000E+02  -1.256605E+00
  9.300000000000E+00   4.755326E+00   3.496170E-01   6.582941E+01  -2.544770E-17  -1.869724E-15  -3.520505E-13   1.200000E+02  -1.255708E+00
  9.305000000000E+00   4.757060E+00   3.437623E-01   6.581792E+01  -3.670829E-17  -2.514926E-15  -4.815165E-13   1.200000E+02  -1.254283E+00
  9.310000000000E+00   4.758765E+00   3.382202E-01   6.580861E+01  -4.825002E-17  -1.978538E-15  -3.849706E-13   1.200000E+02  -1.252385E+00
  9.315000000000E+00   4.760443E+00   3.334155E-01   6.580242E+01  -5.561161E-17  -8.482418E-16  -1.674078E-13   1.200000E+02  -1.250109E+00
  9.320000000000E+00   4.762100E+00   3.297160E-01   6.580009E+01  -5.596049E-17   7.112755E-16   1.419464E-13   1.200000E+02  -1.247582E+00
  9.325000000000E+00   4.763743E+00   3.274058E-01   6.580205E+01  -4.848654E-17   2.221897E-15   4.465570E-13   1.200000E+02  -1.244956E+00
  9.330000000000E+00   4.765377E+00   3.266611E-01   6.580836E+01  -3.398517E-17   3.649332E-15   7.351855E-13   1.200000E+02  -1.242392E+00
  9.335000000000E+00   4.767012E+00   3.275295E-01   6.581868E+01  -1.375071E-17   4.355088E-15   8.751764E-13   1.200000E+02  -1.240050E+00
  9.340000000000E+00   4.768655E+00   3.299138E-01   6.583219E+01   8.464757E-18   4.356341E-15   8.692798E-13   1.200000E+02  -1.238075E+00
  9.345000000000E+00   4.770313E+00   3.335638E-01   6.584770E+01   2.861453E-17   3.585003E-15   7.077032E-13   1.200000E+02  -1.236582E+00
  9.350000000000E+00   4.771992E+00   3.380798E-01   6.586373E+01   4.346337E-17   2.231290E-15   4.346935E-13   1.200000E+02  -1.235642E+00
  9.355000000000E+00   4.773694E+00   3.429325E-01   6.587864E+01   5.140398E-17   7.842772E-16   1.506626E-13   1.200000E+02  -1.235272E+00
  9.360000000000E+00   4.775421E+00   3.475026E-01   6.589083E+01   5.054012E-17  -1.147300E-15  -2.175424E-13   1.200000E+02  -1.235429E+00
  9.365000000000E+00   4.777168E+00   3.511409E-01   6.589891E+01   4.014259E-17  -2.856866E-15  -5.361506E-13   1.200000E+02  -1.236005E+00
  9.370000000000E+00   4.778930E+00   3.532444E-01   6.590189E+01   2.284809E-17  -3.796082E-15  -7.082036E-13   1.200000E+02  -1.236836E+00
  9.375000000000E+00   4.780697E+00   3.533410E-01   6.589924E+01   2.361824E-18  -4.154624E-15  -7.748508E-13   1.200000E+02  -1.237716E+00
  9.380000000000E+00   4.782459E+00   3.511673E-01   6.589100E+01  -1.697040E-17  -3.551057E-15  -6.662996E-13   1.200000E+02  -1.238414E+00
  9.385000000000E+00   4.784205E+00   3.467273E-01   6.587781E+01  -3.263906E-17  -2.643459E-15  -5.022544E-13   1.200000E+02  -1.238707E+00
  9.390000000000E+00   4.785923E+00   3.403136E-01   6.586089E+01  -4.262233E-17  -1.308943E-15  -2.533196E-13   1.200000E+02  -1.238406E+00
  9.395000000000E+00   4.787606E+00   3.324857E-01   6.584194E+01  -4.591022E-17  -1.266726E-16  -2.508490E-14   1.200000E+02  -1.237382E+00
  9.400000000000E+00   4.789247E+00   3.240013E-01   6.582308E+01  -4.451695E-17   5.389027E-16   1.094818E-13   1.200000E+02  -1.235586E+00
  9.405000000000E+00   4.790846E+00   3.157123E-01   6.580659E+01  -4.034256E-17   1.090187E-15   2.272370E-13   1.200000E+02  -1.233057E+00
  9.410000000000E+00   4.792406E+00   3.084430E-01   6.579462E+01  -3.446522E-17   1.220045E-15   2.602504E-13   1.200000E+02  -1.229920E+00
  9.415000000000E+00   4.793933E+00   3.028739E-01   6.578892E+01  -2.888662E-17   1.013590E-15   2.201675E-13   1.200000E+02  -1.226366E+00
  9.420000000000E+00   4.795438E+00   2.994540E-01   6.579041E+01  -2.498715E-17   4.232911E-16   9.299755E-14   1.200000E+02  -1.222629E+00
  9.425000000000E+00   4.796932E+00   2.983532E-01   6.579905E+01  -2.445532E-17  -2.153615E-16  -4.749599E-14   1.200000E+02  -1.218957E+00
  9.430000000000E+00   4.798425E+00   2.994576E-01   6.581379E+01  -2.687765E-17  -6.300874E-16  -1.384785E-13   1.200000E+02  -1.215581E+00
  9.435000000000E+00   4.799929E+00   3.024008E-01   6.583277E+01  -3.024195E-17  -8.152323E-16  -1.774764E-13   1.200000E+02  -1.212688E+00
  9.440000000000E+00   4.801451E+00   3.066210E-01   6.585365E+01  -3.507721E-17  -9.570290E-16  -2.055432E-13   1.200000E+02  -1.210402E+00
  9.445000000000E+00   4.802996E+00   3.114323E-01   6.587400E+01  -3.902757E-17  -4.824853E-16  -1.020550E-13   1.200000E+02  -1.208773E+00
  9.450000000000E+00   4.804565E+00   3.161043E-01   6.589162E+01  -3.976838E-17   1.813708E-16   3.780656E-14   1.200000E+02  -1.207771E+00
  9.455000000000E+00   4.806156E+00   3.199426E-01   6.590478E+01  -3.669309E-17   1.000235E-15   2.060379E-13   1.200000E+02  -1.207297E+00
  9.460000000000E+00   4.807763E+00   3.223636E-01   6.591237E+01  -2.952089E-17   1.809677E-15   3.700173E-13   1.200000E+02  -1.207189E+00
  9.465000000000E+00   4.809377E+00   3.229563E-01   6.591394E+01  -1.929919E-17   2.288700E-15   4.671136E-13   1.200000E+02  -1.207249E+00
  9.470000000000E+00   4.810989E+00   3.215232E-01   6.590963E+01  -7.313432E-18   2.407025E-15   4.934204E-13   1.200000E+02  -1.207259E+00
  9.475000000000E+00   4.812589E+00   3.180949E-01   6.590016E+01   5.133873E-18   2.576353E-15   5.337465E-13   1.200000E+02  -1.207013E+00
  9.480000000000E+00   4.814167E+00   3.129154E-01   6.588666E+01   1.670548E-17   1.989333E-15   4.188688E-13   1.200000E+02  -1.206332E+00
  9.485000000000E+00   4.815716E+00   3.064021E-01   6.587059E+01   2.366996E-17   7.988591E-16   1.717394E-13   1.200000E+02  -1.205088E+00
  9.490000000000E+00   4.817230E+00   2.990865E-01   6.585360E+01   2.483244E-17  -3.183036E-16  -7.008487E-14   1.200000E+02  -1.203213E+00
  9.495000000000E+00   4.818706E+00   2.915457E-01   6.583742E+01   2.039958E-17  -1.446128E-15  -3.265674E-13   1.200000E+02  -1.200701E+00
  9.500000000000E+00   4.820146E+00   2.843373E-01   6.582365E+01   1.061761E-17  -2.401485E-15  -5.559400E-13   1.200000E+02  -1.197606E+00
  9.505000000000E+00   4.821551E+00   2.779446E-01   6.581367E+01  -2.731149E-18  -2.814102E-15  -6.663427E-13   1.200000E+02  -1.194033E+00
  9.510000000000E+00   4.822927E+00   2.727397E-01   6.580849E+01  -1.646022E-17  -2.611472E-15  -6.301137E-13   1.200000E+02  -1.190119E+00
  9.515000000000E+00   4.824281E+00   2.689638E-01   6.580868E+01  -2.795270E-17  -2.065753E-15  -5.054377E-13   1.200000E+02  -1.186028E+00
  9.520000000000E+00   4.825619E+00   2.667217E-01   6.581424E+01  -3.710904E-17  -1.402711E-15  -3.461224E-13   1.200000E+02  -1.181925E+00
  9.525000000000E+00   4.826950E+00   2.659855E-01   6.582471E+01  -4.129150E-17  -1.722747E-16  -4.263366E-14   1.200000E+02  -1.177969E+00
  9.530000000000E+00   4.828281E+00   2.666029E-01   6.583911E+01  -3.909528E-17   1.051360E-15   2.596394E-13   1.200000E+02  -1.174296E+00
  9.535000000000E+00   4.829618E+00   2.683085E-01   6.585612E+01  -3.170389E-17   1.952465E-15   4.792310E-13   1.200000E+02  -1.171013E+00
  9.540000000000E+00   4.830966E+00   2.707376E-01   6.587415E+01  -1.955993E-17   2.607301E-15   6.343918E-13   1.200000E+02  -1.168185E+00
  9.545000000000E+00   4.832326E+00   2.734472E-01   6.589151E+01  -6.665307E-18   2.609376E-15   6.287713E-13   1.200000E+02  -1.165831E+00
  9.550000000000E+00   4.833700E+00   2.759464E-01   6.590658E+01   5.020261E-18   2.106907E-15   5.032102E-13   1.200000E+02  -1.163921E+00
  9.555000000000E+00   4.835084E+00   2.777384E-01   6.591792E+01   1.403213E-17   1.381138E-15   3.277967E-13   1.200000E+02  -1.162375E+00
  9.560000000000E+00   4.836475E+00   2.783732E-01   6.592445E+01   1.762688E-17   1.988767E-16   4.709807E-14   1.200000E+02  -1.161066E+00
  9.565000000000E+00   4.837866E+00   2.775043E-01   6.592552E+01   1.613884E-17  -8.028953E-16  -1.907404E-13   1.200000E+02  -1.159839E+00
  9.570000000000E+00   4.839248E+00   2.749419E-01   6.592100E+01   9.710124E-18  -1.802168E-15  -4.320937E-13   1.200000E+02  -1.158517E+00
  9.575000000000E+00   4.840612E+00   2.706903E-01   6.591130E+01  -5.264712E-19  -2.157511E-15  -5.253397E-13   1.200000E+02  -1.156929E+00
  9.580000000000E+00   4.841952E+00   2.649602E-01   6.589741E+01  -1.148097E-17  -2.106553E-15  -5.239139E-13   1.200000E+02  -1.154923E+00
  9.585000000000E+00   4.843260E+00   2.581501E-01   6.588080E+01  -2.155702E-17  -1.817883E-15  -4.639302E-13   1.200000E+02  -1.152394E+00
  9.590000000000E+00   4.844533E+00   2.507948E-01   6.586335E+01  -2.844775E-17  -9.205371E-16  -2.417500E-13   1.200000E+02  -1.149290E+00
  9.595000000000E+00   4.845768E+00   2.434909E-01   6.584713E+01  -3.121029E-17  -1.484690E-16  -4.015040E-14   1.200000E+02  -1.145623E+00
  9.600000000000E+00   4.846969E+00   2.368106E-01   6.583421E+01  -2.990298E-17   6.001056E-16   1.668316E-13   1.200000E+02  -1.141465E+00
  9.605000000000E+00   4.848138E+00   2.312219E-01   6.582629E+01  -2.562103E-17   1.106674E-15   3.150577E-13   1.200000E+02  -1.136939E+00
  9.610000000000E+00   4.849283E+00   2.270297E-01   6.582444E+01  -2.000299E-17   1.104140E-15   3.201317E-13   1.200000E+02  -1.132199E+00
  9.615000000000E+00   4.850411E+00   2.243467E-01   6.582891E+01  -1.459649E-17   1.011027E-15   2.966604E-13   1.200000E+02  -1.127409E+00
  9.620000000000E+00   4.851529E+00   2.230937E-01   6.583907E+01  -1.101818E-17   3.735496E-16   1.102414E-13   1.200000E+02  -1.122725E+00
  9.625000000000E+00   4.852644E+00   2.230255E-01   6.585352E+01  -1.039597E-17  -2.907433E-16  -8.584879E-14   1.200000E+02  -1.118277E+00
  9.630000000000E+00   4.853760E+00   2.237730E-01   6.587041E+01  -1.288985E-17  -7.512994E-16  -2.211545E-13   1.200000E+02  -1.114151E+00
  9.635000000000E+00   4.854882E+00   2.248950E-01   6.588769E+01  -1.764728E-17  -1.136019E-15  -3.328204E-13   1.200000E+02  -1.110387E+00
  9.640000000000E+00   4.856009E+00   2.259341E-01   6.590343E+01  -2.410257E-17  -1.335867E-15  -3.896634E-13   1.200000E+02  -1.106977E+00
  9.645000000000E+00   4.857141E+00   2.264714E-01   6.591603E+01  -3.053272E-17  -1.219664E-15  -3.549914E-13   1.200000E+02  -1.103864E+00
  9.650000000000E+00   4.858273E+00   2.261758E-01   6.592441E+01  -3.565696E-17  -7.623245E-16  -2.221980E-13   1.200000E+02  -1.100958E+00
  9.655000000000E+00   4.859401E+00   2.248411E-01   6.592806E+01  -3.747805E-17  -1.033791E-16  -3.031290E-14   1.200000E+02  -1.098144E+00
  9.660000000000E+00   4.860519E+00   2.224056E-01   6.592703E+01  -3.659893E-17   5.525771E-16   1.637988E-13   1.200000E+02  -1.095302E+00
  9.665000000000E+00   4.861623E+00   2.189502E-01   6.592189E+01  -3.249972E-17   1.025692E-15   3.088170E-13   1.200000E+02  -1.092319E+00
  9.670000000000E+00   4.862707E+00   2.146757E-01   6.591361E+01  -2.650585E-17   1.276262E-15   3.918610E-13   1.200000E+02  -1.089106E+00
  9.675000000000E+00   4.863769E+00   2.098626E-01   6.590346E+01  -1.991423E-17   1.312804E-15   4.122616E-13   1.200000E+02  -1.085603E+00
  9.680000000000E+00   4.864806E+00   2.048222E-01   6.589278E+01  -1.396330E-17   1.004849E-15   3.232672E-13   1.200000E+02  -1.081784E+00
  9.685000000000E+00   4.865817E+00   1.998489E-01   6.588287E+01  -9.864650E-18   5.928299E-16   1.954343E-13   1.200000E+02  -1.077659E+00
  9.690000000000E+00   4.866805E+00   1.951828E-01   6.587476E+01  -8.109156E-18   9.397181E-17   3.171576E-14   1.200000E+02  -1.073263E+00
  9.695000000000E+00   4.867770E+00   1.909880E-01   6.586919E+01  -9.047494E-18  -4.797792E-16  -1.654694E-13   1.200000E+02  -1.068652E+00
  9.700000000000E+00   4.868715E+00   1.873476E-01   6.586651E+01  -1.283914E-17  -9.211609E-16  -3.238560E-13   1.200000E+02  -1.063890E+00
  9.705000000000E+00   4.869644E+00   1.842726E-01   6.586669E+01  -1.806527E-17  -1.045763E-15  -3.737993E-13   1.200000E+02  -1.059042E+00
  9.710000000000E+00   4.870559E+00   1.817181E-01   6.586945E+01  -2.278494E-17  -8.387757E-16  -3.040406E-13   1.200000E+02  -1.054168E+00
  9.715000000000E+00   4.871462E+00   1.796020E-01   6.587429E+01  -2.593650E-17  -3.682866E-16  -1.350799E-13   1.200000E+02  -1.049317E+00
  9.720000000000E+00   4.872356E+00   1.778213E-01   6.588061E+01  -2.650323E-17   1.843070E-16   6.828348E-14   1.200000E+02  -1.044526E+00
  9.725000000000E+00   4.873241E+00   1.762636E-01   6.588778E+01  -2.426238E-17   6.578597E-16   2.459097E-13   1.200000E+02  -1.039818E+00
  9.730000000000E+00   4.874118E+00   1.748147E-01   6.589516E+01  -2.030096E-17   9.462803E-16   3.566936E-13   1.200000E+02  -1.035203E+00
  9.735000000000E+00   4.874989E+00   1.733631E-01   6.590215E+01  -1.518156E-17   1.057381E-15   4.019521E-13   1.200000E+02  -1.030679E+00
  9.740000000000E+00   4.875852E+00   1.718033E-01   6.590821E+01  -9.969457E-18   9.326113E-16   3.577740E-13   1.200000E+02  -1.026234E+00
  9.745000000000E+00   4.876707E+00   1.700403E-01   6.591287E+01  -6.216545E-18   5.480783E-16   2.124520E-13   1.200000E+02  -1.021843E+00
  9.750000000000E+00   4.877552E+00   1.679963E-01   6.591574E+01  -4.749821E-18   4.677365E-17   1.835230E-14   1.200000E+02  -1.017477E+00
  9.755000000000E+00   4.878386E+00   1.656182E-01   6.591657E+01  -5.435411E-18  -3.045959E-16  -1.212301E-13   1.200000E+02  -1.013098E+00
  9.760000000000E+00   4.879207E+00   1.628860E-01   6.591528E+01  -7.449446E-18  -4.833942E-16  -1.956157E-13   1.200000E+02  -1.008669E+00
  9.765000000000E+00   4.880014E+00   1.598189E-01   6.591201E+01  -1.038703E-17  -6.687021E-16  -2.757840E-13   1.200000E+02  -1.004153E+00
  9.770000000000E+00   4.880805E+00   1.564773E-01   6.590709E+01  -1.350462E-17  -5.138268E-16  -2.164201E-13   1.200000E+02  -9.995184E-01
  9.775000000000E+00   4.881579E+00   1.529589E-01   6.590109E+01  -1.515709E-17  -1.757627E-16  -7.572591E-14   1.200000E+02  -9.947454E-01
  9.780000000000E+00   4.882335E+00   1.493879E-01   6.589472E+01  -1.527020E-17   1.388109E-16   6.122925E-14   1.200000E+02  -9.898256E-01
  9.785000000000E+00   4.883073E+00   1.458992E-01   6.588881E+01  -1.348015E-17   5.270784E-16   2.380313E-13   1.200000E+02  -9.847651E-01
  9.790000000000E+00   4.883794E+00   1.426192E-01   6.588417E+01  -1.054643E-17   6.285611E-16   2.903692E-13   1.200000E+02  -9.795832E-01
  9.795000000000E+00   4.884499E+00   1.396476E-01   6.588144E+01  -7.313556E-18   6.524959E-16   3.078274E-13   1.200000E+02  -9.743107E-01
  9.800000000000E+00   4.885191E+00   1.370429E-01   6.588102E+01  -4.754216E-18   3.738571E-16   1.797254E-13   1.200000E+02  -9.689850E-01
  9.805000000000E+00   4.885870E+00   1.348146E-01   6.588299E+01  -3.634186E-18   8.789922E-17   4.295577E-14   1.200000E+02  -9.636455E-01
  9.810000000000E+00   4.886540E+00   1.329234E-01   6.588705E+01  -4.163897E-18  -2.894818E-16  -1.434894E-13   1.200000E+02  -9.583281E-01
  9.815000000000E+00   4.887200E+00   1.312886E-01   6.589264E+01  -7.067836E-18  -8.198338E-16  -4.114678E-13   1.200000E+02  -9.530608E-01
  9.820000000000E+00   4.887853E+00   1.298010E-01   6.589894E+01  -1.191314E-17  -1.114546E-15  -5.658464E-13   1.200000E+02  -9.478600E-01
  9.825000000000E+00   4.888498E+00   1.283401E-01   6.590509E+01  -1.783685E-17  -1.241922E-15  -6.377509E-13   1.200000E+02  -9.427295E-01
  9.830000000000E+00   4.889136E+00   1.267911E-01   6.591024E+01  -2.392205E-17  -1.179936E-15  -6.133703E-13   1.200000E+02  -9.376600E-01
  9.835000000000E+00   4.889766E+00   1.250617E-01   6.591373E+01  -2.925401E-17  -9.508735E-16  -5.011575E-13   1.200000E+02  -9.326319E-01
  9.840000000000E+00   4.890386E+00   1.230938E-01   6.591513E+01  -3.282777E-17  -4.578298E-16  -2.451620E-13   1.200000E+02  -9.276183E-01
  9.845000000000E+00   4.890996E+00   1.208689E-01   6.591429E+01  -3.390186E-17   4.464040E-17   2.434406E-14   1.200000E+02  -9.225895E-01
  9.850000000000E+00   4.891595E+00   1.184078E-01   6.591136E+01  -3.223639E-17   6.250157E-16   3.479132E-13   1.200000E+02  -9.175172E-01
  9.855000000000E+00   4.892180E+00   1.157622E-01   6.590671E+01  -2.801250E-17   1.034022E-15   5.886979E-13   1.200000E+02  -9.123781E-01
  9.860000000000E+00   4.892752E+00   1.130033E-01   6.590086E+01  -2.209774E-17   1.301744E-15   7.591465E-13   1.200000E+02  -9.071565E-01
  9.865000000000E+00   4.893310E+00   1.102078E-01   6.589443E+01  -1.540128E-17   1.328412E-15   7.942717E-13   1.200000E+02  -9.018452E-01
  9.870000000000E+00   4.893854E+00   1.074463E-01   6.588797E+01  -9.231240E-18   1.119646E-15   6.865867E-13   1.200000E+02  -8.964453E-01
  9.875000000000E+00   4.894385E+00   1.047744E-01   6.588197E+01  -4.418520E-18   8.113642E-16   5.101844E-13   1.200000E+02  -8.909642E-01
  9.880000000000E+00   4.894902E+00   1.022298E-01   6.587677E+01  -1.681195E-18   2.716880E-16   1.750755E-13   1.200000E+02  -8.854143E-01
  9.885000000000E+00   4.895407E+00   9.983337E-02   6.587258E+01  -1.289320E-18  -1.742468E-16  -1.149724E-13   1.200000E+02  -8.798103E-01
  9.890000000000E+00   4.895901E+00   9.759421E-02   6.586951E+01  -3.207038E-18  -5.931072E-16  -4.003074E-13   1.200000E+02  -8.741677E-01
  9.895000000000E+00   4.896383E+00   9.551504E-02   6.586762E+01  -6.652488E-18  -7.981545E-16  -5.504111E-13   1.200000E+02  -8.685024E-01
  9.900000000000E+00   4.896856E+00   9.359772E-02   6.586697E+01  -1.101482E-17  -8.934110E-16  -6.287149E-13   1.200000E+02  -8.628296E-01
  9.905000000000E+00   4.897320E+00   9.184621E-02   6.586762E+01  -1.541890E-17  -8.374984E-16  -6.006129E-13   1.200000E+02  -8.571642E-01
  9.910000000000E+00   4.897775E+00   9.026684E-02   6.586967E+01  -1.904026E-17  -5.835019E-16  -4.257941E-13   1.200000E+02  -8.515215E-01
  9.915000000000E+00   4.898223E+00   8.886555E-02   6.587324E+01  -2.119819E-17  -2.675437E-16  -1.983218E-13   1.200000E+02  -8.459167E-01
  9.920000000000E+00   4.898664E+00   8.764326E-02   6.587835E+01  -2.180140E-17   5.647109E-17   4.244733E-14   1.200000E+02  -8.403652E-01
  9.925000000000E+00   4.899099E+00   8.659028E-02   6.588493E+01  -2.082511E-17   3.451129E-16   2.625899E-13   1.200000E+02  -8.348814E-01
  9.930000000000E+00   4.899530E+00   8.568149E-02   6.589272E+01  -1.866437E-17   5.123152E-16   3.939922E-13   1.200000E+02  -8.294776E-01
  9.935000000000E+00   4.899956E+00   8.487352E-02   6.590125E+01  -1.620671E-17   4.824009E-16   3.745670E-13   1.200000E+02  -8.241621E-01
  9.940000000000E+00   4.900379E+00   8.410497E-02   6.590984E+01  -1.391133E-17   4.209916E-16   3.299149E-13   1.200000E+02  -8.189375E-01
  9.945000000000E+00   4.900797E+00   8.330038E-02   6.591765E+01  -1.227046E-17   2.649693E-16   2.096768E-13   1.200000E+02  -8.137990E-01
  9.950000000000E+00   4.901212E+00   8.237788E-02   6.592375E+01  -1.165324E-17   8.130732E-18   6.506702E-15   1.200000E+02  -8.087337E-01
  9.955000000000E+00   4.901621E+00   8.125992E-02   6.592726E+01  -1.215749E-17  -2.111718E-16  -1.713265E-13   1.200000E+02  -8.037204E-01
  9.960000000000E+00   4.902024E+00   7.988544E-02   6.592742E+01  -1.373658E-17  -3.998358E-16  -3.299743E-13   1.200000E+02  -7.987314E-01
  9.965000000000E+00   4.902419E+00   7.822153E-02   6.592378E+01  -1.597784E-17  -4.131928E-16  -3.482319E-13   1.200000E+02  -7.937345E-01
  9.970000000000E+00   4.902806E+00   7.627167E-02   6.591625E+01  -1.793697E-17  -3.439383E-16  -2.972417E-13   1.200000E+02  -7.886972E-01
  9.975000000000E+00   4.903181E+00   7.407851E-02   6.590518E+01  -1.940873E-17  -2.197351E-16  -1.954910E-13   1.200000E+02  -7.835902E-01
  9.980000000000E+00   4.903546E+00   7.171972E-02   6.589135E+01  -2.016935E-17  -7.384826E-17  -6.784691E-14   1.200000E+02  -7.783916E-01
  9.985000000000E+00   4.903899E+00   6.929735E-02   6.587594E+01  -1.995964E-17   1.583054E-16   1.504894E-13   1.200000E+02  -7.730900E-01
  9.990000000000E+00   4.904239E+00   6.692293E-02   6.586039E+01  -1.870088E-17   3.356473E-16   3.303182E-13   1.200000E+02  -7.676857E-01
  9.995000000000E+00   4.904568E+00   6.470161E-02   6.584621E+01  -1.687759E-17   3.936524E-16   4.006163E-13   1.200000E+02  -7.621906E-01
  1.000000000000E+01   4.904886E+00   6.271876E-02   6.583477E+01  -1.479758E-17   4.425832E-16   4.645718E-13   1.200000E+02  -7.566264E-01
  1.000500000000E+01   4.905196E+00   6.103136E-02   6.582717E+01  -1.280808E-17   3.485385E-16   3.759264E-13   1.200000E+02  -7.510221E-01
  1.001000000000E+01   4.905497E+00   5.966449E-02   6.582404E+01  -1.154113E-17   1.672721E-16   1.845407E-13   1.200000E+02  -7.454101E-01
  1.001500000000E+01   4.905793E+00   5.861237E-02   6.582548E+01  -1.123081E-17  -5.241126E-17  -5.886124E-14   1.200000E+02  -7.398228E-01
  1.002000000000E+01   4.906084E+00   5.784218E-02   6.583113E+01  -1.206852E-17  -2.984665E-16  -3.396896E-13   1.200000E+02  -7.342898E-01
  1.002500000000E+01   4.906372E+00   5.729961E-02   6.584017E+01  -1.391858E-17  -4.147499E-16  -4.765688E-13   1.200000E+02  -7.288352E-01
  1.003000000000E+01   4.906657E+00   5.691520E-02   6.585148E+01  -1.623143E-17  -4.853390E-16  -5.615422E-13   1.200000E+02  -7.234758E-01
  1.003500000000E+01   4.906941E+00   5.661131E-02   6.586376E+01  -1.860386E-17  -4.195406E-16  -4.881097E-13   1.200000E+02  -7.182202E-01
  1.004000000000E+01   4.907223E+00   5.630948E-02   6.587571E+01  -2.045844E-17  -3.119445E-16  -3.649397E-13   1.200000E+02  -7.130685E-01
  1.004500000000E+01   4.907504E+00   5.593812E-02   6.588613E+01  -2.174261E-17  -1.758244E-16  -2.070929E-13   1.200000E+02  -7.080127E-01
  1.005000000000E+01   4.907782E+00   5.543970E-02   6.589403E+01  -2.210947E-17   1.731578E-17   2.058104E-14   1.200000E+02  -7.030381E-01
  1.005500000000E+01   4.908058E+00   5.477687E-02   6.589877E+01  -2.157880E-17   2.099851E-16   2.526205E-13   1.200000E+02  -6.981254E-01
  1.006000000000E+01   4.908330E+00   5.393634E-02   6.590008E+01  -2.008484E-17   3.775183E-16   4.612564E-13   1.200000E+02  -6.932532E-01
  1.006500000000E+01   4.908597E+00   5.292986E-02   6.589809E+01  -1.797045E-17   4.688086E-16   5.836703E-13   1.200000E+02  -6.884004E-01
  1.007000000000E+01   4.908859E+00   5.179188E-02   6.589331E+01  -1.552969E-17   4.688814E-16   5.965443E-13   1.200000E+02  -6.835491E-01
  1.007500000000E+01   4.909115E+00   5.057423E-02   6.588659E+01  -1.350427E-17   3.582973E-16   4.667789E-13   1.200000E+02  -6.786866E-01
  1.008000000000E+01   4.909365E+00   4.933880E-02   6.587903E+01  -1.190609E-17   2.714888E-16   3.625021E-13   1.200000E+02  -6.738064E-01
  1.008500000000E+01   4.909608E+00   4.814917E-02   6.587184E+01  -1.092099E-17   1.233844E-16   1.687995E-13   1.200000E+02  -6.689094E-01
  1.009000000000E+01   4.909846E+00   4.706287E-02   6.586620E+01  -1.070875E-17  -3.531669E-17  -4.942700E-14   1.200000E+02  -6.640026E-01
  1.009500000000E+01   4.910079E+00   4.612487E-02   6.586313E+01  -1.112702E-17  -1.249033E-16  -1.783533E-13   1.200000E+02  -6.590988E-01
  1.010000000000E+01   4.910308E+00   4.536290E-02   6.586334E+01  -1.189150E-17  -1.810197E-16  -2.628263E-13   1.200000E+02  -6.542142E-01
  1.010500000000E+01   4.910533E+00   4.478466E-02   6.586709E+01  -1.291196E-17  -2.141127E-16  -3.149065E-13   1.200000E+02  -6.493666E-01
  1.011000000000E+01   4.910756E+00   4.437667E-02   6.587420E+01  -1.387265E-17  -1.587245E-16  -2.356160E-13   1.200000E+02  -6.445732E-01
  1.011500000000E+01   4.910977E+00   4.410467E-02   6.588397E+01  -1.445814E-17  -8.589892E-17  -1.283166E-13   1.200000E+02  -6.398484E-01
  1.012000000000E+01   4.911197E+00   4.391569E-02   6.589525E+01  -1.470406E-17  -4.666450E-18  -7.001983E-15   1.200000E+02  -6.352014E-01
  1.012500000000E+01   4.911416E+00   4.374225E-02   6.590659E+01  -1.452085E-17   7.308636E-17   1.101195E-13   1.200000E+02  -6.306349E-01
  1.013000000000E+01   4.911635E+00   4.350890E-02   6.591635E+01  -1.403679E-17   1.442521E-16   2.185431E-13   1.200000E+02  -6.261437E-01
  1.013500000000E+01   4.911851E+00   4.314125E-02   6.592289E+01  -1.322221E-17   1.684297E-16   2.573726E-13   1.200000E+02  -6.217149E-01
  1.014000000000E+01   4.912066E+00   4.257675E-02   6.592479E+01  -1.241095E-17   1.453860E-16   2.251121E-13   1.200000E+02  -6.173282E-01
  1.014500000000E+01   4.912277E+00   4.177559E-02   6.592104E+01  -1.184924E-17   7.380342E-17   1.164603E-13   1.200000E+02  -6.129583E-01
  1.015000000000E+01   4.912483E+00   4.072934E-02   6.591122E+01  -1.177275E-17  -5.153630E-17  -8.339984E-14   1.200000E+02  -6.085777E-01
  1.015500000000E+01   4.912684E+00   3.946483E-02   6.589559E+01  -1.225671E-17  -1.422551E-16  -2.375276E-13   1.200000E+02  -6.041604E-01
  1.016000000000E+01   4.912877E+00   3.804165E-02   6.587517E+01  -1.317420E-17  -2.148863E-16  -3.721098E-13   1.200000E+02  -5.996859E-01
  1.016500000000E+01   4.913064E+00   3.654336E-02   6.585166E+01  -1.442298E-17  -2.888199E-16  -5.204576E-13   1.200000E+02  -5.951416E-01
  1.017000000000E+01   4.913243E+00   3.506452E-02   6.582731E+01  -1.583868E-17  -2.634203E-16  -4.945241E-13   1.200000E+02  -5.905248E-01
  1.017500000000E+01   4.913415E+00   3.369692E-02   6.580464E+01  -1.699291E-17  -1.816939E-16  -3.548188E-13   1.200000E+02  -5.858433E-01
  1.018000000000E+01   4.913580E+00   3.251833E-02   6.578614E+01  -1.764905E-17  -7.582729E-17  -1.534023E-13   1.200000E+02  -5.811135E-01
  1.018500000000E+01   4.913740E+00   3.158550E-02   6.577397E+01  -1.776614E-17   3.855111E-17   8.027920E-14   1.200000E+02  -5.763592E-01
  1.019000000000E+01   4.913896E+00   3.093150E-02   6.576963E+01  -1.723239E-17   1.605065E-16   3.412850E-13   1.200000E+02  -5.716081E-01
  1.019500000000E+01   4.914050E+00   3.056585E-02   6.577386E+01  -1.612470E-17   2.684596E-16   5.776911E-13   1.200000E+02  -5.668899E-01
  1.020000000000E+01   4.914203E+00   3.047603E-02   6.578647E+01  -1.460114E-17   3.401208E-16   7.341951E-13   1.200000E+02  -5.622338E-01
  1.020500000000E+01   4.914355E+00   3.062901E-02   6.580643E+01  -1.286029E-17   3.348901E-16   7.195114E-13   1.200000E+02  -5.576658E-01
  1.021000000000E+01   4.914509E+00   3.097293E-02   6.583193E+01  -1.132489E-17   2.648589E-16   5.629489E-13   1.200000E+02  -5.532068E-01
  1.021500000000E+01   4.914665E+00   3.143932E-02   6.586066E+01  -1.032154E-17   1.479527E-16   3.099387E-13   1.200000E+02  -5.488712E-01
  1.022000000000E+01   4.914824E+00   3.194702E-02   6.588998E+01  -9.954290E-18  -8.684469E-18  -1.791151E-14   1.200000E+02  -5.446648E-01
  1.022500000000E+01   4.914985E+00   3.240872E-02   6.591728E+01  -1.033366E-17  -1.473581E-16  -2.997170E-13   1.200000E+02  -5.405846E-01
  1.023000000000E+01   4.915147E+00   3.274014E-02   6.594020E+01  -1.133872E-17  -2.594559E-16  -5.225566E-13   1.200000E+02  -5.366180E-01
  1.023500000000E+01   4.915312E+00   3.287106E-02   6.595688E+01  -1.288952E-17  -3.514403E-16  -7.051766E-13   1.200000E+02  -5.327445E-01
  1.024000000000E+01   4.915476E+00   3.275602E-02   6.596614E+01  -1.472006E-17  -3.742226E-16  -7.536332E-13   1.200000E+02  -5.289376E-01
  1.024500000000E+01   4.915639E+00   3.238180E-02   6.596760E+01  -1.659076E-17  -3.588019E-16  -7.309447E-13   1.200000E+02  -5.251681E-01
  1.025000000000E+01   4.915799E+00   3.176953E-02   6.596175E+01  -1.823267E-17  -3.031291E-16  -6.293742E-13   1.200000E+02  -5.214077E-01
  1.025500000000E+01   4.915956E+00   3.097017E-02   6.594980E+01  -1.945283E-17  -1.978487E-16  -4.213113E-13   1.200000E+02  -5.176326E-01
  1.026000000000E+01   4.916109E+00   3.005451E-02   6.593361E+01  -2.018708E-17  -9.661240E-17  -2.119483E-13   1.200000E+02  -5.138261E-01
  1.026500000000E+01   4.916257E+00   2.910035E-02   6.591539E+01  -2.038956E-17   1.686538E-17   3.820188E-14   1.200000E+02  -5.099797E-01
  1.027000000000E+01   4.916400E+00   2.818024E-02   6.589743E+01  -2.007508E-17   1.017826E-16   2.380112E-13   1.200000E+02  -5.060935E-01
  1.027500000000E+01   4.916539E+00   2.735233E-02   6.588180E+01  -1.942944E-17   1.595910E-16   3.843966E-13   1.200000E+02  -5.021745E-01
  1.028000000000E+01   4.916674E+00   2.665530E-02   6.587008E+01  -1.855679E-17   1.861101E-16   4.599118E-13   1.200000E+02  -4.982350E-01
  1.028500000000E+01   4.916805E+00   2.610705E-02   6.586321E+01  -1.758851E-17   1.965625E-16   4.958904E-13   1.200000E+02  -4.942898E-01
  1.029000000000E+01   4.916935E+00   2.570581E-02   6.586139E+01  -1.654851E-17   2.057672E-16   5.272004E-13   1.200000E+02  -4.903547E-01
  1.029500000000E+01   4.917063E+00   2.543268E-02   6.586410E+01  -1.556874E-17   1.857750E-16   4.811095E-13   1.200000E+02  -4.864440E-01
  1.030000000000E+01   4.917189E+00   2.525493E-02   6.587022E+01  -1.473007E-17   1.501577E-16   3.916430E-13   1.200000E+02  -4.825688E-01
  1.030500000000E+01   4.917315E+00   2.513005E-02   6.587817E+01  -1.407263E-17   1.214811E-16   3.184614E-13   1.200000E+02  -4.787362E-01
  1.031000000000E+01   4.917441E+00   2.501053E-02   6.588615E+01  -1.356914E-17   8.320926E-17   2.192012E-13   1.200000E+02  -4.749481E-01
  1.031500000000E+01   4.917565E+00   2.484968E-02   6.589238E+01  -1.329125E-17   2.985280E-17   7.915887E-14   1.200000E+02  -4.712015E-01
  1.032000000000E+01   4.917689E+00   2.460794E-02   6.589531E+01  -1.321402E-17   1.773044E-19   4.747869E-16   1.200000E+02  -4.674886E-01
  1.032500000000E+01   4.917811E+00   2.425901E-02   6.589383E+01  -1.328480E-17  -3.049201E-17  -8.282429E-14   1.200000E+02  -4.637980E-01
  1.033000000000E+01   4.917931E+00   2.379442E-02   6.588748E+01  -1.353699E-17  -6.473850E-17  -1.792629E-13   1.200000E+02  -4.601169E-01
  1.033500000000E+01   4.918049E+00   2.322529E-02   6.587645E+01  -1.401581E-17  -1.160574E-16  -3.291865E-13   1.200000E+02  -4.564326E-01
  1.034000000000E+01   4.918164E+00   2.258080E-02   6.586170E+01  -1.470715E-17  -1.598732E-16  -4.663042E-13   1.200000E+02  -4.527348E-01
  1.034500000000E+01   4.918275E+00   2.190333E-02   6.584478E+01  -1.557257E-17  -1.832732E-16  -5.509474E-13   1.200000E+02  -4.490173E-01
  1.035000000000E+01   4.918383E+00   2.124180E-02   6.582773E+01  -1.652168E-17  -1.999064E-16  -6.195041E-13   1.200000E+02  -4.452791E-01
  1.035500000000E+01   4.918487E+00   2.064454E-02   6.581280E+01  -1.753712E-17  -1.918196E-16  -6.115026E-13   1.200000E+02  -4.415244E-01
  1.036000000000E+01   4.918589E+00   2.015336E-02   6.580216E+01  -1.841921E-17  -1.624417E-16  -5.303835E-13   1.200000E+02  -4.377621E-01
  1.036500000000E+01   4.918689E+00   1.979957E-02   6.579762E+01  -1.909563E-17  -1.095177E-16  -3.639476E-13   1.200000E+02  -4.340052E-01
  1.037000000000E+01   4.918787E+00   1.960166E-02   6.580036E+01  -1.952679E-17  -5.578748E-17  -1.872717E-13   1.200000E+02  -4.302692E-01
  1.037500000000E+01   4.918885E+00   1.956436E-02   6.581079E+01  -1.963910E-17   1.232700E-17   4.146569E-14   1.200000E+02  -4.265705E-01
  1.038000000000E+01   4.918983E+00   1.967829E-02   6.582846E+01  -1.943006E-17   7.148876E-17   2.391465E-13   1.200000E+02  -4.229252E-01
  1.038500000000E+01   4.919082E+00   1.991991E-02   6.585203E+01  -1.892757E-17   1.270518E-16   4.200127E-13   1.200000E+02  -4.193473E-01
  1.039000000000E+01   4.919183E+00   2.025203E-02   6.587951E+01  -1.818834E-17   1.711921E-16   5.568852E-13   1.200000E+02  -4.158475E-01
  1.039500000000E+01   4.919285E+00   2.062538E-02   6.590838E+01  -1.726706E-17   2.005764E-16   6.409417E-13   1.200000E+02  -4.124316E-01
  1.040000000000E+01   4.919389E+00   2.098214E-02   6.593589E+01  -1.626143E-17   2.052601E-16   6.450250E-13   1.200000E+02  -4.090994E-01
  1.040500000000E+01   4.919495E+00   2.126177E-02   6.595939E+01  -1.528040E-17   1.795692E-16   5.570690E-13   1.200000E+02  -4.058447E-01
  1.041000000000E+01   4.919601E+00   2.140900E-02   6.597659E+01  -1.453264E-17   1.259920E-16   3.882723E-13   1.200000E+02  -4.026546E-01
  1.041500000000E+01   4.919708E+00   2.138263E-02   6.598583E+01  -1.402765E-17   7.163301E-17   2.210562E-13   1.200000E+02  -3.995114E-01
  1.042000000000E+01   4.919815E+00   2.116313E-02   6.598626E+01  -1.383279E-17   1.215451E-17   3.789754E-14   1.200000E+02  -3.963941E-01
  1.042500000000E+01   4.919920E+00   2.075664E-02   6.597796E+01  -1.394993E-17  -5.547446E-17  -1.763335E-13   1.200000E+02  -3.932815E-01
  1.043000000000E+01   4.920022E+00   2.019395E-02   6.596195E+01  -1.430060E-17  -8.341598E-17  -2.724718E-13   1.200000E+02  -3.901544E-01
  1.043500000000E+01   4.920121E+00   1.952440E-02   6.594004E+01  -1.477919E-17  -1.062887E-16  -3.589705E-13   1.200000E+02  -3.869984E-01
  1.044000000000E+01   4.920217E+00   1.880666E-02   6.591467E+01  -1.531939E-17  -1.080677E-16  -3.787619E-13   1.200000E+02  -3.838052E-01
  1.044500000000E+01   4.920310E+00   1.809888E-02   6.588856E+01  -1.584625E-17  -9.496427E-17  -3.457152E-13   1.200000E+02  -3.805729E-01
  1.045000000000E+01   4.920398E+00   1.745079E-02   6.586439E+01  -1.628125E-17  -7.754711E-17  -2.926855E-13   1.200000E+02  -3.773057E-01
  1.045500000000E+01   4.920484E+00   1.689889E-02   6.584446E+01  -1.659238E-17  -4.525149E-17  -1.763169E-13   1.200000E+02  -3.740121E-01
  1.046000000000E+01   4.920568E+00   1.646477E-02   6.583045E+01  -1.679656E-17  -3.121107E-17  -1.247900E-13   1.200000E+02  -3.707040E-01
  1.046500000000E+01   4.920649E+00   1.615551E-02   6.582322E+01  -1.688649E-17  -1.025135E-17  -4.176759E-14   1.200000E+02  -3.673943E-01
  1.047000000000E+01   4.920729E+00   1.596525E-02   6.582278E+01  -1.692861E-17  -9.717578E-18  -4.006439E-14   1.200000E+02  -3.640961E-01
  1.047500000000E+01   4.920809E+00   1.587705E-02   6.582832E+01  -1.696375E-17   5.514025E-19   2.286187E-15   1.200000E+02  -3.608211E-01
  1.048000000000E+01   4.920888E+00   1.586506E-02   6.583835E+01  -1.696444E-17   3.287813E-18   1.364408E-14   1.200000E+02  -3.575783E-01
  1.048500000000E+01   4.920968E+00   1.589695E-02   6.585090E+01  -1.695846E-17   1.480907E-18   6.134452E-15   1.200000E+02  -3.543737E-01
  1.049000000000E+01   4.921047E+00   1.593699E-02   6.586381E+01  -1.696952E-17  -4.895271E-18  -2.023100E-14   1.200000E+02  -3.512093E-01
  1.049500000000E+01   4.921127E+00   1.594990E-02   6.587495E+01  -1.701095E-17  -6.430640E-18  -2.655929E-14   1.200000E+02  -3.480834E-01
  1.050000000000E+01   4.921207E+00   1.590521E-02   6.588251E+01  -1.703257E-17  -6.676042E-18  -2.765348E-14   1.200000E+02  -3.449907E-01
  1.050500000000E+01   4.921286E+00   1.578145E-02   6.588518E+01  -1.702572E-17   9.576038E-18   3.997852E-14   1.200000E+02  -3.419231E-01
  1.051000000000E+01   4.921364E+00   1.556930E-02   6.588231E+01  -1.694428E-17   2.277350E-17   9.636728E-14   1.200000E+02  -3.388709E-01
  1.051500000000E+01   4.921441E+00   1.527275E-02   6.587395E+01  -1.679862E-17   3.684064E-17   1.588999E-13   1.200000E+02  -3.358242E-01
  1.052000000000E+01   4.921517E+00   1.490793E-02   6.586085E+01  -1.658903E-17   5.133375E-17   2.267843E-13   1.200000E+02  -3.327745E-01
  1.052500000000E+01   4.921590E+00   1.449991E-02   6.584436E+01  -1.629459E-17   6.155682E-17   2.795306E-13   1.200000E+02  -3.297153E-01
  1.053000000000E+01   4.921662E+00   1.407823E-02   6.582621E+01  -1.601409E-17   5.011106E-17   2.343065E-13   1.200000E+02  -3.266436E-01
  1.053500000000E+01   4.921731E+00   1.367235E-02   6.580835E+01  -1.578039E-17   4.188808E-17   2.016175E-13   1.200000E+02  -3.235593E-01
  1.054000000000E+01   4.921799E+00   1.330792E-02   6.579267E+01  -1.562284E-17   1.684621E-17   8.328550E-14   1.200000E+02  -3.204656E-01
  1.054500000000E+01   4.921864E+00   1.300431E-02   6.578079E+01  -1.559066E-17  -1.069054E-17  -5.407688E-14   1.200000E+02  -3.173677E-01
  1.055000000000E+01   4.921929E+00   1.277337E-02   6.577385E+01  -1.573104E-17  -4.358649E-17  -2.244397E-13   1.200000E+02  -3.142730E-01
  1.055500000000E+01   4.921992E+00   1.261917E-02   6.577241E+01  -1.603245E-17  -7.555096E-17  -3.937792E-13   1.200000E+02  -3.111892E-01
  1.056000000000E+01   4.922055E+00   1.253827E-02   6.577640E+01  -1.647713E-17  -9.517039E-17  -4.992686E-13   1.200000E+02  -3.081242E-01
  1.056500000000E+01   4.922118E+00   1.252032E-02   6.578510E+01  -1.697790E-17  -1.019195E-16  -5.355123E-13   1.200000E+02  -3.050849E-01
  1.057000000000E+01   4.922180E+00   1.254895E-02   6.579727E+01  -1.745666E-17  -8.876628E-17  -4.654239E-13   1.200000E+02  -3.020770E-01
  1.057500000000E+01   4.922243E+00   1.260302E-02   6.581126E+01  -1.783749E-17  -6.362421E-17  -3.322370E-13   1.200000E+02  -2.991037E-01
  1.058000000000E+01   4.922306E+00   1.265845E-02   6.582521E+01  -1.806479E-17  -2.484837E-17  -1.292140E-13   1.200000E+02  -2.961661E-01
  1.058500000000E+01   4.922370E+00   1.269065E-02   6.583728E+01  -1.809726E-17   1.568686E-17   8.138115E-14   1.200000E+02  -2.932624E-01
  1.059000000000E+01   4.922433E+00   1.267751E-02   6.584581E+01  -1.793383E-17   4.721316E-17   2.452208E-13   1.200000E+02  -2.903882E-01
  1.059500000000E+01   4.922496E+00   1.260251E-02   6.584957E+01  -1.764676E-17   6.766988E-17   3.535830E-13   1.200000E+02  -2.875373E-01
  1.060000000000E+01   4.922559E+00   1.245730E-02   6.584784E+01  -1.727201E-17   8.108384E-17   4.285999E-13   1.200000E+02  -2.847020E-01
  1.060500000000E+01   4.922621E+00   1.224316E-02   6.584057E+01  -1.687671E-17   7.572305E-17   4.072190E-13   1.200000E+02  -2.818745E-01
  1.061000000000E+01   4.922682E+00   1.197078E-02   6.582835E+01  -1.653392E-17   5.952175E-17   3.273153E-13   1.200000E+02  -2.790474E-01
  1.061500000000E+01   4.922741E+00   1.165832E-02   6.581235E+01  -1.628840E-17   4.025686E-17   2.272538E-13   1.200000E+02  -2.762153E-01
  1.062000000000E+01   4.922798E+00   1.132842E-02   6.579421E+01  -1.614192E-17   1.516544E-17   8.807918E-14   1.200000E+02  -2.733748E-01
  1.062500000000E+01   4.922854E+00   1.100457E-02   6.577581E+01  -1.610484E-17  -3.028614E-18  -1.810244E-14   1.200000E+02  -2.705254E-01
  1.063000000000E+01   4.922908E+00   1.070789E-02   6.575905E+01  -1.614746E-17  -1.504688E-17  -9.240557E-14   1.200000E+02  -2.676686E-01
  1.063500000000E+01   4.922961E+00   1.045473E-02   6.574556E+01  -1.624859E-17  -2.226214E-17  -1.399976E-13   1.200000E+02  -2.648084E-01
  1.064000000000E+01   4.923013E+00   1.025514E-02   6.573654E+01  -1.636235E-17  -2.181346E-17  -1.398266E-13   1.200000E+02  -2.619498E-01
  1.064500000000E+01   4.923064E+00   1.011231E-02   6.573253E+01  -1.643171E-17  -9.363270E-18  -6.086357E-14   1.200000E+02  -2.590988E-01
  1.065000000000E+01   4.923114E+00   1.002253E-02   6.573337E+01  -1.647526E-17  -5.856475E-18  -3.841005E-14   1.200000E+02  -2.562610E-01
  1.065500000000E+01   4.923164E+00   9.975691E-03   6.573823E+01  -1.648669E-17   2.947112E-18   1.942100E-14   1.200000E+02  -2.534414E-01
  1.066000000000E+01   4.923214E+00   9.956235E-03   6.574563E+01  -1.649384E-17  -7.093352E-18  -4.684069E-14   1.200000E+02  -2.506436E-01
  1.066500000000E+01   4.923264E+00   9.944640E-03   6.575371E+01  -1.656232E-17  -2.102406E-17  -1.390106E-13   1.200000E+02  -2.478691E-01
  1.067000000000E+01   4.923313E+00   9.919577E-03   6.576041E+01  -1.670140E-17  -3.491093E-17  -2.314370E-13   1.200000E+02  -2.451173E-01
  1.067500000000E+01   4.923363E+00   9.860677E-03   6.576375E+01  -1.690779E-17  -5.081930E-17  -3.389288E-13   1.200000E+02  -2.423852E-01
  1.068000000000E+01   4.923412E+00   9.751582E-03   6.576208E+01  -1.720047E-17  -6.396981E-17  -4.313954E-13   1.200000E+02  -2.396679E-01
  1.068500000000E+01   4.923460E+00   9.582698E-03   6.575429E+01  -1.755943E-17  -7.603614E-17  -5.217427E-13   1.200000E+02  -2.369592E-01
  1.069000000000E+01   4.923507E+00   9.352936E-03   6.573997E+01  -1.790829E-17  -6.566265E-17  -4.615300E-13   1.200000E+02  -2.342521E-01
  1.069500000000E+01   4.923554E+00   9.069904E-03   6.571946E+01  -1.819783E-17  -5.075108E-17  -3.677364E-13   1.200000E+02  -2.315403E-01
  1.070000000000E+01   4.923598E+00   8.748426E-03   6.569384E+01  -1.838414E-17  -2.299990E-17  -1.727113E-13   1.200000E+02  -2.288186E-01
  1.070500000000E+01   4.923641E+00   8.407817E-03   6.566479E+01  -1.841336E-17   9.243450E-18   7.219106E-14   1.200000E+02  -2.260840E-01
  1.071000000000E+01   4.923682E+00   8.068652E-03   6.563437E+01  -1.828446E-17   4.084410E-17   3.322460E-13   1.200000E+02  -2.233352E-01
  1.071500000000E+01   4.923722E+00   7.749859E-03   6.560483E+01  -1.802640E-17   6.256308E-17   5.296148E-13   1.200000E+02  -2.205737E-01
  1.072000000000E+01   4.923760E+00   7.466658E-03   6.557828E+01  -1.766744E-17   7.885136E-17   6.925370E-13   1.200000E+02  -2.178023E-01
  1.072500000000E+01   4.923796E+00   7.229505E-03   6.555650E+01  -1.726433E-17   8.252789E-17   7.483555E-13   1.200000E+02  -2.150255E-01
  1.073000000000E+01   4.923832E+00   7.043886E-03   6.554074E+01  -1.688298E-17   6.844405E-17   6.368464E-13   1.200000E+02  -2.122485E-01
  1.073500000000E+01   4.923867E+00   6.910656E-03   6.553160E+01  -1.657509E-17   5.411724E-17   5.131770E-13   1.200000E+02  -2.094768E-01
  1.074000000000E+01   4.923901E+00   6.826625E-03   6.552901E+01  -1.637306E-17   2.464688E-17   2.365862E-13   1.200000E+02  -2.067158E-01
  1.074500000000E+01   4.923935E+00   6.785241E-03   6.553227E+01  -1.631809E-17  -4.487022E-18  -4.333593E-14   1.200000E+02  -2.039703E-01
  1.075000000000E+01   4.923969E+00   6.777283E-03   6.554019E+01  -1.641488E-17  -3.424650E-17  -3.311831E-13   1.200000E+02  -2.012440E-01
  1.075500000000E+01   4.924003E+00   6.791622E-03   6.555118E+01  -1.665269E-17  -5.686478E-17  -5.488458E-13   1.200000E+02  -1.985397E-01
  1.076000000000E+01   4.924037E+00   6.816103E-03   6.556353E+01  -1.697889E-17  -7.154466E-17  -6.881821E-13   1.200000E+02  -1.958590E-01
  1.076500000000E+01   4.924071E+00   6.838561E-03   6.557549E+01  -1.733559E-17  -6.842873E-17  -6.561685E-13   1.200000E+02  -1.932019E-01
  1.077000000000E+01   4.924106E+00   6.847939E-03   6.558554E+01  -1.765056E-17  -5.467996E-17  -5.236926E-13   1.200000E+02  -1.905672E-01
  1.077500000000E+01   4.924140E+00   6.835368E-03   6.559245E+01  -1.785537E-17  -2.786377E-17  -2.673818E-13   1.200000E+02  -1.879528E-01
  1.078000000000E+01   4.924174E+00   6.795030E-03   6.559538E+01  -1.791908E-17   1.447785E-18   1.397610E-14   1.200000E+02  -1.853557E-01
  1.078500000000E+01   4.924208E+00   6.724639E-03   6.559395E+01  -1.784166E-17   2.829496E-17   2.759967E-13   1.200000E+02  -1.827723E-01
  1.079000000000E+01   4.924241E+00   6.625439E-03   6.558821E+01  -1.764381E-17   4.981330E-17   4.931244E-13   1.200000E+02  -1.801994E-01
  1.079500000000E+01   4.924274E+00   6.501725E-03   6.557862E+01  -1.734360E-17   6.643909E-17   6.701274E-13   1.200000E+02  -1.776338E-01
  1.080000000000E+01   4.924306E+00   6.360008E-03   6.556596E+01  -1.699324E-17   6.845035E-17   7.056615E-13   1.200000E+02  -1.750730E-01
  1.080500000000E+01   4.924337E+00   6.207995E-03   6.555121E+01  -1.667289E-17   5.819898E-17   6.145323E-13   1.200000E+02  -1.725153E-01
  1.081000000000E+01   4.924368E+00   6.053566E-03   6.553550E+01  -1.643663E-17   3.593500E-17   3.890299E-13   1.200000E+02  -1.699599E-01
  1.081500000000E+01   4.924398E+00   5.903902E-03   6.551994E+01  -1.631893E-17   1.160411E-17   1.287793E-13   1.200000E+02  -1.674068E-01
  1.082000000000E+01   4.924427E+00   5.764825E-03   6.550551E+01  -1.632168E-17  -1.402101E-17  -1.593203E-13   1.200000E+02  -1.648568E-01
  1.082500000000E+01   4.924456E+00   5.640389E-03   6.549300E+01  -1.643815E-17  -3.282262E-17  -3.811176E-13   1.200000E+02  -1.623111E-01
  1.083000000000E+01   4.924484E+00   5.532669E-03   6.548291E+01  -1.663049E-17  -4.292645E-17  -5.080638E-13   1.200000E+02  -1.597712E-01
  1.083500000000E+01   4.924511E+00   5.441735E-03   6.547540E+01  -1.687205E-17  -4.955127E-17  -5.962050E-13   1.200000E+02  -1.572388E-01
  1.084000000000E+01   4.924538E+00   5.365762E-03   6.547027E+01  -1.710514E-17  -4.426542E-17  -5.401039E-13   1.200000E+02  -1.547156E-01
  1.084500000000E+01   4.924565E+00   5.301279E-03   6.546699E+01  -1.730223E-17  -3.208541E-17  -3.962318E-13   1.200000E+02  -1.522028E-01
  1.085000000000E+01   4.924591E+00   5.243551E-03   6.546477E+01  -1.741921E-17  -1.438311E-17  -1.795705E-13   1.200000E+02  -1.497012E-01
  1.085500000000E+01   4.924617E+00   5.187101E-03   6.546264E+01  -1.743428E-17   7.445708E-18   9.396688E-14   1.200000E+02  -1.472110E-01
  1.086000000000E+01   4.924643E+00   5.126376E-03   6.545955E+01  -1.734824E-17   2.602049E-17   3.322600E-13   1.200000E+02  -1.447320E-01
  1.086500000000E+01   4.924668E+00   5.056479E-03   6.545456E+01  -1.719220E-17   3.555032E-17   4.601879E-13   1.200000E+02  -1.422632E-01
  1.087000000000E+01   4.924693E+00   4.973890E-03   6.544691E+01  -1.700953E-17   3.627041E-17   4.772494E-13   1.200000E+02  -1.398033E-01
  1.087500000000E+01   4.924718E+00   4.877028E-03   6.543616E+01  -1.684487E-17   2.682037E-17   3.598548E-13   1.200000E+02  -1.373505E-01
  1.088000000000E+01   4.924742E+00   4.766530E-03   6.542227E+01  -1.673945E-17   1.477139E-17   2.027425E-13   1.200000E+02  -1.349033E-01
  1.088500000000E+01   4.924766E+00   4.645161E-03   6.540561E+01  -1.670420E-17  -7.575785E-19  -1.066699E-14   1.200000E+02  -1.324602E-01
  1.089000000000E+01   4.924789E+00   4.517374E-03   6.538693E+01  -1.674797E-17  -1.701651E-17  -2.463062E-13   1.200000E+02  -1.300200E-01
  1.089500000000E+01   4.924811E+00   4.388601E-03   6.536725E+01  -1.685834E-17  -2.576655E-17  -3.837872E-13   1.200000E+02  -1.275823E-01
  1.090000000000E+01   4.924833E+00   4.264447E-03   6.534777E+01  -1.700073E-17  -2.963657E-17  -4.541465E-13   1.200000E+02  -1.251471E-01
  1.090500000000E+01   4.924854E+00   4.149927E-03   6.532970E+01  -1.714473E-17  -2.697543E-17  -4.246573E-13   1.200000E+02  -1.227152E-01
  1.091000000000E+01   4.924874E+00   4.048878E-03   6.531408E+01  -1.726300E-17  -1.882706E-17  -3.037069E-13   1.200000E+02  -1.202877E-01
  1.091500000000E+01   4.924894E+00   3.963588E-03   6.530168E+01  -1.732711E-17  -4.705961E-18  -7.753256E-14   1.200000E+02  -1.178660E-01
  1.092000000000E+01   4.924914E+00   3.894647E-03   6.529284E+01  -1.731491E-17   9.914096E-18   1.662075E-13   1.200000E+02  -1.154518E-01
  1.092500000000E+01   4.924933E+00   3.840986E-03   6.528749E+01  -1.722652E-17   2.375812E-17   4.038307E-13   1.200000E+02  -1.130468E-01
  1.093000000000E+01   4.924952E+00   3.800074E-03   6.528515E+01  -1.708565E-17   3.111390E-17   5.345357E-13   1.200000E+02  -1.106521E-01
  1.093500000000E+01   4.924971E+00   3.768253E-03   6.528498E+01  -1.692014E-17   3.236514E-17   5.607260E-13   1.200000E+02  -1.082690E-01
  1.094000000000E+01   4.924990E+00   3.741181E-03   6.528592E+01  -1.676526E-17   2.710500E-17   4.729991E-13   1.200000E+02  -1.058980E-01
  1.094500000000E+01   4.925008E+00   3.714365E-03   6.528684E+01  -1.665769E-17   1.516961E-17   2.666340E-13   1.200000E+02  -1.035391E-01
  1.095000000000E+01   4.925027E+00   3.683747E-03   6.528667E+01  -1.662081E-17   1.262707E-19   2.237883E-15   1.200000E+02  -1.011922E-01
  1.095500000000E+01   4.925045E+00   3.646234E-03   6.528459E+01  -1.665779E-17  -1.448062E-17  -2.592706E-13   1.200000E+02  -9.885628E-02
  1.096000000000E+01   4.925063E+00   3.600110E-03   6.528008E+01  -1.676077E-17  -2.635253E-17  -4.778451E-13   1.200000E+02  -9.653051E-02
  1.096500000000E+01   4.925081E+00   3.545237E-03   6.527302E+01  -1.690819E-17  -3.227055E-17  -5.941482E-13   1.200000E+02  -9.421374E-02
  1.097000000000E+01   4.925099E+00   3.482988E-03   6.526367E+01  -1.707554E-17  -3.305691E-17  -6.194152E-13   1.200000E+02  -9.190497E-02
  1.097500000000E+01   4.925116E+00   3.415953E-03   6.525264E+01  -1.721984E-17  -2.472681E-17  -4.723394E-13   1.200000E+02  -8.960338E-02
  1.098000000000E+01   4.925133E+00   3.347481E-03   6.524081E+01  -1.730875E-17  -1.117104E-17  -2.177182E-13   1.200000E+02  -8.730853E-02
  1.098500000000E+01   4.925150E+00   3.281144E-03   6.522918E+01  -1.732635E-17   4.572449E-18   9.090034E-14   1.200000E+02  -8.502034E-02
  1.099000000000E+01   4.925166E+00   3.220260E-03   6.521877E+01  -1.726948E-17   1.615183E-17   3.271171E-13   1.200000E+02  -8.273910E-02
  1.099500000000E+01   4.925182E+00   3.167500E-03   6.521045E+01  -1.716414E-17   2.443451E-17   5.030421E-13   1.200000E+02  -8.046545E-02
  1.100000000000E+01   4.925198E+00   3.124639E-03   6.520488E+01  -1.703187E-17   2.687126E-17   5.607486E-13   1.200000E+02  -7.820025E-02
  1.100500000000E+01   4.925213E+00   3.092445E-03   6.520242E+01  -1.690745E-17   2.266660E-17   4.779121E-13   1.200000E+02  -7.594451E-02
  1.101000000000E+01   4.925228E+00   3.070664E-03   6.520307E+01  -1.681868E-17   1.210707E-17   2.570838E-13   1.200000E+02  -7.369925E-02
  1.101500000000E+01   4.925244E+00   3.058102E-03   6.520655E+01  -1.678696E-17  -8.643456E-19  -1.843006E-14   1.200000E+02  -7.146541E-02
  1.102000000000E+01   4.925259E+00   3.052759E-03   6.521223E+01  -1.682335E-17  -1.354058E-17  -2.892502E-13   1.200000E+02  -6.924375E-02
  1.102500000000E+01   4.925274E+00   3.052023E-03   6.521933E+01  -1.691840E-17  -2.391965E-17  -5.111440E-13   1.200000E+02  -6.703478E-02
  1.103000000000E+01   4.925290E+00   3.052889E-03   6.522688E+01  -1.705094E-17  -2.795877E-17  -5.973566E-13   1.200000E+02  -6.483870E-02
  1.103500000000E+01   4.925305E+00   3.052211E-03   6.523391E+01  -1.719206E-17  -2.703739E-17  -5.778612E-13   1.200000E+02  -6.265537E-02
  1.104000000000E+01   4.925320E+00   3.046960E-03   6.523945E+01  -1.731035E-17  -1.864530E-17  -3.992205E-13   1.200000E+02  -6.048433E-02
  1.104500000000E+01   4.925335E+00   3.034470E-03   6.524267E+01  -1.737360E-17  -5.700165E-18  -1.225565E-13   1.200000E+02  -5.832479E-02
  1.105000000000E+01   4.925350E+00   3.012654E-03   6.524287E+01  -1.736799E-17   6.384912E-18   1.382734E-13   1.200000E+02  -5.617572E-02
  1.105500000000E+01   4.925365E+00   2.980163E-03   6.523955E+01  -1.730174E-17   1.961094E-17   4.293084E-13   1.200000E+02  -5.403591E-02
  1.106000000000E+01   4.925380E+00   2.936488E-03   6.523245E+01  -1.718285E-17   2.689036E-17   5.973544E-13   1.200000E+02  -5.190407E-02
  1.106500000000E+01   4.925395E+00   2.881981E-03   6.522151E+01  -1.703847E-17   2.894274E-17   6.549972E-13   1.200000E+02  -4.977888E-02
  1.107000000000E+01   4.925409E+00   2.817822E-03   6.520692E+01  -1.690101E-17   2.518746E-17   5.828603E-13   1.200000E+02  -4.765913E-02
  1.107500000000E+01   4.925423E+00   2.745911E-03   6.518912E+01  -1.679252E-17   1.547862E-17   3.674692E-13   1.200000E+02  -4.554379E-02
  1.108000000000E+01   4.925436E+00   2.668712E-03   6.516875E+01  -1.674520E-17   3.575064E-18   8.730145E-14   1.200000E+02  -4.343207E-02
  1.108500000000E+01   4.925450E+00   2.589063E-03   6.514665E+01  -1.676332E-17  -9.972565E-18  -2.509322E-13   1.200000E+02  -4.132346E-02
  1.109000000000E+01   4.925462E+00   2.509950E-03   6.512384E+01  -1.683608E-17  -1.900665E-17  -4.931517E-13   1.200000E+02  -3.921780E-02
  1.109500000000E+01   4.925475E+00   2.434294E-03   6.510143E+01  -1.694361E-17  -2.322032E-17  -6.209915E-13   1.200000E+02  -3.711521E-02
  1.110000000000E+01   4.925487E+00   2.364736E-03   6.508056E+01  -1.706107E-17  -2.234175E-17  -6.148734E-13   1.200000E+02  -3.501617E-02
  1.110500000000E+01   4.925498E+00   2.303462E-03   6.506230E+01  -1.715895E-17  -1.615156E-17  -4.562080E-13   1.200000E+02  -3.292136E-02
  1.111000000000E+01   4.925510E+00   2.252063E-03   6.504757E+01  -1.721940E-17  -7.969819E-18  -2.301966E-13   1.200000E+02  -3.083172E-02
  1.111500000000E+01   4.925521E+00   2.211441E-03   6.503700E+01  -1.723173E-17   2.157900E-18   6.346240E-14   1.200000E+02  -2.874827E-02
  1.112000000000E+01   4.925532E+00   2.181747E-03   6.503091E+01  -1.719663E-17   1.164065E-17   3.469706E-13   1.200000E+02  -2.667212E-02
  1.112500000000E+01   4.925543E+00   2.162365E-03   6.502920E+01  -1.712260E-17   1.706275E-17   5.131313E-13   1.200000E+02  -2.460433E-02
  1.113000000000E+01   4.925554E+00   2.151930E-03   6.503138E+01  -1.702921E-17   1.963782E-17   5.934556E-13   1.200000E+02  -2.254586E-02
  1.113500000000E+01   4.925564E+00   2.148402E-03   6.503659E+01  -1.693203E-17   1.767355E-17   5.350150E-13   1.200000E+02  -2.049746E-02
  1.114000000000E+01   4.925575E+00   2.149201E-03   6.504371E+01  -1.685700E-17   1.129413E-17   3.418071E-13   1.200000E+02  -1.845966E-02
  1.114500000000E+01   4.925586E+00   2.151418E-03   6.505142E+01  -1.682093E-17   2.600504E-18   7.863020E-14   1.200000E+02  -1.643265E-02
  1.115000000000E+01   4.925597E+00   2.152104E-03   6.505841E+01  -1.683178E-17  -6.788587E-18  -2.052199E-13   1.200000E+02  -1.441632E-02
  1.115500000000E+01   4.925607E+00   2.148601E-03   6.506350E+01  -1.688544E-17  -1.454695E-17  -4.405077E-13   1.200000E+02  -1.241026E-02
  1.116000000000E+01   4.925618E+00   2.138878E-03   6.506576E+01  -1.696874E-17  -1.861827E-17  -5.663774E-13   1.200000E+02  -1.041380E-02
  1.116500000000E+01   4.925629E+00   2.121796E-03   6.506466E+01  -1.706242E-17  -1.871318E-17  -5.738378E-13   1.200000E+02  -8.426087E-03
  1.117000000000E+01   4.925639E+00   2.097243E-03   6.506005E+01  -1.714418E-17  -1.448141E-17  -4.492380E-13   1.200000E+02  -6.446224E-03
  1.117500000000E+01   4.925650E+00   2.066103E-03   6.505223E+01  -1.719258E-17  -4.838494E-18  -1.523422E-13   1.200000E+02  -4.473353E-03
  1.118000000000E+01   4.925660E+00   2.030071E-03   6.504186E+01  -1.719578E-17   3.949196E-18   1.265291E-13   1.200000E+02  -2.506767E-03
  1.118500000000E+01   4.925670E+00   1.991346E-03   6.502987E+01  -1.715542E-17   1.150538E-17   3.757225E-13   1.200000E+02  -5.459744E-04
  1.119000000000E+01   4.925680E+00   1.952293E-03   6.501734E+01  -1.708318E-17   1.646827E-17   5.484439E-13   1.200000E+02   1.409261E-03
  1.119500000000E+01   4.925689E+00   1.915122E-03   6.500535E+01  -1.700015E-17   1.633135E-17   5.543380E-13   1.200000E+02   3.358923E-03
  1.120000000000E+01   4.925699E+00   1.881651E-03   6.499487E+01  -1.692520E-17   1.260797E-17   4.354969E-13   1.200000E+02   5.302777E-03
  1.120500000000E+01   4.925708E+00   1.853150E-03   6.498664E+01  -1.687494E-17   7.916380E-18   2.776133E-13   1.200000E+02   7.240418E-03
  1.121000000000E+01   4.925717E+00   1.830283E-03   6.498112E+01  -1.685564E-17   1.831595E-20   6.502771E-16   1.200000E+02   9.171340E-03
  1.121500000000E+01   4.925727E+00   1.813125E-03   6.497846E+01  -1.687662E-17  -7.657736E-18  -2.744366E-13   1.200000E+02   1.109500E-02
  1.122000000000E+01   4.925736E+00   1.801225E-03   6.497849E+01  -1.693165E-17  -1.402691E-17  -5.060153E-13   1.200000E+02   1.301087E-02
  1.122500000000E+01   4.925745E+00   1.793698E-03   6.498080E+01  -1.701498E-17  -1.805548E-17  -6.541006E-13   1.200000E+02   1.491851E-02
  1.123000000000E+01   4.925754E+00   1.789345E-03   6.498476E+01  -1.710533E-17  -1.752074E-17  -6.363116E-13   1.200000E+02   1.681758E-02
  1.123500000000E+01   4.925762E+00   1.786770E-03   6.498965E+01  -1.718389E-17  -1.398711E-17  -5.087489E-13   1.200000E+02   1.870790E-02
  1.124000000000E+01   4.925771E+00   1.784505E-03   6.499467E+01  -1.723726E-17  -6.547436E-18  -2.384686E-13   1.200000E+02   2.058944E-02
  1.124500000000E+01   4.925780E+00   1.781128E-03   6.499906E+01  -1.724855E-17   1.565099E-18   5.711545E-14   1.200000E+02   2.246232E-02
  1.125000000000E+01   4.925789E+00   1.775375E-03   6.500214E+01  -1.721848E-17   1.054037E-17   3.859164E-13   1.200000E+02   2.432682E-02
  1.125500000000E+01   4.925798E+00   1.766236E-03   6.500334E+01  -1.715065E-17   1.640364E-17   6.037086E-13   1.200000E+02   2.618331E-02
  1.126000000000E+01   4.925807E+00   1.753033E-03   6.500226E+01  -1.706135E-17   1.879272E-17   6.968320E-13   1.200000E+02   2.803230E-02
  1.126500000000E+01   4.925816E+00   1.735482E-03   6.499871E+01  -1.696872E-17   1.756116E-17   6.577153E-13   1.200000E+02   2.987430E-02
  1.127000000000E+01   4.925824E+00   1.713711E-03   6.499268E+01  -1.689072E-17   1.350528E-17   5.121892E-13   1.200000E+02   3.170986E-02
  1.127500000000E+01   4.925833E+00   1.688258E-03   6.498438E+01  -1.683999E-17   6.738198E-18   2.593665E-13   1.200000E+02   3.353947E-02
  1.128000000000E+01   4.925841E+00   1.660019E-03   6.497423E+01  -1.682719E-17  -9.685138E-19  -3.790827E-14   1.200000E+02   3.536355E-02
  1.128500000000E+01   4.925849E+00   1.630160E-03   6.496284E+01  -1.684906E-17  -7.610334E-18  -3.032763E-13   1.200000E+02   3.718240E-02
  1.129000000000E+01   4.925857E+00   1.600003E-03   6.495093E+01  -1.690027E-17  -1.236440E-17  -5.019237E-13   1.200000E+02   3.899619E-02
  1.129500000000E+01   4.925865E+00   1.570886E-03   6.493929E+01  -1.696723E-17  -1.381190E-17  -5.709742E-13   1.200000E+02   4.080492E-02
  1.130000000000E+01   4.925873E+00   1.544017E-03   6.492871E+01  -1.703609E-17  -1.282456E-17  -5.392958E-13   1.200000E+02   4.260849E-02
  1.130500000000E+01   4.925881E+00   1.520348E-03   6.491984E+01  -1.708999E-17  -9.301016E-18  -3.971593E-13   1.200000E+02   4.440665E-02
  1.131000000000E+01   4.925888E+00   1.500463E-03   6.491315E+01  -1.712205E-17  -3.459050E-18  -1.496457E-13   1.200000E+02   4.619907E-02
  1.131500000000E+01   4.925896E+00   1.484504E-03   6.490881E+01  -1.712214E-17   2.981366E-18   1.303579E-13   1.200000E+02   4.798539E-02
  1.132000000000E+01   4.925903E+00   1.472138E-03   6.490668E+01  -1.709125E-17   8.702478E-18   3.836929E-13   1.200000E+02   4.976526E-02
  1.132500000000E+01   4.925911E+00   1.462573E-03   6.490630E+01  -1.703586E-17   1.323395E-17   5.872985E-13   1.200000E+02   5.153839E-02
  1.133000000000E+01   4.925918E+00   1.454624E-03   6.490692E+01  -1.696330E-17   1.488635E-17   6.642455E-13   1.200000E+02   5.330459E-02
  1.133500000000E+01   4.925925E+00   1.446839E-03   6.490761E+01  -1.689103E-17   1.319789E-17   5.920793E-13   1.200000E+02   5.506385E-02
  1.134000000000E+01   4.925932E+00   1.437682E-03   6.490732E+01  -1.683379E-17   9.490780E-18   4.284821E-13   1.200000E+02   5.681627E-02
  1.134500000000E+01   4.925939E+00   1.425742E-03   6.490510E+01  -1.680018E-17   3.482151E-18   1.585205E-13   1.200000E+02   5.856215E-02
  1.135000000000E+01   4.925947E+00   1.409961E-03   6.490019E+01  -1.679810E-17  -3.527134E-18  -1.623532E-13   1.200000E+02   6.030192E-02
  1.135500000000E+01   4.925954E+00   1.389814E-03   6.489212E+01  -1.683072E-17  -9.528783E-18  -4.449105E-13   1.200000E+02   6.203607E-02
  1.136000000000E+01   4.925960E+00   1.365424E-03   6.488086E+01  -1.689041E-17  -1.360052E-17  -6.462562E-13   1.200000E+02   6.376514E-02
  1.136500000000E+01   4.925967E+00   1.337558E-03   6.486678E+01  -1.696174E-17  -1.425569E-17  -6.913498E-13   1.200000E+02   6.548961E-02
  1.137000000000E+01   4.925974E+00   1.307530E-03   6.485069E+01  -1.703102E-17  -1.315041E-17  -6.522321E-13   1.200000E+02   6.720982E-02
  1.137500000000E+01   4.925980E+00   1.277007E-03   6.483370E+01  -1.708914E-17  -9.640017E-18  -4.894239E-13   1.200000E+02   6.892598E-02
  1.138000000000E+01   4.925987E+00   1.247789E-03   6.481716E+01  -1.712774E-17  -5.282809E-18  -2.744188E-13   1.200000E+02   7.063809E-02
  1.138500000000E+01   4.925993E+00   1.221576E-03   6.480244E+01  -1.714304E-17  -1.053652E-18  -5.589440E-14   1.200000E+02   7.234596E-02
  1.139000000000E+01   4.925999E+00   1.199790E-03   6.479081E+01  -1.713766E-17   2.968907E-18   1.603263E-13   1.200000E+02   7.404922E-02
  1.139500000000E+01   4.926005E+00   1.183435E-03   6.478326E+01  -1.711492E-17   5.786381E-18   3.167564E-13   1.200000E+02   7.574740E-02
  1.140000000000E+01   4.926011E+00   1.173018E-03   6.478039E+01  -1.708482E-17   6.040361E-18   3.335813E-13   1.200000E+02   7.743990E-02
  1.140500000000E+01   4.926016E+00   1.168507E-03   6.478228E+01  -1.705342E-17   6.297400E-18   3.491292E-13   1.200000E+02   7.912615E-02
  1.141000000000E+01   4.926022E+00   1.169322E-03   6.478852E+01  -1.702377E-17   4.730612E-18   2.621085E-13   1.200000E+02   8.080558E-02
  1.141500000000E+01   4.926028E+00   1.174364E-03   6.479819E+01  -1.700324E-17   3.047780E-18   1.681682E-13   1.200000E+02   8.247772E-02
  1.142000000000E+01   4.926034E+00   1.182073E-03   6.480999E+01  -1.699412E-17   5.466322E-19   2.997042E-14   1.200000E+02   8.414225E-02
  1.142500000000E+01   4.926040E+00   1.190549E-03   6.482235E+01  -1.699577E-17  -8.702183E-19  -4.738114E-14   1.200000E+02   8.579904E-02
  1.143000000000E+01   4.926046E+00   1.197725E-03   6.483358E+01  -1.700210E-17  -1.284528E-18  -6.953228E-14   1.200000E+02   8.744818E-02
  1.143500000000E+01   4.926052E+00   1.201603E-03   6.484213E+01  -1.700815E-17  -9.069663E-19  -4.894264E-14   1.200000E+02   8.908997E-02
  1.144000000000E+01   4.926058E+00   1.200520E-03   6.484669E+01  -1.700732E-17   1.043000E-18   5.633818E-14   1.200000E+02   9.072493E-02
  1.144500000000E+01   4.926064E+00   1.193401E-03   6.484638E+01  -1.699595E-17   3.688740E-18   2.004368E-13   1.200000E+02   9.235370E-02
  1.145000000000E+01   4.926070E+00   1.179933E-03   6.484086E+01  -1.697437E-17   5.169039E-18   2.840542E-13   1.200000E+02   9.397702E-02
  1.145500000000E+01   4.926076E+00   1.160628E-03   6.483039E+01  -1.694449E-17   6.592260E-18   3.682305E-13   1.200000E+02   9.559560E-02
  1.146000000000E+01   4.926082E+00   1.136738E-03   6.481578E+01  -1.691241E-17   6.110198E-18   3.483982E-13   1.200000E+02   9.721005E-02
  1.146500000000E+01   4.926087E+00   1.110051E-03   6.479832E+01  -1.688727E-17   3.771674E-18   2.201683E-13   1.200000E+02   9.882083E-02
  1.147000000000E+01   4.926093E+00   1.082629E-03   6.477963E+01  -1.687695E-17   1.912928E-19   1.144609E-14   1.200000E+02   1.004281E-01
  1.147500000000E+01   4.926098E+00   1.056525E-03   6.476152E+01  -1.688573E-17  -3.796117E-18  -2.326896E-13   1.200000E+02   1.020320E-01
  1.148000000000E+01   4.926103E+00   1.033548E-03   6.474572E+01  -1.691429E-17  -7.652446E-18  -4.793808E-13   1.200000E+02   1.036323E-01
  1.148500000000E+01   4.926108E+00   1.015106E-03   6.473372E+01  -1.696049E-17  -1.032730E-17  -6.585761E-13   1.200000E+02   1.052284E-01
  1.149000000000E+01   4.926113E+00   1.002109E-03   6.472663E+01  -1.701655E-17  -1.168794E-17  -7.549294E-13   1.200000E+02   1.068201E-01
  1.149500000000E+01   4.926118E+00   9.949348E-04   6.472499E+01  -1.707458E-17  -1.165000E-17  -7.578847E-13   1.200000E+02   1.084066E-01
  1.150000000000E+01   4.926123E+00   9.934344E-04   6.472879E+01  -1.712850E-17  -9.336006E-18  -6.083022E-13   1.200000E+02   1.099874E-01
  1.150500000000E+01   4.926128E+00   9.969552E-04   6.473740E+01  -1.716559E-17  -5.365630E-18  -3.484179E-13   1.200000E+02   1.115620E-01
  1.151000000000E+01   4.926133E+00   1.004390E-03   6.474974E+01  -1.718033E-17  -5.285738E-19  -3.407544E-14   1.200000E+02   1.131299E-01
  1.151500000000E+01   4.926138E+00   1.014248E-03   6.476429E+01  -1.716936E-17   4.942846E-18   3.156228E-13   1.200000E+02   1.146909E-01
  1.152000000000E+01   4.926143E+00   1.024769E-03   6.477935E+01  -1.713260E-17   9.336524E-18   5.901953E-13   1.200000E+02   1.162447E-01
  1.152500000000E+01   4.926149E+00   1.034072E-03   6.479315E+01  -1.707775E-17   1.234641E-17   7.736050E-13   1.200000E+02   1.177915E-01
  1.153000000000E+01   4.926154E+00   1.040347E-03   6.480407E+01  -1.700985E-17   1.398888E-17   8.713788E-13   1.200000E+02   1.193315E-01
  1.153500000000E+01   4.926159E+00   1.042071E-03   6.481074E+01  -1.693989E-17   1.326435E-17   8.249656E-13   1.200000E+02   1.208653E-01
  1.154000000000E+01   4.926164E+00   1.038193E-03   6.481223E+01  -1.687812E-17   1.087325E-17   6.787940E-13   1.200000E+02   1.223933E-01
  1.154500000000E+01   4.926169E+00   1.028281E-03   6.480807E+01  -1.683217E-17   7.373535E-18   4.647217E-13   1.200000E+02   1.239164E-01
  1.155000000000E+01   4.926174E+00   1.012568E-03   6.479832E+01  -1.680454E-17   3.198888E-18   2.047098E-13   1.200000E+02   1.254351E-01
  1.155500000000E+01   4.926179E+00   9.919068E-04   6.478355E+01  -1.679919E-17  -6.265465E-19  -4.092109E-14   1.200000E+02   1.269502E-01
  1.156000000000E+01   4.926184E+00   9.676373E-04   6.476479E+01  -1.680907E-17  -3.267381E-18  -2.186886E-13   1.200000E+02   1.284620E-01
  1.156500000000E+01   4.926189E+00   9.413935E-04   6.474339E+01  -1.683066E-17  -5.272851E-18  -3.626350E-13   1.200000E+02   1.299710E-01
  1.157000000000E+01   4.926194E+00   9.148986E-04   6.472098E+01  -1.685925E-17  -5.993391E-18  -4.239794E-13   1.200000E+02   1.314773E-01
  1.157500000000E+01   4.926198E+00   8.897784E-04   6.469924E+01  -1.688838E-17  -5.406426E-18  -3.931222E-13   1.200000E+02   1.329809E-01
  1.158000000000E+01   4.926203E+00   8.674181E-04   6.467978E+01  -1.691241E-17  -4.183672E-18  -3.119591E-13   1.200000E+02   1.344815E-01
  1.158500000000E+01   4.926207E+00   8.488685E-04   6.466399E+01  -1.693112E-17  -3.355396E-18  -2.556030E-13   1.200000E+02   1.359788E-01
  1.159000000000E+01   4.926211E+00   8.347969E-04   6.465290E+01  -1.694620E-17  -2.495309E-18  -1.932554E-13   1.200000E+02   1.374725E-01
  1.159500000000E+01   4.926215E+00   8.254689E-04   6.464705E+01  -1.695873E-17  -2.433112E-18  -1.905505E-13   1.200000E+02   1.389619E-01
  1.160000000000E+01   4.926219E+00   8.207511E-04   6.464647E+01  -1.696999E-17  -2.198798E-18  -1.731884E-13   1.200000E+02   1.404468E-01
  1.160500000000E+01   4.926224E+00   8.201264E-04   6.465065E+01  -1.698054E-17  -1.910250E-18  -1.505852E-13   1.200000E+02   1.419265E-01
  1.161000000000E+01   4.926228E+00   8.227255E-04   6.465857E+01  -1.699185E-17  -2.334794E-18  -1.834931E-13   1.200000E+02   1.434008E-01
  1.161500000000E+01   4.926232E+00   8.273816E-04   6.466886E+01  -1.700589E-17  -3.062575E-18  -2.393735E-13   1.200000E+02   1.448695E-01
  1.162000000000E+01   4.926236E+00   8.327196E-04   6.467988E+01  -1.702136E-17  -2.869476E-18  -2.228810E-13   1.200000E+02   1.463323E-01
  1.162500000000E+01   4.926240E+00   8.372878E-04   6.468997E+01  -1.703277E-17  -1.648027E-18  -1.273288E-13   1.200000E+02   1.477893E-01
  1.163000000000E+01   4.926244E+00   8.397256E-04   6.469757E+01  -1.703766E-17  -1.302893E-19  -1.003828E-14   1.200000E+02   1.492408E-01
  1.163500000000E+01   4.926248E+00   8.389461E-04   6.470148E+01  -1.703133E-17   2.445497E-18   1.886024E-13   1.200000E+02   1.506871E-01
  1.164000000000E+01   4.926253E+00   8.342987E-04   6.470092E+01  -1.701322E-17   4.936300E-18   3.828163E-13   1.200000E+02   1.521285E-01
  1.164500000000E+01   4.926257E+00   8.256717E-04   6.469571E+01  -1.698266E-17   6.915126E-18   5.418364E-13   1.200000E+02   1.535656E-01
  1.165000000000E+01   4.926261E+00   8.135057E-04   6.468621E+01  -1.694456E-17   8.118170E-18   6.455193E-13   1.200000E+02   1.549988E-01
  1.165500000000E+01   4.926265E+00   7.987141E-04   6.467333E+01  -1.690332E-17   8.103275E-18   6.561369E-13   1.200000E+02   1.564284E-01
  1.166000000000E+01   4.926269E+00   7.825288E-04   6.465841E+01  -1.686525E-17   7.107675E-18   5.872895E-13   1.200000E+02   1.578548E-01
  1.166500000000E+01   4.926273E+00   7.663120E-04   6.464303E+01  -1.683475E-17   4.649087E-18   3.921785E-13   1.200000E+02   1.592780E-01
  1.167000000000E+01   4.926277E+00   7.513731E-04   6.462883E+01  -1.681818E-17   1.831542E-18   1.575388E-13   1.200000E+02   1.606979E-01
  1.167500000000E+01   4.926280E+00   7.388218E-04   6.461736E+01  -1.681976E-17  -2.428399E-18  -2.123878E-13   1.200000E+02   1.621145E-01
  1.168000000000E+01   4.926284E+00   7.294698E-04   6.460981E+01  -1.684307E-17  -6.694178E-18  -5.929095E-13   1.200000E+02   1.635274E-01
  1.168500000000E+01   4.926288E+00   7.237797E-04   6.460697E+01  -1.688463E-17  -9.687615E-18  -8.647486E-13   1.200000E+02   1.649362E-01
  1.169000000000E+01   4.926291E+00   7.218499E-04   6.460906E+01  -1.693851E-17  -1.143906E-17  -1.023851E-12   1.200000E+02   1.663407E-01
  1.169500000000E+01   4.926295E+00   7.234253E-04   6.461580E+01  -1.699724E-17  -1.174389E-17  -1.048955E-12   1.200000E+02   1.677404E-01
  1.170000000000E+01   4.926298E+00   7.279281E-04   6.462638E+01  -1.705265E-17  -1.020279E-17  -9.058169E-13   1.200000E+02   1.691350E-01
  1.170500000000E+01   4.926302E+00   7.345082E-04   6.463962E+01  -1.709637E-17  -6.870866E-18  -6.046634E-13   1.200000E+02   1.705243E-01
  1.171000000000E+01   4.926306E+00   7.421173E-04   6.465410E+01  -1.712011E-17  -2.298968E-18  -2.002887E-13   1.200000E+02   1.719082E-01
  1.171500000000E+01   4.926310E+00   7.496092E-04   6.466832E+01  -1.711913E-17   2.727909E-18   2.353350E-13   1.200000E+02   1.732865E-01
  1.172000000000E+01   4.926313E+00   7.558633E-04   6.468085E+01  -1.709249E-17   7.804290E-18   6.678299E-13   1.200000E+02   1.746595E-01
  1.172500000000E+01   4.926317E+00   7.599177E-04   6.469052E+01  -1.704399E-17   1.136940E-17   9.678579E-13   1.200000E+02   1.760273E-01
  1.173000000000E+01   4.926321E+00   7.610919E-04   6.469652E+01  -1.698166E-17   1.322942E-17   1.124565E-12   1.200000E+02   1.773903E-01
  1.173500000000E+01   4.926325E+00   7.590741E-04   6.469847E+01  -1.691571E-17   1.286306E-17   1.096362E-12   1.200000E+02   1.787488E-01
  1.174000000000E+01   4.926328E+00   7.539538E-04   6.469647E+01  -1.685819E-17   1.009009E-17   8.658263E-13   1.200000E+02   1.801032E-01
  1.174500000000E+01   4.926332E+00   7.461921E-04   6.469101E+01  -1.681857E-17   5.765393E-18   4.998299E-13   1.200000E+02   1.814539E-01
  1.175000000000E+01   4.926336E+00   7.365369E-04   6.468298E+01  -1.680210E-17   9.821681E-19   8.625441E-14   1.200000E+02   1.828010E-01
  1.175500000000E+01   4.926340E+00   7.259036E-04   6.467347E+01  -1.681004E-17  -3.761270E-18  -3.351056E-13   1.200000E+02   1.841449E-01
  1.176000000000E+01   4.926343E+00   7.152445E-04   6.466372E+01  -1.683738E-17  -6.983563E-18  -6.313689E-13   1.200000E+02   1.854855E-01
  1.176500000000E+01   4.926347E+00   7.054311E-04   6.465489E+01  -1.687675E-17  -8.447149E-18  -7.742066E-13   1.200000E+02   1.868229E-01
  1.177000000000E+01   4.926350E+00   6.971613E-04   6.464799E+01  -1.691922E-17  -7.922716E-18  -7.346760E-13   1.200000E+02   1.881569E-01
  1.177500000000E+01   4.926354E+00   6.908994E-04   6.464374E+01  -1.695443E-17  -6.013165E-18  -5.626195E-13   1.200000E+02   1.894874E-01
  1.178000000000E+01   4.926357E+00   6.868460E-04   6.464249E+01  -1.697638E-17  -2.741650E-18  -2.580303E-13   1.200000E+02   1.908142E-01
  1.178500000000E+01   4.926361E+00   6.849343E-04   6.464420E+01  -1.697985E-17   1.118134E-18   1.055297E-13   1.200000E+02   1.921370E-01
  1.179000000000E+01   4.926364E+00   6.848487E-04   6.464845E+01  -1.696568E-17   4.793169E-18   4.524663E-13   1.200000E+02   1.934557E-01
  1.179500000000E+01   4.926367E+00   6.860637E-04   6.465451E+01  -1.693744E-17   6.689867E-18   6.304518E-13   1.200000E+02   1.947701E-01
  1.180000000000E+01   4.926371E+00   6.879019E-04   6.466143E+01  -1.690083E-17   7.657048E-18   7.197474E-13   1.200000E+02   1.960801E-01
  1.180500000000E+01   4.926374E+00   6.896087E-04   6.466813E+01  -1.686337E-17   6.908580E-18   6.478529E-13   1.200000E+02   1.973858E-01
  1.181000000000E+01   4.926378E+00   6.904389E-04   6.467360E+01  -1.683528E-17   4.008796E-18   3.755050E-13   1.200000E+02   1.986871E-01
  1.181500000000E+01   4.926381E+00   6.897466E-04   6.467694E+01  -1.682363E-17   5.802946E-19   5.441373E-14   1.200000E+02   1.999844E-01
  1.182000000000E+01   4.926385E+00   6.870627E-04   6.467749E+01  -1.682942E-17  -2.768132E-18  -2.605815E-13   1.200000E+02   2.012778E-01
  1.182500000000E+01   4.926388E+00   6.821503E-04   6.467488E+01  -1.685230E-17  -6.139355E-18  -5.820741E-13   1.200000E+02   2.025675E-01
  1.183000000000E+01   4.926391E+00   6.750248E-04   6.466906E+01  -1.688907E-17  -8.327696E-18  -7.978141E-13   1.200000E+02   2.038538E-01
  1.183500000000E+01   4.926395E+00   6.659383E-04   6.466030E+01  -1.693280E-17  -8.810458E-18  -8.554650E-13   1.200000E+02   2.051370E-01
  1.184000000000E+01   4.926398E+00   6.553328E-04   6.464914E+01  -1.697518E-17  -7.838984E-18  -7.733224E-13   1.200000E+02   2.064172E-01
  1.184500000000E+01   4.926401E+00   6.437745E-04   6.463629E+01  -1.700944E-17  -5.658688E-18  -5.681440E-13   1.200000E+02   2.076947E-01
  1.185000000000E+01   4.926405E+00   6.318816E-04   6.462262E+01  -1.702930E-17  -2.215015E-18  -2.265298E-13   1.200000E+02   2.089695E-01
  1.185500000000E+01   4.926408E+00   6.202601E-04   6.460901E+01  -1.703121E-17   1.416150E-18   1.475124E-13   1.200000E+02   2.102417E-01
  1.186000000000E+01   4.926411E+00   6.094526E-04   6.459635E+01  -1.701680E-17   4.269307E-18   4.525071E-13   1.200000E+02   2.115112E-01
  1.186500000000E+01   4.926414E+00   5.999044E-04   6.458539E+01  -1.699008E-17   6.082725E-18   6.548630E-13   1.200000E+02   2.127779E-01
  1.187000000000E+01   4.926417E+00   5.919450E-04   6.457676E+01  -1.695701E-17   6.935859E-18   7.566502E-13   1.200000E+02   2.140416E-01
  1.187500000000E+01   4.926420E+00   5.857810E-04   6.457089E+01  -1.692234E-17   6.568600E-18   7.240595E-13   1.200000E+02   2.153023E-01
  1.188000000000E+01   4.926423E+00   5.814966E-04   6.456801E+01  -1.689205E-17   5.236906E-18   5.814937E-13   1.200000E+02   2.165597E-01
  1.188500000000E+01   4.926426E+00   5.790575E-04   6.456813E+01  -1.687118E-17   3.148583E-18   3.510845E-13   1.200000E+02   2.178137E-01
  1.189000000000E+01   4.926428E+00   5.783182E-04   6.457105E+01  -1.686202E-17   3.633755E-19   4.057202E-14   1.200000E+02   2.190640E-01
  1.189500000000E+01   4.926431E+00   5.790318E-04   6.457637E+01  -1.686739E-17  -2.339415E-18  -2.609026E-13   1.200000E+02   2.203106E-01
  1.190000000000E+01   4.926434E+00   5.808633E-04   6.458352E+01  -1.688434E-17  -4.206207E-18  -4.676689E-13   1.200000E+02   2.215533E-01
  1.190500000000E+01   4.926437E+00   5.834104E-04   6.459183E+01  -1.690959E-17  -5.607628E-18  -6.208442E-13   1.200000E+02   2.227920E-01
  1.191000000000E+01   4.926440E+00   5.862319E-04   6.460056E+01  -1.693923E-17  -5.909276E-18  -6.511801E-13   1.200000E+02   2.240267E-01
  1.191500000000E+01   4.926443E+00   5.888837E-04   6.460897E+01  -1.696719E-17  -5.081718E-18  -5.575372E-13   1.200000E+02   2.252574E-01
  1.192000000000E+01   4.926446E+00   5.909610E-04   6.461642E+01  -1.698769E-17  -3.095693E-18  -3.384869E-13   1.200000E+02   2.264842E-01
  1.192500000000E+01   4.926449E+00   5.921408E-04   6.462239E+01  -1.699663E-17  -5.673700E-19  -6.191906E-14   1.200000E+02   2.277072E-01
  1.193000000000E+01   4.926452E+00   5.922172E-04   6.462655E+01  -1.699250E-17   1.980807E-18   2.161584E-13   1.200000E+02   2.289265E-01
  1.193500000000E+01   4.926455E+00   5.911239E-04   6.462881E+01  -1.697590E-17   4.513722E-18   4.934947E-13   1.200000E+02   2.301423E-01
  1.194000000000E+01   4.926458E+00   5.889377E-04   6.462927E+01  -1.694904E-17   6.176980E-18   6.778540E-13   1.200000E+02   2.313547E-01
  1.194500000000E+01   4.926461E+00   5.858624E-04   6.462826E+01  -1.691666E-17   6.784781E-18   7.484498E-13   1.200000E+02   2.325638E-01
  1.195000000000E+01   4.926464E+00   5.821960E-04   6.462623E+01  -1.688395E-17   6.111434E-18   6.783951E-13   1.200000E+02   2.337698E-01
  1.195500000000E+01   4.926467E+00   5.782879E-04   6.462375E+01  -1.685552E-17   5.396103E-18   6.030152E-13   1.200000E+02   2.349726E-01
  1.196000000000E+01   4.926469E+00   5.744934E-04   6.462141E+01  -1.683329E-17   3.659320E-18   4.116156E-13   1.200000E+02   2.361724E-01
  1.196500000000E+01   4.926472E+00   5.711339E-04   6.461975E+01  -1.681967E-17   1.567335E-18   1.773328E-13   1.200000E+02   2.373691E-01
  1.197000000000E+01   4.926475E+00   5.684666E-04   6.461921E+01  -1.681653E-17  -1.843337E-19  -2.095373E-14   1.200000E+02   2.385627E-01
  1.197500000000E+01   4.926478E+00   5.666661E-04   6.462011E+01  -1.682043E-17  -1.490876E-18  -1.700129E-13   1.200000E+02   2.397530E-01
  1.198000000000E+01   4.926481E+00   5.658189E-04   6.462261E+01  -1.683062E-17  -2.658451E-18  -3.036238E-13   1.200000E+02   2.409401E-01
  1.198500000000E+01   4.926484E+00   5.659269E-04   6.462672E+01  -1.684553E-17  -3.057382E-18  -3.491415E-13   1.200000E+02   2.421238E-01
  1.199000000000E+01   4.926486E+00   5.669185E-04   6.463231E+01  -1.686131E-17  -3.082607E-18  -3.514368E-13   1.200000E+02   2.433041E-01
  1.199500000000E+01   4.926489E+00   5.686636E-04   6.463917E+01  -1.687594E-17  -2.726753E-18  -3.099461E-13   1.200000E+02   2.444809E-01
  1.200000000000E+01   4.926492E+00   5.709887E-04   6.464697E+01  -1.688819E-17  -2.137082E-18  -2.419590E-13   1.200000E+02   2.456541E-01
  1.200500000000E+01   4.926495E+00   5.736921E-04   6.465539E+01  -1.689657E-17  -1.339601E-18  -1.509737E-13   1.200000E+02   2.468236E-01
  1.201000000000E+01   4.926498E+00   5.765556E-04   6.466403E+01  -1.690235E-17  -8.817729E-19  -9.889591E-14   1.200000E+02   2.479896E-01
  1.201500000000E+01   4.926501E+00   5.793536E-04   6.467253E+01  -1.690391E-17   4.693298E-20   5.239071E-15   1.200000E+02   2.491520E-01
  1.202000000000E+01   4.926504E+00   5.818597E-04   6.468052E+01  -1.690495E-17  -2.573555E-19  -2.860807E-14   1.200000E+02   2.503108E-01
  1.202500000000E+01   4.926507E+00   5.838524E-04   6.468763E+01  -1.690722E-17  -8.640613E-19  -9.573323E-14   1.200000E+02   2.514662E-01
  1.203000000000E+01   4.926510E+00   5.851206E-04   6.469353E+01  -1.691286E-17  -1.686972E-18  -1.865191E-13   1.200000E+02   2.526181E-01
  1.203500000000E+01   4.926512E+00   5.854709E-04   6.469792E+01  -1.692324E-17  -2.283489E-18  -2.523387E-13   1.200000E+02   2.537667E-01
  1.204000000000E+01   4.926515E+00   5.847368E-04   6.470051E+01  -1.693476E-17  -2.229740E-18  -2.467184E-13   1.200000E+02   2.549121E-01
  1.204500000000E+01   4.926518E+00   5.827908E-04   6.470110E+01  -1.694581E-17  -2.126834E-18  -2.361199E-13   1.200000E+02   2.560545E-01
  1.205000000000E+01   4.926521E+00   5.795569E-04   6.469954E+01  -1.695520E-17  -1.688772E-18  -1.885281E-13   1.200000E+02   2.571940E-01
  1.205500000000E+01   4.926524E+00   5.750233E-04   6.469577E+01  -1.696261E-17  -1.001325E-18  -1.126589E-13   1.200000E+02   2.583308E-01
  1.206000000000E+01   4.926527E+00   5.692532E-04   6.468984E+01  -1.696397E-17   5.724833E-19   6.505691E-14   1.200000E+02   2.594650E-01
  1.206500000000E+01   4.926530E+00   5.623908E-04   6.468195E+01  -1.695668E-17   2.271064E-18   2.612007E-13   1.200000E+02   2.605968E-01
  1.207000000000E+01   4.926533E+00   5.546618E-04   6.467241E+01  -1.694199E-17   3.601210E-18   4.198936E-13   1.200000E+02   2.617263E-01
  1.207500000000E+01   4.926535E+00   5.463678E-04   6.466169E+01  -1.692185E-17   4.383772E-18   5.188120E-13   1.200000E+02   2.628535E-01
  1.208000000000E+01   4.926538E+00   5.378717E-04   6.465037E+01  -1.689873E-17   4.795613E-18   5.764166E-13   1.200000E+02   2.639786E-01
  1.208500000000E+01   4.926541E+00   5.295785E-04   6.463918E+01  -1.687407E-17   4.856299E-18   5.927491E-13   1.200000E+02   2.651016E-01
  1.209000000000E+01   4.926543E+00   5.219089E-04   6.462889E+01  -1.685126E-17   4.068263E-18   5.037801E-13   1.200000E+02   2.662224E-01
  1.209500000000E+01   4.926546E+00   5.152697E-04   6.462031E+01  -1.683378E-17   2.851185E-18   3.575690E-13   1.200000E+02   2.673409E-01
  1.210000000000E+01   4.926548E+00   5.100217E-04   6.461418E+01  -1.682369E-17   1.143015E-18   1.448075E-13   1.200000E+02   2.684571E-01
  1.210500000000E+01   4.926551E+00   5.064485E-04   6.461113E+01  -1.682246E-17  -7.128267E-19  -9.094022E-14   1.200000E+02   2.695707E-01
  1.211000000000E+01   4.926554E+00   5.047253E-04   6.461154E+01  -1.683052E-17  -2.501493E-18  -3.202242E-13   1.200000E+02   2.706816E-01
  1.211500000000E+01   4.926556E+00   5.048922E-04   6.461553E+01  -1.684621E-17  -3.702042E-18  -4.737831E-13   1.200000E+02   2.717897E-01
  1.212000000000E+01   4.926559E+00   5.068330E-04   6.462288E+01  -1.686759E-17  -4.691259E-18  -5.981509E-13   1.200000E+02   2.728947E-01
  1.212500000000E+01   4.926561E+00   5.102643E-04   6.463301E+01  -1.689305E-17  -5.153707E-18  -6.527981E-13   1.200000E+02   2.739964E-01
  1.213000000000E+01   4.926564E+00   5.147397E-04   6.464503E+01  -1.691844E-17  -4.815969E-18  -6.048270E-13   1.200000E+02   2.750948E-01
  1.213500000000E+01   4.926566E+00   5.196758E-04   6.465782E+01  -1.694108E-17  -4.176646E-18  -5.196564E-13   1.200000E+02   2.761897E-01
  1.214000000000E+01   4.926569E+00   5.244045E-04   6.467014E+01  -1.695933E-17  -3.172204E-18  -3.911996E-13   1.200000E+02   2.772812E-01
  1.214500000000E+01   4.926572E+00   5.282505E-04   6.468076E+01  -1.697196E-17  -1.823471E-18  -2.232719E-13   1.200000E+02   2.783694E-01
  1.215000000000E+01   4.926574E+00   5.306262E-04   6.468867E+01  -1.697809E-17  -4.304184E-19  -5.247233E-14   1.200000E+02   2.794543E-01
  1.215500000000E+01   4.926577E+00   5.311280E-04   6.469316E+01  -1.697763E-17   5.433261E-19   6.617894E-14   1.200000E+02   2.805363E-01
  1.216000000000E+01   4.926579E+00   5.296099E-04   6.469399E+01  -1.697227E-17   1.508203E-18   1.842331E-13   1.200000E+02   2.816155E-01
  1.216500000000E+01   4.926582E+00   5.262169E-04   6.469139E+01  -1.696309E-17   1.927844E-18   2.370028E-13   1.200000E+02   2.826921E-01
  1.217000000000E+01   4.926585E+00   5.213657E-04   6.468606E+01  -1.695203E-17   2.485802E-18   3.084145E-13   1.200000E+02   2.837664E-01
  1.217500000000E+01   4.926587E+00   5.156781E-04   6.467909E+01  -1.693964E-17   2.562392E-18   3.213889E-13   1.200000E+02   2.848385E-01
  1.218000000000E+01   4.926590E+00   5.098831E-04   6.467179E+01  -1.692684E-17   2.407073E-18   3.053047E-13   1.200000E+02   2.859084E-01
  1.218500000000E+01   4.926592E+00   5.047114E-04   6.466554E+01  -1.691484E-17   2.383416E-18   3.053723E-13   1.200000E+02   2.869761E-01
  1.219000000000E+01   4.926595E+00   5.008012E-04   6.466161E+01  -1.690313E-17   2.337764E-18   3.018434E-13   1.200000E+02   2.880416E-01
  1.219500000000E+01   4.926597E+00   4.986311E-04   6.466096E+01  -1.689237E-17   2.095949E-18   2.717963E-13   1.200000E+02   2.891047E-01
  1.220000000000E+01   4.926600E+00   4.984808E-04   6.466419E+01  -1.688186E-17   2.059208E-18   2.671257E-13   1.200000E+02   2.901652E-01
  1.220500000000E+01   4.926602E+00   5.004217E-04   6.467143E+01  -1.687145E-17   1.987289E-18   2.568250E-13   1.200000E+02   2.912229E-01
  1.221000000000E+01   4.926605E+00   5.043298E-04   6.468239E+01  -1.686290E-17   1.398674E-18   1.793858E-13   1.200000E+02   2.922776E-01
  1.221500000000E+01   4.926607E+00   5.099167E-04   6.469645E+01  -1.685656E-17   9.816353E-19   1.245465E-13   1.200000E+02   2.933290E-01
  1.222000000000E+01   4.926610E+00   5.167752E-04   6.471275E+01  -1.685234E-17   2.817081E-19   3.527666E-14   1.200000E+02   2.943771E-01
  1.222500000000E+01   4.926613E+00   5.244319E-04   6.473034E+01  -1.685339E-17  -7.140486E-19  -8.813463E-14   1.200000E+02   2.954218E-01
  1.223000000000E+01   4.926615E+00   5.324017E-04   6.474827E+01  -1.685962E-17  -1.584161E-18  -1.926585E-13   1.200000E+02   2.964629E-01
  1.223500000000E+01   4.926618E+00   5.402350E-04   6.476573E+01  -1.686950E-17  -2.250621E-18  -2.698143E-13   1.200000E+02   2.975006E-01
  1.224000000000E+01   4.926621E+00   5.475511E-04   6.478207E+01  -1.688225E-17  -2.758378E-18  -3.263503E-13   1.200000E+02   2.985348E-01
  1.224500000000E+01   4.926623E+00   5.540525E-04   6.479682E+01  -1.689627E-17  -2.716061E-18  -3.176452E-13   1.200000E+02   2.995657E-01
  1.225000000000E+01   4.926626E+00   5.595229E-04   6.480966E+01  -1.690915E-17  -2.226451E-18  -2.578903E-13   1.200000E+02   3.005934E-01
  1.225500000000E+01   4.926629E+00   5.638138E-04   6.482039E+01  -1.691833E-17  -1.311526E-18  -1.507832E-13   1.200000E+02   3.016179E-01
  1.226000000000E+01   4.926632E+00   5.668288E-04   6.482890E+01  -1.692290E-17  -6.363222E-19  -7.277695E-14   1.200000E+02   3.026395E-01
  1.226500000000E+01   4.926635E+00   5.685155E-04   6.483513E+01  -1.692366E-17   4.924168E-19   5.615662E-14   1.200000E+02   3.036583E-01
  1.227000000000E+01   4.926638E+00   5.688692E-04   6.483910E+01  -1.691849E-17   1.398027E-18   1.593456E-13   1.200000E+02   3.046745E-01
  1.227500000000E+01   4.926640E+00   5.679470E-04   6.484090E+01  -1.690949E-17   1.725068E-18   1.969461E-13   1.200000E+02   3.056882E-01
  1.228000000000E+01   4.926643E+00   5.658878E-04   6.484077E+01  -1.690158E-17   1.444826E-18   1.655516E-13   1.200000E+02   3.066995E-01
  1.228500000000E+01   4.926646E+00   5.629264E-04   6.483908E+01  -1.689563E-17   6.574476E-19   7.572623E-14   1.200000E+02   3.077086E-01
  1.229000000000E+01   4.926649E+00   5.593938E-04   6.483637E+01  -1.689386E-17  -3.924566E-20  -4.548756E-15   1.200000E+02   3.087156E-01
  1.229500000000E+01   4.926652E+00   5.556972E-04   6.483334E+01  -1.689715E-17  -1.233219E-18  -1.438800E-13   1.200000E+02   3.097206E-01
  1.230000000000E+01   4.926654E+00   5.522799E-04   6.483074E+01  -1.690453E-17  -1.606840E-18  -1.886229E-13   1.200000E+02   3.107234E-01
  1.230500000000E+01   4.926657E+00   5.495677E-04   6.482934E+01  -1.691389E-17  -1.882092E-18  -2.220196E-13   1.200000E+02   3.117242E-01
  1.231000000000E+01   4.926660E+00   5.479107E-04   6.482975E+01  -1.692240E-17  -1.612038E-18  -1.907391E-13   1.200000E+02   3.127227E-01
  1.231500000000E+01   4.926663E+00   5.475317E-04   6.483239E+01  -1.692791E-17  -7.627246E-19  -9.031305E-14   1.200000E+02   3.137189E-01
  1.232000000000E+01   4.926665E+00   5.484901E-04   6.483736E+01  -1.692819E-17   4.283133E-19   5.063118E-14   1.200000E+02   3.147127E-01
  1.232500000000E+01   4.926668E+00   5.506680E-04   6.484445E+01  -1.692211E-17   2.155741E-18   2.538514E-13   1.200000E+02   3.157039E-01
  1.233000000000E+01   4.926671E+00   5.537826E-04   6.485314E+01  -1.690804E-17   3.655596E-18   4.281047E-13   1.200000E+02   3.166924E-01
  1.233500000000E+01   4.926674E+00   5.574256E-04   6.486271E+01  -1.688613E-17   4.828072E-18   5.618002E-13   1.200000E+02   3.176782E-01
  1.234000000000E+01   4.926676E+00   5.611270E-04   6.487232E+01  -1.686041E-17   5.076602E-18   5.869098E-13   1.200000E+02   3.186612E-01
  1.234500000000E+01   4.926679E+00   5.644317E-04   6.488121E+01  -1.683554E-17   4.707503E-18   5.411256E-13   1.200000E+02   3.196414E-01
  1.235000000000E+01   4.926682E+00   5.669777E-04   6.488877E+01  -1.681421E-17   3.483339E-18   3.986569E-13   1.200000E+02   3.206190E-01
  1.235500000000E+01   4.926685E+00   5.685551E-04   6.489467E+01  -1.680328E-17   1.169149E-18   1.334462E-13   1.200000E+02   3.215941E-01
  1.236000000000E+01   4.926688E+00   5.691339E-04   6.489887E+01  -1.680368E-17  -1.155639E-18  -1.317786E-13   1.200000E+02   3.225667E-01
  1.236500000000E+01   4.926691E+00   5.688522E-04   6.490161E+01  -1.681578E-17  -3.651624E-18  -4.166219E-13   1.200000E+02   3.235369E-01
  1.237000000000E+01   4.926693E+00   5.679691E-04   6.490333E+01  -1.683898E-17  -5.598839E-18  -6.397942E-13   1.200000E+02   3.245050E-01
  1.237500000000E+01   4.926696E+00   5.667959E-04   6.490455E+01  -1.687115E-17  -7.028956E-18  -8.048951E-13   1.200000E+02   3.254708E-01
  1.238000000000E+01   4.926699E+00   5.656225E-04   6.490575E+01  -1.690648E-17  -7.227890E-18  -8.294077E-13   1.200000E+02   3.264345E-01
  1.238500000000E+01   4.926702E+00   5.646575E-04   6.490730E+01  -1.694257E-17  -6.780107E-18  -7.793724E-13   1.200000E+02   3.273961E-01
  1.239000000000E+01   4.926705E+00   5.639937E-04   6.490935E+01  -1.697317E-17  -5.382313E-18  -6.194440E-13   1.200000E+02   3.283555E-01
  1.239500000000E+01   4.926708E+00   5.636036E-04   6.491186E+01  -1.699654E-17  -3.872977E-18  -4.460620E-13   1.200000E+02   3.293127E-01
  1.240000000000E+01   4.926710E+00   5.633657E-04   6.491463E+01  -1.700985E-17  -1.487681E-18  -1.714202E-13   1.200000E+02   3.302677E-01
  1.240500000000E+01   4.926713E+00   5.631121E-04   6.491735E+01  -1.701133E-17   8.178745E-19   9.428717E-14   1.200000E+02   3.312204E-01
  1.241000000000E+01   4.926716E+00   5.626882E-04   6.491978E+01  -1.700300E-17   2.752279E-18   3.175423E-13   1.200000E+02   3.321710E-01
  1.241500000000E+01   4.926719E+00   5.620086E-04   6.492177E+01  -1.698589E-17   3.986557E-18   4.605167E-13   1.200000E+02   3.331195E-01
  1.242000000000E+01   4.926722E+00   5.610973E-04   6.492335E+01  -1.696411E-17   4.495264E-18   5.201372E-13   1.200000E+02   3.340658E-01
  1.242500000000E+01   4.926724E+00   5.601023E-04   6.492477E+01  -1.693986E-17   4.960303E-18   5.749781E-13   1.200000E+02   3.350101E-01
  1.243000000000E+01   4.926727E+00   5.592811E-04   6.492649E+01  -1.691609E-17   4.361534E-18   5.063269E-13   1.200000E+02   3.359522E-01
  1.243500000000E+01   4.926730E+00   5.589627E-04   6.492906E+01  -1.689659E-17   3.422064E-18   3.975067E-13   1.200000E+02   3.368923E-01
  1.244000000000E+01   4.926733E+00   5.594953E-04   6.493308E+01  -1.688143E-17   2.627949E-18   3.049907E-13   1.200000E+02   3.378302E-01
  1.244500000000E+01   4.926736E+00   5.611900E-04   6.493909E+01  -1.687081E-17   1.487730E-18   1.721553E-13   1.200000E+02   3.387658E-01
  1.245000000000E+01   4.926738E+00   5.642719E-04   6.494744E+01  -1.686540E-17   5.593476E-19   6.438066E-14   1.200000E+02   3.396991E-01
  1.245500000000E+01   4.926741E+00   5.688443E-04   6.495827E+01  -1.686503E-17  -2.119949E-19  -2.420842E-14   1.200000E+02   3.406297E-01
  1.246000000000E+01   4.926744E+00   5.748693E-04   6.497147E+01  -1.686712E-17  -8.505947E-19  -9.613382E-14   1.200000E+02   3.415577E-01
  1.246500000000E+01   4.926747E+00   5.821656E-04   6.498664E+01  -1.687262E-17  -1.330030E-18  -1.484701E-13   1.200000E+02   3.424829E-01
  1.247000000000E+01   4.926750E+00   5.904226E-04   6.500322E+01  -1.688016E-17  -1.675986E-18  -1.845195E-13   1.200000E+02   3.434051E-01
  1.247500000000E+01   4.926753E+00   5.992281E-04   6.502048E+01  -1.688867E-17  -1.791271E-18  -1.943656E-13   1.200000E+02   3.443242E-01
  1.248000000000E+01   4.926756E+00   6.081081E-04   6.503764E+01  -1.689851E-17  -2.099970E-18  -2.245934E-13   1.200000E+02   3.452404E-01
  1.248500000000E+01   4.926759E+00   6.165734E-04   6.505394E+01  -1.690921E-17  -2.154926E-18  -2.273637E-13   1.200000E+02   3.461535E-01
  1.249000000000E+01   4.926762E+00   6.241706E-04   6.506871E+01  -1.691951E-17  -1.782851E-18  -1.858591E-13   1.200000E+02   3.470637E-01
  1.249500000000E+01   4.926765E+00   6.305303E-04   6.508145E+01  -1.692651E-17  -1.194663E-18  -1.233096E-13   1.200000E+02   3.479711E-01
  1.250000000000E+01   4.926768E+00   6.354084E-04   6.509185E+01  -1.693027E-17  -4.134057E-19  -4.234967E-14   1.200000E+02   3.488759E-01
  1.250500000000E+01   4.926772E+00   6.387157E-04   6.509983E+01  -1.693020E-17   9.454012E-20   9.635813E-15   1.200000E+02   3.497781E-01
  1.251000000000E+01   4.926775E+00   6.405305E-04   6.510553E+01  -1.692899E-17   5.553605E-19   5.644858E-14   1.200000E+02   3.506781E-01
  1.251500000000E+01   4.926778E+00   6.410937E-04   6.510935E+01  -1.692558E-17   9.107700E-19   9.249763E-14   1.200000E+02   3.515760E-01
  1.252000000000E+01   4.926781E+00   6.407850E-04   6.511186E+01  -1.692001E-17   1.374873E-18   1.397045E-13   1.200000E+02   3.524718E-01
  1.252500000000E+01   4.926784E+00   6.400831E-04   6.511377E+01  -1.691395E-17   1.083747E-18   1.102464E-13   1.200000E+02   3.533658E-01
  1.253000000000E+01   4.926788E+00   6.395133E-04   6.511588E+01  -1.690851E-17   9.460765E-19   9.633043E-14   1.200000E+02   3.542578E-01
  1.253500000000E+01   4.926791E+00   6.395896E-04   6.511894E+01  -1.690393E-17   8.757660E-19   8.916493E-14   1.200000E+02   3.551479E-01
  1.254000000000E+01   4.926794E+00   6.407552E-04   6.512364E+01  -1.690028E-17   6.943185E-19   7.056758E-14   1.200000E+02   3.560359E-01
  1.254500000000E+01   4.926797E+00   6.433309E-04   6.513042E+01  -1.689951E-17  -3.569134E-19  -3.613369E-14   1.200000E+02   3.569218E-01
  1.255000000000E+01   4.926800E+00   6.474728E-04   6.513952E+01  -1.690268E-17  -1.165846E-18  -1.172908E-13   1.200000E+02   3.578054E-01
  1.255500000000E+01   4.926804E+00   6.531464E-04   6.515081E+01  -1.690886E-17  -1.208459E-18  -1.205428E-13   1.200000E+02   3.586866E-01
  1.256000000000E+01   4.926807E+00   6.601207E-04   6.516392E+01  -1.691516E-17  -1.314959E-18  -1.298064E-13   1.200000E+02   3.595651E-01
  1.256500000000E+01   4.926810E+00   6.679844E-04   6.517819E+01  -1.692151E-17  -1.244317E-18  -1.214136E-13   1.200000E+02   3.604409E-01
  1.257000000000E+01   4.926814E+00   6.761881E-04   6.519281E+01  -1.692859E-17  -1.707295E-18  -1.646041E-13   1.200000E+02   3.613139E-01
  1.257500000000E+01   4.926817E+00   6.841086E-04   6.520687E+01  -1.693746E-17  -1.986961E-18  -1.893903E-13   1.200000E+02   3.621841E-01
  1.258000000000E+01   4.926821E+00   6.911301E-04   6.521955E+01  -1.694804E-17  -2.153585E-18  -2.032264E-13   1.200000E+02   3.630516E-01
  1.258500000000E+01   4.926824E+00   6.967288E-04   6.523016E+01  -1.695983E-17  -2.619923E-18  -2.452863E-13   1.200000E+02   3.639165E-01
  1.259000000000E+01   4.926828E+00   7.005448E-04   6.523827E+01  -1.697273E-17  -2.499790E-18  -2.327931E-13   1.200000E+02   3.647791E-01
  1.259500000000E+01   4.926831E+00   7.024281E-04   6.524370E+01  -1.698335E-17  -1.857374E-18  -1.725186E-13   1.200000E+02   3.656395E-01
  1.260000000000E+01   4.926835E+00   7.024474E-04   6.524657E+01  -1.699111E-17  -1.207509E-18  -1.121590E-13   1.200000E+02   3.664980E-01
  1.260500000000E+01   4.926838E+00   7.008643E-04   6.524725E+01  -1.699467E-17  -4.631292E-19  -4.311520E-14   1.200000E+02   3.673546E-01
  1.261000000000E+01   4.926842E+00   6.980797E-04   6.524626E+01  -1.699228E-17   1.185458E-18   1.107992E-13   1.200000E+02   3.682097E-01
  1.261500000000E+01   4.926845E+00   6.945689E-04   6.524425E+01  -1.698324E-17   2.529746E-18   2.376314E-13   1.200000E+02   3.690633E-01
  1.262000000000E+01   4.926848E+00   6.908189E-04   6.524188E+01  -1.696684E-17   3.538418E-18   3.341730E-13   1.200000E+02   3.699155E-01
  1.262500000000E+01   4.926852E+00   6.872784E-04   6.523977E+01  -1.694641E-17   4.598996E-18   4.365587E-13   1.200000E+02   3.707663E-01
  1.263000000000E+01   4.926855E+00   6.843255E-04   6.523845E+01  -1.692237E-17   5.010789E-18   4.776909E-13   1.200000E+02   3.716156E-01
  1.263500000000E+01   4.926859E+00   6.822516E-04   6.523835E+01  -1.689779E-17   4.540073E-18   4.341314E-13   1.200000E+02   3.724634E-01
  1.264000000000E+01   4.926862E+00   6.812562E-04   6.523975E+01  -1.687748E-17   3.429963E-18   3.284666E-13   1.200000E+02   3.733096E-01
  1.264500000000E+01   4.926866E+00   6.814476E-04   6.524282E+01  -1.686508E-17   1.755318E-18   1.680568E-13   1.200000E+02   3.741540E-01
  1.265000000000E+01   4.926869E+00   6.828421E-04   6.524758E+01  -1.686243E-17  -7.611409E-19  -7.272925E-14   1.200000E+02   3.749965E-01
  1.265500000000E+01   4.926872E+00   6.853629E-04   6.525390E+01  -1.687051E-17  -2.786251E-18  -2.652810E-13   1.200000E+02   3.758371E-01
  1.266000000000E+01   4.926876E+00   6.888367E-04   6.526153E+01  -1.689023E-17  -4.841732E-18  -4.587137E-13   1.200000E+02   3.766756E-01
  1.266500000000E+01   4.926879E+00   6.929950E-04   6.527008E+01  -1.691960E-17  -6.767779E-18  -6.374267E-13   1.200000E+02   3.775118E-01
  1.267000000000E+01   4.926883E+00   6.974855E-04   6.527905E+01  -1.695606E-17  -7.837919E-18  -7.335664E-13   1.200000E+02   3.783459E-01
  1.267500000000E+01   4.926886E+00   7.018989E-04   6.528786E+01  -1.699558E-17  -7.761372E-18  -7.219322E-13   1.200000E+02   3.791777E-01
  1.268000000000E+01   4.926890E+00   7.058158E-04   6.529596E+01  -1.703092E-17  -6.443091E-18  -5.960589E-13   1.200000E+02   3.800074E-01
  1.268500000000E+01   4.926893E+00   7.088687E-04   6.530284E+01  -1.705904E-17  -4.669225E-18  -4.301413E-13   1.200000E+02   3.808349E-01
  1.269000000000E+01   4.926897E+00   7.108112E-04   6.530821E+01  -1.707632E-17  -1.785800E-18  -1.640765E-13   1.200000E+02   3.816605E-01
  1.269500000000E+01   4.926900E+00   7.115786E-04   6.531198E+01  -1.707744E-17   1.408523E-18   1.292807E-13   1.200000E+02   3.824841E-01
  1.270000000000E+01   4.926904E+00   7.113230E-04   6.531436E+01  -1.706293E-17   4.578747E-18   4.204250E-13   1.200000E+02   3.833061E-01
  1.270500000000E+01   4.926908E+00   7.104105E-04   6.531584E+01  -1.703353E-17   7.030406E-18   6.463824E-13   1.200000E+02   3.841264E-01
  1.271000000000E+01   4.926911E+00   7.093781E-04   6.531716E+01  -1.699421E-17   8.703091E-18   8.013515E-13   1.200000E+02   3.849452E-01
  1.271500000000E+01   4.926915E+00   7.088546E-04   6.531916E+01  -1.694803E-17   9.375577E-18   8.639358E-13   1.200000E+02   3.857623E-01
  1.272000000000E+01   4.926918E+00   7.094633E-04   6.532269E+01  -1.690202E-17   8.719325E-18   8.028178E-13   1.200000E+02   3.865778E-01
  1.272500000000E+01   4.926922E+00   7.117227E-04   6.532844E+01  -1.686278E-17   6.782818E-18   6.225893E-13   1.200000E+02   3.873914E-01
  1.273000000000E+01   4.926925E+00   7.159619E-04   6.533683E+01  -1.683504E-17   3.943288E-18   3.598543E-13   1.200000E+02   3.882030E-01
  1.273500000000E+01   4.926929E+00   7.222629E-04   6.534793E+01  -1.682287E-17   7.169769E-19   6.486967E-14   1.200000E+02   3.890124E-01
  1.274000000000E+01   4.926933E+00   7.304380E-04   6.536141E+01  -1.682618E-17  -2.315800E-18  -2.072235E-13   1.200000E+02   3.898194E-01
  1.274500000000E+01   4.926936E+00   7.400452E-04   6.537662E+01  -1.684534E-17  -5.268073E-18  -4.653889E-13   1.200000E+02   3.906237E-01
  1.275000000000E+01   4.926940E+00   7.504442E-04   6.539267E+01  -1.687825E-17  -7.869009E-18  -6.856947E-13   1.200000E+02   3.914254E-01
  1.275500000000E+01   4.926944E+00   7.608867E-04   6.540859E+01  -1.692134E-17  -9.240133E-18  -7.943155E-13   1.200000E+02   3.922242E-01
  1.276000000000E+01   4.926948E+00   7.706300E-04   6.542344E+01  -1.696869E-17  -9.593336E-18  -8.144364E-13   1.200000E+02   3.930204E-01
  1.276500000000E+01   4.926951E+00   7.790533E-04   6.543651E+01  -1.701386E-17  -8.412059E-18  -7.065701E-13   1.200000E+02   3.938139E-01
  1.277000000000E+01   4.926955E+00   7.857523E-04   6.544735E+01  -1.705068E-17  -6.211838E-18  -5.174002E-13   1.200000E+02   3.946050E-01
  1.277500000000E+01   4.926959E+00   7.905921E-04   6.545587E+01  -1.707562E-17  -3.750725E-18  -3.105356E-13   1.200000E+02   3.953939E-01
  1.278000000000E+01   4.926963E+00   7.937074E-04   6.546225E+01  -1.708720E-17  -7.891135E-19  -6.508336E-14   1.200000E+02   3.961808E-01
  1.278500000000E+01   4.926967E+00   7.954532E-04   6.546696E+01  -1.708560E-17   1.526948E-18   1.256701E-13   1.200000E+02   3.969658E-01
  1.279000000000E+01   4.926971E+00   7.963249E-04   6.547061E+01  -1.707326E-17   3.288297E-18   2.703504E-13   1.200000E+02   3.977492E-01
  1.279500000000E+01   4.926975E+00   7.968672E-04   6.547386E+01  -1.705160E-17   5.425862E-18   4.458110E-13   1.200000E+02   3.985309E-01
  1.280000000000E+01   4.926979E+00   7.975947E-04   6.547732E+01  -1.702310E-17   5.894423E-18   4.838937E-13   1.200000E+02   3.993110E-01
  1.280500000000E+01   4.926983E+00   7.989363E-04   6.548151E+01  -1.699365E-17   5.828398E-18   4.777006E-13   1.200000E+02   4.000894E-01
  1.281000000000E+01   4.926987E+00   8.012059E-04   6.548681E+01  -1.696685E-17   4.908749E-18   4.012182E-13   1.200000E+02   4.008660E-01
  1.281500000000E+01   4.926991E+00   8.045970E-04   6.549344E+01  -1.694521E-17   3.828901E-18   3.116689E-13   1.200000E+02   4.016409E-01
  1.282000000000E+01   4.926995E+00   8.091902E-04   6.550146E+01  -1.692803E-17   2.945413E-18   2.384221E-13   1.200000E+02   4.024137E-01
  1.282500000000E+01   4.926999E+00   8.149653E-04   6.551085E+01  -1.691731E-17   1.274390E-18   1.024416E-13   1.200000E+02   4.031845E-01
  1.283000000000E+01   4.927003E+00   8.218097E-04   6.552142E+01  -1.691304E-17   2.179265E-19   1.737489E-14   1.200000E+02   4.039530E-01
  1.283500000000E+01   4.927007E+00   8.295203E-04   6.553293E+01  -1.691346E-17  -8.919413E-19  -7.046425E-14   1.200000E+02   4.047193E-01
  1.284000000000E+01   4.927012E+00   8.378003E-04   6.554500E+01  -1.691783E-17  -8.777564E-19  -6.867095E-14   1.200000E+02   4.054832E-01
  1.284500000000E+01   4.927016E+00   8.462580E-04   6.555716E+01  -1.692454E-17  -1.686504E-18  -1.306486E-13   1.200000E+02   4.062446E-01
  1.285000000000E+01   4.927020E+00   8.544164E-04   6.556889E+01  -1.693361E-17  -1.903763E-18  -1.460969E-13   1.200000E+02   4.070037E-01
  1.285500000000E+01   4.927024E+00   8.617410E-04   6.557959E+01  -1.694184E-17  -1.339693E-18  -1.019524E-13   1.200000E+02   4.077604E-01
  1.286000000000E+01   4.927029E+00   8.676905E-04   6.558870E+01  -1.694981E-17  -1.771218E-18  -1.338864E-13   1.200000E+02   4.085150E-01
  1.286500000000E+01   4.927033E+00   8.717859E-04   6.559572E+01  -1.696028E-17  -2.517057E-18  -1.893907E-13   1.200000E+02   4.092675E-01
  1.287000000000E+01   4.927037E+00   8.736865E-04   6.560030E+01  -1.697357E-17  -2.610208E-18  -1.959861E-13   1.200000E+02   4.100182E-01
  1.287500000000E+01   4.927042E+00   8.732540E-04   6.560231E+01  -1.699076E-17  -4.060980E-18  -3.050769E-13   1.200000E+02   4.107674E-01
  1.288000000000E+01   4.927046E+00   8.705874E-04   6.560185E+01  -1.701203E-17  -4.591491E-18  -3.459851E-13   1.200000E+02   4.115153E-01
  1.288500000000E+01   4.927051E+00   8.660145E-04   6.559927E+01  -1.703803E-17  -5.586197E-18  -4.231458E-13   1.200000E+02   4.122621E-01
  1.289000000000E+01   4.927055E+00   8.600410E-04   6.559510E+01  -1.706832E-17  -6.242128E-18  -4.760855E-13   1.200000E+02   4.130081E-01
  1.289500000000E+01   4.927059E+00   8.532673E-04   6.558998E+01  -1.709790E-17  -5.555519E-18  -4.270483E-13   1.200000E+02   4.137533E-01
  1.290000000000E+01   4.927063E+00   8.462927E-04   6.558457E+01  -1.712246E-17  -4.126646E-18  -3.197999E-13   1.200000E+02   4.144979E-01
  1.290500000000E+01   4.927068E+00   8.396296E-04   6.557945E+01  -1.713885E-17  -2.599789E-18  -2.030571E-13   1.200000E+02   4.152417E-01
  1.291000000000E+01   4.927072E+00   8.336455E-04   6.557504E+01  -1.714797E-17  -6.566255E-19  -5.165054E-14   1.200000E+02   4.159849E-01
  1.291500000000E+01   4.927076E+00   8.285408E-04   6.557161E+01  -1.714548E-17   1.588820E-18   1.257409E-13   1.200000E+02   4.167272E-01
  1.292000000000E+01   4.927080E+00   8.243651E-04   6.556922E+01  -1.713117E-17   3.957501E-18   3.147759E-13   1.200000E+02   4.174685E-01
  1.292500000000E+01   4.927084E+00   8.210620E-04   6.556782E+01  -1.710661E-17   5.786817E-18   4.621197E-13   1.200000E+02   4.182089E-01
  1.293000000000E+01   4.927088E+00   8.185307E-04   6.556730E+01  -1.707326E-17   7.244350E-18   5.802990E-13   1.200000E+02   4.189482E-01
  1.293500000000E+01   4.927092E+00   8.166846E-04   6.556758E+01  -1.703400E-17   8.092849E-18   6.497350E-13   1.200000E+02   4.196863E-01
  1.294000000000E+01   4.927096E+00   8.154933E-04   6.556863E+01  -1.699378E-17   8.034728E-18   6.460214E-13   1.200000E+02   4.204232E-01
  1.294500000000E+01   4.927101E+00   8.149932E-04   6.557048E+01  -1.695388E-17   7.466879E-18   6.007496E-13   1.200000E+02   4.211587E-01
  1.295000000000E+01   4.927105E+00   8.152646E-04   6.557323E+01  -1.692053E-17   6.167936E-18   4.960985E-13   1.200000E+02   4.218929E-01
  1.295500000000E+01   4.927109E+00   8.163792E-04   6.557697E+01  -1.689655E-17   3.332974E-18   2.677264E-13   1.200000E+02   4.226256E-01
  1.296000000000E+01   4.927113E+00   8.183331E-04   6.558169E+01  -1.688514E-17   9.678106E-19   7.756091E-14   1.200000E+02   4.233568E-01
  1.296500000000E+01   4.927117E+00   8.209814E-04   6.558721E+01  -1.688766E-17  -1.982481E-18  -1.583780E-13   1.200000E+02   4.240863E-01
  1.297000000000E+01   4.927121E+00   8.239961E-04   6.559314E+01  -1.690451E-17  -4.505506E-18  -3.586550E-13   1.200000E+02   4.248142E-01
  1.297500000000E+01   4.927125E+00   8.268618E-04   6.559888E+01  -1.693211E-17  -6.458660E-18  -5.123963E-13   1.200000E+02   4.255403E-01
  1.298000000000E+01   4.927129E+00   8.289186E-04   6.560367E+01  -1.696683E-17  -7.320309E-18  -5.793563E-13   1.200000E+02   4.262649E-01
  1.298500000000E+01   4.927133E+00   8.294533E-04   6.560669E+01  -1.700411E-17  -7.297181E-18  -5.771800E-13   1.200000E+02   4.269879E-01
  1.299000000000E+01   4.927138E+00   8.278244E-04   6.560719E+01  -1.703824E-17  -5.990720E-18  -4.747798E-13   1.200000E+02   4.277096E-01
  1.299500000000E+01   4.927142E+00   8.235955E-04   6.560467E+01  -1.706577E-17  -4.550217E-18  -3.624540E-13   1.200000E+02   4.284303E-01
  1.300000000000E+01   4.927146E+00   8.166456E-04   6.559892E+01  -1.708349E-17  -2.371532E-18  -1.904987E-13   1.200000E+02   4.291503E-01
  1.300500000000E+01   4.927150E+00   8.072259E-04   6.559017E+01  -1.708941E-17  -2.663974E-20  -2.164580E-15   1.200000E+02   4.298698E-01
  1.301000000000E+01   4.927154E+00   7.959474E-04   6.557904E+01  -1.708247E-17   2.311098E-18   1.904141E-13   1.200000E+02   4.305891E-01
  1.301500000000E+01   4.927158E+00   7.837022E-04   6.556654E+01  -1.706641E-17   4.136456E-18   3.460666E-13   1.200000E+02   4.313084E-01
  1.302000000000E+01   4.927162E+00   7.715416E-04   6.555392E+01  -1.704343E-17   5.002521E-18   4.250385E-13   1.200000E+02   4.320276E-01
  1.302500000000E+01   4.927165E+00   7.605396E-04   6.554251E+01  -1.701815E-17   4.905822E-18   4.227786E-13   1.200000E+02   4.327468E-01
  1.303000000000E+01   4.927169E+00   7.516714E-04   6.553364E+01  -1.699560E-17   3.862795E-18   3.367735E-13   1.200000E+02   4.334658E-01
  1.303500000000E+01   4.927173E+00   7.457212E-04   6.552839E+01  -1.698071E-17   1.891226E-18   1.661867E-13   1.200000E+02   4.341842E-01
  1.304000000000E+01   4.927177E+00   7.432247E-04   6.552755E+01  -1.697539E-17   3.284943E-20   2.896220E-15   1.200000E+02   4.349018E-01
  1.304500000000E+01   4.927180E+00   7.444392E-04   6.553149E+01  -1.698247E-17  -2.775460E-18  -2.443182E-13   1.200000E+02   4.356182E-01
  1.305000000000E+01   4.927184E+00   7.493307E-04   6.554015E+01  -1.700328E-17  -5.236899E-18  -4.580450E-13   1.200000E+02   4.363329E-01
  1.305500000000E+01   4.927188E+00   7.575710E-04   6.555301E+01  -1.703481E-17  -7.350010E-18  -6.360002E-13   1.200000E+02   4.370455E-01
  1.306000000000E+01   4.927192E+00   7.685394E-04   6.556917E+01  -1.707531E-17  -8.647981E-18  -7.378163E-13   1.200000E+02   4.377558E-01
  1.306500000000E+01   4.927196E+00   7.813328E-04   6.558736E+01  -1.711923E-17  -8.969391E-18  -7.529169E-13   1.200000E+02   4.384636E-01
  1.307000000000E+01   4.927200E+00   7.947947E-04   6.560610E+01  -1.716160E-17  -7.696853E-18  -6.353345E-13   1.200000E+02   4.391686E-01
  1.307500000000E+01   4.927204E+00   8.075741E-04   6.562374E+01  -1.719471E-17  -5.268232E-18  -4.280983E-13   1.200000E+02   4.398709E-01
  1.308000000000E+01   4.927208E+00   8.182281E-04   6.563864E+01  -1.721360E-17  -2.037960E-18  -1.634861E-13   1.200000E+02   4.405706E-01
  1.308500000000E+01   4.927212E+00   8.253711E-04   6.564930E+01  -1.721396E-17   1.928818E-18   1.534165E-13   1.200000E+02   4.412681E-01
  1.309000000000E+01   4.927216E+00   8.278583E-04   6.565450E+01  -1.719438E-17   5.933700E-18   4.705806E-13   1.200000E+02   4.419638E-01
  1.309500000000E+01   4.927220E+00   8.249742E-04   6.565345E+01  -1.715474E-17   9.484492E-18   7.547988E-13   1.200000E+02   4.426582E-01
  1.310000000000E+01   4.927224E+00   8.165821E-04   6.564593E+01  -1.710097E-17   1.182200E-17   9.503834E-13   1.200000E+02   4.433520E-01
  1.310500000000E+01   4.927228E+00   8.031900E-04   6.563236E+01  -1.704061E-17   1.225421E-17   1.001348E-12   1.200000E+02   4.440458E-01
  1.311000000000E+01   4.927232E+00   7.859078E-04   6.561378E+01  -1.698022E-17   1.149409E-17   9.596172E-13   1.200000E+02   4.447399E-01
  1.311500000000E+01   4.927236E+00   7.662987E-04   6.559183E+01  -1.692629E-17   9.592811E-18   8.211028E-13   1.200000E+02   4.454349E-01
  1.312000000000E+01   4.927240E+00   7.461618E-04   6.556857E+01  -1.688588E-17   6.263251E-18   5.503798E-13   1.200000E+02   4.461308E-01
  1.312500000000E+01   4.927243E+00   7.272973E-04   6.554630E+01  -1.686306E-17   2.459951E-18   2.216984E-13   1.200000E+02   4.468276E-01
  1.313000000000E+01   4.927247E+00   7.113017E-04   6.552726E+01  -1.686051E-17  -1.290495E-18  -1.188843E-13   1.200000E+02   4.475250E-01
  1.313500000000E+01   4.927251E+00   6.994215E-04   6.551340E+01  -1.687598E-17  -4.898333E-18  -4.588170E-13   1.200000E+02   4.482227E-01
  1.314000000000E+01   4.927254E+00   6.924679E-04   6.550612E+01  -1.690870E-17  -7.976892E-18  -7.545985E-13   1.200000E+02   4.489202E-01
  1.314500000000E+01   4.927258E+00   6.907787E-04   6.550609E+01  -1.695256E-17  -9.451177E-18  -8.962489E-13   1.200000E+02   4.496169E-01
  1.315000000000E+01   4.927261E+00   6.942088E-04   6.551315E+01  -1.700250E-17  -1.026218E-17  -9.684515E-13   1.200000E+02   4.503123E-01
  1.315500000000E+01   4.927264E+00   7.021370E-04   6.552635E+01  -1.705385E-17  -1.019093E-17  -9.510604E-13   1.200000E+02   4.510058E-01
  1.316000000000E+01   4.927268E+00   7.134907E-04   6.554404E+01  -1.710147E-17  -9.040091E-18  -8.304581E-13   1.200000E+02   4.516971E-01
  1.316500000000E+01   4.927272E+00   7.267998E-04   6.556407E+01  -1.714279E-17  -6.951754E-18  -6.271125E-13   1.200000E+02   4.523858E-01
  1.317000000000E+01   4.927275E+00   7.403004E-04   6.558401E+01  -1.717048E-17  -4.064626E-18  -3.600896E-13   1.200000E+02   4.530718E-01
  1.317500000000E+01   4.927279E+00   7.520971E-04   6.560145E+01  -1.718384E-17  -1.319686E-18  -1.151093E-13   1.200000E+02   4.537552E-01
  1.318000000000E+01   4.927283E+00   7.603804E-04   6.561423E+01  -1.718376E-17   1.675106E-18   1.445471E-13   1.200000E+02   4.544362E-01
  1.318500000000E+01   4.927287E+00   7.636677E-04   6.562062E+01  -1.716991E-17   3.965176E-18   3.407206E-13   1.200000E+02   4.551155E-01
  1.319000000000E+01   4.927290E+00   7.610232E-04   6.561954E+01  -1.714590E-17   5.668904E-18   4.888036E-13   1.200000E+02   4.557935E-01
  1.319500000000E+01   4.927294E+00   7.522014E-04   6.561059E+01  -1.711535E-17   6.393024E-18   5.576300E-13   1.200000E+02   4.564710E-01
  1.320000000000E+01   4.927298E+00   7.376813E-04   6.559413E+01  -1.708298E-17   6.255836E-18   5.562648E-13   1.200000E+02   4.571485E-01
  1.320500000000E+01   4.927302E+00   7.185812E-04   6.557119E+01  -1.705229E-17   5.865556E-18   5.352373E-13   1.200000E+02   4.578267E-01
  1.321000000000E+01   4.927305E+00   6.964808E-04   6.554346E+01  -1.702529E-17   5.038808E-18   4.741853E-13   1.200000E+02   4.585060E-01
  1.321500000000E+01   4.927309E+00   6.731955E-04   6.551307E+01  -1.700146E-17   4.407269E-18   4.289002E-13   1.200000E+02   4.591866E-01
  1.322000000000E+01   4.927312E+00   6.505532E-04   6.548248E+01  -1.698285E-17   3.088441E-18   3.108721E-13   1.200000E+02   4.598685E-01
  1.322500000000E+01   4.927315E+00   6.302110E-04   6.545425E+01  -1.697028E-17   1.769847E-18   1.838178E-13   1.200000E+02   4.605515E-01
  1.323000000000E+01   4.927318E+00   6.135302E-04   6.543077E+01  -1.696569E-17   1.993014E-19   2.125476E-14   1.200000E+02   4.612354E-01
  1.323500000000E+01   4.927321E+00   6.015051E-04   6.541403E+01  -1.696892E-17  -1.166090E-18  -1.268129E-13   1.200000E+02   4.619197E-01
  1.324000000000E+01   4.927324E+00   5.947302E-04   6.540543E+01  -1.697893E-17  -2.702767E-18  -2.972367E-13   1.200000E+02   4.626039E-01
  1.324500000000E+01   4.927327E+00   5.933837E-04   6.540552E+01  -1.699597E-17  -4.235029E-18  -4.668046E-13   1.200000E+02   4.632873E-01
  1.325000000000E+01   4.927330E+00   5.972119E-04   6.541395E+01  -1.701915E-17  -5.017715E-18  -5.496016E-13   1.200000E+02   4.639693E-01
  1.325500000000E+01   4.927333E+00   6.055120E-04   6.542946E+01  -1.704542E-17  -5.367134E-18  -5.799532E-13   1.200000E+02   4.646496E-01
  1.326000000000E+01   4.927336E+00   6.171266E-04   6.544995E+01  -1.707194E-17  -5.237185E-18  -5.554346E-13   1.200000E+02   4.653276E-01
  1.326500000000E+01   4.927339E+00   6.304806E-04   6.547274E+01  -1.709541E-17  -3.951480E-18  -4.103444E-13   1.200000E+02   4.660030E-01
  1.327000000000E+01   4.927343E+00   6.436946E-04   6.549488E+01  -1.710910E-17  -1.435093E-18  -1.460184E-13   1.200000E+02   4.666758E-01
  1.327500000000E+01   4.927346E+00   6.547969E-04   6.551352E+01  -1.710972E-17   1.482053E-18   1.482818E-13   1.200000E+02   4.673462E-01
  1.328000000000E+01   4.927349E+00   6.620191E-04   6.552627E+01  -1.709463E-17   4.748960E-18   4.700493E-13   1.200000E+02   4.680144E-01
  1.328500000000E+01   4.927352E+00   6.641148E-04   6.553151E+01  -1.706390E-17   7.312077E-18   7.215190E-13   1.200000E+02   4.686809E-01
  1.329000000000E+01   4.927356E+00   6.606082E-04   6.552863E+01  -1.702361E-17   8.618024E-18   8.548598E-13   1.200000E+02   4.693464E-01
  1.329500000000E+01   4.927359E+00   6.518855E-04   6.551808E+01  -1.697895E-17   9.112131E-18   9.158193E-13   1.200000E+02   4.700115E-01
  1.330000000000E+01   4.927362E+00   6.390949E-04   6.550126E+01  -1.693554E-17   7.678543E-18   7.869790E-13   1.200000E+02   4.706766E-01
  1.330500000000E+01   4.927365E+00   6.238889E-04   6.548035E+01  -1.690285E-17   5.336809E-18   5.601257E-13   1.200000E+02   4.713421E-01
  1.331000000000E+01   4.927368E+00   6.080975E-04   6.545795E+01  -1.688439E-17   1.987853E-18   2.139801E-13   1.200000E+02   4.720082E-01
  1.331500000000E+01   4.927371E+00   5.934260E-04   6.543671E+01  -1.688455E-17  -1.900969E-18  -2.096187E-13   1.200000E+02   4.726748E-01
  1.332000000000E+01   4.927374E+00   5.812402E-04   6.541901E+01  -1.690274E-17  -5.197711E-18  -5.850062E-13   1.200000E+02   4.733418E-01
  1.332500000000E+01   4.927377E+00   5.724563E-04   6.540660E+01  -1.693548E-17  -7.671218E-18  -8.764831E-13   1.200000E+02   4.740088E-01
  1.333000000000E+01   4.927380E+00   5.675173E-04   6.540049E+01  -1.697904E-17  -9.519208E-18  -1.096990E-12   1.200000E+02   4.746754E-01
  1.333500000000E+01   4.927383E+00   5.664263E-04   6.540085E+01  -1.702753E-17  -9.606826E-18  -1.109226E-12   1.200000E+02   4.753412E-01
  1.334000000000E+01   4.927386E+00   5.688086E-04   6.540708E+01  -1.707434E-17  -8.762300E-18  -1.007573E-12   1.200000E+02   4.760059E-01
  1.334500000000E+01   4.927389E+00   5.739909E-04   6.541799E+01  -1.711314E-17  -6.626413E-18  -7.552151E-13   1.200000E+02   4.766690E-01
  1.335000000000E+01   4.927392E+00   5.810896E-04   6.543198E+01  -1.713889E-17  -3.685004E-18  -4.149397E-13   1.200000E+02   4.773303E-01
  1.335500000000E+01   4.927394E+00   5.891102E-04   6.544733E+01  -1.714965E-17  -5.029900E-19  -5.587978E-14   1.200000E+02   4.779897E-01
  1.336000000000E+01   4.927397E+00   5.970522E-04   6.546236E+01  -1.714406E-17   2.590144E-18   2.839901E-13   1.200000E+02   4.786471E-01
  1.336500000000E+01   4.927400E+00   6.040099E-04   6.547566E+01  -1.712576E-17   4.930985E-18   5.345268E-13   1.200000E+02   4.793027E-01
  1.337000000000E+01   4.927403E+00   6.092588E-04   6.548613E+01  -1.709748E-17   6.346559E-18   6.821594E-13   1.200000E+02   4.799564E-01
  1.337500000000E+01   4.927407E+00   6.123120E-04   6.549310E+01  -1.706424E-17   6.614954E-18   7.075378E-13   1.200000E+02   4.806087E-01
  1.338000000000E+01   4.927410E+00   6.129430E-04   6.549624E+01  -1.703332E-17   5.609494E-18   5.994044E-13   1.200000E+02   4.812596E-01
  1.338500000000E+01   4.927413E+00   6.111751E-04   6.549562E+01  -1.701038E-17   3.404460E-18   3.648337E-13   1.200000E+02   4.819096E-01
  1.339000000000E+01   4.927416E+00   6.072437E-04   6.549158E+01  -1.699955E-17   9.501830E-19   1.024778E-13   1.200000E+02   4.825588E-01
  1.339500000000E+01   4.927419E+00   6.015445E-04   6.548468E+01  -1.700094E-17  -1.582550E-18  -1.722778E-13   1.200000E+02   4.832074E-01
  1.340000000000E+01   4.927422E+00   5.945739E-04   6.547564E+01  -1.701442E-17  -3.819579E-18  -4.206195E-13   1.200000E+02   4.838557E-01
  1.340500000000E+01   4.927425E+00   5.868711E-04   6.546527E+01  -1.703652E-17  -5.001788E-18  -5.579478E-13   1.200000E+02   4.845037E-01
  1.341000000000E+01   4.927428E+00   5.789645E-04   6.545440E+01  -1.706212E-17  -4.882601E-18  -5.519988E-13   1.200000E+02   4.851515E-01
  1.341500000000E+01   4.927430E+00   5.713253E-04   6.544379E+01  -1.708478E-17  -3.905900E-18  -4.474105E-13   1.200000E+02   4.857991E-01
  1.342000000000E+01   4.927433E+00   5.643292E-04   6.543411E+01  -1.709994E-17  -2.071476E-18  -2.401881E-13   1.200000E+02   4.864464E-01
  1.342500000000E+01   4.927436E+00   5.582296E-04   6.542582E+01  -1.710300E-17   9.561513E-19   1.120632E-13   1.200000E+02   4.870934E-01
  1.343000000000E+01   4.927439E+00   5.531427E-04   6.541918E+01  -1.709215E-17   3.502269E-18   4.142069E-13   1.200000E+02   4.877400E-01
  1.343500000000E+01   4.927442E+00   5.490466E-04   6.541419E+01  -1.706783E-17   6.012643E-18   7.163547E-13   1.200000E+02   4.883860E-01
  1.344000000000E+01   4.927444E+00   5.457976E-04   6.541063E+01  -1.703317E-17   7.885844E-18   9.450719E-13   1.200000E+02   4.890313E-01
  1.344500000000E+01   4.927447E+00   5.431599E-04   6.540811E+01  -1.699234E-17   8.348671E-18   1.005359E-12   1.200000E+02   4.896759E-01
  1.345000000000E+01   4.927450E+00   5.408490E-04   6.540616E+01  -1.695109E-17   7.771145E-18   9.397830E-13   1.200000E+02   4.903197E-01
  1.345500000000E+01   4.927452E+00   5.385811E-04   6.540425E+01  -1.691697E-17   5.704847E-18   6.927857E-13   1.200000E+02   4.909628E-01
  1.346000000000E+01   4.927455E+00   5.361202E-04   6.540199E+01  -1.689590E-17   2.588859E-18   3.158182E-13   1.200000E+02   4.916050E-01
  1.346500000000E+01   4.927458E+00   5.333146E-04   6.539908E+01  -1.689187E-17  -1.205447E-18  -1.478211E-13   1.200000E+02   4.922465E-01
  1.347000000000E+01   4.927460E+00   5.301124E-04   6.539542E+01  -1.690747E-17  -4.694441E-18  -5.791129E-13   1.200000E+02   4.928873E-01
  1.347500000000E+01   4.927463E+00   5.265562E-04   6.539108E+01  -1.693871E-17  -7.620605E-18  -9.463750E-13   1.200000E+02   4.935275E-01
  1.348000000000E+01   4.927466E+00   5.227558E-04   6.538625E+01  -1.698228E-17  -9.420847E-18  -1.178359E-12   1.200000E+02   4.941670E-01
  1.348500000000E+01   4.927468E+00   5.188492E-04   6.538117E+01  -1.703082E-17  -9.557190E-18  -1.204320E-12   1.200000E+02   4.948059E-01
  1.349000000000E+01   4.927471E+00   5.149607E-04   6.537606E+01  -1.707681E-17  -8.462581E-18  -1.074354E-12   1.200000E+02   4.954442E-01
  1.349500000000E+01   4.927474E+00   5.111680E-04   6.537108E+01  -1.711366E-17  -6.039425E-18  -7.723561E-13   1.200000E+02   4.960819E-01
  1.350000000000E+01   4.927476E+00   5.074834E-04   6.536625E+01  -1.713612E-17  -2.807507E-18  -3.616201E-13   1.200000E+02   4.967190E-01
  1.350500000000E+01   4.927479E+00   5.038548E-04   6.536147E+01  -1.714219E-17   3.493521E-19   4.531894E-14   1.200000E+02   4.973555E-01
  1.351000000000E+01   4.927481E+00   5.001829E-04   6.535655E+01  -1.713352E-17   3.148008E-18   4.113354E-13   1.200000E+02   4.979914E-01
  1.351500000000E+01   4.927484E+00   4.963500E-04   6.535128E+01  -1.711207E-17   5.106934E-18   6.723978E-13   1.200000E+02   4.986266E-01
  1.352000000000E+01   4.927486E+00   4.922530E-04   6.534542E+01  -1.708342E-17   6.012287E-18   7.981168E-13   1.200000E+02   4.992613E-01
  1.352500000000E+01   4.927489E+00   4.878318E-04   6.533886E+01  -1.705467E-17   5.417211E-18   7.255665E-13   1.200000E+02   4.998954E-01
  1.353000000000E+01   4.927491E+00   4.830875E-04   6.533158E+01  -1.703068E-17   4.083841E-18   5.522888E-13   1.200000E+02   5.005291E-01
  1.353500000000E+01   4.927493E+00   4.780853E-04   6.532369E+01  -1.701476E-17   1.938787E-18   2.649082E-13   1.200000E+02   5.011622E-01
  1.354000000000E+01   4.927496E+00   4.729461E-04   6.531541E+01  -1.701057E-17  -2.095577E-19  -2.894061E-14   1.200000E+02   5.017949E-01
  1.354500000000E+01   4.927498E+00   4.678273E-04   6.530706E+01  -1.701564E-17  -1.722035E-18  -2.403900E-13   1.200000E+02   5.024272E-01
  1.355000000000E+01   4.927500E+00   4.629016E-04   6.529900E+01  -1.702763E-17  -2.906181E-18  -4.099591E-13   1.200000E+02   5.030591E-01
  1.355500000000E+01   4.927503E+00   4.583367E-04   6.529158E+01  -1.704365E-17  -3.519317E-18  -5.013383E-13   1.200000E+02   5.036904E-01
  1.356000000000E+01   4.927505E+00   4.542804E-04   6.528513E+01  -1.706042E-17  -3.155588E-18  -4.534930E-13   1.200000E+02   5.043213E-01
  1.356500000000E+01   4.927507E+00   4.508503E-04   6.527995E+01  -1.707288E-17  -1.935224E-18  -2.802068E-13   1.200000E+02   5.049515E-01
  1.357000000000E+01   4.927509E+00   4.481271E-04   6.527622E+01  -1.707940E-17  -4.847351E-19  -7.060871E-14   1.200000E+02   5.055811E-01
  1.357500000000E+01   4.927512E+00   4.461471E-04   6.527405E+01  -1.707802E-17   9.091933E-19   1.330205E-13   1.200000E+02   5.062100E-01
  1.358000000000E+01   4.927514E+00   4.448937E-04   6.527343E+01  -1.707116E-17   1.765370E-18   2.590097E-13   1.200000E+02   5.068381E-01
  1.358500000000E+01   4.927516E+00   4.442850E-04   6.527420E+01  -1.706133E-17   1.898718E-18   2.789590E-13   1.200000E+02   5.074653E-01
  1.359000000000E+01   4.927518E+00   4.441614E-04   6.527601E+01  -1.705250E-17   1.474443E-18   2.166910E-13   1.200000E+02   5.080915E-01
  1.359500000000E+01   4.927521E+00   4.442771E-04   6.527833E+01  -1.704796E-17   2.785521E-19   4.092811E-14   1.200000E+02   5.087168E-01
  1.360000000000E+01   4.927523E+00   4.443031E-04   6.528046E+01  -1.704963E-17  -9.384822E-19  -1.378891E-13   1.200000E+02   5.093411E-01
  1.360500000000E+01   4.927525E+00   4.438487E-04   6.528154E+01  -1.705703E-17  -2.252331E-18  -3.312743E-13   1.200000E+02   5.099645E-01
  1.361000000000E+01   4.927527E+00   4.425043E-04   6.528069E+01  -1.707087E-17  -3.232166E-18  -4.768271E-13   1.200000E+02   5.105870E-01
  1.361500000000E+01   4.927529E+00   4.399060E-04   6.527710E+01  -1.708825E-17  -3.730677E-18  -5.535905E-13   1.200000E+02   5.112087E-01
  1.362000000000E+01   4.927532E+00   4.358100E-04   6.527018E+01  -1.710675E-17  -3.473890E-18  -5.202759E-13   1.200000E+02   5.118299E-01
  1.362500000000E+01   4.927534E+00   4.301606E-04   6.525971E+01  -1.712120E-17  -2.216763E-18  -3.363054E-13   1.200000E+02   5.124506E-01
  1.363000000000E+01   4.927536E+00   4.231310E-04   6.524595E+01  -1.712906E-17  -7.531540E-19  -1.161349E-13   1.200000E+02   5.130711E-01
  1.363500000000E+01   4.927538E+00   4.151215E-04   6.522966E+01  -1.712723E-17   1.349364E-18   2.120308E-13   1.200000E+02   5.136914E-01
  1.364000000000E+01   4.927540E+00   4.067119E-04   6.521207E+01  -1.711615E-17   2.945635E-18   4.723023E-13   1.200000E+02   5.143117E-01
  1.364500000000E+01   4.927542E+00   3.985769E-04   6.519473E+01  -1.709768E-17   4.313016E-18   7.054748E-13   1.200000E+02   5.149319E-01
  1.365000000000E+01   4.927544E+00   3.913844E-04   6.517931E+01  -1.707354E-17   5.259508E-18   8.758936E-13   1.200000E+02   5.155521E-01
  1.365500000000E+01   4.927546E+00   3.856986E-04   6.516731E+01  -1.704699E-17   5.262875E-18   8.892111E-13   1.200000E+02   5.161719E-01
  1.366000000000E+01   4.927548E+00   3.819014E-04   6.515987E+01  -1.702242E-17   4.610286E-18   7.866051E-13   1.200000E+02   5.167914E-01
  1.366500000000E+01   4.927550E+00   3.801403E-04   6.515749E+01  -1.700267E-17   3.154946E-18   5.407697E-13   1.200000E+02   5.174102E-01
  1.367000000000E+01   4.927552E+00   3.803032E-04   6.515995E+01  -1.699111E-17   1.427260E-18   2.445422E-13   1.200000E+02   5.180282E-01
  1.367500000000E+01   4.927554E+00   3.820216E-04   6.516632E+01  -1.698854E-17  -5.086546E-19  -8.676773E-14   1.200000E+02   5.186451E-01
  1.368000000000E+01   4.927556E+00   3.847043E-04   6.517508E+01  -1.699637E-17  -2.566865E-18  -4.348682E-13   1.200000E+02   5.192608E-01
  1.368500000000E+01   4.927558E+00   3.876058E-04   6.518433E+01  -1.701323E-17  -4.059746E-18  -6.827344E-13   1.200000E+02   5.198753E-01
  1.369000000000E+01   4.927559E+00   3.899299E-04   6.519210E+01  -1.703631E-17  -5.020755E-18  -8.394164E-13   1.200000E+02   5.204886E-01
  1.369500000000E+01   4.927561E+00   3.909568E-04   6.519666E+01  -1.706257E-17  -5.281333E-18  -8.807244E-13   1.200000E+02   5.211008E-01
  1.370000000000E+01   4.927563E+00   3.901713E-04   6.519675E+01  -1.708833E-17  -5.003699E-18  -8.361069E-13   1.200000E+02   5.217120E-01
  1.370500000000E+01   4.927565E+00   3.873589E-04   6.519183E+01  -1.711165E-17  -4.299384E-18  -7.235789E-13   1.200000E+02   5.223225E-01
  1.371000000000E+01   4.927567E+00   3.826431E-04   6.518210E+01  -1.712973E-17  -2.945753E-18  -5.018001E-13   1.200000E+02   5.229325E-01
  1.371500000000E+01   4.927569E+00   3.764534E-04   6.516846E+01  -1.714029E-17  -1.248709E-18  -2.161660E-13   1.200000E+02   5.235422E-01
  1.372000000000E+01   4.927571E+00   3.694354E-04   6.515242E+01  -1.714260E-17   2.115821E-19   3.731392E-14   1.200000E+02   5.241517E-01
  1.372500000000E+01   4.927573E+00   3.623327E-04   6.513580E+01  -1.713759E-17   1.694096E-18   3.045441E-13   1.200000E+02   5.247611E-01
  1.373000000000E+01   4.927575E+00   3.558712E-04   6.512055E+01  -1.712622E-17   2.797444E-18   5.119018E-13   1.200000E+02   5.253702E-01
  1.373500000000E+01   4.927576E+00   3.506694E-04   6.510843E+01  -1.711044E-17   3.666124E-18   6.806854E-13   1.200000E+02   5.259792E-01
  1.374000000000E+01   4.927578E+00   3.471822E-04   6.510085E+01  -1.709083E-17   4.040765E-18   7.576922E-13   1.200000E+02   5.265876E-01
  1.374500000000E+01   4.927580E+00   3.456747E-04   6.509869E+01  -1.707030E-17   4.129215E-18   7.776284E-13   1.200000E+02   5.271955E-01
  1.375000000000E+01   4.927582E+00   3.462159E-04   6.510220E+01  -1.705008E-17   3.920896E-18   7.372826E-13   1.200000E+02   5.278025E-01
  1.375500000000E+01   4.927583E+00   3.486826E-04   6.511103E+01  -1.703229E-17   3.100996E-18   5.790625E-13   1.200000E+02   5.284085E-01
  1.376000000000E+01   4.927585E+00   3.527682E-04   6.512422E+01  -1.701967E-17   1.812195E-18   3.345476E-13   1.200000E+02   5.290131E-01
  1.376500000000E+01   4.927587E+00   3.579965E-04   6.514034E+01  -1.701352E-17   5.004769E-19   9.106579E-14   1.200000E+02   5.296164E-01
  1.377000000000E+01   4.927589E+00   3.637465E-04   6.515763E+01  -1.701445E-17  -8.465919E-19  -1.516494E-13   1.200000E+02   5.302182E-01
  1.377500000000E+01   4.927591E+00   3.692942E-04   6.517415E+01  -1.702176E-17  -2.177769E-18  -3.843392E-13   1.200000E+02   5.308185E-01
  1.378000000000E+01   4.927592E+00   3.738795E-04   6.518799E+01  -1.703535E-17  -3.250667E-18  -5.667720E-13   1.200000E+02   5.314173E-01
  1.378500000000E+01   4.927594E+00   3.767969E-04   6.519743E+01  -1.705212E-17  -3.523563E-18  -6.096845E-13   1.200000E+02   5.320149E-01
  1.379000000000E+01   4.927596E+00   3.774991E-04   6.520119E+01  -1.707003E-17  -3.592332E-18  -6.204633E-13   1.200000E+02   5.326114E-01
  1.379500000000E+01   4.927598E+00   3.756952E-04   6.519857E+01  -1.708751E-17  -3.186982E-18  -5.530725E-13   1.200000E+02   5.332070E-01
  1.380000000000E+01   4.927600E+00   3.714148E-04   6.518954E+01  -1.710171E-17  -2.435121E-18  -4.274047E-13   1.200000E+02   5.338021E-01
  1.380500000000E+01   4.927602E+00   3.650192E-04   6.517484E+01  -1.711106E-17  -1.238598E-18  -2.211539E-13   1.200000E+02   5.343970E-01
  1.381000000000E+01   4.927604E+00   3.571505E-04   6.515589E+01  -1.711433E-17   6.091105E-20   1.111216E-14   1.200000E+02   5.349917E-01
  1.381500000000E+01   4.927605E+00   3.486318E-04   6.513469E+01  -1.711173E-17   1.008708E-18   1.884564E-13   1.200000E+02   5.355865E-01
  1.382000000000E+01   4.927607E+00   3.403422E-04   6.511356E+01  -1.710423E-17   1.819488E-18   3.481006E-13   1.200000E+02   5.361813E-01
  1.382500000000E+01   4.927609E+00   3.330969E-04   6.509487E+01  -1.709426E-17   2.215381E-18   4.329370E-13   1.200000E+02   5.367761E-01
  1.383000000000E+01   4.927610E+00   3.275521E-04   6.508073E+01  -1.708359E-17   1.977534E-18   3.929126E-13   1.200000E+02   5.373708E-01
  1.383500000000E+01   4.927612E+00   3.241422E-04   6.507266E+01  -1.707461E-17   1.512124E-18   3.035640E-13   1.200000E+02   5.379650E-01
  1.384000000000E+01   4.927614E+00   3.230472E-04   6.507138E+01  -1.706915E-17   5.507165E-19   1.109308E-13   1.200000E+02   5.385587E-01
  1.384500000000E+01   4.927615E+00   3.241805E-04   6.507670E+01  -1.706881E-17  -3.202045E-19  -6.427856E-14   1.200000E+02   5.391515E-01
  1.385000000000E+01   4.927617E+00   3.271941E-04   6.508755E+01  -1.707283E-17  -1.226831E-18  -2.440490E-13   1.200000E+02   5.397432E-01
  1.385500000000E+01   4.927618E+00   3.315029E-04   6.510207E+01  -1.708121E-17  -2.014348E-18  -3.955870E-13   1.200000E+02   5.403337E-01
  1.386000000000E+01   4.927620E+00   3.363355E-04   6.511791E+01  -1.709224E-17  -2.369308E-18  -4.587217E-13   1.200000E+02   5.409228E-01
  1.386500000000E+01   4.927622E+00   3.408186E-04   6.513257E+01  -1.710411E-17  -2.357918E-18  -4.506128E-13   1.200000E+02   5.415105E-01
  1.387000000000E+01   4.927624E+00   3.440954E-04   6.514370E+01  -1.711450E-17  -1.776192E-18  -3.362664E-13   1.200000E+02   5.420970E-01
  1.387500000000E+01   4.927625E+00   3.454580E-04   6.514944E+01  -1.712129E-17  -9.366049E-19  -1.766330E-13   1.200000E+02   5.426823E-01
  1.388000000000E+01   4.927627E+00   3.444675E-04   6.514862E+01  -1.712347E-17  -2.071982E-20  -3.918708E-15   1.200000E+02   5.432668E-01
  1.388500000000E+01   4.927629E+00   3.410257E-04   6.514092E+01  -1.712070E-17   9.999267E-19   1.910007E-13   1.200000E+02   5.438508E-01
  1.389000000000E+01   4.927630E+00   3.353781E-04   6.512682E+01  -1.711421E-17   1.574799E-18   3.058091E-13   1.200000E+02   5.444343E-01
  1.389500000000E+01   4.927632E+00   3.280495E-04   6.510754E+01  -1.710487E-17   1.890925E-18   3.752894E-13   1.200000E+02   5.450178E-01
  1.390000000000E+01   4.927634E+00   3.197345E-04   6.508483E+01  -1.709537E-17   1.789288E-18   3.642256E-13   1.200000E+02   5.456013E-01
  1.390500000000E+01   4.927635E+00   3.111769E-04   6.506072E+01  -1.708757E-17   1.341653E-18   2.805122E-13   1.200000E+02   5.461848E-01
  1.391000000000E+01   4.927637E+00   3.030658E-04   6.503730E+01  -1.708257E-17   6.655828E-19   1.428327E-13   1.200000E+02   5.467685E-01
  1.391500000000E+01   4.927638E+00   2.959658E-04   6.501648E+01  -1.708116E-17   3.298498E-20   7.245997E-15   1.200000E+02   5.473521E-01
  1.392000000000E+01   4.927640E+00   2.902818E-04   6.499980E+01  -1.708196E-17  -4.442473E-19  -9.947568E-14   1.200000E+02   5.479357E-01
  1.392500000000E+01   4.927641E+00   2.862511E-04   6.498831E+01  -1.708434E-17  -5.561642E-19  -1.262674E-13   1.200000E+02   5.485189E-01
  1.393000000000E+01   4.927643E+00   2.839500E-04   6.498249E+01  -1.708706E-17  -5.525640E-19  -1.264553E-13   1.200000E+02   5.491016E-01
  1.393500000000E+01   4.927644E+00   2.833076E-04   6.498225E+01  -1.708927E-17  -2.840019E-19  -6.514149E-14   1.200000E+02   5.496837E-01
  1.394000000000E+01   4.927645E+00   2.841192E-04   6.498692E+01  -1.708950E-17   2.064006E-19   4.721026E-14   1.200000E+02   5.502650E-01
  1.394500000000E+01   4.927647E+00   2.860611E-04   6.499539E+01  -1.708631E-17   1.085070E-18   2.465366E-13   1.200000E+02   5.508452E-01
  1.395000000000E+01   4.927648E+00   2.887101E-04   6.500615E+01  -1.707920E-17   1.659103E-18   3.735646E-13   1.200000E+02   5.514244E-01
  1.395500000000E+01   4.927650E+00   2.915720E-04   6.501754E+01  -1.706939E-17   2.140083E-18   4.772164E-13   1.200000E+02   5.520025E-01
  1.396000000000E+01   4.927651E+00   2.941255E-04   6.502782E+01  -1.705793E-17   2.386279E-18   5.275794E-13   1.200000E+02   5.525795E-01
  1.396500000000E+01   4.927653E+00   2.958789E-04   6.503544E+01  -1.704634E-17   2.099970E-18   4.615823E-13   1.200000E+02   5.531555E-01
  1.397000000000E+01   4.927654E+00   2.964360E-04   6.503915E+01  -1.703676E-17   1.726083E-18   3.787091E-13   1.200000E+02   5.537305E-01
  1.397500000000E+01   4.927656E+00   2.955556E-04   6.503820E+01  -1.703006E-17   9.968434E-19   2.193594E-13   1.200000E+02   5.543047E-01
  1.398000000000E+01   4.927657E+00   2.931909E-04   6.503239E+01  -1.702758E-17  -4.153712E-20  -9.213309E-15   1.200000E+02   5.548783E-01
  1.398500000000E+01   4.927659E+00   2.894955E-04   6.502211E+01  -1.703057E-17  -1.145335E-18  -2.572478E-13   1.200000E+02   5.554514E-01
  1.399000000000E+01   4.927660E+00   2.847923E-04   6.500829E+01  -1.703843E-17  -1.911235E-18  -4.362693E-13   1.200000E+02   5.560242E-01
  1.399500000000E+01   4.927661E+00   2.795130E-04   6.499223E+01  -1.704932E-17  -2.391104E-18  -5.559784E-13   1.200000E+02   5.565967E-01
  1.400000000000E+01   4.927663E+00   2.741237E-04   6.497543E+01  -1.706166E-17  -2.588626E-18  -6.135810E-13   1.200000E+02   5.571690E-01
  1.400500000000E+01   4.927664E+00   2.690534E-04   6.495941E+01  -1.707409E-17  -2.417705E-18  -5.837231E-13   1.200000E+02   5.577412E-01
  1.401000000000E+01   4.927666E+00   2.646385E-04   6.494542E+01  -1.708519E-17  -2.029652E-18  -4.981006E-13   1.200000E+02   5.583130E-01
  1.401500000000E+01   4.927667E+00   2.610906E-04   6.493436E+01  -1.709445E-17  -1.570751E-18  -3.906525E-13   1.200000E+02   5.588845E-01
  1.402000000000E+01   4.927668E+00   2.584873E-04   6.492663E+01  -1.710054E-17  -8.524447E-19  -2.141163E-13   1.200000E+02   5.594555E-01
  1.402500000000E+01   4.927669E+00   2.567819E-04   6.492217E+01  -1.710250E-17  -5.924379E-20  -1.497861E-14   1.200000E+02   5.600259E-01
  1.403000000000E+01   4.927671E+00   2.558286E-04   6.492049E+01  -1.710109E-17   5.317290E-19   1.349345E-13   1.200000E+02   5.605958E-01
  1.403500000000E+01   4.927672E+00   2.554178E-04   6.492083E+01  -1.709747E-17   9.195929E-19   2.337375E-13   1.200000E+02   5.611649E-01
  1.404000000000E+01   4.927673E+00   2.553162E-04   6.492233E+01  -1.709223E-17   1.113139E-18   2.830514E-13   1.200000E+02   5.617332E-01
  1.404500000000E+01   4.927675E+00   2.553053E-04   6.492417E+01  -1.708631E-17   1.188441E-18   3.022207E-13   1.200000E+02   5.623008E-01
  1.405000000000E+01   4.927676E+00   2.552137E-04   6.492571E+01  -1.708067E-17   9.840733E-19   2.503457E-13   1.200000E+02   5.628676E-01
  1.405500000000E+01   4.927677E+00   2.549358E-04   6.492654E+01  -1.707681E-17   5.587274E-19   1.422956E-13   1.200000E+02   5.634337E-01
  1.406000000000E+01   4.927678E+00   2.544349E-04   6.492653E+01  -1.707488E-17   3.356111E-19   8.564102E-14   1.200000E+02   5.639990E-01
  1.406500000000E+01   4.927680E+00   2.537331E-04   6.492575E+01  -1.707384E-17   1.065885E-19   2.727407E-14   1.200000E+02   5.645636E-01
  1.407000000000E+01   4.927681E+00   2.528902E-04   6.492442E+01  -1.707304E-17   1.913111E-19   4.911525E-14   1.200000E+02   5.651276E-01
  1.407500000000E+01   4.927682E+00   2.519800E-04   6.492283E+01  -1.707195E-17   3.456822E-19   8.906527E-14   1.200000E+02   5.656908E-01
  1.408000000000E+01   4.927683E+00   2.510696E-04   6.492122E+01  -1.706982E-17   5.568864E-19   1.439989E-13   1.200000E+02   5.662534E-01
  1.408500000000E+01   4.927685E+00   2.502050E-04   6.491977E+01  -1.706648E-17   8.133741E-19   2.110431E-13   1.200000E+02   5.668153E-01
  1.409000000000E+01   4.927686E+00   2.494049E-04   6.491856E+01  -1.706164E-17   9.453024E-19   2.460564E-13   1.200000E+02   5.673766E-01
  1.409500000000E+01   4.927687E+00   2.486613E-04   6.491755E+01  -1.705649E-17   1.061926E-18   2.772349E-13   1.200000E+02   5.679372E-01
  1.410000000000E+01   4.927688E+00   2.479447E-04   6.491663E+01  -1.705145E-17   8.119303E-19   2.125788E-13   1.200000E+02   5.684971E-01
  1.410500000000E+01   4.927690E+00   2.472105E-04   6.491564E+01  -1.704796E-17   4.994038E-19   1.311397E-13   1.200000E+02   5.690563E-01
  1.411000000000E+01   4.927691E+00   2.464052E-04   6.491436E+01  -1.704701E-17  -1.715285E-19  -4.518841E-14   1.200000E+02   5.696149E-01
  1.411500000000E+01   4.927692E+00   2.454713E-04   6.491257E+01  -1.704950E-17  -8.997532E-19  -2.379312E-13   1.200000E+02   5.701728E-01
  1.412000000000E+01   4.927693E+00   2.443518E-04   6.491002E+01  -1.705576E-17  -1.596798E-18  -4.241761E-13   1.200000E+02   5.707300E-01
  1.412500000000E+01   4.927695E+00   2.429958E-04   6.490653E+01  -1.706492E-17  -2.066156E-18  -5.518901E-13   1.200000E+02   5.712867E-01
  1.413000000000E+01   4.927696E+00   2.413672E-04   6.490192E+01  -1.707550E-17  -2.171594E-18  -5.839261E-13   1.200000E+02   5.718427E-01
  1.413500000000E+01   4.927697E+00   2.394552E-04   6.489612E+01  -1.708603E-17  -1.929093E-18  -5.228145E-13   1.200000E+02   5.723982E-01
  1.414000000000E+01   4.927698E+00   2.372866E-04   6.488923E+01  -1.709486E-17  -1.519900E-18  -4.156371E-13   1.200000E+02   5.729532E-01
  1.414500000000E+01   4.927699E+00   2.349356E-04   6.488151E+01  -1.710115E-17  -8.727697E-19  -2.410304E-13   1.200000E+02   5.735077E-01
  1.415000000000E+01   4.927701E+00   2.325266E-04   6.487345E+01  -1.710364E-17  -7.670374E-20  -2.139986E-14   1.200000E+02   5.740617E-01
  1.415500000000E+01   4.927702E+00   2.302277E-04   6.486575E+01  -1.710239E-17   5.847332E-19   1.647463E-13   1.200000E+02   5.746153E-01
  1.416000000000E+01   4.927703E+00   2.282328E-04   6.485923E+01  -1.709746E-17   1.310700E-18   3.724749E-13   1.200000E+02   5.751683E-01
  1.416500000000E+01   4.927704E+00   2.267341E-04   6.485474E+01  -1.708940E-17   1.844674E-18   5.276481E-13   1.200000E+02   5.757208E-01
  1.417000000000E+01   4.927705E+00   2.258894E-04   6.485298E+01  -1.707981E-17   1.995371E-18   5.728720E-13   1.200000E+02   5.762727E-01
  1.417500000000E+01   4.927706E+00   2.257884E-04   6.485438E+01  -1.707000E-17   1.862641E-18   5.350163E-13   1.200000E+02   5.768239E-01
  1.418000000000E+01   4.927707E+00   2.264233E-04   6.485890E+01  -1.706090E-17   1.654008E-18   4.737901E-13   1.200000E+02   5.773743E-01
  1.418500000000E+01   4.927708E+00   2.276709E-04   6.486600E+01  -1.705318E-17   1.305065E-18   3.718278E-13   1.200000E+02   5.779239E-01
  1.419000000000E+01   4.927710E+00   2.292888E-04   6.487462E+01  -1.704737E-17   1.061721E-18   3.004017E-13   1.200000E+02   5.784726E-01
  1.419500000000E+01   4.927711E+00   2.309344E-04   6.488330E+01  -1.704226E-17   9.351332E-19   2.627349E-13   1.200000E+02   5.790205E-01
  1.420000000000E+01   4.927712E+00   2.322068E-04   6.489039E+01  -1.703764E-17   8.985444E-19   2.510990E-13   1.200000E+02   5.795674E-01
  1.420500000000E+01   4.927713E+00   2.327128E-04   6.489429E+01  -1.703338E-17   8.573643E-19   2.390846E-13   1.200000E+02   5.801135E-01
  1.421000000000E+01   4.927714E+00   2.321435E-04   6.489374E+01  -1.702905E-17   8.324423E-19   2.327022E-13   1.200000E+02   5.806589E-01
  1.421500000000E+01   4.927715E+00   2.303444E-04   6.488808E+01  -1.702545E-17   5.343029E-19   1.505133E-13   1.200000E+02   5.812037E-01
  1.422000000000E+01   4.927717E+00   2.273590E-04   6.487736E+01  -1.702346E-17   2.323311E-19   6.629616E-14   1.200000E+02   5.817481E-01
  1.422500000000E+01   4.927718E+00   2.234286E-04   6.486243E+01  -1.702368E-17  -3.408592E-19  -9.895310E-14   1.200000E+02   5.822921E-01
  1.423000000000E+01   4.927719E+00   2.189509E-04   6.484479E+01  -1.702697E-17  -1.048968E-18  -3.106637E-13   1.200000E+02   5.828359E-01
  1.423500000000E+01   4.927720E+00   2.144075E-04   6.482647E+01  -1.703367E-17  -1.737458E-18  -5.253233E-13   1.200000E+02   5.833794E-01
  1.424000000000E+01   4.927721E+00   2.102838E-04   6.480962E+01  -1.704364E-17  -2.324002E-18  -7.162591E-13   1.200000E+02   5.839228E-01
  1.424500000000E+01   4.927722E+00   2.069994E-04   6.479631E+01  -1.705652E-17  -2.747713E-18  -8.601074E-13   1.200000E+02   5.844658E-01
  1.425000000000E+01   4.927723E+00   2.048592E-04   6.478813E+01  -1.707095E-17  -2.924461E-18  -9.248809E-13   1.200000E+02   5.850084E-01
  1.425500000000E+01   4.927724E+00   2.040277E-04   6.478603E+01  -1.708551E-17  -2.781145E-18  -8.831122E-13   1.200000E+02   5.855505E-01
  1.426000000000E+01   4.927725E+00   2.045205E-04   6.479014E+01  -1.709820E-17  -2.223461E-18  -7.043712E-13   1.200000E+02   5.860919E-01
  1.426500000000E+01   4.927726E+00   2.062088E-04   6.479982E+01  -1.710713E-17  -1.301858E-18  -4.091007E-13   1.200000E+02   5.866324E-01
  1.427000000000E+01   4.927727E+00   2.088334E-04   6.481375E+01  -1.711082E-17  -1.517115E-19  -4.708533E-14   1.200000E+02   5.871720E-01
  1.427500000000E+01   4.927728E+00   2.120288E-04   6.483012E+01  -1.710822E-17   1.131049E-18   3.458306E-13   1.200000E+02   5.877107E-01
  1.428000000000E+01   4.927729E+00   2.153592E-04   6.484686E+01  -1.709938E-17   2.319067E-18   6.982950E-13   1.200000E+02   5.882482E-01
  1.428500000000E+01   4.927730E+00   2.183671E-04   6.486196E+01  -1.708527E-17   3.309954E-18   9.831614E-13   1.200000E+02   5.887847E-01
  1.429000000000E+01   4.927731E+00   2.206298E-04   6.487363E+01  -1.706687E-17   3.952071E-18   1.162060E-12   1.200000E+02   5.893203E-01
  1.429500000000E+01   4.927733E+00   2.218174E-04   6.488055E+01  -1.704647E-17   4.117014E-18   1.204208E-12   1.200000E+02   5.898549E-01
  1.430000000000E+01   4.927734E+00   2.217384E-04   6.488198E+01  -1.702647E-17   3.805237E-18   1.113435E-12   1.200000E+02   5.903888E-01
  1.430500000000E+01   4.927735E+00   2.203664E-04   6.487779E+01  -1.700938E-17   2.965389E-18   8.730364E-13   1.200000E+02   5.909221E-01
  1.431000000000E+01   4.927736E+00   2.178385E-04   6.486848E+01  -1.699705E-17   1.850374E-18   5.510088E-13   1.200000E+02   5.914549E-01
  1.431500000000E+01   4.927737E+00   2.144293E-04   6.485510E+01  -1.699068E-17   6.478980E-19   1.959597E-13   1.200000E+02   5.919874E-01
  1.432000000000E+01   4.927738E+00   2.105059E-04   6.483914E+01  -1.699031E-17  -4.574002E-19  -1.408865E-13   1.200000E+02   5.925196E-01
  1.432500000000E+01   4.927739E+00   2.064760E-04   6.482235E+01  -1.699519E-17  -1.446081E-18  -4.539914E-13   1.200000E+02   5.930516E-01
  1.433000000000E+01   4.927740E+00   2.027369E-04   6.480657E+01  -1.700388E-17  -2.062810E-18  -6.593949E-13   1.200000E+02   5.935833E-01
  1.433500000000E+01   4.927741E+00   1.996332E-04   6.479352E+01  -1.701513E-17  -2.404949E-18  -7.805570E-13   1.200000E+02   5.941147E-01
  1.434000000000E+01   4.927742E+00   1.974269E-04   6.478461E+01  -1.702759E-17  -2.458744E-18  -8.068240E-13   1.200000E+02   5.946457E-01
  1.434500000000E+01   4.927743E+00   1.962767E-04   6.478076E+01  -1.703971E-17  -2.339351E-18  -7.720983E-13   1.200000E+02   5.951762E-01
  1.435000000000E+01   4.927744E+00   1.962271E-04   6.478228E+01  -1.705086E-17  -2.162776E-18  -7.140173E-13   1.200000E+02   5.957061E-01
  1.435500000000E+01   4.927745E+00   1.972037E-04   6.478880E+01  -1.706059E-17  -1.673429E-18  -5.497840E-13   1.200000E+02   5.962353E-01
  1.436000000000E+01   4.927746E+00   1.990165E-04   6.479933E+01  -1.706797E-17  -1.298654E-18  -4.228390E-13   1.200000E+02   5.967636E-01
  1.436500000000E+01   4.927747E+00   2.013733E-04   6.481238E+01  -1.707303E-17  -7.324241E-19  -2.357322E-13   1.200000E+02   5.972911E-01
  1.437000000000E+01   4.927748E+00   2.039069E-04   6.482613E+01  -1.707569E-17  -3.596371E-19  -1.143359E-13   1.200000E+02   5.978176E-01
  1.437500000000E+01   4.927749E+00   2.062197E-04   6.483870E+01  -1.707607E-17   1.853629E-19   5.828101E-14   1.200000E+02   5.983432E-01
  1.438000000000E+01   4.927750E+00   2.079401E-04   6.484842E+01  -1.707406E-17   6.996971E-19   2.182083E-13   1.200000E+02   5.988679E-01
  1.438500000000E+01   4.927751E+00   2.087842E-04   6.485404E+01  -1.706944E-17   1.160512E-18   3.604866E-13   1.200000E+02   5.993918E-01
  1.439000000000E+01   4.927752E+00   2.086068E-04   6.485496E+01  -1.706256E-17   1.564999E-18   4.865513E-13   1.200000E+02   5.999151E-01
  1.439500000000E+01   4.927753E+00   2.074262E-04   6.485125E+01  -1.705348E-17   2.050388E-18   6.410482E-13   1.200000E+02   6.004377E-01
  1.440000000000E+01   4.927754E+00   2.054167E-04   6.484363E+01  -1.704234E-17   2.422541E-18   7.647207E-13   1.200000E+02   6.009598E-01
  1.440500000000E+01   4.927755E+00   2.028698E-04   6.483339E+01  -1.702950E-17   2.607566E-18   8.333291E-13   1.200000E+02   6.014816E-01
  1.441000000000E+01   4.927756E+00   2.001370E-04   6.482210E+01  -1.701637E-17   2.512061E-18   8.136279E-13   1.200000E+02   6.020030E-01
  1.441500000000E+01   4.927757E+00   1.975684E-04   6.481142E+01  -1.700453E-17   2.215267E-18   7.267084E-13   1.200000E+02   6.025240E-01
  1.442000000000E+01   4.927758E+00   1.954611E-04   6.480285E+01  -1.699488E-17   1.578766E-18   5.234213E-13   1.200000E+02   6.030446E-01
  1.442500000000E+01   4.927759E+00   1.940254E-04   6.479750E+01  -1.698916E-17   6.668880E-19   2.227166E-13   1.200000E+02   6.035648E-01
  1.443000000000E+01   4.927760E+00   1.933669E-04   6.479596E+01  -1.698817E-17  -3.664973E-19  -1.228108E-13   1.200000E+02   6.040845E-01
  1.443500000000E+01   4.927761E+00   1.934851E-04   6.479827E+01  -1.699318E-17  -1.552234E-18  -5.198440E-13   1.200000E+02   6.046035E-01
  1.444000000000E+01   4.927762E+00   1.942816E-04   6.480393E+01  -1.700322E-17  -2.502882E-18  -8.348530E-13   1.200000E+02   6.051218E-01
  1.444500000000E+01   4.927763E+00   1.955773E-04   6.481203E+01  -1.701748E-17  -3.171084E-18  -1.050860E-12   1.200000E+02   6.056394E-01
  1.445000000000E+01   4.927764E+00   1.971348E-04   6.482136E+01  -1.703456E-17  -3.563050E-18  -1.171593E-12   1.200000E+02   6.061562E-01
  1.445500000000E+01   4.927765E+00   1.986859E-04   6.483059E+01  -1.705223E-17  -3.440338E-18  -1.122571E-12   1.200000E+02   6.066721E-01
  1.446000000000E+01   4.927766E+00   1.999626E-04   6.483845E+01  -1.706840E-17  -2.913788E-18  -9.448044E-13   1.200000E+02   6.071873E-01
  1.446500000000E+01   4.927767E+00   2.007273E-04   6.484382E+01  -1.708061E-17  -1.893244E-18  -6.116018E-13   1.200000E+02   6.077017E-01
  1.447000000000E+01   4.927768E+00   2.008021E-04   6.484588E+01  -1.708678E-17  -5.369527E-19  -1.734004E-13   1.200000E+02   6.082155E-01
  1.447500000000E+01   4.927769E+00   2.000903E-04   6.484417E+01  -1.708581E-17   9.556591E-19   3.097048E-13   1.200000E+02   6.087286E-01
  1.448000000000E+01   4.927770E+00   1.985892E-04   6.483864E+01  -1.707781E-17   2.212476E-18   7.223649E-13   1.200000E+02   6.092412E-01
  1.448500000000E+01   4.927771E+00   1.963915E-04   6.482966E+01  -1.706415E-17   3.218155E-18   1.062326E-12   1.200000E+02   6.097534E-01
  1.449000000000E+01   4.927772E+00   1.936740E-04   6.481798E+01  -1.704621E-17   3.779623E-18   1.264948E-12   1.200000E+02   6.102653E-01
  1.449500000000E+01   4.927773E+00   1.906766E-04   6.480470E+01  -1.702707E-17   3.843996E-18   1.306448E-12   1.200000E+02   6.107768E-01
  1.450000000000E+01   4.927774E+00   1.876731E-04   6.479115E+01  -1.700868E-17   3.378047E-18   1.166217E-12   1.200000E+02   6.112880E-01
  1.450500000000E+01   4.927775E+00   1.849396E-04   6.477876E+01  -1.699429E-17   2.394484E-18   8.387156E-13   1.200000E+02   6.117990E-01
  1.451000000000E+01   4.927776E+00   1.827220E-04   6.476887E+01  -1.698506E-17   1.243960E-18   4.409426E-13   1.200000E+02   6.123095E-01
  1.451500000000E+01   4.927777E+00   1.812085E-04   6.476258E+01  -1.698185E-17  -2.801741E-21  -1.001322E-15   1.200000E+02   6.128197E-01
  1.452000000000E+01   4.927778E+00   1.805070E-04   6.476055E+01  -1.698480E-17  -1.074921E-18  -3.856497E-13   1.200000E+02   6.133293E-01
  1.452500000000E+01   4.927778E+00   1.806292E-04   6.476288E+01  -1.699244E-17  -1.928142E-18  -6.913167E-13   1.200000E+02   6.138384E-01
  1.453000000000E+01   4.927779E+00   1.814826E-04   6.476909E+01  -1.700323E-17  -2.331771E-18  -8.321829E-13   1.200000E+02   6.143467E-01
  1.453500000000E+01   4.927780E+00   1.828727E-04   6.477810E+01  -1.701524E-17  -2.462375E-18  -8.722351E-13   1.200000E+02   6.148544E-01
  1.454000000000E+01   4.927781E+00   1.845185E-04   6.478838E+01  -1.702699E-17  -2.203530E-18  -7.737067E-13   1.200000E+02   6.153612E-01
  1.454500000000E+01   4.927782E+00   1.860841E-04   6.479817E+01  -1.703627E-17  -1.513413E-18  -5.270003E-13   1.200000E+02   6.158673E-01
  1.455000000000E+01   4.927783E+00   1.872265E-04   6.480572E+01  -1.704224E-17  -8.728487E-19  -3.021239E-13   1.200000E+02   6.163726E-01
  1.455500000000E+01   4.927784E+00   1.876523E-04   6.480958E+01  -1.704489E-17  -2.606826E-19  -9.003211E-14   1.200000E+02   6.168772E-01
  1.456000000000E+01   4.927785E+00   1.871732E-04   6.480880E+01  -1.704523E-17   1.029691E-19   3.565310E-14   1.200000E+02   6.173812E-01
  1.456500000000E+01   4.927786E+00   1.857439E-04   6.480311E+01  -1.704410E-17   3.558508E-19   1.241507E-13   1.200000E+02   6.178847E-01
  1.457000000000E+01   4.927787E+00   1.834707E-04   6.479295E+01  -1.704227E-17   2.552076E-19   9.012693E-14   1.200000E+02   6.183878E-01
  1.457500000000E+01   4.927788E+00   1.805886E-04   6.477942E+01  -1.704138E-17   5.935751E-20   2.129229E-14   1.200000E+02   6.188906E-01
  1.458000000000E+01   4.927789E+00   1.774128E-04   6.476405E+01  -1.704189E-17  -2.758074E-19  -1.006828E-13   1.200000E+02   6.193931E-01
  1.458500000000E+01   4.927790E+00   1.742805E-04   6.474862E+01  -1.704390E-17  -5.253746E-19  -1.951869E-13   1.200000E+02   6.198953E-01
  1.459000000000E+01   4.927790E+00   1.714968E-04   6.473482E+01  -1.704697E-17  -6.965761E-19  -2.629364E-13   1.200000E+02   6.203973E-01
  1.459500000000E+01   4.927791E+00   1.692942E-04   6.472408E+01  -1.705010E-17  -5.547464E-19  -2.120891E-13   1.200000E+02   6.208989E-01
  1.460000000000E+01   4.927792E+00   1.678109E-04   6.471729E+01  -1.705233E-17  -2.226051E-19  -8.584900E-14   1.200000E+02   6.214001E-01
  1.460500000000E+01   4.927793E+00   1.670844E-04   6.471479E+01  -1.705230E-17   3.089779E-19   1.196727E-13   1.200000E+02   6.219009E-01
  1.461000000000E+01   4.927794E+00   1.670576E-04   6.471629E+01  -1.704909E-17   9.736325E-19   3.771747E-13   1.200000E+02   6.224011E-01
  1.461500000000E+01   4.927795E+00   1.675946E-04   6.472103E+01  -1.704215E-17   1.728681E-18   6.675752E-13   1.200000E+02   6.229006E-01
  1.462000000000E+01   4.927795E+00   1.685023E-04   6.472787E+01  -1.703198E-17   2.328240E-18   8.943617E-13   1.200000E+02   6.233995E-01
  1.462500000000E+01   4.927796E+00   1.695572E-04   6.473551E+01  -1.701920E-17   2.708454E-18   1.034065E-12   1.200000E+02   6.238977E-01
  1.463000000000E+01   4.927797E+00   1.705342E-04   6.474268E+01  -1.700533E-17   2.784817E-18   1.057246E-12   1.200000E+02   6.243952E-01
  1.463500000000E+01   4.927798E+00   1.712359E-04   6.474827E+01  -1.699208E-17   2.430579E-18   9.190584E-13   1.200000E+02   6.248920E-01
  1.464000000000E+01   4.927799E+00   1.715164E-04   6.475148E+01  -1.698172E-17   1.704914E-18   6.436452E-13   1.200000E+02   6.253882E-01
  1.464500000000E+01   4.927800E+00   1.712986E-04   6.475191E+01  -1.697560E-17   7.001559E-19   2.646632E-13   1.200000E+02   6.258837E-01
  1.465000000000E+01   4.927801E+00   1.705802E-04   6.474951E+01  -1.697437E-17  -2.421336E-19  -9.191005E-14   1.200000E+02   6.263788E-01
  1.465500000000E+01   4.927801E+00   1.694303E-04   6.474466E+01  -1.697764E-17  -1.018924E-18  -3.893628E-13   1.200000E+02   6.268733E-01
  1.466000000000E+01   4.927802E+00   1.679767E-04   6.473803E+01  -1.698442E-17  -1.678619E-18  -6.469379E-13   1.200000E+02   6.273674E-01
  1.466500000000E+01   4.927803E+00   1.663863E-04   6.473053E+01  -1.699375E-17  -1.986330E-18  -7.727570E-13   1.200000E+02   6.278611E-01
  1.467000000000E+01   4.927804E+00   1.648429E-04   6.472322E+01  -1.700357E-17  -1.914015E-18  -7.515104E-13   1.200000E+02   6.283544E-01
  1.467500000000E+01   4.927805E+00   1.635247E-04   6.471715E+01  -1.701233E-17  -1.519876E-18  -6.015118E-13   1.200000E+02   6.288473E-01
  1.468000000000E+01   4.927806E+00   1.625823E-04   6.471323E+01  -1.701842E-17  -9.478776E-19  -3.772872E-13   1.200000E+02   6.293397E-01
  1.468500000000E+01   4.927806E+00   1.621208E-04   6.471213E+01  -1.702162E-17  -3.309288E-19  -1.320935E-13   1.200000E+02   6.298316E-01
  1.469000000000E+01   4.927807E+00   1.621848E-04   6.471414E+01  -1.702200E-17   1.465046E-19   5.845750E-14   1.200000E+02   6.303229E-01
  1.469500000000E+01   4.927808E+00   1.627490E-04   6.471910E+01  -1.702036E-17   4.139279E-19   1.646034E-13   1.200000E+02   6.308137E-01
  1.470000000000E+01   4.927809E+00   1.637145E-04   6.472641E+01  -1.701803E-17   4.889457E-19   1.933102E-13   1.200000E+02   6.313038E-01
  1.470500000000E+01   4.927810E+00   1.649148E-04   6.473504E+01  -1.701585E-17   3.051245E-19   1.197724E-13   1.200000E+02   6.317931E-01
  1.471000000000E+01   4.927810E+00   1.661321E-04   6.474372E+01  -1.701547E-17  -1.622481E-19  -6.323006E-14   1.200000E+02   6.322818E-01
  1.471500000000E+01   4.927811E+00   1.671264E-04   6.475107E+01  -1.701771E-17  -7.706959E-19  -2.985966E-13   1.200000E+02   6.327698E-01
  1.472000000000E+01   4.927812E+00   1.676737E-04   6.475582E+01  -1.702311E-17  -1.359383E-18  -5.249959E-13   1.200000E+02   6.332572E-01
  1.472500000000E+01   4.927813E+00   1.676074E-04   6.475706E+01  -1.703122E-17  -1.838168E-18  -7.101974E-13   1.200000E+02   6.337439E-01
  1.473000000000E+01   4.927814E+00   1.668540E-04   6.475434E+01  -1.704111E-17  -2.105683E-18  -8.171943E-13   1.200000E+02   6.342301E-01
  1.473500000000E+01   4.927815E+00   1.654499E-04   6.474784E+01  -1.705123E-17  -1.912511E-18  -7.484496E-13   1.200000E+02   6.347159E-01
  1.474000000000E+01   4.927815E+00   1.635376E-04   6.473829E+01  -1.705978E-17  -1.489169E-18  -5.895052E-13   1.200000E+02   6.352013E-01
  1.474500000000E+01   4.927816E+00   1.613378E-04   6.472690E+01  -1.706538E-17  -7.553721E-19  -3.030468E-13   1.200000E+02   6.356864E-01
  1.475000000000E+01   4.927817E+00   1.591077E-04   6.471514E+01  -1.706708E-17   1.634527E-19   6.648240E-14   1.200000E+02   6.361711E-01
  1.475500000000E+01   4.927818E+00   1.570960E-04   6.470453E+01  -1.706417E-17   9.887672E-19   4.072524E-13   1.200000E+02   6.366556E-01
  1.476000000000E+01   4.927819E+00   1.555025E-04   6.469635E+01  -1.705727E-17   1.824057E-18   7.588932E-13   1.200000E+02   6.371396E-01
  1.476500000000E+01   4.927819E+00   1.544508E-04   6.469144E+01  -1.704632E-17   2.502717E-18   1.048258E-12   1.200000E+02   6.376233E-01
  1.477000000000E+01   4.927820E+00   1.539744E-04   6.469008E+01  -1.703312E-17   2.730023E-18   1.146979E-12   1.200000E+02   6.381064E-01
  1.477500000000E+01   4.927821E+00   1.540158E-04   6.469194E+01  -1.701877E-17   2.842859E-18   1.194099E-12   1.200000E+02   6.385891E-01
  1.478000000000E+01   4.927822E+00   1.544387E-04   6.469617E+01  -1.700504E-17   2.618036E-18   1.096726E-12   1.200000E+02   6.390711E-01
  1.478500000000E+01   4.927822E+00   1.550491E-04   6.470155E+01  -1.699294E-17   2.164930E-18   9.034189E-13   1.200000E+02   6.395526E-01
  1.479000000000E+01   4.927823E+00   1.556265E-04   6.470671E+01  -1.698356E-17   1.540448E-18   6.404909E-13   1.200000E+02   6.400334E-01
  1.479500000000E+01   4.927824E+00   1.559582E-04   6.471035E+01  -1.697764E-17   8.345859E-19   3.462872E-13   1.200000E+02   6.405136E-01
  1.480000000000E+01   4.927825E+00   1.558747E-04   6.471142E+01  -1.697534E-17   6.435657E-20   2.671765E-14   1.200000E+02   6.409933E-01
  1.480500000000E+01   4.927826E+00   1.552758E-04   6.470932E+01  -1.697682E-17  -6.702158E-19  -2.793043E-13   1.200000E+02   6.414724E-01
  1.481000000000E+01   4.927826E+00   1.541456E-04   6.470389E+01  -1.698163E-17  -1.195040E-18  -5.016278E-13   1.200000E+02   6.419511E-01
  1.481500000000E+01   4.927827E+00   1.525502E-04   6.469549E+01  -1.698865E-17  -1.642636E-18  -6.966308E-13   1.200000E+02   6.424294E-01
  1.482000000000E+01   4.927828E+00   1.506228E-04   6.468487E+01  -1.699797E-17  -2.058514E-18  -8.840277E-13   1.200000E+02   6.429074E-01
  1.482500000000E+01   4.927829E+00   1.485397E-04   6.467308E+01  -1.700871E-17  -2.185345E-18  -9.514829E-13   1.200000E+02   6.433850E-01
  1.483000000000E+01   4.927829E+00   1.464938E-04   6.466135E+01  -1.701965E-17  -2.124110E-18  -9.375676E-13   1.200000E+02   6.438623E-01
  1.483500000000E+01   4.927830E+00   1.446702E-04   6.465091E+01  -1.702982E-17  -1.907238E-18  -8.523154E-13   1.200000E+02   6.443393E-01
  1.484000000000E+01   4.927831E+00   1.432280E-04   6.464287E+01  -1.703855E-17  -1.537705E-18  -6.940102E-13   1.200000E+02   6.448159E-01
  1.484500000000E+01   4.927832E+00   1.422867E-04   6.463812E+01  -1.704520E-17  -1.104278E-18  -5.016522E-13   1.200000E+02   6.452921E-01
  1.485000000000E+01   4.927832E+00   1.419180E-04   6.463720E+01  -1.704948E-17  -6.007620E-19  -2.736197E-13   1.200000E+02   6.457678E-01
  1.485500000000E+01   4.927833E+00   1.421397E-04   6.464028E+01  -1.705103E-17  -1.889751E-21  -8.593942E-16   1.200000E+02   6.462430E-01
  1.486000000000E+01   4.927834E+00   1.429114E-04   6.464705E+01  -1.704953E-17   5.369891E-19   2.429111E-13   1.200000E+02   6.467177E-01
  1.486500000000E+01   4.927834E+00   1.441326E-04   6.465679E+01  -1.704538E-17   1.101053E-18   4.939240E-13   1.200000E+02   6.471916E-01
  1.487000000000E+01   4.927835E+00   1.456444E-04   6.466838E+01  -1.703869E-17   1.537037E-18   6.824684E-13   1.200000E+02   6.476649E-01
  1.487500000000E+01   4.927836E+00   1.472373E-04   6.468039E+01  -1.702999E-17   1.873989E-18   8.232310E-13   1.200000E+02   6.481375E-01
  1.488000000000E+01   4.927837E+00   1.486695E-04   6.469124E+01  -1.701991E-17   2.036062E-18   8.859607E-13   1.200000E+02   6.486094E-01
  1.488500000000E+01   4.927837E+00   1.496948E-04   6.469940E+01  -1.700946E-17   2.074138E-18   8.964605E-13   1.200000E+02   6.490806E-01
  1.489000000000E+01   4.927838E+00   1.500998E-04   6.470356E+01  -1.699945E-17   1.881831E-18   8.112014E-13   1.200000E+02   6.495512E-01
  1.489500000000E+01   4.927839E+00   1.497420E-04   6.470283E+01  -1.699078E-17   1.580976E-18   6.831322E-13   1.200000E+02   6.500213E-01
  1.490000000000E+01   4.927840E+00   1.485811E-04   6.469691E+01  -1.698400E-17   1.096910E-18   4.776291E-13   1.200000E+02   6.504910E-01
  1.490500000000E+01   4.927840E+00   1.466915E-04   6.468618E+01  -1.697982E-17   6.006094E-19   2.648491E-13   1.200000E+02   6.509603E-01
  1.491000000000E+01   4.927841E+00   1.442534E-04   6.467165E+01  -1.697818E-17   7.795539E-20   3.494894E-14   1.200000E+02   6.514292E-01
  1.491500000000E+01   4.927842E+00   1.415222E-04   6.465485E+01  -1.697905E-17  -4.054700E-19  -1.852402E-13   1.200000E+02   6.518980E-01
  1.492000000000E+01   4.927842E+00   1.387861E-04   6.463766E+01  -1.698200E-17  -7.559538E-19  -3.520748E-13   1.200000E+02   6.523665E-01
  1.492500000000E+01   4.927843E+00   1.363217E-04   6.462201E+01  -1.698646E-17  -1.037226E-18  -4.916872E-13   1.200000E+02   6.528348E-01
  1.493000000000E+01   4.927844E+00   1.343568E-04   6.460963E+01  -1.699223E-17  -1.186756E-18  -5.706886E-13   1.200000E+02   6.533029E-01
  1.493500000000E+01   4.927844E+00   1.330451E-04   6.460176E+01  -1.699870E-17  -1.378377E-18  -6.692889E-13   1.200000E+02   6.537705E-01
  1.494000000000E+01   4.927845E+00   1.324538E-04   6.459903E+01  -1.700575E-17  -1.442505E-18  -7.035240E-13   1.200000E+02   6.542378E-01
  1.494500000000E+01   4.927846E+00   1.325615E-04   6.460136E+01  -1.701295E-17  -1.449901E-18  -7.065819E-13   1.200000E+02   6.547046E-01
  1.495000000000E+01   4.927846E+00   1.332647E-04   6.460799E+01  -1.701975E-17  -1.213902E-18  -5.885112E-13   1.200000E+02   6.551708E-01
  1.495500000000E+01   4.927847E+00   1.343915E-04   6.461761E+01  -1.702520E-17  -9.681158E-19  -4.654859E-13   1.200000E+02   6.556364E-01
  1.496000000000E+01   4.927848E+00   1.357235E-04   6.462862E+01  -1.702924E-17  -6.394793E-19  -3.045064E-13   1.200000E+02   6.561013E-01
  1.496500000000E+01   4.927848E+00   1.370233E-04   6.463931E+01  -1.703149E-17  -2.761313E-19  -1.302621E-13   1.200000E+02   6.565656E-01
  1.497000000000E+01   4.927849E+00   1.380662E-04   6.464813E+01  -1.703171E-17   1.772134E-19   8.297841E-14   1.200000E+02   6.570293E-01
  1.497500000000E+01   4.927850E+00   1.386716E-04   6.465386E+01  -1.702966E-17   6.357226E-19   2.963976E-13   1.200000E+02   6.574923E-01
  1.498000000000E+01   4.927851E+00   1.387269E-04   6.465578E+01  -1.702539E-17   1.009193E-18   4.703499E-13   1.200000E+02   6.579548E-01
  1.498500000000E+01   4.927851E+00   1.382009E-04   6.465367E+01  -1.701954E-17   1.302386E-18   6.092871E-13   1.200000E+02   6.584168E-01
  1.499000000000E+01   4.927852E+00   1.371421E-04   6.464781E+01  -1.701289E-17   1.321104E-18   6.227590E-13   1.200000E+02   6.588784E-01
  1.499500000000E+01   4.927853E+00   1.356655E-04   6.463895E+01  -1.700660E-17   1.197766E-18   5.706853E-13   1.200000E+02   6.593396E-01
  1.500000000000E+01   4.927853E+00   1.339317E-04   6.462813E+01  -1.700135E-17   8.955755E-19   4.321559E-13   1.200000E+02   6.598005E-01
